abbey	artifact
abbey	container
abbey	device
abbey	home
abdomen	body-part
abdomen	part
abdomen	structure
abdomen	system
ability	disposition
absinthe	artifact
absinthe	green
absinthe	medicine
academy	institution
academy	intelligent-agent
academy	school
academy	structure
academy	system
accelerometer	artifact
accelerometer	device
accelerometer	gauge
accelerometer	part
accelerometer	product
accelerometer	transducer
accident	event
accident	situation
accordion	artifact
accordion	device
accordion	musical-instrument
account	information
account	norm
acknowledgment	action
acknowledgment	event
acknowledgment	situation
acquisition	action
acquisition	event
acquisition	situation
action	event
action	situation
actor	artist
actor	embodied-agent
actor	human
actor	intelligent-agent
actor	mammal
actor	professional
actor	structure
actor	system
actor	vertebrate
actor	worker
adaptation	action
adaptation	event
adaptation	situation
address	information
admiration	emotion
admiration	satisfaction
admission	action
admission	event
admission	situation
adult	embodied-agent
adult	structure
adult	system
affirmation	statement
agony	emotion
aids	event
aids	illness
aids	situation
air-conditioner	artifact
air-conditioner	device
airbrush	artifact
airbrush	container
airbrush	device
airbrush	supply
aircraft	artifact
aircraft	device
airline	institution
airline	intelligent-agent
airline	structure
airline	system
airplane	aircraft
airplane	artifact
airplane	device
aisle	artifact
aisle	cavity
aisle	container
aisle	device
aisle	route
alarm-clock	artifact
alarm-clock	clock
alarm-clock	device
algorithm	information
alliance	intelligent-agent
alliance	structure
alliance	system
allotment	information
allotment	norm
allowance	information
allowance	norm
altar	artifact
altar	cavity
altar	container
altar	device
altar	surface
altimeter	artifact
altimeter	device
altimeter	gauge
ambulance	artifact
ambulance	container
ambulance	device
ambulance	land-vehicle
ambulance	motor-vehicle
ambulance	product
amendment	event
amendment	situation
amphetamine	medicine
amphibian	embodied-agent
amphibian	structure
amphibian	system
amphibian	vertebrate
analyst	adult
analyst	embodied-agent
analyst	human
analyst	intelligent-agent
analyst	mammal
analyst	structure
analyst	system
analyst	vertebrate
analyst	worker
angel	intelligent-agent
anger	emotion
anger	frustration
ankle	body-part
ankle	part
ankle	structure
ankle	system
annex	artifact
annex	container
annex	device
annotation	statement
answering-machine	artifact
answering-machine	device
answering-machine	household-appliance
answering-machine	product
ant	embodied-agent
ant	insect
ant	invertebrate
ant	structure
ant	system
antacid	medicine
antenna	artifact
antenna	device
antenna	part
antenna	product
antenna	transducer
antihistamine	medicine
anvil	body-part
anvil	bone
anvil	part
anvil	structure
anvil	system
anvil	tissue
apartment	artifact
apartment	cavity
apartment	container
apartment	device
apartment	home
apartment	suite
appearance	event
appearance	situation
appendix	information
apple	grocery
apple	part
apple	structure
apple	system
applicant	embodied-agent
applicant	human
applicant	intelligent-agent
applicant	mammal
applicant	structure
applicant	system
applicant	vertebrate
application	action
application	event
application	situation
appointment	information
appointment	norm
appraisal	action
appraisal	event
appraisal	situation
appraisal-report	artifact
appraisal-report	image
apricot	grocery
apricot	part
apricot	structure
apricot	system
apron	artifact
apron	clothing
apron	device
arachnid	embodied-agent
arachnid	invertebrate
arachnid	structure
arachnid	system
architect	adult
architect	embodied-agent
architect	human
architect	intelligent-agent
architect	mammal
architect	structure
architect	system
architect	vertebrate
architect	worker
architecture	action
architecture	event
architecture	situation
architecture	thinking
arm	body-part
arm	holder
arm	limb
arm	part
arm	structure
arm	system
armchair	artifact
armchair	chair
armchair	device
armchair	furniture
armoire	artifact
armoire	box
armoire	container
armoire	device
armoire	furniture
armoire	storage-device
army-division	intelligent-agent
army-division	structure
army-division	system
arrow	artifact
arrow	device
arrow	projectile
arrow	weapon
artichoke	grocery
artichoke	vegetable
article	information
artillery-shell	artifact
artillery-shell	device
artillery-shell	projectile
artillery-shell	weapon
artist	embodied-agent
artist	human
artist	intelligent-agent
artist	mammal
artist	structure
artist	system
artist	vertebrate
artist	worker
ashtray	artifact
ashtray	container
ashtray	device
asparagus	grocery
asparagus	vegetable
assistant	embodied-agent
assistant	human
assistant	intelligent-agent
assistant	mammal
assistant	structure
assistant	system
assistant	vertebrate
association	intelligent-agent
association	structure
association	system
athlete	embodied-agent
athlete	human
athlete	intelligent-agent
athlete	mammal
athlete	structure
athlete	system
athlete	vertebrate
attachment	situation
attention	action
attention	event
attention	situation
attention	work
auction	action
auction	event
auction	situation
audio-amplifier	artifact
audio-amplifier	device
audio-amplifier	household-appliance
audio-amplifier	part
audio-amplifier	product
auditor	adult
auditor	embodied-agent
auditor	human
auditor	intelligent-agent
auditor	mammal
auditor	professional
auditor	structure
auditor	system
auditor	vertebrate
auditor	worker
avenue	artifact
avenue	device
avenue	roadway
avenue	route
avenue	street
avenue	surface
ax	artifact
ax	device
ax	tool
axis	line
bacon	grocery
bacon	meat
bacon	pork
bacterium	microorganism
bacterium	structure
bacterium	system
bagel	bread
bagel	grocery
balance-beam	artifact
balance-beam	device
balance-beam	sporting-goods
ballet	action
ballet	event
ballet	situation
balloon	artifact
balloon	device
banana	grocery
banana	part
banana	structure
banana	system
band	intelligent-agent
band	structure
band	system
bandage	artifact
bandage	device
bandana	artifact
bandana	clothing
bandana	device
bandana	scarf
bankruptcy	intelligent-agent
banquet	action
banquet	event
banquet	situation
banquet	social-occasion
barbecue-grill	artifact
barbecue-grill	container
barbecue-grill	device
barbecue-grill	household-appliance
bargain	action
bargain	event
bargain	situation
bark	event
bark	signal
bark	situation
barometer	artifact
barometer	device
barometer	gauge
baron	embodied-agent
baron	human
baron	intelligent-agent
baron	mammal
baron	structure
baron	system
baron	vertebrate
barrel	artifact
barrel	container
barrel	device
barrel	storage-device
barrette	artifact
barrette	clothing
barrette	device
barter	action
barter	event
barter	exchange
barter	situation
barter	transaction
baseball	artifact
baseball	device
baseball-bat	artifact
baseball-bat	device
baseball-bat	hardware
baseball-bat	sporting-goods
baseball-bat	tool
baseball-cap	artifact
baseball-cap	cap
baseball-cap	clothing
baseball-cap	device
baseball-cap	hat
basis	information
basket	artifact
basket	container
basket	device
basket	storage-device
basketball	artifact
basketball	device
basketball	sporting-goods
basketball-hoop	artifact
basketball-hoop	device
basketball-hoop	hoop
basketball-hoop	sporting-goods
bass-drum	artifact
bass-drum	device
bass-drum	musical-instrument
bassinet	artifact
bassinet	bed
bassinet	furniture
bassoon	artifact
bassoon	device
bassoon	musical-instrument
bassoon	woodwind
bath-towel	artifact
bath-towel	device
bath-towel	surface
bath-towel	towel
bathroom	artifact
bathroom	cavity
bathroom	container
bathroom	device
bathroom	part
bathtub	artifact
bathtub	cavity
bathtub	container
bathtub	device
bathtub	part
bathtub	tub
batter	athlete
batter	embodied-agent
batter	human
batter	intelligent-agent
batter	mammal
batter	structure
batter	system
batter	vertebrate
batter	worker
battery	artifact
battery	device
battery	part
battery	route
bay	body-of-water
beach	environment
beach-towel	artifact
beach-towel	device
beach-towel	surface
beach-towel	towel
beaker	artifact
beaker	container
beaker	device
beaker	storage-device
beaker	supply
beard	artifact
beard	body-part
beard	device
beard	part
beard	structure
beard	system
bed	artifact
bed	furniture
bedroom	artifact
bedroom	cavity
bedroom	container
bedroom	device
bedroom	part
bee	embodied-agent
bee	insect
bee	invertebrate
bee	structure
bee	system
beer	artifact
beer	grocery
beer	product
beer	solution
belt-buckle	artifact
belt-buckle	connector
belt-buckle	device
bend	body-of-water
bend	route
beret	artifact
beret	cap
beret	clothing
beret	device
beret	hat
betrothal	action
betrothal	event
betrothal	situation
bible	artifact
bible	copy
bible	image
bible	publication
bicycle	artifact
bicycle	device
bicycle-pump	artifact
bicycle-pump	device
bikini	artifact
bikini	clothing
bikini	device
bikini	swimwear
binder	artifact
binder	container
binder	device
binder	storage-device
binoculars	artifact
binoculars	device
bird	embodied-agent
bird	structure
bird	system
bird	vertebrate
bird-feeder	artifact
bird-feeder	container
bird-feeder	device
bird-food	artifact
bird-food	grocery
birdhouse	artifact
birth	action
birth	event
birth	situation
blackmail	action
blackmail	event
blackmail	situation
blade	artifact
blade	device
blanket	artifact
blanket	device
blanket	surface
blender	artifact
blender	device
blender	household-appliance
blessing	action
blessing	event
blessing	prayer
blessing	ritual
blessing	situation
blood	body-part
blood	part
blood	red
blood	solution
blood	structure
blood	system
bloodshed	action
bloodshed	event
bloodshed	situation
board-game	game
board-game	information
board-of-directors	committee
board-of-directors	intelligent-agent
board-of-directors	structure
board-of-directors	system
boat	artifact
boat	container
boat	device
boat	watercraft
body-part	part
body-part	structure
body-part	system
boiler	artifact
boiler	container
boiler	device
boiler	storage-device
bolt	artifact
bolt	connector
bolt	cylinder
bolt	device
bolt	shaft
bomb	artifact
bomb	device
bomb	weapon
bone	body-part
bone	part
bone	structure
bone	system
bone	tissue
bookcase	artifact
bookcase	container
bookcase	device
bookcase	furniture
bookcase	office-furniture
bookcase	storage-device
bookend	artifact
bookend	device
boomerang	artifact
boomerang	device
boomerang	projectile
boomerang	weapon
boot	artifact
boot	clothing
boot	device
boot	shoe
borage	structure
borage	system
bottle	artifact
bottle	container
bottle	device
bottle	storage-device
bottle-opener	artifact
bottle-opener	device
bottom	side
bottom	surface
boundary-line	line
bow-tie	artifact
bow-tie	clothing
bow-tie	device
bowl	artifact
bowl	cavity
bowl	container
bowl	device
bowling-ball	artifact
bowling-ball	device
box	artifact
box	container
box	device
box	storage-device
boxing-glove	artifact
boxing-glove	clothing
boxing-glove	device
boxing-glove	glove
boxing-ring	artifact
bra	artifact
bra	clothing
bra	device
bra	lingerie
bra	underwear
bracelet	artifact
bracelet	device
bracelet	jewelry
brain	body-part
brain	part
brain	structure
brain	system
brake	artifact
brake	device
brake	part
brake	product
branch	intelligent-agent
branch	structure
branch	system
brandy	artifact
brass-instrument	artifact
brass-instrument	device
brass-instrument	musical-instrument
bread	grocery
breadfruit	grocery
breadfruit	part
breadfruit	structure
breadfruit	system
breakfast	grocery
breakfast	meal
breast	body-part
breast	part
breast	structure
breast	system
breathalyzer	artifact
breathalyzer	device
breathalyzer	hardware
breathalyzer	tool
breeze	event
breeze	situation
breeze	weather
brewery	institution
brewery	intelligent-agent
brewery	structure
brewery	system
brick	artifact
brick	block
brick	device
bride	embodied-agent
bride	human
bride	intelligent-agent
bride	mammal
bride	structure
bride	system
bride	vertebrate
bridge	artifact
bridge	device
bridge	route
bridle	artifact
bridle	device
briefcase	artifact
briefcase	box
briefcase	container
briefcase	device
briefcase	storage-device
briefs	artifact
briefs	clothing
briefs	device
briefs	underpants
briefs	underwear
brooch	artifact
brooch	device
brooch	jewelry
broom	artifact
broom	device
broom	hardware
broom	tool
brother	embodied-agent
brother	structure
brother	system
brush	artifact
brush	device
brush	hardware
brush	tool
bubble	surface
bucket	artifact
bucket	container
bucket	device
buffet	artifact
buffet	container
buffet	device
buffet	furniture
buffet	storage-device
bulb	part
bulb	structure
bulb	system
bulletin-board	artifact
bulletin-board	device
bulletin-board	plane
bulletin-board	surface
bungee-cord	artifact
bungee-cord	device
bureaucracy	intelligent-agent
bureaucracy	structure
bureaucracy	system
burn	part
burn	structure
burn	system
bus	artifact
bus	container
bus	device
bus	land-vehicle
bus	motor-vehicle
bus-ticket	artifact
bus-ticket	device
bus-ticket	image
bus-ticket	ticket
businessman	adult
businessman	embodied-agent
businessman	human
businessman	intelligent-agent
businessman	mammal
businessman	professional
businessman	structure
businessman	system
businessman	vertebrate
businessman	worker
butter	artifact
butter	dairy-product
butter	grocery
butter-dish	artifact
butter-dish	container
butter-dish	device
buttermilk	artifact
buttermilk	dairy-product
cab	artifact
cab	cavity
cab	container
cab	device
cab	part
cabbage	grocery
cabbage	vegetable
cabin	artifact
cabin	container
cabin	device
cabin	home
cable	artifact
cable	cord
cable	device
cable	line
cable	route
caddy	embodied-agent
caddy	human
caddy	intelligent-agent
caddy	mammal
caddy	structure
caddy	system
caddy	vertebrate
caddy	worker
cage	artifact
cage	container
cage	device
cage	storage-device
calculator	artifact
calculator	device
calculator	product
caliper	artifact
caliper	device
call	action
call	event
call	situation
camcorder	artifact
camcorder	camera
camcorder	device
camcorder	product
camera	artifact
camera	device
camera-lens	artifact
camera-lens	device
campaign	action
campaign	event
campaign	situation
can	artifact
can	container
can	device
can	storage-device
can-opener	artifact
can-opener	device
candle	artifact
candle	device
candle-holder	artifact
candle-holder	device
candy	artifact
candy	grocery
cane	artifact
cane	device
canoe	artifact
canoe	boat
canoe	container
canoe	device
canoe	watercraft
canvas	artifact
canvas	device
canvas	supply
canvas	surface
cap	artifact
cap	device
capacitor	artifact
capacitor	device
capacitor	part
capacitor	product
capital-city	city
capital-city	intelligent-agent
capital-city	structure
capital-city	system
caption	information
car	artifact
car	container
car	device
car	land-vehicle
car	motor-vehicle
car-battery	artifact
car-battery	battery
car-battery	device
car-battery	part
car-battery	route
car-seat	artifact
car-seat	device
car-seat	part
car-seat	product
carabiner	artifact
carabiner	device
carafe	artifact
carafe	container
carafe	device
card	artifact
card	image
care	action
care	event
care	situation
care	work
carrying-case	artifact
carrying-case	box
carrying-case	container
carrying-case	device
carrying-case	storage-device
case	information
cash	artifact
cash	currency
cash	device
cash	image
cash-register	artifact
cash-register	device
castle	artifact
castle	container
castle	device
cat	embodied-agent
cat	mammal
cat	structure
cat	system
cat	vertebrate
cat-food	artifact
cat-food	grocery
cathedral	artifact
cathedral	container
cathedral	device
cathedral	temple
cave	cavity
cd	artifact
cd	financial-document
cd	image
cd-player	artifact
cd-player	device
cd-player	household-appliance
cd-player	player
cd-player	product
ceiling	artifact
ceiling	part
cello	artifact
cello	device
cello	musical-instrument
census	action
census	event
census	situation
centrifuge	artifact
centrifuge	device
centrifuge	supply
ceramic	artifact
cerebral-hemisphere	body-part
cerebral-hemisphere	part
cerebral-hemisphere	structure
cerebral-hemisphere	system
certificate	artifact
certificate	image
chair	artifact
chair	device
chair	furniture
challenge	situation
champagne	artifact
champagne	grocery
champagne	product
champagne	solution
champagne	wine
championship	action
championship	competition
championship	conflict
championship	event
championship	situation
chandelier	artifact
chandelier	device
chandelier	fixture
chandelier	household-appliance
chandelier	lamp
channel	body-of-water
chapter	information
charity	intelligent-agent
charity	structure
charity	system
chart	image
charter	artifact
charter	image
cheek	body-part
cheek	part
cheek	structure
cheek	system
cheese	artifact
cheese	dairy-product
cheese	grocery
chemical-reaction	event
chemical-reaction	situation
cherry	grocery
cherry	part
cherry	structure
cherry	system
chime	artifact
chime	device
chime	musical-instrument
chimney	artifact
chimney	container
chimney	device
chimney	route
chin	body-part
chin	part
chin	structure
chin	system
china-cabinet	artifact
china-cabinet	box
china-cabinet	container
china-cabinet	device
china-cabinet	furniture
china-cabinet	storage-device
chip	artifact
chip	grocery
chocolate	artifact
chocolate	grocery
church	intelligent-agent
church	structure
church	system
cigar	artifact
cigar	device
cigar-cutter	artifact
cigar-cutter	device
cigar-cutter	hardware
cigar-cutter	tool
cigarette	artifact
cigarette	device
citizen	embodied-agent
citizen	human
citizen	intelligent-agent
citizen	mammal
citizen	structure
citizen	system
citizen	vertebrate
citrus-fruit	grocery
citrus-fruit	part
citrus-fruit	structure
citrus-fruit	system
city	intelligent-agent
city	structure
city	system
civilian	embodied-agent
civilian	human
civilian	intelligent-agent
civilian	mammal
civilian	structure
civilian	system
civilian	vertebrate
clamp	artifact
clamp	connector
clamp	device
clamp	tool
clarinet	artifact
clarinet	device
clarinet	musical-instrument
clarinet	woodwind
class	action
class	event
class	meeting
class	situation
class	social-occasion
classroom	artifact
classroom	cavity
classroom	container
classroom	device
classroom	part
claw	body-part
claw	holder
claw	part
claw	structure
claw	system
clemency	action
clemency	event
clemency	situation
cliff	slope
clipboard	artifact
clipboard	device
clipping	artifact
clipping	device
clipping	image
clipping	surface
clock	artifact
clock	device
closet	artifact
closet	cavity
closet	container
closet	device
closet	part
closet	storage-device
clothespin	artifact
clothespin	device
clothing	artifact
clothing	device
coach	adult
coach	embodied-agent
coach	human
coach	intelligent-agent
coach	mammal
coach	structure
coach	system
coach	vertebrate
coach	worker
coaster	artifact
coaster	device
coat	artifact
coat	clothing
coat	device
coating	action
coating	event
coating	situation
coffee-filter	artifact
coffee-filter	device
coffee-filter	filter
coffee-grinder	artifact
coffee-grinder	container
coffee-grinder	device
coffee-grinder	grinder
coffee-grinder	household-appliance
coffee-maker	artifact
coffee-maker	device
coffee-maker	household-appliance
coffee-table	artifact
coffee-table	furniture
coffin	artifact
coffin	container
coffin	device
coffin	storage-device
cognition	event
cognition	situation
coin	artifact
coin	cash
coin	currency
coin	device
coin	image
coin	token
colander	artifact
colander	device
colander	filter
colander	strainer
collar	artifact
collar	part
collar	surface
college	institution
college	intelligent-agent
college	structure
college	system
colon	body-part
colon	container
colon	line
colon	part
colon	route
colon	structure
colon	system
column	article
column	information
column	publication
coma	event
coma	illness
coma	situation
comb	artifact
comb	device
comedy	information
comforter	artifact
comforter	device
comforter	surface
comic-strip	information
commitment	situation
committee	intelligent-agent
committee	structure
committee	system
comparison	action
comparison	event
comparison	situation
comparison	work
compartment	container
compartment	part
competition	action
competition	conflict
competition	event
competition	situation
compiler	information
component	artifact
component	device
component	product
composer	artist
composer	embodied-agent
composer	human
composer	intelligent-agent
composer	mammal
composer	musician
composer	structure
composer	system
composer	vertebrate
composer	worker
compressor	artifact
compressor	device
compromise	action
compromise	event
compromise	information
compromise	norm
compromise	situation
computer	artifact
computer	device
computer	product
computer	structure
computer	system
computer-memory	information
computer-mouse	artifact
computer-mouse	device
computer-mouse	product
computer-simulation	event
computer-simulation	situation
computer-virus	information
concept	idea
concept	information
concern	emotion
concession	action
concession	compromise
concession	event
concession	information
concession	norm
concession	situation
concrete	artifact
condom	artifact
condom	device
conductor	artist
conductor	embodied-agent
conductor	human
conductor	intelligent-agent
conductor	mammal
conductor	musician
conductor	professional
conductor	structure
conductor	system
conductor	vertebrate
conductor	worker
conference	action
conference	event
conference	meeting
conference	situation
conference	social-occasion
confession	action
confession	event
confession	situation
confidence	emotion
conflict	event
conflict	situation
conformity	action
conformity	event
conformity	situation
confusion	emotion
connector	artifact
connector	device
conscience	context
conscience	information
consciousness	event
consciousness	situation
consensus	action
consensus	event
consensus	situation
consumer	embodied-agent
consumer	human
consumer	intelligent-agent
consumer	mammal
consumer	structure
consumer	system
consumer	vertebrate
contact-lens	artifact
contact-lens	cylinder
contact-lens	device
contact-lens	disk
contempt	emotion
context	information
contract	information
contract	norm
control	attribute
control-panel	artifact
control-panel	device
conversation	action
conversation	dialogue
conversation	event
conversation	situation
conversion	event
conversion	situation
cookie-cutter	artifact
cookie-cutter	device
cookie-cutter	hardware
cookie-cutter	tool
cookie-cutter	utensil
cookie-jar	artifact
cookie-jar	container
cookie-jar	device
cookie-jar	storage-device
cooking-oil	oil
cooler	artifact
cooler	container
cooler	device
copyright	information
copyright	norm
cord	artifact
cord	line
cord	route
corkscrew	artifact
corkscrew	device
corkscrew	hardware
corkscrew	tool
corn-syrup	syrup
corruption	action
corruption	event
corruption	situation
costume	artifact
costume	clothing
costume	device
cottage-cheese	artifact
cottage-cheese	cheese
cottage-cheese	dairy-product
cottage-cheese	grocery
cough-drop	artifact
cough-drop	lozenge
cough-drop	medicine
cough-drop	pill
council	intelligent-agent
council	structure
council	system
countertop	artifact
countertop	device
country	intelligent-agent
country	structure
country	system
coup-d'etat	action
coup-d'etat	event
coup-d'etat	situation
couple	intelligent-agent
couple	pair
courage	confidence
courage	emotion
course-of-study	action
course-of-study	event
course-of-study	situation
course-of-study	teaching
court	intelligent-agent
court	structure
court	system
courtesy	action
courtesy	event
courtesy	situation
courtship	event
courtship	situation
cracker	artifact
cracker	bread
cracker	grocery
cradle	artifact
cradle	bed
cradle	container
cradle	device
cradle	furniture
cradle	storage-device
craft	action
craft	event
craft	hobby
craft	situation
craftsman	embodied-agent
craftsman	human
craftsman	intelligent-agent
craftsman	mammal
craftsman	structure
craftsman	system
craftsman	vertebrate
craftsman	worker
crash	action
crash	event
crash	situation
crate	artifact
crate	container
crate	device
crate	storage-device
crayon	artifact
crayon	device
crayon	hardware
crayon	supply
crayon	tool
cream-cheese	artifact
cream-cheese	cheese
cream-cheese	dairy-product
cream-cheese	grocery
creamer	artifact
creamer	container
creamer	device
credit-card	artifact
credit-card	card
credit-card	device
credit-card	image
creed	information
crib	artifact
crib	bed
crib	container
crib	device
crib	furniture
cricket	embodied-agent
cricket	insect
cricket	invertebrate
cricket	structure
cricket	system
criminal	embodied-agent
criminal	human
criminal	intelligent-agent
criminal	mammal
criminal	structure
criminal	system
criminal	vertebrate
criminal	worker
crisis	emergency
crisis	situation
critic	embodied-agent
critic	human
critic	intelligent-agent
critic	mammal
critic	structure
critic	system
critic	vertebrate
critique	information
crop	structure
crop	system
cross	artifact
crossbow	artifact
crossbow	device
crossbow	hardware
crossbow	tool
crossbow	weapon
crossing	action
crossing	event
crossing	situation
crouton	bread
crouton	grocery
crowd	intelligent-agent
crown	artifact
crown	device
crutch	artifact
crutch	device
cubicle	artifact
cubicle	cavity
cubicle	container
cubicle	device
cufflink	artifact
cufflink	clothing
cufflink	connector
cufflink	device
cufflink	jewelry
cup	artifact
cup	container
cup	device
cupboard	artifact
cupboard	box
cupboard	container
cupboard	device
cupboard	part
cupboard	storage-device
curling-iron	artifact
curling-iron	device
curling-iron	household-appliance
currency	artifact
currency	device
currency	image
curtain	artifact
curtain	device
curtain	part
curtain	surface
cushion	artifact
cushion	part
custom	information
cut	artifact
cutting-board	artifact
cutting-board	device
cycle	event
cycle	situation
cymbal	artifact
cymbal	device
cymbal	musical-instrument
dairy	institution
dairy	intelligent-agent
dairy	structure
dairy	system
dairy-product	artifact
darkroom	artifact
darkroom	cavity
darkroom	container
darkroom	device
data-mining	action
data-mining	event
data-mining	situation
daylight	event
daylight	light
daylight	situation
daylight	sunlight
death	action
death	event
death	illness
death	situation
decade	time-period
decrease	event
decrease	situation
decree	statement
deed	artifact
deed	image
deer	embodied-agent
deer	mammal
deer	structure
deer	system
deer	vertebrate
deficit	event
deficit	situation
definition	information
deity	intelligent-agent
demo	information
denial	statement
dental-floss	artifact
dental-floss	device
dentist	adult
dentist	embodied-agent
dentist	human
dentist	intelligent-agent
dentist	mammal
dentist	professional
dentist	structure
dentist	system
dentist	vertebrate
dentist	worker
deodorant	artifact
departure	action
departure	event
departure	situation
depression	cavity
desire	emotion
desk	artifact
desk	container
desk	device
desk	furniture
desk	storage-device
desktop-computer	artifact
desktop-computer	computer
desktop-computer	device
desktop-computer	product
desktop-computer	structure
desktop-computer	system
despair	emotion
despair	grief
despair	misery
despair	sorrow
detail	event
detail	image
detail	light
detail	signal
detail	situation
detective	embodied-agent
detective	human
detective	intelligent-agent
detective	mammal
detective	structure
detective	system
detective	vertebrate
detective	worker
development	event
development	situation
device	artifact
diagram	information
dialect	information
dialect	language
dialect	natural-language
dialogue	action
dialogue	event
dialogue	situation
diaper	artifact
diaper	container
diaper	device
diary	artifact
diary	image
dictionary	information
diet	action
diet	event
diet	situation
dilemma	situation
dinner	meal
diode	artifact
diode	device
diode	part
diode	product
diode	route
diplomat	adult
diplomat	embodied-agent
diplomat	human
diplomat	intelligent-agent
diplomat	mammal
diplomat	professional
diplomat	structure
diplomat	system
diplomat	vertebrate
diplomat	worker
director	embodied-agent
director	human
director	intelligent-agent
director	mammal
director	member
director	structure
director	system
director	vertebrate
director	worker
disability	event
disability	situation
disappointment	emotion
disappointment	sorrow
discovery	artifact
discovery	car
discovery	container
discovery	device
discovery	land-vehicle
discovery	motor-vehicle
disgrace	situation
dish	artifact
dish	container
dish	device
disk	cylinder
dispute	conflict
dispute	event
dispute	situation
dissertation	information
dissertation	publication
distilled-water	artifact
district	intelligent-agent
district	state
district	structure
district	system
divorce	action
divorce	event
divorce	situation
doctor	adult
doctor	embodied-agent
doctor	human
doctor	intelligent-agent
doctor	mammal
doctor	professional
doctor	structure
doctor	system
doctor	vertebrate
doctor	worker
dog	embodied-agent
dog	mammal
dog	structure
dog	system
dog	vertebrate
dog-food	artifact
dog-food	grocery
doll	artifact
doll	device
dome	artifact
dominion	intelligent-agent
dominion	structure
dominion	system
door	part
doorbell	artifact
doorbell	device
dormitory	artifact
dormitory	container
dormitory	device
dormitory	home
dose	medicine
doubt	emotion
doubt	uncertainty
dragon	embodied-agent
dragon	reptile
dragon	structure
dragon	system
dragon	vertebrate
drawer	artifact
drawer	container
drawer	device
drawer	part
drawer	storage-device
dress	artifact
dress	clothing
dress	device
drill	artifact
drill	device
drill	tool
drill-press	artifact
drill-press	device
drill-press	drill
drill-press	tool
drinking	action
drinking	ending
drinking	event
drinking	situation
drinking-fountain	artifact
drinking-fountain	container
drinking-fountain	device
drive	event
drive	situation
driver	embodied-agent
driver	human
driver	intelligent-agent
driver	mammal
driver	structure
driver	system
driver	vertebrate
driveway	artifact
driveway	route
driveway	surface
drop	particle
drum	artifact
drum	can
drum	container
drum	device
drum	storage-device
duffel-bag	artifact
duffel-bag	container
duffel-bag	device
duke	embodied-agent
duke	human
duke	intelligent-agent
duke	mammal
duke	structure
duke	system
duke	vertebrate
dumbbell	artifact
dumbbell	device
duster	artifact
duster	device
duster	hardware
duster	tool
duvet	artifact
duvet	device
duvet	surface
dye	artifact
eagle	bird
eagle	embodied-agent
eagle	structure
eagle	system
eagle	vertebrate
ear	body-part
ear	detector
ear	part
ear	structure
ear	system
earring	artifact
earring	device
earring	jewelry
earth-science	field-of-study
earth-science	information
earthquake	event
earthquake	situation
easel	artifact
easel	device
easel	rack
easel	supply
economic-system	system
economy	action
economy	event
economy	situation
economy	transaction
edge	artifact
edge	line
eggplant	part
eggplant	structure
eggplant	system
elbow	body-part
elbow	part
elbow	structure
elbow	system
electric-razor	artifact
electric-razor	device
electric-razor	hardware
electric-razor	household-appliance
electric-razor	razor
electric-razor	tool
electric-shock	event
electric-shock	situation
electron	event
electron	situation
elephant	embodied-agent
elephant	mammal
elephant	structure
elephant	system
elephant	vertebrate
elevator	artifact
elevator	cavity
elevator	container
elevator	device
elevator	part
elite	embodied-agent
elite	human
elite	intelligent-agent
elite	mammal
elite	structure
elite	system
elite	vertebrate
embryo	structure
embryo	system
emergency	situation
empire	intelligent-agent
empire	structure
empire	system
ending	event
ending	situation
engine	artifact
engine	device
engineer	adult
engineer	embodied-agent
engineer	human
engineer	intelligent-agent
engineer	mammal
engineer	professional
engineer	structure
engineer	system
engineer	vertebrate
engineer	worker
entertainment	emotion
entertainment	fun
entertainment	satisfaction
entertainment-center	artifact
entertainment-center	furniture
enthusiasm	emotion
enthusiasm	excitement
entrance	cavity
envelope	artifact
envelope	container
envelope	device
envelope	storage-device
equalizer	artifact
equalizer	component
equalizer	device
equalizer	product
equation	statement
equilibrium	situation
erosion	action
erosion	event
erosion	situation
escape	action
escape	event
escape	illness
escape	situation
espresso-maker	artifact
espresso-maker	coffee-maker
espresso-maker	device
espresso-maker	household-appliance
essay	information
event	situation
evidence	information
examiner	embodied-agent
examiner	human
examiner	intelligent-agent
examiner	mammal
examiner	structure
examiner	system
examiner	vertebrate
example-based-machine-translation	action
example-based-machine-translation	event
example-based-machine-translation	situation
exception	situation
exchange	action
exchange	event
exchange	situation
exchange	transaction
excitement	emotion
excuse	information
executive	adult
executive	embodied-agent
executive	human
executive	intelligent-agent
executive	mammal
executive	structure
executive	system
executive	vertebrate
executive	worker
exercise-bike	artifact
exercise-bike	device
exit	cavity
expectation	context
expectation	information
expert	embodied-agent
expert	human
expert	intelligent-agent
expert	mammal
expert	structure
expert	system
expert	vertebrate
expert-system	information
explaining	action
explaining	event
explaining	situation
explosion	ending
explosion	event
explosion	situation
extension-cord	artifact
extension-cord	cord
extension-cord	device
extension-cord	hardware
extension-cord	line
extension-cord	route
extraterrestrial-being	structure
extraterrestrial-being	system
eye	body-part
eye	detector
eye	part
eye	structure
eye	system
eyebrow	artifact
eyebrow	body-part
eyebrow	device
eyebrow	part
eyebrow	structure
eyebrow	system
eyelid	artifact
eyelid	body-part
eyelid	device
eyelid	part
eyelid	structure
eyelid	system
eyeliner	artifact
eyeliner	makeup
face	body-part
face	part
face	structure
face	system
face-powder	artifact
face-powder	makeup
face-powder	powder
facial-tissue	artifact
facial-tissue	device
failing	action
failing	event
failing	situation
fairy	embodied-agent
fairy	intelligent-agent
fairy	structure
fairy	system
family	intelligent-agent
family	structure
family	system
farm	intelligent-agent
farm	structure
farm	system
farmer	embodied-agent
farmer	human
farmer	intelligent-agent
farmer	mammal
farmer	structure
farmer	system
farmer	vertebrate
farmer	worker
fear	emotion
feedback	action
feedback	event
feedback	situation
feminist	embodied-agent
feminist	human
feminist	intelligent-agent
feminist	mammal
feminist	structure
feminist	system
feminist	vertebrate
fence	artifact
fence	obstacle
ferry	artifact
ferry	container
ferry	device
ferry	ship
ferry	watercraft
festival	action
festival	event
festival	situation
festival	social-occasion
fever	action
fever	event
fever	illness
fever	situation
fiber	artifact
fiber	cord
fiber	line
fiber	route
field-of-study	information
fig	grocery
fig	part
fig	structure
fig	system
fight	action
fight	conflict
fight	event
fight	situation
figurine	artifact
figurine	image
figurine	sculpture
file-cabinet	artifact
file-cabinet	box
file-cabinet	container
file-cabinet	device
file-cabinet	furniture
file-cabinet	office-furniture
file-cabinet	storage-device
file-folder	artifact
file-folder	container
file-folder	device
file-folder	storage-device
film	surface
filter	artifact
filter	device
finger	body-part
finger	part
finger	structure
finger	system
fingernail	body-part
fingernail	part
fingernail	structure
fingernail	system
finish	artifact
fire	ending
fire	event
fire	situation
fire-alarm	artifact
fire-alarm	device
fire-extinguisher	artifact
fire-extinguisher	container
fire-extinguisher	device
fireplace	artifact
fireplace	box
fireplace	container
fireplace	device
fireplace	part
fireplace	storage-device
first-aid-kit	artifact
first-aid-kit	device
first-aid-kit	kit
fisherman	embodied-agent
fisherman	human
fisherman	intelligent-agent
fisherman	mammal
fisherman	structure
fisherman	system
fisherman	vertebrate
fisherman	worker
fishing-line	artifact
fishing-line	cord
fishing-line	device
fishing-line	fishing-tackle
fishing-line	line
fishing-line	route
fishing-net	artifact
fishing-net	device
fishing-net	filter
fishing-net	fishing-tackle
fishing-net	net
fishing-net	trap
fishing-rod	artifact
fishing-rod	device
fishing-rod	fishing-tackle
fist	body-part
fist	hand
fist	holder
fist	part
fist	structure
fist	system
flag	artifact
flag	surface
flash	artifact
flash	device
flash	lamp
flash-memory	artifact
flash-memory	device
flash-memory	product
flashlight	artifact
flashlight	device
flashlight	hardware
flashlight	lamp
flask	artifact
flask	container
flask	device
flask	storage-device
flask	supply
float	information
floor	artifact
floor	part
floor	surface
flour	powder
fluctuation	situation
flue	artifact
flue	container
flue	device
flue	route
flue	surface
flute	artifact
flute	device
flute	musical-instrument
flute	woodwind
fly	embodied-agent
fly	insect
fly	invertebrate
fly	structure
fly	system
folding-chair	artifact
folding-chair	chair
folding-chair	device
folding-chair	furniture
font	information
font	stream
food-processor	artifact
food-processor	device
food-processor	household-appliance
foot	body-part
foot	part
foot	structure
foot	system
footboard	artifact
footboard	device
footboard	part
foreman	embodied-agent
foreman	human
foreman	intelligent-agent
foreman	mammal
foreman	structure
foreman	system
foreman	vertebrate
foreman	worker
forest	countryside
forest	environment
forest	obstacle
forestry	action
forestry	event
forestry	situation
fork	artifact
fork	device
fork	hardware
fork	tool
fork	utensil
form	information
fox	embodied-agent
fox	mammal
fox	structure
fox	system
fox	vertebrate
franchise	intelligent-agent
franchise	structure
franchise	system
fraud	action
fraud	event
fraud	situation
freckle	part
freckle	structure
freckle	system
freedom	emotion
freezer	artifact
freezer	container
freezer	device
freezer	household-appliance
french-horn	artifact
french-horn	brass-instrument
french-horn	device
french-horn	musical-instrument
frog	amphibian
frog	embodied-agent
frog	structure
frog	system
frog	vertebrate
frustration	emotion
fudge	artifact
fudge	candy
fudge	grocery
fuel-cell	artifact
fuel-cell	device
fun	emotion
fun	satisfaction
fundamental-law	information
fundamental-law	law
fundamental-law	norm
fungus	structure
fungus	system
fur	artifact
fur	body-part
fur	device
fur	part
fur	structure
fur	system
furniture	artifact
fury	artifact
fury	car
fury	container
fury	device
fury	land-vehicle
fury	motor-vehicle
game	information
garage	artifact
garage	cavity
garage	container
garage	device
garbage-disposal	artifact
garbage-disposal	device
garbage-disposal	household-appliance
garden	artifact
garden-hose	artifact
garden-hose	container
garden-hose	device
garden-hose	hardware
garden-hose	route
garlic-press	artifact
garlic-press	device
garter	artifact
garter	clothing
garter	device
gauge	artifact
gauge	device
gazebo	artifact
gazebo	container
gazebo	device
gem	ground
gem	mineral
generator	artifact
generator	device
genius	embodied-agent
genius	human
genius	intelligent-agent
genius	mammal
genius	structure
genius	system
genius	vertebrate
gesture	image
gesture	signal
gesture	situation
ghost	intelligent-agent
giant	embodied-agent
giant	human
giant	intelligent-agent
giant	mammal
giant	structure
giant	system
giant	vertebrate
gin	artifact
glacier	environment
glacier	ice
globe	artifact
globe	image
glockenspiel	artifact
glockenspiel	device
glockenspiel	musical-instrument
glove	artifact
glove	clothing
glove	device
glow	event
glow	situation
glue	artifact
goat	embodied-agent
goat	mammal
goat	structure
goat	system
goat	vertebrate
golf-bag	artifact
golf-bag	box
golf-bag	carrying-case
golf-bag	container
golf-bag	device
golf-bag	storage-device
golf-ball	artifact
golf-ball	device
golf-cart	artifact
golf-cart	container
golf-cart	device
golf-cart	land-vehicle
golf-club	artifact
golf-club	device
golf-club	hardware
golf-club	sporting-goods
golf-club	tool
good-will	emotion
gourd	part
gourd	structure
gourd	system
governor	adult
governor	embodied-agent
governor	executive
governor	human
governor	intelligent-agent
governor	mammal
governor	structure
governor	system
governor	vertebrate
governor	worker
gown	artifact
gown	clothing
gown	device
graduated-cylinder	artifact
graduated-cylinder	container
graduated-cylinder	device
graduated-cylinder	supply
grandfather-clock	artifact
grandfather-clock	clock
grandfather-clock	device
granola	artifact
granola	grocery
grant	information
grant	norm
grapefruit	citrus-fruit
grapefruit	grocery
grapefruit	part
grapefruit	structure
grapefruit	system
grave	artifact
grave	container
grave	device
grave	storage-device
gravy	artifact
gravy	sauce
greenhouse	artifact
greenhouse	container
greenhouse	device
greeting	action
greeting	event
greeting	situation
greeting-card	artifact
greeting-card	card
greeting-card	image
griddle	artifact
griddle	device
grief	emotion
grief	sorrow
grimace	action
grimace	event
grimace	situation
grinder	artifact
grinder	device
grip	action
grip	event
grip	situation
grocery-store	intelligent-agent
grocery-store	structure
grocery-store	system
guacamole	artifact
guacamole	green
guard	athlete
guard	embodied-agent
guard	human
guard	intelligent-agent
guard	mammal
guard	structure
guard	system
guard	vertebrate
guard	worker
guerrilla	adult
guerrilla	embodied-agent
guerrilla	human
guerrilla	intelligent-agent
guerrilla	mammal
guerrilla	professional
guerrilla	structure
guerrilla	system
guerrilla	vertebrate
guerrilla	warrior
guerrilla	worker
guidepost	artifact
guidepost	image
guilt	emotion
guinea-pig	embodied-agent
guinea-pig	mammal
guinea-pig	structure
guinea-pig	system
guinea-pig	vertebrate
guitar	artifact
guitar	device
guitar	musical-instrument
gun	artifact
gun	device
gun	product
gun	weapon
gutter	artifact
gutter	container
gutter	device
gutter	part
gutter	route
habit	artifact
habit	clothing
habit	device
habitat	environment
hair-dryer	artifact
hair-dryer	device
hair-dryer	household-appliance
hairbrush	artifact
hairbrush	brush
hairbrush	device
hairbrush	hardware
hairbrush	tool
haircut	action
haircut	event
haircut	situation
hall	artifact
hall	cavity
hall	container
hall	device
hallway	artifact
hallway	cavity
hallway	container
hallway	device
hallway	route
ham	artifact
ham	grocery
ham	meat
ham	pork
hammock	artifact
hammock	furniture
hand	body-part
hand	holder
hand	part
hand	structure
hand	system
handbag	artifact
handbag	container
handbag	device
handball	artifact
handball	device
handkerchief	artifact
handkerchief	clothing
handkerchief	device
hang-glider	aircraft
hang-glider	artifact
hang-glider	device
hanger	artifact
hanger	device
hard-disk	artifact
hard-disk	cylinder
hard-disk	device
hard-disk	disk
hard-disk	product
harmonica	artifact
harmonica	device
harmonica	musical-instrument
harmonica	woodwind
harness	artifact
harness	device
hat	artifact
hat	clothing
hat	device
head	body-part
head	part
head	structure
head	system
headband	artifact
headband	clothing
headband	device
headboard	artifact
headboard	part
headline	information
headline	news
headset	artifact
headset	device
hearing-aid	artifact
hearing-aid	device
hedge	row
heel	body-part
heel	part
heel	structure
heel	system
helicopter	aircraft
helicopter	artifact
helicopter	container
helicopter	device
helmet	artifact
helmet	device
herb	structure
herb	system
herbicide	pesticide
hero	embodied-agent
hero	human
hero	intelligent-agent
hero	mammal
hero	structure
hero	system
hero	vertebrate
heroin	artifact
heroin	medicine
highlighter	artifact
highlighter	container
highlighter	device
highlighter	hardware
highlighter	tool
hill	ground
hip	body-part
hip	part
hip	structure
hip	system
historic-period	time-period
history	information
history	narrative
hobby	action
hobby	event
hobby	situation
hockey-stick	artifact
hockey-stick	device
hockey-stick	hardware
hockey-stick	sporting-goods
hockey-stick	tool
holiday	action
holiday	event
holiday	situation
home	artifact
home	container
home	device
honey	sweetener
hook	artifact
hook	connector
hook	device
hope	emotion
horizontal-bar	artifact
horizontal-bar	device
horizontal-bar	sporting-goods
horn	body-part
horn	part
horn	structure
horn	system
horoscope	information
horse	embodied-agent
horse	mammal
horse	structure
horse	system
horse	vertebrate
horseshoe	artifact
horseshoe	device
horseshoe	shield
hospital-bed	artifact
hospital-bed	bed
hospital-bed	device
hospital-bed	furniture
hostility	emotion
hot-cereal	grocery
hot-chocolate	artifact
hot-sauce	artifact
hot-sauce	sauce
house	artifact
house	container
house	device
house	home
household-appliance	artifact
household-appliance	device
housing	action
housing	event
housing	situation
human	embodied-agent
human	intelligent-agent
human	mammal
human	structure
human	system
human	vertebrate
hunter	embodied-agent
hunter	human
hunter	intelligent-agent
hunter	mammal
hunter	structure
hunter	system
hunter	vertebrate
hypothesis	context
hypothesis	information
ice-cream	artifact
ice-cream	dairy-product
ice-cream	grocery
ice-maker	artifact
ice-maker	device
ice-maker	household-appliance
ice-skate	artifact
ice-skate	clothing
ice-skate	device
ice-skate	shoe
ice-skate	sporting-goods
idea	information
ideal	information
illness	event
illness	situation
illustration	event
illustration	image
illustration	light
illustration	signal
illustration	situation
immigrant	embodied-agent
immigrant	human
immigrant	intelligent-agent
immigrant	mammal
immigrant	structure
immigrant	system
immigrant	vertebrate
imposter	embodied-agent
imposter	human
imposter	intelligent-agent
imposter	mammal
imposter	structure
imposter	system
imposter	vertebrate
incentive	action
incentive	event
incentive	situation
inductor	artifact
inductor	device
inductor	part
inductor	product
insect	embodied-agent
insect	invertebrate
insect	structure
insect	system
insert	artifact
insert	image
inspiration	emotion
institution	intelligent-agent
institution	structure
institution	system
insulation	artifact
insulation	device
insurgent	embodied-agent
insurgent	human
insurgent	intelligent-agent
insurgent	mammal
insurgent	structure
insurgent	system
insurgent	vertebrate
integrated-circuit	artifact
integrated-circuit	device
integrated-circuit	product
intellect	embodied-agent
intellect	human
intellect	intelligent-agent
intellect	mammal
intellect	structure
intellect	system
intellect	vertebrate
interest	situation
interface	information
intervention	action
intervention	event
intervention	situation
introduction	action
introduction	event
introduction	situation
invertebrate	embodied-agent
invertebrate	structure
invertebrate	system
ironing-board	artifact
ironing-board	device
isolation	event
isolation	situation
jacket	artifact
jacket	clothing
jacket	coat
jacket	device
jail-cell	artifact
jail-cell	cavity
jail-cell	container
jail-cell	device
jail-cell	part
jail-cell	storage-device
jam	artifact
jam	grocery
jar	artifact
jar	container
jar	device
jar	storage-device
javelin	artifact
javelin	device
javelin	product
javelin	projectile
javelin	spear
javelin	sporting-goods
javelin	weapon
jaw	body-part
jaw	part
jaw	structure
jaw	system
jeans	artifact
jeans	clothing
jeans	device
jelly	artifact
jelly	grocery
jelly	jam
jersey	artifact
jersey	clothing
jersey	device
jersey	shirt
jewelry	artifact
jewelry	device
jigsaw-puzzle	artifact
jigsaw-puzzle	game-equipment
jigsaw-puzzle	puzzle
jockey	athlete
jockey	embodied-agent
jockey	human
jockey	intelligent-agent
jockey	mammal
jockey	structure
jockey	system
jockey	vertebrate
jockey	worker
journal	information
journal	publication
joy	artifact
judge	adult
judge	embodied-agent
judge	human
judge	intelligent-agent
judge	mammal
judge	professional
judge	structure
judge	system
judge	vertebrate
judge	worker
judgment	information
judgment	norm
jukebox	artifact
jukebox	device
jukebox	player
jukebox	product
jukebox	vending-machine
jumpsuit	artifact
jumpsuit	clothing
jumpsuit	device
jury	intelligent-agent
jury	structure
jury	system
justification	information
kaleidoscope	artifact
kaleidoscope	device
ketchup	artifact
ketchup	sauce
kettle	artifact
kettle	container
kettle	device
kettle	pan
kidney	body-part
kidney	part
kidney	structure
kidney	system
kimono	artifact
kimono	clothing
kimono	device
kimono	gown
kit	artifact
kit	device
kitchen	artifact
kitchen	cavity
kitchen	container
kitchen	device
knee	body-part
knee	part
knee	structure
knee	system
knife	artifact
knife	device
knife	hardware
knife	tool
knitting-needle	artifact
knitting-needle	cylinder
knitting-needle	device
knitting-needle	hardware
knitting-needle	shaft
knitting-needle	tool
knot	line
knowledge-management	action
knowledge-management	event
knowledge-management	situation
label	artifact
label	image
labor	action
labor	event
labor	situation
labor	work
lace	artifact
lace	device
lace	surface
lacrosse-ball	artifact
lacrosse-ball	device
lacrosse-ball	sporting-goods
ladder	artifact
ladder	device
ladder	route
ladder	tool
ladle	artifact
ladle	container
ladle	device
ladle	hardware
ladle	spoon
ladle	tool
ladle	utensil
lake	body-of-water
lamb	embodied-agent
lamb	mammal
lamb	sheep
lamb	structure
lamb	system
lamb	vertebrate
lamb	virgin
lamp	artifact
lamp	device
lamp-shade	artifact
lamp-shade	device
land-vehicle	artifact
land-vehicle	device
landlord	embodied-agent
landlord	human
landlord	intelligent-agent
landlord	mammal
landlord	structure
landlord	system
landlord	vertebrate
lane	artifact
lane	part
lane	route
lane	surface
language	information
lantern	artifact
lantern	device
lantern	sporting-goods
lap	body-part
lap	part
lap	structure
lap	system
laser	artifact
laser	device
lathe	artifact
lathe	device
lathe	tool
laundry-basket	artifact
laundry-basket	basket
laundry-basket	container
laundry-basket	device
laundry-basket	storage-device
laundry-detergent	artifact
law	information
law	norm
lawn-mower	artifact
lawn-mower	device
lawsuit	action
lawsuit	conflict
lawsuit	event
lawsuit	situation
lawyer	adult
lawyer	embodied-agent
lawyer	human
lawyer	intelligent-agent
lawyer	mammal
lawyer	professional
lawyer	structure
lawyer	system
lawyer	vertebrate
lawyer	worker
lead	metal
lead	mineral
leaf	part
leaf	structure
leaf	system
learner	embodied-agent
learner	human
learner	intelligent-agent
learner	mammal
learner	structure
learner	system
learner	vertebrate
lease	artifact
lease	image
leash	artifact
leash	cord
leash	line
leash	route
leather	artifact
leather	hide
lectern	artifact
lectern	furniture
lecture	information
legend	information
legend	narrative
leggings	artifact
leggings	clothing
leggings	device
leotard	artifact
leotard	clothing
leotard	device
lesson	action
lesson	event
lesson	situation
lesson	teaching
letter-of-the-alphabet	information
letter-opener	artifact
letter-opener	device
lettuce	grocery
lettuce	vegetable
license	information
license	norm
license	permission
lid	part
life-jacket	artifact
life-jacket	clothing
life-jacket	device
life-jacket	vest
light	event
light	situation
light-bulb	artifact
light-bulb	device
light-bulb	lamp
light-bulb	part
lily	structure
lily	system
limb	body-part
limb	part
limb	structure
limb	system
linen	artifact
linen	device
linen	surface
lingerie	artifact
lingerie	clothing
lingerie	device
lingerie	underwear
lion	embodied-agent
lion	mammal
lion	structure
lion	system
lion	vertebrate
lip	body-part
lip	part
lip	structure
lip	system
lipstick	artifact
liqueur	artifact
liver	body-part
liver	part
liver	structure
liver	system
livestock	embodied-agent
livestock	structure
livestock	system
loafer	artifact
loafer	clothing
loafer	device
loafer	shoe
lobby	artifact
lobby	cavity
lobby	container
lobby	device
locker	artifact
locker	container
locker	device
locker	storage-device
locomotive	artifact
locomotive	device
locomotive	land-vehicle
longbow	artifact
longbow	device
longbow	hardware
longbow	tool
longbow	weapon
looting	action
looting	event
looting	situation
lotion	artifact
lottery	action
lottery	competition
lottery	conflict
lottery	event
lottery	situation
love	emotion
love	good-will
love	satisfaction
loyalty	emotion
lozenge	artifact
lozenge	medicine
lozenge	pill
luggage-rack	artifact
luggage-rack	device
luggage-rack	rack
lumber	artifact
lunch	meal
lung	body-part
lung	part
lung	structure
lung	system
lychee	part
lychee	structure
lychee	system
mace	powder
machete	artifact
machete	device
machete	hardware
machete	knife
machete	tool
machine-learning	action
machine-learning	event
machine-learning	situation
machinery	institution
machinery	intelligent-agent
machinery	structure
machinery	system
maestro	artist
maestro	embodied-agent
maestro	human
maestro	intelligent-agent
maestro	mammal
maestro	musician
maestro	structure
maestro	system
maestro	vertebrate
maestro	worker
magazine-rack	artifact
magazine-rack	device
magazine-rack	rack
magnet	artifact
magnet	device
maid	embodied-agent
maid	human
maid	intelligent-agent
maid	mammal
maid	structure
maid	system
maid	vertebrate
maid	worker
mailbox	artifact
mailbox	container
mailbox	device
mailman	embodied-agent
mailman	human
mailman	intelligent-agent
mailman	mammal
mailman	structure
mailman	system
mailman	vertebrate
mailman	worker
makeup	artifact
mammal	embodied-agent
mammal	structure
mammal	system
mammal	vertebrate
man	adult
man	embodied-agent
man	human
man	intelligent-agent
man	mammal
man	structure
man	system
man	vertebrate
management	action
management	event
management	situation
manager	adult
manager	embodied-agent
manager	human
manager	intelligent-agent
manager	mammal
manager	structure
manager	system
manager	vertebrate
manager	worker
mango	grocery
mango	part
mango	structure
mango	system
mannequin	artifact
manual	information
manual	norm
march	time-period
margarine	grocery
marketing	action
marketing	event
marketing	situation
married-couple	couple
married-couple	intelligent-agent
married-couple	pair
marsh	environment
mascara	artifact
mascara	makeup
mask	artifact
mask	clothing
mask	device
mat	artifact
mat	device
mattress	artifact
mattress	device
mattress-pad	artifact
mattress-pad	device
mattress-pad	surface
mayonnaise	artifact
mayonnaise	sauce
mayor	adult
mayor	embodied-agent
mayor	executive
mayor	human
mayor	intelligent-agent
mayor	mammal
mayor	politician
mayor	structure
mayor	system
mayor	vertebrate
mayor	worker
maze	puzzle
measuring-cup	artifact
measuring-cup	container
measuring-cup	device
meat	grocery
meeting	action
meeting	event
meeting	situation
meeting	social-occasion
melon	part
melon	structure
melon	system
memorial	artifact
memory	context
memory	information
menu	information
microorganism	structure
microorganism	system
microphone	artifact
microphone	detector
microphone	device
microphone	part
microphone	product
microphone	transducer
microscope	artifact
microscope	device
microscope	supply
microwave-oven	artifact
microwave-oven	box
microwave-oven	container
microwave-oven	device
microwave-oven	household-appliance
microwave-oven	oven
microwave-oven	storage-device
midnight	time-period
military-action	action
military-action	event
military-action	situation
military-operation	action
military-operation	event
military-operation	situation
military-uniform	artifact
military-uniform	clothing
military-uniform	device
military-uniform	product
military-uniform	uniform
millet	part
millet	seed
millet	structure
millet	system
mine-shaft	artifact
mine-shaft	cavity
mine-shaft	route
mine-shaft	tunnel
miner	embodied-agent
miner	human
miner	intelligent-agent
miner	mammal
miner	structure
miner	system
miner	vertebrate
miner	worker
minister	adult
minister	embodied-agent
minister	human
minister	intelligent-agent
minister	mammal
minister	professional
minister	structure
minister	system
minister	vertebrate
minister	worker
ministry	intelligent-agent
ministry	structure
ministry	system
miracle	situation
mirror	artifact
mirror	device
misery	emotion
misery	grief
misery	sorrow
mistake	action
mistake	event
mistake	situation
mitten	artifact
mitten	clothing
mitten	device
mixing-bowl	artifact
mixing-bowl	bowl
mixing-bowl	cavity
mixing-bowl	container
mixing-bowl	device
model	artifact
model	image
modem	artifact
modem	device
modem	product
module	information
mold	fungus
mold	structure
mold	system
molding	action
molding	event
molding	situation
mole	embodied-agent
mole	mammal
mole	structure
mole	system
mole	vertebrate
monarchy	country
monarchy	intelligent-agent
monarchy	structure
monarchy	system
monitor	artifact
monitor	device
monitor	part
monitor	product
monitor	transducer
monk	embodied-agent
monk	human
monk	intelligent-agent
monk	mammal
monk	structure
monk	system
monk	vertebrate
monk	worker
monkey	embodied-agent
monkey	mammal
monkey	structure
monkey	system
monkey	vertebrate
mop	artifact
mop	device
mop	hardware
mop	tool
morphological-analysis	context
morphological-analysis	information
mortar	artifact
mortar	device
mortar	gun
mortar	product
mortar	weapon
mortgage	information
mortgage	norm
mosque	artifact
mosque	container
mosque	device
mosque	temple
mosquito	embodied-agent
mosquito	insect
mosquito	invertebrate
mosquito	structure
mosquito	system
mother	embodied-agent
mother	human
mother	intelligent-agent
mother	mammal
mother	structure
mother	system
mother	vertebrate
motor-scooter	artifact
motor-scooter	container
motor-scooter	device
motor-scooter	land-vehicle
motor-scooter	motor-vehicle
motor-scooter	scooter
motor-vehicle	artifact
motor-vehicle	container
motor-vehicle	device
motor-vehicle	land-vehicle
motorcycle	artifact
motorcycle	container
motorcycle	device
motorcycle	land-vehicle
motorcycle	motor-vehicle
motto	information
mountain	ground
mouse	embodied-agent
mouse	mammal
mouse	structure
mouse	system
mouse	vertebrate
mouth	body-part
mouth	part
mouth	structure
mouth	system
mouthwash	artifact
msg	grocery
msg	salt
muffin	bread
muffin	grocery
mug	artifact
mug	container
mug	device
multiplexer	artifact
multiplexer	device
multiplexer	part
multiplexer	product
museum	intelligent-agent
museum	structure
museum	system
mushroom	structure
mushroom	system
music	event
music	signal
music	situation
musical-composition	information
musical-instrument	artifact
musical-instrument	device
musician	artist
musician	embodied-agent
musician	human
musician	intelligent-agent
musician	mammal
musician	structure
musician	system
musician	vertebrate
musician	worker
mustard	artifact
myth	information
napkin-ring	artifact
napkin-ring	device
narrative	information
natural-language	information
natural-language	language
natural-law	information
natural-law	norm
nausea	event
nausea	illness
nausea	situation
navy	intelligent-agent
navy	structure
navy	system
neck	body-part
neck	part
neck	structure
neck	system
necklace	artifact
necklace	device
necklace	jewelry
necktie	artifact
necktie	clothing
necktie	device
needle	artifact
needle	cylinder
needle	device
needle	shaft
nerve	body-part
nerve	line
nerve	part
nerve	route
nerve	structure
nerve	system
nest	artifact
net	artifact
net	device
net	filter
network	system
news	information
nightgown	artifact
nightgown	clothing
nightgown	device
nightmare	information
nomination	information
nomination	recommendation
noodle	artifact
noodle	grocery
norm	information
nose	body-part
nose	detector
nose	part
nose	structure
nose	system
notebook	artifact
notebook	device
noun	information
novel	information
novel	narrative
nuclear-reactor	artifact
nuclear-reactor	device
numeral	information
nun	adult
nun	embodied-agent
nun	human
nun	intelligent-agent
nun	mammal
nun	structure
nun	system
nun	vertebrate
nun	woman
nun	worker
nurse	adult
nurse	embodied-agent
nurse	human
nurse	intelligent-agent
nurse	mammal
nurse	professional
nurse	structure
nurse	system
nurse	vertebrate
nurse	worker
nursery	artifact
nursery	cavity
nursery	container
nursery	device
nutshell	part
nutshell	structure
nutshell	system
oar	artifact
oar	device
oar	hardware
oar	tool
objection	emotion
observation	remark
observation	statement
occupation	action
occupation	event
occupation	situation
ocean	body-of-water
ocean	sea
office	artifact
office	cavity
office	container
office	device
office	suite
office-furniture	artifact
office-furniture	furniture
offspring	structure
offspring	system
okra	part
okra	structure
okra	system
olive-oil	oil
olive-oil	vegetable-oil
omission	situation
onion	grocery
onion	vegetable
operating-system	information
operation	action
operation	event
operation	situation
operation	surgery
opportunity	situation
option	contract
option	information
option	norm
orchestra	intelligent-agent
orchestra	structure
orchestra	system
orgy	action
orgy	event
orgy	situation
orgy	social-occasion
otoscope	artifact
otoscope	device
otoscope	hardware
otoscope	tool
outline	information
oven	artifact
oven	box
oven	container
oven	device
oven	household-appliance
oven	storage-device
overhead-projector	artifact
overhead-projector	device
overhead-projector	part
overhead-projector	player
overhead-projector	product
overhead-projector	projector
overhead-projector	transducer
overview	information
owl	bird
owl	embodied-agent
owl	structure
owl	system
owl	vertebrate
owner	intelligent-agent
padlock	artifact
padlock	device
pager	artifact
pager	device
pager	product
paint	artifact
paintball-gun	artifact
paintball-gun	device
paintball-gun	sporting-goods
pajama	artifact
pajama	clothing
pajama	device
palace	artifact
palace	container
palace	device
palace	home
palette	artifact
palette	supply
pallet	artifact
pallet	device
pan	artifact
pan	container
pan	device
panic	emotion
panty	artifact
panty	clothing
panty	device
panty	lingerie
panty	underpants
panty	underwear
paper-clip	artifact
paper-clip	connector
paper-clip	device
paper-clip	line
paper-clip	metal
paper-clip	route
paper-clip	wire
paperweight	artifact
paperweight	device
paracetamol	artifact
paracetamol	medicine
parade	action
parade	event
parade	ritual
parade	situation
parade	social-occasion
paradox	information
paragraph	information
pardon	action
pardon	event
pardon	situation
park	artifact
parking	action
parking	event
parking	situation
parking	transport
parliament	intelligent-agent
parliament	structure
parliament	system
partner	embodied-agent
partner	human
partner	intelligent-agent
partner	mammal
partner	peer
partner	structure
partner	system
partner	vertebrate
partnership	intelligent-agent
partnership	structure
partnership	system
passion	emotion
passion	good-will
passion	satisfaction
pasta	artifact
pasta	grocery
pasta	noodle
pastry	grocery
pasture	countryside
patch	artifact
patch	device
patch	part
patch	piece
patch	surface
patent	information
patent	norm
path	route
patience	emotion
patient	embodied-agent
patient	human
patient	intelligent-agent
patient	mammal
patient	structure
patient	system
patient	vertebrate
payment	action
payment	event
payment	situation
payment	transaction
peanut	grocery
peanut	part
peanut	seed
peanut	structure
peanut	system
pear	grocery
pear	part
pear	structure
pear	system
peasant	embodied-agent
peasant	human
peasant	intelligent-agent
peasant	mammal
peasant	structure
peasant	system
peasant	vertebrate
peasant	worker
pedestrian	embodied-agent
pedestrian	human
pedestrian	intelligent-agent
pedestrian	mammal
pedestrian	structure
pedestrian	system
pedestrian	vertebrate
peer	embodied-agent
peer	human
peer	intelligent-agent
peer	mammal
peer	structure
peer	system
peer	vertebrate
pencil	artifact
pencil	device
pencil	hardware
pencil	tool
pendant	artifact
pendant	device
pendant	jewelry
pensioner	embodied-agent
pensioner	human
pensioner	intelligent-agent
pensioner	mammal
pensioner	structure
pensioner	system
pensioner	vertebrate
pepper-shaker	artifact
pepper-shaker	container
pepper-shaker	device
pepper-spray	artifact
pepper-spray	weapon
perfume	artifact
permission	information
permission	norm
persimmon	structure
persimmon	system
personal-identification-number	information
petri-dish	artifact
petri-dish	container
petri-dish	device
petri-dish	storage-device
petri-dish	supply
philosopher	adult
philosopher	embodied-agent
philosopher	human
philosopher	intellect
philosopher	intelligent-agent
philosopher	mammal
philosopher	professional
philosopher	structure
philosopher	system
philosopher	vertebrate
philosopher	worker
philosophy	information
phone	artifact
phone	device
photographer	adult
photographer	artist
photographer	embodied-agent
photographer	human
photographer	intelligent-agent
photographer	mammal
photographer	professional
photographer	structure
photographer	system
photographer	vertebrate
photographer	worker
photographic-film	artifact
photographic-film	device
piano	artifact
piano	device
piano	furniture
piano	musical-instrument
picture-frame	artifact
picture-frame	container
picture-frame	device
picture-frame	part
pie-crust	grocery
pie-crust	pastry
piece	part
pier	artifact
pier	line
pier	route
pig	embodied-agent
pig	mammal
pig	structure
pig	system
pig	vertebrate
pigeon	bird
pigeon	embodied-agent
pigeon	structure
pigeon	system
pigeon	vertebrate
piggy-bank	artifact
piggy-bank	device
pill	artifact
pillow	artifact
pillow	device
pinball-machine	artifact
pinball-machine	device
pit	cavity
pit	depression
pit	obstacle
pity	emotion
plan	information
plan	norm
plane	surface
plaster	artifact
plastic	artifact
plastic-wrap	artifact
plastic-wrap	device
player	artifact
player	device
player	product
playing-field	artifact
playpen	artifact
playpen	container
playpen	device
playpen	storage-device
pleasure	emotion
plot	information
plot	norm
plot	plan
plug	part
plum	grocery
plum	part
plum	structure
plum	system
plunger	artifact
plunger	device
plunger	hardware
plunger	tool
pneumonia	event
pneumonia	illness
pneumonia	situation
pocket	artifact
pocket	container
pocket	device
pocket	part
pocket	surface
poem	information
poetry	information
point	ground
poker-chip	artifact
poker-chip	device
polish	embodied-agent
polish	human
polish	intelligent-agent
polish	mammal
polish	structure
polish	system
polish	vertebrate
political-campaign	action
political-campaign	campaign
political-campaign	event
political-campaign	politics
political-campaign	situation
political-party	intelligent-agent
political-party	structure
political-party	system
politician	adult
politician	embodied-agent
politician	human
politician	intelligent-agent
politician	mammal
politician	structure
politician	system
politician	vertebrate
politician	worker
politics	action
politics	event
politics	situation
polo-shirt	artifact
polo-shirt	clothing
polo-shirt	device
polo-shirt	shirt
pomegranate	grocery
pomegranate	part
pomegranate	structure
pomegranate	system
pommel-horse	artifact
pommel-horse	device
pommel-horse	sporting-goods
pony	embodied-agent
pony	horse
pony	mammal
pony	structure
pony	system
pony	vertebrate
pop-music	event
pop-music	music
pop-music	signal
pop-music	situation
popcorn	grocery
pork	grocery
pork	meat
porter	embodied-agent
porter	human
porter	intelligent-agent
porter	mammal
porter	structure
porter	system
porter	vertebrate
porter	worker
portrait	event
portrait	image
portrait	light
portrait	signal
portrait	situation
postage	artifact
postage	device
postcard	artifact
postcard	card
postcard	image
power-tool	artifact
power-tool	device
power-tool	tool
prayer	action
prayer	event
prayer	ritual
prayer	situation
preference	action
preference	event
preference	situation
prescription-drug	medicine
present	event
present	illness
present	situation
presentation	action
presentation	event
presentation	situation
pretzel	grocery
prey	embodied-agent
prey	structure
prey	system
pride	confidence
pride	emotion
pride	satisfaction
primer	molecule
prince	embodied-agent
prince	human
prince	intelligent-agent
prince	mammal
prince	structure
prince	system
prince	vertebrate
princess	embodied-agent
princess	human
princess	intelligent-agent
princess	mammal
princess	structure
princess	system
princess	vertebrate
principle	context
principle	information
print	image
prism	artifact
prism	device
prism	supply
prison	artifact
prison	container
prison	device
prisoner	embodied-agent
prisoner	human
prisoner	intelligent-agent
prisoner	mammal
prisoner	structure
prisoner	system
prisoner	vertebrate
privilege	information
privilege	norm
produce	grocery
product	artifact
production	event
production	situation
professional	embodied-agent
professional	human
professional	intelligent-agent
professional	mammal
professional	structure
professional	system
professional	vertebrate
professional	worker
professor	adult
professor	embodied-agent
professor	human
professor	intelligent-agent
professor	mammal
professor	structure
professor	system
professor	vertebrate
professor	worker
professorship	situation
profile	information
prognosis	information
projectile	artifact
projectile	device
projector	artifact
projector	device
projector	part
projector	product
projector	transducer
proof	information
propaganda	information
proposal	information
proposal	norm
proposition	information
protective-mask	artifact
protective-mask	clothing
protective-mask	device
protective-mask	mask
pruning-saw	artifact
pruning-saw	device
pruning-saw	saw
pruning-saw	tool
pruning-shears	artifact
pruning-shears	device
pruning-shears	hardware
pruning-shears	tool
psychologist	adult
psychologist	embodied-agent
psychologist	human
psychologist	intelligent-agent
psychologist	mammal
psychologist	scientist
psychologist	structure
psychologist	system
psychologist	vertebrate
psychologist	worker
public-address-system	artifact
public-address-system	device
public-address-system	product
public-address-system	structure
public-address-system	system
publisher	adult
publisher	embodied-agent
publisher	human
publisher	intelligent-agent
publisher	mammal
publisher	professional
publisher	structure
publisher	system
publisher	vertebrate
publisher	worker
pudding	artifact
pudding	grocery
pupil	body-part
pupil	cavity
pupil	part
pupil	structure
pupil	system
question	information
queue	action
queue	event
queue	situation
quotation	information
rabbit	embodied-agent
rabbit	mammal
rabbit	structure
rabbit	system
rabbit	vertebrate
racetrack	artifact
rack	artifact
rack	device
radiation	event
radiation	situation
radio	artifact
radio	device
radio	product
radio	structure
radio	system
radio-receiver	artifact
radio-receiver	device
radio-receiver	part
radio-receiver	product
radio-receiver	transducer
radish	grocery
radish	vegetable
rain	event
rain	situation
rain	weather
rainbow	event
rainbow	light
rainbow	situation
raincoat	artifact
raincoat	clothing
raincoat	coat
raincoat	device
rake	artifact
rake	device
rake	hardware
rake	tool
rally	action
rally	event
rally	situation
rally	social-occasion
ram	embodied-agent
ram	mammal
ram	sheep
ram	structure
ram	system
ram	vertebrate
ramekin	artifact
ramekin	container
ramekin	device
ramekin	pan
range-hood	artifact
range-hood	device
range-hood	household-appliance
rat	embodied-agent
rat	mammal
rat	structure
rat	system
rat	vertebrate
ratio	number
rattle	artifact
rattle	device
rattle	musical-instrument
razor	artifact
razor	device
razor	hardware
razor	tool
rdf-graph	information
rdf-graph	system
receipt	artifact
receipt	image
reception	action
reception	event
reception	situation
reception	social-occasion
recess	action
recess	event
recess	situation
recession	action
recession	event
recession	situation
recommendation	information
record-player	artifact
record-player	device
record-player	household-appliance
record-player	player
record-player	product
recreational-vehicle	artifact
recreational-vehicle	container
recreational-vehicle	device
recreational-vehicle	land-vehicle
recreational-vehicle	motor-vehicle
referee	adult
referee	embodied-agent
referee	human
referee	intelligent-agent
referee	mammal
referee	professional
referee	structure
referee	system
referee	vertebrate
referee	worker
referral	context
referral	information
refill	artifact
refill	device
reflection	event
reflection	image
reflection	light
reflection	signal
reflection	situation
refrigerator	artifact
refrigerator	container
refrigerator	device
refrigerator	household-appliance
refugee	civilian
refugee	embodied-agent
refugee	human
refugee	intelligent-agent
refugee	mammal
refugee	structure
refugee	system
refugee	vertebrate
registration	action
registration	event
registration	situation
rehabilitation	action
rehabilitation	event
rehabilitation	situation
rehabilitation	work
reign	action
reign	event
reign	situation
rein	artifact
rein	cord
rein	leash
rein	line
rein	route
religion	information
relish	artifact
reluctance	emotion
remark	statement
remedy	action
remedy	event
remedy	situation
remedy	thinking
remote-control	artifact
remote-control	device
renovation	action
renovation	event
renovation	situation
reptile	embodied-agent
reptile	structure
reptile	system
reptile	vertebrate
republic	intelligent-agent
republic	structure
republic	system
reputation	context
reputation	information
reserve	countryside
reserve	environment
reservoir	body-of-water
resident	adult
resident	doctor
resident	embodied-agent
resident	human
resident	intelligent-agent
resident	mammal
resident	professional
resident	structure
resident	system
resident	vertebrate
resident	worker
resistor	artifact
resistor	device
resistor	part
resolution	information
resolution	norm
restraint	artifact
restraint	device
retaliation	information
review	article
review	information
revolution	action
revolution	event
revolution	politics
revolution	situation
rhetoric	action
rhetoric	embodied-agent
rhetoric	event
rhetoric	human
rhetoric	intelligent-agent
rhetoric	mammal
rhetoric	situation
rhetoric	structure
rhetoric	system
rhetoric	vertebrate
rhetoric	worker
rib	body-part
rib	bone
rib	part
rib	structure
rib	system
rib	tissue
ribbon	artifact
ribbon	clothing
ribbon	device
ribbon	line
ribbon	route
riding-mower	artifact
riding-mower	device
riding-mower	lawn-mower
rifle	artifact
rifle	device
rifle	gun
rifle	product
rifle	weapon
right-side	side
right-side	surface
ring	artifact
ring	device
ring	jewelry
ritual	action
ritual	event
ritual	situation
river	body-of-water
river	environment
river	obstacle
river	route
rivet	artifact
rivet	connector
rivet	cylinder
rivet	device
rivet	shaft
roadway	artifact
roadway	device
roadway	route
roadway	surface
robotic-arm	artifact
robotic-arm	device
robotic-arm	product
rocker	embodied-agent
rocker	human
rocker	intelligent-agent
rocker	mammal
rocker	structure
rocker	system
rocker	vertebrate
rocket	artifact
rocket	device
rocket	projectile
roller-skate	artifact
roller-skate	clothing
roller-skate	device
roller-skate	shoe
roller-skate	sporting-goods
rolling-pin	artifact
rolling-pin	device
rolling-pin	hardware
rolling-pin	tool
rolling-pin	utensil
rom	artifact
rom	device
rom	product
roof	artifact
roof	part
roof	surface
roofing	action
roofing	application
roofing	event
roofing	situation
rope	artifact
rope	device
rope	line
rope	route
routine	action
routine	event
routine	situation
rug	artifact
rug	device
rugby-ball	artifact
rugby-ball	device
rugby-ball	projectile
ruler	artifact
ruler	device
rum	artifact
rumor	information
rung	artifact
rye	grocery
rye	part
rye	structure
rye	system
sail	artifact
sail	device
sail	part
sailboat	artifact
sailboat	boat
sailboat	container
sailboat	device
sailboat	watercraft
sailor	embodied-agent
sailor	human
sailor	intelligent-agent
sailor	mammal
sailor	structure
sailor	system
sailor	vertebrate
sailor	worker
salad	artifact
salad	grocery
salad-dressing	artifact
salad-dressing	sauce
salmon	embodied-agent
salmon	structure
salmon	system
salmon	vertebrate
salsa	artifact
salsa	grocery
salsa	sauce
salvation	action
salvation	event
salvation	situation
salvation	support
sand	ground
sandal	artifact
sandal	clothing
sandal	device
sandal	shoe
sandbox	artifact
sandbox	container
sandbox	device
sandpaper	artifact
sandpaper	device
sandpaper	surface
satellite-receiver	artifact
satellite-receiver	device
satellite-receiver	product
satisfaction	emotion
sauce	artifact
sauna	artifact
sauna	cavity
sauna	container
sauna	device
sausage	artifact
sausage	grocery
saw	artifact
saw	device
saxophone	artifact
saxophone	device
saxophone	musical-instrument
saxophone	woodwind
scale-of-measurement	information
scalpel	artifact
scalpel	device
scalpel	hardware
scalpel	knife
scalpel	tool
scarf	artifact
scarf	clothing
scarf	device
scholar	embodied-agent
scholar	human
scholar	intelligent-agent
scholar	mammal
scholar	structure
scholar	system
scholar	vertebrate
scholar	worker
scholarship	information
scholarship	norm
school	institution
school	intelligent-agent
school	structure
school	system
scientist	adult
scientist	embodied-agent
scientist	human
scientist	intelligent-agent
scientist	mammal
scientist	structure
scientist	system
scientist	vertebrate
scientist	worker
scone	artifact
scone	grocery
scooter	artifact
scooter	device
scope	artifact
scope	mouthwash
script	information
scrub-brush	artifact
scrub-brush	device
scrub-brush	hardware
scrub-brush	tool
sculpture	artifact
sculpture	image
sea	body-of-water
seafood	grocery
seafood	meat
seal	embodied-agent
seal	mammal
seal	structure
seal	system
seal	vertebrate
sealant	artifact
search-algorithm	algorithm
search-algorithm	information
second	time-period
secret	artifact
secret	deodorant
secretary	adult
secretary	embodied-agent
secretary	human
secretary	intelligent-agent
secretary	mammal
secretary	structure
secretary	system
secretary	vertebrate
secretary	worker
security-system	artifact
security-system	device
security-system	product
sediment	ground
sediment	soil
seed	part
seed	structure
seed	system
semantic-analysis	context
semantic-analysis	information
semantic-parsing	action
semantic-parsing	event
semantic-parsing	situation
seminar	action
seminar	event
seminar	situation
seminar	social-occasion
sentence	information
septic-tank	artifact
septic-tank	container
septic-tank	device
septic-tank	storage-device
sermon	action
sermon	event
sermon	situation
servant	embodied-agent
servant	human
servant	intelligent-agent
servant	mammal
servant	structure
servant	system
servant	vertebrate
servant	worker
serving-bowl	artifact
serving-bowl	bowl
serving-bowl	cavity
serving-bowl	container
serving-bowl	device
sewing-machine	artifact
sewing-machine	device
shade	artifact
shade	device
shade	part
shade	surface
shaft	artifact
shaft	cylinder
shaft	device
shake	artifact
shake	device
shake	surface
shame	emotion
shark	embodied-agent
shark	structure
shark	system
shark	vertebrate
shawl	artifact
shawl	clothing
shawl	device
shears	artifact
shears	device
sheep	embodied-agent
sheep	mammal
sheep	structure
sheep	system
sheep	vertebrate
shelf	artifact
shelf	container
shelf	device
shelf	part
shelf	storage-device
shelf	surface
shield	artifact
shield	device
ship	artifact
ship	container
ship	device
ship	watercraft
shirt	artifact
shirt	clothing
shirt	device
shoe	artifact
shoe	clothing
shoe	device
shoelace	part
shoelace	surface
shop	intelligent-agent
shop	structure
shop	system
shopping	action
shopping	event
shopping	situation
shovel	artifact
shovel	device
shovel	hardware
shovel	tool
shower	action
shower	event
shower	situation
shower-curtain	artifact
shower-curtain	device
shower-curtain	door
shower-curtain	part
shower-stall	artifact
shower-stall	cavity
shower-stall	container
shower-stall	device
shower-stall	part
shrimp	embodied-agent
shrimp	invertebrate
shrimp	structure
shrimp	system
side	surface
side-dish	grocery
sidewalk	artifact
sidewalk	concrete
sidewalk	route
siding	artifact
sight	artifact
sight	device
sight	product
signal-processing	event
signal-processing	situation
signature	artifact
signature	image
silk	artifact
silk	device
silk	surface
singer	artist
singer	embodied-agent
singer	human
singer	intelligent-agent
singer	mammal
singer	musician
singer	professional
singer	structure
singer	system
singer	vertebrate
singer	worker
sister	embodied-agent
sister	human
sister	intelligent-agent
sister	mammal
sister	structure
sister	system
sister	vertebrate
skateboard	artifact
skateboard	device
skateboard	sporting-goods
sketch	image
ski-boot	artifact
ski-boot	boot
ski-boot	clothing
ski-boot	device
ski-boot	shoe
ski-pole	artifact
ski-pole	cylinder
ski-pole	device
ski-pole	shaft
skin	body-part
skin	detector
skin	part
skin	structure
skin	surface
skin	system
skull	body-part
skull	bone
skull	part
skull	structure
skull	system
skull	tissue
slave	embodied-agent
slave	human
slave	intelligent-agent
slave	mammal
slave	structure
slave	system
slave	vertebrate
sleeping-bag	artifact
sleeping-bag	container
sleeping-bag	device
sleeping-bag	storage-device
sleeve	artifact
sleeve	part
sleeve	surface
slide-projector	artifact
slide-projector	device
slide-projector	part
slide-projector	player
slide-projector	product
slide-projector	projector
slide-projector	transducer
slipcover	artifact
slipcover	device
slipper	artifact
slipper	clothing
slipper	device
slipper	shoe
snake	embodied-agent
snake	line
snake	reptile
snake	route
snake	structure
snake	system
snake	vertebrate
snap	action
snap	event
snap	situation
snare-drum	artifact
snare-drum	device
snare-drum	musical-instrument
snorkel	artifact
snorkel	container
snorkel	device
snorkel	route
snorkel	sporting-goods
snowboard	artifact
snowboard	device
snowboard	sporting-goods
snowmobile	artifact
snowmobile	device
snowmobile	land-vehicle
snowmobile	product
soap	artifact
soap-dish	artifact
soap-dish	container
soap-dish	device
soap-dish	storage-device
social-club	intelligent-agent
social-club	structure
social-club	system
social-occasion	action
social-occasion	event
social-occasion	situation
social-science	field-of-study
social-science	information
sock	artifact
sock	clothing
sock	device
socket	part
sodium	metal
sofa	artifact
sofa	device
sofa	furniture
soil	ground
soldering-iron	artifact
soldering-iron	device
soldering-iron	hardware
soldering-iron	tool
soldier	adult
soldier	embodied-agent
soldier	human
soldier	intelligent-agent
soldier	mammal
soldier	professional
soldier	structure
soldier	system
soldier	vertebrate
soldier	warrior
soldier	worker
soprano	artist
soprano	embodied-agent
soprano	human
soprano	intelligent-agent
soprano	mammal
soprano	musician
soprano	professional
soprano	singer
soprano	structure
soprano	system
soprano	vertebrate
soprano	worker
sorrow	emotion
sorting-algorithm	algorithm
sorting-algorithm	information
soup	artifact
soup	course
soup	grocery
space-heater	artifact
space-heater	device
spacecraft	artifact
spacecraft	device
spade	artifact
spade	card
spade	image
spatula	artifact
spatula	device
spatula	hardware
spatula	tool
spatula	utensil
spear	artifact
spear	device
spear	product
spear	projectile
spear	weapon
spermicide	artifact
spermicide	medicine
spider	arachnid
spider	embodied-agent
spider	invertebrate
spider	structure
spider	system
spinach	grocery
spinach	vegetable
spinal-column	body-part
spinal-column	part
spinal-column	structure
spinal-column	system
spinal-column	tissue
spirit	intelligent-agent
split	event
split	situation
spokesperson	embodied-agent
spokesperson	human
spokesperson	intelligent-agent
spokesperson	mammal
spokesperson	structure
spokesperson	system
spokesperson	vertebrate
spokesperson	worker
sponge	artifact
sponge	device
sponge	hardware
sponge	tool
spoon	artifact
spoon	container
spoon	device
spoon	hardware
spoon	tool
spoon	utensil
sport	information
spray	artifact
sprinkler	artifact
sprinkler	container
sprinkler	device
squad	intelligent-agent
squad	structure
squad	system
stadium	artifact
stadium	container
stadium	device
staff	intelligent-agent
staff	structure
staff	system
stairway	artifact
stairway	route
stake	artifact
stake	cylinder
stake	device
stake	shaft
stalk	part
stalk	structure
stalk	system
stand	artifact
stand	furniture
staple	artifact
staple	connector
staple	device
stapler	artifact
stapler	device
stapler	tool
state	intelligent-agent
state	structure
state	system
statue	artifact
statue	image
statue	sculpture
steak	artifact
steak	grocery
steak	meat
stencil	artifact
stencil	device
stencil	surface
stencil	tool
step	artifact
stereo-system	artifact
stereo-system	device
stereo-system	product
stereo-system	structure
stereo-system	system
stethoscope	artifact
stethoscope	device
stirrup	artifact
stirrup	device
stirrup	part
stitch	artifact
stitch	connector
stitch	device
stitch	line
stitch	route
stomach	body-part
stomach	container
stomach	part
stomach	structure
stomach	system
stool	artifact
stool	device
stool	furniture
storage-device	artifact
storage-device	container
storage-device	device
strainer	artifact
strainer	device
strainer	filter
strand	line
strand	route
strap	artifact
strap	device
strap	part
strawberry	body-part
strawberry	grocery
strawberry	part
strawberry	structure
strawberry	system
stream	information
street	artifact
street	device
street	roadway
street	route
street	surface
streetcar	artifact
streetcar	device
stretcher	artifact
stretcher	device
strip	artifact
strip	lumber
stroke	event
stroke	illness
stroke	situation
structure	system
studio	artifact
studio	cavity
studio	container
studio	device
studio	suite
study	artifact
study	cavity
study	container
study	device
suburb	intelligent-agent
success	action
success	event
success	situation
sugar-apple	structure
sugar-apple	system
sugar-bowl	artifact
sugar-bowl	container
sugar-bowl	device
suicide	action
suicide	ending
suicide	event
suicide	illness
suicide	situation
suite	artifact
suite	cavity
suite	container
suite	device
sulfur	mineral
summary	information
summer-camp	intelligent-agent
summer-camp	structure
summer-camp	system
sunglasses	artifact
sunglasses	device
sunglasses	sporting-goods
sunlight	event
sunlight	light
sunlight	situation
sunrise	event
sunrise	situation
sunscreen	artifact
sunscreen	lotion
supervisor	embodied-agent
supervisor	human
supervisor	intelligent-agent
supervisor	mammal
supervisor	structure
supervisor	system
supervisor	vertebrate
supervisor	worker
supply	artifact
support	action
support	event
support	situation
surfboard	artifact
surfboard	device
surfboard	sporting-goods
surgeon	adult
surgeon	doctor
surgeon	embodied-agent
surgeon	human
surgeon	intelligent-agent
surgeon	mammal
surgeon	professional
surgeon	structure
surgeon	system
surgeon	vertebrate
surgeon	worker
surgery	action
surgery	event
surgery	situation
surprise	emotion
surrender	action
surrender	event
surrender	situation
survivor	structure
survivor	system
suture	artifact
suture	device
suture	line
suture	route
sweater	artifact
sweater	clothing
sweater	device
sweatshirt	artifact
sweatshirt	clothing
sweatshirt	device
sweatshirt	shirt
sweatshirt	sporting-goods
sweet-potato	grocery
sweet-potato	vegetable
swimming-pool	artifact
swimming-pool	container
swimming-pool	device
swimwear	artifact
swimwear	clothing
swimwear	device
swing	artifact
swing	device
sword	artifact
sword	device
sword	product
sword	weapon
sympathy	emotion
syndrome	disease
syntactic-parsing	action
syntactic-parsing	event
syntactic-parsing	situation
table-knife	artifact
table-knife	device
table-knife	hardware
table-knife	knife
table-knife	tool
table-knife	utensil
table-saw	artifact
table-saw	device
table-saw	power-tool
table-saw	saw
table-saw	tool
tablecloth	artifact
tablecloth	device
tablecloth	surface
tag	artifact
tag	image
tag	label
tambourine	artifact
tambourine	device
tambourine	musical-instrument
tampon	artifact
tampon	device
tan	embodied-agent
tan	human
tan	intelligent-agent
tan	mammal
tan	structure
tan	system
tan	vertebrate
tank	artifact
tank	device
tank	land-vehicle
tank	product
tank	structure
tank	system
tape	artifact
tape	device
tape	line
tape	route
tape-recording	action
tape-recording	event
tape-recording	situation
target	artifact
target	device
target	sporting-goods
tartar-sauce	artifact
tartar-sauce	sauce
tassel	artifact
tassel	part
taste	cognition
taste	event
taste	situation
tax-return	artifact
tax-return	image
taxpayer	intelligent-agent
tea	artifact
tea	medicine
tea-maker	artifact
tea-maker	container
tea-maker	device
teaching	action
teaching	event
teaching	situation
team	intelligent-agent
team	structure
team	system
teddy-bear	artifact
teddy-bear	device
temper	event
temper	situation
temple	artifact
temple	container
temple	device
tennis-ball	artifact
tennis-ball	device
tennis-ball	sporting-goods
tent	artifact
tent	container
tent	device
tent	sporting-goods
tequila	artifact
territory	intelligent-agent
territory	structure
territory	system
terrorist	criminal
terrorist	embodied-agent
terrorist	human
terrorist	intelligent-agent
terrorist	mammal
terrorist	structure
terrorist	system
terrorist	vertebrate
terrorist	worker
test-tube	artifact
test-tube	container
test-tube	device
test-tube	supply
text-mining	action
text-mining	event
text-mining	situation
textbook	information
textbook	publication
thermocouple	artifact
thermocouple	device
thermocouple	gauge
thermometer	artifact
thermometer	device
thermostat	artifact
thermostat	device
thigh	body-part
thigh	part
thigh	structure
thigh	system
thimble	artifact
thimble	device
thimble	hardware
thimble	tool
thinking	event
thinking	situation
throat	body-part
throat	part
throat	structure
throat	system
throne	artifact
throne	chair
throne	device
throne	furniture
thumb	body-part
thumb	finger
thumb	part
thumb	structure
thumb	system
ticket	artifact
ticket	device
ticket	image
tide	artifact
tide	laundry-detergent
tiger	embodied-agent
tiger	mammal
tiger	structure
tiger	system
tiger	vertebrate
tights	artifact
tights	clothing
tights	device
tights	lingerie
tights	underwear
tin	metal
tin-whistle	artifact
tin-whistle	device
tin-whistle	musical-instrument
tin-whistle	woodwind
tire	artifact
tire	device
tire	part
tissue	part
tissue	structure
tissue	system
toast	bread
toast	grocery
toaster	artifact
toaster	device
toaster	household-appliance
toaster-oven	artifact
toaster-oven	box
toaster-oven	container
toaster-oven	device
toaster-oven	household-appliance
toaster-oven	oven
toaster-oven	storage-device
toaster-oven	toaster
toe	body-part
toe	part
toe	structure
toe	system
toilet	artifact
toilet	device
toilet	part
toilet-paper	artifact
toilet-paper	device
token	artifact
token	image
tom-tom	artifact
tom-tom	device
tom-tom	musical-instrument
tongue-depressor	artifact
tongue-depressor	device
tool	artifact
tool	device
tooth	body-part
tooth	part
tooth	structure
tooth	system
toothbrush	artifact
toothbrush	brush
toothbrush	device
toothbrush	hardware
toothbrush	tool
toothpaste	artifact
torch	artifact
torch	device
torso	body-part
torso	part
torso	structure
torso	system
tortilla	bread
tortilla	grocery
tote	artifact
tote	container
tote	device
tote	handbag
touch	action
touch	event
touch	situation
tourism	action
tourism	event
tourism	situation
tourist	consumer
tourist	embodied-agent
tourist	human
tourist	intelligent-agent
tourist	mammal
tourist	structure
tourist	system
tourist	vertebrate
tournament	action
tournament	competition
tournament	conflict
tournament	event
tournament	situation
towel	artifact
towel	device
towel-rack	artifact
towel-rack	device
towel-rack	rack
tower	artifact
tract	information
tract	publication
tractor	artifact
tractor	container
tractor	device
tractor	land-vehicle
trader	adult
trader	embodied-agent
trader	human
trader	intelligent-agent
trader	mammal
trader	professional
trader	structure
trader	system
trader	vertebrate
trader	worker
traffic	action
traffic	event
traffic	situation
tragedy	information
trail	artifact
trail	route
trailer	artifact
trailer	container
trailer	device
trailer	product
train-ticket	artifact
train-ticket	device
train-ticket	image
train-ticket	ticket
trainer	embodied-agent
trainer	human
trainer	intelligent-agent
trainer	mammal
trainer	structure
trainer	system
trainer	vertebrate
trainer	worker
transaction	action
transaction	event
transaction	situation
transducer	artifact
transducer	device
transducer	part
transducer	product
transistor	artifact
transistor	device
transistor	part
transistor	product
transmission	artifact
transmission	device
transmission	part
transmission	product
transport	action
transport	event
transport	situation
transportation	institution
transportation	intelligent-agent
transportation	structure
transportation	system
trap	artifact
trap	device
trash-can	artifact
trash-can	container
trash-can	device
trash-can	storage-device
tray	artifact
tray	container
tray	device
treadmill	artifact
treadmill	device
treasure	prize
treasurer	adult
treasurer	embodied-agent
treasurer	human
treasurer	intelligent-agent
treasurer	mammal
treasurer	structure
treasurer	system
treasurer	vertebrate
treasurer	worker
treatment	action
treatment	event
treatment	management
treatment	situation
treaty	information
treaty	norm
tree	obstacle
tree	structure
tree	system
trial	action
trial	conflict
trial	event
trial	situation
triangle	plane
triangle	surface
tribunal	intelligent-agent
tribunal	structure
tribunal	system
tripod	artifact
tripod	device
trivet	artifact
trivet	container
trivet	device
trombone	artifact
trombone	brass-instrument
trombone	device
trombone	musical-instrument
trophy	artifact
trophy	device
trouble	action
trouble	event
trouble	situation
truck	artifact
truck	container
truck	device
truck	land-vehicle
truck	motor-vehicle
trust	intelligent-agent
trust	structure
trust	system
trustee	intelligent-agent
tub	artifact
tub	container
tub	device
tuba	artifact
tuba	brass-instrument
tuba	device
tuba	musical-instrument
tulip	structure
tulip	system
tumor	part
tumor	structure
tumor	system
tumor	tissue
tune	information
tune	musical-composition
tunnel	artifact
tunnel	cavity
tunnel	route
turban	artifact
turban	clothing
turban	device
turkey	bird
turkey	embodied-agent
turkey	structure
turkey	system
turkey	vertebrate
turnip	grocery
turnip	vegetable
turntable	artifact
turntable	device
turntable	part
tuxedo	artifact
tuxedo	clothing
tuxedo	device
typewriter	artifact
typewriter	device
ulcer	part
ulcer	structure
ulcer	system
umbrella	artifact
umbrella	device
uncertainty	emotion
underpants	artifact
underpants	clothing
underpants	device
underpants	underwear
undershirt	artifact
undershirt	clothing
undershirt	device
undershirt	underwear
underwear	artifact
underwear	clothing
underwear	device
unemployment	situation
unicycle	artifact
unicycle	device
uniform	artifact
uniform	clothing
uniform	device
university	academy
university	institution
university	intelligent-agent
university	school
university	structure
university	system
urinal	artifact
urinal	device
urine	solution
utensil	artifact
utensil	device
utensil	hardware
utensil	tool
vacation	action
vacation	event
vacation	situation
valley	cavity
valley	depression
van	artifact
van	car
van	container
van	device
van	land-vehicle
van	motor-vehicle
vanity	confidence
vanity	emotion
vanity	pride
vanity	satisfaction
varnish	artifact
varnish	finish
vase	artifact
vase	container
vase	device
vaulting-horse	artifact
vaulting-horse	device
vaulting-horse	sporting-goods
vcr	artifact
vcr	device
vcr	household-appliance
vcr	product
vegetable	grocery
vegetable-oil	oil
vein	body-part
vein	container
vein	line
vein	part
vein	route
vein	structure
vein	system
velvet	artifact
velvet	device
velvet	surface
vending-machine	artifact
vending-machine	device
vent	cavity
vertebrate	embodied-agent
vertebrate	structure
vertebrate	system
vest	artifact
vest	clothing
vest	device
veteran	adult
veteran	embodied-agent
veteran	human
veteran	intelligent-agent
veteran	mammal
veteran	structure
veteran	system
veteran	vertebrate
victim	embodied-agent
victim	human
victim	intelligent-agent
victim	mammal
victim	structure
victim	system
victim	vertebrate
victory	event
victory	situation
villa	artifact
villa	container
villa	device
villa	home
village	city
village	intelligent-agent
village	structure
village	system
villager	embodied-agent
villager	human
villager	intelligent-agent
villager	mammal
villager	structure
villager	system
villager	vertebrate
villager	worker
viola	artifact
viola	device
viola	musical-instrument
violation	situation
violin	artifact
violin	device
violin	musical-instrument
virgin	embodied-agent
virgin	structure
virgin	system
virtue	information
virtue	norm
virus	microorganism
virus	structure
virus	system
vise	artifact
vise	device
vise	holder
vise	tool
visit	action
visit	event
visit	situation
visitor	embodied-agent
visitor	human
visitor	intelligent-agent
visitor	mammal
visitor	structure
visitor	system
visitor	vertebrate
vodka	artifact
void	information
volcano	ground
volleyball	artifact
volleyball	device
volunteer	embodied-agent
volunteer	human
volunteer	intelligent-agent
volunteer	mammal
volunteer	structure
volunteer	system
volunteer	vertebrate
vote	action
vote	consensus
vote	event
vote	situation
voter	adult
voter	embodied-agent
voter	human
voter	intelligent-agent
voter	mammal
voter	structure
voter	system
voter	vertebrate
waffle	grocery
waffle-iron	artifact
waffle-iron	container
waffle-iron	device
waffle-iron	pan
wagon	artifact
wagon	container
wagon	device
waist	body-part
waist	part
waist	structure
waist	system
waiter	embodied-agent
waiter	human
waiter	intelligent-agent
waiter	mammal
waiter	structure
waiter	system
waiter	vertebrate
waiter	worker
wake	action
wake	event
wake	reception
wake	situation
wake	social-occasion
wakeboard	artifact
wakeboard	device
wakeboard	sporting-goods
walker	artifact
walker	device
wall-clock	artifact
wall-clock	clock
wall-clock	device
wallet	artifact
wallet	container
wallet	device
wallpaper	image
wallpaper	information
wallpaper	stream
war	action
war	conflict
war	event
war	fight
war	situation
warrior	adult
warrior	embodied-agent
warrior	human
warrior	intelligent-agent
warrior	mammal
warrior	professional
warrior	structure
warrior	system
warrior	vertebrate
warrior	worker
washbasin	artifact
washbasin	cavity
washbasin	container
washbasin	device
washcloth	artifact
washcloth	device
washcloth	hardware
washcloth	surface
washcloth	tool
washer	artifact
washer	cylinder
washer	device
washer	disk
wastebasket	artifact
wastebasket	container
wastebasket	device
wastebasket	storage-device
watch	artifact
watch	clock
watch	device
water-bottle	artifact
water-bottle	bottle
water-bottle	container
water-bottle	device
water-bottle	storage-device
water-cooler	artifact
water-cooler	container
water-cooler	cooler
water-cooler	device
water-faucet	artifact
water-faucet	container
water-faucet	device
water-faucet	route
water-filter	artifact
water-filter	device
water-heater	artifact
water-heater	device
water-heater	household-appliance
water-ski	artifact
water-ski	device
water-ski	sporting-goods
watercraft	artifact
watercraft	container
watercraft	device
waterfall	body-of-water
waterfall	route
watering-can	artifact
watering-can	device
weapon	artifact
weather	event
weather	situation
weather-vane	artifact
weather-vane	device
web-crawler	information
web-site	information
wedding	action
wedding	event
wedding	situation
wedding	social-occasion
wedding-dress	artifact
wedding-dress	clothing
wedding-dress	device
week	time-period
weekend	time-period
well	artifact
well	device
well	route
whale	embodied-agent
whale	mammal
whale	structure
whale	system
whale	vertebrate
wheel	artifact
wheel	device
wheel	part
wheelbarrow	artifact
wheelbarrow	container
wheelbarrow	device
wheelchair	artifact
wheelchair	device
whip	artifact
whip	device
whipped-cream	artifact
whipped-cream	dairy-product
whisk	artifact
whisk	device
whisk	hardware
whisk	tool
whisk	utensil
wick	artifact
wick	device
wick	line
wick	part
wick	route
wig	artifact
wig	device
will	artifact
will	image
window-blind	artifact
window-blind	device
window-blind	part
window-blind	surface
window-unit	air-conditioner
window-unit	artifact
window-unit	device
window-unit	household-appliance
windshield-wiper	artifact
windshield-wiper	device
windshield-wiper	part
windshield-wiper	product
wine	artifact
wire	artifact
wire	device
wire	line
wire	route
withdrawal	action
withdrawal	event
withdrawal	situation
withdrawal	transaction
wok	artifact
wok	container
wok	device
wok	pan
wolf	embodied-agent
wolf	mammal
wolf	structure
wolf	system
wolf	vertebrate
woman	adult
woman	embodied-agent
woman	human
woman	intelligent-agent
woman	mammal
woman	structure
woman	system
woman	vertebrate
woodwind	artifact
woodwind	device
woodwind	musical-instrument
work	action
work	event
work	situation
workbench	artifact
workbench	furniture
worker	embodied-agent
worker	human
worker	intelligent-agent
worker	mammal
worker	structure
worker	system
worker	vertebrate
workshop	action
workshop	conference
workshop	event
workshop	meeting
workshop	situation
workshop	social-occasion
world-power	country
world-power	intelligent-agent
world-power	structure
world-power	system
wound	part
wound	structure
wound	system
wrap	artifact
wrap	clothing
wrap	device
wrench	artifact
wrench	device
wrench	hardware
wrench	holder
wrench	tool
wrist	body-part
wrist	part
wrist	structure
wrist	system
xylophone	artifact
xylophone	device
xylophone	musical-instrument
yacht	artifact
yacht	boat
yacht	container
yacht	device
yacht	sailboat
yacht	watercraft
year	time-period
yo-yo	artifact
yo-yo	device
yogurt	artifact
yogurt	dairy-product
yogurt	grocery
