kind	sub	sup	detail
disputed	expression	information	for sumo wordnet; reversed by opencyc
disputed	information	expression	for opencyc; reversed by sumo wordnet
disputed	mathematical-statement	expression	for opencyc; reversed by wordnet
single	abelian-group	algebraic-magma	only wikidata
single	abelian-group	algebraic-structure	only wikidata
single	abelian-group	mathematical-structure	only wikidata
single	abelian-group	monoid	only wikidata
single	abelian-group	quasigroup	only wikidata
single	abelian-group	semigroup	only wikidata
single	abelian-group	subset	only sumo
single	academy	expression	only opencyc
single	acceptance-sampling	accomplishment	only sumo
single	acceptance-sampling	cognition	only wordnet
single	acceptance-sampling	procedure	only sumo
single	acceptance-sampling	statistical-distribution	only wordnet
single	acceptance-sampling	volition	only sumo
single	account	expression	only opencyc
single	accuracy	disposition	only opencyc
single	acknowledgment	expression	only opencyc
single	acquisition	expression	only opencyc
single	action	expression	only opencyc
single	actor	expression	only opencyc
single	acute-triangle	attribute	only wordnet
single	acute-triangle	polygon	only wordnet
single	acute-triangle	shape	only wordnet
single	adaptation	expression	only opencyc
single	additive-inverse	amateur	only sumo
single	additive-inverse	ambiance	only sumo
single	additive-inverse	attribute	only sumo
single	additive-inverse	circumstance	only sumo
single	additive-inverse	civilisation	only sumo
single	additive-inverse	crowd	only sumo
single	additive-inverse	custom	only sumo
single	additive-inverse	danger	only sumo
single	additive-inverse	expert	only sumo
single	additive-inverse	freedom	only sumo
single	additive-inverse	lap	only sumo
single	additive-inverse	literary-works	only sumo
single	additive-inverse	normal	only sumo
single	additive-inverse	practice	only sumo
single	additive-inverse	property	only sumo
single	additive-inverse	society	only sumo
single	additive-inverse	status	only sumo
single	additive-inverse	tension	only sumo
single	additive-inverse	way	only sumo
single	address	expression	only opencyc
single	admission	expression	only opencyc
single	advice	expression	only opencyc
single	affine-geometry	cognition	only wordnet
single	affine-geometry	mathematics	only wordnet
single	affine-geometry	science	only wordnet
single	affine-transformation	algebraic-structure	only wikidata
single	affine-transformation	binary-relation	only wikidata
single	affine-transformation	endomorphism	only wikidata
single	affine-transformation	homomorphism	only wikidata
single	affine-transformation	isomorphism	only wikidata
single	affine-transformation	mathematical-relation	only wordnet
single	affine-transformation	mathematical-set	only wikidata
single	affine-transformation	mathematical-structure	only wikidata
single	affine-transformation	surjective-function	only wikidata
single	affirmation	expression	only opencyc
single	age-norm	cognition	only wordnet
single	age-norm	quantity	only sumo
single	age-norm	statistic	only wordnet
single	aids	expression	only opencyc
single	airline	expression	only opencyc
single	algebra	cognition	only wordnet
single	algebra	science	only wordnet
single	algebra-over-a-field	algebraic-structure	only wikidata
single	algebra-over-a-field	mathematical-module	only wikidata
single	algebra-over-a-field	mathematical-structure	only wikidata
single	algebraic-magma	mathematical-structure	only wikidata
single	algebraic-number	algebraic-structure	only wikidata
single	algebraic-number	interval	only opencyc
single	algebraic-number	mathematical-lattice	only wikidata
single	algebraic-number	mathematical-structure	only wikidata
single	algebraic-number	partially-ordered-set	only wikidata
single	algebraic-number	quaternion	only wikidata
single	algebraic-number	real-number	only opencyc
single	algebraic-number	totally-ordered-set	only wikidata
single	algorithm	act	only wordnet
single	algorithm	activity	only wordnet
single	algorithm	event	only wordnet
single	algorithm	expression	only opencyc
single	algorithm	information	only opencyc
single	algorithm	measure	only sumo
single	algorithm	routine	only sumo
single	allotment	expression	only opencyc
single	allowance	expression	only opencyc
single	amphetamine	expression	only opencyc
single	analysis-of-variance	cognition	only wordnet
single	analysis-of-variance	field-of-study	only sumo
single	analysis-of-variance	method	only wordnet
single	analysis-of-variance	statistical-method	only wordnet
single	analyst	expression	only opencyc
single	analytic-geometry	cognition	only wordnet
single	analytic-geometry	mathematics	only wordnet
single	analytic-geometry	science	only wordnet
single	angle-of-inclination	attribute	only wordnet
single	angle-of-inclination	empty-space	only wordnet
single	angle-of-inclination	physical-object	only wordnet
single	angle-of-inclination	place	only wordnet
single	angle-of-inclination	quantity	only sumo
single	angle-of-inclination	shape	only wordnet
single	annotation	expression	only opencyc
single	antisymmetric-relation	algebraic-structure	only wikidata
single	antisymmetric-relation	mathematical-set	only wikidata
single	antisymmetric-relation	mathematical-structure	only wikidata
single	appendix	expression	only opencyc
single	applicant	expression	only opencyc
single	application	expression	only opencyc
single	appointment	expression	only opencyc
single	appraisal	expression	only opencyc
single	appraisal-report	expression	only opencyc
single	arc-cosecant	function	only wordnet
single	arc-cosecant	mathematical-relation	only wordnet
single	arc-cosine	function	only wordnet
single	arc-cosine	mathematical-relation	only wordnet
single	arc-cotangent	function	only wordnet
single	arc-cotangent	mathematical-relation	only wordnet
single	arc-secant	function	only wordnet
single	arc-secant	mathematical-relation	only wordnet
single	arc-sine	function	only wordnet
single	arc-sine	mathematical-relation	only wordnet
single	arc-tangent	function	only wordnet
single	arc-tangent	mathematical-relation	only wordnet
single	architect	expression	only opencyc
single	architecture	expression	only opencyc
single	arithmetic	cognition	only wordnet
single	arithmetic	science	only wordnet
single	arithmetic-mean	average	only wordnet
single	arithmetic-mean	cognition	only wordnet
single	arithmetic-mean	statistic	only wordnet
single	arithmetic-operation	accomplishment	only sumo
single	arithmetic-operation	algebraic-structure	only wikidata
single	arithmetic-operation	binary-relation	only wikidata
single	arithmetic-operation	calculation	only sumo
single	arithmetic-operation	function	only wikidata
single	arithmetic-operation	information	only sumo
single	arithmetic-operation	mathematical-set	only wikidata
single	arithmetic-operation	mathematical-structure	only wikidata
single	arithmetic-operation	volition	only sumo
single	army-division	expression	only opencyc
single	article	expression	only opencyc
single	artist	expression	only opencyc
single	assistant	expression	only opencyc
single	association	expression	only opencyc
single	asymmetry	property	only sumo
single	asymmetry	shape	only sumo
single	athlete	expression	only opencyc
single	attention	expression	only opencyc
single	auction	expression	only opencyc
single	auditor	expression	only opencyc
single	automorphism	algebraic-structure	only wikidata
single	automorphism	binary-relation	only wikidata
single	automorphism	function	only wikidata
single	automorphism	homomorphism	only wikidata
single	automorphism	isomorphism	only wikidata
single	automorphism	mathematical-set	only wikidata
single	automorphism	mathematical-structure	only wikidata
single	axiom	context	only opencyc
single	axiom	expression	only opencyc
single	axiom	information	only opencyc
single	axiom	theorem	only wikidata
single	axis	manifold	only opencyc
single	ballet	expression	only opencyc
single	ballot	expression	only opencyc
single	band	expression	only opencyc
single	bankruptcy	expression	only opencyc
single	banquet	expression	only opencyc
single	bark	expression	only opencyc
single	baron	expression	only opencyc
single	barter	expression	only opencyc
single	bayes'-postulate	line-of-text	only sumo
single	bayes'-postulate	sentence	only sumo
single	bayes'-theorem	cognition	only wordnet
single	beam	manifold	only opencyc
single	bearing	range-of-a-function	only sumo
single	bernoulli's-law	cognition	only wordnet
single	bernoulli's-law	idea	only wordnet
single	betrothal	expression	only opencyc
single	bible	expression	only opencyc
single	bijection	algebraic-structure	only wikidata
single	bijection	binary-relation	only wikidata
single	bijection	function	only wikidata
single	bijection	mathematical-set	only wikidata
single	bijection	mathematical-structure	only wikidata
single	binary-relation	algebraic-structure	only wikidata
single	binary-relation	mathematical-structure	only wikidata
single	binomial	cognition	only wordnet
single	binomial	concept	only wordnet
single	binomial	idea	only wordnet
single	binomial-distribution	cognition	only wordnet
single	binomial-theorem	information	only wordnet
single	binomial-theorem	proposition	only wordnet
single	biquadratic	function	only wordnet
single	biquadratic	mathematical-relation	only wordnet
single	biquadratic	quantity	only sumo
single	biquadratic-equation	information	only wordnet
single	biquadratic-equation	mathematical-statement	only wordnet
single	birth	expression	only opencyc
single	biserial-correlation-coefficient	cognition	only wordnet
single	biserial-correlation-coefficient	parametric-statistic	only wordnet
single	biserial-correlation-coefficient	quantity	only sumo
single	biserial-correlation-coefficient	statistic	only wordnet
single	blackmail	expression	only opencyc
single	blessing	expression	only opencyc
single	bloodshed	expression	only opencyc
single	board-of-directors	expression	only opencyc
single	boldness	range-of-a-function	only sumo
single	bolt	manifold	only opencyc
single	boolean-algebra	algebraic-magma	only wikidata
single	boolean-algebra	algebraic-structure	only wikidata
single	boolean-algebra	mathematical-module	only wikidata
single	boolean-algebra	mathematical-ring	only wikidata
single	boolean-algebra	mathematical-structure	only wikidata
single	boolean-algebra	partially-ordered-set	only wikidata
single	boolean-algebra	semigroup	only wikidata
single	boundary-condition	information	only wordnet
single	boundary-condition	premise	only wordnet
single	boundary-condition	proposition	only wordnet
single	branch	expression	only opencyc
single	brewery	expression	only opencyc
single	bride	expression	only opencyc
single	bureaucracy	expression	only opencyc
single	bus-ticket	expression	only opencyc
single	businessman	expression	only opencyc
single	calculus	cognition	only wordnet
single	calculus	science	only wordnet
single	calculus-of-variations	cognition	only wordnet
single	calculus-of-variations	mathematics	only wordnet
single	calculus-of-variations	science	only wordnet
single	call	expression	only opencyc
single	campaign	expression	only opencyc
single	capital-city	expression	only opencyc
single	caption	expression	only opencyc
single	card	expression	only opencyc
single	cardinality	algebraic-structure	only wikidata
single	cardinality	binary-relation	only wikidata
single	cardinality	mathematical-set	only wikidata
single	cardinality	mathematical-structure	only wikidata
single	cardinality	quantity	only sumo
single	care	expression	only opencyc
single	case	expression	only opencyc
single	cash	expression	only opencyc
single	census	expression	only opencyc
single	certificate	expression	only opencyc
single	championship	expression	only opencyc
single	chapter	expression	only opencyc
single	charity	expression	only opencyc
single	chart	expression	only opencyc
single	charter	expression	only opencyc
single	church	expression	only opencyc
single	circle	algebraic-structure	only wikidata
single	circle	geometric-shape	only wikidata
single	circle	mathematical-set	only wikidata
single	circle	mathematical-structure	only wikidata
single	citizen	expression	only opencyc
single	city	expression	only opencyc
single	civilian	expression	only opencyc
single	class	expression	only opencyc
single	clemency	expression	only opencyc
single	clipping	expression	only opencyc
single	closed-interval	subset	only sumo
single	coach	expression	only opencyc
single	coating	expression	only opencyc
single	coefficient-of-concordance	cognition	only wordnet
single	coefficient-of-concordance	nonparametric-statistic	only wordnet
single	coefficient-of-concordance	quantity	only sumo
single	coefficient-of-concordance	statistic	only wordnet
single	coin	expression	only opencyc
single	college	expression	only opencyc
single	column	expression	only opencyc
single	coma	expression	only opencyc
single	combinatorial-combination	act	only wordnet
single	combinatorial-combination	activity	only wordnet
single	combinatorial-combination	procedure	only wordnet
single	comedy	expression	only opencyc
single	comic-strip	expression	only opencyc
single	committee	expression	only opencyc
single	commutative-ring	algebraic-structure	only wikidata
single	commutative-ring	mathematical-structure	only wikidata
single	comparison	expression	only opencyc
single	compassion	range-of-a-function	only sumo
single	competition	expression	only opencyc
single	complex-number	algebraic-structure	only wikidata
single	complex-number	mathematical-lattice	only wikidata
single	complex-number	mathematical-structure	only wikidata
single	complex-number	partially-ordered-set	only wikidata
single	complex-number	quantity	only sumo
single	composer	expression	only opencyc
single	compromise	expression	only opencyc
single	computer	expression	only opencyc
single	computer-memory	expression	only opencyc
single	computer-virus	expression	only opencyc
single	concave-polygon	curve	only sumo
single	concave-polygon	property	only sumo
single	concept	expression	only opencyc
single	concession	expression	only opencyc
single	conductor	expression	only opencyc
single	conference	expression	only opencyc
single	confession	expression	only opencyc
single	conformity	expression	only opencyc
single	conic-section	algebraic-structure	only wikidata
single	conic-section	mathematical-structure	only wikidata
single	conic-section	property	only sumo
single	consensus	expression	only opencyc
single	consumer	expression	only opencyc
single	context	expression	only opencyc
single	contract	expression	only opencyc
single	convergence	algebraic-structure	only wikidata
single	convergence	binary-relation	only wikidata
single	convergence	increase	only sumo
single	convergence	mathematical-relation	only wordnet
single	convergence	mathematical-set	only wikidata
single	convergence	mathematical-structure	only wikidata
single	convergence	polynomial	only wordnet
single	convergence	situation	only opencyc
single	conversation	expression	only opencyc
single	convex-polygon	curve	only sumo
single	convex-polygon	property	only sumo
single	coordinate-origin	mathematical-set	only wordnet
single	copy	expression	only opencyc
single	copyright	expression	only opencyc
single	correlation-coefficient	cognition	only wordnet
single	correlation-coefficient	quantity	only sumo
single	correlation-coefficient	statistic	only wordnet
single	correlational-analysis	cognition	only wordnet
single	correlational-analysis	measure	only sumo
single	correlational-analysis	method	only wordnet
single	correlational-analysis	routine	only sumo
single	correlational-analysis	statistical-method	only wordnet
single	corruption	expression	only opencyc
single	cosecant	function	only wordnet
single	cosecant	mathematical-relation	only wordnet
single	cosine	function	only wordnet
single	cosine	mathematical-relation	only wordnet
single	cotangent	function	only wordnet
single	cotangent	mathematical-relation	only wordnet
single	council	expression	only opencyc
single	countable-set	algebraic-structure	only wikidata
single	countable-set	mathematical-structure	only wikidata
single	country	expression	only opencyc
single	coup-d'etat	expression	only opencyc
single	couple	expression	only opencyc
single	courage	range-of-a-function	only sumo
single	court	expression	only opencyc
single	courtesy	expression	only opencyc
single	covariance	cognition	only wordnet
single	covariance	moment	only wordnet
single	covariance	statistic	only wordnet
single	covariation	amateur	only sumo
single	covariation	ambiance	only sumo
single	covariation	attribute	only sumo
single	covariation	circumstance	only sumo
single	covariation	civilisation	only sumo
single	covariation	crowd	only sumo
single	covariation	custom	only sumo
single	covariation	danger	only sumo
single	covariation	expert	only sumo
single	covariation	freedom	only sumo
single	covariation	lap	only sumo
single	covariation	literary-works	only sumo
single	covariation	normal	only sumo
single	covariation	practice	only sumo
single	covariation	property	only sumo
single	covariation	society	only sumo
single	covariation	status	only sumo
single	covariation	tension	only sumo
single	covariation	way	only sumo
single	craft	expression	only opencyc
single	craftsman	expression	only opencyc
single	crash	expression	only opencyc
single	credit-card	expression	only opencyc
single	criminal	expression	only opencyc
single	critique	expression	only opencyc
single	cross-section	artifact	only sumo
single	cross-section	cognition	only wordnet
single	cross-section	contract-condition	only sumo
single	cross-section	data-file	only sumo
single	cross-section	example	only wordnet
single	cross-section	indication	only sumo
single	cross-section	information	only sumo
single	cross-section	line-of-text	only sumo
single	cross-section	news	only sumo
single	cross-section	note	only sumo
single	cross-section	physical-object	only sumo
single	cross-section	text	only sumo
single	crossing	expression	only opencyc
single	crossing	translation	only opencyc
single	crowd	expression	only opencyc
single	cube	manifold	only opencyc
single	currency	expression	only opencyc
single	curvilinear-correlation	cognition	only wordnet
single	curvilinear-correlation	field-of-study	only wordnet
single	curvilinear-correlation	mathematics	only wordnet
single	curvilinear-correlation	science	only wordnet
single	curvilinear-regression	cognition	only wordnet
single	curvilinear-regression	method	only wordnet
single	curvilinear-regression	quantity	only sumo
single	curvilinear-regression	statistical-method	only wordnet
single	curvilinear-regression	vector	only sumo
single	custom	expression	only opencyc
single	cyclic-group	algebraic-magma	only wikidata
single	cyclic-group	algebraic-structure	only wikidata
single	cyclic-group	mathematical-group	only wikidata
single	cyclic-group	mathematical-module	only wikidata
single	cyclic-group	mathematical-structure	only wikidata
single	cyclic-group	monoid	only wikidata
single	cyclic-group	quasigroup	only wikidata
single	cyclic-group	semigroup	only wikidata
single	cyclic-group	topological-space	only wikidata
single	cylinder	manifold	only opencyc
single	dairy	expression	only opencyc
single	death	expression	only opencyc
single	decagon	algebraic-structure	only wikidata
single	decagon	geometric-shape	only wikidata
single	decagon	manifold	only opencyc
single	decagon	mathematical-set	only wikidata
single	decagon	mathematical-structure	only wikidata
single	decagon	plane	only opencyc
single	decagon	property	only sumo
single	decagon	surface	only opencyc
single	decile	appraisal	only wordnet
single	decile	cognition	only wordnet
single	decile	indication	only sumo
single	decile	information	only sumo
single	decile	physical-object	only sumo
single	decree	expression	only opencyc
single	deed	expression	only opencyc
single	definition	expression	only opencyc
single	degree-of-freedom	algebraic-structure	only wikidata
single	degree-of-freedom	binary-relation	only wikidata
single	degree-of-freedom	cognition	only wordnet
single	degree-of-freedom	concept	only wordnet
single	degree-of-freedom	idea	only wordnet
single	degree-of-freedom	mathematical-set	only wikidata
single	degree-of-freedom	mathematical-structure	only wikidata
single	demo	expression	only opencyc
single	demographic	cognition	only wordnet
single	demographic	quantity	only sumo
single	denial	expression	only opencyc
single	dentist	expression	only opencyc
single	departure	expression	only opencyc
single	departure	translation	only opencyc
single	dependent-variable	cognition	only wordnet
single	dependent-variable	concept	only wordnet
single	dependent-variable	idea	only wordnet
single	detective	expression	only opencyc
single	deviation	cognition	only wordnet
single	diagonal	algebraic-structure	only wikidata
single	diagonal	mathematical-lattice	only wikidata
single	diagonal	mathematical-structure	only wikidata
single	diagonal	partially-ordered-set	only wikidata
single	diagonal	subset	only sumo
single	diagonal-line	attribute	only wordnet
single	diagram	expression	only opencyc
single	dialect	expression	only opencyc
single	dialogue	expression	only opencyc
single	diary	expression	only opencyc
single	dictionary	expression	only opencyc
single	diet	expression	only opencyc
single	differential-calculus	cognition	only wordnet
single	differential-calculus	mathematics	only wordnet
single	differential-calculus	science	only wordnet
single	differential-equation	expression	only opencyc
single	differential-equation	information	only wordnet
single	differential-equation	statement	only opencyc
single	differentiation	accomplishment	only sumo
single	differentiation	calculation	only sumo
single	differentiation	information	only sumo
single	differentiation	volition	only sumo
single	diplomat	expression	only opencyc
single	director	expression	only opencyc
single	disk	manifold	only opencyc
single	disposition	range-of-a-function	only sumo
single	dissertation	expression	only opencyc
single	district	expression	only opencyc
single	divergence	algebraic-structure	only wikidata
single	divergence	binary-relation	only wikidata
single	divergence	mathematical-relation	only wordnet
single	divergence	mathematical-set	only wikidata
single	divergence	mathematical-structure	only wikidata
single	divergence	polynomial	only wordnet
single	division	mathematical-operation	only wordnet
single	division-ring	algebraic-structure	only wikidata
single	division-ring	mathematical-structure	only wikidata
single	divorce	expression	only opencyc
single	doctor	expression	only opencyc
single	dodecagon	algebraic-structure	only wikidata
single	dodecagon	geometric-shape	only wikidata
single	dodecagon	manifold	only opencyc
single	dodecagon	mathematical-set	only wikidata
single	dodecagon	mathematical-structure	only wikidata
single	dodecagon	plane	only opencyc
single	dodecagon	property	only sumo
single	dodecagon	surface	only opencyc
single	domain	quantity	only sumo
single	dome	manifold	only opencyc
single	dominion	expression	only opencyc
single	dose	expression	only opencyc
single	drawn-box	attribute	only wordnet
single	drawn-box	parallelogram	only wordnet
single	drawn-box	polygon	only wordnet
single	drawn-box	quadrilateral	only wordnet
single	drawn-box	shape	only wordnet
single	drinking	expression	only opencyc
single	driver	expression	only opencyc
single	duality	property	only sumo
single	duke	expression	only opencyc
single	earth-science	expression	only opencyc
single	eccentricity	algebraic-structure	only wikidata
single	eccentricity	complex-number	only wikidata
single	eccentricity	mathematical-lattice	only wikidata
single	eccentricity	mathematical-structure	only wikidata
single	eccentricity	partially-ordered-set	only wikidata
single	eccentricity	quantity	only sumo
single	eccentricity	quaternion	only wikidata
single	eccentricity	totally-ordered-set	only wikidata
single	economy	expression	only opencyc
single	economy	range-of-a-function	only sumo
single	elementary-geometry	cognition	only wordnet
single	elementary-geometry	mathematics	only wordnet
single	elementary-geometry	science	only wordnet
single	elite	expression	only opencyc
single	elliptic-geometry	cognition	only wordnet
single	elliptic-geometry	geometry	only wordnet
single	elliptic-geometry	mathematics	only wordnet
single	elliptic-geometry	science	only wordnet
single	empire	expression	only opencyc
single	endomorphism	algebraic-structure	only wikidata
single	endomorphism	binary-relation	only wikidata
single	endomorphism	function	only wikidata
single	endomorphism	mathematical-set	only wikidata
single	endomorphism	mathematical-structure	only wikidata
single	engineer	expression	only opencyc
single	equation	expression	only opencyc
single	equidistribution	cognition	only wordnet
single	equidistribution	measure	only sumo
single	equidistribution	routine	only sumo
single	equilateral-triangle	attribute	only wordnet
single	equilateral-triangle	isogon	only wordnet
single	equilateral-triangle	polygon	only wordnet
single	equilateral-triangle	shape	only wordnet
single	equivalence-relation	algebraic-structure	only wikidata
single	equivalence-relation	binary-relation	only wikidata
single	equivalence-relation	mathematical-relation	only opencyc
single	equivalence-relation	mathematical-set	only wikidata
single	equivalence-relation	mathematical-structure	only wikidata
single	equivalence-relation	reflexive-relation	only wikidata
single	equivalence-relation	transitive-relation	only wikidata
single	erosion	expression	only opencyc
single	escape	expression	only opencyc
single	esprit-de-corps	range-of-a-function	only sumo
single	essay	expression	only opencyc
single	euclid's-axiom	information	only wordnet
single	euclidean-space	attribute	only wordnet
single	euclidean-space	mathematical-space	only wordnet
single	euclidean-space	subset	only sumo
single	euclidean-vector	tensor	only wikidata
single	even-number	algebraic-number	only wikidata
single	even-number	algebraic-structure	only wikidata
single	even-number	complex-number	only wikidata
single	even-number	mathematical-lattice	only wikidata
single	even-number	mathematical-structure	only wikidata
single	even-number	number	only wikidata
single	even-number	partially-ordered-set	only wikidata
single	even-number	quaternion	only wikidata
single	even-number	rational-number	only wikidata
single	even-number	real-number	only wikidata
single	even-number	totally-ordered-set	only wikidata
single	evenness	amateur	only sumo
single	evenness	ambiance	only sumo
single	evenness	attribute	only sumo
single	evenness	circumstance	only sumo
single	evenness	civilisation	only sumo
single	evenness	crowd	only sumo
single	evenness	custom	only sumo
single	evenness	danger	only sumo
single	evenness	expert	only sumo
single	evenness	freedom	only sumo
single	evenness	lap	only sumo
single	evenness	literary-works	only sumo
single	evenness	mathematical-relation	only wordnet
single	evenness	normal	only sumo
single	evenness	practice	only sumo
single	evenness	property	only sumo
single	evenness	society	only sumo
single	evenness	status	only sumo
single	evenness	tension	only sumo
single	evenness	way	only sumo
single	evidence	expression	only opencyc
single	examiner	expression	only opencyc
single	exchange	expression	only opencyc
single	excuse	expression	only opencyc
single	executive	expression	only opencyc
single	expectation	expression	only opencyc
single	expert	expression	only opencyc
single	explaining	expression	only opencyc
single	exponential	mathematical-relation	only wordnet
single	exponential-equation	information	only wordnet
single	exponential-equation	mathematical-statement	only wordnet
single	exponential-expression	information	only wordnet
single	exponential-expression	mathematical-statement	only wordnet
single	exponential-series	function	only wordnet
single	exponential-series	mathematical-relation	only wordnet
single	exponential-series	polynomial	only wordnet
single	exponentiation	act	only wordnet
single	exponentiation	activity	only wordnet
single	exponentiation	event	only wordnet
single	exponentiation	procedure	only wordnet
single	extrapolation	accomplishment	only sumo
single	extrapolation	act	only sumo
single	extrapolation	activity	only sumo
single	extrapolation	cognition	only wordnet
single	extrapolation	event	only sumo
single	extrapolation	information	only sumo
single	extrapolation	procedure	only sumo
single	extrapolation	thinking	only wordnet
single	extrapolation	volition	only sumo
single	factor-analysis	cognition	only wordnet
single	factor-analysis	measure	only sumo
single	factor-analysis	method	only wordnet
single	factor-analysis	multivariate-analysis	only wordnet
single	factor-analysis	routine	only sumo
single	factor-analysis	statistical-method	only wordnet
single	factorization	accomplishment	only sumo
single	factorization	act	only sumo
single	factorization	activity	only sumo
single	factorization	calculation	only sumo
single	factorization	cognition	only wordnet
single	factorization	event	only sumo
single	factorization	information	only sumo
single	factorization	procedure	only sumo
single	factorization	volition	only sumo
single	failing	expression	only opencyc
single	family	expression	only opencyc
single	farm	expression	only opencyc
single	farmer	expression	only opencyc
single	feedback	expression	only opencyc
single	feminist	expression	only opencyc
single	festival	expression	only opencyc
single	fever	expression	only opencyc
single	field-of-study	expression	only opencyc
single	fight	expression	only opencyc
single	financial-document	expression	only opencyc
single	finite-field	abelian-group	only wikidata
single	finite-field	algebra-over-a-field	only wikidata
single	finite-field	algebraic-magma	only wikidata
single	finite-field	algebraic-structure	only wikidata
single	finite-field	commutative-ring	only wikidata
single	finite-field	countable-set	only wikidata
single	finite-field	division-ring	only wikidata
single	finite-field	mathematical-group	only wikidata
single	finite-field	mathematical-module	only wikidata
single	finite-field	mathematical-ring	only wikidata
single	finite-field	mathematical-set	only wikidata
single	finite-field	mathematical-structure	only wikidata
single	finite-field	monoid	only wikidata
single	finite-field	quasigroup	only wikidata
single	finite-field	semigroup	only wikidata
single	finite-field	subgroup	only wikidata
single	finite-field	subset	only wikidata
single	finite-field	topological-space	only wikidata
single	finite-field	vector-space	only wikidata
single	finite-group	algebraic-magma	only wikidata
single	finite-group	algebraic-structure	only wikidata
single	finite-group	mathematical-structure	only wikidata
single	finite-group	monoid	only wikidata
single	finite-group	quasigroup	only wikidata
single	finite-group	semigroup	only wikidata
single	finite-set	algebraic-structure	only wikidata
single	finite-set	mathematical-set	only wikidata
single	finite-set	mathematical-structure	only wikidata
single	first-order-correlation	cognition	only wordnet
single	first-order-correlation	field-of-study	only wordnet
single	first-order-correlation	mathematics	only wordnet
single	first-order-correlation	science	only wordnet
single	first-order-correlation	statistical-correlation	only wordnet
single	first-order-correlation	statistics	only wordnet
single	fisherman	expression	only opencyc
single	fist	expression	only opencyc
single	flag	expression	only opencyc
single	foreman	expression	only opencyc
single	forestry	expression	only opencyc
single	form	expression	only opencyc
single	fossil	expression	only opencyc
single	fourier-series	function	only wordnet
single	fourier-series	mathematical-relation	only wordnet
single	fourier-series	polynomial	only wordnet
single	fractal	algebraic-structure	only wikidata
single	fractal	function	only opencyc
single	fractal	mathematical-relation	only opencyc
single	fractal	mathematical-structure	only wikidata
single	fractal-geometry	cognition	only wordnet
single	fractal-geometry	mathematics	only wordnet
single	fractal-geometry	science	only wordnet
single	franchise	expression	only opencyc
single	fraud	expression	only opencyc
single	frequency-distribution	cognition	only wordnet
single	function	algebraic-structure	only wikidata
single	function	mathematical-set	only wikidata
single	function	mathematical-structure	only wikidata
single	fundamental-law	expression	only opencyc
single	galois-theory	cognition	only wordnet
single	galois-theory	mathematics	only wordnet
single	galois-theory	science	only wordnet
single	game	expression	only opencyc
single	genius	expression	only opencyc
single	geodesic	attribute	only wordnet
single	geometric-construction	accomplishment	only sumo
single	geometric-construction	calculation	only sumo
single	geometric-construction	information	only sumo
single	geometric-construction	volition	only sumo
single	geometric-mean	average	only wordnet
single	geometric-mean	cognition	only wordnet
single	geometric-mean	statistic	only wordnet
single	geometric-ray	attribute	only wordnet
single	geometric-reflection	function	only wordnet
single	geometric-reflection	mathematical-relation	only wordnet
single	geometric-rotation	function	only wordnet
single	geometric-rotation	mathematical-relation	only wordnet
single	geometric-series	function	only wordnet
single	geometric-series	mathematical-relation	only wordnet
single	geometric-series	polynomial	only wordnet
single	geometric-shape	algebraic-structure	only wikidata
single	geometric-shape	mathematical-structure	only wikidata
single	geometry	cognition	only wordnet
single	geometry	science	only wordnet
single	gesture	expression	only opencyc
single	ghost	expression	only opencyc
single	giant	expression	only opencyc
single	good-will	range-of-a-function	only sumo
single	governor	expression	only opencyc
single	grab-sample	cognition	only wordnet
single	grab-sample	example	only wordnet
single	grant	expression	only opencyc
single	graveness	range-of-a-function	only sumo
single	greeting	expression	only opencyc
single	greeting-card	expression	only opencyc
single	grimace	expression	only opencyc
single	grip	expression	only opencyc
single	grocery-store	expression	only opencyc
single	group-theory	cognition	only wordnet
single	group-theory	science	only wordnet
single	guard	expression	only opencyc
single	guerrilla	expression	only opencyc
single	haircut	expression	only opencyc
single	hand	expression	only opencyc
single	harmonic-mean	average	only wordnet
single	harmonic-mean	cognition	only wordnet
single	harmonic-mean	statistic	only wordnet
single	harmonic-progression	algebraic-structure	only wikidata
single	harmonic-progression	binary-relation	only wikidata
single	harmonic-progression	mathematical-set	only wikidata
single	harmonic-progression	mathematical-structure	only wikidata
single	headline	expression	only opencyc
single	heptagon	algebraic-structure	only wikidata
single	heptagon	geometric-shape	only wikidata
single	heptagon	manifold	only opencyc
single	heptagon	mathematical-set	only wikidata
single	heptagon	mathematical-structure	only wikidata
single	heptagon	plane	only opencyc
single	heptagon	property	only sumo
single	heptagon	surface	only opencyc
single	heroin	expression	only opencyc
single	hexagon	algebraic-structure	only wikidata
single	hexagon	geometric-shape	only wikidata
single	hexagon	manifold	only opencyc
single	hexagon	mathematical-set	only wikidata
single	hexagon	mathematical-structure	only wikidata
single	hexagon	plane	only opencyc
single	hexagon	property	only sumo
single	hexagon	surface	only opencyc
single	hilbert-space	algebraic-structure	only wikidata
single	hilbert-space	attribute	only wordnet
single	hilbert-space	mathematical-module	only wikidata
single	hilbert-space	mathematical-space	only wordnet
single	hilbert-space	mathematical-structure	only wikidata
single	hilbert-space	subset	only sumo
single	history	expression	only opencyc
single	holiday	expression	only opencyc
single	homogeneous-polynomial	function	only wordnet
single	homogeneous-polynomial	mathematical-relation	only wordnet
single	homomorphism	algebraic-structure	only wikidata
single	homomorphism	binary-relation	only wikidata
single	homomorphism	mathematical-set	only wikidata
single	homomorphism	mathematical-structure	only wikidata
single	horoscope	expression	only opencyc
single	housing	expression	only opencyc
single	human	expression	only opencyc
single	humor	range-of-a-function	only sumo
single	hunter	expression	only opencyc
single	hyperbolic-geometry	cognition	only wordnet
single	hyperbolic-geometry	geometry	only wordnet
single	hyperbolic-geometry	mathematics	only wordnet
single	hyperbolic-geometry	science	only wordnet
single	hypothesis	expression	only opencyc
single	idea	expression	only opencyc
single	identity	range-of-a-function	only sumo
single	identity-element	character	only sumo
single	identity-element	function	only wordnet
single	identity-element	information	only sumo
single	identity-element	mathematical-relation	only wordnet
single	identity-element	symbol	only sumo
single	illustration	expression	only opencyc
single	image	expression	only opencyc
single	imaginary-number	algebraic-structure	only wikidata
single	imaginary-number	mathematical-lattice	only wikidata
single	imaginary-number	mathematical-structure	only wikidata
single	imaginary-number	partially-ordered-set	only wikidata
single	imaginary-number	quaternion	only wikidata
single	imaginary-number	totally-ordered-set	only wikidata
single	immigrant	expression	only opencyc
single	imposter	expression	only opencyc
single	independent-variable	cognition	only wordnet
single	independent-variable	concept	only wordnet
single	independent-variable	idea	only wordnet
single	infinite-set	algebraic-structure	only wikidata
single	infinite-set	mathematical-structure	only wikidata
single	infinitesimal	cognition	only wordnet
single	infinitesimal	concept	only wordnet
single	infinitesimal	idea	only wordnet
single	information-theory	cognition	only wordnet
single	injective-function	algebraic-structure	only wikidata
single	injective-function	binary-relation	only wikidata
single	injective-function	mathematical-set	only wikidata
single	injective-function	mathematical-structure	only wikidata
single	institution	expression	only opencyc
single	insurgent	expression	only opencyc
single	integer	algebraic-structure	only wikidata
single	integer	interval	only opencyc
single	integer	mathematical-lattice	only wikidata
single	integer	mathematical-structure	only wikidata
single	integer	partially-ordered-set	only wikidata
single	integer	quaternion	only wikidata
single	integer	totally-ordered-set	only wikidata
single	integral-calculus	cognition	only wordnet
single	integral-calculus	mathematics	only wordnet
single	integral-calculus	science	only wordnet
single	integral-domain	algebraic-magma	only wikidata
single	integral-domain	algebraic-structure	only wikidata
single	integral-domain	mathematical-group	only wikidata
single	integral-domain	mathematical-module	only wikidata
single	integral-domain	mathematical-ring	only wikidata
single	integral-domain	mathematical-set	only wikidata
single	integral-domain	mathematical-structure	only wikidata
single	integral-domain	monoid	only wikidata
single	integral-domain	quasigroup	only wikidata
single	integral-domain	semigroup	only wikidata
single	integral-domain	subset	only wikidata
single	integral-domain	topological-space	only wikidata
single	intellect	expression	only opencyc
single	interface	expression	only opencyc
single	interpolation	accomplishment	only sumo
single	interpolation	act	only sumo
single	interpolation	activity	only sumo
single	interpolation	cognition	only wordnet
single	interpolation	event	only sumo
single	interpolation	information	only sumo
single	interpolation	procedure	only sumo
single	interpolation	thinking	only wordnet
single	interpolation	volition	only sumo
single	interval	subset	only sumo
single	introduction	expression	only opencyc
single	invariance	property	only sumo
single	invariant	attribute	only sumo
single	invariant	cognition	only wordnet
single	invariant	concept	only wordnet
single	invariant	idea	only wordnet
single	inverse-function	algebraic-structure	only wikidata
single	inverse-function	binary-relation	only wikidata
single	inverse-function	mathematical-relation	only wordnet
single	inverse-function	mathematical-set	only wikidata
single	inverse-function	mathematical-structure	only wikidata
single	irrational-number	algebraic-structure	only wikidata
single	irrational-number	interval	only opencyc
single	irrational-number	mathematical-lattice	only wikidata
single	irrational-number	mathematical-structure	only wikidata
single	irrational-number	partially-ordered-set	only wikidata
single	irrational-number	quaternion	only wikidata
single	irrational-number	totally-ordered-set	only wikidata
single	isogon	curve	only sumo
single	isogon	property	only sumo
single	isometry	algebraic-structure	only wikidata
single	isometry	binary-relation	only wikidata
single	isometry	mathematical-relation	only wordnet
single	isometry	mathematical-set	only wikidata
single	isometry	mathematical-structure	only wikidata
single	isometry	surjective-function	only wikidata
single	isomorphism	function	only opencyc
single	isomorphism	mathematical-relation	only opencyc
single	isosceles-triangle	attribute	only wordnet
single	isosceles-triangle	polygon	only wordnet
single	isosceles-triangle	shape	only wordnet
single	jersey	expression	only opencyc
single	jockey	expression	only opencyc
single	joke	expression	only opencyc
single	journal	expression	only opencyc
single	judge	expression	only opencyc
single	judgment	expression	only opencyc
single	jury	expression	only opencyc
single	justification	expression	only opencyc
single	kendall-partial-rank-correlation	cognition	only wordnet
single	kendall-partial-rank-correlation	nonparametric-statistic	only wordnet
single	kendall-partial-rank-correlation	statistic	only wordnet
single	kendall-test	cognition	only wordnet
single	kendall-test	statistic	only wordnet
single	kronecker-delta	mathematical-relation	only wordnet
single	label	expression	only opencyc
single	labor	expression	only opencyc
single	landlord	expression	only opencyc
single	language	expression	only opencyc
single	law	expression	only opencyc
single	lawsuit	expression	only opencyc
single	lawyer	expression	only opencyc
single	learner	expression	only opencyc
single	lease	expression	only opencyc
single	least-squares	cognition	only wordnet
single	least-squares	measure	only sumo
single	least-squares	method	only wordnet
single	least-squares	routine	only sumo
single	lecture	expression	only opencyc
single	legend	expression	only opencyc
single	lesson	expression	only opencyc
single	letter-of-the-alphabet	expression	only opencyc
single	license	expression	only opencyc
single	lie-algebra	algebraic-structure	only wikidata
single	lie-algebra	mathematical-module	only wikidata
single	lie-algebra	mathematical-ring	only wikidata
single	lie-algebra	mathematical-structure	only wikidata
single	lie-algebra	vector-space	only wikidata
single	linear-algebra	cognition	only wordnet
single	linear-algebra	mathematics	only wordnet
single	linear-algebra	science	only wordnet
single	linear-equation	information	only wordnet
single	linear-equation	mathematical-statement	only wordnet
single	linear-map	algebraic-structure	only wikidata
single	linear-map	binary-relation	only wikidata
single	linear-map	mathematical-set	only wikidata
single	linear-map	mathematical-structure	only wikidata
single	linear-operator	algebraic-structure	only wikidata
single	linear-operator	binary-relation	only wikidata
single	linear-operator	character	only sumo
single	linear-operator	homomorphism	only wikidata
single	linear-operator	information	only sumo
single	linear-operator	mathematical-relation	only wordnet
single	linear-operator	mathematical-set	only wikidata
single	linear-operator	mathematical-structure	only wikidata
single	linear-operator	symbol	only sumo
single	linear-regression	cognition	only wordnet
single	linear-regression	method	only wordnet
single	linear-regression	quantity	only sumo
single	linear-regression	statistical-method	only wordnet
single	linear-regression	vector	only sumo
single	locus	subset	only sumo
single	long-division	act	only wordnet
single	long-division	activity	only wordnet
single	long-division	arithmetic-operation	only wordnet
single	long-division	event	only wordnet
single	long-division	mathematical-operation	only wordnet
single	long-division	procedure	only wordnet
single	looting	expression	only opencyc
single	lottery	expression	only opencyc
single	lower-bound	algebraic-structure	only wikidata
single	lower-bound	antisymmetric-relation	only wikidata
single	lower-bound	attribute	only wordnet
single	lower-bound	binary-relation	only wikidata
single	lower-bound	mathematical-set	only wikidata
single	lower-bound	mathematical-structure	only wikidata
single	lower-bound	preorder	only wikidata
single	lower-bound	quantity	only sumo
single	lower-bound	reflexive-relation	only wikidata
single	lower-bound	transitive-relation	only wikidata
single	loyalty	range-of-a-function	only sumo
single	lozenge	expression	only opencyc
single	machinery	expression	only opencyc
single	maestro	expression	only opencyc
single	maid	expression	only opencyc
single	mailman	expression	only opencyc
single	man	expression	only opencyc
single	management	expression	only opencyc
single	manager	expression	only opencyc
single	mandelbrot-set	subset	only sumo
single	manifold	attribute	only wordnet
single	manifold	mathematical-structure	only wikidata
single	manifold	subset	only sumo
single	manner	range-of-a-function	only sumo
single	manual	expression	only opencyc
single	marketing	expression	only opencyc
single	married-couple	expression	only opencyc
single	mathematical-analysis	cognition	only wordnet
single	mathematical-analysis	mathematics	only wordnet
single	mathematical-analysis	science	only wordnet
single	mathematical-field	algebraic-magma	only wikidata
single	mathematical-field	algebraic-structure	only wikidata
single	mathematical-field	mathematical-group	only wikidata
single	mathematical-field	mathematical-module	only wikidata
single	mathematical-field	mathematical-ring	only wikidata
single	mathematical-field	mathematical-structure	only wikidata
single	mathematical-field	monoid	only wikidata
single	mathematical-field	quasigroup	only wikidata
single	mathematical-field	semigroup	only wikidata
single	mathematical-field	topological-space	only wikidata
single	mathematical-field	vector-space	only wikidata
single	mathematical-graph	algebraic-structure	only wikidata
single	mathematical-group	algebraic-magma	only wikidata
single	mathematical-group	algebraic-structure	only wikidata
single	mathematical-group	mathematical-structure	only wikidata
single	mathematical-group	semigroup	only wikidata
single	mathematical-group	subset	only sumo
single	mathematical-integration	accomplishment	only sumo
single	mathematical-integration	calculation	only sumo
single	mathematical-integration	information	only sumo
single	mathematical-integration	volition	only sumo
single	mathematical-lattice	algebraic-structure	only wikidata
single	mathematical-lattice	mathematical-structure	only wikidata
single	mathematical-module	mathematical-structure	only wikidata
single	mathematical-operation	accomplishment	only sumo
single	mathematical-operation	algebraic-structure	only wikidata
single	mathematical-operation	binary-relation	only wikidata
single	mathematical-operation	calculation	only sumo
single	mathematical-operation	information	only sumo
single	mathematical-operation	mathematical-set	only wikidata
single	mathematical-operation	mathematical-structure	only wikidata
single	mathematical-operation	volition	only sumo
single	mathematical-ring	mathematical-structure	only wikidata
single	mathematical-series	mathematical-relation	only wordnet
single	mathematical-set	mathematical-structure	only wikidata
single	mathematical-space	subset	only sumo
single	mathematical-statement	statement	only opencyc
single	mathematician	adult	only opencyc
single	mathematician	agent	only wordnet
single	mathematician	expression	only opencyc
single	mathematician	human	only opencyc
single	mathematician	mammal	only opencyc
single	mathematician	organism	only wordnet
single	mathematician	person	only wordnet
single	mathematician	physical-object	only wordnet
single	mathematician	structure	only opencyc
single	mathematician	vertebrate	only opencyc
single	mathematician	worker	only opencyc
single	matrix-addition	accomplishment	only sumo
single	matrix-addition	calculation	only sumo
single	matrix-addition	information	only sumo
single	matrix-addition	mathematical-operation	only wordnet
single	matrix-addition	volition	only sumo
single	matrix-algebra	cognition	only wordnet
single	matrix-algebra	mathematics	only wordnet
single	matrix-algebra	science	only wordnet
single	matrix-inversion	accomplishment	only sumo
single	matrix-inversion	calculation	only sumo
single	matrix-inversion	information	only sumo
single	matrix-inversion	mathematical-operation	only wordnet
single	matrix-inversion	volition	only sumo
single	matrix-multiplication	accomplishment	only sumo
single	matrix-multiplication	calculation	only sumo
single	matrix-multiplication	information	only sumo
single	matrix-multiplication	mathematical-operation	only wordnet
single	matrix-multiplication	volition	only sumo
single	matrix-operation	accomplishment	only sumo
single	matrix-operation	calculation	only sumo
single	matrix-operation	information	only sumo
single	matrix-operation	volition	only sumo
single	matrix-transposition	accomplishment	only sumo
single	matrix-transposition	calculation	only sumo
single	matrix-transposition	information	only sumo
single	matrix-transposition	mathematical-operation	only wordnet
single	matrix-transposition	volition	only sumo
single	maximization	accomplishment	only sumo
single	maximization	calculation	only sumo
single	maximization	information	only sumo
single	maximization	volition	only sumo
single	maxwell's-equations	equation	only wordnet
single	maxwell's-equations	mathematical-statement	only wordnet
single	mayor	expression	only opencyc
single	mean	cognition	only wordnet
single	mean	number	only sumo
single	mean	quantity	only sumo
single	mean	statistic	only wordnet
single	mean-deviation	cognition	only wordnet
single	mean-deviation	statistic	only wordnet
single	median	cognition	only wordnet
single	median	statistic	only wordnet
single	medicine	expression	only opencyc
single	meeting	expression	only opencyc
single	memo	expression	only opencyc
single	memorial	expression	only opencyc
single	memory	expression	only opencyc
single	menu	expression	only opencyc
single	metamathematics	cognition	only wordnet
single	metamathematics	science	only wordnet
single	metric-function	algebraic-structure	only wikidata
single	metric-function	binary-relation	only wikidata
single	metric-function	mathematical-relation	only wordnet
single	metric-function	mathematical-set	only wikidata
single	metric-function	mathematical-structure	only wikidata
single	metric-space	attribute	only wordnet
single	metric-space	mathematical-structure	only wikidata
single	metric-space	subset	only sumo
single	military-action	expression	only opencyc
single	military-operation	expression	only opencyc
single	miner	expression	only opencyc
single	minister	expression	only opencyc
single	ministry	expression	only opencyc
single	mistake	expression	only opencyc
single	mode	cognition	only wordnet
single	mode	statistic	only wordnet
single	model	expression	only opencyc
single	module	expression	only opencyc
single	moment	cognition	only wordnet
single	monic-polynomial	function	only wordnet
single	monic-polynomial	mathematical-relation	only wordnet
single	monic-polynomial	quantity	only sumo
single	monk	expression	only opencyc
single	monoid	algebraic-magma	only wikidata
single	monoid	algebraic-structure	only wikidata
single	monoid	mathematical-structure	only wikidata
single	mortgage	expression	only opencyc
single	mother	expression	only opencyc
single	motivational-drive	range-of-a-function	only sumo
single	motto	expression	only opencyc
single	multicollinearity	cognition	only wordnet
single	multicollinearity	measure	only sumo
single	multicollinearity	method	only wordnet
single	multicollinearity	multivariate-analysis	only wordnet
single	multicollinearity	routine	only sumo
single	multicollinearity	statistical-method	only wordnet
single	multiple-correlation-coefficient	cognition	only wordnet
single	multiple-correlation-coefficient	parametric-statistic	only wordnet
single	multiple-correlation-coefficient	quantity	only sumo
single	multiple-correlation-coefficient	statistic	only wordnet
single	multiple-regression	cognition	only wordnet
single	multiple-regression	measure	only sumo
single	multiple-regression	method	only wordnet
single	multiple-regression	routine	only sumo
single	multiple-regression	statistical-method	only wordnet
single	multiplication	act	only wordnet
single	multiplication	activity	only wordnet
single	multiplication	event	only wordnet
single	multiplication	mathematical-operation	only wordnet
single	multiplication	procedure	only wordnet
single	multiplicative-inverse	amateur	only sumo
single	multiplicative-inverse	ambiance	only sumo
single	multiplicative-inverse	attribute	only sumo
single	multiplicative-inverse	circumstance	only sumo
single	multiplicative-inverse	civilisation	only sumo
single	multiplicative-inverse	crowd	only sumo
single	multiplicative-inverse	custom	only sumo
single	multiplicative-inverse	danger	only sumo
single	multiplicative-inverse	expert	only sumo
single	multiplicative-inverse	freedom	only sumo
single	multiplicative-inverse	lap	only sumo
single	multiplicative-inverse	literary-works	only sumo
single	multiplicative-inverse	normal	only sumo
single	multiplicative-inverse	practice	only sumo
single	multiplicative-inverse	property	only sumo
single	multiplicative-inverse	society	only sumo
single	multiplicative-inverse	status	only sumo
single	multiplicative-inverse	tension	only sumo
single	multiplicative-inverse	way	only sumo
single	multivariate-analysis	cognition	only wordnet
single	multivariate-analysis	field-of-study	only sumo
single	multivariate-analysis	method	only wordnet
single	museum	expression	only opencyc
single	music	expression	only opencyc
single	musical-composition	expression	only opencyc
single	musician	expression	only opencyc
single	myth	expression	only opencyc
single	narrative	expression	only opencyc
single	natural-language	expression	only opencyc
single	natural-law	expression	only opencyc
single	navy	expression	only opencyc
single	needle	manifold	only opencyc
single	negative-correlation	cognition	only wordnet
single	negative-correlation	field-of-study	only wordnet
single	negative-correlation	mathematics	only wordnet
single	negative-correlation	number	only sumo
single	negative-correlation	quantity	only sumo
single	negative-correlation	science	only wordnet
single	negligence	range-of-a-function	only sumo
single	news	expression	only opencyc
single	nomination	expression	only opencyc
single	non-euclidean-geometry	cognition	only wordnet
single	non-euclidean-geometry	mathematics	only wordnet
single	non-euclidean-geometry	science	only wordnet
single	nonagon	algebraic-structure	only wikidata
single	nonagon	geometric-shape	only wikidata
single	nonagon	manifold	only opencyc
single	nonagon	mathematical-set	only wikidata
single	nonagon	mathematical-structure	only wikidata
single	nonagon	plane	only opencyc
single	nonagon	property	only sumo
single	nonagon	surface	only opencyc
single	nonparametric-statistic	cognition	only wordnet
single	nonparametric-statistic	quantity	only sumo
single	normal-curve	attribute	only wordnet
single	normal-curve	shape	only wordnet
single	normal-distribution	cognition	only wordnet
single	normal-distribution	function	only opencyc
single	normal-distribution	mathematical-relation	only opencyc
single	noun	expression	only opencyc
single	novel	expression	only opencyc
single	null-space	attribute	only wordnet
single	null-space	subset	only sumo
single	numeral	expression	only opencyc
single	numerical-analysis	cognition	only wordnet
single	numerical-analysis	science	only wordnet
single	nun	expression	only opencyc
single	nurse	expression	only opencyc
single	oblique-triangle	attribute	only wordnet
single	oblique-triangle	polygon	only wordnet
single	oblique-triangle	shape	only wordnet
single	observation	expression	only opencyc
single	obtuse-triangle	attribute	only wordnet
single	obtuse-triangle	polygon	only wordnet
single	obtuse-triangle	shape	only wordnet
single	occupation	expression	only opencyc
single	octagon	algebraic-structure	only wikidata
single	octagon	geometric-shape	only wikidata
single	octagon	manifold	only opencyc
single	octagon	mathematical-set	only wikidata
single	octagon	mathematical-structure	only wikidata
single	octagon	plane	only opencyc
single	octagon	property	only sumo
single	octagon	surface	only opencyc
single	odd-number	algebraic-number	only wikidata
single	odd-number	algebraic-structure	only wikidata
single	odd-number	complex-number	only wikidata
single	odd-number	mathematical-lattice	only wikidata
single	odd-number	mathematical-structure	only wikidata
single	odd-number	number	only wikidata
single	odd-number	partially-ordered-set	only wikidata
single	odd-number	quaternion	only wikidata
single	odd-number	rational-number	only wikidata
single	odd-number	real-number	only wikidata
single	odd-number	totally-ordered-set	only wikidata
single	oddness	amateur	only sumo
single	oddness	ambiance	only sumo
single	oddness	attribute	only sumo
single	oddness	circumstance	only sumo
single	oddness	civilisation	only sumo
single	oddness	crowd	only sumo
single	oddness	custom	only sumo
single	oddness	danger	only sumo
single	oddness	expert	only sumo
single	oddness	freedom	only sumo
single	oddness	lap	only sumo
single	oddness	literary-works	only sumo
single	oddness	mathematical-relation	only wordnet
single	oddness	normal	only sumo
single	oddness	practice	only sumo
single	oddness	property	only sumo
single	oddness	society	only sumo
single	oddness	status	only sumo
single	oddness	tension	only sumo
single	oddness	way	only sumo
single	open-interval	algebraic-structure	only wikidata
single	open-interval	mathematical-structure	only wikidata
single	open-interval	subset	only sumo
single	operating-system	expression	only opencyc
single	operation	expression	only opencyc
single	operator	adult	only opencyc
single	operator	expression	only opencyc
single	operator	human	only opencyc
single	operator	mammal	only opencyc
single	operator	mathematical-relation	only wordnet
single	operator	structure	only opencyc
single	operator	vertebrate	only opencyc
single	operator	worker	only opencyc
single	optimism	range-of-a-function	only sumo
single	option	expression	only opencyc
single	orchestra	expression	only opencyc
single	orgy	expression	only opencyc
single	osculation	action	only opencyc
single	osculation	attribute	only wordnet
single	osculation	combination	only sumo
single	osculation	expression	only opencyc
single	osculation	situation	only opencyc
single	osculation	state	only wordnet
single	outlier	amateur	only sumo
single	outlier	ambiance	only sumo
single	outlier	attribute	only sumo
single	outlier	circumstance	only sumo
single	outlier	civilisation	only sumo
single	outlier	cognition	only wordnet
single	outlier	crowd	only sumo
single	outlier	custom	only sumo
single	outlier	danger	only sumo
single	outlier	expert	only sumo
single	outlier	freedom	only sumo
single	outlier	lap	only sumo
single	outlier	literary-works	only sumo
single	outlier	normal	only sumo
single	outlier	practice	only sumo
single	outlier	property	only sumo
single	outlier	society	only sumo
single	outlier	statistic	only wordnet
single	outlier	status	only sumo
single	outlier	tension	only sumo
single	outlier	way	only sumo
single	outline	expression	only opencyc
single	overview	expression	only opencyc
single	owner	expression	only opencyc
single	parade	expression	only opencyc
single	paradox	expression	only opencyc
single	paragraph	expression	only opencyc
single	parallel-line	algebraic-structure	only wikidata
single	parallel-line	amateur	only sumo
single	parallel-line	ambiance	only sumo
single	parallel-line	circumstance	only sumo
single	parallel-line	civilisation	only sumo
single	parallel-line	crowd	only sumo
single	parallel-line	custom	only sumo
single	parallel-line	danger	only sumo
single	parallel-line	expert	only sumo
single	parallel-line	freedom	only sumo
single	parallel-line	lap	only sumo
single	parallel-line	literary-works	only sumo
single	parallel-line	mathematical-structure	only wikidata
single	parallel-line	normal	only sumo
single	parallel-line	practice	only sumo
single	parallel-line	property	only sumo
single	parallel-line	society	only sumo
single	parallel-line	status	only sumo
single	parallel-line	tension	only sumo
single	parallel-line	way	only sumo
single	parallelogram	curve	only sumo
single	parallelogram	manifold	only opencyc
single	parallelogram	plane	only opencyc
single	parallelogram	property	only sumo
single	parallelogram	surface	only opencyc
single	parametric-statistic	cognition	only wordnet
single	parametric-statistic	quantity	only sumo
single	pardon	expression	only opencyc
single	parity	algebraic-structure	only wikidata
single	parity	binary-relation	only wikidata
single	parity	mathematical-set	only wikidata
single	parity	mathematical-structure	only wikidata
single	parliament	expression	only opencyc
single	partial-correlation	cognition	only wordnet
single	partial-correlation	field-of-study	only wordnet
single	partial-correlation	mathematics	only wordnet
single	partial-correlation	science	only wordnet
single	partial-differential-equation	equation	only wordnet
single	partial-differential-equation	information	only wordnet
single	partial-differential-equation	mathematical-statement	only wordnet
single	partial-order	algebraic-structure	only wikidata
single	partial-order	binary-relation	only wikidata
single	partial-order	mathematical-set	only wikidata
single	partial-order	mathematical-structure	only wikidata
single	partial-order	reflexive-relation	only wikidata
single	partial-order	transitive-relation	only wikidata
single	partner	expression	only opencyc
single	partnership	expression	only opencyc
single	patent	expression	only opencyc
single	patience	range-of-a-function	only sumo
single	patience	relaxation	only opencyc
single	patient	expression	only opencyc
single	patriotism	range-of-a-function	only sumo
single	payment	expression	only opencyc
single	peasant	expression	only opencyc
single	pedestrian	expression	only opencyc
single	peer	expression	only opencyc
single	pencil-of-lines	algebraic-structure	only wikidata
single	pencil-of-lines	mathematical-structure	only wikidata
single	pencil-of-lines	property	only sumo
single	pensioner	expression	only opencyc
single	pentagon	algebraic-structure	only wikidata
single	pentagon	geometric-shape	only wikidata
single	pentagon	manifold	only opencyc
single	pentagon	mathematical-set	only wikidata
single	pentagon	mathematical-structure	only wikidata
single	pentagon	plane	only opencyc
single	pentagon	property	only sumo
single	pentagon	surface	only opencyc
single	percentile	appraisal	only wordnet
single	percentile	cognition	only wordnet
single	percentile	indication	only sumo
single	percentile	information	only sumo
single	percentile	physical-object	only sumo
single	permission	expression	only opencyc
single	permutation	act	only wordnet
single	permutation	activity	only wordnet
single	permutation	algebraic-structure	only wikidata
single	permutation	binary-relation	only wikidata
single	permutation	function	only wikidata
single	permutation	mathematical-set	only wikidata
single	permutation	mathematical-structure	only wikidata
single	permutation	procedure	only wordnet
single	permutation	surjective-function	only wikidata
single	personal-identification-number	expression	only opencyc
single	personality	range-of-a-function	only sumo
single	phi-coefficient	cognition	only wordnet
single	phi-coefficient	quantity	only sumo
single	phi-coefficient	statistic	only wordnet
single	philosopher	expression	only opencyc
single	philosophy	expression	only opencyc
single	photographer	expression	only opencyc
single	photographic-film	expression	only opencyc
single	plan	expression	only opencyc
single	plane	algebraic-structure	only wikidata
single	plane	curve	only sumo
single	plane	geometric-shape	only wikidata
single	plane	mathematical-structure	only wikidata
single	plane	property	only sumo
single	plane	surface	only opencyc
single	plane-geometry	cognition	only wordnet
single	plane-geometry	mathematics	only wordnet
single	plane-geometry	science	only wordnet
single	plane-section	attribute	only wordnet
single	plane-section	place	only sumo
single	plot	expression	only opencyc
single	pneumonia	expression	only opencyc
single	poem	expression	only opencyc
single	poetry	expression	only opencyc
single	poisson-distribution	cognition	only wordnet
single	polish	expression	only opencyc
single	political-campaign	expression	only opencyc
single	political-party	expression	only opencyc
single	politician	expression	only opencyc
single	politics	expression	only opencyc
single	polygon	algebraic-structure	only wikidata
single	polygon	curve	only sumo
single	polygon	geometric-shape	only wikidata
single	polygon	manifold	only opencyc
single	polygon	mathematical-set	only wikidata
single	polygon	mathematical-structure	only wikidata
single	polygon	plane	only opencyc
single	polygon	property	only sumo
single	polygon	surface	only opencyc
single	polynomial	mathematical-relation	only wordnet
single	pop-music	expression	only opencyc
single	porter	expression	only opencyc
single	portrait	expression	only opencyc
single	positive-correlation	cognition	only wordnet
single	positive-correlation	field-of-study	only wordnet
single	positive-correlation	mathematics	only wordnet
single	positive-correlation	number	only sumo
single	positive-correlation	quantity	only sumo
single	positive-correlation	science	only wordnet
single	postage	expression	only opencyc
single	postcard	expression	only opencyc
single	power-series	function	only wordnet
single	power-series	mathematical-relation	only wordnet
single	power-series	polynomial	only wordnet
single	prayer	expression	only opencyc
single	predictor-variable	cognition	only wordnet
single	predictor-variable	concept	only wordnet
single	predictor-variable	idea	only wordnet
single	preference	expression	only opencyc
single	preorder	algebraic-structure	only wikidata
single	preorder	binary-relation	only wikidata
single	preorder	mathematical-set	only wikidata
single	preorder	mathematical-structure	only wikidata
single	prescription-drug	expression	only opencyc
single	presentation	expression	only opencyc
single	pride	range-of-a-function	only sumo
single	prime-number	cardinal-number	only opencyc
single	prime-number	complex-number	only opencyc
single	prime-number	interval	only opencyc
single	prime-number	number	only opencyc
single	prime-number	real-number	only opencyc
single	primitive	mathematical-statement	only wordnet
single	prince	expression	only opencyc
single	princess	expression	only opencyc
single	print	expression	only opencyc
single	prisoner	expression	only opencyc
single	privacy	range-of-a-function	only sumo
single	privilege	expression	only opencyc
single	probability-theory	cognition	only wordnet
single	probability-theory	science	only wordnet
single	product-moment-correlation-coefficient	cognition	only wordnet
single	product-moment-correlation-coefficient	measure	only sumo
single	product-moment-correlation-coefficient	parametric-statistic	only wordnet
single	product-moment-correlation-coefficient	routine	only sumo
single	product-moment-correlation-coefficient	statistic	only wordnet
single	professor	expression	only opencyc
single	profile	expression	only opencyc
single	prognosis	expression	only opencyc
single	projective-geometry	cognition	only wordnet
single	projective-geometry	mathematics	only wordnet
single	projective-geometry	science	only wordnet
single	proof	expression	only opencyc
single	propaganda	expression	only opencyc
single	proposal	expression	only opencyc
single	proposition	expression	only opencyc
single	psychologist	expression	only opencyc
single	publication	expression	only opencyc
single	publisher	expression	only opencyc
single	pulse	interval	only opencyc
single	quadrate	isogon	only wordnet
single	quadrate	parallelogram	only wordnet
single	quadrate	polygon	only wordnet
single	quadrate	property	only sumo
single	quadrate	quadrilateral	only wordnet
single	quadrate	rectangle	only wordnet
single	quadrate	regular-polygon	only wordnet
single	quadratic	function	only wordnet
single	quadratic	mathematical-relation	only wordnet
single	quadratic	quantity	only sumo
single	quadratic-equation	information	only wordnet
single	quadratic-equation	mathematical-statement	only wordnet
single	quadratics	cognition	only wordnet
single	quadratics	mathematics	only wordnet
single	quadratics	science	only wordnet
single	quadrature	accomplishment	only sumo
single	quadrature	calculation	only sumo
single	quadrature	information	only sumo
single	quadrature	mathematical-operation	only wordnet
single	quadrature	volition	only sumo
single	quadrilateral	algebraic-structure	only wikidata
single	quadrilateral	curve	only sumo
single	quadrilateral	geometric-shape	only wikidata
single	quadrilateral	manifold	only opencyc
single	quadrilateral	mathematical-set	only wikidata
single	quadrilateral	mathematical-structure	only wikidata
single	quadrilateral	plane	only opencyc
single	quadrilateral	property	only sumo
single	quadrilateral	surface	only opencyc
single	quantic	function	only wordnet
single	quantic	mathematical-relation	only wordnet
single	quantic	polynomial	only wordnet
single	quartile	appraisal	only wordnet
single	quartile	cognition	only wordnet
single	quartile	indication	only sumo
single	quartile	information	only sumo
single	quartile	physical-object	only sumo
single	quasigroup	algebraic-structure	only wikidata
single	quasigroup	mathematical-structure	only wikidata
single	question	expression	only opencyc
single	queue	expression	only opencyc
single	quotation	expression	only opencyc
single	radical-expression	character	only sumo
single	radical-expression	information	only sumo
single	radical-expression	symbol	only sumo
single	rain	translation	only opencyc
single	rainbow	expression	only opencyc
single	rally	expression	only opencyc
single	random-sample	artifact	only sumo
single	random-sample	cognition	only wordnet
single	random-sample	contract-condition	only sumo
single	random-sample	data-file	only sumo
single	random-sample	example	only wordnet
single	random-sample	indication	only sumo
single	random-sample	information	only sumo
single	random-sample	line-of-text	only sumo
single	random-sample	news	only sumo
single	random-sample	note	only sumo
single	random-sample	physical-object	only sumo
single	random-sample	text	only sumo
single	range-of-a-function	algebraic-structure	only wikidata
single	range-of-a-function	attribute	only sumo
single	range-of-a-function	mathematical-structure	only wikidata
single	range-of-a-function	property	only sumo
single	rank-order-correlation-coefficient	cognition	only wordnet
single	rank-order-correlation-coefficient	measure	only sumo
single	rank-order-correlation-coefficient	routine	only sumo
single	rank-order-correlation-coefficient	statistic	only wordnet
single	ratio	complex-number	only opencyc
single	ratio	interval	only opencyc
single	ratio	real-number	only opencyc
single	rational-number	algebraic-structure	only wikidata
single	rational-number	interval	only opencyc
single	rational-number	mathematical-lattice	only wikidata
single	rational-number	mathematical-structure	only wikidata
single	rational-number	partially-ordered-set	only wikidata
single	rational-number	quaternion	only wikidata
single	rational-number	totally-ordered-set	only wikidata
single	rationalization	event	only wordnet
single	real-number	algebraic-structure	only wikidata
single	real-number	interval	only opencyc
single	real-number	mathematical-lattice	only wikidata
single	real-number	mathematical-structure	only wikidata
single	real-number	partially-ordered-set	only wikidata
single	real-number	quaternion	only wikidata
single	real-number	totally-ordered-set	only wikidata
single	receipt	expression	only opencyc
single	recess	expression	only opencyc
single	recession	expression	only opencyc
single	recommendation	expression	only opencyc
single	rectangle	attribute	only wordnet
single	rectangle	manifold	only opencyc
single	rectangle	plane	only opencyc
single	rectangle	shape	only wordnet
single	rectangle	surface	only opencyc
single	recursion	act	only wordnet
single	recursion	activity	only wordnet
single	recursion	event	only wordnet
single	recursion	measure	only sumo
single	recursion	routine	only sumo
single	recursive-definition	accomplishment	only sumo
single	recursive-definition	act	only sumo
single	recursive-definition	activity	only sumo
single	recursive-definition	affirmation	only sumo
single	recursive-definition	algebraic-structure	only wikidata
single	recursive-definition	binary-relation	only wikidata
single	recursive-definition	communication	only sumo
single	recursive-definition	event	only sumo
single	recursive-definition	explanation	only wordnet
single	recursive-definition	mathematical-set	only wikidata
single	recursive-definition	mathematical-structure	only wikidata
single	recursive-definition	procedure	only sumo
single	recursive-definition	volition	only sumo
single	reentrant-polygon	curve	only sumo
single	reentrant-polygon	property	only sumo
single	referee	expression	only opencyc
single	referral	expression	only opencyc
single	reflection	expression	only opencyc
single	reflexive-relation	algebraic-structure	only wikidata
single	reflexive-relation	mathematical-set	only wikidata
single	reflexive-relation	mathematical-structure	only wikidata
single	refugee	expression	only opencyc
single	registration	expression	only opencyc
single	regression	cognition	only wordnet
single	regression	measure	only sumo
single	regression	method	only wordnet
single	regression	routine	only sumo
single	regression-analysis	action	only opencyc
single	regression-analysis	cognition	only wordnet
single	regression-analysis	event	only opencyc
single	regression-analysis	expression	only opencyc
single	regression-analysis	measure	only sumo
single	regression-analysis	method	only wordnet
single	regression-analysis	routine	only sumo
single	regression-analysis	situation	only opencyc
single	regression-analysis	statistical-method	only wordnet
single	regression-analysis	thinking	only opencyc
single	regression-coefficient	cognition	only wordnet
single	regression-coefficient	quantity	only sumo
single	regression-coefficient	statistic	only wordnet
single	regression-coefficient	vector	only sumo
single	regression-equation	information	only wordnet
single	regression-equation	mathematical-statement	only wordnet
single	regression-line	attribute	only wordnet
single	regression-line	quantity	only sumo
single	regression-line	shape	only wordnet
single	regression-line	vector	only sumo
single	regular-hexagon	polygon	only wordnet
single	regular-hexagon	property	only sumo
single	regular-polygon	curve	only sumo
single	regular-polygon	manifold	only opencyc
single	regular-polygon	plane	only opencyc
single	regular-polygon	property	only sumo
single	regular-polygon	surface	only opencyc
single	rehabilitation	expression	only opencyc
single	relaxation	accomplishment	only sumo
single	relaxation	calculation	only sumo
single	relaxation	emotion	only opencyc
single	relaxation	information	only sumo
single	relaxation	volition	only sumo
single	religion	expression	only opencyc
single	remark	expression	only opencyc
single	remedy	expression	only opencyc
single	renovation	expression	only opencyc
single	reputation	expression	only opencyc
single	request	expression	only opencyc
single	reserve	range-of-a-function	only sumo
single	resident	expression	only opencyc
single	resolution	expression	only opencyc
single	restraint	range-of-a-function	only sumo
single	retaliation	expression	only opencyc
single	review	expression	only opencyc
single	revolution	expression	only opencyc
single	rhetoric	expression	only opencyc
single	rhomboid	manifold	only opencyc
single	rhomboid	plane	only opencyc
single	rhomboid	property	only sumo
single	rhomboid	surface	only opencyc
single	rhombus	polygon	only wordnet
single	rhombus	property	only sumo
single	rhombus	quadrilateral	only wordnet
single	right-triangle	attribute	only wordnet
single	right-triangle	manifold	only opencyc
single	right-triangle	plane	only opencyc
single	right-triangle	shape	only wordnet
single	right-triangle	surface	only opencyc
single	ritual	expression	only opencyc
single	root	subset	only sumo
single	rounding	act	only wordnet
single	rounding	algebraic-structure	only wikidata
single	rounding	binary-relation	only wikidata
single	rounding	function	only wikidata
single	rounding	mathematical-set	only wikidata
single	rounding	mathematical-structure	only wikidata
single	rounding	situation	only opencyc
single	routine	expression	only opencyc
single	rumor	expression	only opencyc
single	sailor	expression	only opencyc
single	salvation	expression	only opencyc
single	sample-distribution	cognition	only wordnet
single	sample-distribution	collection	only sumo
single	sampling	accomplishment	only sumo
single	sampling	action	only opencyc
single	sampling	activity	only sumo
single	sampling	expression	only opencyc
single	sampling	information	only sumo
single	sampling	procedure	only sumo
single	sampling	situation	only opencyc
single	sampling	volition	only sumo
single	scalar	tensor	only wikidata
single	scalar-field	algebraic-structure	only wikidata
single	scalar-field	binary-relation	only wikidata
single	scalar-field	mathematical-relation	only opencyc
single	scalar-field	mathematical-structure	only wikidata
single	scalar-field	subset	only sumo
single	scalene-triangle	attribute	only wordnet
single	scalene-triangle	polygon	only wordnet
single	scalene-triangle	shape	only wordnet
single	scholar	expression	only opencyc
single	scholarship	expression	only opencyc
single	school	expression	only opencyc
single	schrodinger-equation	equation	only wordnet
single	schrodinger-equation	information	only wordnet
single	schrodinger-equation	mathematical-statement	only wordnet
single	scientist	expression	only opencyc
single	script	expression	only opencyc
single	sculpture	expression	only opencyc
single	secant	function	only wordnet
single	secant	mathematical-relation	only wordnet
single	second-moment	cognition	only wordnet
single	second-moment	statistic	only wordnet
single	secrecy	range-of-a-function	only sumo
single	secretary	expression	only opencyc
single	semigroup	algebraic-structure	only wikidata
single	semigroup	mathematical-structure	only wikidata
single	semilattice	algebraic-magma	only wikidata
single	semilattice	algebraic-structure	only wikidata
single	semilattice	mathematical-structure	only wikidata
single	seminar	expression	only opencyc
single	sentence	expression	only opencyc
single	sentential-function	information	only wordnet
single	sentential-function	mathematical-statement	only wordnet
single	series-expansion	accomplishment	only sumo
single	series-expansion	act	only sumo
single	series-expansion	activity	only sumo
single	series-expansion	affirmation	only sumo
single	series-expansion	communication	only sumo
single	series-expansion	event	only sumo
single	series-expansion	information	only sumo
single	series-expansion	mathematical-relation	only wordnet
single	series-expansion	procedure	only sumo
single	series-expansion	volition	only sumo
single	sermon	expression	only opencyc
single	servant	expression	only opencyc
single	set-theory	cognition	only wordnet
single	set-theory	science	only wordnet
single	shaft	manifold	only opencyc
single	shop	expression	only opencyc
single	shopping	expression	only opencyc
single	short-division	act	only wordnet
single	short-division	activity	only wordnet
single	short-division	arithmetic-operation	only wordnet
single	short-division	event	only wordnet
single	short-division	mathematical-operation	only wordnet
single	short-division	procedure	only wordnet
single	shower	expression	only opencyc
single	sign	expression	only opencyc
single	signal	expression	only opencyc
single	simultaneous-equations	mathematical-statement	only wordnet
single	sine	function	only wordnet
single	sine	mathematical-relation	only wordnet
single	singer	expression	only opencyc
single	singleton-set	algebraic-structure	only wikidata
single	singleton-set	countable-set	only wikidata
single	singleton-set	mathematical-lattice	only wikidata
single	singleton-set	mathematical-structure	only wikidata
single	singleton-set	partially-ordered-set	only wikidata
single	sister	expression	only opencyc
single	sketch	expression	only opencyc
single	slave	expression	only opencyc
single	social-club	expression	only opencyc
single	social-occasion	expression	only opencyc
single	social-science	expression	only opencyc
single	software-agent	expression	only opencyc
single	soldier	expression	only opencyc
single	solid-geometry	cognition	only wordnet
single	solid-geometry	mathematics	only wordnet
single	solid-geometry	science	only wordnet
single	sphere	algebraic-structure	only wikidata
single	sphere	geometric-shape	only wikidata
single	sphere	mathematical-structure	only wikidata
single	spherical-geometry	cognition	only wordnet
single	spherical-geometry	mathematics	only wordnet
single	spherical-geometry	science	only wordnet
single	spherical-polygon	algebraic-structure	only wikidata
single	spherical-polygon	geometric-shape	only wikidata
single	spherical-polygon	mathematical-set	only wikidata
single	spherical-polygon	mathematical-structure	only wikidata
single	spherical-polygon	property	only sumo
single	spherical-triangle	algebraic-structure	only wikidata
single	spherical-triangle	geometric-shape	only wikidata
single	spherical-triangle	mathematical-set	only wikidata
single	spherical-triangle	mathematical-structure	only wikidata
single	spherical-triangle	polygon	only wordnet
single	spherical-triangle	property	only sumo
single	spherical-trigonometry	cognition	only wordnet
single	spherical-trigonometry	mathematics	only wordnet
single	spherical-trigonometry	science	only wordnet
single	spirit	expression	only opencyc
single	split-half-correlation	cognition	only wordnet
single	split-half-correlation	parametric-statistic	only wordnet
single	split-half-correlation	quantity	only sumo
single	split-half-correlation	statistic	only wordnet
single	spokesperson	expression	only opencyc
single	sport	expression	only opencyc
single	spreadsheet	expression	only opencyc
single	spurious-correlation	cognition	only wordnet
single	spurious-correlation	field-of-study	only wordnet
single	spurious-correlation	mathematics	only wordnet
single	spurious-correlation	science	only wordnet
single	squad	expression	only opencyc
single	square	isogon	only wordnet
single	square	parallelogram	only wordnet
single	square	polygon	only wordnet
single	square	quadrilateral	only wordnet
single	staff	expression	only opencyc
single	stake	manifold	only opencyc
single	standard-deviation	cognition	only wordnet
single	standard-deviation	moment	only wordnet
single	standard-deviation	statistic	only wordnet
single	state	expression	only opencyc
single	statement	expression	only opencyc
single	statistic	quantity	only sumo
single	statistical-correlation	cognition	only wordnet
single	statistical-correlation	field-of-study	only wordnet
single	statistical-correlation	mathematics	only wordnet
single	statistical-correlation	science	only wordnet
single	statistical-distribution	function	only opencyc
single	statistical-distribution	mathematical-relation	only opencyc
single	statistical-distribution	mathematical-set	only sumo
single	statistical-distribution	subset	only sumo
single	statistical-method	cognition	only wordnet
single	statistical-method	measure	only sumo
single	statistical-method	routine	only sumo
single	statistical-population	group	only wordnet
single	statistician	agent	only wordnet
single	statistician	organism	only wordnet
single	statistician	person	only wordnet
single	statistician	physical-object	only wordnet
single	statue	expression	only opencyc
single	stratified-sample	cognition	only wordnet
single	stratified-sample	collection	only sumo
single	stratified-sample	statistical-distribution	only wordnet
single	stream	expression	only opencyc
single	stroke	expression	only opencyc
single	sub-interval	subset	only sumo
single	subgroup	algebraic-magma	only wikidata
single	subgroup	algebraic-structure	only wikidata
single	subgroup	mathematical-structure	only wikidata
single	subgroup	monoid	only wikidata
single	subgroup	quasigroup	only wikidata
single	subgroup	semigroup	only wikidata
single	subpopulation	collection	only wordnet
single	subpopulation	group	only wordnet
single	subset	algebraic-structure	only wikidata
single	subset	mathematical-structure	only wikidata
single	subspace	attribute	only wordnet
single	subspace	subset	only sumo
single	subtraction	act	only wordnet
single	subtraction	activity	only wordnet
single	subtraction	event	only wordnet
single	subtraction	mathematical-operation	only wordnet
single	subtraction	procedure	only wordnet
single	suburb	expression	only opencyc
single	success	expression	only opencyc
single	suicide	expression	only opencyc
single	summary	expression	only opencyc
single	summation	mathematical-operation	only wordnet
single	summer-camp	expression	only opencyc
single	superposition	act	only wordnet
single	superposition	activity	only wordnet
single	superposition	visit	only sumo
single	supervisor	expression	only opencyc
single	support	expression	only opencyc
single	surgeon	expression	only opencyc
single	surgery	expression	only opencyc
single	surjective-function	algebraic-structure	only wikidata
single	surjective-function	binary-relation	only wikidata
single	surjective-function	mathematical-set	only wikidata
single	surjective-function	mathematical-structure	only wikidata
single	symmetric-relation	algebraic-structure	only wikidata
single	symmetric-relation	mathematical-set	only wikidata
single	symmetric-relation	mathematical-structure	only wikidata
single	symmetry	algebraic-structure	only wikidata
single	symmetry	binary-relation	only wikidata
single	symmetry	mathematical-set	only wikidata
single	symmetry	mathematical-structure	only wikidata
single	symptom	expression	only opencyc
single	tan	expression	only opencyc
single	tangent	function	only wordnet
single	tangent	mathematical-relation	only wordnet
single	tape-recording	expression	only opencyc
single	tau-coefficient-of-correlation	cognition	only wordnet
single	tau-coefficient-of-correlation	nonparametric-statistic	only wordnet
single	tau-coefficient-of-correlation	quantity	only sumo
single	tau-coefficient-of-correlation	statistic	only wordnet
single	tax-return	expression	only opencyc
single	taxpayer	expression	only opencyc
single	tea	expression	only opencyc
single	teaching	expression	only opencyc
single	team	expression	only opencyc
single	territory	expression	only opencyc
single	terrorist	expression	only opencyc
single	tetrachoric-correlation-coefficient	cognition	only wordnet
single	tetrachoric-correlation-coefficient	parametric-statistic	only wordnet
single	tetrachoric-correlation-coefficient	quantity	only sumo
single	tetrachoric-correlation-coefficient	statistic	only wordnet
single	textbook	expression	only opencyc
single	theorem	information	only wordnet
single	threshold-function	mathematical-relation	only wordnet
single	thriftlessness	range-of-a-function	only sumo
single	throne	expression	only opencyc
single	ticket	expression	only opencyc
single	time-series	cognition	only wordnet
single	time-series	quantity	only sumo
single	time-series	vector	only sumo
single	token	expression	only opencyc
single	topology	cognition	only wordnet
single	topology	science	only wordnet
single	topology	set	only opencyc
single	total-order	algebraic-structure	only wikidata
single	total-order	antisymmetric-relation	only wikidata
single	total-order	binary-relation	only wikidata
single	total-order	mathematical-set	only wikidata
single	total-order	mathematical-structure	only wikidata
single	total-order	preorder	only wikidata
single	total-order	reflexive-relation	only wikidata
single	total-order	transitive-relation	only wikidata
single	totally-ordered-set	algebraic-structure	only wikidata
single	totally-ordered-set	mathematical-structure	only wikidata
single	totally-ordered-set	partially-ordered-set	only wikidata
single	touch	expression	only opencyc
single	tourism	expression	only opencyc
single	tourist	expression	only opencyc
single	tournament	expression	only opencyc
single	tract	expression	only opencyc
single	trader	expression	only opencyc
single	traffic	expression	only opencyc
single	traffic	translation	only opencyc
single	tragedy	expression	only opencyc
single	train-ticket	expression	only opencyc
single	transaction	expression	only opencyc
single	transcendental-number	algebraic-structure	only wikidata
single	transcendental-number	interval	only opencyc
single	transcendental-number	mathematical-lattice	only wikidata
single	transcendental-number	mathematical-structure	only wikidata
single	transcendental-number	partially-ordered-set	only wikidata
single	transcendental-number	quaternion	only wikidata
single	transcendental-number	totally-ordered-set	only wikidata
single	transformation	mathematical-relation	only wordnet
single	transitive-relation	algebraic-structure	only wikidata
single	transitive-relation	mathematical-set	only wikidata
single	transitive-relation	mathematical-structure	only wikidata
single	translation	algebraic-structure	only wikidata
single	translation	bijection	only wikidata
single	translation	binary-relation	only wikidata
single	translation	event	only opencyc
single	translation	mathematical-relation	only wordnet
single	translation	mathematical-set	only wikidata
single	translation	mathematical-structure	only wikidata
single	translation	situation	only opencyc
single	translation	surjective-function	only wikidata
single	transport	expression	only opencyc
single	transport	translation	only opencyc
single	transportation	expression	only opencyc
single	transposition	accomplishment	only sumo
single	transposition	calculation	only sumo
single	transposition	information	only sumo
single	transposition	volition	only sumo
single	trapezium	body-part	only opencyc
single	trapezium	bone	only opencyc
single	trapezium	curve	only sumo
single	trapezium	property	only sumo
single	trapezium	structure	only opencyc
single	trapezium	tissue	only opencyc
single	trapezoid	curve	only sumo
single	trapezoid	manifold	only opencyc
single	trapezoid	plane	only opencyc
single	trapezoid	property	only sumo
single	trapezoid	surface	only opencyc
single	treasurer	expression	only opencyc
single	treatment	expression	only opencyc
single	treaty	expression	only opencyc
single	tree-graph	algebraic-structure	only wikidata
single	tree-graph	mathematical-structure	only wikidata
single	triangle	manifold	only opencyc
single	triangle	plane	only opencyc
single	tribunal	expression	only opencyc
single	trigonometric-function	algebraic-structure	only wikidata
single	trigonometric-function	binary-relation	only wikidata
single	trigonometric-function	mathematical-set	only wikidata
single	trigonometric-function	mathematical-structure	only wikidata
single	trigonometry	cognition	only wordnet
single	trigonometry	science	only wordnet
single	trophy	expression	only opencyc
single	trouble	expression	only opencyc
single	truncation-error	act	only wordnet
single	trust	expression	only opencyc
single	trustee	expression	only opencyc
single	tune	expression	only opencyc
single	uncountable-set	algebraic-structure	only wikidata
single	uncountable-set	mathematical-set	only wikidata
single	uncountable-set	mathematical-structure	only wikidata
single	undecagon	property	only sumo
single	universal-set	algebraic-structure	only wikidata
single	universal-set	mathematical-structure	only wikidata
single	universal-set	subset	only sumo
single	university	expression	only opencyc
single	upper-bound	algebraic-structure	only wikidata
single	upper-bound	antisymmetric-relation	only wikidata
single	upper-bound	attribute	only wordnet
single	upper-bound	binary-relation	only wikidata
single	upper-bound	mathematical-set	only wikidata
single	upper-bound	mathematical-structure	only wikidata
single	upper-bound	preorder	only wikidata
single	upper-bound	quantity	only sumo
single	upper-bound	reflexive-relation	only wikidata
single	upper-bound	transitive-relation	only wikidata
single	vacation	expression	only opencyc
single	variance	cognition	only wordnet
single	variance	statistic	only wordnet
single	vector-algebra	cognition	only wordnet
single	vector-algebra	mathematics	only wordnet
single	vector-algebra	science	only wordnet
single	vector-space	algebraic-structure	only wikidata
single	vector-space	mathematical-structure	only wikidata
single	veteran	expression	only opencyc
single	victim	expression	only opencyc
single	village	expression	only opencyc
single	villager	expression	only opencyc
single	virtue	expression	only opencyc
single	visit	expression	only opencyc
single	visit	translation	only opencyc
single	visitor	expression	only opencyc
single	vital-statistics	cognition	only wordnet
single	vital-statistics	quantity	only sumo
single	void	expression	only opencyc
single	volunteer	expression	only opencyc
single	vote	expression	only opencyc
single	voter	expression	only opencyc
single	waiter	expression	only opencyc
single	wake	expression	only opencyc
single	war	expression	only opencyc
single	warrior	expression	only opencyc
single	wave-equation	equation	only wordnet
single	wave-equation	information	only wordnet
single	wave-equation	mathematical-statement	only wordnet
single	web-site	expression	only opencyc
single	wedding	expression	only opencyc
single	wedge	artifact	only opencyc
single	wedge	device	only opencyc
single	wedge	hardware	only opencyc
single	wedge	polygon	only wordnet
single	wedge	property	only sumo
single	wedge	tool	only opencyc
single	weight	algebraic-structure	only wikidata
single	weight	artifact	only opencyc
single	weight	binary-relation	only wikidata
single	weight	device	only opencyc
single	weight	mathematical-set	only wikidata
single	weight	mathematical-structure	only wikidata
single	weight	quantity	only sumo
single	well-order	algebraic-structure	only wikidata
single	well-order	antisymmetric-relation	only wikidata
single	well-order	binary-relation	only wikidata
single	well-order	mathematical-set	only wikidata
single	well-order	mathematical-structure	only wikidata
single	well-order	partial-order	only wikidata
single	well-order	preorder	only wikidata
single	well-order	reflexive-relation	only wikidata
single	well-order	transitive-relation	only wikidata
single	will	expression	only opencyc
single	withdrawal	expression	only opencyc
single	woman	expression	only opencyc
single	work	expression	only opencyc
single	worker	expression	only opencyc
single	workshop	expression	only opencyc
single	world-power	expression	only opencyc
unplaced	aberration		no accepted parent reaches a root
unplaced	accelerator		no accepted parent reaches a root
unplaced	access		no accepted parent reaches a root
unplaced	advancement		no accepted parent reaches a root
unplaced	affinity.relation		no accepted parent reaches a root
unplaced	afternoon		no accepted parent reaches a root
unplaced	agitation		no accepted parent reaches a root
unplaced	alliance	expression	no accepted parent reaches a root
unplaced	altitude		no accepted parent reaches a root
unplaced	alumnus		no accepted parent reaches a root
unplaced	angel	expression	no accepted parent reaches a root
unplaced	anniversary		no accepted parent reaches a root
unplaced	attractive-force		no accepted parent reaches a root
unplaced	aviation		no accepted parent reaches a root
unplaced	backlog		no accepted parent reaches a root
unplaced	bail		no accepted parent reaches a root
unplaced	bait		no accepted parent reaches a root
unplaced	bargain	expression	no accepted parent reaches a root
unplaced	barrier		no accepted parent reaches a root
unplaced	basis	expression	no accepted parent reaches a root
unplaced	batch		no accepted parent reaches a root
unplaced	beam-of-light		no accepted parent reaches a root
unplaced	beginning		no accepted parent reaches a root
unplaced	bias		no accepted parent reaches a root
unplaced	birthday		no accepted parent reaches a root
unplaced	bit		no accepted parent reaches a root
unplaced	blink-of-an-eye		no accepted parent reaches a root
unplaced	bosom		no accepted parent reaches a root
unplaced	brink		no accepted parent reaches a root
unplaced	bubble	manifold	no accepted parent reaches a root
unplaced	budget		no accepted parent reaches a root
unplaced	bustle		no accepted parent reaches a root
unplaced	cabinet.group		no accepted parent reaches a root
unplaced	calendar-month		no accepted parent reaches a root
unplaced	camp		no accepted parent reaches a root
unplaced	capacity		no accepted parent reaches a root
unplaced	capitalism		no accepted parent reaches a root
unplaced	cassette		no accepted parent reaches a root
unplaced	ceiling.communication		no accepted parent reaches a root
unplaced	century		no accepted parent reaches a root
unplaced	childhood		no accepted parent reaches a root
unplaced	chord		no accepted parent reaches a root
unplaced	clock-time		no accepted parent reaches a root
unplaced	clod		no accepted parent reaches a root
unplaced	column.group		no accepted parent reaches a root
unplaced	commencement		no accepted parent reaches a root
unplaced	concern.cognition		no accepted parent reaches a root
unplaced	confederacy		no accepted parent reaches a root
unplaced	conscience	expression	no accepted parent reaches a root
unplaced	consequence		no accepted parent reaches a root
unplaced	consultation		no accepted parent reaches a root
unplaced	contrary		no accepted parent reaches a root
unplaced	contrast		no accepted parent reaches a root
unplaced	correlation		no accepted parent reaches a root
unplaced	course-credit		no accepted parent reaches a root
unplaced	course-of-study	expression	no accepted parent reaches a root
unplaced	creed	expression	no accepted parent reaches a root
unplaced	critic	expression	no accepted parent reaches a root
unplaced	crop		no accepted parent reaches a root
unplaced	cupful		no accepted parent reaches a root
unplaced	current		no accepted parent reaches a root
unplaced	cut-rate-sale		no accepted parent reaches a root
unplaced	dawn		no accepted parent reaches a root
unplaced	day		no accepted parent reaches a root
unplaced	day-of-the-month		no accepted parent reaches a root
unplaced	deadline		no accepted parent reaches a root
unplaced	decade		no accepted parent reaches a root
unplaced	deity	expression	no accepted parent reaches a root
unplaced	demand.process		no accepted parent reaches a root
unplaced	democracy		no accepted parent reaches a root
unplaced	deposit		no accepted parent reaches a root
unplaced	design		no accepted parent reaches a root
unplaced	detail	expression	no accepted parent reaches a root
unplaced	direction		no accepted parent reaches a root
unplaced	disappointment		no accepted parent reaches a root
unplaced	disembodied-spirit		no accepted parent reaches a root
unplaced	dismissal		no accepted parent reaches a root
unplaced	distance		no accepted parent reaches a root
unplaced	dragon		no accepted parent reaches a root
unplaced	dramaturgy		no accepted parent reaches a root
unplaced	due-east		no accepted parent reaches a root
unplaced	due-west		no accepted parent reaches a root
unplaced	eagle.communication		no accepted parent reaches a root
unplaced	earth		no accepted parent reaches a root
unplaced	east		no accepted parent reaches a root
unplaced	echo		no accepted parent reaches a root
unplaced	economic-consumption		no accepted parent reaches a root
unplaced	economic-system		no accepted parent reaches a root
unplaced	economic-value		no accepted parent reaches a root
unplaced	electric-charge		no accepted parent reaches a root
unplaced	electricity		no accepted parent reaches a root
unplaced	employer		no accepted parent reaches a root
unplaced	engagement		no accepted parent reaches a root
unplaced	entitlement		no accepted parent reaches a root
unplaced	entree		no accepted parent reaches a root
unplaced	era		no accepted parent reaches a root
unplaced	europe		no accepted parent reaches a root
unplaced	evening		no accepted parent reaches a root
unplaced	exam		no accepted parent reaches a root
unplaced	exemption		no accepted parent reaches a root
unplaced	exercise		no accepted parent reaches a root
unplaced	extension.time		no accepted parent reaches a root
unplaced	extraterrestrial-being		no accepted parent reaches a root
unplaced	fairy	expression	no accepted parent reaches a root
unplaced	fall		no accepted parent reaches a root
unplaced	fictional-character		no accepted parent reaches a root
unplaced	figure		no accepted parent reaches a root
unplaced	film.artifact		no accepted parent reaches a root
unplaced	final-examination		no accepted parent reaches a root
unplaced	fleet		no accepted parent reaches a root
unplaced	footstep		no accepted parent reaches a root
unplaced	force		no accepted parent reaches a root
unplaced	format		no accepted parent reaches a root
unplaced	formation		no accepted parent reaches a root
unplaced	foundation.relation		no accepted parent reaches a root
unplaced	fragment		no accepted parent reaches a root
unplaced	freak		no accepted parent reaches a root
unplaced	frequency		no accepted parent reaches a root
unplaced	friend		no accepted parent reaches a root
unplaced	front		no accepted parent reaches a root
unplaced	frustration		no accepted parent reaches a root
unplaced	fund		no accepted parent reaches a root
unplaced	future		no accepted parent reaches a root
unplaced	gap		no accepted parent reaches a root
unplaced	garden		no accepted parent reaches a root
unplaced	gas		no accepted parent reaches a root
unplaced	gem		no accepted parent reaches a root
unplaced	gene		no accepted parent reaches a root
unplaced	globe	expression	no accepted parent reaches a root
unplaced	grade		no accepted parent reaches a root
unplaced	grain.object		no accepted parent reaches a root
unplaced	gravity		no accepted parent reaches a root
unplaced	ground		no accepted parent reaches a root
unplaced	guidepost	expression	no accepted parent reaches a root
unplaced	guinea-pig		no accepted parent reaches a root
unplaced	harvest		no accepted parent reaches a root
unplaced	head		no accepted parent reaches a root
unplaced	headroom		no accepted parent reaches a root
unplaced	heat		no accepted parent reaches a root
unplaced	hell		no accepted parent reaches a root
unplaced	helping		no accepted parent reaches a root
unplaced	here-and-now		no accepted parent reaches a root
unplaced	hero	expression	no accepted parent reaches a root
unplaced	hideaway		no accepted parent reaches a root
unplaced	highlight		no accepted parent reaches a root
unplaced	hindrance		no accepted parent reaches a root
unplaced	historic-period		no accepted parent reaches a root
unplaced	history.time		no accepted parent reaches a root
unplaced	host		no accepted parent reaches a root
unplaced	hour		no accepted parent reaches a root
unplaced	ideal	expression	no accepted parent reaches a root
unplaced	impetus		no accepted parent reaches a root
unplaced	implication		no accepted parent reaches a root
unplaced	incentive	expression	no accepted parent reaches a root
unplaced	influence.phenomenon		no accepted parent reaches a root
unplaced	infrastructure		no accepted parent reaches a root
unplaced	insider		no accepted parent reaches a root
unplaced	intervention	expression	no accepted parent reaches a root
unplaced	iteration		no accepted parent reaches a root
unplaced	jurisprudence		no accepted parent reaches a root
unplaced	kick		no accepted parent reaches a root
unplaced	king		no accepted parent reaches a root
unplaced	kinship		no accepted parent reaches a root
unplaced	knot		no accepted parent reaches a root
unplaced	koran		no accepted parent reaches a root
unplaced	laurel-wreath		no accepted parent reaches a root
unplaced	leave		no accepted parent reaches a root
unplaced	legal-age		no accepted parent reaches a root
unplaced	level		no accepted parent reaches a root
unplaced	limit.quantity		no accepted parent reaches a root
unplaced	line-of-descent		no accepted parent reaches a root
unplaced	lineation		no accepted parent reaches a root
unplaced	linguistic-context		no accepted parent reaches a root
unplaced	load		no accepted parent reaches a root
unplaced	logarithm		no accepted parent reaches a root
unplaced	logic.cognition		no accepted parent reaches a root
unplaced	love		no accepted parent reaches a root
unplaced	luck		no accepted parent reaches a root
unplaced	luck.phenomenon		no accepted parent reaches a root
unplaced	majority		no accepted parent reaches a root
unplaced	mannequin		no accepted parent reaches a root
unplaced	manner-of-speaking		no accepted parent reaches a root
unplaced	mar		no accepted parent reaches a root
unplaced	mars		no accepted parent reaches a root
unplaced	matrix	tensor	no accepted parent reaches a root
unplaced	maximum		no accepted parent reaches a root
unplaced	menace		no accepted parent reaches a root
unplaced	middle		no accepted parent reaches a root
unplaced	middleman		no accepted parent reaches a root
unplaced	midnight		no accepted parent reaches a root
unplaced	mile		no accepted parent reaches a root
unplaced	minimum		no accepted parent reaches a root
unplaced	minute		no accepted parent reaches a root
unplaced	mole.attribute		no accepted parent reaches a root
unplaced	molecule		no accepted parent reaches a root
unplaced	monarchy	expression	no accepted parent reaches a root
unplaced	moon		no accepted parent reaches a root
unplaced	morning		no accepted parent reaches a root
unplaced	morsel		no accepted parent reaches a root
unplaced	motivation		no accepted parent reaches a root
unplaced	name		no accepted parent reaches a root
unplaced	nature.object		no accepted parent reaches a root
unplaced	nature.person		no accepted parent reaches a root
unplaced	necessity		no accepted parent reaches a root
unplaced	negotiation		no accepted parent reaches a root
unplaced	network		no accepted parent reaches a root
unplaced	night		no accepted parent reaches a root
unplaced	nightmare	expression	no accepted parent reaches a root
unplaced	node		no accepted parent reaches a root
unplaced	norm	expression	no accepted parent reaches a root
unplaced	north		no accepted parent reaches a root
unplaced	notice.communication		no accepted parent reaches a root
unplaced	nowadays		no accepted parent reaches a root
unplaced	obstacle		no accepted parent reaches a root
unplaced	occasion		no accepted parent reaches a root
unplaced	ocean.quantity		no accepted parent reaches a root
unplaced	old-age		no accepted parent reaches a root
unplaced	one-fourth	complex-number	no accepted parent reaches a root
unplaced	one-half	complex-number	no accepted parent reaches a root
unplaced	opposite		no accepted parent reaches a root
unplaced	orientation		no accepted parent reaches a root
unplaced	outflow		no accepted parent reaches a root
unplaced	output		no accepted parent reaches a root
unplaced	ownership		no accepted parent reaches a root
unplaced	page		no accepted parent reaches a root
unplaced	pain		no accepted parent reaches a root
unplaced	pan		no accepted parent reaches a root
unplaced	parking	expression translation	no accepted parent reaches a root
unplaced	part		no accepted parent reaches a root
unplaced	past		no accepted parent reaches a root
unplaced	pattern	expression	no accepted parent reaches a root
unplaced	pause		no accepted parent reaches a root
unplaced	peel		no accepted parent reaches a root
unplaced	percentage		no accepted parent reaches a root
unplaced	period.time		no accepted parent reaches a root
unplaced	phase		no accepted parent reaches a root
unplaced	phenomenon		no accepted parent reaches a root
unplaced	pity		no accepted parent reaches a root
unplaced	placement		no accepted parent reaches a root
unplaced	plot.communication		no accepted parent reaches a root
unplaced	point-of-view		no accepted parent reaches a root
unplaced	poser		no accepted parent reaches a root
unplaced	precondition		no accepted parent reaches a root
unplaced	predilection		no accepted parent reaches a root
unplaced	presidency		no accepted parent reaches a root
unplaced	president		no accepted parent reaches a root
unplaced	pressure		no accepted parent reaches a root
unplaced	principle	expression	no accepted parent reaches a root
unplaced	prize		no accepted parent reaches a root
unplaced	probe		no accepted parent reaches a root
unplaced	product		no accepted parent reaches a root
unplaced	product.phenomenon		no accepted parent reaches a root
unplaced	professional	expression	no accepted parent reaches a root
unplaced	projection		no accepted parent reaches a root
unplaced	projection.communication		no accepted parent reaches a root
unplaced	proportion		no accepted parent reaches a root
unplaced	pupil		no accepted parent reaches a root
unplaced	quarter.time		no accepted parent reaches a root
unplaced	racism		no accepted parent reaches a root
unplaced	railway-line		no accepted parent reaches a root
unplaced	rake		no accepted parent reaches a root
unplaced	reaction		no accepted parent reaches a root
unplaced	reaction.phenomenon		no accepted parent reaches a root
unplaced	rear		no accepted parent reaches a root
unplaced	reception	expression	no accepted parent reaches a root
unplaced	record-album		no accepted parent reaches a root
unplaced	record.quantity		no accepted parent reaches a root
unplaced	reference-point		no accepted parent reaches a root
unplaced	refuge		no accepted parent reaches a root
unplaced	reign	expression	no accepted parent reaches a root
unplaced	release		no accepted parent reaches a root
unplaced	relevance		no accepted parent reaches a root
unplaced	remainder		no accepted parent reaches a root
unplaced	republic	expression	no accepted parent reaches a root
unplaced	residual		no accepted parent reaches a root
unplaced	respite		no accepted parent reaches a root
unplaced	response		no accepted parent reaches a root
unplaced	responsibility		no accepted parent reaches a root
unplaced	restraint.cognition		no accepted parent reaches a root
unplaced	restriction		no accepted parent reaches a root
unplaced	right-to-vote		no accepted parent reaches a root
unplaced	risk		no accepted parent reaches a root
unplaced	role-model		no accepted parent reaches a root
unplaced	rootage		no accepted parent reaches a root
unplaced	rule.cognition		no accepted parent reaches a root
unplaced	rule.time		no accepted parent reaches a root
unplaced	sarcasm		no accepted parent reaches a root
unplaced	scale-of-measurement	expression	no accepted parent reaches a root
unplaced	school-term		no accepted parent reaches a root
unplaced	score		no accepted parent reaches a root
unplaced	season		no accepted parent reaches a root
unplaced	sec		no accepted parent reaches a root
unplaced	sequence		no accepted parent reaches a root
unplaced	share		no accepted parent reaches a root
unplaced	shift		no accepted parent reaches a root
unplaced	short-circuit		no accepted parent reaches a root
unplaced	signature	expression	no accepted parent reaches a root
unplaced	signified		no accepted parent reaches a root
unplaced	skin-cream		no accepted parent reaches a root
unplaced	slant		no accepted parent reaches a root
unplaced	slice		no accepted parent reaches a root
unplaced	slot		no accepted parent reaches a root
unplaced	soprano	expression	no accepted parent reaches a root
unplaced	south		no accepted parent reaches a root
unplaced	sovereign		no accepted parent reaches a root
unplaced	springtime		no accepted parent reaches a root
unplaced	standard		no accepted parent reaches a root
unplaced	state-of-matter		no accepted parent reaches a root
unplaced	strip		no accepted parent reaches a root
unplaced	stunt-man		no accepted parent reaches a root
unplaced	style		no accepted parent reaches a root
unplaced	subject		no accepted parent reaches a root
unplaced	summer		no accepted parent reaches a root
unplaced	sun		no accepted parent reaches a root
unplaced	sunday		no accepted parent reaches a root
unplaced	supply		no accepted parent reaches a root
unplaced	surrender	expression	no accepted parent reaches a root
unplaced	surrogate		no accepted parent reaches a root
unplaced	syllable		no accepted parent reaches a root
unplaced	sympathy		no accepted parent reaches a root
unplaced	system		no accepted parent reaches a root
unplaced	tabular-array		no accepted parent reaches a root
unplaced	tariff		no accepted parent reaches a root
unplaced	tax		no accepted parent reaches a root
unplaced	teacher		no accepted parent reaches a root
unplaced	tear		no accepted parent reaches a root
unplaced	telephone-line		no accepted parent reaches a root
unplaced	television		no accepted parent reaches a root
unplaced	tempo		no accepted parent reaches a root
unplaced	tendency		no accepted parent reaches a root
unplaced	term		no accepted parent reaches a root
unplaced	terminology		no accepted parent reaches a root
unplaced	theoretical-account		no accepted parent reaches a root
unplaced	tilt		no accepted parent reaches a root
unplaced	time-of-day		no accepted parent reaches a root
unplaced	time-period		no accepted parent reaches a root
unplaced	time-slot		no accepted parent reaches a root
unplaced	title		no accepted parent reaches a root
unplaced	title-of-respect		no accepted parent reaches a root
unplaced	tonality		no accepted parent reaches a root
unplaced	tone		no accepted parent reaches a root
unplaced	track		no accepted parent reaches a root
unplaced	traction		no accepted parent reaches a root
unplaced	trainer	expression	no accepted parent reaches a root
unplaced	trial	expression	no accepted parent reaches a root
unplaced	twelve		no accepted parent reaches a root
unplaced	twilight		no accepted parent reaches a root
unplaced	unit		no accepted parent reaches a root
unplaced	universe		no accepted parent reaches a root
unplaced	upgrade		no accepted parent reaches a root
unplaced	vacuum		no accepted parent reaches a root
unplaced	variant		no accepted parent reaches a root
unplaced	venus		no accepted parent reaches a root
unplaced	version		no accepted parent reaches a root
unplaced	volume		no accepted parent reaches a root
unplaced	wallop		no accepted parent reaches a root
unplaced	web		no accepted parent reaches a root
unplaced	week		no accepted parent reaches a root
unplaced	weekend		no accepted parent reaches a root
unplaced	west		no accepted parent reaches a root
unplaced	winter		no accepted parent reaches a root
unplaced	wonder		no accepted parent reaches a root
unplaced	word		no accepted parent reaches a root
unplaced	year		no accepted parent reaches a root
unplaced	youth		no accepted parent reaches a root
unplaced	zero		no accepted parent reaches a root
