sub	sup	status	for	against
abbess	adviser	single	isco	
abbess	agent	single	wordnet	
abbess	analyst.person	single	isco	
abbess	architect	single	isco	
abbess	artist	single	isco	
abbess	attribute	single	sumo	
abbess	copywriter	single	isco	
abbess	developer	single	isco	
abbess	editor	single	isco	
abbess	educator	single	isco	
abbess	engineer	single	isco	
abbess	epidemiologist	single	isco	
abbess	expert	single	isco	
abbess	hearer	single	isco	
abbess	immunologist	single	isco	
abbess	monk	single	wikidata	
abbess	nun	single	wikidata	
abbess	organism	single	wordnet	
abbess	person	single	wordnet	
abbess	physical-object	single	wordnet	
abbess	practitioner	single	isco	
abbess	professional	single	isco	
abbess	property	single	sumo	
abbess	reporter	single	isco	
abbess	research-worker	single	isco	
abbess	scientist	single	isco	
abbess	security-consultant	single	isco	
abbess	specialist	single	isco	
abbess	sports-announcer	single	isco	
abbess	systems-analyst	single	isco	
abbess	translator	single	isco	
abbess	worker	single	isco	
abbess	writer	single	isco	
abbot	adviser	single	isco	
abbot	agent	single	wordnet	
abbot	analyst.person	single	isco	
abbot	architect	single	isco	
abbot	artist	single	isco	
abbot	copywriter	single	isco	
abbot	developer	single	isco	
abbot	editor	single	isco	
abbot	educator	single	isco	
abbot	engineer	single	isco	
abbot	epidemiologist	single	isco	
abbot	expert	single	isco	
abbot	hearer	single	isco	
abbot	immunologist	single	isco	
abbot	monk	single	wikidata	
abbot	organism	single	wordnet	
abbot	person	single	wordnet	
abbot	physical-object	single	wordnet	
abbot	practitioner	single	isco	
abbot	professional	single	isco	
abbot	reporter	single	isco	
abbot	research-worker	single	isco	
abbot	scientist	single	isco	
abbot	security-consultant	single	isco	
abbot	specialist	single	isco	
abbot	sports-announcer	single	isco	
abbot	systems-analyst	single	isco	
abbot	translator	single	isco	
abbot	worker	single	isco	
abbot	writer	single	isco	
able-seaman	agent	single	wordnet	
able-seaman	attribute	single	sumo	
able-seaman	digger	single	isco	
able-seaman	driver	single	isco	
able-seaman	operator	single	isco	
able-seaman	organism	single	wordnet	
able-seaman	person	single	wordnet	
able-seaman	physical-object	single	wordnet	
able-seaman	property	single	sumo	
able-seaman	sailor	single	wordnet	
able-seaman	skilled-worker	single	wordnet	
able-seaman	teamster	single	isco	
able-seaman	worker	accepted	isco wordnet	
accompanist	adviser	single	isco	
accompanist	agent	single	wordnet	
accompanist	analyst.person	single	isco	
accompanist	architect	single	isco	
accompanist	artist	accepted	isco wikidata	
accompanist	attribute	single	sumo	
accompanist	copywriter	single	isco	
accompanist	developer	single	isco	
accompanist	editor	single	isco	
accompanist	educator	single	isco	
accompanist	engineer	single	isco	
accompanist	epidemiologist	single	isco	
accompanist	expert	single	isco	
accompanist	hearer	single	isco	
accompanist	immunologist	single	isco	
accompanist	instrumentalist	accepted	wikidata wordnet	
accompanist	musician	single	wikidata	
accompanist	organism	single	wordnet	
accompanist	performer	single	wordnet	
accompanist	person	accepted	wikidata wordnet	
accompanist	physical-object	single	wordnet	
accompanist	practitioner	single	isco	
accompanist	professional	single	isco	
accompanist	property	single	sumo	
accompanist	reporter	single	isco	
accompanist	research-worker	single	isco	
accompanist	scientist	single	isco	
accompanist	security-consultant	single	isco	
accompanist	specialist	single	isco	
accompanist	sports-announcer	single	isco	
accompanist	systems-analyst	single	isco	
accompanist	translator	single	isco	
accompanist	worker	single	isco	
accompanist	writer	single	isco	
account-executive	adviser	single	isco	
account-executive	agent	single	wordnet	
account-executive	analyst.person	single	isco	
account-executive	architect	single	isco	
account-executive	artist	single	isco	
account-executive	attribute	single	sumo	
account-executive	copywriter	single	isco	
account-executive	developer	single	isco	
account-executive	educator	single	isco	
account-executive	engineer	single	isco	
account-executive	epidemiologist	single	isco	
account-executive	expert	single	isco	
account-executive	hearer	single	isco	
account-executive	immunologist	single	isco	
account-executive	organism	single	wordnet	
account-executive	person	single	wordnet	
account-executive	physical-object	single	wordnet	
account-executive	practitioner	single	isco	
account-executive	professional	single	isco	
account-executive	property	single	sumo	
account-executive	research-worker	single	isco	
account-executive	scientist	single	isco	
account-executive	security-consultant	single	isco	
account-executive	specialist	single	isco	
account-executive	systems-analyst	single	isco	
account-executive	worker	single	isco	
account-executive	writer	single	isco	
acknowledgment	companion	single	sumo	
acrobat	adviser	single	isco	
acrobat	agent	single	wordnet	
acrobat	analyst.person	single	isco	
acrobat	architect	single	isco	
acrobat	artist	accepted	isco opencyc	
acrobat	athlete	single	wordnet	
acrobat	copywriter	single	isco	
acrobat	developer	single	isco	
acrobat	editor	single	isco	
acrobat	educator	single	isco	
acrobat	engineer	single	isco	
acrobat	epidemiologist	single	isco	
acrobat	expert	single	isco	
acrobat	hearer	single	isco	
acrobat	human	single	opencyc	
acrobat	immunologist	single	isco	
acrobat	mammal	single	opencyc	
acrobat	organism	single	wordnet	
acrobat	person	single	wordnet	
acrobat	physical-object	single	wordnet	
acrobat	practitioner	single	isco	
acrobat	professional	accepted	isco opencyc	
acrobat	reporter	single	isco	
acrobat	research-worker	single	isco	
acrobat	scientist	single	isco	
acrobat	security-consultant	single	isco	
acrobat	signified	single	sumo	
acrobat	skilled-worker	single	opencyc	
acrobat	specialist	single	isco	
acrobat	sports-announcer	single	isco	
acrobat	structure	single	opencyc	
acrobat	system	single	opencyc	
acrobat	systems-analyst	single	isco	
acrobat	translator	single	isco	
acrobat	vertebrate	single	opencyc	
acrobat	worker	accepted	isco opencyc	
acrobat	writer	single	isco	
actor	analyst.person	single	isco	
actor	copywriter	single	isco	
actor	developer	single	isco	
actor	editor	single	isco	
actor	educator	single	isco	
actor	epidemiologist	single	isco	
actor	hearer	single	isco	
actor	immunologist	single	isco	
actor	practitioner	single	isco	
actor	security-consultant	single	isco	
actor	skilled-worker	single	opencyc	
actor	sports-announcer	disputed	isco	wikidata
actor	systems-analyst	single	isco	
actor	translator	single	isco	
actor's-agent	agent	single	wordnet	
actor's-agent	attribute	single	sumo	
actor's-agent	broker	single	isco	
actor's-agent	cameraman	single	isco	
actor's-agent	communicator	single	wordnet	
actor's-agent	detective	single	isco	
actor's-agent	inquiry-agent	single	isco	
actor's-agent	inspector	single	isco	
actor's-agent	investment-banker	single	isco	
actor's-agent	man	single	isco	
actor's-agent	organism	single	wordnet	
actor's-agent	paralegal	single	isco	
actor's-agent	person	single	wordnet	
actor's-agent	physical-object	single	wordnet	
actor's-agent	promoter	single	isco	
actor's-agent	property	single	sumo	
actor's-agent	representative	single	wordnet	
actor's-agent	representative-agent	single	wordnet	
actor's-agent	supervisor	single	isco	
actor's-agent	technician	single	isco	
actor's-agent	trader	single	isco	
actor's-agent	woman	single	isco	
actor's-agent	worker	single	isco	
adjutant	agent	single	wordnet	
adjutant	clerk	single	wikidata	
adjutant	organism	single	wordnet	
adjutant	person	single	wordnet	
adjutant	physical-object	single	wordnet	
adjutant	secretary	single	wikidata	
adjutant	skilled-worker	single	wordnet	
adjutant	worker	accepted	isco wordnet	
advancement	companion	single	sumo	
advantage	companion	single	sumo	
adventure	companion	single	sumo	
adversity	companion	single	sumo	
advocate	analyst.person	single	isco	
advocate	copywriter	single	isco	
advocate	developer	single	isco	
advocate	editor	single	isco	
advocate	educator	single	isco	
advocate	epidemiologist	single	isco	
advocate	hearer	single	isco	
advocate	immunologist	single	isco	
advocate	jurist	accepted	isco wikidata	
advocate	practitioner	single	isco	
advocate	security-consultant	single	isco	
advocate	sports-announcer	single	isco	
advocate	systems-analyst	single	isco	
advocate	translator	single	isco	
aeronautical-engineer	adviser	single	isco	
aeronautical-engineer	agent	single	wordnet	
aeronautical-engineer	analyst.person	single	isco	
aeronautical-engineer	architect	single	isco	
aeronautical-engineer	artist	single	isco	
aeronautical-engineer	copywriter	single	isco	
aeronautical-engineer	developer	single	isco	
aeronautical-engineer	educator	single	isco	
aeronautical-engineer	engineer	accepted	isco wikidata wordnet	
aeronautical-engineer	epidemiologist	single	isco	
aeronautical-engineer	expert	single	isco	
aeronautical-engineer	hearer	single	isco	
aeronautical-engineer	immunologist	single	isco	
aeronautical-engineer	organism	single	wordnet	
aeronautical-engineer	person	single	wordnet	
aeronautical-engineer	physical-object	single	wordnet	
aeronautical-engineer	practitioner	single	isco	
aeronautical-engineer	professional	single	isco	
aeronautical-engineer	research-worker	single	isco	
aeronautical-engineer	scientist	single	isco	
aeronautical-engineer	security-consultant	single	isco	
aeronautical-engineer	specialist	single	isco	
aeronautical-engineer	surveyor	single	isco	
aeronautical-engineer	systems-analyst	single	isco	
aeronautical-engineer	worker	accepted	isco wikidata	
aeronautical-engineer	writer	single	isco	
aerospace-engineer	adult	single	opencyc	
aerospace-engineer	adviser	single	isco	
aerospace-engineer	agent	single	wordnet	
aerospace-engineer	analyst.person	single	isco	
aerospace-engineer	architect	single	isco	
aerospace-engineer	artist	single	isco	
aerospace-engineer	copywriter	single	isco	
aerospace-engineer	developer	single	isco	
aerospace-engineer	educator	single	isco	
aerospace-engineer	engineer	accepted	isco opencyc wikidata wordnet	
aerospace-engineer	epidemiologist	single	isco	
aerospace-engineer	expert	single	isco	
aerospace-engineer	hearer	single	isco	
aerospace-engineer	human	single	opencyc	
aerospace-engineer	immunologist	single	isco	
aerospace-engineer	mammal	single	opencyc	
aerospace-engineer	organism	single	wordnet	
aerospace-engineer	person	single	wordnet	
aerospace-engineer	physical-object	single	wordnet	
aerospace-engineer	practitioner	single	isco	
aerospace-engineer	professional	accepted	isco opencyc	
aerospace-engineer	research-worker	single	isco	
aerospace-engineer	scientist	single	isco	
aerospace-engineer	security-consultant	single	isco	
aerospace-engineer	skilled-worker	single	opencyc	
aerospace-engineer	specialist	single	isco	
aerospace-engineer	structure	single	opencyc	
aerospace-engineer	surveyor	single	isco	
aerospace-engineer	system	single	opencyc	
aerospace-engineer	systems-analyst	single	isco	
aerospace-engineer	vertebrate	single	opencyc	
aerospace-engineer	worker	accepted	isco opencyc wikidata	
aerospace-engineer	writer	single	isco	
affinity	companion	single	sumo	
agitation	companion	single	sumo	
agriculturist	agent	single	wordnet	
agriculturist	attribute	single	sumo	
agriculturist	farmer	single	wordnet	
agriculturist	human	single	opencyc	
agriculturist	mammal	single	opencyc	
agriculturist	organism	single	wordnet	
agriculturist	person	single	wordnet	
agriculturist	physical-object	single	wordnet	
agriculturist	property	single	sumo	
agriculturist	structure	single	opencyc	
agriculturist	system	single	opencyc	
agriculturist	vertebrate	single	opencyc	
agriculturist	worker	accepted	isco opencyc	
agronomist	adult	single	opencyc	
agronomist	adviser	single	isco	
agronomist	agent	single	wordnet	
agronomist	analyst.person	single	isco	
agronomist	architect	single	isco	
agronomist	artist	single	isco	
agronomist	attribute	single	sumo	
agronomist	copywriter	single	isco	
agronomist	developer	single	isco	
agronomist	educator	single	isco	
agronomist	engineer	accepted	isco wikidata	
agronomist	epidemiologist	single	isco	
agronomist	expert	accepted	isco wordnet	
agronomist	hearer	single	isco	
agronomist	human	single	opencyc	
agronomist	immunologist	single	isco	
agronomist	mammal	single	opencyc	
agronomist	organism	single	wordnet	
agronomist	person	single	wordnet	
agronomist	physical-object	single	wordnet	
agronomist	practitioner	single	isco	
agronomist	professional	single	isco	
agronomist	property	single	sumo	
agronomist	research-worker	single	isco	
agronomist	scientist	accepted	isco opencyc	
agronomist	security-consultant	single	isco	
agronomist	specialist	single	isco	
agronomist	structure	single	opencyc	
agronomist	surveyor	single	isco	
agronomist	system	single	opencyc	
agronomist	systems-analyst	single	isco	
agronomist	toxicologist	single	isco	
agronomist	vertebrate	single	opencyc	
agronomist	worker	accepted	isco opencyc wikidata	
agronomist	writer	single	isco	
aide	agent	single	wordnet	
aide	assistant	single	wordnet	
aide	attribute	single	sumo	
aide	cameraman	single	isco	
aide	detective	single	isco	
aide	inquiry-agent	single	isco	
aide	inspector	single	isco	
aide	man	single	isco	
aide	organism	single	wordnet	
aide	paralegal	single	isco	
aide	person	single	wordnet	
aide	physical-object	single	wordnet	
aide	promoter	single	isco	
aide	property	single	sumo	
aide	supervisor	single	isco	
aide	technician	single	isco	
aide	woman	single	isco	
aide	worker	accepted	isco wordnet	
alderman	agent	single	wordnet	
alderman	attribute	single	sumo	
alderman	chairman	single	isco	
alderman	chancellor-of-the-exchequer	single	isco	
alderman	chief	single	isco	
alderman	communicator	single	wordnet	
alderman	council-member	single	wikidata	
alderman	department-head	single	isco	
alderman	general-manager	single	isco	
alderman	governor	single	isco	
alderman	manager	single	isco	
alderman	member	single	isco	
alderman	organism	single	wordnet	
alderman	person	single	wordnet	
alderman	physical-object	single	wordnet	
alderman	president.person	single	isco	
alderman	property	single	sumo	
alderman	representative	single	wordnet	
alderman	secretary-general	single	isco	
alderman	worker	single	isco	
ambassador	adult	single	opencyc	
ambassador	agent	single	wordnet	
ambassador	chairman	single	isco	
ambassador	chancellor-of-the-exchequer	single	isco	
ambassador	chief	single	isco	
ambassador	department-head	single	isco	
ambassador	diplomat	accepted	opencyc wordnet	
ambassador	general-manager	single	isco	
ambassador	governor	single	isco	
ambassador	human	single	opencyc	
ambassador	mammal	single	opencyc	
ambassador	manager	accepted	isco opencyc	
ambassador	member	accepted	isco opencyc	
ambassador	official	single	wordnet	
ambassador	organism	single	wordnet	
ambassador	person	single	wordnet	
ambassador	physical-object	single	wordnet	
ambassador	president.person	single	isco	
ambassador	professional	single	opencyc	
ambassador	secretary-general	single	isco	
ambassador	skilled-worker	accepted	opencyc wordnet	
ambassador	structure	single	opencyc	
ambassador	system	single	opencyc	
ambassador	vertebrate	single	opencyc	
ambassador	worker	accepted	isco opencyc wordnet	
analogue	companion	single	sumo	
analyst	analyst.person	single	isco	
analyst	copywriter	single	isco	
analyst	developer	single	isco	
analyst	editor	single	isco	
analyst	educator	single	isco	
analyst	epidemiologist	single	isco	
analyst	hearer	single	isco	
analyst	immunologist	single	isco	
analyst	practitioner	single	isco	
analyst	security-consultant	single	isco	
analyst	sports-announcer	single	isco	
analyst	systems-analyst	disputed	isco	opencyc
analyst	translator	single	isco	
analyst.person	agent	single	wordnet	
analyst.person	amateur	single	sumo	
analyst.person	ambiance	single	sumo	
analyst.person	attribute	single	sumo	
analyst.person	circumstance	single	sumo	
analyst.person	civilisation	single	sumo	
analyst.person	companion	single	sumo	
analyst.person	crowd	single	sumo	
analyst.person	custom	single	sumo	
analyst.person	danger	single	sumo	
analyst.person	expert	accepted	sumo wordnet	
analyst.person	freedom	single	sumo	
analyst.person	hero	single	sumo	
analyst.person	lap	single	sumo	
analyst.person	literary-works	single	sumo	
analyst.person	normal	single	sumo	
analyst.person	organism	single	wordnet	
analyst.person	person	single	wordnet	
analyst.person	physical-object	single	wordnet	
analyst.person	point-of-view	single	sumo	
analyst.person	practice	single	sumo	
analyst.person	property	single	sumo	
analyst.person	society	single	sumo	
analyst.person	status	single	sumo	
analyst.person	tension	single	sumo	
analyst.person	way	single	sumo	
analyst.person	worker	single	isco	
anatomist	adviser	single	isco	
anatomist	agent	single	wordnet	
anatomist	analyst.person	single	isco	
anatomist	architect	single	isco	
anatomist	artist	single	isco	
anatomist	attribute	single	sumo	
anatomist	copywriter	single	isco	
anatomist	developer	single	isco	
anatomist	doctor	single	wikidata	
anatomist	educator	single	isco	
anatomist	engineer	single	isco	
anatomist	epidemiologist	single	isco	
anatomist	expert	accepted	isco wordnet	
anatomist	hearer	single	isco	
anatomist	immunologist	single	isco	
anatomist	organism	single	wordnet	
anatomist	person	single	wordnet	
anatomist	physical-object	single	wordnet	
anatomist	practitioner	single	isco	
anatomist	professional	single	isco	
anatomist	property	single	sumo	
anatomist	research-worker	accepted	isco wikidata	
anatomist	scientist	accepted	isco wikidata	
anatomist	security-consultant	single	isco	
anatomist	specialist	single	isco	
anatomist	surveyor	single	isco	
anatomist	systems-analyst	single	isco	
anatomist	toxicologist	single	isco	
anatomist	worker	single	isco	
anatomist	writer	single	isco	
anatomist	zoologist	single	wikidata	
anchorman	adviser	single	isco	
anchorman	agent	single	wordnet	
anchorman	analyst.person	single	isco	
anchorman	architect	single	isco	
anchorman	artist	single	isco	
anchorman	attribute	single	sumo	
anchorman	communicator	single	wordnet	
anchorman	copywriter	single	isco	
anchorman	developer	single	isco	
anchorman	editor	single	isco	
anchorman	educator	single	isco	
anchorman	engineer	single	isco	
anchorman	epidemiologist	single	isco	
anchorman	expert	single	isco	
anchorman	hearer	single	isco	
anchorman	immunologist	single	isco	
anchorman	organism	single	wordnet	
anchorman	person	single	wordnet	
anchorman	physical-object	single	wordnet	
anchorman	practitioner	single	isco	
anchorman	professional	single	isco	
anchorman	property	single	sumo	
anchorman	reporter	accepted	isco wordnet	
anchorman	research-worker	single	isco	
anchorman	scientist	single	isco	
anchorman	security-consultant	single	isco	
anchorman	specialist	single	isco	
anchorman	sports-announcer	single	isco	
anchorman	systems-analyst	single	isco	
anchorman	translator	single	isco	
anchorman	worker	single	isco	
anchorman	writer	single	isco	
animal-trainer	agent	single	wordnet	
animal-trainer	attribute	single	sumo	
animal-trainer	human	single	opencyc	
animal-trainer	leader	single	wordnet	
animal-trainer	mammal	single	opencyc	
animal-trainer	organism	single	wordnet	
animal-trainer	person	single	wordnet	
animal-trainer	physical-object	single	wordnet	
animal-trainer	property	single	sumo	
animal-trainer	skilled-worker	single	opencyc	
animal-trainer	structure	single	opencyc	
animal-trainer	system	single	opencyc	
animal-trainer	trainer	accepted	wikidata wordnet	
animal-trainer	vertebrate	single	opencyc	
animal-trainer	worker	accepted	isco opencyc	
announcer	adviser	single	isco	
announcer	agent	accepted	sumo wordnet	
announcer	analyst.person	single	isco	
announcer	animal	single	sumo	
announcer	architect	single	isco	
announcer	artist	single	isco	
announcer	body	single	sumo	
announcer	communicator	single	wordnet	
announcer	copywriter	single	isco	
announcer	developer	single	isco	
announcer	editor	single	isco	
announcer	educator	single	isco	
announcer	engineer	single	isco	
announcer	epidemiologist	single	isco	
announcer	expert	single	isco	
announcer	hearer	single	isco	
announcer	human	accepted	opencyc sumo	
announcer	immunologist	single	isco	
announcer	mammal	accepted	opencyc sumo	
announcer	organism	accepted	sumo wordnet	
announcer	person	accepted	sumo wordnet	
announcer	phenomenon	single	sumo	
announcer	physical-object	accepted	sumo wordnet	
announcer	populace	single	sumo	
announcer	practitioner	single	isco	
announcer	professional	single	isco	
announcer	reporter	single	isco	
announcer	research-worker	single	isco	
announcer	scientist	single	isco	
announcer	security-consultant	single	isco	
announcer	self	single	sumo	
announcer	specialist	single	isco	
announcer	species	single	sumo	
announcer	sports-announcer	disputed	isco	wikidata
announcer	structure	single	opencyc	
announcer	system	single	opencyc	
announcer	systems-analyst	single	isco	
announcer	translator	single	isco	
announcer	universe	single	sumo	
announcer	vertebrate	accepted	opencyc sumo	
announcer	worker	single	isco	
announcer	writer	single	isco	
anthropologist	adult	single	opencyc	
anthropologist	adviser	single	isco	
anthropologist	agent	single	wordnet	
anthropologist	analyst.person	single	isco	
anthropologist	architect	single	isco	
anthropologist	artist	single	isco	
anthropologist	copywriter	single	isco	
anthropologist	developer	single	isco	
anthropologist	editor	single	isco	
anthropologist	educator	single	isco	
anthropologist	engineer	single	isco	
anthropologist	epidemiologist	single	isco	
anthropologist	expert	single	isco	
anthropologist	hearer	single	isco	
anthropologist	human	single	opencyc	
anthropologist	immunologist	single	isco	
anthropologist	mammal	single	opencyc	
anthropologist	organism	single	wordnet	
anthropologist	person	single	wordnet	
anthropologist	physical-object	single	wordnet	
anthropologist	practitioner	single	isco	
anthropologist	professional	single	isco	
anthropologist	reporter	single	isco	
anthropologist	research-worker	accepted	isco wikidata	
anthropologist	scientist	accepted	isco opencyc wikidata wordnet	
anthropologist	security-consultant	single	isco	
anthropologist	social-scientist	accepted	wikidata wordnet	
anthropologist	specialist	single	isco	
anthropologist	sports-announcer	single	isco	
anthropologist	structure	single	opencyc	
anthropologist	system	single	opencyc	
anthropologist	systems-analyst	single	isco	
anthropologist	translator	single	isco	
anthropologist	vertebrate	single	opencyc	
anthropologist	worker	accepted	isco opencyc	
anthropologist	writer	single	isco	
appeal	companion	single	sumo	
appearance	companion	single	sumo	
applicant	beater	single	isco	
applicant	blaster	single	isco	
applicant	bodybuilder	single	isco	
applicant	builder	single	isco	
applicant	cabinetmaker	single	isco	
applicant	caster.person	single	isco	
applicant	closer	single	isco	
applicant	compositor	single	isco	
applicant	engraver	single	isco	
applicant	fitter	single	isco	
applicant	glassworker	single	isco	
applicant	grader	single	isco	
applicant	ironworker	single	isco	
applicant	machinist	single	isco	
applicant	maker	single	isco	
applicant	mender	single	isco	
applicant	patternmaker	single	isco	
applicant	refinisher	single	isco	
applicant	rigger	single	isco	
applicant	sewer	single	isco	
applicant	shipwright	single	isco	
applicant	smith	single	isco	
applicant	spinster	single	isco	
applicant	splitter	single	isco	
applicant	sprayer	single	isco	
applicant	stainer	single	isco	
applicant	stonecutter	single	isco	
applicant	tuner	single	isco	
applicant	turner	single	isco	
applicant	varnisher	single	isco	
applicant	welder	single	isco	
applicant	woodcarver	single	isco	
applicant	woodworker	single	isco	
appraiser	adult	single	opencyc	
appraiser	agent	single	wordnet	
appraiser	attribute	single	sumo	
appraiser	authority	single	wordnet	
appraiser	broker	single	isco	
appraiser	cameraman	single	isco	
appraiser	detective	single	isco	
appraiser	expert	single	wordnet	
appraiser	human	single	opencyc	
appraiser	inquiry-agent	single	isco	
appraiser	inspector	single	isco	
appraiser	investment-banker	single	isco	
appraiser	mammal	single	opencyc	
appraiser	man	single	isco	
appraiser	organism	single	wordnet	
appraiser	paralegal	single	isco	
appraiser	person	single	wordnet	
appraiser	physical-object	single	wordnet	
appraiser	professional	single	opencyc	
appraiser	promoter	single	isco	
appraiser	property	single	sumo	
appraiser	skilled-worker	single	opencyc	
appraiser	structure	single	opencyc	
appraiser	supervisor	single	isco	
appraiser	system	single	opencyc	
appraiser	tax-assessor	single	isco	
appraiser	technician	single	isco	
appraiser	trader	single	isco	
appraiser	vertebrate	single	opencyc	
appraiser	woman	single	isco	
appraiser	worker	accepted	isco opencyc	
arbiter	adviser	single	isco	
arbiter	agent	single	wordnet	
arbiter	analyst.person	single	isco	
arbiter	architect	single	isco	
arbiter	artist	single	isco	
arbiter	attribute	single	sumo	
arbiter	authority	single	wordnet	
arbiter	copywriter	single	isco	
arbiter	developer	single	isco	
arbiter	educator	single	isco	
arbiter	engineer	single	isco	
arbiter	epidemiologist	single	isco	
arbiter	expert	accepted	isco wordnet	
arbiter	hearer	single	isco	
arbiter	immunologist	single	isco	
arbiter	judge	single	wikidata	
arbiter	jurist	single	wikidata	
arbiter	organism	single	wordnet	
arbiter	person	single	wordnet	
arbiter	physical-object	single	wordnet	
arbiter	practitioner	single	isco	
arbiter	professional	accepted	isco wikidata	
arbiter	property	single	sumo	
arbiter	research-worker	single	isco	
arbiter	scientist	single	isco	
arbiter	security-consultant	single	isco	
arbiter	specialist	accepted	isco wikidata	
arbiter	systems-analyst	single	isco	
arbiter	worker	accepted	isco wikidata	
arbiter	writer	single	isco	
archbishop	adult	single	opencyc	
archbishop	adviser	single	isco	
archbishop	agent	single	wordnet	
archbishop	analyst.person	single	isco	
archbishop	architect	single	isco	
archbishop	artist	single	isco	
archbishop	attribute	single	wordnet	
archbishop	bishop	accepted	wikidata wordnet	
archbishop	copywriter	single	isco	
archbishop	developer	single	isco	
archbishop	editor	single	isco	
archbishop	educator	single	isco	
archbishop	engineer	single	isco	
archbishop	epidemiologist	single	isco	
archbishop	expert	single	isco	
archbishop	hearer	single	isco	
archbishop	human	single	opencyc	
archbishop	immunologist	single	isco	
archbishop	leader	single	wordnet	
archbishop	mammal	single	opencyc	
archbishop	organism	single	wordnet	
archbishop	person	single	wordnet	
archbishop	physical-object	single	wordnet	
archbishop	practitioner	single	isco	
archbishop	priest	single	wordnet	
archbishop	professional	accepted	isco opencyc	
archbishop	reporter	single	isco	
archbishop	research-worker	single	isco	
archbishop	scientist	single	isco	
archbishop	security-consultant	single	isco	
archbishop	skilled-worker	single	opencyc	
archbishop	specialist	single	isco	
archbishop	sports-announcer	single	isco	
archbishop	state	single	wordnet	
archbishop	status	single	wordnet	
archbishop	structure	single	opencyc	
archbishop	system	single	opencyc	
archbishop	systems-analyst	single	isco	
archbishop	translator	single	isco	
archbishop	vertebrate	single	opencyc	
archbishop	worker	accepted	isco opencyc	
archbishop	writer	single	isco	
archdeacon	adviser	single	isco	
archdeacon	agent	single	wordnet	
archdeacon	analyst.person	single	isco	
archdeacon	architect	single	isco	
archdeacon	artist	single	isco	
archdeacon	attribute	single	sumo	
archdeacon	copywriter	single	isco	
archdeacon	deacon	single	wikidata	
archdeacon	developer	single	isco	
archdeacon	editor	single	isco	
archdeacon	educator	single	isco	
archdeacon	engineer	single	isco	
archdeacon	epidemiologist	single	isco	
archdeacon	expert	single	isco	
archdeacon	hearer	single	isco	
archdeacon	immunologist	single	isco	
archdeacon	leader	single	wordnet	
archdeacon	organism	single	wordnet	
archdeacon	person	single	wordnet	
archdeacon	physical-object	single	wordnet	
archdeacon	practitioner	single	isco	
archdeacon	professional	single	isco	
archdeacon	property	single	sumo	
archdeacon	reporter	single	isco	
archdeacon	research-worker	single	isco	
archdeacon	scientist	single	isco	
archdeacon	security-consultant	single	isco	
archdeacon	specialist	single	isco	
archdeacon	sports-announcer	single	isco	
archdeacon	systems-analyst	single	isco	
archdeacon	translator	single	isco	
archdeacon	worker	single	isco	
archdeacon	writer	single	isco	
archeologist	adviser	single	isco	
archeologist	agent	single	wordnet	
archeologist	analyst.person	single	isco	
archeologist	anthropologist	single	wordnet	
archeologist	architect	single	isco	
archeologist	artist	single	isco	
archeologist	copywriter	single	isco	
archeologist	developer	single	isco	
archeologist	editor	single	isco	
archeologist	educator	single	isco	
archeologist	engineer	single	isco	
archeologist	epidemiologist	single	isco	
archeologist	expert	single	isco	
archeologist	hearer	single	isco	
archeologist	immunologist	single	isco	
archeologist	organism	single	wordnet	
archeologist	person	single	wordnet	
archeologist	physical-object	single	wordnet	
archeologist	practitioner	single	isco	
archeologist	professional	single	isco	
archeologist	reporter	single	isco	
archeologist	research-worker	single	isco	
archeologist	scientist	accepted	isco wordnet	
archeologist	security-consultant	single	isco	
archeologist	social-scientist	single	wordnet	
archeologist	specialist	single	isco	
archeologist	sports-announcer	single	isco	
archeologist	systems-analyst	single	isco	
archeologist	translator	single	isco	
archeologist	worker	single	isco	
archeologist	writer	single	isco	
archivist	adviser	single	isco	
archivist	agent	single	wordnet	
archivist	analyst.person	single	isco	
archivist	architect	single	isco	
archivist	artist	single	isco	
archivist	attribute	single	sumo	
archivist	copywriter	single	isco	
archivist	developer	single	isco	
archivist	editor	single	isco	
archivist	educator	single	isco	
archivist	engineer	single	isco	
archivist	epidemiologist	single	isco	
archivist	expert	single	isco	
archivist	hearer	single	isco	
archivist	human	single	opencyc	
archivist	immunologist	single	isco	
archivist	mammal	single	opencyc	
archivist	organism	single	wordnet	
archivist	person	single	wordnet	
archivist	physical-object	single	wordnet	
archivist	practitioner	single	isco	
archivist	professional	single	isco	
archivist	property	single	sumo	
archivist	reporter	single	isco	
archivist	research-worker	single	isco	
archivist	scientist	single	isco	
archivist	security-consultant	single	isco	
archivist	specialist	single	isco	
archivist	sports-announcer	single	isco	
archivist	structure	single	opencyc	
archivist	system	single	opencyc	
archivist	systems-analyst	single	isco	
archivist	translator	single	isco	
archivist	vertebrate	single	opencyc	
archivist	worker	accepted	isco opencyc	
archivist	writer	single	isco	
art-critic	adult	single	wordnet	
art-critic	adviser	single	isco	
art-critic	agent	single	wordnet	
art-critic	analyst.person	single	isco	
art-critic	architect	single	isco	
art-critic	artist	single	isco	
art-critic	attribute	single	sumo	
art-critic	copywriter	single	isco	
art-critic	critic	accepted	wikidata wordnet	
art-critic	developer	single	isco	
art-critic	editor	single	isco	
art-critic	educator	single	isco	
art-critic	engineer	single	isco	
art-critic	epidemiologist	single	isco	
art-critic	expert	single	isco	
art-critic	hearer	single	isco	
art-critic	immunologist	single	isco	
art-critic	organism	single	wordnet	
art-critic	person	accepted	wikidata wordnet	
art-critic	physical-object	single	wordnet	
art-critic	practitioner	single	isco	
art-critic	professional	accepted	isco wordnet	
art-critic	property	single	sumo	
art-critic	reporter	single	isco	
art-critic	research-worker	single	isco	
art-critic	scientist	single	isco	
art-critic	security-consultant	single	isco	
art-critic	specialist	single	isco	
art-critic	sports-announcer	single	isco	
art-critic	systems-analyst	single	isco	
art-critic	translator	single	isco	
art-critic	worker	single	isco	
art-critic	writer	single	isco	
artist's-model	adjutant	single	isco	
artist's-model	adult	single	opencyc	
artist's-model	agent	single	wordnet	
artist's-model	assistant	single	wordnet	
artist's-model	attribute	single	sumo	
artist's-model	bodyguard	single	isco	
artist's-model	companion	single	isco	
artist's-model	concierge	single	isco	
artist's-model	gamekeeper	single	isco	
artist's-model	guard	single	isco	
artist's-model	host	single	isco	
artist's-model	hostess	single	isco	
artist's-model	human	single	opencyc	
artist's-model	keeper	single	isco	
artist's-model	mammal	single	opencyc	
artist's-model	mannequin	single	wikidata	
artist's-model	organism	single	wordnet	
artist's-model	person	single	wordnet	
artist's-model	physical-object	single	wordnet	
artist's-model	poser	single	wordnet	
artist's-model	professional	single	opencyc	
artist's-model	property	single	sumo	
artist's-model	salesclerk	single	isco	
artist's-model	seller	single	isco	
artist's-model	skilled-worker	single	opencyc	
artist's-model	structure	single	opencyc	
artist's-model	system	single	opencyc	
artist's-model	vertebrate	single	opencyc	
artist's-model	worker	accepted	isco opencyc wordnet	
assayer	adviser	single	isco	
assayer	agent	single	wordnet	
assayer	analyst.person	accepted	isco wordnet	
assayer	architect	single	isco	
assayer	artist	single	isco	
assayer	attribute	single	sumo	
assayer	copywriter	single	isco	
assayer	developer	single	isco	
assayer	educator	single	isco	
assayer	engineer	single	isco	
assayer	epidemiologist	single	isco	
assayer	expert	accepted	isco wordnet	
assayer	hearer	single	isco	
assayer	immunologist	single	isco	
assayer	organism	single	wordnet	
assayer	person	single	wordnet	
assayer	physical-object	single	wordnet	
assayer	practitioner	single	isco	
assayer	professional	single	isco	
assayer	property	single	sumo	
assayer	research-worker	single	isco	
assayer	scientist	single	isco	
assayer	security-consultant	single	isco	
assayer	specialist	single	isco	
assayer	surveyor	single	isco	
assayer	systems-analyst	single	isco	
assayer	worker	single	isco	
assayer	writer	single	isco	
assignee	adviser	single	isco	
assignee	agent	single	wordnet	
assignee	analyst.person	single	isco	
assignee	architect	single	isco	
assignee	artist	single	isco	
assignee	attribute	single	sumo	
assignee	copywriter	single	isco	
assignee	developer	single	isco	
assignee	educator	single	isco	
assignee	engineer	single	isco	
assignee	epidemiologist	single	isco	
assignee	expert	single	isco	
assignee	hearer	single	isco	
assignee	immunologist	single	isco	
assignee	organism	single	wordnet	
assignee	person	single	wordnet	
assignee	physical-object	single	wordnet	
assignee	practitioner	single	isco	
assignee	professional	single	isco	
assignee	property	single	sumo	
assignee	research-worker	single	isco	
assignee	scientist	single	isco	
assignee	security-consultant	single	isco	
assignee	specialist	single	isco	
assignee	systems-analyst	single	isco	
assignee	worker	single	isco	
assignee	writer	single	isco	
associate	adviser	single	isco	
associate	agent	single	wordnet	
associate	analyst.person	single	isco	
associate	architect	single	isco	
associate	artist	single	isco	
associate	attribute	single	sumo	
associate	copywriter	single	isco	
associate	developer	single	isco	
associate	educator	single	isco	
associate	engineer	single	isco	
associate	epidemiologist	single	isco	
associate	expert	single	isco	
associate	hearer	single	isco	
associate	human	single	opencyc	
associate	immunologist	single	isco	
associate	mammal	single	opencyc	
associate	organism	single	wordnet	
associate	peer	accepted	opencyc wordnet	
associate	person	single	wordnet	
associate	physical-object	single	wordnet	
associate	practitioner	single	isco	
associate	professional	single	isco	
associate	property	single	sumo	
associate	research-worker	single	isco	
associate	scientist	single	isco	
associate	security-consultant	single	isco	
associate	specialist	single	isco	
associate	structure	single	opencyc	
associate	surveyor	single	isco	
associate	system	single	opencyc	
associate	systems-analyst	single	isco	
associate	toxicologist	single	isco	
associate	vertebrate	single	opencyc	
associate	worker	single	isco	
associate	writer	single	isco	
astrologer	adjutant	single	isco	
astrologer	agent	single	wordnet	
astrologer	attribute	single	sumo	
astrologer	bodyguard	single	isco	
astrologer	companion	single	isco	
astrologer	concierge	single	isco	
astrologer	forecaster	accepted	opencyc wordnet	
astrologer	gamekeeper	single	isco	
astrologer	guard	single	isco	
astrologer	host	single	isco	
astrologer	hostess	single	isco	
astrologer	human	single	opencyc	
astrologer	intellect	single	opencyc	
astrologer	keeper	single	isco	
astrologer	mammal	single	opencyc	
astrologer	organism	single	wordnet	
astrologer	person	single	wordnet	
astrologer	physical-object	single	wordnet	
astrologer	property	single	sumo	
astrologer	steward.person	single	isco	
astrologer	stewardess	single	isco	
astrologer	structure	single	opencyc	
astrologer	system	single	opencyc	
astrologer	vertebrate	single	opencyc	
astrologer	visionary	accepted	opencyc wordnet	
astrologer	worker	single	isco	
astrophysicist	adviser	single	isco	
astrophysicist	agent	single	wordnet	
astrophysicist	analyst.person	single	isco	
astrophysicist	architect	single	isco	
astrophysicist	artist	single	isco	
astrophysicist	copywriter	single	isco	
astrophysicist	developer	single	isco	
astrophysicist	educator	single	isco	
astrophysicist	engineer	single	isco	
astrophysicist	epidemiologist	single	isco	
astrophysicist	expert	single	isco	
astrophysicist	hearer	single	isco	
astrophysicist	immunologist	single	isco	
astrophysicist	organism	single	wordnet	
astrophysicist	person	single	wordnet	
astrophysicist	physical-object	single	wordnet	
astrophysicist	practitioner	single	isco	
astrophysicist	professional	single	isco	
astrophysicist	research-worker	accepted	isco wikidata	
astrophysicist	scientist	accepted	isco wikidata wordnet	
astrophysicist	security-consultant	single	isco	
astrophysicist	specialist	single	isco	
astrophysicist	surveyor	single	isco	
astrophysicist	systems-analyst	single	isco	
astrophysicist	worker	single	isco	
astrophysicist	writer	single	isco	
athlete	cameraman	single	isco	
athlete	inquiry-agent	single	isco	
athlete	inspector	single	isco	
athlete	paralegal	single	isco	
athlete	promoter	single	isco	
athlete	technician	single	isco	
attraction	companion	single	sumo	
auctioneer	agent	single	wordnet	
auctioneer	broker	accepted	isco wordnet	
auctioneer	cameraman	single	isco	
auctioneer	detective	single	isco	
auctioneer	inquiry-agent	single	isco	
auctioneer	inspector	single	isco	
auctioneer	investment-banker	single	isco	
auctioneer	leader	single	wikidata	
auctioneer	man	single	isco	
auctioneer	organism	single	wordnet	
auctioneer	paralegal	single	isco	
auctioneer	person	accepted	wikidata wordnet	
auctioneer	physical-object	single	wordnet	
auctioneer	promoter	single	isco	
auctioneer	supervisor	single	isco	
auctioneer	technician	single	isco	
auctioneer	trader	single	isco	
auctioneer	woman	single	isco	
auctioneer	worker	single	isco	
auditor	skilled-worker	single	opencyc	
augury	companion	single	sumo	
automobile-mechanic	agent	single	wordnet	
automobile-mechanic	attribute	single	sumo	
automobile-mechanic	beater	single	isco	
automobile-mechanic	blaster	single	isco	
automobile-mechanic	bodybuilder	single	isco	
automobile-mechanic	builder	single	isco	
automobile-mechanic	cabinetmaker	single	isco	
automobile-mechanic	caster.person	single	isco	
automobile-mechanic	closer	single	isco	
automobile-mechanic	compositor	single	isco	
automobile-mechanic	craftsman	single	isco	
automobile-mechanic	engraver	single	isco	
automobile-mechanic	fitter	single	isco	
automobile-mechanic	glassworker	single	isco	
automobile-mechanic	grader	single	isco	
automobile-mechanic	human	single	opencyc	
automobile-mechanic	ironworker	single	isco	
automobile-mechanic	machinist	single	isco	
automobile-mechanic	maker	single	isco	
automobile-mechanic	mammal	single	opencyc	
automobile-mechanic	mender	accepted	isco wordnet	
automobile-mechanic	organism	single	wordnet	
automobile-mechanic	painter	single	isco	
automobile-mechanic	patternmaker	single	isco	
automobile-mechanic	person	single	wordnet	
automobile-mechanic	physical-object	single	wordnet	
automobile-mechanic	property	single	sumo	
automobile-mechanic	refinisher	single	isco	
automobile-mechanic	rigger	single	isco	
automobile-mechanic	sewer	single	isco	
automobile-mechanic	shipwright	single	isco	
automobile-mechanic	skilled-worker	single	wordnet	
automobile-mechanic	smith	single	isco	
automobile-mechanic	spinster	single	isco	
automobile-mechanic	splitter	single	isco	
automobile-mechanic	sprayer	single	isco	
automobile-mechanic	stonecutter	single	isco	
automobile-mechanic	structure	single	opencyc	
automobile-mechanic	system	single	opencyc	
automobile-mechanic	trade	single	sumo	
automobile-mechanic	tuner	single	isco	
automobile-mechanic	turner	single	isco	
automobile-mechanic	varnisher	single	isco	
automobile-mechanic	vertebrate	single	opencyc	
automobile-mechanic	welder	single	isco	
automobile-mechanic	woodcarver	single	isco	
automobile-mechanic	worker	accepted	isco opencyc wordnet	
automotive-engineer	adult	single	opencyc	
automotive-engineer	adviser	single	isco	
automotive-engineer	agent	single	wordnet	
automotive-engineer	analyst.person	single	isco	
automotive-engineer	architect	single	isco	
automotive-engineer	artist	single	isco	
automotive-engineer	copywriter	single	isco	
automotive-engineer	developer	single	isco	
automotive-engineer	educator	single	isco	
automotive-engineer	engineer	accepted	isco opencyc wikidata wordnet	
automotive-engineer	epidemiologist	single	isco	
automotive-engineer	expert	single	isco	
automotive-engineer	hearer	single	isco	
automotive-engineer	human	single	opencyc	
automotive-engineer	immunologist	single	isco	
automotive-engineer	mammal	single	opencyc	
automotive-engineer	organism	single	wordnet	
automotive-engineer	person	single	wordnet	
automotive-engineer	physical-object	single	wordnet	
automotive-engineer	practitioner	single	isco	
automotive-engineer	professional	accepted	isco opencyc	
automotive-engineer	research-worker	single	isco	
automotive-engineer	scientist	single	isco	
automotive-engineer	security-consultant	single	isco	
automotive-engineer	skilled-worker	single	opencyc	
automotive-engineer	specialist	single	isco	
automotive-engineer	structure	single	opencyc	
automotive-engineer	surveyor	single	isco	
automotive-engineer	system	single	opencyc	
automotive-engineer	systems-analyst	single	isco	
automotive-engineer	vertebrate	single	opencyc	
automotive-engineer	worker	accepted	isco opencyc wikidata	
automotive-engineer	writer	single	isco	
ayah	adjutant	single	isco	
ayah	agent	single	wordnet	
ayah	attribute	single	sumo	
ayah	bodyguard	single	isco	
ayah	companion	single	isco	
ayah	concierge	single	isco	
ayah	gamekeeper	single	isco	
ayah	guard	single	isco	
ayah	host	single	isco	
ayah	hostess	single	isco	
ayah	keeper	single	isco	
ayah	organism	single	wordnet	
ayah	person	single	wordnet	
ayah	physical-object	single	wordnet	
ayah	property	single	sumo	
ayah	servant	accepted	wikidata wordnet	
ayah	worker	accepted	isco wikidata wordnet	
babysitter	adjutant	single	isco	
babysitter	agent	single	wordnet	
babysitter	attribute	single	sumo	
babysitter	ayah	single	isco	
babysitter	bodyguard	single	isco	
babysitter	companion	single	isco	
babysitter	concierge	single	isco	
babysitter	gamekeeper	single	isco	
babysitter	guard	single	isco	
babysitter	host	single	isco	
babysitter	hostess	single	isco	
babysitter	keeper	accepted	isco wordnet	
babysitter	organism	single	wordnet	
babysitter	person	single	wordnet	
babysitter	physical-object	single	wordnet	
babysitter	property	single	sumo	
babysitter	trade	single	sumo	
babysitter	worker	single	isco	
bacteriologist	adult	single	opencyc	
bacteriologist	adviser	single	isco	
bacteriologist	agent	single	wordnet	
bacteriologist	analyst.person	single	isco	
bacteriologist	architect	single	isco	
bacteriologist	artist	single	isco	
bacteriologist	copywriter	single	isco	
bacteriologist	developer	single	isco	
bacteriologist	educator	single	isco	
bacteriologist	engineer	single	isco	
bacteriologist	epidemiologist	single	isco	
bacteriologist	expert	single	isco	
bacteriologist	hearer	single	isco	
bacteriologist	human	single	opencyc	
bacteriologist	immunologist	single	isco	
bacteriologist	mammal	single	opencyc	
bacteriologist	microbiologist	single	wikidata	
bacteriologist	organism	single	wordnet	
bacteriologist	person	single	wordnet	
bacteriologist	physical-object	single	wordnet	
bacteriologist	practitioner	single	isco	
bacteriologist	professional	single	isco	
bacteriologist	research-worker	accepted	isco wikidata	
bacteriologist	scientist	accepted	isco opencyc wikidata wordnet	
bacteriologist	security-consultant	single	isco	
bacteriologist	specialist	single	isco	
bacteriologist	structure	single	opencyc	
bacteriologist	surveyor	single	isco	
bacteriologist	system	single	opencyc	
bacteriologist	systems-analyst	single	isco	
bacteriologist	toxicologist	single	isco	
bacteriologist	vertebrate	single	opencyc	
bacteriologist	worker	accepted	isco opencyc	
bacteriologist	writer	single	isco	
bailiff	agent	single	wordnet	
bailiff	cameraman	single	isco	
bailiff	detective	single	isco	
bailiff	human	single	opencyc	
bailiff	inquiry-agent	single	isco	
bailiff	inspector	single	isco	
bailiff	mammal	single	opencyc	
bailiff	man	single	isco	
bailiff	official	single	wordnet	
bailiff	organism	single	wordnet	
bailiff	paralegal	single	isco	
bailiff	person	single	wordnet	
bailiff	physical-object	single	wordnet	
bailiff	professional	single	opencyc	
bailiff	promoter	single	isco	
bailiff	skilled-worker	accepted	opencyc wordnet	
bailiff	structure	single	opencyc	
bailiff	supervisor	single	isco	
bailiff	system	single	opencyc	
bailiff	technician	single	isco	
bailiff	vertebrate	single	opencyc	
bailiff	woman	single	isco	
bailiff	worker	accepted	isco opencyc wordnet	
bait	companion	single	sumo	
balancer	acrobat	single	wordnet	
balancer	agent	single	wordnet	
balancer	athlete	single	wordnet	
balancer	attribute	single	sumo	
balancer	beater	single	isco	
balancer	blaster	single	isco	
balancer	bodybuilder	single	isco	
balancer	builder	single	isco	
balancer	cabinetmaker	single	isco	
balancer	caster.person	single	isco	
balancer	closer	single	isco	
balancer	compositor	single	isco	
balancer	craftsman	single	isco	
balancer	engraver	single	isco	
balancer	etcher	single	isco	
balancer	fitter	single	isco	
balancer	glassworker	single	isco	
balancer	grader	single	isco	
balancer	ironworker	single	isco	
balancer	machinist	single	isco	
balancer	maker	single	isco	
balancer	mender	single	isco	
balancer	mounter	single	isco	
balancer	organism	single	wordnet	
balancer	painter	single	isco	
balancer	patternmaker	single	isco	
balancer	person	single	wordnet	
balancer	physical-object	single	wordnet	
balancer	property	single	sumo	
balancer	refinisher	single	isco	
balancer	rigger	single	isco	
balancer	sewer	single	isco	
balancer	shipwright	single	isco	
balancer	smith	single	isco	
balancer	spinster	single	isco	
balancer	splitter	single	isco	
balancer	sprayer	single	isco	
balancer	stamper	single	isco	
balancer	stonecutter	single	isco	
balancer	transferer	single	isco	
balancer	tuner	single	isco	
balancer	turner	single	isco	
balancer	varnisher	single	isco	
balancer	weaver	single	isco	
balancer	welder	single	isco	
balancer	woodcarver	single	isco	
balancer	worker	single	isco	
ballerina	adviser	single	isco	
ballerina	agent	single	wordnet	
ballerina	analyst.person	single	isco	
ballerina	architect	single	isco	
ballerina	artist	accepted	isco opencyc	
ballerina	ballet-dancer	accepted	opencyc wikidata wordnet	
ballerina	copywriter	single	isco	
ballerina	dancer	accepted	opencyc wikidata wordnet	
ballerina	developer	single	isco	
ballerina	editor	single	isco	
ballerina	educator	single	isco	
ballerina	engineer	single	isco	
ballerina	epidemiologist	single	isco	
ballerina	expert	single	isco	
ballerina	hearer	single	isco	
ballerina	human	single	opencyc	
ballerina	immunologist	single	isco	
ballerina	mammal	single	opencyc	
ballerina	organism	single	wordnet	
ballerina	performer	single	wordnet	
ballerina	person	single	wordnet	
ballerina	physical-object	single	wordnet	
ballerina	practitioner	single	isco	
ballerina	professional	accepted	isco opencyc	
ballerina	reporter	single	isco	
ballerina	research-worker	single	isco	
ballerina	scientist	single	isco	
ballerina	security-consultant	single	isco	
ballerina	skilled-worker	single	opencyc	
ballerina	specialist	single	isco	
ballerina	sports-announcer	single	isco	
ballerina	structure	single	opencyc	
ballerina	system	single	opencyc	
ballerina	systems-analyst	single	isco	
ballerina	translator	single	isco	
ballerina	vertebrate	single	opencyc	
ballerina	worker	accepted	isco opencyc	
ballerina	writer	single	isco	
ballet-dancer	adviser	single	isco	
ballet-dancer	agent	single	wordnet	
ballet-dancer	analyst.person	single	isco	
ballet-dancer	architect	single	isco	
ballet-dancer	artist	accepted	isco opencyc	
ballet-dancer	copywriter	single	isco	
ballet-dancer	dancer	accepted	opencyc wikidata wordnet	
ballet-dancer	developer	single	isco	
ballet-dancer	editor	single	isco	
ballet-dancer	educator	single	isco	
ballet-dancer	engineer	single	isco	
ballet-dancer	epidemiologist	single	isco	
ballet-dancer	expert	single	isco	
ballet-dancer	hearer	single	isco	
ballet-dancer	human	single	opencyc	
ballet-dancer	immunologist	single	isco	
ballet-dancer	mammal	single	opencyc	
ballet-dancer	organism	single	wordnet	
ballet-dancer	performer	single	wordnet	
ballet-dancer	person	single	wordnet	
ballet-dancer	physical-object	single	wordnet	
ballet-dancer	practitioner	single	isco	
ballet-dancer	professional	accepted	isco opencyc	
ballet-dancer	reporter	single	isco	
ballet-dancer	research-worker	single	isco	
ballet-dancer	scientist	single	isco	
ballet-dancer	security-consultant	single	isco	
ballet-dancer	skilled-worker	single	opencyc	
ballet-dancer	specialist	single	isco	
ballet-dancer	sports-announcer	single	isco	
ballet-dancer	structure	single	opencyc	
ballet-dancer	system	single	opencyc	
ballet-dancer	systems-analyst	single	isco	
ballet-dancer	translator	single	isco	
ballet-dancer	vertebrate	single	opencyc	
ballet-dancer	worker	accepted	isco opencyc	
ballet-dancer	writer	single	isco	
bandleader	adviser	single	isco	
bandleader	agent	single	wordnet	
bandleader	analyst.person	single	isco	
bandleader	architect	single	isco	
bandleader	artist	accepted	isco opencyc wikidata wordnet	
bandleader	attribute	single	sumo	
bandleader	conductor	single	opencyc	
bandleader	copywriter	single	isco	
bandleader	developer	single	isco	
bandleader	editor	single	isco	
bandleader	educator	single	isco	
bandleader	engineer	single	isco	
bandleader	epidemiologist	single	isco	
bandleader	expert	single	isco	
bandleader	hearer	single	isco	
bandleader	human	single	opencyc	
bandleader	immunologist	single	isco	
bandleader	instrumentalist	single	wikidata	
bandleader	leader	single	wikidata	
bandleader	mammal	single	opencyc	
bandleader	music-director	single	wordnet	
bandleader	musician	accepted	opencyc wikidata wordnet	
bandleader	organism	single	wordnet	
bandleader	person	accepted	wikidata wordnet	
bandleader	physical-object	single	wordnet	
bandleader	practitioner	single	isco	
bandleader	professional	accepted	isco opencyc	
bandleader	property	single	sumo	
bandleader	reporter	single	isco	
bandleader	research-worker	single	isco	
bandleader	scientist	single	isco	
bandleader	security-consultant	single	isco	
bandleader	skilled-worker	single	opencyc	
bandleader	specialist	single	isco	
bandleader	sports-announcer	single	isco	
bandleader	structure	single	opencyc	
bandleader	system	single	opencyc	
bandleader	systems-analyst	single	isco	
bandleader	translator	single	isco	
bandleader	vertebrate	single	opencyc	
bandleader	worker	accepted	isco opencyc	
bandleader	writer	single	isco	
bandmaster	adviser	single	isco	
bandmaster	agent	single	wordnet	
bandmaster	analyst.person	single	isco	
bandmaster	architect	single	isco	
bandmaster	artist	accepted	isco wikidata wordnet	
bandmaster	attribute	single	sumo	
bandmaster	bandleader	single	wikidata	
bandmaster	copywriter	single	isco	
bandmaster	developer	single	isco	
bandmaster	editor	single	isco	
bandmaster	educator	single	isco	
bandmaster	engineer	single	isco	
bandmaster	epidemiologist	single	isco	
bandmaster	expert	single	isco	
bandmaster	hearer	single	isco	
bandmaster	immunologist	single	isco	
bandmaster	instrumentalist	single	wikidata	
bandmaster	leader	single	wikidata	
bandmaster	music-director	single	wordnet	
bandmaster	musician	accepted	wikidata wordnet	
bandmaster	organism	single	wordnet	
bandmaster	person	accepted	wikidata wordnet	
bandmaster	physical-object	single	wordnet	
bandmaster	practitioner	single	isco	
bandmaster	professional	single	isco	
bandmaster	property	single	sumo	
bandmaster	reporter	single	isco	
bandmaster	research-worker	single	isco	
bandmaster	scientist	single	isco	
bandmaster	security-consultant	single	isco	
bandmaster	specialist	single	isco	
bandmaster	sports-announcer	single	isco	
bandmaster	systems-analyst	single	isco	
bandmaster	translator	single	isco	
bandmaster	worker	single	isco	
bandmaster	writer	single	isco	
bank-manager	administrator	single	wordnet	
bank-manager	agent	single	wordnet	
bank-manager	chief	accepted	isco wordnet	
bank-manager	department-head	single	isco	
bank-manager	general-manager	single	isco	
bank-manager	governor	single	isco	
bank-manager	leader	single	wordnet	
bank-manager	manager	accepted	isco wordnet	
bank-manager	matron	single	isco	
bank-manager	organism	single	wordnet	
bank-manager	person	single	wordnet	
bank-manager	physical-object	single	wordnet	
bank-manager	worker	single	isco	
banker	adult	single	opencyc	
banker	agent	single	wordnet	
banker	businessman	single	wikidata	
banker	chief	single	isco	
banker	department-head	single	isco	
banker	general-manager	single	isco	
banker	governor	single	isco	
banker	human	single	opencyc	
banker	mammal	single	opencyc	
banker	manager	single	isco	
banker	organism	single	wordnet	
banker	person	single	wordnet	
banker	physical-object	single	wordnet	
banker	professional	single	opencyc	
banker	skilled-worker	single	opencyc	
banker	structure	single	opencyc	
banker	system	single	opencyc	
banker	vertebrate	single	opencyc	
banker	worker	accepted	isco opencyc wikidata	
barber	adjutant	single	isco	
barber	agent	single	wordnet	
barber	attribute	single	sumo	
barber	bodyguard	single	isco	
barber	companion	single	isco	
barber	concierge	single	isco	
barber	craftsman	single	wordnet	
barber	gamekeeper	single	isco	
barber	guard	single	isco	
barber	hairdresser	accepted	wikidata wordnet	
barber	host	single	isco	
barber	hostess	single	isco	
barber	keeper	single	isco	
barber	organism	single	wordnet	
barber	person	single	wordnet	
barber	physical-object	single	wordnet	
barber	property	single	sumo	
barber	skilled-worker	single	wordnet	
barber	steward.person	single	isco	
barber	stewardess	single	isco	
barber	trade	single	sumo	
barber	worker	accepted	isco wordnet	
baritone	adviser	single	isco	
baritone	agent	accepted	sumo wordnet	
baritone	analyst.person	single	isco	
baritone	animal	single	sumo	
baritone	architect	single	isco	
baritone	artist	accepted	isco opencyc	
baritone	body	single	sumo	
baritone	copywriter	single	isco	
baritone	developer	single	isco	
baritone	editor	single	isco	
baritone	educator	single	isco	
baritone	engineer	single	isco	
baritone	epidemiologist	single	isco	
baritone	expert	single	isco	
baritone	hearer	single	isco	
baritone	human	accepted	opencyc sumo	
baritone	immunologist	single	isco	
baritone	instrumentalist	single	wordnet	
baritone	mammal	accepted	opencyc sumo	
baritone	man	single	sumo	
baritone	musician	single	opencyc	
baritone	organism	accepted	sumo wordnet	
baritone	performer	single	wordnet	
baritone	person	accepted	sumo wordnet	
baritone	phenomenon	single	sumo	
baritone	physical-object	accepted	sumo wordnet	
baritone	populace	single	sumo	
baritone	practitioner	single	isco	
baritone	professional	accepted	isco opencyc	
baritone	reporter	single	isco	
baritone	research-worker	single	isco	
baritone	scientist	single	isco	
baritone	security-consultant	single	isco	
baritone	self	single	sumo	
baritone	singer	accepted	opencyc wordnet	
baritone	skilled-worker	single	opencyc	
baritone	specialist	single	isco	
baritone	species	single	sumo	
baritone	sports-announcer	single	isco	
baritone	structure	single	opencyc	
baritone	system	single	opencyc	
baritone	systems-analyst	single	isco	
baritone	translator	single	isco	
baritone	universe	single	sumo	
baritone	vertebrate	accepted	opencyc sumo	
baritone	worker	accepted	isco opencyc	
baritone	writer	single	isco	
barmaid	adjutant	single	isco	
barmaid	agent	single	wordnet	
barmaid	attribute	single	sumo	
barmaid	bartender	accepted	sumo wordnet	
barmaid	bodyguard	single	isco	
barmaid	companion	single	isco	
barmaid	concierge	single	isco	
barmaid	employee	single	wordnet	
barmaid	gamekeeper	single	isco	
barmaid	guard	single	isco	
barmaid	host	single	isco	
barmaid	hostess	single	isco	
barmaid	keeper	single	isco	
barmaid	organism	single	wordnet	
barmaid	person	single	wordnet	
barmaid	physical-object	single	wordnet	
barmaid	property	single	sumo	
barmaid	steward.person	single	isco	
barmaid	stewardess	single	isco	
barmaid	worker	accepted	isco wordnet	
barrister	adult	single	wordnet	
barrister	adviser	single	isco	
barrister	agent	single	wordnet	
barrister	analyst.person	single	isco	
barrister	architect	single	isco	
barrister	artist	single	isco	
barrister	copywriter	single	isco	
barrister	developer	single	isco	
barrister	editor	single	isco	
barrister	educator	single	isco	
barrister	engineer	single	isco	
barrister	epidemiologist	single	isco	
barrister	expert	single	isco	
barrister	hearer	single	isco	
barrister	immunologist	single	isco	
barrister	jurist	accepted	isco wikidata	
barrister	lawyer	accepted	wikidata wordnet	
barrister	organism	single	wordnet	
barrister	person	single	wordnet	
barrister	physical-object	single	wordnet	
barrister	practitioner	single	isco	
barrister	professional	accepted	isco wikidata wordnet	
barrister	reporter	single	isco	
barrister	research-worker	single	isco	
barrister	scientist	single	isco	
barrister	security-consultant	single	isco	
barrister	specialist	accepted	isco wikidata	
barrister	sports-announcer	single	isco	
barrister	systems-analyst	single	isco	
barrister	translator	single	isco	
barrister	worker	accepted	isco wikidata	
barrister	writer	single	isco	
bartender	adjutant	single	isco	
bartender	agent	single	wordnet	
bartender	attribute	single	sumo	
bartender	bodyguard	single	isco	
bartender	companion	single	isco	
bartender	concierge	single	isco	
bartender	employee	single	wordnet	
bartender	gamekeeper	single	isco	
bartender	guard	single	isco	
bartender	host	single	isco	
bartender	hostess	single	isco	
bartender	human	single	opencyc	
bartender	keeper	single	isco	
bartender	mammal	single	opencyc	
bartender	organism	single	wordnet	
bartender	person	single	wordnet	
bartender	physical-object	single	wordnet	
bartender	property	single	sumo	
bartender	steward.person	single	isco	
bartender	stewardess	single	isco	
bartender	structure	single	opencyc	
bartender	system	single	opencyc	
bartender	vertebrate	single	opencyc	
bartender	waiter	single	wikidata	
bartender	waitress	single	wikidata	
bartender	worker	accepted	isco opencyc wordnet	
basket-maker	agent	accepted	sumo wordnet	
basket-maker	artist	single	wikidata	
basket-maker	beater	single	isco	
basket-maker	blaster	single	isco	
basket-maker	bodybuilder	single	isco	
basket-maker	builder	single	isco	
basket-maker	cabinetmaker	single	isco	
basket-maker	caster.person	single	isco	
basket-maker	closer	single	isco	
basket-maker	collection	single	sumo	
basket-maker	compositor	single	isco	
basket-maker	craftsman	accepted	isco wikidata	
basket-maker	engraver	single	isco	
basket-maker	etcher	single	isco	
basket-maker	fitter	single	isco	
basket-maker	glassworker	single	isco	
basket-maker	grader	single	isco	
basket-maker	group	single	sumo	
basket-maker	ironworker	single	isco	
basket-maker	machinist	single	isco	
basket-maker	maker	single	isco	
basket-maker	mender	single	isco	
basket-maker	mounter	single	isco	
basket-maker	organism	single	wordnet	
basket-maker	painter	single	isco	
basket-maker	patternmaker	single	isco	
basket-maker	people	single	sumo	
basket-maker	person	accepted	wikidata wordnet	
basket-maker	phenomenon	single	sumo	
basket-maker	physical-object	single	wordnet	
basket-maker	refinisher	single	isco	
basket-maker	rigger	single	isco	
basket-maker	school-class	single	sumo	
basket-maker	sewer	single	isco	
basket-maker	shipwright	single	isco	
basket-maker	smith	single	isco	
basket-maker	spinster	single	isco	
basket-maker	splitter	single	isco	
basket-maker	sprayer	single	isco	
basket-maker	stamper	single	isco	
basket-maker	stonecutter	single	isco	
basket-maker	transferer	single	isco	
basket-maker	tuner	single	isco	
basket-maker	turner	single	isco	
basket-maker	universe	single	sumo	
basket-maker	varnisher	single	isco	
basket-maker	weaver	single	isco	
basket-maker	welder	single	isco	
basket-maker	woodcarver	single	isco	
basket-maker	worker	single	isco	
basketweaver	agent	single	wordnet	
basketweaver	attribute	single	sumo	
basketweaver	beater	single	isco	
basketweaver	blaster	single	isco	
basketweaver	bodybuilder	single	isco	
basketweaver	builder	single	isco	
basketweaver	cabinetmaker	single	isco	
basketweaver	caster.person	single	isco	
basketweaver	closer	single	isco	
basketweaver	compositor	single	isco	
basketweaver	craftsman	single	isco	
basketweaver	engraver	single	isco	
basketweaver	etcher	single	isco	
basketweaver	fitter	single	isco	
basketweaver	glassworker	single	isco	
basketweaver	grader	single	isco	
basketweaver	ironworker	single	isco	
basketweaver	machinist	single	isco	
basketweaver	maker	accepted	isco wordnet	
basketweaver	mender	single	isco	
basketweaver	mounter	single	isco	
basketweaver	organism	single	wordnet	
basketweaver	painter	single	isco	
basketweaver	patternmaker	single	isco	
basketweaver	person	single	wordnet	
basketweaver	physical-object	single	wordnet	
basketweaver	property	single	sumo	
basketweaver	refinisher	single	isco	
basketweaver	rigger	single	isco	
basketweaver	sewer	single	isco	
basketweaver	shipwright	single	isco	
basketweaver	smith	single	isco	
basketweaver	spinster	single	isco	
basketweaver	splitter	single	isco	
basketweaver	sprayer	single	isco	
basketweaver	stamper	single	isco	
basketweaver	stonecutter	single	isco	
basketweaver	trade	single	sumo	
basketweaver	transferer	single	isco	
basketweaver	tuner	single	isco	
basketweaver	turner	single	isco	
basketweaver	varnisher	single	isco	
basketweaver	weaver	single	isco	
basketweaver	welder	single	isco	
basketweaver	woodcarver	single	isco	
basketweaver	worker	single	isco	
bassoonist	adviser	single	isco	
bassoonist	agent	single	wordnet	
bassoonist	analyst.person	single	isco	
bassoonist	architect	single	isco	
bassoonist	artist	single	isco	
bassoonist	attribute	single	sumo	
bassoonist	copywriter	single	isco	
bassoonist	developer	single	isco	
bassoonist	editor	single	isco	
bassoonist	educator	single	isco	
bassoonist	engineer	single	isco	
bassoonist	epidemiologist	single	isco	
bassoonist	expert	single	isco	
bassoonist	hearer	single	isco	
bassoonist	immunologist	single	isco	
bassoonist	instrumentalist	single	wordnet	
bassoonist	organism	single	wordnet	
bassoonist	performer	single	wordnet	
bassoonist	person	single	wordnet	
bassoonist	physical-object	single	wordnet	
bassoonist	practitioner	single	isco	
bassoonist	professional	single	isco	
bassoonist	property	single	sumo	
bassoonist	reporter	single	isco	
bassoonist	research-worker	single	isco	
bassoonist	scientist	single	isco	
bassoonist	security-consultant	single	isco	
bassoonist	specialist	single	isco	
bassoonist	sports-announcer	single	isco	
bassoonist	systems-analyst	single	isco	
bassoonist	translator	single	isco	
bassoonist	worker	single	isco	
bassoonist	writer	single	isco	
batch	companion	single	sumo	
beachcomber	agent	accepted	sumo wordnet	
beachcomber	animal	single	sumo	
beachcomber	animal-trainer	single	isco	
beachcomber	bearer	single	isco	
beachcomber	body	single	sumo	
beachcomber	girl	single	isco	
beachcomber	hired-hand	single	isco	
beachcomber	human	single	sumo	
beachcomber	laborer	single	isco	
beachcomber	male-child	single	isco	
beachcomber	mammal	single	sumo	
beachcomber	messenger-boy	single	isco	
beachcomber	organism	accepted	sumo wordnet	
beachcomber	person	accepted	sumo wordnet	
beachcomber	phenomenon	single	sumo	
beachcomber	physical-object	accepted	sumo wordnet	
beachcomber	picker	single	isco	
beachcomber	populace	single	sumo	
beachcomber	porter	single	isco	
beachcomber	remover	single	isco	
beachcomber	self	single	sumo	
beachcomber	species	single	sumo	
beachcomber	stacker	single	isco	
beachcomber	stevedore	single	isco	
beachcomber	sweeper	single	isco	
beachcomber	traveler	single	wordnet	
beachcomber	universe	single	sumo	
beachcomber	vertebrate	single	sumo	
beachcomber	wanderer	single	wordnet	
beachcomber	washer.person	single	isco	
beachcomber	window-washer	single	isco	
beachcomber	worker	single	isco	
bearer	agent	single	wordnet	
bearer	attribute	single	sumo	
bearer	organism	single	wordnet	
bearer	person	single	wordnet	
bearer	physical-object	single	wordnet	
bearer	property	single	sumo	
bearer	traveler	single	wordnet	
bearer	worker	single	isco	
beater	agent	accepted	sumo wordnet	
beater	animal	single	sumo	
beater	body	single	sumo	
beater	human	single	sumo	
beater	mammal	single	sumo	
beater	organism	accepted	sumo wordnet	
beater	person	accepted	sumo wordnet	
beater	phenomenon	single	sumo	
beater	physical-object	accepted	sumo wordnet	
beater	populace	single	sumo	
beater	self	single	sumo	
beater	species	single	sumo	
beater	universe	single	sumo	
beater	vertebrate	single	sumo	
beater	worker	accepted	isco wordnet	
beautician	adjutant	single	isco	
beautician	agent	single	wordnet	
beautician	attribute	single	sumo	
beautician	bodyguard	single	isco	
beautician	companion	single	isco	
beautician	concierge	single	isco	
beautician	craftsman	single	wordnet	
beautician	gamekeeper	single	isco	
beautician	guard	single	isco	
beautician	host	single	isco	
beautician	hostess	single	isco	
beautician	keeper	single	isco	
beautician	organism	single	wordnet	
beautician	person	single	wordnet	
beautician	physical-object	single	wordnet	
beautician	property	single	sumo	
beautician	skilled-worker	single	wordnet	
beautician	steward.person	single	isco	
beautician	stewardess	single	isco	
beautician	trade	single	sumo	
beautician	worker	accepted	isco wordnet	
beauty-consultant	adjutant	single	isco	
beauty-consultant	adviser	single	wordnet	
beauty-consultant	agent	single	wordnet	
beauty-consultant	attribute	single	sumo	
beauty-consultant	authority	single	wordnet	
beauty-consultant	bodyguard	single	isco	
beauty-consultant	companion	single	isco	
beauty-consultant	concierge	single	isco	
beauty-consultant	expert	single	wordnet	
beauty-consultant	gamekeeper	single	isco	
beauty-consultant	guard	single	isco	
beauty-consultant	host	single	isco	
beauty-consultant	hostess	single	isco	
beauty-consultant	keeper	single	isco	
beauty-consultant	organism	single	wordnet	
beauty-consultant	person	single	wordnet	
beauty-consultant	physical-object	single	wordnet	
beauty-consultant	property	single	sumo	
beauty-consultant	steward.person	single	isco	
beauty-consultant	stewardess	single	isco	
beauty-consultant	trade	single	sumo	
beauty-consultant	worker	single	isco	
beekeeper	adult	single	opencyc	
beekeeper	agent	single	wordnet	
beekeeper	agriculturist	single	isco	
beekeeper	attribute	single	sumo	
beekeeper	breeder	single	isco	
beekeeper	cowboy	single	isco	
beekeeper	farmer	accepted	isco wikidata wordnet	
beekeeper	farmhand	single	isco	
beekeeper	fisherman	single	isco	
beekeeper	forester	single	isco	
beekeeper	gardener	single	isco	
beekeeper	goat-herder	single	isco	
beekeeper	human	single	opencyc	
beekeeper	hunter	single	isco	
beekeeper	mammal	single	opencyc	
beekeeper	organism	single	wordnet	
beekeeper	person	single	wordnet	
beekeeper	physical-object	single	wordnet	
beekeeper	plantation-owner	single	isco	
beekeeper	property	single	sumo	
beekeeper	raiser	single	isco	
beekeeper	shepherd	single	isco	
beekeeper	structure	single	opencyc	
beekeeper	system	single	opencyc	
beekeeper	trade	single	sumo	
beekeeper	trapper	single	isco	
beekeeper	vertebrate	single	opencyc	
beekeeper	worker	single	isco	
behaviorist	adviser	single	isco	
behaviorist	agent	accepted	sumo wordnet	
behaviorist	analyst.person	single	isco	
behaviorist	architect	single	isco	
behaviorist	artist	single	isco	
behaviorist	collection	single	sumo	
behaviorist	copywriter	single	isco	
behaviorist	developer	single	isco	
behaviorist	educator	single	isco	
behaviorist	engineer	single	isco	
behaviorist	epidemiologist	single	isco	
behaviorist	expert	single	isco	
behaviorist	group	single	sumo	
behaviorist	hearer	single	isco	
behaviorist	immunologist	single	isco	
behaviorist	organism	single	wordnet	
behaviorist	people	single	sumo	
behaviorist	person	single	wordnet	
behaviorist	phenomenon	single	sumo	
behaviorist	physical-object	single	wordnet	
behaviorist	practitioner	single	isco	
behaviorist	professional	single	isco	
behaviorist	psychologist	single	wordnet	
behaviorist	research-worker	single	isco	
behaviorist	school-class	single	sumo	
behaviorist	scientist	accepted	isco wordnet	
behaviorist	security-consultant	single	isco	
behaviorist	specialist	single	isco	
behaviorist	surveyor	single	isco	
behaviorist	systems-analyst	single	isco	
behaviorist	toxicologist	single	isco	
behaviorist	universe	single	sumo	
behaviorist	worker	single	isco	
behaviorist	writer	single	isco	
bell-ringer	adviser	single	isco	
bell-ringer	agent	single	wordnet	
bell-ringer	analyst.person	single	isco	
bell-ringer	architect	single	isco	
bell-ringer	artist	accepted	isco wikidata	
bell-ringer	attribute	single	sumo	
bell-ringer	copywriter	single	isco	
bell-ringer	developer	single	isco	
bell-ringer	editor	single	isco	
bell-ringer	educator	single	isco	
bell-ringer	engineer	single	isco	
bell-ringer	epidemiologist	single	isco	
bell-ringer	expert	single	isco	
bell-ringer	hearer	single	isco	
bell-ringer	immunologist	single	isco	
bell-ringer	instrumentalist	accepted	wikidata wordnet	
bell-ringer	musician	single	wikidata	
bell-ringer	organism	single	wordnet	
bell-ringer	percussionist	single	wikidata	
bell-ringer	performer	single	wordnet	
bell-ringer	person	accepted	wikidata wordnet	
bell-ringer	physical-object	single	wordnet	
bell-ringer	practitioner	single	isco	
bell-ringer	professional	single	isco	
bell-ringer	property	single	sumo	
bell-ringer	reporter	single	isco	
bell-ringer	research-worker	single	isco	
bell-ringer	scientist	single	isco	
bell-ringer	security-consultant	single	isco	
bell-ringer	specialist	single	isco	
bell-ringer	sports-announcer	single	isco	
bell-ringer	systems-analyst	single	isco	
bell-ringer	translator	single	isco	
bell-ringer	worker	single	isco	
bell-ringer	writer	single	isco	
bellboy	agent	single	wordnet	
bellboy	animal-trainer	single	isco	
bellboy	assistant	single	wordnet	
bellboy	bearer	single	isco	
bellboy	girl	single	isco	
bellboy	hired-hand	single	isco	
bellboy	human	single	opencyc	
bellboy	laborer	single	isco	
bellboy	male-child	single	isco	
bellboy	mammal	single	opencyc	
bellboy	messenger-boy	single	isco	
bellboy	organism	single	wordnet	
bellboy	person	single	wordnet	
bellboy	physical-object	single	wordnet	
bellboy	picker	single	isco	
bellboy	porter	accepted	isco opencyc wikidata	
bellboy	remover	single	isco	
bellboy	stacker	single	isco	
bellboy	stevedore	single	isco	
bellboy	structure	single	opencyc	
bellboy	sweeper	single	isco	
bellboy	system	single	opencyc	
bellboy	vertebrate	single	opencyc	
bellboy	washer.person	single	isco	
bellboy	window-washer	single	isco	
bellboy	worker	accepted	isco opencyc wordnet	
benefit	companion	single	sumo	
bibliographer	adviser	single	isco	
bibliographer	agent	single	wordnet	
bibliographer	analyst.person	single	isco	
bibliographer	architect	single	isco	
bibliographer	artist	single	isco	
bibliographer	attribute	single	sumo	
bibliographer	copywriter	single	isco	
bibliographer	developer	single	isco	
bibliographer	editor	single	isco	
bibliographer	educator	single	isco	
bibliographer	engineer	single	isco	
bibliographer	epidemiologist	single	isco	
bibliographer	expert	single	isco	
bibliographer	hearer	single	isco	
bibliographer	immunologist	single	isco	
bibliographer	organism	single	wordnet	
bibliographer	person	single	wordnet	
bibliographer	physical-object	single	wordnet	
bibliographer	practitioner	single	isco	
bibliographer	professional	single	isco	
bibliographer	property	single	sumo	
bibliographer	reporter	single	isco	
bibliographer	research-worker	single	isco	
bibliographer	scholar	single	wordnet	
bibliographer	scientist	single	isco	
bibliographer	security-consultant	single	isco	
bibliographer	specialist	single	isco	
bibliographer	sports-announcer	single	isco	
bibliographer	systems-analyst	single	isco	
bibliographer	translator	single	isco	
bibliographer	worker	single	isco	
bibliographer	writer	single	isco	
bill-poster	agent	single	wordnet	
bill-poster	animal-trainer	single	isco	
bill-poster	attribute	single	sumo	
bill-poster	bearer	single	isco	
bill-poster	girl	single	isco	
bill-poster	hired-hand	single	isco	
bill-poster	laborer	single	isco	
bill-poster	male-child	single	isco	
bill-poster	messenger-boy	single	isco	
bill-poster	organism	single	wordnet	
bill-poster	person	single	wordnet	
bill-poster	physical-object	single	wordnet	
bill-poster	picker	single	isco	
bill-poster	porter	single	isco	
bill-poster	property	single	sumo	
bill-poster	remover	single	isco	
bill-poster	stacker	single	isco	
bill-poster	stevedore	single	isco	
bill-poster	sweeper	single	isco	
bill-poster	washer.person	single	isco	
bill-poster	window-washer	single	isco	
bill-poster	worker	accepted	isco wordnet	
biochemist	adult	single	opencyc	
biochemist	adviser	single	isco	
biochemist	agent	single	wordnet	
biochemist	analyst.person	single	isco	
biochemist	architect	single	isco	
biochemist	artist	single	isco	
biochemist	copywriter	single	isco	
biochemist	developer	single	isco	
biochemist	educator	single	isco	
biochemist	engineer	single	isco	
biochemist	epidemiologist	single	isco	
biochemist	expert	single	isco	
biochemist	hearer	single	isco	
biochemist	human	single	opencyc	
biochemist	immunologist	single	isco	
biochemist	mammal	single	opencyc	
biochemist	organism	single	wordnet	
biochemist	person	single	wordnet	
biochemist	physical-object	single	wordnet	
biochemist	practitioner	single	isco	
biochemist	professional	single	isco	
biochemist	research-worker	accepted	isco wikidata	
biochemist	scientist	accepted	isco opencyc wikidata wordnet	
biochemist	security-consultant	single	isco	
biochemist	specialist	single	isco	
biochemist	structure	single	opencyc	
biochemist	surveyor	single	isco	
biochemist	system	single	opencyc	
biochemist	systems-analyst	single	isco	
biochemist	toxicologist	single	isco	
biochemist	vertebrate	single	opencyc	
biochemist	worker	accepted	isco opencyc	
biochemist	writer	single	isco	
biographer	adviser	single	isco	
biographer	agent	accepted	sumo wordnet	
biographer	analyst.person	single	isco	
biographer	animal	single	sumo	
biographer	architect	single	isco	
biographer	artist	accepted	isco opencyc wikidata	
biographer	body	single	sumo	
biographer	communicator	accepted	opencyc wordnet	
biographer	copywriter	single	isco	
biographer	developer	single	isco	
biographer	editor	single	isco	
biographer	educator	single	isco	
biographer	engineer	single	isco	
biographer	epidemiologist	single	isco	
biographer	expert	single	isco	
biographer	hearer	single	isco	
biographer	historian	single	wikidata	
biographer	human	accepted	opencyc sumo	
biographer	immunologist	single	isco	
biographer	mammal	accepted	opencyc sumo	
biographer	organism	accepted	sumo wordnet	
biographer	person	accepted	sumo wikidata wordnet	
biographer	phenomenon	single	sumo	
biographer	physical-object	accepted	sumo wordnet	
biographer	populace	single	sumo	
biographer	practitioner	single	isco	
biographer	professional	single	isco	
biographer	reporter	single	isco	
biographer	research-worker	single	isco	
biographer	scientist	single	isco	
biographer	security-consultant	single	isco	
biographer	self	single	sumo	
biographer	specialist	single	isco	
biographer	species	single	sumo	
biographer	sports-announcer	single	isco	
biographer	structure	single	opencyc	
biographer	system	single	opencyc	
biographer	systems-analyst	single	isco	
biographer	translator	single	isco	
biographer	universe	single	sumo	
biographer	vertebrate	accepted	opencyc sumo	
biographer	worker	accepted	isco opencyc	
biographer	writer	accepted	isco wikidata wordnet	
biophysicist	adviser	single	isco	
biophysicist	agent	single	wordnet	
biophysicist	analyst.person	single	isco	
biophysicist	architect	single	isco	
biophysicist	artist	single	isco	
biophysicist	copywriter	single	isco	
biophysicist	developer	single	isco	
biophysicist	educator	single	isco	
biophysicist	engineer	single	isco	
biophysicist	epidemiologist	single	isco	
biophysicist	expert	single	isco	
biophysicist	hearer	single	isco	
biophysicist	immunologist	single	isco	
biophysicist	organism	single	wordnet	
biophysicist	person	single	wordnet	
biophysicist	physical-object	single	wordnet	
biophysicist	practitioner	single	isco	
biophysicist	professional	single	isco	
biophysicist	research-worker	accepted	isco wikidata	
biophysicist	scientist	accepted	isco wikidata wordnet	
biophysicist	security-consultant	single	isco	
biophysicist	specialist	single	isco	
biophysicist	surveyor	single	isco	
biophysicist	systems-analyst	single	isco	
biophysicist	toxicologist	single	isco	
biophysicist	worker	single	isco	
biophysicist	writer	single	isco	
bishop	analyst.person	single	isco	
bishop	copywriter	single	isco	
bishop	developer	single	isco	
bishop	editor	single	isco	
bishop	educator	single	isco	
bishop	epidemiologist	single	isco	
bishop	hearer	single	isco	
bishop	immunologist	single	isco	
bishop	practitioner	single	isco	
bishop	priest	single	wordnet	
bishop	security-consultant	single	isco	
bishop	sports-announcer	single	isco	
bishop	systems-analyst	single	isco	
bishop	translator	single	isco	
blacksmith	agent	single	wordnet	
blacksmith	attribute	single	sumo	
blacksmith	beater	single	isco	
blacksmith	blaster	single	isco	
blacksmith	bodybuilder	single	isco	
blacksmith	builder	single	isco	
blacksmith	cabinetmaker	single	isco	
blacksmith	caster.person	single	isco	
blacksmith	closer	single	isco	
blacksmith	compositor	single	isco	
blacksmith	craftsman	accepted	isco wikidata	
blacksmith	engraver	single	isco	
blacksmith	fitter	single	isco	
blacksmith	glassworker	single	isco	
blacksmith	grader	single	isco	
blacksmith	ironworker	single	isco	
blacksmith	machinist	single	isco	
blacksmith	maker	single	isco	
blacksmith	mender	single	isco	
blacksmith	organism	single	wordnet	
blacksmith	painter	single	isco	
blacksmith	patternmaker	single	isco	
blacksmith	person	accepted	wikidata wordnet	
blacksmith	physical-object	single	wordnet	
blacksmith	property	single	sumo	
blacksmith	refinisher	single	isco	
blacksmith	rigger	single	isco	
blacksmith	sewer	single	isco	
blacksmith	shipwright	single	isco	
blacksmith	skilled-worker	single	wordnet	
blacksmith	smith	single	isco	
blacksmith	spinster	single	isco	
blacksmith	splitter	single	isco	
blacksmith	sprayer	single	isco	
blacksmith	stonecutter	single	isco	
blacksmith	tuner	single	isco	
blacksmith	turner	single	isco	
blacksmith	varnisher	single	isco	
blacksmith	welder	single	isco	
blacksmith	woodcarver	single	isco	
blacksmith	worker	accepted	isco wikidata wordnet	
blaster	agent	single	wordnet	
blaster	attribute	single	sumo	
blaster	employee	single	wordnet	
blaster	organism	single	wordnet	
blaster	person	single	wordnet	
blaster	physical-object	single	wordnet	
blaster	property	single	sumo	
blaster	worker	accepted	isco wordnet	
bleacher	agent	accepted	sumo wordnet	
bleacher	animal	single	sumo	
bleacher	artifact	single	opencyc	
bleacher	beater	single	isco	
bleacher	blaster	single	isco	
bleacher	body	single	sumo	
bleacher	bodybuilder	single	isco	
bleacher	builder	single	isco	
bleacher	cabinetmaker	single	isco	
bleacher	caster.person	single	isco	
bleacher	closer	single	isco	
bleacher	compositor	single	isco	
bleacher	craftsman	single	isco	
bleacher	device	single	opencyc	
bleacher	engraver	single	isco	
bleacher	etcher	single	isco	
bleacher	fitter	single	isco	
bleacher	glassworker	single	isco	
bleacher	grader	single	isco	
bleacher	human	single	sumo	
bleacher	ironworker	single	isco	
bleacher	machinist	single	isco	
bleacher	maker	single	isco	
bleacher	mammal	single	sumo	
bleacher	mender	single	isco	
bleacher	mounter	single	isco	
bleacher	organism	accepted	sumo wordnet	
bleacher	painter	single	isco	
bleacher	patternmaker	single	isco	
bleacher	person	accepted	sumo wordnet	
bleacher	phenomenon	single	sumo	
bleacher	physical-object	accepted	sumo wordnet	
bleacher	populace	single	sumo	
bleacher	refinisher	single	isco	
bleacher	rigger	single	isco	
bleacher	self	single	sumo	
bleacher	sewer	single	isco	
bleacher	shipwright	single	isco	
bleacher	smith	single	isco	
bleacher	species	single	sumo	
bleacher	spinster	single	isco	
bleacher	splitter	single	isco	
bleacher	sprayer	single	isco	
bleacher	stamper	single	isco	
bleacher	stonecutter	single	isco	
bleacher	transferer	single	isco	
bleacher	tuner	single	isco	
bleacher	turner	single	isco	
bleacher	universe	single	sumo	
bleacher	varnisher	single	isco	
bleacher	vertebrate	single	sumo	
bleacher	weaver	single	isco	
bleacher	welder	single	isco	
bleacher	woodcarver	single	isco	
bleacher	worker	accepted	isco wordnet	
blink-of-an-eye	companion	single	sumo	
blocker	agent	single	wordnet	
blocker	athlete	single	wordnet	
blocker	attribute	single	sumo	
blocker	digger	single	isco	
blocker	drawer.person	single	isco	
blocker	football-player	single	wordnet	
blocker	operator	single	isco	
blocker	organism	single	wordnet	
blocker	person	single	wordnet	
blocker	physical-object	single	wordnet	
blocker	player	single	wordnet	
blocker	property	single	sumo	
blocker	worker	single	isco	
blogger	adviser	single	isco	
blogger	agent	accepted	sumo wordnet	
blogger	analyst.person	single	isco	
blogger	animal	single	sumo	
blogger	architect	single	isco	
blogger	artist	single	isco	
blogger	body	single	sumo	
blogger	copywriter	single	isco	
blogger	developer	single	isco	
blogger	editor	single	isco	
blogger	educator	single	isco	
blogger	engineer	single	isco	
blogger	epidemiologist	single	isco	
blogger	expert	single	isco	
blogger	hearer	single	isco	
blogger	human	single	sumo	
blogger	immunologist	single	isco	
blogger	mammal	single	sumo	
blogger	organism	accepted	sumo wordnet	
blogger	person	accepted	sumo wordnet	
blogger	phenomenon	single	sumo	
blogger	physical-object	accepted	sumo wordnet	
blogger	populace	single	sumo	
blogger	practitioner	single	isco	
blogger	professional	single	isco	
blogger	reporter	single	isco	
blogger	research-worker	single	isco	
blogger	scientist	single	isco	
blogger	security-consultant	single	isco	
blogger	self	single	sumo	
blogger	specialist	single	isco	
blogger	species	single	sumo	
blogger	sports-announcer	single	isco	
blogger	systems-analyst	single	isco	
blogger	translator	single	isco	
blogger	universe	single	sumo	
blogger	vertebrate	single	sumo	
blogger	worker	single	isco	
blogger	writer	single	isco	
board-member	agent	accepted	sumo wordnet	
board-member	associate	single	wordnet	
board-member	chairman	single	isco	
board-member	chancellor-of-the-exchequer	single	isco	
board-member	chief	single	isco	
board-member	collection	single	sumo	
board-member	department-head	single	isco	
board-member	general-manager	single	isco	
board-member	governor	single	isco	
board-member	group	single	sumo	
board-member	manager	single	isco	
board-member	member	accepted	isco wordnet	
board-member	organism	single	wordnet	
board-member	peer	single	wordnet	
board-member	people	single	sumo	
board-member	person	single	wordnet	
board-member	phenomenon	single	sumo	
board-member	physical-object	single	wordnet	
board-member	president.person	single	isco	
board-member	school-class	single	sumo	
board-member	universe	single	sumo	
board-member	worker	single	isco	
boatbuilder	agent	single	wordnet	
boatbuilder	attribute	single	sumo	
boatbuilder	beater	single	isco	
boatbuilder	blaster	single	isco	
boatbuilder	bodybuilder	single	isco	
boatbuilder	builder	single	isco	
boatbuilder	cabinetmaker	single	isco	
boatbuilder	caster.person	single	isco	
boatbuilder	closer	single	isco	
boatbuilder	compositor	single	isco	
boatbuilder	craftsman	single	isco	
boatbuilder	engraver	single	isco	
boatbuilder	fitter	single	isco	
boatbuilder	fixer	single	isco	
boatbuilder	glassworker	single	isco	
boatbuilder	grader	single	isco	
boatbuilder	ironworker	single	isco	
boatbuilder	machinist	single	isco	
boatbuilder	maker	single	isco	
boatbuilder	mason	single	isco	
boatbuilder	mender	single	isco	
boatbuilder	organism	single	wordnet	
boatbuilder	painter	single	isco	
boatbuilder	patternmaker	single	isco	
boatbuilder	person	single	wordnet	
boatbuilder	physical-object	single	wordnet	
boatbuilder	property	single	sumo	
boatbuilder	refinisher	single	isco	
boatbuilder	rigger	single	isco	
boatbuilder	sewer	single	isco	
boatbuilder	shipwright	single	isco	
boatbuilder	smith	single	isco	
boatbuilder	spinster	single	isco	
boatbuilder	splitter	single	isco	
boatbuilder	sprayer	single	isco	
boatbuilder	stonecutter	single	isco	
boatbuilder	tuner	single	isco	
boatbuilder	turner	single	isco	
boatbuilder	varnisher	single	isco	
boatbuilder	welder	single	isco	
boatbuilder	woodcarver	single	isco	
boatbuilder	worker	single	isco	
boatman	agent	accepted	sumo wordnet	
boatman	animal	single	sumo	
boatman	body	single	sumo	
boatman	digger	single	isco	
boatman	driver	single	isco	
boatman	human	single	sumo	
boatman	mammal	single	sumo	
boatman	operator	single	isco	
boatman	organism	accepted	sumo wordnet	
boatman	person	accepted	sumo wordnet	
boatman	phenomenon	single	sumo	
boatman	physical-object	accepted	sumo wordnet	
boatman	populace	single	sumo	
boatman	self	single	sumo	
boatman	species	single	sumo	
boatman	teamster	single	isco	
boatman	universe	single	sumo	
boatman	vertebrate	single	sumo	
boatman	worker	accepted	isco wordnet	
bodybuilder	agent	accepted	sumo wordnet	
bodybuilder	animal	single	sumo	
bodybuilder	body	single	sumo	
bodybuilder	human	single	sumo	
bodybuilder	mammal	single	sumo	
bodybuilder	organism	accepted	sumo wordnet	
bodybuilder	person	accepted	sumo wordnet	
bodybuilder	phenomenon	single	sumo	
bodybuilder	physical-object	accepted	sumo wordnet	
bodybuilder	populace	single	sumo	
bodybuilder	self	single	sumo	
bodybuilder	species	single	sumo	
bodybuilder	universe	single	sumo	
bodybuilder	vertebrate	single	sumo	
bodybuilder	worker	single	isco	
bodyguard	agent	single	wordnet	
bodyguard	attribute	single	sumo	
bodyguard	human	single	opencyc	
bodyguard	mammal	single	opencyc	
bodyguard	organism	single	wordnet	
bodyguard	person	single	wordnet	
bodyguard	physical-object	single	wordnet	
bodyguard	property	single	sumo	
bodyguard	structure	single	opencyc	
bodyguard	system	single	opencyc	
bodyguard	vertebrate	single	opencyc	
bodyguard	worker	accepted	isco opencyc	
bookbinder	agent	single	wordnet	
bookbinder	attribute	single	sumo	
bookbinder	beater	single	isco	
bookbinder	blaster	single	isco	
bookbinder	bodybuilder	single	isco	
bookbinder	builder	single	isco	
bookbinder	cabinetmaker	single	isco	
bookbinder	caster.person	single	isco	
bookbinder	closer	single	isco	
bookbinder	compositor	single	isco	
bookbinder	craftsman	accepted	isco wordnet	
bookbinder	engraver	single	isco	
bookbinder	etcher	single	isco	
bookbinder	fitter	single	isco	
bookbinder	glassworker	single	isco	
bookbinder	grader	single	isco	
bookbinder	ironworker	single	isco	
bookbinder	machinist	single	isco	
bookbinder	maker	single	isco	
bookbinder	mender	single	isco	
bookbinder	mounter	single	isco	
bookbinder	organism	single	wordnet	
bookbinder	painter	single	isco	
bookbinder	patternmaker	single	isco	
bookbinder	person	single	wordnet	
bookbinder	physical-object	single	wordnet	
bookbinder	pressman	single	isco	
bookbinder	property	single	sumo	
bookbinder	refinisher	single	isco	
bookbinder	rigger	single	isco	
bookbinder	sewer	single	isco	
bookbinder	shipwright	single	isco	
bookbinder	skilled-worker	single	wordnet	
bookbinder	smith	single	isco	
bookbinder	spinster	single	isco	
bookbinder	splitter	single	isco	
bookbinder	sprayer	single	isco	
bookbinder	stamper	single	isco	
bookbinder	stonecutter	single	isco	
bookbinder	transferer	single	isco	
bookbinder	tuner	single	isco	
bookbinder	turner	single	isco	
bookbinder	varnisher	single	isco	
bookbinder	welder	single	isco	
bookbinder	woodcarver	single	isco	
bookbinder	worker	accepted	isco wordnet	
booker	agent	single	wordnet	
booker	attribute	single	sumo	
booker	broker	single	wikidata	
booker	businessman	single	wikidata	
booker	clerk	single	isco	
booker	communicator	single	wordnet	
booker	interviewer	single	isco	
booker	organism	single	wordnet	
booker	person	single	wordnet	
booker	physical-object	single	wordnet	
booker	property	single	sumo	
booker	receptionist	single	isco	
booker	representative	single	wordnet	
booker	representative-agent	single	wordnet	
booker	worker	accepted	isco wikidata	
bookkeeper	accountant	single	wordnet	
bookkeeper	agent	single	wordnet	
bookkeeper	attribute	single	sumo	
bookkeeper	broker	single	isco	
bookkeeper	cameraman	single	isco	
bookkeeper	detective	single	isco	
bookkeeper	inquiry-agent	single	isco	
bookkeeper	inspector	single	isco	
bookkeeper	investment-banker	single	isco	
bookkeeper	man	single	isco	
bookkeeper	organism	single	wordnet	
bookkeeper	paralegal	single	isco	
bookkeeper	person	single	wordnet	
bookkeeper	physical-object	single	wordnet	
bookkeeper	promoter	single	isco	
bookkeeper	property	single	sumo	
bookkeeper	supervisor	single	isco	
bookkeeper	tax-assessor	single	isco	
bookkeeper	technician	single	isco	
bookkeeper	trader	single	isco	
bookkeeper	woman	single	isco	
bookkeeper	worker	single	isco	
bookmaker	agent	single	wordnet	
bookmaker	attribute	single	sumo	
bookmaker	clerk	single	isco	
bookmaker	maker	single	wordnet	
bookmaker	organism	single	wordnet	
bookmaker	person	accepted	wordnet yago	
bookmaker	physical-object	single	wordnet	
bookmaker	property	single	sumo	
bookmaker	worker	single	isco	
boom	companion	single	sumo	
bosom	companion	single	sumo	
botanist	adult	single	opencyc	
botanist	adviser	single	isco	
botanist	agent	single	wordnet	
botanist	analyst.person	single	isco	
botanist	architect	single	isco	
botanist	artist	single	isco	
botanist	copywriter	single	isco	
botanist	developer	single	isco	
botanist	educator	single	isco	
botanist	engineer	single	isco	
botanist	epidemiologist	single	isco	
botanist	expert	single	isco	
botanist	hearer	single	isco	
botanist	human	single	opencyc	
botanist	immunologist	single	isco	
botanist	mammal	single	opencyc	
botanist	organism	single	wordnet	
botanist	person	single	wordnet	
botanist	physical-object	single	wordnet	
botanist	practitioner	single	isco	
botanist	professional	single	isco	
botanist	research-worker	accepted	isco wikidata	
botanist	scientist	accepted	isco opencyc wikidata wordnet	
botanist	security-consultant	single	isco	
botanist	specialist	single	isco	
botanist	structure	single	opencyc	
botanist	surveyor	single	isco	
botanist	system	single	opencyc	
botanist	systems-analyst	single	isco	
botanist	toxicologist	single	isco	
botanist	vertebrate	single	opencyc	
botanist	worker	accepted	isco opencyc	
botanist	writer	single	isco	
bouncer	adjutant	single	isco	
bouncer	adult	single	opencyc	
bouncer	agent	single	wordnet	
bouncer	attribute	single	sumo	
bouncer	bodyguard	single	isco	
bouncer	companion	single	isco	
bouncer	concierge	single	isco	
bouncer	flatfoot	single	isco	
bouncer	gamekeeper	single	isco	
bouncer	guard	accepted	isco wordnet	
bouncer	host	single	isco	
bouncer	hostess	single	isco	
bouncer	human	single	opencyc	
bouncer	keeper	single	isco	
bouncer	mammal	single	opencyc	
bouncer	man	single	opencyc	
bouncer	organism	single	wordnet	
bouncer	person	single	wordnet	
bouncer	physical-object	single	wordnet	
bouncer	property	single	sumo	
bouncer	structure	single	opencyc	
bouncer	system	single	opencyc	
bouncer	vertebrate	single	opencyc	
bouncer	worker	accepted	isco opencyc	
boxer	agent	single	wordnet	
boxer	cameraman	single	isco	
boxer	detective	single	isco	
boxer	inquiry-agent	single	isco	
boxer	inspector	single	isco	
boxer	man	single	isco	
boxer	organism	single	wordnet	
boxer	paralegal	single	isco	
boxer	person	single	wordnet	
boxer	physical-object	single	wordnet	
boxer	promoter	single	isco	
boxer	supervisor	single	isco	
boxer	technician	single	isco	
boxer	woman	single	isco	
boxer	worker	single	isco	
breaker	adjutant	single	isco	
breaker	agent	single	wordnet	
breaker	attribute	single	sumo	
breaker	bodyguard	single	isco	
breaker	companion	single	isco	
breaker	concierge	single	isco	
breaker	gamekeeper	single	isco	
breaker	guard	single	isco	
breaker	host	single	isco	
breaker	hostess	single	isco	
breaker	keeper	single	isco	
breaker	organism	single	wordnet	
breaker	person	single	wordnet	
breaker	physical-object	single	wordnet	
breaker	property	single	sumo	
breaker	quarryman	single	wordnet	
breaker	steward.person	single	isco	
breaker	stewardess	single	isco	
breaker	worker	accepted	isco wordnet	
breeder	agent	single	wordnet	
breeder	agriculturist	single	isco	
breeder	attribute	single	sumo	
breeder	cowboy	disputed	isco	wikidata
breeder	farmer	accepted	isco wordnet	
breeder	farmhand	single	isco	
breeder	fisherman	single	isco	
breeder	forester	single	isco	
breeder	gardener	single	isco	
breeder	goat-herder	disputed	isco	wikidata
breeder	human	single	opencyc	
breeder	hunter	single	isco	
breeder	mammal	single	opencyc	
breeder	organism	single	wordnet	
breeder	person	single	wordnet	
breeder	physical-object	single	wordnet	
breeder	plantation-owner	single	isco	
breeder	property	single	sumo	
breeder	shepherd	disputed	isco	wikidata
breeder	stockman	disputed	wordnet	isco
breeder	structure	single	opencyc	
breeder	system	single	opencyc	
breeder	trapper	single	isco	
breeder	vertebrate	single	opencyc	
breeder	worker	single	isco	
brewer	agent	single	wordnet	
brewer	attribute	single	sumo	
brewer	beater	single	isco	
brewer	blaster	single	isco	
brewer	bodybuilder	single	isco	
brewer	builder	single	isco	
brewer	cabinetmaker	single	isco	
brewer	caster.person	single	isco	
brewer	closer	single	isco	
brewer	compositor	single	isco	
brewer	craftsman	accepted	isco wikidata	
brewer	engraver	single	isco	
brewer	fitter	single	isco	
brewer	glassworker	single	isco	
brewer	grader	single	isco	
brewer	human	single	opencyc	
brewer	ironworker	single	isco	
brewer	machinist	single	isco	
brewer	maker	accepted	isco wordnet	
brewer	mammal	single	opencyc	
brewer	mender	single	isco	
brewer	organism	single	wordnet	
brewer	painter	single	isco	
brewer	patternmaker	single	isco	
brewer	person	accepted	wikidata wordnet	
brewer	physical-object	single	wordnet	
brewer	property	single	sumo	
brewer	refinisher	single	isco	
brewer	rigger	single	isco	
brewer	sewer	single	isco	
brewer	shipwright	single	isco	
brewer	smith	single	isco	
brewer	spinster	single	isco	
brewer	splitter	single	isco	
brewer	sprayer	single	isco	
brewer	stainer	single	isco	
brewer	stonecutter	single	isco	
brewer	structure	single	opencyc	
brewer	system	single	opencyc	
brewer	tuner	single	isco	
brewer	turner	single	isco	
brewer	varnisher	single	isco	
brewer	vertebrate	single	opencyc	
brewer	welder	single	isco	
brewer	woodcarver	single	isco	
brewer	worker	accepted	isco opencyc	
bricklayer	agent	single	wordnet	
bricklayer	attribute	single	sumo	
bricklayer	beater	single	isco	
bricklayer	blaster	single	isco	
bricklayer	bodybuilder	single	isco	
bricklayer	builder	single	isco	
bricklayer	cabinetmaker	single	isco	
bricklayer	caster.person	single	isco	
bricklayer	closer	single	isco	
bricklayer	compositor	single	isco	
bricklayer	craftsman	accepted	isco wikidata wordnet	
bricklayer	engraver	single	isco	
bricklayer	fitter	single	isco	
bricklayer	fixer	single	isco	
bricklayer	glassworker	single	isco	
bricklayer	grader	single	isco	
bricklayer	ironworker	single	isco	
bricklayer	machinist	single	isco	
bricklayer	maker	single	isco	
bricklayer	mason	single	isco	
bricklayer	mender	single	isco	
bricklayer	organism	single	wordnet	
bricklayer	painter	single	isco	
bricklayer	patternmaker	single	isco	
bricklayer	person	accepted	wikidata wordnet	
bricklayer	physical-object	single	wordnet	
bricklayer	property	single	sumo	
bricklayer	refinisher	single	isco	
bricklayer	rigger	single	isco	
bricklayer	sewer	single	isco	
bricklayer	shipwright	single	isco	
bricklayer	skilled-worker	single	wordnet	
bricklayer	smith	single	isco	
bricklayer	spinster	single	isco	
bricklayer	splitter	single	isco	
bricklayer	sprayer	single	isco	
bricklayer	stonecutter	single	isco	
bricklayer	tuner	single	isco	
bricklayer	turner	single	isco	
bricklayer	varnisher	single	isco	
bricklayer	welder	single	isco	
bricklayer	woodcarver	single	isco	
bricklayer	worker	accepted	isco wikidata wordnet	
bride	associate	single	wordnet	
broker	adult	single	opencyc	
broker	agent	single	wordnet	
broker	businessman	single	wikidata	
broker	cameraman	single	isco	
broker	detective	single	isco	
broker	human	single	opencyc	
broker	inquiry-agent	single	isco	
broker	inspector	single	isco	
broker	mammal	single	opencyc	
broker	man	single	isco	
broker	organism	single	wordnet	
broker	paralegal	single	isco	
broker	person	single	wordnet	
broker	physical-object	single	wordnet	
broker	professional	single	opencyc	
broker	promoter	single	isco	
broker	skilled-worker	single	opencyc	
broker	structure	single	opencyc	
broker	supervisor	single	isco	
broker	system	single	opencyc	
broker	technician	single	isco	
broker	vertebrate	single	opencyc	
broker	woman	single	isco	
broker	worker	accepted	isco opencyc wikidata	
brother	cameraman	single	isco	
brother	inquiry-agent	single	isco	
brother	inspector	single	isco	
brother	paralegal	single	isco	
brother	promoter	single	isco	
brother	technician	single	isco	
builder	agent	single	wordnet	
builder	attribute	single	sumo	
builder	organism	single	wordnet	
builder	person	single	wordnet	
builder	physical-object	single	wordnet	
builder	property	single	sumo	
builder	worker	single	isco	
bursar	adviser	single	isco	
bursar	agent	single	wordnet	
bursar	analyst.person	single	isco	
bursar	architect	single	isco	
bursar	artist	single	isco	
bursar	attribute	single	sumo	
bursar	copywriter	single	isco	
bursar	developer	single	isco	
bursar	educator	single	isco	
bursar	engineer	single	isco	
bursar	epidemiologist	single	isco	
bursar	expert	single	isco	
bursar	hearer	single	isco	
bursar	immunologist	single	isco	
bursar	organism	single	wordnet	
bursar	person	single	wordnet	
bursar	physical-object	single	wordnet	
bursar	practitioner	single	isco	
bursar	professional	single	isco	
bursar	property	single	sumo	
bursar	research-worker	single	isco	
bursar	scientist	single	isco	
bursar	security-consultant	single	isco	
bursar	specialist	single	isco	
bursar	systems-analyst	single	isco	
bursar	treasurer	single	wordnet	
bursar	worker	single	isco	
bursar	writer	single	isco	
businessman	skilled-worker	single	opencyc	
busman	agent	single	wordnet	
busman	attribute	single	sumo	
busman	digger	single	isco	
busman	driver	accepted	isco wordnet	
busman	operator	accepted	isco wordnet	
busman	property	single	sumo	
busman	teamster	single	isco	
busman	worker	single	isco	
bustle	companion	single	sumo	
butcher	agent	single	wordnet	
butcher	attribute	single	sumo	
butcher	beater	single	isco	
butcher	blaster	single	isco	
butcher	bodybuilder	single	isco	
butcher	builder	single	isco	
butcher	cabinetmaker	single	isco	
butcher	caster.person	single	isco	
butcher	closer	single	isco	
butcher	compositor	single	isco	
butcher	craftsman	single	isco	
butcher	engraver	single	isco	
butcher	fitter	single	isco	
butcher	glassworker	single	isco	
butcher	grader	single	isco	
butcher	human	single	opencyc	
butcher	ironworker	single	isco	
butcher	machinist	single	isco	
butcher	maker	single	isco	
butcher	mammal	single	opencyc	
butcher	mender	single	isco	
butcher	organism	single	wordnet	
butcher	painter	single	isco	
butcher	patternmaker	single	isco	
butcher	person	single	wordnet	
butcher	physical-object	single	wordnet	
butcher	property	single	sumo	
butcher	refinisher	single	isco	
butcher	rigger	single	isco	
butcher	sewer	single	isco	
butcher	shipwright	single	isco	
butcher	skilled-worker	single	wordnet	
butcher	smith	single	isco	
butcher	spinster	single	isco	
butcher	splitter	single	isco	
butcher	sprayer	single	isco	
butcher	stainer	single	isco	
butcher	stonecutter	single	isco	
butcher	structure	single	opencyc	
butcher	system	single	opencyc	
butcher	tuner	single	isco	
butcher	turner	single	isco	
butcher	varnisher	single	isco	
butcher	vertebrate	single	opencyc	
butcher	welder	single	isco	
butcher	woodcarver	single	isco	
butcher	worker	accepted	isco opencyc wordnet	
butler	adjutant	single	isco	
butler	agent	single	wordnet	
butler	attribute	single	sumo	
butler	bodyguard	single	isco	
butler	companion	single	isco	
butler	concierge	single	isco	
butler	gamekeeper	single	isco	
butler	guard	single	isco	
butler	host	single	isco	
butler	hostess	single	isco	
butler	housekeeper	single	isco	
butler	human	single	opencyc	
butler	keeper	single	isco	
butler	mammal	single	opencyc	
butler	manservant	single	wordnet	
butler	organism	single	wordnet	
butler	person	single	wordnet	
butler	physical-object	single	wordnet	
butler	property	single	sumo	
butler	servant	accepted	wikidata wordnet	
butler	skilled-worker	single	opencyc	
butler	steward.person	single	isco	
butler	stewardess	single	isco	
butler	structure	single	opencyc	
butler	system	single	opencyc	
butler	vertebrate	single	opencyc	
butler	worker	accepted	isco opencyc wikidata wordnet	
buyer	agent	accepted	sumo wordnet	
buyer	animal	single	sumo	
buyer	body	single	sumo	
buyer	broker	single	isco	
buyer	cameraman	single	isco	
buyer	consumer	single	wordnet	
buyer	customer	single	wordnet	
buyer	detective	single	isco	
buyer	human	single	sumo	
buyer	inquiry-agent	single	isco	
buyer	inspector	single	isco	
buyer	investment-banker	single	isco	
buyer	mammal	single	sumo	
buyer	man	single	isco	
buyer	organism	accepted	sumo wordnet	
buyer	paralegal	single	isco	
buyer	party	single	wikidata	
buyer	person	accepted	sumo wikidata wordnet	
buyer	phenomenon	single	sumo	
buyer	physical-object	accepted	sumo wordnet	
buyer	populace	single	sumo	
buyer	promoter	single	isco	
buyer	self	single	sumo	
buyer	species	single	sumo	
buyer	supervisor	single	isco	
buyer	technician	single	isco	
buyer	trader	single	isco	
buyer	universe	single	sumo	
buyer	user	single	wordnet	
buyer	vertebrate	single	sumo	
buyer	woman	single	isco	
buyer	worker	single	isco	
cabinetmaker	agent	single	wordnet	
cabinetmaker	attribute	single	sumo	
cabinetmaker	craftsman	accepted	wikidata wordnet	
cabinetmaker	organism	single	wordnet	
cabinetmaker	person	accepted	wikidata wordnet	
cabinetmaker	physical-object	single	wordnet	
cabinetmaker	property	single	sumo	
cabinetmaker	skilled-worker	single	wordnet	
cabinetmaker	woodworker	disputed	wordnet	isco wikidata
cabinetmaker	worker	accepted	isco wordnet	
caddie	agent	single	wordnet	
caddie	animal-trainer	single	isco	
caddie	assistant	single	wordnet	
caddie	attribute	single	sumo	
caddie	bearer	single	isco	
caddie	girl	single	isco	
caddie	hired-hand	single	isco	
caddie	laborer	single	isco	
caddie	male-child	single	isco	
caddie	messenger-boy	single	isco	
caddie	organism	single	wordnet	
caddie	person	single	wordnet	
caddie	physical-object	single	wordnet	
caddie	picker	single	isco	
caddie	porter	single	isco	
caddie	property	single	sumo	
caddie	remover	single	isco	
caddie	stacker	single	isco	
caddie	stevedore	single	isco	
caddie	sweeper	single	isco	
caddie	washer.person	single	isco	
caddie	window-washer	single	isco	
caddie	worker	accepted	isco wordnet	
calamity	companion	single	sumo	
calligrapher	agent	accepted	sumo wordnet	
calligrapher	animal	single	sumo	
calligrapher	artist	single	wikidata	
calligrapher	beater	single	isco	
calligrapher	blaster	single	isco	
calligrapher	body	single	sumo	
calligrapher	bodybuilder	single	isco	
calligrapher	builder	single	isco	
calligrapher	cabinetmaker	single	isco	
calligrapher	caster.person	single	isco	
calligrapher	closer	single	isco	
calligrapher	compositor	single	isco	
calligrapher	craftsman	single	isco	
calligrapher	engraver	single	isco	
calligrapher	etcher	single	isco	
calligrapher	fitter	single	isco	
calligrapher	glassworker	single	isco	
calligrapher	grader	single	isco	
calligrapher	human	single	sumo	
calligrapher	ironworker	single	isco	
calligrapher	machinist	single	isco	
calligrapher	maker	single	isco	
calligrapher	mammal	single	sumo	
calligrapher	mender	single	isco	
calligrapher	mounter	single	isco	
calligrapher	organism	accepted	sumo wordnet	
calligrapher	painter	single	isco	
calligrapher	patternmaker	single	isco	
calligrapher	person	accepted	sumo wikidata wordnet	
calligrapher	phenomenon	single	sumo	
calligrapher	physical-object	accepted	sumo wordnet	
calligrapher	populace	single	sumo	
calligrapher	refinisher	single	isco	
calligrapher	rigger	single	isco	
calligrapher	self	single	sumo	
calligrapher	sewer	single	isco	
calligrapher	shipwright	single	isco	
calligrapher	skilled-worker	single	wordnet	
calligrapher	smith	single	isco	
calligrapher	species	single	sumo	
calligrapher	spinster	single	isco	
calligrapher	splitter	single	isco	
calligrapher	sprayer	single	isco	
calligrapher	stamper	single	isco	
calligrapher	stonecutter	single	isco	
calligrapher	transferer	single	isco	
calligrapher	tuner	single	isco	
calligrapher	turner	single	isco	
calligrapher	universe	single	sumo	
calligrapher	varnisher	single	isco	
calligrapher	vertebrate	single	sumo	
calligrapher	weaver	single	isco	
calligrapher	welder	single	isco	
calligrapher	woodcarver	single	isco	
calligrapher	worker	accepted	isco wordnet	
cameraman	agent	single	wordnet	
cameraman	artist	single	wordnet	
cameraman	attribute	single	sumo	
cameraman	operator	single	wikidata	
cameraman	organism	single	wordnet	
cameraman	person	single	wordnet	
cameraman	photographer	disputed	wikidata wordnet	isco
cameraman	physical-object	single	wordnet	
cameraman	property	single	sumo	
cameraman	worker	accepted	isco wikidata	
canon	adviser	single	isco	
canon	agent	accepted	sumo wordnet	
canon	analyst.person	single	isco	
canon	animal	single	sumo	
canon	architect	single	isco	
canon	artist	single	isco	
canon	attribute	single	wordnet	
canon	body	single	sumo	
canon	copywriter	single	isco	
canon	developer	single	isco	
canon	editor	single	isco	
canon	educator	single	isco	
canon	engineer	single	isco	
canon	epidemiologist	single	isco	
canon	expert	single	isco	
canon	hearer	single	isco	
canon	human	single	sumo	
canon	immunologist	single	isco	
canon	leader	single	wordnet	
canon	mammal	single	sumo	
canon	organism	accepted	sumo wordnet	
canon	person	accepted	sumo wordnet	
canon	phenomenon	single	sumo	
canon	physical-object	accepted	sumo wordnet	
canon	populace	single	sumo	
canon	practitioner	single	isco	
canon	priest	single	wordnet	
canon	professional	single	isco	
canon	reporter	single	isco	
canon	research-worker	single	isco	
canon	scientist	single	isco	
canon	security-consultant	single	isco	
canon	self	single	sumo	
canon	specialist	single	isco	
canon	species	single	sumo	
canon	sports-announcer	single	isco	
canon	state	single	wordnet	
canon	status	single	wordnet	
canon	systems-analyst	single	isco	
canon	translator	single	isco	
canon	universe	single	sumo	
canon	vertebrate	single	sumo	
canon	worker	single	isco	
canon	writer	single	isco	
captain	skilled-worker	single	wordnet	
caretaker	adjutant	single	isco	
caretaker	agent	single	wordnet	
caretaker	attribute	single	sumo	
caretaker	bodyguard	single	isco	
caretaker	companion	single	isco	
caretaker	concierge	disputed	isco	wordnet
caretaker	gamekeeper	single	isco	
caretaker	guard	single	isco	
caretaker	host	single	isco	
caretaker	hostess	single	isco	
caretaker	housekeeper	single	isco	
caretaker	keeper	single	isco	
caretaker	organism	single	wordnet	
caretaker	person	single	wordnet	
caretaker	physical-object	single	wordnet	
caretaker	property	single	sumo	
caretaker	steward.person	single	isco	
caretaker	stewardess	single	isco	
caretaker	worker	single	isco	
caricaturist	adviser	single	isco	
caricaturist	agent	accepted	sumo wordnet	
caricaturist	analyst.person	single	isco	
caricaturist	animal	single	sumo	
caricaturist	architect	single	isco	
caricaturist	artist	single	isco	
caricaturist	body	single	sumo	
caricaturist	copywriter	single	isco	
caricaturist	developer	single	isco	
caricaturist	editor	single	isco	
caricaturist	educator	single	isco	
caricaturist	engineer	single	isco	
caricaturist	epidemiologist	single	isco	
caricaturist	expert	single	isco	
caricaturist	hearer	single	isco	
caricaturist	human	single	sumo	
caricaturist	immunologist	single	isco	
caricaturist	mammal	single	sumo	
caricaturist	organism	accepted	sumo wordnet	
caricaturist	person	accepted	sumo wordnet	
caricaturist	phenomenon	single	sumo	
caricaturist	physical-object	accepted	sumo wordnet	
caricaturist	populace	single	sumo	
caricaturist	practitioner	single	isco	
caricaturist	professional	single	isco	
caricaturist	reporter	single	isco	
caricaturist	research-worker	single	isco	
caricaturist	scientist	single	isco	
caricaturist	security-consultant	single	isco	
caricaturist	self	single	sumo	
caricaturist	specialist	single	isco	
caricaturist	species	single	sumo	
caricaturist	sports-announcer	single	isco	
caricaturist	systems-analyst	single	isco	
caricaturist	translator	single	isco	
caricaturist	universe	single	sumo	
caricaturist	vertebrate	single	sumo	
caricaturist	worker	single	isco	
caricaturist	writer	single	isco	
carpenter	agent	single	wordnet	
carpenter	beater	single	isco	
carpenter	blaster	single	isco	
carpenter	bodybuilder	single	isco	
carpenter	builder	single	isco	
carpenter	cabinetmaker	single	isco	
carpenter	caster.person	single	isco	
carpenter	closer	single	isco	
carpenter	compositor	single	isco	
carpenter	craftsman	accepted	isco wikidata wordnet	
carpenter	engraver	single	isco	
carpenter	fitter	single	isco	
carpenter	fixer	single	isco	
carpenter	glassworker	single	isco	
carpenter	grader	single	isco	
carpenter	human	single	opencyc	
carpenter	ironworker	single	isco	
carpenter	machinist	single	isco	
carpenter	maker	single	isco	
carpenter	mammal	single	opencyc	
carpenter	mason	single	isco	
carpenter	mender	single	isco	
carpenter	organism	single	wordnet	
carpenter	painter	single	isco	
carpenter	patternmaker	single	isco	
carpenter	person	accepted	wikidata wordnet	
carpenter	physical-object	single	wordnet	
carpenter	refinisher	single	isco	
carpenter	rigger	single	isco	
carpenter	sewer	single	isco	
carpenter	shipwright	single	isco	
carpenter	skilled-worker	single	wordnet	
carpenter	smith	single	isco	
carpenter	spinster	single	isco	
carpenter	splitter	single	isco	
carpenter	sprayer	single	isco	
carpenter	stonecutter	single	isco	
carpenter	structure	single	opencyc	
carpenter	system	single	opencyc	
carpenter	tuner	single	isco	
carpenter	turner	single	isco	
carpenter	varnisher	single	isco	
carpenter	vertebrate	single	opencyc	
carpenter	welder	single	isco	
carpenter	woodcarver	single	isco	
carpenter	woodworker	single	wordnet	
carpenter	worker	accepted	isco opencyc wikidata wordnet	
carriage	companion	single	sumo	
cartographer	adviser	single	isco	
cartographer	agent	single	wordnet	
cartographer	analyst.person	single	isco	
cartographer	architect	single	isco	
cartographer	artist	single	isco	
cartographer	attribute	single	sumo	
cartographer	copywriter	single	isco	
cartographer	developer	single	isco	
cartographer	educator	single	isco	
cartographer	engineer	single	isco	
cartographer	epidemiologist	single	isco	
cartographer	expert	accepted	isco wordnet	
cartographer	geographer	accepted	wikidata wordnet	
cartographer	hearer	single	isco	
cartographer	immunologist	single	isco	
cartographer	organism	single	wordnet	
cartographer	person	single	wordnet	
cartographer	physical-object	single	wordnet	
cartographer	practitioner	single	isco	
cartographer	professional	single	isco	
cartographer	property	single	sumo	
cartographer	research-worker	single	isco	
cartographer	scientist	single	isco	
cartographer	security-consultant	single	isco	
cartographer	specialist	single	isco	
cartographer	surveyor	single	isco	
cartographer	systems-analyst	single	isco	
cartographer	worker	single	isco	
cartographer	writer	single	isco	
cartoonist	adviser	single	isco	
cartoonist	agent	single	wordnet	
cartoonist	analyst.person	single	isco	
cartoonist	architect	single	isco	
cartoonist	artist	accepted	isco opencyc wordnet	
cartoonist	copywriter	single	isco	
cartoonist	developer	single	isco	
cartoonist	editor	single	isco	
cartoonist	educator	single	isco	
cartoonist	engineer	single	isco	
cartoonist	epidemiologist	single	isco	
cartoonist	expert	single	isco	
cartoonist	hearer	single	isco	
cartoonist	human	single	opencyc	
cartoonist	immunologist	single	isco	
cartoonist	mammal	single	opencyc	
cartoonist	organism	single	wordnet	
cartoonist	person	single	wordnet	
cartoonist	physical-object	single	wordnet	
cartoonist	practitioner	single	isco	
cartoonist	professional	single	isco	
cartoonist	reporter	single	isco	
cartoonist	research-worker	single	isco	
cartoonist	scientist	single	isco	
cartoonist	security-consultant	single	isco	
cartoonist	specialist	single	isco	
cartoonist	sports-announcer	single	isco	
cartoonist	structure	single	opencyc	
cartoonist	system	single	opencyc	
cartoonist	systems-analyst	single	isco	
cartoonist	translator	single	isco	
cartoonist	vertebrate	single	opencyc	
cartoonist	worker	accepted	isco opencyc	
cartoonist	writer	single	isco	
cartwright	agent	single	wordnet	
cartwright	attribute	single	sumo	
cartwright	beater	single	isco	
cartwright	blaster	single	isco	
cartwright	bodybuilder	single	isco	
cartwright	builder	single	isco	
cartwright	cabinetmaker	single	isco	
cartwright	caster.person	single	isco	
cartwright	closer	single	isco	
cartwright	compositor	single	isco	
cartwright	craftsman	accepted	isco wordnet	
cartwright	engraver	single	isco	
cartwright	fitter	single	isco	
cartwright	glassworker	single	isco	
cartwright	grader	single	isco	
cartwright	ironworker	single	isco	
cartwright	machinist	single	isco	
cartwright	maker	single	isco	
cartwright	mender	single	isco	
cartwright	organism	single	wordnet	
cartwright	painter	single	isco	
cartwright	patternmaker	single	isco	
cartwright	person	single	wordnet	
cartwright	physical-object	single	wordnet	
cartwright	property	single	sumo	
cartwright	refinisher	single	isco	
cartwright	rigger	single	isco	
cartwright	sewer	single	isco	
cartwright	shipwright	single	isco	
cartwright	skilled-worker	single	wordnet	
cartwright	smith	single	isco	
cartwright	spinster	single	isco	
cartwright	splitter	single	isco	
cartwright	sprayer	single	isco	
cartwright	stainer	single	isco	
cartwright	stonecutter	single	isco	
cartwright	tuner	single	isco	
cartwright	turner	single	isco	
cartwright	varnisher	single	isco	
cartwright	welder	single	isco	
cartwright	woodcarver	single	isco	
cartwright	woodworker	single	isco	
cartwright	worker	accepted	isco wordnet	
caster.person	agent	accepted	sumo wordnet	
caster.person	animal	single	sumo	
caster.person	body	single	sumo	
caster.person	human	single	sumo	
caster.person	mammal	single	sumo	
caster.person	organism	accepted	sumo wordnet	
caster.person	person	accepted	sumo wordnet	
caster.person	phenomenon	single	sumo	
caster.person	physical-object	accepted	sumo wordnet	
caster.person	populace	single	sumo	
caster.person	self	single	sumo	
caster.person	species	single	sumo	
caster.person	universe	single	sumo	
caster.person	vertebrate	single	sumo	
caster.person	worker	accepted	isco wordnet	
cataloger	adult	single	wordnet	
cataloger	adviser	single	isco	
cataloger	agent	single	wordnet	
cataloger	analyst.person	single	isco	
cataloger	architect	single	isco	
cataloger	artist	single	isco	
cataloger	attribute	single	sumo	
cataloger	copywriter	single	isco	
cataloger	developer	single	isco	
cataloger	editor	single	isco	
cataloger	educator	single	isco	
cataloger	engineer	single	isco	
cataloger	epidemiologist	single	isco	
cataloger	expert	single	isco	
cataloger	hearer	single	isco	
cataloger	immunologist	single	isco	
cataloger	organism	single	wordnet	
cataloger	person	single	wordnet	
cataloger	physical-object	single	wordnet	
cataloger	practitioner	single	isco	
cataloger	professional	accepted	isco wordnet	
cataloger	property	single	sumo	
cataloger	reporter	single	isco	
cataloger	research-worker	single	isco	
cataloger	scientist	single	isco	
cataloger	security-consultant	single	isco	
cataloger	specialist	single	isco	
cataloger	sports-announcer	single	isco	
cataloger	systems-analyst	single	isco	
cataloger	translator	single	isco	
cataloger	worker	single	isco	
cataloger	writer	single	isco	
catch	companion	single	sumo	
cellist	adviser	single	isco	
cellist	agent	single	wordnet	
cellist	analyst.person	single	isco	
cellist	architect	single	isco	
cellist	artist	accepted	isco opencyc wikidata	
cellist	copywriter	single	isco	
cellist	developer	single	isco	
cellist	editor	single	isco	
cellist	educator	single	isco	
cellist	engineer	single	isco	
cellist	epidemiologist	single	isco	
cellist	expert	single	isco	
cellist	hearer	single	isco	
cellist	human	single	opencyc	
cellist	immunologist	single	isco	
cellist	instrumentalist	accepted	wikidata wordnet	
cellist	mammal	single	opencyc	
cellist	musician	accepted	opencyc wikidata	
cellist	organism	single	wordnet	
cellist	performer	single	wordnet	
cellist	person	accepted	wikidata wordnet	
cellist	physical-object	single	wordnet	
cellist	practitioner	single	isco	
cellist	professional	accepted	isco opencyc	
cellist	reporter	single	isco	
cellist	research-worker	single	isco	
cellist	scientist	single	isco	
cellist	security-consultant	single	isco	
cellist	skilled-worker	single	opencyc	
cellist	specialist	single	isco	
cellist	sports-announcer	single	isco	
cellist	structure	single	opencyc	
cellist	system	single	opencyc	
cellist	systems-analyst	single	isco	
cellist	translator	single	isco	
cellist	vertebrate	single	opencyc	
cellist	worker	accepted	isco opencyc	
cellist	writer	single	isco	
censor	adviser	single	isco	
censor	agent	single	wordnet	
censor	analyst.person	single	isco	
censor	architect	single	isco	
censor	artist	single	isco	
censor	attribute	single	sumo	
censor	copywriter	single	isco	
censor	developer	single	isco	
censor	educator	single	isco	
censor	engineer	single	isco	
censor	epidemiologist	single	isco	
censor	expert	single	isco	
censor	hearer	single	isco	
censor	immunologist	single	isco	
censor	organism	single	wordnet	
censor	person	single	wordnet	
censor	physical-object	single	wordnet	
censor	practitioner	single	isco	
censor	professional	single	isco	
censor	property	single	sumo	
censor	research-worker	single	isco	
censor	scientist	single	isco	
censor	security-consultant	single	isco	
censor	specialist	single	isco	
censor	systems-analyst	single	isco	
censor	worker	single	isco	
censor	writer	single	isco	
chairman	department-head	single	isco	
chairman	general-manager	single	isco	
challenging-situation	companion	single	sumo	
chambermaid	agent	single	wordnet	
chambermaid	animal-trainer	single	isco	
chambermaid	bearer	single	isco	
chambermaid	girl	single	isco	
chambermaid	hired-hand	single	isco	
chambermaid	laborer	single	isco	
chambermaid	maid	accepted	isco wordnet	
chambermaid	male-child	single	isco	
chambermaid	messenger-boy	single	isco	
chambermaid	organism	single	wordnet	
chambermaid	person	single	wordnet	
chambermaid	physical-object	single	wordnet	
chambermaid	picker	single	isco	
chambermaid	porter	single	isco	
chambermaid	remover	single	isco	
chambermaid	servant	single	wordnet	
chambermaid	stacker	single	isco	
chambermaid	stevedore	single	isco	
chambermaid	sweeper	single	isco	
chambermaid	washer.person	single	isco	
chambermaid	window-washer	single	isco	
chambermaid	worker	accepted	isco wordnet	
champion	sportsman	single	wikidata	
championship	companion	single	sumo	
chancellor-of-the-exchequer	administrator	single	wordnet	
chancellor-of-the-exchequer	agent	single	wordnet	
chancellor-of-the-exchequer	attribute	single	sumo	
chancellor-of-the-exchequer	chief	accepted	isco wordnet	
chancellor-of-the-exchequer	department-head	single	isco	
chancellor-of-the-exchequer	executive-director	single	wordnet	
chancellor-of-the-exchequer	general-manager	single	isco	
chancellor-of-the-exchequer	governor	single	isco	
chancellor-of-the-exchequer	leader	single	wordnet	
chancellor-of-the-exchequer	manager	single	isco	
chancellor-of-the-exchequer	minister	disputed	wordnet	isco
chancellor-of-the-exchequer	organism	single	wordnet	
chancellor-of-the-exchequer	person	single	wordnet	
chancellor-of-the-exchequer	physical-object	single	wordnet	
chancellor-of-the-exchequer	property	single	sumo	
chancellor-of-the-exchequer	worker	single	isco	
changer	agent	accepted	sumo wordnet	
changer	animal	single	sumo	
changer	body	single	sumo	
changer	clerk	single	isco	
changer	human	single	sumo	
changer	mammal	single	sumo	
changer	organism	accepted	sumo wordnet	
changer	person	accepted	sumo wordnet	
changer	phenomenon	single	sumo	
changer	physical-object	accepted	sumo wordnet	
changer	populace	single	sumo	
changer	self	single	sumo	
changer	species	single	sumo	
changer	universe	single	sumo	
changer	vertebrate	single	sumo	
changer	worker	single	isco	
chaos	companion	single	sumo	
chaplain	adult	single	opencyc	
chaplain	adviser	single	isco	
chaplain	agent	single	wordnet	
chaplain	analyst.person	single	isco	
chaplain	architect	single	isco	
chaplain	artist	single	isco	
chaplain	copywriter	single	isco	
chaplain	developer	single	isco	
chaplain	editor	single	isco	
chaplain	educator	single	isco	
chaplain	engineer	single	isco	
chaplain	epidemiologist	single	isco	
chaplain	expert	single	isco	
chaplain	hearer	single	isco	
chaplain	human	single	opencyc	
chaplain	immunologist	single	isco	
chaplain	leader	single	wordnet	
chaplain	mammal	single	opencyc	
chaplain	organism	single	wordnet	
chaplain	person	single	wordnet	
chaplain	physical-object	single	wordnet	
chaplain	practitioner	single	isco	
chaplain	professional	accepted	isco opencyc	
chaplain	reporter	single	isco	
chaplain	research-worker	single	isco	
chaplain	scientist	single	isco	
chaplain	security-consultant	single	isco	
chaplain	skilled-worker	single	opencyc	
chaplain	specialist	single	isco	
chaplain	sports-announcer	single	isco	
chaplain	structure	single	opencyc	
chaplain	system	single	opencyc	
chaplain	systems-analyst	single	isco	
chaplain	translator	single	isco	
chaplain	vertebrate	single	opencyc	
chaplain	worker	accepted	isco opencyc	
chaplain	writer	single	isco	
charcoal-burner	agent	single	wordnet	
charcoal-burner	agriculturist	single	isco	
charcoal-burner	attribute	single	sumo	
charcoal-burner	cowboy	single	isco	
charcoal-burner	farmer	single	isco	
charcoal-burner	farmhand	single	isco	
charcoal-burner	fisherman	single	isco	
charcoal-burner	forester	single	isco	
charcoal-burner	gardener	single	isco	
charcoal-burner	goat-herder	single	isco	
charcoal-burner	hunter	single	isco	
charcoal-burner	organism	single	wordnet	
charcoal-burner	person	single	wordnet	
charcoal-burner	physical-object	single	wordnet	
charcoal-burner	plantation-owner	single	isco	
charcoal-burner	property	single	sumo	
charcoal-burner	shepherd	single	isco	
charcoal-burner	trapper	single	isco	
charcoal-burner	worker	accepted	isco wordnet	
charm	companion	single	sumo	
chartered-accountant	accountant	single	wordnet	
chartered-accountant	adviser	single	isco	
chartered-accountant	agent	single	wordnet	
chartered-accountant	analyst.person	single	isco	
chartered-accountant	architect	single	isco	
chartered-accountant	artist	single	isco	
chartered-accountant	attribute	single	sumo	
chartered-accountant	copywriter	single	isco	
chartered-accountant	developer	single	isco	
chartered-accountant	educator	single	isco	
chartered-accountant	engineer	single	isco	
chartered-accountant	epidemiologist	single	isco	
chartered-accountant	expert	single	isco	
chartered-accountant	hearer	single	isco	
chartered-accountant	immunologist	single	isco	
chartered-accountant	organism	single	wordnet	
chartered-accountant	person	single	wordnet	
chartered-accountant	physical-object	single	wordnet	
chartered-accountant	practitioner	single	isco	
chartered-accountant	professional	single	isco	
chartered-accountant	property	single	sumo	
chartered-accountant	research-worker	single	isco	
chartered-accountant	scientist	single	isco	
chartered-accountant	security-consultant	single	isco	
chartered-accountant	specialist	single	isco	
chartered-accountant	systems-analyst	single	isco	
chartered-accountant	worker	single	isco	
chartered-accountant	writer	single	isco	
chauffeur	agent	single	wordnet	
chauffeur	attribute	single	sumo	
chauffeur	digger	single	isco	
chauffeur	driver	accepted	isco wordnet	
chauffeur	human	single	opencyc	
chauffeur	mammal	single	opencyc	
chauffeur	operator	accepted	isco wordnet	
chauffeur	property	single	sumo	
chauffeur	skilled-worker	single	opencyc	
chauffeur	structure	single	opencyc	
chauffeur	system	single	opencyc	
chauffeur	taxidriver	single	isco	
chauffeur	teamster	single	isco	
chauffeur	vertebrate	single	opencyc	
chauffeur	worker	accepted	isco opencyc	
chef	agent	single	wordnet	
chef	cameraman	single	isco	
chef	cook	accepted	wikidata wordnet	
chef	craftsman	single	wikidata	
chef	detective	single	isco	
chef	human	single	opencyc	
chef	inquiry-agent	single	isco	
chef	inspector	single	isco	
chef	mammal	single	opencyc	
chef	man	single	isco	
chef	manager	single	wikidata	
chef	organism	single	wordnet	
chef	paralegal	single	isco	
chef	person	accepted	wikidata wordnet	
chef	physical-object	single	wordnet	
chef	promoter	single	isco	
chef	skilled-worker	single	wordnet	
chef	structure	single	opencyc	
chef	supervisor	single	isco	
chef	system	single	opencyc	
chef	technician	single	isco	
chef	vertebrate	single	opencyc	
chef	woman	single	isco	
chef	worker	accepted	isco opencyc wordnet	
chess-player	agent	single	wordnet	
chess-player	athlete	single	wikidata	
chess-player	cameraman	single	isco	
chess-player	detective	single	isco	
chess-player	inquiry-agent	single	isco	
chess-player	inspector	single	isco	
chess-player	man	single	isco	
chess-player	organism	single	wordnet	
chess-player	paralegal	single	isco	
chess-player	person	single	wordnet	
chess-player	physical-object	single	wordnet	
chess-player	player	single	wordnet	
chess-player	promoter	single	isco	
chess-player	sportsman	single	wikidata	
chess-player	supervisor	single	isco	
chess-player	technician	single	isco	
chess-player	woman	single	isco	
chess-player	worker	single	isco	
chief-constable	agent	single	wordnet	
chief-constable	chairman	single	isco	
chief-constable	chancellor-of-the-exchequer	single	isco	
chief-constable	chief	single	isco	
chief-constable	department-head	single	isco	
chief-constable	general-manager	single	isco	
chief-constable	governor	single	isco	
chief-constable	manager	single	isco	
chief-constable	member	single	isco	
chief-constable	organism	single	wordnet	
chief-constable	person	single	wordnet	
chief-constable	physical-object	single	wordnet	
chief-constable	policeman	single	wordnet	
chief-constable	president.person	single	isco	
chief-constable	secretary-general	single	isco	
chief-constable	worker	single	isco	
chief-executive-officer	administrator	single	wordnet	
chief-executive-officer	adult	single	opencyc	
chief-executive-officer	agent	single	wordnet	
chief-executive-officer	attribute	single	sumo	
chief-executive-officer	chairman	single	isco	
chief-executive-officer	chancellor-of-the-exchequer	single	isco	
chief-executive-officer	chief	accepted	isco wordnet	
chief-executive-officer	department-head	single	isco	
chief-executive-officer	executive-director	disputed	opencyc wordnet	wikidata
chief-executive-officer	general-manager	single	isco	
chief-executive-officer	governor	single	isco	
chief-executive-officer	human	single	opencyc	
chief-executive-officer	leader	single	wordnet	
chief-executive-officer	mammal	single	opencyc	
chief-executive-officer	manager	single	isco	
chief-executive-officer	member	accepted	isco opencyc	
chief-executive-officer	organism	single	wordnet	
chief-executive-officer	person	single	wordnet	
chief-executive-officer	physical-object	single	wordnet	
chief-executive-officer	president.person	single	isco	
chief-executive-officer	professional	single	opencyc	
chief-executive-officer	property	single	sumo	
chief-executive-officer	skilled-worker	single	opencyc	
chief-executive-officer	structure	single	opencyc	
chief-executive-officer	system	single	opencyc	
chief-executive-officer	vertebrate	single	opencyc	
chief-executive-officer	worker	accepted	isco opencyc	
chief-financial-officer	administrator	single	wordnet	
chief-financial-officer	agent	single	wordnet	
chief-financial-officer	attribute	single	sumo	
chief-financial-officer	businessman	single	wikidata	
chief-financial-officer	chief	accepted	isco wordnet	
chief-financial-officer	department-head	single	isco	
chief-financial-officer	executive-director	single	wordnet	
chief-financial-officer	general-manager	single	isco	
chief-financial-officer	governor	single	isco	
chief-financial-officer	leader	single	wordnet	
chief-financial-officer	manager	single	isco	
chief-financial-officer	organism	single	wordnet	
chief-financial-officer	person	single	wordnet	
chief-financial-officer	physical-object	single	wordnet	
chief-financial-officer	property	single	sumo	
chief-financial-officer	worker	accepted	isco wikidata	
chief-justice	adviser	single	isco	
chief-justice	agent	single	wordnet	
chief-justice	analyst.person	single	isco	
chief-justice	architect	single	isco	
chief-justice	artist	single	isco	
chief-justice	copywriter	single	isco	
chief-justice	developer	single	isco	
chief-justice	editor	single	isco	
chief-justice	educator	single	isco	
chief-justice	engineer	single	isco	
chief-justice	epidemiologist	single	isco	
chief-justice	expert	single	isco	
chief-justice	hearer	single	isco	
chief-justice	immunologist	single	isco	
chief-justice	judge	single	wordnet	
chief-justice	jurist	single	isco	
chief-justice	official	single	wordnet	
chief-justice	organism	single	wordnet	
chief-justice	person	single	wordnet	
chief-justice	physical-object	single	wordnet	
chief-justice	practitioner	single	isco	
chief-justice	professional	single	isco	
chief-justice	reporter	single	isco	
chief-justice	research-worker	single	isco	
chief-justice	scientist	single	isco	
chief-justice	security-consultant	single	isco	
chief-justice	skilled-worker	single	wordnet	
chief-justice	specialist	single	isco	
chief-justice	sports-announcer	single	isco	
chief-justice	systems-analyst	single	isco	
chief-justice	translator	single	isco	
chief-justice	worker	accepted	isco wordnet	
chief-justice	writer	single	isco	
chimneysweeper	agent	single	wordnet	
chimneysweeper	attribute	single	sumo	
chimneysweeper	beater	single	isco	
chimneysweeper	blaster	single	isco	
chimneysweeper	bodybuilder	single	isco	
chimneysweeper	builder	single	isco	
chimneysweeper	cabinetmaker	single	isco	
chimneysweeper	caster.person	single	isco	
chimneysweeper	closer	single	isco	
chimneysweeper	compositor	single	isco	
chimneysweeper	craftsman	single	isco	
chimneysweeper	employee	single	wordnet	
chimneysweeper	engraver	single	isco	
chimneysweeper	fitter	single	isco	
chimneysweeper	fixer	single	isco	
chimneysweeper	glassworker	single	isco	
chimneysweeper	grader	single	isco	
chimneysweeper	ironworker	single	isco	
chimneysweeper	laborer	single	wordnet	
chimneysweeper	machinist	single	isco	
chimneysweeper	maker	single	isco	
chimneysweeper	mason	single	isco	
chimneysweeper	mender	single	isco	
chimneysweeper	organism	single	wordnet	
chimneysweeper	painter	single	isco	
chimneysweeper	patternmaker	single	isco	
chimneysweeper	person	single	wordnet	
chimneysweeper	physical-object	single	wordnet	
chimneysweeper	property	single	sumo	
chimneysweeper	refinisher	single	isco	
chimneysweeper	rigger	single	isco	
chimneysweeper	sewer	single	isco	
chimneysweeper	shipwright	single	isco	
chimneysweeper	smith	single	isco	
chimneysweeper	spinster	single	isco	
chimneysweeper	splitter	single	isco	
chimneysweeper	sprayer	single	isco	
chimneysweeper	stonecutter	single	isco	
chimneysweeper	tuner	single	isco	
chimneysweeper	turner	single	isco	
chimneysweeper	varnisher	single	isco	
chimneysweeper	welder	single	isco	
chimneysweeper	woodcarver	single	isco	
chimneysweeper	worker	accepted	isco wordnet	
chiropractor	adviser	single	isco	
chiropractor	agent	single	wordnet	
chiropractor	analyst.person	single	isco	
chiropractor	architect	single	isco	
chiropractor	artist	single	isco	
chiropractor	attribute	single	sumo	
chiropractor	copywriter	single	isco	
chiropractor	developer	single	isco	
chiropractor	doctor	single	isco	
chiropractor	educator	single	isco	
chiropractor	engineer	single	isco	
chiropractor	epidemiologist	single	isco	
chiropractor	expert	accepted	isco wordnet	
chiropractor	hearer	single	isco	
chiropractor	immunologist	single	isco	
chiropractor	organism	single	wordnet	
chiropractor	person	single	wordnet	
chiropractor	physical-object	single	wordnet	
chiropractor	practitioner	single	isco	
chiropractor	professional	single	isco	
chiropractor	property	single	sumo	
chiropractor	research-worker	single	isco	
chiropractor	scientist	single	isco	
chiropractor	security-consultant	single	isco	
chiropractor	specialist	single	isco	
chiropractor	surgeon	single	isco	
chiropractor	systems-analyst	single	isco	
chiropractor	therapist	single	wordnet	
chiropractor	worker	single	isco	
chiropractor	writer	single	isco	
choirmaster	adviser	single	isco	
choirmaster	agent	single	wordnet	
choirmaster	analyst.person	single	isco	
choirmaster	architect	single	isco	
choirmaster	artist	accepted	isco wordnet	
choirmaster	attribute	single	sumo	
choirmaster	copywriter	single	isco	
choirmaster	developer	single	isco	
choirmaster	editor	single	isco	
choirmaster	educator	single	isco	
choirmaster	engineer	single	isco	
choirmaster	epidemiologist	single	isco	
choirmaster	expert	single	isco	
choirmaster	hearer	single	isco	
choirmaster	immunologist	single	isco	
choirmaster	musician	single	wordnet	
choirmaster	organism	single	wordnet	
choirmaster	person	single	wordnet	
choirmaster	physical-object	single	wordnet	
choirmaster	practitioner	single	isco	
choirmaster	professional	single	isco	
choirmaster	property	single	sumo	
choirmaster	reporter	single	isco	
choirmaster	research-worker	single	isco	
choirmaster	scientist	single	isco	
choirmaster	security-consultant	single	isco	
choirmaster	specialist	single	isco	
choirmaster	sports-announcer	single	isco	
choirmaster	systems-analyst	single	isco	
choirmaster	translator	single	isco	
choirmaster	worker	single	isco	
choirmaster	writer	single	isco	
choreographer	adviser	single	isco	
choreographer	agent	single	wordnet	
choreographer	analyst.person	single	isco	
choreographer	architect	single	isco	
choreographer	artist	accepted	isco opencyc wikidata	
choreographer	attribute	single	sumo	
choreographer	copywriter	single	isco	
choreographer	developer	single	isco	
choreographer	director	single	wikidata	
choreographer	editor	single	isco	
choreographer	educator	single	isco	
choreographer	engineer	single	isco	
choreographer	epidemiologist	single	isco	
choreographer	expert	single	isco	
choreographer	hearer	single	isco	
choreographer	human	single	opencyc	
choreographer	immunologist	single	isco	
choreographer	mammal	single	opencyc	
choreographer	manager	single	wikidata	
choreographer	organism	single	wordnet	
choreographer	person	accepted	wikidata wordnet	
choreographer	physical-object	single	wordnet	
choreographer	practitioner	single	isco	
choreographer	professional	single	isco	
choreographer	property	single	sumo	
choreographer	reporter	single	isco	
choreographer	research-worker	single	isco	
choreographer	scientist	single	isco	
choreographer	security-consultant	single	isco	
choreographer	specialist	single	isco	
choreographer	sports-announcer	single	isco	
choreographer	structure	single	opencyc	
choreographer	system	single	opencyc	
choreographer	systems-analyst	single	isco	
choreographer	translator	single	isco	
choreographer	vertebrate	single	opencyc	
choreographer	worker	accepted	isco opencyc	
choreographer	writer	single	isco	
city-editor	adviser	single	isco	
city-editor	agent	single	wordnet	
city-editor	analyst.person	single	isco	
city-editor	architect	single	isco	
city-editor	artist	single	isco	
city-editor	attribute	single	sumo	
city-editor	copywriter	single	isco	
city-editor	developer	single	isco	
city-editor	editor	accepted	isco wordnet	
city-editor	educator	single	isco	
city-editor	engineer	single	isco	
city-editor	epidemiologist	single	isco	
city-editor	expert	single	isco	
city-editor	hearer	single	isco	
city-editor	immunologist	single	isco	
city-editor	organism	single	wordnet	
city-editor	person	single	wordnet	
city-editor	physical-object	single	wordnet	
city-editor	practitioner	single	isco	
city-editor	professional	single	isco	
city-editor	property	single	sumo	
city-editor	reporter	single	isco	
city-editor	research-worker	single	isco	
city-editor	scientist	single	isco	
city-editor	security-consultant	single	isco	
city-editor	skilled-worker	single	wordnet	
city-editor	specialist	single	isco	
city-editor	sports-announcer	single	isco	
city-editor	systems-analyst	single	isco	
city-editor	translator	single	isco	
city-editor	worker	accepted	isco wordnet	
city-editor	writer	single	isco	
civil-engineer	adult	single	opencyc	
civil-engineer	adviser	single	isco	
civil-engineer	agent	single	wordnet	
civil-engineer	analyst.person	single	isco	
civil-engineer	architect	single	isco	
civil-engineer	artist	single	isco	
civil-engineer	copywriter	single	isco	
civil-engineer	developer	single	isco	
civil-engineer	educator	single	isco	
civil-engineer	engineer	accepted	isco opencyc wikidata wordnet	
civil-engineer	epidemiologist	single	isco	
civil-engineer	expert	single	isco	
civil-engineer	hearer	single	isco	
civil-engineer	human	single	opencyc	
civil-engineer	immunologist	single	isco	
civil-engineer	mammal	single	opencyc	
civil-engineer	organism	single	wordnet	
civil-engineer	person	single	wordnet	
civil-engineer	physical-object	single	wordnet	
civil-engineer	practitioner	single	isco	
civil-engineer	professional	accepted	isco opencyc	
civil-engineer	research-worker	single	isco	
civil-engineer	scientist	single	isco	
civil-engineer	security-consultant	single	isco	
civil-engineer	skilled-worker	single	opencyc	
civil-engineer	specialist	single	isco	
civil-engineer	structure	single	opencyc	
civil-engineer	surveyor	single	isco	
civil-engineer	system	single	opencyc	
civil-engineer	systems-analyst	single	isco	
civil-engineer	vertebrate	single	opencyc	
civil-engineer	worker	accepted	isco opencyc wikidata	
civil-engineer	writer	single	isco	
civilization	companion	single	sumo	
clarinetist	adviser	single	isco	
clarinetist	agent	single	wordnet	
clarinetist	analyst.person	single	isco	
clarinetist	architect	single	isco	
clarinetist	artist	single	isco	
clarinetist	attribute	single	sumo	
clarinetist	copywriter	single	isco	
clarinetist	developer	single	isco	
clarinetist	editor	single	isco	
clarinetist	educator	single	isco	
clarinetist	engineer	single	isco	
clarinetist	epidemiologist	single	isco	
clarinetist	expert	single	isco	
clarinetist	hearer	single	isco	
clarinetist	immunologist	single	isco	
clarinetist	instrumentalist	single	wordnet	
clarinetist	organism	single	wordnet	
clarinetist	performer	single	wordnet	
clarinetist	person	single	wordnet	
clarinetist	physical-object	single	wordnet	
clarinetist	practitioner	single	isco	
clarinetist	professional	single	isco	
clarinetist	property	single	sumo	
clarinetist	reporter	single	isco	
clarinetist	research-worker	single	isco	
clarinetist	scientist	single	isco	
clarinetist	security-consultant	single	isco	
clarinetist	specialist	single	isco	
clarinetist	sports-announcer	single	isco	
clarinetist	systems-analyst	single	isco	
clarinetist	translator	single	isco	
clarinetist	worker	single	isco	
clarinetist	writer	single	isco	
classifier	agent	single	wordnet	
classifier	attribute	single	sumo	
classifier	digger	single	isco	
classifier	drawer.person	single	isco	
classifier	operator	single	isco	
classifier	organism	single	wordnet	
classifier	person	single	wordnet	
classifier	physical-object	single	wordnet	
classifier	property	single	sumo	
classifier	word	single	wikidata	
classifier	worker	single	isco	
clemency	companion	single	sumo	
climatologist	adviser	single	isco	
climatologist	agent	single	wordnet	
climatologist	amateur	single	sumo	
climatologist	ambiance	single	sumo	
climatologist	analyst.person	single	isco	
climatologist	architect	single	isco	
climatologist	artist	single	isco	
climatologist	attribute	single	sumo	
climatologist	circumstance	single	sumo	
climatologist	civilisation	single	sumo	
climatologist	companion	single	sumo	
climatologist	copywriter	single	isco	
climatologist	crowd	single	sumo	
climatologist	custom	single	sumo	
climatologist	danger	single	sumo	
climatologist	developer	single	isco	
climatologist	educator	single	isco	
climatologist	engineer	single	isco	
climatologist	epidemiologist	single	isco	
climatologist	expert	accepted	isco sumo wordnet	
climatologist	freedom	single	sumo	
climatologist	geologist	single	wikidata	
climatologist	geophysicist	single	wikidata	
climatologist	hearer	single	isco	
climatologist	hero	single	sumo	
climatologist	immunologist	single	isco	
climatologist	lap	single	sumo	
climatologist	literary-works	single	sumo	
climatologist	normal	single	sumo	
climatologist	organism	single	wordnet	
climatologist	person	single	wordnet	
climatologist	physical-object	single	wordnet	
climatologist	point-of-view	single	sumo	
climatologist	practice	single	sumo	
climatologist	practitioner	single	isco	
climatologist	professional	single	isco	
climatologist	property	single	sumo	
climatologist	research-worker	accepted	isco wikidata	
climatologist	scientist	accepted	isco wikidata	
climatologist	security-consultant	single	isco	
climatologist	society	single	sumo	
climatologist	specialist	single	isco	
climatologist	status	single	sumo	
climatologist	surveyor	single	isco	
climatologist	systems-analyst	single	isco	
climatologist	tension	single	sumo	
climatologist	way	single	sumo	
climatologist	worker	single	isco	
climatologist	writer	single	isco	
cloakmaker	agent	single	wordnet	
cloakmaker	attribute	single	sumo	
cloakmaker	beater	single	isco	
cloakmaker	blaster	single	isco	
cloakmaker	bodybuilder	single	isco	
cloakmaker	builder	single	isco	
cloakmaker	cabinetmaker	single	isco	
cloakmaker	caster.person	single	isco	
cloakmaker	closer	single	isco	
cloakmaker	compositor	single	isco	
cloakmaker	craftsman	accepted	isco wikidata	
cloakmaker	dressmaker	single	isco	
cloakmaker	engraver	single	isco	
cloakmaker	fitter	single	isco	
cloakmaker	glassworker	single	isco	
cloakmaker	grader	single	isco	
cloakmaker	ironworker	single	isco	
cloakmaker	machinist	single	isco	
cloakmaker	maker	accepted	isco wordnet	
cloakmaker	mender	single	isco	
cloakmaker	organism	single	wordnet	
cloakmaker	painter	single	isco	
cloakmaker	patternmaker	single	isco	
cloakmaker	person	accepted	wikidata wordnet	
cloakmaker	physical-object	single	wordnet	
cloakmaker	property	single	sumo	
cloakmaker	refinisher	single	isco	
cloakmaker	rigger	single	isco	
cloakmaker	sewer	single	isco	
cloakmaker	shipwright	single	isco	
cloakmaker	smith	single	isco	
cloakmaker	spinster	single	isco	
cloakmaker	splitter	single	isco	
cloakmaker	sprayer	single	isco	
cloakmaker	stainer	single	isco	
cloakmaker	stonecutter	single	isco	
cloakmaker	tailor	single	wikidata	
cloakmaker	tuner	single	isco	
cloakmaker	turner	single	isco	
cloakmaker	varnisher	single	isco	
cloakmaker	welder	single	isco	
cloakmaker	woodcarver	single	isco	
cloakmaker	worker	single	isco	
clocksmith	agent	single	wordnet	
clocksmith	attribute	single	sumo	
clocksmith	beater	single	isco	
clocksmith	blaster	single	isco	
clocksmith	bodybuilder	single	isco	
clocksmith	builder	single	isco	
clocksmith	cabinetmaker	single	isco	
clocksmith	caster.person	single	isco	
clocksmith	closer	single	isco	
clocksmith	compositor	single	isco	
clocksmith	craftsman	accepted	isco wordnet	
clocksmith	engraver	single	isco	
clocksmith	etcher	single	isco	
clocksmith	fitter	single	isco	
clocksmith	glassworker	single	isco	
clocksmith	grader	single	isco	
clocksmith	ironworker	single	isco	
clocksmith	machinist	single	isco	
clocksmith	maker	single	isco	
clocksmith	mender	single	isco	
clocksmith	mounter	single	isco	
clocksmith	organism	single	wordnet	
clocksmith	painter	single	isco	
clocksmith	patternmaker	single	isco	
clocksmith	person	single	wordnet	
clocksmith	physical-object	single	wordnet	
clocksmith	property	single	sumo	
clocksmith	refinisher	single	isco	
clocksmith	rigger	single	isco	
clocksmith	sewer	single	isco	
clocksmith	shipwright	single	isco	
clocksmith	skilled-worker	single	wordnet	
clocksmith	smith	single	isco	
clocksmith	spinster	single	isco	
clocksmith	splitter	single	isco	
clocksmith	sprayer	single	isco	
clocksmith	stamper	single	isco	
clocksmith	stonecutter	single	isco	
clocksmith	transferer	single	isco	
clocksmith	tuner	single	isco	
clocksmith	turner	single	isco	
clocksmith	varnisher	single	isco	
clocksmith	weaver	single	isco	
clocksmith	welder	single	isco	
clocksmith	woodcarver	single	isco	
clocksmith	worker	accepted	isco wordnet	
closer	agent	single	wordnet	
closer	athlete	single	wordnet	
closer	attribute	single	sumo	
closer	organism	single	wordnet	
closer	person	single	wordnet	
closer	physical-object	single	wordnet	
closer	player	single	wordnet	
closer	property	single	sumo	
closer	worker	single	isco	
clown	adviser	single	isco	
clown	agent	accepted	sumo wordnet	
clown	analyst.person	single	isco	
clown	animal	single	sumo	
clown	architect	single	isco	
clown	artist	accepted	isco opencyc	
clown	body	single	sumo	
clown	comedian	single	opencyc	
clown	copywriter	single	isco	
clown	developer	single	isco	
clown	editor	single	isco	
clown	educator	single	isco	
clown	engineer	single	isco	
clown	epidemiologist	single	isco	
clown	expert	single	isco	
clown	fool	single	wordnet	
clown	hearer	single	isco	
clown	human	accepted	opencyc sumo	
clown	immunologist	single	isco	
clown	mammal	accepted	opencyc sumo	
clown	organism	accepted	sumo wordnet	
clown	person	accepted	sumo wordnet	
clown	phenomenon	single	sumo	
clown	physical-object	accepted	sumo wordnet	
clown	populace	single	sumo	
clown	practitioner	single	isco	
clown	professional	accepted	isco opencyc	
clown	reporter	single	isco	
clown	research-worker	single	isco	
clown	scientist	single	isco	
clown	security-consultant	single	isco	
clown	self	single	sumo	
clown	skilled-worker	single	opencyc	
clown	specialist	single	isco	
clown	species	single	sumo	
clown	sports-announcer	single	isco	
clown	structure	single	opencyc	
clown	system	single	opencyc	
clown	systems-analyst	single	isco	
clown	translator	single	isco	
clown	universe	single	sumo	
clown	vertebrate	accepted	opencyc sumo	
clown	worker	accepted	isco opencyc	
clown	writer	single	isco	
coach	analyst.person	single	isco	
coach	copywriter	single	isco	
coach	developer	single	isco	
coach	educator	accepted	isco wordnet	
coach	epidemiologist	single	isco	
coach	hearer	single	isco	
coach	immunologist	single	isco	
coach	practitioner	single	isco	
coach	security-consultant	single	isco	
coach	skilled-worker	single	opencyc	
coach	systems-analyst	single	isco	
coal-miner	agent	single	wordnet	
coal-miner	attribute	single	sumo	
coal-miner	digger	single	isco	
coal-miner	drawer.person	single	isco	
coal-miner	employee	single	wordnet	
coal-miner	laborer	single	wordnet	
coal-miner	miner	accepted	wikidata wordnet	
coal-miner	operator	single	isco	
coal-miner	organism	single	wordnet	
coal-miner	person	single	wordnet	
coal-miner	physical-object	single	wordnet	
coal-miner	property	single	sumo	
coal-miner	worker	accepted	isco wordnet	
coalman	agent	single	wordnet	
coalman	animal-trainer	single	isco	
coalman	attribute	single	sumo	
coalman	bearer	single	isco	
coalman	employee	single	wordnet	
coalman	girl	single	isco	
coalman	hired-hand	single	isco	
coalman	laborer	single	isco	
coalman	male-child	single	isco	
coalman	messenger-boy	single	isco	
coalman	organism	single	wordnet	
coalman	packer	single	isco	
coalman	person	single	wordnet	
coalman	physical-object	single	wordnet	
coalman	picker	single	isco	
coalman	porter	single	isco	
coalman	property	single	sumo	
coalman	remover	single	isco	
coalman	stacker	single	isco	
coalman	stevedore	single	isco	
coalman	sweeper	single	isco	
coalman	washer.person	single	isco	
coalman	window-washer	single	isco	
coalman	worker	accepted	isco wordnet	
cobbler	agent	single	wordnet	
cobbler	attribute	single	sumo	
cobbler	beater	single	isco	
cobbler	blaster	single	isco	
cobbler	bodybuilder	single	isco	
cobbler	builder	single	isco	
cobbler	cabinetmaker	single	isco	
cobbler	caster.person	single	isco	
cobbler	closer	single	isco	
cobbler	compositor	single	isco	
cobbler	craftsman	single	isco	
cobbler	dressmaker	single	isco	
cobbler	engraver	single	isco	
cobbler	fitter	single	isco	
cobbler	glassworker	single	isco	
cobbler	grader	single	isco	
cobbler	ironworker	single	isco	
cobbler	machinist	single	isco	
cobbler	maker	accepted	isco wordnet	
cobbler	mender	single	isco	
cobbler	organism	single	wordnet	
cobbler	painter	single	isco	
cobbler	patternmaker	single	isco	
cobbler	person	single	wordnet	
cobbler	physical-object	single	wordnet	
cobbler	property	single	sumo	
cobbler	refinisher	single	isco	
cobbler	rigger	single	isco	
cobbler	sewer	single	isco	
cobbler	shipwright	single	isco	
cobbler	smith	single	isco	
cobbler	spinster	single	isco	
cobbler	splitter	single	isco	
cobbler	sprayer	single	isco	
cobbler	stainer	single	isco	
cobbler	stonecutter	single	isco	
cobbler	tuner	single	isco	
cobbler	turner	single	isco	
cobbler	varnisher	single	isco	
cobbler	welder	single	isco	
cobbler	woodcarver	single	isco	
cobbler	worker	single	isco	
colleague	associate	single	wordnet	
color	companion	single	sumo	
columnist	adviser	single	isco	
columnist	agent	single	wordnet	
columnist	analyst.person	single	isco	
columnist	architect	single	isco	
columnist	artist	single	isco	
columnist	attribute	single	sumo	
columnist	communicator	single	wordnet	
columnist	copywriter	single	isco	
columnist	developer	single	isco	
columnist	editor	single	isco	
columnist	educator	single	isco	
columnist	engineer	single	isco	
columnist	epidemiologist	single	isco	
columnist	expert	single	isco	
columnist	hearer	single	isco	
columnist	immunologist	single	isco	
columnist	organism	single	wordnet	
columnist	person	single	wordnet	
columnist	physical-object	single	wordnet	
columnist	practitioner	single	isco	
columnist	professional	single	isco	
columnist	property	single	sumo	
columnist	reporter	single	isco	
columnist	research-worker	single	isco	
columnist	scientist	single	isco	
columnist	security-consultant	single	isco	
columnist	specialist	single	isco	
columnist	sports-announcer	single	isco	
columnist	systems-analyst	single	isco	
columnist	translator	single	isco	
columnist	worker	single	isco	
columnist	writer	accepted	isco wordnet	
comber	agent	single	wordnet	
comber	attribute	single	sumo	
comber	beater	single	isco	
comber	blaster	single	isco	
comber	bodybuilder	single	isco	
comber	builder	single	isco	
comber	cabinetmaker	single	isco	
comber	caster.person	single	isco	
comber	closer	single	isco	
comber	compositor	single	isco	
comber	craftsman	single	isco	
comber	engraver	single	isco	
comber	etcher	single	isco	
comber	fitter	single	isco	
comber	glassworker	single	isco	
comber	grader	single	isco	
comber	ironworker	single	isco	
comber	machinist	single	isco	
comber	maker	single	isco	
comber	mender	single	isco	
comber	mounter	single	isco	
comber	organism	single	wordnet	
comber	painter	single	isco	
comber	patternmaker	single	isco	
comber	person	single	wordnet	
comber	physical-object	single	wordnet	
comber	property	single	sumo	
comber	refinisher	single	isco	
comber	rigger	single	isco	
comber	sewer	single	isco	
comber	shipwright	single	isco	
comber	smith	single	isco	
comber	spinster	single	isco	
comber	splitter	single	isco	
comber	sprayer	single	isco	
comber	stamper	single	isco	
comber	stonecutter	single	isco	
comber	transferer	single	isco	
comber	tuner	single	isco	
comber	turner	single	isco	
comber	varnisher	single	isco	
comber	weaver	single	isco	
comber	welder	single	isco	
comber	woodcarver	single	isco	
comber	worker	accepted	isco wordnet	
comedian	adviser	single	isco	
comedian	agent	single	wordnet	
comedian	analyst.person	single	isco	
comedian	architect	single	isco	
comedian	artist	accepted	isco opencyc wikidata	
comedian	copywriter	single	isco	
comedian	developer	single	isco	
comedian	editor	single	isco	
comedian	educator	single	isco	
comedian	engineer	single	isco	
comedian	epidemiologist	single	isco	
comedian	expert	single	isco	
comedian	hearer	single	isco	
comedian	human	single	opencyc	
comedian	immunologist	single	isco	
comedian	mammal	single	opencyc	
comedian	organism	single	wordnet	
comedian	performer	single	wordnet	
comedian	person	accepted	wikidata wordnet	
comedian	physical-object	single	wordnet	
comedian	practitioner	single	isco	
comedian	professional	accepted	isco opencyc	
comedian	reporter	single	isco	
comedian	research-worker	single	isco	
comedian	scientist	single	isco	
comedian	security-consultant	single	isco	
comedian	skilled-worker	single	opencyc	
comedian	specialist	single	isco	
comedian	sports-announcer	single	isco	
comedian	structure	single	opencyc	
comedian	system	single	opencyc	
comedian	systems-analyst	single	isco	
comedian	translator	single	isco	
comedian	vertebrate	single	opencyc	
comedian	worker	accepted	isco opencyc	
comedian	writer	single	isco	
commercial-artist	adviser	single	isco	
commercial-artist	agent	single	wordnet	
commercial-artist	analyst.person	single	isco	
commercial-artist	architect	single	isco	
commercial-artist	artist	accepted	isco wordnet	
commercial-artist	copywriter	single	isco	
commercial-artist	developer	single	isco	
commercial-artist	educator	single	isco	
commercial-artist	engineer	single	isco	
commercial-artist	epidemiologist	single	isco	
commercial-artist	expert	single	isco	
commercial-artist	hearer	single	isco	
commercial-artist	illustrator	single	wordnet	
commercial-artist	immunologist	single	isco	
commercial-artist	organism	single	wordnet	
commercial-artist	person	accepted	wikidata wordnet	
commercial-artist	physical-object	single	wordnet	
commercial-artist	practitioner	single	isco	
commercial-artist	professional	single	isco	
commercial-artist	research-worker	single	isco	
commercial-artist	scientist	single	isco	
commercial-artist	security-consultant	single	isco	
commercial-artist	specialist	single	isco	
commercial-artist	surveyor	single	isco	
commercial-artist	systems-analyst	single	isco	
commercial-artist	worker	single	isco	
commercial-artist	writer	single	isco	
commissioner	agent	single	wordnet	
commissioner	attribute	single	sumo	
commissioner	chairman	single	isco	
commissioner	chancellor-of-the-exchequer	single	isco	
commissioner	chief	accepted	isco wordnet	
commissioner	department-head	single	isco	
commissioner	general-manager	single	isco	
commissioner	government-administrator	single	wordnet	
commissioner	governor	single	isco	
commissioner	leader	single	wordnet	
commissioner	manager	single	isco	
commissioner	member	single	isco	
commissioner	organism	single	wordnet	
commissioner	person	single	wordnet	
commissioner	physical-object	single	wordnet	
commissioner	president.person	single	isco	
commissioner	property	single	sumo	
commissioner	secretary-general	single	isco	
commissioner	worker	single	isco	
commitment	companion	single	sumo	
communicator	adviser	single	isco	
communicator	agent	accepted	sumo wordnet	
communicator	analyst.person	single	isco	
communicator	animal	single	sumo	
communicator	architect	single	isco	
communicator	artist	single	isco	
communicator	body	single	sumo	
communicator	copywriter	single	isco	
communicator	developer	single	isco	
communicator	editor	single	isco	
communicator	educator	single	isco	
communicator	engineer	single	isco	
communicator	epidemiologist	single	isco	
communicator	expert	single	isco	
communicator	hearer	single	isco	
communicator	human	accepted	opencyc sumo	
communicator	immunologist	single	isco	
communicator	mammal	accepted	opencyc sumo	
communicator	organism	accepted	sumo wordnet	
communicator	person	accepted	sumo wordnet	
communicator	phenomenon	single	sumo	
communicator	physical-object	accepted	sumo wordnet	
communicator	populace	single	sumo	
communicator	practitioner	single	isco	
communicator	professional	single	isco	
communicator	reporter	disputed	isco	wordnet
communicator	research-worker	single	isco	
communicator	scientist	single	isco	
communicator	security-consultant	single	isco	
communicator	self	single	sumo	
communicator	specialist	single	isco	
communicator	species	single	sumo	
communicator	sports-announcer	disputed	isco	wordnet
communicator	structure	single	opencyc	
communicator	system	single	opencyc	
communicator	systems-analyst	single	isco	
communicator	translator	single	isco	
communicator	universe	single	sumo	
communicator	vertebrate	accepted	opencyc sumo	
communicator	worker	single	isco	
communicator	writer	disputed	isco	wordnet
companion	agent	single	wordnet	
companion	attribute	single	sumo	
companion	normal	single	sumo	
companion	organism	single	wordnet	
companion	person	single	wordnet	
companion	physical-object	single	wordnet	
companion	property	single	sumo	
companion	worker	single	isco	
competence	companion	single	sumo	
competitive-edge	companion	single	sumo	
competitive-lead	companion	single	sumo	
compiler.person	agent	single	wordnet	
compiler.person	attribute	single	sumo	
compiler.person	clerk	single	isco	
compiler.person	communicator	single	wordnet	
compiler.person	organism	single	wordnet	
compiler.person	person	accepted	wikidata wordnet	
compiler.person	physical-object	single	wordnet	
compiler.person	property	single	sumo	
compiler.person	worker	single	isco	
compiler.person	writer	single	wordnet	
complication	companion	single	sumo	
composer	analyst.person	single	isco	
composer	copywriter	single	isco	
composer	developer	single	isco	
composer	editor	single	isco	
composer	educator	single	isco	
composer	epidemiologist	single	isco	
composer	hearer	single	isco	
composer	immunologist	single	isco	
composer	instrumentalist	single	wikidata	
composer	practitioner	single	isco	
composer	security-consultant	single	isco	
composer	sports-announcer	single	isco	
composer	systems-analyst	single	isco	
composer	translator	single	isco	
compositor	agent	single	wordnet	
compositor	attribute	single	sumo	
compositor	organism	single	wordnet	
compositor	person	single	wordnet	
compositor	physical-object	single	wordnet	
compositor	pressman	disputed	wordnet	isco
compositor	property	single	sumo	
compositor	skilled-worker	single	wordnet	
compositor	worker	accepted	isco wordnet	
computer-scientist	adult	single	opencyc	
computer-scientist	adviser	single	isco	
computer-scientist	agent	single	wordnet	
computer-scientist	analyst.person	single	isco	
computer-scientist	architect	single	isco	
computer-scientist	artist	single	isco	
computer-scientist	copywriter	single	isco	
computer-scientist	developer	single	isco	
computer-scientist	educator	single	isco	
computer-scientist	engineer	single	isco	
computer-scientist	epidemiologist	single	isco	
computer-scientist	expert	single	isco	
computer-scientist	hearer	single	isco	
computer-scientist	human	single	opencyc	
computer-scientist	immunologist	single	isco	
computer-scientist	mammal	single	opencyc	
computer-scientist	organism	single	wordnet	
computer-scientist	person	single	wordnet	
computer-scientist	physical-object	single	wordnet	
computer-scientist	practitioner	single	isco	
computer-scientist	professional	single	isco	
computer-scientist	research-worker	accepted	isco wikidata	
computer-scientist	scientist	accepted	isco opencyc wikidata wordnet	
computer-scientist	security-consultant	single	isco	
computer-scientist	specialist	single	isco	
computer-scientist	structure	single	opencyc	
computer-scientist	system	single	opencyc	
computer-scientist	systems-analyst	single	isco	
computer-scientist	vertebrate	single	opencyc	
computer-scientist	worker	accepted	isco opencyc	
computer-scientist	writer	single	isco	
concierge	agent	single	wordnet	
concierge	caretaker	disputed	wordnet	isco
concierge	employee	single	wikidata	
concierge	human	single	opencyc	
concierge	mammal	single	opencyc	
concierge	organism	single	wordnet	
concierge	person	single	wordnet	
concierge	physical-object	single	wordnet	
concierge	structure	single	opencyc	
concierge	system	single	opencyc	
concierge	vertebrate	single	opencyc	
concierge	worker	accepted	isco opencyc wikidata	
conciliator	adviser	single	isco	
conciliator	agent	accepted	sumo wordnet	
conciliator	analyst.person	single	isco	
conciliator	animal	single	sumo	
conciliator	architect	single	isco	
conciliator	artist	single	isco	
conciliator	body	single	sumo	
conciliator	communicator	single	wordnet	
conciliator	copywriter	single	isco	
conciliator	developer	single	isco	
conciliator	educator	single	isco	
conciliator	engineer	single	isco	
conciliator	epidemiologist	single	isco	
conciliator	expert	single	isco	
conciliator	hearer	single	isco	
conciliator	human	single	sumo	
conciliator	immunologist	single	isco	
conciliator	mammal	single	sumo	
conciliator	mediator	single	wordnet	
conciliator	organism	accepted	sumo wordnet	
conciliator	person	accepted	sumo wordnet	
conciliator	phenomenon	single	sumo	
conciliator	physical-object	accepted	sumo wordnet	
conciliator	populace	single	sumo	
conciliator	practitioner	single	isco	
conciliator	professional	single	isco	
conciliator	research-worker	single	isco	
conciliator	scientist	single	isco	
conciliator	security-consultant	single	isco	
conciliator	self	single	sumo	
conciliator	specialist	single	isco	
conciliator	species	single	sumo	
conciliator	systems-analyst	single	isco	
conciliator	universe	single	sumo	
conciliator	vertebrate	single	sumo	
conciliator	worker	single	isco	
conciliator	writer	single	isco	
conductor	skilled-worker	single	opencyc	
confectioner	agent	single	wordnet	
confectioner	attribute	single	sumo	
confectioner	beater	single	isco	
confectioner	blaster	single	isco	
confectioner	bodybuilder	single	isco	
confectioner	builder	single	isco	
confectioner	cabinetmaker	single	isco	
confectioner	caster.person	single	isco	
confectioner	closer	single	isco	
confectioner	compositor	single	isco	
confectioner	craftsman	accepted	isco wikidata	
confectioner	engraver	single	isco	
confectioner	fitter	single	isco	
confectioner	glassworker	single	isco	
confectioner	grader	single	isco	
confectioner	human	single	opencyc	
confectioner	ironworker	single	isco	
confectioner	machinist	single	isco	
confectioner	maker	accepted	isco wordnet	
confectioner	mammal	single	opencyc	
confectioner	mender	single	isco	
confectioner	organism	single	wordnet	
confectioner	painter	single	isco	
confectioner	patternmaker	single	isco	
confectioner	person	accepted	wikidata wordnet	
confectioner	physical-object	single	wordnet	
confectioner	property	single	sumo	
confectioner	refinisher	single	isco	
confectioner	rigger	single	isco	
confectioner	sewer	single	isco	
confectioner	shipwright	single	isco	
confectioner	smith	single	isco	
confectioner	spinster	single	isco	
confectioner	splitter	single	isco	
confectioner	sprayer	single	isco	
confectioner	stainer	single	isco	
confectioner	stonecutter	single	isco	
confectioner	structure	single	opencyc	
confectioner	system	single	opencyc	
confectioner	tuner	single	isco	
confectioner	turner	single	isco	
confectioner	varnisher	single	isco	
confectioner	vertebrate	single	opencyc	
confectioner	welder	single	isco	
confectioner	woodcarver	single	isco	
confectioner	worker	accepted	isco opencyc	
congressman	chancellor-of-the-exchequer	single	isco	
congressman	department-head	single	isco	
congressman	general-manager	single	isco	
congressman	legislator	accepted	wikidata wordnet	
congressman	politician.person	single	wordnet	
congressman	president.person	single	isco	
congressman	secretary-general	single	isco	
contortionist	acrobat	accepted	wikidata wordnet	
contortionist	adviser	single	isco	
contortionist	agent	accepted	sumo wordnet	
contortionist	analyst.person	single	isco	
contortionist	animal	single	sumo	
contortionist	architect	single	isco	
contortionist	artist	accepted	isco opencyc	
contortionist	athlete	single	wordnet	
contortionist	body	single	sumo	
contortionist	copywriter	single	isco	
contortionist	developer	single	isco	
contortionist	editor	single	isco	
contortionist	educator	single	isco	
contortionist	engineer	single	isco	
contortionist	epidemiologist	single	isco	
contortionist	expert	single	isco	
contortionist	hearer	single	isco	
contortionist	human	accepted	opencyc sumo	
contortionist	immunologist	single	isco	
contortionist	mammal	accepted	opencyc sumo	
contortionist	organism	accepted	sumo wordnet	
contortionist	person	accepted	sumo wordnet	
contortionist	phenomenon	single	sumo	
contortionist	physical-object	accepted	sumo wordnet	
contortionist	populace	single	sumo	
contortionist	practitioner	single	isco	
contortionist	professional	accepted	isco opencyc	
contortionist	reporter	single	isco	
contortionist	research-worker	single	isco	
contortionist	scientist	single	isco	
contortionist	security-consultant	single	isco	
contortionist	self	single	sumo	
contortionist	skilled-worker	single	opencyc	
contortionist	specialist	single	isco	
contortionist	species	single	sumo	
contortionist	sports-announcer	single	isco	
contortionist	structure	single	opencyc	
contortionist	system	single	opencyc	
contortionist	systems-analyst	single	isco	
contortionist	translator	single	isco	
contortionist	universe	single	sumo	
contortionist	vertebrate	accepted	opencyc sumo	
contortionist	worker	accepted	isco opencyc	
contortionist	writer	single	isco	
contralto	adviser	single	isco	
contralto	agent	accepted	sumo wordnet	
contralto	analyst.person	single	isco	
contralto	animal	single	sumo	
contralto	architect	single	isco	
contralto	artist	single	isco	
contralto	body	single	sumo	
contralto	copywriter	single	isco	
contralto	developer	single	isco	
contralto	editor	single	isco	
contralto	educator	single	isco	
contralto	engineer	single	isco	
contralto	epidemiologist	single	isco	
contralto	expert	single	isco	
contralto	hearer	single	isco	
contralto	human	single	sumo	
contralto	immunologist	single	isco	
contralto	instrumentalist	single	wordnet	
contralto	lady	single	sumo	
contralto	mammal	single	sumo	
contralto	organism	accepted	sumo wordnet	
contralto	performer	single	wordnet	
contralto	person	accepted	sumo wordnet	
contralto	phenomenon	single	sumo	
contralto	physical-object	accepted	sumo wordnet	
contralto	populace	single	sumo	
contralto	practitioner	single	isco	
contralto	professional	single	isco	
contralto	reporter	single	isco	
contralto	research-worker	single	isco	
contralto	scientist	single	isco	
contralto	security-consultant	single	isco	
contralto	self	single	sumo	
contralto	singer	single	wordnet	
contralto	specialist	single	isco	
contralto	species	single	sumo	
contralto	sports-announcer	single	isco	
contralto	systems-analyst	single	isco	
contralto	translator	single	isco	
contralto	universe	single	sumo	
contralto	vertebrate	single	sumo	
contralto	woman	single	sumo	
contralto	worker	single	isco	
contralto	writer	single	isco	
conventionality	companion	single	sumo	
cook	skilled-worker	single	wordnet	
cooper	agent	single	wordnet	
cooper	attribute	single	sumo	
cooper	beater	single	isco	
cooper	blaster	single	isco	
cooper	bodybuilder	single	isco	
cooper	builder	single	isco	
cooper	cabinetmaker	single	isco	
cooper	caster.person	single	isco	
cooper	closer	single	isco	
cooper	compositor	single	isco	
cooper	craftsman	accepted	isco wikidata wordnet	
cooper	engraver	single	isco	
cooper	fitter	single	isco	
cooper	glassworker	single	isco	
cooper	grader	single	isco	
cooper	ironworker	single	isco	
cooper	machinist	single	isco	
cooper	maker	single	isco	
cooper	mender	single	isco	
cooper	organism	single	wordnet	
cooper	painter	single	isco	
cooper	patternmaker	single	isco	
cooper	person	accepted	wikidata wordnet	
cooper	physical-object	single	wordnet	
cooper	property	single	sumo	
cooper	refinisher	single	isco	
cooper	rigger	single	isco	
cooper	sewer	single	isco	
cooper	shipwright	single	isco	
cooper	skilled-worker	single	wordnet	
cooper	smith	single	isco	
cooper	spinster	single	isco	
cooper	splitter	single	isco	
cooper	sprayer	single	isco	
cooper	stainer	single	isco	
cooper	stonecutter	single	isco	
cooper	tuner	single	isco	
cooper	turner	single	isco	
cooper	varnisher	single	isco	
cooper	welder	single	isco	
cooper	woodcarver	single	isco	
cooper	woodworker	single	isco	
cooper	worker	accepted	isco wordnet	
cooper	workplace	single	wikidata	
cooper	workshop	single	wikidata	
coppersmith	agent	single	wordnet	
coppersmith	attribute	single	sumo	
coppersmith	beater	single	isco	
coppersmith	blaster	single	isco	
coppersmith	bodybuilder	single	isco	
coppersmith	builder	single	isco	
coppersmith	cabinetmaker	single	isco	
coppersmith	caster.person	single	isco	
coppersmith	closer	single	isco	
coppersmith	compositor	single	isco	
coppersmith	craftsman	accepted	isco wikidata wordnet	
coppersmith	engraver	single	isco	
coppersmith	fitter	single	isco	
coppersmith	glassworker	single	isco	
coppersmith	grader	single	isco	
coppersmith	ironworker	single	isco	
coppersmith	machinist	single	isco	
coppersmith	maker	single	isco	
coppersmith	mender	single	isco	
coppersmith	organism	single	wordnet	
coppersmith	painter	single	isco	
coppersmith	patternmaker	single	isco	
coppersmith	person	accepted	wikidata wordnet	
coppersmith	physical-object	single	wordnet	
coppersmith	property	single	sumo	
coppersmith	refinisher	single	isco	
coppersmith	rigger	single	isco	
coppersmith	sewer	single	isco	
coppersmith	shipwright	single	isco	
coppersmith	skilled-worker	single	wordnet	
coppersmith	smith	single	isco	
coppersmith	spinster	single	isco	
coppersmith	splitter	single	isco	
coppersmith	sprayer	single	isco	
coppersmith	stonecutter	single	isco	
coppersmith	tuner	single	isco	
coppersmith	turner	single	isco	
coppersmith	varnisher	single	isco	
coppersmith	welder	single	isco	
coppersmith	woodcarver	single	isco	
coppersmith	worker	accepted	isco wikidata wordnet	
copy-editor	adviser	single	isco	
copy-editor	agent	single	wordnet	
copy-editor	analyst.person	single	isco	
copy-editor	architect	single	isco	
copy-editor	artist	single	isco	
copy-editor	attribute	single	sumo	
copy-editor	copywriter	single	isco	
copy-editor	developer	single	isco	
copy-editor	editor	accepted	isco wordnet	
copy-editor	educator	single	isco	
copy-editor	engineer	single	isco	
copy-editor	epidemiologist	single	isco	
copy-editor	expert	single	isco	
copy-editor	hearer	single	isco	
copy-editor	immunologist	single	isco	
copy-editor	organism	single	wordnet	
copy-editor	person	single	wordnet	
copy-editor	physical-object	single	wordnet	
copy-editor	practitioner	single	isco	
copy-editor	professional	single	isco	
copy-editor	property	single	sumo	
copy-editor	reporter	single	isco	
copy-editor	research-worker	single	isco	
copy-editor	scientist	single	isco	
copy-editor	security-consultant	single	isco	
copy-editor	skilled-worker	single	wordnet	
copy-editor	specialist	single	isco	
copy-editor	sports-announcer	single	isco	
copy-editor	systems-analyst	single	isco	
copy-editor	translator	single	isco	
copy-editor	worker	accepted	isco wordnet	
copy-editor	writer	single	isco	
copyist	agent	single	wordnet	
copyist	artist	single	opencyc	
copyist	beater	single	isco	
copyist	blaster	single	isco	
copyist	bodybuilder	single	isco	
copyist	builder	single	isco	
copyist	cabinetmaker	single	isco	
copyist	caster.person	single	isco	
copyist	closer	single	isco	
copyist	communicator	single	opencyc	
copyist	compositor	single	isco	
copyist	craftsman	single	isco	
copyist	dressmaker	single	isco	
copyist	employee	single	wordnet	
copyist	engraver	single	isco	
copyist	fitter	single	isco	
copyist	glassworker	single	isco	
copyist	grader	single	isco	
copyist	human	single	opencyc	
copyist	ironworker	single	isco	
copyist	machinist	single	isco	
copyist	maker	single	isco	
copyist	mammal	single	opencyc	
copyist	mender	single	isco	
copyist	organism	single	wordnet	
copyist	painter	single	isco	
copyist	patternmaker	single	isco	
copyist	person	single	wordnet	
copyist	physical-object	single	wordnet	
copyist	refinisher	single	isco	
copyist	rigger	single	isco	
copyist	sewer	single	isco	
copyist	shipwright	single	isco	
copyist	smith	single	isco	
copyist	spinster	single	isco	
copyist	splitter	single	isco	
copyist	sprayer	single	isco	
copyist	stainer	single	isco	
copyist	stonecutter	single	isco	
copyist	structure	single	opencyc	
copyist	system	single	opencyc	
copyist	tuner	single	isco	
copyist	turner	single	isco	
copyist	varnisher	single	isco	
copyist	vertebrate	single	opencyc	
copyist	welder	single	isco	
copyist	woodcarver	single	isco	
copyist	worker	accepted	isco opencyc wordnet	
copywriter	agent	single	wordnet	
copywriter	artist	single	wikidata	
copywriter	employee	single	wordnet	
copywriter	organism	single	wordnet	
copywriter	person	accepted	wikidata wordnet	
copywriter	physical-object	single	wordnet	
copywriter	worker	accepted	isco wordnet	
copywriter	writer	single	wikidata	
coroner	adviser	single	isco	
coroner	agent	single	wordnet	
coroner	analyst.person	single	isco	
coroner	architect	single	isco	
coroner	artist	single	isco	
coroner	copywriter	single	isco	
coroner	developer	single	isco	
coroner	editor	single	isco	
coroner	educator	single	isco	
coroner	engineer	single	isco	
coroner	epidemiologist	single	isco	
coroner	expert	accepted	isco wordnet	
coroner	hearer	single	isco	
coroner	immunologist	single	isco	
coroner	investigator	single	wordnet	
coroner	jurist	single	isco	
coroner	organism	single	wordnet	
coroner	person	single	wordnet	
coroner	physical-object	single	wordnet	
coroner	practitioner	single	isco	
coroner	professional	single	isco	
coroner	reporter	single	isco	
coroner	research-worker	single	isco	
coroner	scientist	single	isco	
coroner	security-consultant	single	isco	
coroner	specialist	single	isco	
coroner	sports-announcer	single	isco	
coroner	systems-analyst	single	isco	
coroner	translator	single	isco	
coroner	worker	single	isco	
coroner	writer	single	isco	
correction	companion	single	sumo	
correspondent	adult	single	opencyc	
correspondent	adviser	single	isco	
correspondent	agent	accepted	sumo wordnet	
correspondent	analyst.person	single	isco	
correspondent	animal	single	sumo	
correspondent	architect	single	isco	
correspondent	artist	accepted	isco opencyc	
correspondent	body	single	sumo	
correspondent	communicator	accepted	opencyc wordnet	
correspondent	copywriter	single	isco	
correspondent	developer	single	isco	
correspondent	editor	single	isco	
correspondent	educator	single	isco	
correspondent	engineer	single	isco	
correspondent	epidemiologist	single	isco	
correspondent	expert	single	isco	
correspondent	hearer	single	isco	
correspondent	human	accepted	opencyc sumo	
correspondent	immunologist	single	isco	
correspondent	mammal	accepted	opencyc sumo	
correspondent	organism	accepted	sumo wordnet	
correspondent	person	accepted	sumo wordnet	
correspondent	phenomenon	single	sumo	
correspondent	physical-object	accepted	sumo wordnet	
correspondent	populace	single	sumo	
correspondent	practitioner	single	isco	
correspondent	professional	accepted	isco opencyc	
correspondent	reporter	single	isco	
correspondent	research-worker	single	isco	
correspondent	scientist	single	isco	
correspondent	security-consultant	single	isco	
correspondent	self	single	sumo	
correspondent	skilled-worker	single	opencyc	
correspondent	specialist	single	isco	
correspondent	species	single	sumo	
correspondent	sports-announcer	single	isco	
correspondent	structure	single	opencyc	
correspondent	system	single	opencyc	
correspondent	systems-analyst	single	isco	
correspondent	translator	single	isco	
correspondent	universe	single	sumo	
correspondent	vertebrate	accepted	opencyc sumo	
correspondent	worker	accepted	isco opencyc	
correspondent	writer	single	isco	
cosmetologist	adjutant	single	isco	
cosmetologist	agent	accepted	sumo wordnet	
cosmetologist	animal	single	sumo	
cosmetologist	body	single	sumo	
cosmetologist	bodyguard	single	isco	
cosmetologist	companion	single	isco	
cosmetologist	concierge	single	isco	
cosmetologist	expert	single	wordnet	
cosmetologist	gamekeeper	single	isco	
cosmetologist	guard	single	isco	
cosmetologist	host	single	isco	
cosmetologist	hostess	single	isco	
cosmetologist	human	single	sumo	
cosmetologist	keeper	single	isco	
cosmetologist	mammal	single	sumo	
cosmetologist	organism	accepted	sumo wordnet	
cosmetologist	person	accepted	sumo wordnet	
cosmetologist	phenomenon	single	sumo	
cosmetologist	physical-object	accepted	sumo wordnet	
cosmetologist	populace	single	sumo	
cosmetologist	self	single	sumo	
cosmetologist	species	single	sumo	
cosmetologist	steward.person	single	isco	
cosmetologist	stewardess	single	isco	
cosmetologist	universe	single	sumo	
cosmetologist	vertebrate	single	sumo	
cosmetologist	worker	single	isco	
costumier	adviser	single	isco	
costumier	agent	single	wordnet	
costumier	analyst.person	single	isco	
costumier	architect	single	isco	
costumier	artist	single	isco	
costumier	attribute	single	sumo	
costumier	copywriter	single	isco	
costumier	couturier	single	wordnet	
costumier	craftsman	single	wikidata	
costumier	developer	single	isco	
costumier	educator	single	isco	
costumier	engineer	single	isco	
costumier	epidemiologist	single	isco	
costumier	expert	single	isco	
costumier	hearer	single	isco	
costumier	immunologist	single	isco	
costumier	organism	single	wordnet	
costumier	person	accepted	wikidata wordnet	
costumier	physical-object	single	wordnet	
costumier	practitioner	single	isco	
costumier	professional	single	isco	
costumier	property	single	sumo	
costumier	research-worker	single	isco	
costumier	scientist	single	isco	
costumier	security-consultant	single	isco	
costumier	specialist	single	isco	
costumier	surveyor	single	isco	
costumier	systems-analyst	single	isco	
costumier	tailor	single	wikidata	
costumier	worker	single	isco	
costumier	writer	single	isco	
council-member	agent	accepted	sumo wordnet	
council-member	animal	single	sumo	
council-member	associate	single	wordnet	
council-member	body	single	sumo	
council-member	chairman	single	isco	
council-member	chancellor-of-the-exchequer	single	isco	
council-member	chief	single	isco	
council-member	department-head	single	isco	
council-member	general-manager	single	isco	
council-member	governor	single	isco	
council-member	human	single	sumo	
council-member	mammal	single	sumo	
council-member	manager	single	isco	
council-member	member	accepted	isco wordnet	
council-member	organism	accepted	sumo wordnet	
council-member	peer	single	wordnet	
council-member	person	accepted	sumo wordnet	
council-member	phenomenon	single	sumo	
council-member	physical-object	accepted	sumo wordnet	
council-member	populace	single	sumo	
council-member	president.person	single	isco	
council-member	secretary-general	single	isco	
council-member	self	single	sumo	
council-member	species	single	sumo	
council-member	universe	single	sumo	
council-member	vertebrate	single	sumo	
council-member	worker	single	isco	
counsel	adult	single	wordnet	
counsel	adviser	single	isco	
counsel	agent	single	wordnet	
counsel	analyst.person	single	isco	
counsel	architect	single	isco	
counsel	artist	single	isco	
counsel	copywriter	single	isco	
counsel	developer	single	isco	
counsel	editor	single	isco	
counsel	educator	single	isco	
counsel	engineer	single	isco	
counsel	epidemiologist	single	isco	
counsel	expert	single	isco	
counsel	hearer	single	isco	
counsel	immunologist	single	isco	
counsel	jurist	accepted	isco wikidata	
counsel	lawyer	accepted	wikidata wordnet	
counsel	organism	single	wordnet	
counsel	person	single	wordnet	
counsel	physical-object	single	wordnet	
counsel	practitioner	single	isco	
counsel	professional	accepted	isco wikidata wordnet	
counsel	reporter	single	isco	
counsel	research-worker	single	isco	
counsel	scientist	single	isco	
counsel	security-consultant	single	isco	
counsel	specialist	accepted	isco wikidata	
counsel	sports-announcer	single	isco	
counsel	systems-analyst	single	isco	
counsel	translator	single	isco	
counsel	worker	accepted	isco wikidata	
counsel	writer	single	isco	
counterspy	communicator	single	wordnet	
counterspy	secret-agent	single	wordnet	
courtesy	companion	single	sumo	
couturier	analyst.person	single	isco	
couturier	copywriter	single	isco	
couturier	developer	single	isco	
couturier	educator	single	isco	
couturier	epidemiologist	single	isco	
couturier	hearer	single	isco	
couturier	immunologist	single	isco	
couturier	practitioner	single	isco	
couturier	security-consultant	single	isco	
couturier	surveyor	single	isco	
couturier	systems-analyst	single	isco	
cowboy	agent	single	wordnet	
cowboy	breeder	disputed	wikidata	isco
cowboy	employee	single	wordnet	
cowboy	farmer	single	wikidata	
cowboy	herder	disputed	opencyc wikidata	isco
cowboy	hired-hand	single	wordnet	
cowboy	human	single	opencyc	
cowboy	laborer	single	wordnet	
cowboy	mammal	single	opencyc	
cowboy	organism	single	wordnet	
cowboy	peasant	single	wikidata	
cowboy	person	single	wordnet	
cowboy	physical-object	single	wordnet	
cowboy	ranch-hand	disputed	wordnet	isco
cowboy	rancher	disputed	wikidata	isco
cowboy	structure	single	opencyc	
cowboy	system	single	opencyc	
cowboy	vertebrate	single	opencyc	
cowboy	worker	accepted	isco opencyc wordnet	
cowgirl	agent	single	wordnet	
cowgirl	agriculturist	single	isco	
cowgirl	breeder	accepted	isco wikidata	
cowgirl	cowboy	accepted	isco wikidata wordnet	
cowgirl	employee	single	wordnet	
cowgirl	farmer	accepted	isco wikidata	
cowgirl	farmhand	single	isco	
cowgirl	fisherman	single	isco	
cowgirl	forester	single	isco	
cowgirl	gardener	single	isco	
cowgirl	goat-herder	single	isco	
cowgirl	herder	single	wikidata	
cowgirl	hired-hand	single	wordnet	
cowgirl	hunter	single	isco	
cowgirl	laborer	single	wordnet	
cowgirl	organism	single	wordnet	
cowgirl	peasant	single	wikidata	
cowgirl	person	single	wordnet	
cowgirl	physical-object	single	wordnet	
cowgirl	plantation-owner	single	isco	
cowgirl	raiser	single	isco	
cowgirl	ranch-hand	single	wordnet	
cowgirl	rancher	single	wikidata	
cowgirl	shepherd	single	isco	
cowgirl	trapper	single	isco	
cowgirl	worker	accepted	isco wordnet	
craftsman	skilled-worker	single	wordnet	
credit-analyst	agent	single	wordnet	
credit-analyst	amateur	single	sumo	
credit-analyst	ambiance	single	sumo	
credit-analyst	attribute	single	sumo	
credit-analyst	broker	single	isco	
credit-analyst	cameraman	single	isco	
credit-analyst	circumstance	single	sumo	
credit-analyst	civilisation	single	sumo	
credit-analyst	companion	single	sumo	
credit-analyst	crowd	single	sumo	
credit-analyst	custom	single	sumo	
credit-analyst	danger	single	sumo	
credit-analyst	detective	single	isco	
credit-analyst	expert	accepted	sumo wordnet	
credit-analyst	freedom	single	sumo	
credit-analyst	hero	single	sumo	
credit-analyst	inquiry-agent	single	isco	
credit-analyst	inspector	single	isco	
credit-analyst	investment-banker	single	isco	
credit-analyst	lap	single	sumo	
credit-analyst	literary-works	single	sumo	
credit-analyst	man	single	isco	
credit-analyst	normal	single	sumo	
credit-analyst	organism	single	wordnet	
credit-analyst	paralegal	single	isco	
credit-analyst	person	single	wordnet	
credit-analyst	physical-object	single	wordnet	
credit-analyst	point-of-view	single	sumo	
credit-analyst	practice	single	sumo	
credit-analyst	promoter	single	isco	
credit-analyst	property	single	sumo	
credit-analyst	society	single	sumo	
credit-analyst	status	single	sumo	
credit-analyst	supervisor	single	isco	
credit-analyst	tax-assessor	single	isco	
credit-analyst	technician	single	isco	
credit-analyst	tension	single	sumo	
credit-analyst	trader	single	isco	
credit-analyst	way	single	sumo	
credit-analyst	woman	single	isco	
credit-analyst	worker	single	isco	
cricketer	agent	single	wordnet	
cricketer	athlete	accepted	opencyc wikidata wordnet	
cricketer	cameraman	single	isco	
cricketer	detective	single	isco	
cricketer	human	single	opencyc	
cricketer	inquiry-agent	single	isco	
cricketer	inspector	single	isco	
cricketer	mammal	single	opencyc	
cricketer	man	single	isco	
cricketer	organism	single	wordnet	
cricketer	paralegal	single	isco	
cricketer	person	single	wordnet	
cricketer	physical-object	single	wordnet	
cricketer	promoter	single	isco	
cricketer	sportsman	single	wikidata	
cricketer	structure	single	opencyc	
cricketer	supervisor	single	isco	
cricketer	system	single	opencyc	
cricketer	technician	single	isco	
cricketer	vertebrate	single	opencyc	
cricketer	woman	single	isco	
cricketer	worker	single	isco	
criminologist	adult	single	opencyc	
criminologist	adviser	single	isco	
criminologist	agent	single	wordnet	
criminologist	analyst.person	single	isco	
criminologist	architect	single	isco	
criminologist	artist	single	isco	
criminologist	attribute	single	sumo	
criminologist	copywriter	single	isco	
criminologist	developer	single	isco	
criminologist	editor	single	isco	
criminologist	educator	single	isco	
criminologist	engineer	single	isco	
criminologist	epidemiologist	single	isco	
criminologist	expert	accepted	isco opencyc wordnet	
criminologist	hearer	single	isco	
criminologist	human	single	opencyc	
criminologist	immunologist	single	isco	
criminologist	mammal	single	opencyc	
criminologist	organism	single	wordnet	
criminologist	person	single	wordnet	
criminologist	physical-object	single	wordnet	
criminologist	practitioner	single	isco	
criminologist	professional	single	isco	
criminologist	property	single	sumo	
criminologist	psychologist	single	opencyc	
criminologist	reporter	single	isco	
criminologist	research-worker	single	isco	
criminologist	scientist	accepted	isco opencyc	
criminologist	security-consultant	single	isco	
criminologist	specialist	accepted	isco wordnet	
criminologist	sports-announcer	single	isco	
criminologist	structure	single	opencyc	
criminologist	system	single	opencyc	
criminologist	systems-analyst	single	isco	
criminologist	translator	single	isco	
criminologist	vertebrate	single	opencyc	
criminologist	worker	accepted	isco opencyc	
criminologist	writer	single	isco	
crisis	companion	single	sumo	
critic	analyst.person	single	isco	
critic	copywriter	single	isco	
critic	developer	single	isco	
critic	editor	single	isco	
critic	educator	single	isco	
critic	epidemiologist	single	isco	
critic	hearer	single	isco	
critic	immunologist	single	isco	
critic	practitioner	single	isco	
critic	security-consultant	single	isco	
critic	sports-announcer	disputed	isco	wikidata
critic	systems-analyst	single	isco	
critic	translator	single	isco	
crossing-guard	adjutant	single	isco	
crossing-guard	agent	single	wordnet	
crossing-guard	attribute	single	sumo	
crossing-guard	bodyguard	single	isco	
crossing-guard	companion	single	isco	
crossing-guard	concierge	single	isco	
crossing-guard	flatfoot	single	isco	
crossing-guard	gamekeeper	single	isco	
crossing-guard	guard	single	isco	
crossing-guard	host	single	isco	
crossing-guard	hostess	single	isco	
crossing-guard	keeper	single	isco	
crossing-guard	organism	single	wordnet	
crossing-guard	person	single	wordnet	
crossing-guard	physical-object	single	wordnet	
crossing-guard	policeman	single	wordnet	
crossing-guard	property	single	sumo	
crossing-guard	worker	single	isco	
croupier	agent	single	wordnet	
croupier	attribute	single	sumo	
croupier	clerk	single	isco	
croupier	gambler	single	wordnet	
croupier	organism	single	wordnet	
croupier	person	single	wordnet	
croupier	physical-object	single	wordnet	
croupier	property	single	sumo	
croupier	worker	single	isco	
crystallographer	adviser	single	isco	
crystallographer	agent	single	wordnet	
crystallographer	analyst.person	single	isco	
crystallographer	architect	single	isco	
crystallographer	artist	single	isco	
crystallographer	attribute	single	sumo	
crystallographer	copywriter	single	isco	
crystallographer	developer	single	isco	
crystallographer	educator	single	isco	
crystallographer	engineer	single	isco	
crystallographer	epidemiologist	single	isco	
crystallographer	expert	accepted	isco wordnet	
crystallographer	geologist	single	wikidata	
crystallographer	hearer	single	isco	
crystallographer	immunologist	single	isco	
crystallographer	mineralogist	single	wikidata	
crystallographer	organism	single	wordnet	
crystallographer	person	single	wordnet	
crystallographer	physical-object	single	wordnet	
crystallographer	practitioner	single	isco	
crystallographer	professional	single	isco	
crystallographer	property	single	sumo	
crystallographer	research-worker	accepted	isco wikidata	
crystallographer	scientist	accepted	isco wikidata	
crystallographer	security-consultant	single	isco	
crystallographer	specialist	accepted	isco wordnet	
crystallographer	surveyor	single	isco	
crystallographer	systems-analyst	single	isco	
crystallographer	worker	single	isco	
crystallographer	writer	single	isco	
curator	adviser	single	isco	
curator	agent	single	wordnet	
curator	analyst.person	single	isco	
curator	architect	single	isco	
curator	artist	single	isco	
curator	attribute	single	sumo	
curator	copywriter	single	isco	
curator	developer	single	isco	
curator	editor	single	isco	
curator	educator	single	isco	
curator	engineer	single	isco	
curator	epidemiologist	single	isco	
curator	expert	single	isco	
curator	hearer	single	isco	
curator	immunologist	single	isco	
curator	organism	single	wordnet	
curator	person	single	wordnet	
curator	physical-object	single	wordnet	
curator	practitioner	single	isco	
curator	professional	single	isco	
curator	property	single	sumo	
curator	reporter	single	isco	
curator	research-worker	single	isco	
curator	scientist	single	isco	
curator	security-consultant	single	isco	
curator	specialist	single	isco	
curator	sports-announcer	single	isco	
curator	systems-analyst	single	isco	
curator	translator	single	isco	
curator	worker	single	isco	
curator	writer	single	isco	
currier	agent	single	wordnet	
currier	attribute	single	sumo	
currier	beater	single	isco	
currier	blaster	single	isco	
currier	bodybuilder	single	isco	
currier	builder	single	isco	
currier	cabinetmaker	single	isco	
currier	caster.person	single	isco	
currier	closer	single	isco	
currier	compositor	single	isco	
currier	craftsman	accepted	isco wordnet	
currier	dressmaker	single	isco	
currier	engraver	single	isco	
currier	fitter	single	isco	
currier	glassworker	single	isco	
currier	grader	single	isco	
currier	ironworker	single	isco	
currier	machinist	single	isco	
currier	maker	single	isco	
currier	mender	single	isco	
currier	organism	single	wordnet	
currier	painter	single	isco	
currier	patternmaker	single	isco	
currier	person	single	wordnet	
currier	physical-object	single	wordnet	
currier	property	single	sumo	
currier	refinisher	single	isco	
currier	rigger	single	isco	
currier	sewer	single	isco	
currier	shipwright	single	isco	
currier	skilled-worker	single	wordnet	
currier	smith	single	isco	
currier	spinster	single	isco	
currier	splitter	single	isco	
currier	sprayer	single	isco	
currier	stainer	single	isco	
currier	stonecutter	single	isco	
currier	tanner	single	wikidata	
currier	tuner	single	isco	
currier	turner	single	isco	
currier	varnisher	single	isco	
currier	welder	single	isco	
currier	woodcarver	single	isco	
currier	worker	accepted	isco wordnet	
cytologist	adviser	single	isco	
cytologist	agent	single	wordnet	
cytologist	analyst.person	single	isco	
cytologist	architect	single	isco	
cytologist	artist	single	isco	
cytologist	copywriter	single	isco	
cytologist	developer	single	isco	
cytologist	educator	single	isco	
cytologist	engineer	single	isco	
cytologist	epidemiologist	single	isco	
cytologist	expert	single	isco	
cytologist	hearer	single	isco	
cytologist	immunologist	single	isco	
cytologist	organism	single	wordnet	
cytologist	person	single	wordnet	
cytologist	physical-object	single	wordnet	
cytologist	practitioner	single	isco	
cytologist	professional	single	isco	
cytologist	research-worker	accepted	isco wikidata	
cytologist	scientist	accepted	isco wikidata wordnet	
cytologist	security-consultant	single	isco	
cytologist	specialist	single	isco	
cytologist	surveyor	single	isco	
cytologist	systems-analyst	single	isco	
cytologist	toxicologist	single	isco	
cytologist	worker	single	isco	
cytologist	writer	single	isco	
dairymaid	agent	single	wordnet	
dairymaid	agriculturist	single	isco	
dairymaid	breeder	single	isco	
dairymaid	cowboy	single	isco	
dairymaid	employee	single	wordnet	
dairymaid	farmer	accepted	isco wikidata	
dairymaid	farmhand	accepted	isco wordnet	
dairymaid	fisherman	single	isco	
dairymaid	forester	single	isco	
dairymaid	gardener	single	isco	
dairymaid	goat-herder	single	isco	
dairymaid	hired-hand	single	wordnet	
dairymaid	hunter	single	isco	
dairymaid	laborer	single	wordnet	
dairymaid	organism	single	wordnet	
dairymaid	peasant	single	wikidata	
dairymaid	person	single	wordnet	
dairymaid	physical-object	single	wordnet	
dairymaid	plantation-owner	single	isco	
dairymaid	raiser	single	isco	
dairymaid	servant	single	wikidata	
dairymaid	shepherd	single	isco	
dairymaid	trapper	single	isco	
dairymaid	worker	accepted	isco wikidata wordnet	
dairyman	agent	single	wordnet	
dairyman	agriculturist	single	isco	
dairyman	attribute	single	sumo	
dairyman	breeder	single	isco	
dairyman	cowboy	single	isco	
dairyman	farmer	accepted	isco wikidata wordnet	
dairyman	farmhand	single	isco	
dairyman	fisherman	single	isco	
dairyman	forester	single	isco	
dairyman	gardener	single	isco	
dairyman	goat-herder	single	isco	
dairyman	hunter	single	isco	
dairyman	organism	single	wordnet	
dairyman	person	single	wordnet	
dairyman	physical-object	single	wordnet	
dairyman	plantation-owner	single	isco	
dairyman	property	single	sumo	
dairyman	raiser	single	isco	
dairyman	shepherd	single	isco	
dairyman	trapper	single	isco	
dairyman	worker	single	isco	
damage	companion	single	sumo	
dancer	adviser	single	isco	
dancer	agent	single	wordnet	
dancer	analyst.person	single	isco	
dancer	architect	single	isco	
dancer	artist	accepted	isco opencyc	
dancer	copywriter	single	isco	
dancer	developer	single	isco	
dancer	editor	single	isco	
dancer	educator	single	isco	
dancer	engineer	single	isco	
dancer	epidemiologist	single	isco	
dancer	expert	single	isco	
dancer	hearer	single	isco	
dancer	human	single	opencyc	
dancer	immunologist	single	isco	
dancer	mammal	single	opencyc	
dancer	organism	single	wordnet	
dancer	performer	single	wordnet	
dancer	person	single	wordnet	
dancer	physical-object	single	wordnet	
dancer	practitioner	single	isco	
dancer	professional	accepted	isco opencyc	
dancer	reporter	single	isco	
dancer	research-worker	single	isco	
dancer	scientist	single	isco	
dancer	security-consultant	single	isco	
dancer	skilled-worker	single	opencyc	
dancer	specialist	single	isco	
dancer	sports-announcer	single	isco	
dancer	structure	single	opencyc	
dancer	system	single	opencyc	
dancer	systems-analyst	single	isco	
dancer	translator	single	isco	
dancer	vertebrate	single	opencyc	
dancer	worker	accepted	isco opencyc	
dancer	writer	single	isco	
dancing-partner	adjutant	single	isco	
dancing-partner	agent	single	wordnet	
dancing-partner	associate	single	wordnet	
dancing-partner	bodyguard	single	isco	
dancing-partner	companion	single	isco	
dancing-partner	concierge	single	isco	
dancing-partner	gamekeeper	single	isco	
dancing-partner	guard	single	isco	
dancing-partner	host	single	isco	
dancing-partner	hostess	single	isco	
dancing-partner	keeper	single	isco	
dancing-partner	organism	single	wordnet	
dancing-partner	peer	single	wordnet	
dancing-partner	person	accepted	wikidata wordnet	
dancing-partner	physical-object	single	wordnet	
dancing-partner	steward.person	single	isco	
dancing-partner	stewardess	single	isco	
dancing-partner	worker	single	isco	
dash	companion	single	sumo	
dawdler	agent	accepted	sumo wordnet	
dawdler	animal	single	sumo	
dawdler	beater	single	isco	
dawdler	blaster	single	isco	
dawdler	body	single	sumo	
dawdler	bodybuilder	single	isco	
dawdler	builder	single	isco	
dawdler	cabinetmaker	single	isco	
dawdler	caster.person	single	isco	
dawdler	closer	single	isco	
dawdler	compositor	single	isco	
dawdler	craftsman	single	isco	
dawdler	engraver	single	isco	
dawdler	fitter	single	isco	
dawdler	fixer	single	isco	
dawdler	glassworker	single	isco	
dawdler	grader	single	isco	
dawdler	human	single	sumo	
dawdler	ironworker	single	isco	
dawdler	machinist	single	isco	
dawdler	maker	single	isco	
dawdler	mammal	single	sumo	
dawdler	mason	single	isco	
dawdler	mender	single	isco	
dawdler	organism	accepted	sumo wordnet	
dawdler	painter	single	isco	
dawdler	patternmaker	single	isco	
dawdler	person	accepted	sumo wordnet	
dawdler	phenomenon	single	sumo	
dawdler	physical-object	accepted	sumo wordnet	
dawdler	populace	single	sumo	
dawdler	refinisher	single	isco	
dawdler	rigger	single	isco	
dawdler	self	single	sumo	
dawdler	sewer	single	isco	
dawdler	shipwright	single	isco	
dawdler	smith	single	isco	
dawdler	species	single	sumo	
dawdler	spinster	single	isco	
dawdler	splitter	single	isco	
dawdler	sprayer	single	isco	
dawdler	stonecutter	single	isco	
dawdler	tiler	single	isco	
dawdler	tuner	single	isco	
dawdler	turner	single	isco	
dawdler	universe	single	sumo	
dawdler	varnisher	single	isco	
dawdler	vertebrate	single	sumo	
dawdler	welder	single	isco	
dawdler	woodcarver	single	isco	
dawdler	worker	single	isco	
deacon	adviser	single	isco	
deacon	agent	single	wordnet	
deacon	analyst.person	single	isco	
deacon	architect	single	isco	
deacon	artist	single	isco	
deacon	copywriter	single	isco	
deacon	developer	single	isco	
deacon	editor	single	isco	
deacon	educator	single	isco	
deacon	engineer	single	isco	
deacon	epidemiologist	single	isco	
deacon	expert	single	isco	
deacon	hearer	single	isco	
deacon	immunologist	single	isco	
deacon	official	single	wordnet	
deacon	organism	single	wordnet	
deacon	person	single	wordnet	
deacon	physical-object	single	wordnet	
deacon	practitioner	single	isco	
deacon	professional	single	isco	
deacon	reporter	single	isco	
deacon	research-worker	single	isco	
deacon	scientist	single	isco	
deacon	security-consultant	single	isco	
deacon	skilled-worker	single	wordnet	
deacon	specialist	single	isco	
deacon	sports-announcer	single	isco	
deacon	systems-analyst	single	isco	
deacon	translator	single	isco	
deacon	worker	accepted	isco wordnet	
deacon	writer	single	isco	
dean	administrator	single	wordnet	
dean	adult	single	opencyc	
dean	agent	single	wordnet	
dean	attribute	single	sumo	
dean	chief	accepted	isco wordnet	
dean	department-head	single	isco	
dean	general-manager	single	isco	
dean	governor	single	isco	
dean	human	single	opencyc	
dean	leader	single	wordnet	
dean	mammal	single	opencyc	
dean	manager	single	isco	
dean	matron	single	isco	
dean	member	single	opencyc	
dean	organism	single	wordnet	
dean	person	single	wordnet	
dean	physical-object	single	wordnet	
dean	property	single	sumo	
dean	structure	single	opencyc	
dean	system	single	opencyc	
dean	vertebrate	single	opencyc	
dean	worker	accepted	isco opencyc	
dearth	companion	single	sumo	
deckhand	agent	single	wordnet	
deckhand	attribute	single	sumo	
deckhand	digger	single	isco	
deckhand	driver	single	isco	
deckhand	operator	single	isco	
deckhand	organism	single	wordnet	
deckhand	person	single	wordnet	
deckhand	physical-object	single	wordnet	
deckhand	property	single	sumo	
deckhand	sailor	single	wordnet	
deckhand	skilled-worker	single	wordnet	
deckhand	teamster	single	isco	
deckhand	worker	accepted	isco wordnet	
defendant	litigant	accepted	wikidata wordnet	
delegate	communicator	single	wordnet	
demographer	adviser	single	isco	
demographer	agent	single	wordnet	
demographer	analyst.person	single	isco	
demographer	architect	single	isco	
demographer	artist	single	isco	
demographer	attribute	single	sumo	
demographer	copywriter	single	isco	
demographer	developer	single	isco	
demographer	educator	single	isco	
demographer	engineer	single	isco	
demographer	epidemiologist	single	isco	
demographer	expert	single	isco	
demographer	hearer	single	isco	
demographer	human	single	opencyc	
demographer	immunologist	single	isco	
demographer	mammal	single	opencyc	
demographer	organism	single	wordnet	
demographer	person	single	wordnet	
demographer	physical-object	single	wordnet	
demographer	practitioner	single	isco	
demographer	professional	single	isco	
demographer	property	single	sumo	
demographer	research-worker	accepted	isco wikidata	
demographer	scientist	accepted	isco wikidata wordnet	
demographer	security-consultant	single	isco	
demographer	skilled-worker	single	opencyc	
demographer	social-scientist	single	wordnet	
demographer	sociologist	single	wordnet	
demographer	specialist	single	isco	
demographer	structure	single	opencyc	
demographer	surveyor	single	isco	
demographer	system	single	opencyc	
demographer	systems-analyst	single	isco	
demographer	vertebrate	single	opencyc	
demographer	worker	accepted	isco opencyc	
demographer	writer	single	isco	
dental-assistant	agent	single	wordnet	
dental-assistant	assistant	single	wordnet	
dental-assistant	attribute	single	sumo	
dental-assistant	cameraman	single	isco	
dental-assistant	detective	single	isco	
dental-assistant	inquiry-agent	single	isco	
dental-assistant	inspector	single	isco	
dental-assistant	man	single	isco	
dental-assistant	organism	single	wordnet	
dental-assistant	paralegal	single	isco	
dental-assistant	person	single	wordnet	
dental-assistant	physical-object	single	wordnet	
dental-assistant	promoter	single	isco	
dental-assistant	property	single	sumo	
dental-assistant	supervisor	single	isco	
dental-assistant	technician	single	isco	
dental-assistant	woman	single	isco	
dental-assistant	worker	accepted	isco wordnet	
dental-hygienist	adult	single	opencyc	
dental-hygienist	agent	single	wordnet	
dental-hygienist	attribute	single	sumo	
dental-hygienist	cameraman	single	isco	
dental-hygienist	detective	single	isco	
dental-hygienist	human	single	opencyc	
dental-hygienist	inquiry-agent	single	isco	
dental-hygienist	inspector	single	isco	
dental-hygienist	mammal	single	opencyc	
dental-hygienist	man	single	isco	
dental-hygienist	organism	single	wordnet	
dental-hygienist	paralegal	single	isco	
dental-hygienist	person	single	wordnet	
dental-hygienist	physical-object	single	wordnet	
dental-hygienist	professional	single	opencyc	
dental-hygienist	promoter	single	isco	
dental-hygienist	property	single	sumo	
dental-hygienist	skilled-worker	accepted	opencyc wordnet	
dental-hygienist	structure	single	opencyc	
dental-hygienist	supervisor	single	isco	
dental-hygienist	system	single	opencyc	
dental-hygienist	technician	accepted	isco opencyc	
dental-hygienist	vertebrate	single	opencyc	
dental-hygienist	woman	single	isco	
dental-hygienist	worker	accepted	isco opencyc wordnet	
dental-technician	agent	single	wordnet	
dental-technician	attribute	single	sumo	
dental-technician	cameraman	single	isco	
dental-technician	detective	single	isco	
dental-technician	inquiry-agent	single	isco	
dental-technician	inspector	single	isco	
dental-technician	man	single	isco	
dental-technician	organism	single	wordnet	
dental-technician	paralegal	single	isco	
dental-technician	person	single	wordnet	
dental-technician	physical-object	single	wordnet	
dental-technician	promoter	single	isco	
dental-technician	property	single	sumo	
dental-technician	skilled-worker	single	wordnet	
dental-technician	supervisor	single	isco	
dental-technician	technician	accepted	isco wordnet	
dental-technician	woman	single	isco	
dental-technician	worker	accepted	isco wordnet	
dentist	analyst.person	single	isco	
dentist	copywriter	single	isco	
dentist	developer	single	isco	
dentist	educator	single	isco	
dentist	epidemiologist	single	isco	
dentist	hearer	single	isco	
dentist	immunologist	single	isco	
dentist	practitioner	single	isco	
dentist	security-consultant	single	isco	
dentist	skilled-worker	single	opencyc	
dentist	systems-analyst	single	isco	
department-head	agent	single	wordnet	
department-head	attribute	single	sumo	
department-head	chief	single	wordnet	
department-head	leader	single	wordnet	
department-head	organism	single	wordnet	
department-head	person	single	wordnet	
department-head	physical-object	single	wordnet	
department-head	property	single	sumo	
department-head	worker	single	isco	
depression	companion	single	sumo	
deputy	communicator	single	wordnet	
deputy	legislator	single	wikidata	
deputy-sheriff	agent	single	wordnet	
deputy-sheriff	cameraman	single	isco	
deputy-sheriff	detective	single	isco	
deputy-sheriff	inquiry-agent	single	isco	
deputy-sheriff	inspector	single	isco	
deputy-sheriff	man	single	isco	
deputy-sheriff	organism	single	wordnet	
deputy-sheriff	paralegal	single	isco	
deputy-sheriff	person	single	wordnet	
deputy-sheriff	physical-object	single	wordnet	
deputy-sheriff	promoter	single	isco	
deputy-sheriff	supervisor	single	isco	
deputy-sheriff	technician	single	isco	
deputy-sheriff	woman	single	isco	
deputy-sheriff	worker	single	isco	
deservingness	companion	single	sumo	
destiny	companion	single	sumo	
detail	companion	single	sumo	
developer	agent	accepted	sumo wordnet	
developer	animal	single	sumo	
developer	body	single	sumo	
developer	human	accepted	opencyc sumo	
developer	mammal	accepted	opencyc sumo	
developer	organism	accepted	sumo wordnet	
developer	person	accepted	sumo wordnet	
developer	phenomenon	single	sumo	
developer	physical-object	accepted	sumo wordnet	
developer	populace	single	sumo	
developer	self	single	sumo	
developer	species	single	sumo	
developer	structure	single	opencyc	
developer	system	single	opencyc	
developer	universe	single	sumo	
developer	vertebrate	accepted	opencyc sumo	
developer	worker	single	isco	
diemaker	agent	single	wordnet	
diemaker	attribute	single	sumo	
diemaker	beater	single	isco	
diemaker	blaster	single	isco	
diemaker	bodybuilder	single	isco	
diemaker	builder	single	isco	
diemaker	cabinetmaker	single	isco	
diemaker	caster.person	single	isco	
diemaker	closer	single	isco	
diemaker	compositor	single	isco	
diemaker	craftsman	accepted	isco wordnet	
diemaker	engraver	single	isco	
diemaker	fitter	single	isco	
diemaker	glassworker	single	isco	
diemaker	grader	single	isco	
diemaker	ironworker	single	isco	
diemaker	machinist	single	isco	
diemaker	maker	single	isco	
diemaker	mender	single	isco	
diemaker	organism	single	wordnet	
diemaker	painter	single	isco	
diemaker	patternmaker	single	isco	
diemaker	person	single	wordnet	
diemaker	physical-object	single	wordnet	
diemaker	property	single	sumo	
diemaker	refinisher	single	isco	
diemaker	rigger	single	isco	
diemaker	sewer	single	isco	
diemaker	shipwright	single	isco	
diemaker	skilled-worker	single	wordnet	
diemaker	smith	single	isco	
diemaker	spinster	single	isco	
diemaker	splitter	single	isco	
diemaker	sprayer	single	isco	
diemaker	stonecutter	single	isco	
diemaker	tuner	single	isco	
diemaker	turner	single	isco	
diemaker	varnisher	single	isco	
diemaker	welder	single	isco	
diemaker	woodcarver	single	isco	
diemaker	worker	accepted	isco wordnet	
dietician	adviser	single	isco	
dietician	agent	single	wordnet	
dietician	analyst.person	single	isco	
dietician	architect	single	isco	
dietician	artist	single	isco	
dietician	attribute	single	sumo	
dietician	copywriter	single	isco	
dietician	developer	single	isco	
dietician	doctor	single	isco	
dietician	educator	single	isco	
dietician	engineer	single	isco	
dietician	epidemiologist	single	isco	
dietician	expert	accepted	isco wordnet	
dietician	hearer	single	isco	
dietician	immunologist	single	isco	
dietician	organism	single	wordnet	
dietician	person	single	wordnet	
dietician	physical-object	single	wordnet	
dietician	practitioner	single	isco	
dietician	professional	single	isco	
dietician	property	single	sumo	
dietician	research-worker	single	isco	
dietician	scientist	single	isco	
dietician	security-consultant	single	isco	
dietician	specialist	accepted	isco wordnet	
dietician	surgeon	single	isco	
dietician	systems-analyst	single	isco	
dietician	worker	single	isco	
dietician	writer	single	isco	
difficulty	companion	single	sumo	
digger	agent	single	wordnet	
digger	attribute	single	sumo	
digger	employee	accepted	wikidata wordnet	
digger	laborer	single	wordnet	
digger	organism	single	wordnet	
digger	person	single	wordnet	
digger	physical-object	single	wordnet	
digger	property	single	sumo	
digger	soldier	single	wikidata	
digger	warrior	single	wikidata	
digger	worker	accepted	isco wikidata wordnet	
dignity	companion	single	sumo	
dilemma	companion	single	sumo	
diplomat	skilled-worker	accepted	opencyc wordnet	
direction	companion	single	sumo	
director	associate	single	wordnet	
director	executive-director	single	opencyc	
disadvantage	companion	single	sumo	
disagreement	companion	single	sumo	
discourtesy	companion	single	sumo	
discovery	companion	single	sumo	
discrimination	companion	single	sumo	
disgrace	companion	single	sumo	
dishwasher.person	agent	single	wordnet	
dishwasher.person	animal-trainer	single	isco	
dishwasher.person	attribute	single	sumo	
dishwasher.person	bearer	single	isco	
dishwasher.person	employee	single	wordnet	
dishwasher.person	girl	single	isco	
dishwasher.person	hired-hand	single	isco	
dishwasher.person	laborer	accepted	isco wordnet	
dishwasher.person	male-child	single	isco	
dishwasher.person	messenger-boy	single	isco	
dishwasher.person	organism	single	wordnet	
dishwasher.person	person	single	wordnet	
dishwasher.person	physical-object	single	wordnet	
dishwasher.person	picker	single	isco	
dishwasher.person	porter	single	isco	
dishwasher.person	property	single	sumo	
dishwasher.person	remover	single	isco	
dishwasher.person	stacker	single	isco	
dishwasher.person	stevedore	single	isco	
dishwasher.person	sweeper	single	isco	
dishwasher.person	washer.person	single	isco	
dishwasher.person	window-washer	single	isco	
dishwasher.person	worker	accepted	isco wordnet	
disk-jockey	adviser	single	isco	
disk-jockey	agent	single	wordnet	
disk-jockey	analyst.person	single	isco	
disk-jockey	architect	single	isco	
disk-jockey	artist	accepted	isco wikidata	
disk-jockey	attribute	single	sumo	
disk-jockey	communicator	single	wordnet	
disk-jockey	copywriter	single	isco	
disk-jockey	developer	single	isco	
disk-jockey	editor	single	isco	
disk-jockey	educator	single	isco	
disk-jockey	engineer	single	isco	
disk-jockey	epidemiologist	single	isco	
disk-jockey	expert	single	isco	
disk-jockey	hearer	single	isco	
disk-jockey	immunologist	single	isco	
disk-jockey	instrumentalist	single	wikidata	
disk-jockey	musician	single	wikidata	
disk-jockey	organism	single	wordnet	
disk-jockey	person	accepted	wikidata wordnet	
disk-jockey	physical-object	single	wordnet	
disk-jockey	practitioner	single	isco	
disk-jockey	professional	single	isco	
disk-jockey	property	single	sumo	
disk-jockey	reporter	single	isco	
disk-jockey	research-worker	single	isco	
disk-jockey	scientist	single	isco	
disk-jockey	security-consultant	single	isco	
disk-jockey	specialist	single	isco	
disk-jockey	sports-announcer	single	isco	
disk-jockey	systems-analyst	single	isco	
disk-jockey	translator	single	isco	
disk-jockey	worker	single	isco	
disk-jockey	writer	single	isco	
disorderliness	companion	single	sumo	
dispatch-rider	agent	single	wordnet	
dispatch-rider	attribute	single	sumo	
dispatch-rider	digger	single	isco	
dispatch-rider	driver	single	isco	
dispatch-rider	employee	single	wikidata	
dispatch-rider	operator	single	isco	
dispatch-rider	organism	single	wordnet	
dispatch-rider	person	single	wordnet	
dispatch-rider	physical-object	single	wordnet	
dispatch-rider	property	single	sumo	
dispatch-rider	soldier	single	wikidata	
dispatch-rider	taxidriver	single	isco	
dispatch-rider	teamster	single	isco	
dispatch-rider	traveler	single	wordnet	
dispatch-rider	warrior	single	wikidata	
dispatch-rider	worker	accepted	isco wikidata	
dispatcher	agent	single	wordnet	
dispatcher	attribute	single	sumo	
dispatcher	clerk	single	isco	
dispatcher	human	single	opencyc	
dispatcher	mammal	single	opencyc	
dispatcher	organism	single	wordnet	
dispatcher	person	single	wordnet	
dispatcher	physical-object	single	wordnet	
dispatcher	property	single	sumo	
dispatcher	structure	single	opencyc	
dispatcher	system	single	opencyc	
dispatcher	vertebrate	single	opencyc	
dispatcher	worker	accepted	isco opencyc	
dispenser.person	agent	single	wordnet	
dispenser.person	attribute	single	sumo	
dispenser.person	cameraman	single	isco	
dispenser.person	detective	single	isco	
dispenser.person	inquiry-agent	single	isco	
dispenser.person	inspector	single	isco	
dispenser.person	man	single	isco	
dispenser.person	organism	single	wordnet	
dispenser.person	paralegal	single	isco	
dispenser.person	person	single	wordnet	
dispenser.person	physical-object	single	wordnet	
dispenser.person	promoter	single	isco	
dispenser.person	property	single	sumo	
dispenser.person	supervisor	single	isco	
dispenser.person	technician	single	isco	
dispenser.person	woman	single	isco	
dispenser.person	worker	single	isco	
disregard	companion	single	sumo	
distortion	companion	single	sumo	
disturbance	companion	single	sumo	
diver	agent	accepted	sumo wordnet	
diver	animal	single	sumo	
diver	athlete	single	opencyc	
diver	beater	single	isco	
diver	blaster	single	isco	
diver	body	single	sumo	
diver	bodybuilder	single	isco	
diver	builder	single	isco	
diver	cabinetmaker	single	isco	
diver	caster.person	single	isco	
diver	closer	single	isco	
diver	compositor	single	isco	
diver	craftsman	single	isco	
diver	engraver	single	isco	
diver	fitter	single	isco	
diver	glassworker	single	isco	
diver	grader	single	isco	
diver	human	accepted	opencyc sumo	
diver	ironworker	single	isco	
diver	machinist	single	isco	
diver	maker	single	isco	
diver	mammal	accepted	opencyc sumo	
diver	mender	single	isco	
diver	organism	accepted	sumo wordnet	
diver	painter	single	isco	
diver	patternmaker	single	isco	
diver	person	accepted	sumo wordnet	
diver	phenomenon	single	sumo	
diver	physical-object	accepted	sumo wordnet	
diver	populace	single	sumo	
diver	refinisher	single	isco	
diver	rigger	single	isco	
diver	self	single	sumo	
diver	sewer	single	isco	
diver	shipwright	single	isco	
diver	smith	single	isco	
diver	species	single	sumo	
diver	spinster	single	isco	
diver	splitter	single	isco	
diver	sprayer	single	isco	
diver	stainer	single	isco	
diver	stonecutter	single	isco	
diver	structure	single	opencyc	
diver	system	single	opencyc	
diver	tuner	single	isco	
diver	turner	single	isco	
diver	universe	single	sumo	
diver	varnisher	single	isco	
diver	vertebrate	accepted	opencyc sumo	
diver	welder	single	isco	
diver	woodcarver	single	isco	
diver	worker	accepted	isco opencyc	
diverseness	companion	single	sumo	
docent	adjutant	single	isco	
docent	adult	single	wordnet	
docent	agent	single	wordnet	
docent	bodyguard	single	isco	
docent	companion	single	isco	
docent	concierge	single	isco	
docent	educator	single	wordnet	
docent	gamekeeper	single	isco	
docent	guard	single	isco	
docent	host	single	isco	
docent	hostess	single	isco	
docent	keeper	single	isco	
docent	organism	single	wordnet	
docent	person	single	wordnet	
docent	physical-object	single	wordnet	
docent	professional	single	wordnet	
docent	steward.person	single	isco	
docent	stewardess	single	isco	
docent	teacher	single	wordnet	
docent	worker	single	isco	
doctor	analyst.person	single	isco	
doctor	copywriter	single	isco	
doctor	developer	single	isco	
doctor	educator	single	isco	
doctor	epidemiologist	disputed	isco	opencyc
doctor	hearer	single	isco	
doctor	immunologist	disputed	isco	opencyc
doctor	practitioner	single	isco	
doctor	security-consultant	single	isco	
doctor	skilled-worker	single	opencyc	
doctor	systems-analyst	single	isco	
dominance	companion	single	sumo	
domination	companion	single	sumo	
doorkeeper	adjutant	single	isco	
doorkeeper	agent	single	wordnet	
doorkeeper	bodyguard	single	isco	
doorkeeper	companion	single	isco	
doorkeeper	concierge	single	isco	
doorkeeper	flatfoot	single	isco	
doorkeeper	gamekeeper	single	isco	
doorkeeper	guard	accepted	isco wordnet	
doorkeeper	host	single	isco	
doorkeeper	hostess	single	isco	
doorkeeper	keeper	single	isco	
doorkeeper	organism	single	wordnet	
doorkeeper	person	single	wordnet	
doorkeeper	physical-object	single	wordnet	
doorkeeper	worker	single	isco	
drafter	adviser	single	isco	
drafter	agent	single	wordnet	
drafter	analyst.person	single	isco	
drafter	architect	single	isco	
drafter	artist	single	isco	
drafter	communicator	single	wordnet	
drafter	copywriter	single	isco	
drafter	craftsman	single	wikidata	
drafter	developer	single	isco	
drafter	editor	single	isco	
drafter	educator	single	isco	
drafter	engineer	single	isco	
drafter	epidemiologist	single	isco	
drafter	expert	single	isco	
drafter	hearer	single	isco	
drafter	immunologist	single	isco	
drafter	jurist	single	isco	
drafter	organism	single	wordnet	
drafter	person	accepted	wikidata wordnet	
drafter	physical-object	single	wordnet	
drafter	practitioner	single	isco	
drafter	professional	single	isco	
drafter	reporter	single	isco	
drafter	research-worker	single	isco	
drafter	scientist	single	isco	
drafter	security-consultant	single	isco	
drafter	specialist	single	isco	
drafter	sports-announcer	single	isco	
drafter	systems-analyst	single	isco	
drafter	translator	single	isco	
drafter	worker	single	isco	
drafter	writer	accepted	isco wordnet	
drama	companion	single	sumo	
dramatist	adviser	single	isco	
dramatist	agent	single	wordnet	
dramatist	analyst.person	single	isco	
dramatist	architect	single	isco	
dramatist	artist	accepted	isco opencyc	
dramatist	attribute	single	sumo	
dramatist	communicator	accepted	opencyc wordnet	
dramatist	copywriter	single	isco	
dramatist	developer	single	isco	
dramatist	editor	single	isco	
dramatist	educator	single	isco	
dramatist	engineer	single	isco	
dramatist	epidemiologist	single	isco	
dramatist	expert	single	isco	
dramatist	hearer	single	isco	
dramatist	human	single	opencyc	
dramatist	immunologist	single	isco	
dramatist	mammal	single	opencyc	
dramatist	organism	single	wordnet	
dramatist	person	single	wordnet	
dramatist	physical-object	single	wordnet	
dramatist	practitioner	single	isco	
dramatist	professional	single	isco	
dramatist	property	single	sumo	
dramatist	reporter	single	isco	
dramatist	research-worker	single	isco	
dramatist	scientist	single	isco	
dramatist	security-consultant	single	isco	
dramatist	specialist	single	isco	
dramatist	sports-announcer	single	isco	
dramatist	structure	single	opencyc	
dramatist	system	single	opencyc	
dramatist	systems-analyst	single	isco	
dramatist	translator	single	isco	
dramatist	vertebrate	single	opencyc	
dramatist	worker	accepted	isco opencyc	
dramatist	writer	accepted	isco wordnet	
drawer.person	agent	single	wordnet	
drawer.person	attribute	single	sumo	
drawer.person	digger	single	isco	
drawer.person	operator	single	isco	
drawer.person	organism	single	wordnet	
drawer.person	person	single	wordnet	
drawer.person	physical-object	single	wordnet	
drawer.person	property	single	sumo	
drawer.person	worker	single	isco	
dressmaker	agent	single	wordnet	
dressmaker	beater	single	isco	
dressmaker	blaster	single	isco	
dressmaker	bodybuilder	single	isco	
dressmaker	builder	single	isco	
dressmaker	cabinetmaker	single	isco	
dressmaker	caster.person	single	isco	
dressmaker	closer	single	isco	
dressmaker	compositor	single	isco	
dressmaker	craftsman	single	isco	
dressmaker	engraver	single	isco	
dressmaker	fitter	single	isco	
dressmaker	glassworker	single	isco	
dressmaker	grader	single	isco	
dressmaker	human	single	opencyc	
dressmaker	ironworker	single	isco	
dressmaker	machinist	single	isco	
dressmaker	maker	accepted	isco wordnet	
dressmaker	mammal	single	opencyc	
dressmaker	mender	single	isco	
dressmaker	organism	single	wordnet	
dressmaker	painter	single	isco	
dressmaker	patternmaker	single	isco	
dressmaker	person	single	wordnet	
dressmaker	physical-object	single	wordnet	
dressmaker	refinisher	single	isco	
dressmaker	rigger	single	isco	
dressmaker	sewer	single	isco	
dressmaker	shipwright	single	isco	
dressmaker	skilled-worker	single	opencyc	
dressmaker	smith	single	isco	
dressmaker	spinster	single	isco	
dressmaker	splitter	single	isco	
dressmaker	sprayer	single	isco	
dressmaker	stainer	single	isco	
dressmaker	stonecutter	single	isco	
dressmaker	structure	single	opencyc	
dressmaker	system	single	opencyc	
dressmaker	tuner	single	isco	
dressmaker	turner	single	isco	
dressmaker	varnisher	single	isco	
dressmaker	vertebrate	single	opencyc	
dressmaker	welder	single	isco	
dressmaker	woodcarver	single	isco	
dressmaker	worker	accepted	isco opencyc	
driver	digger	single	isco	
driver	operator	accepted	isco wordnet	
drudge	agent	single	wordnet	
drudge	animal	single	wikidata	
drudge	animal-trainer	single	isco	
drudge	attribute	single	sumo	
drudge	bearer	single	isco	
drudge	employee	single	wordnet	
drudge	girl	single	isco	
drudge	hired-hand	single	isco	
drudge	laborer	accepted	isco wordnet	
drudge	male-child	single	isco	
drudge	messenger-boy	single	isco	
drudge	organism	accepted	wikidata wordnet	
drudge	packer	single	isco	
drudge	person	single	wordnet	
drudge	physical-object	accepted	wikidata wordnet	
drudge	picker	single	isco	
drudge	porter	single	isco	
drudge	property	single	sumo	
drudge	remover	single	isco	
drudge	stacker	single	isco	
drudge	stevedore	single	isco	
drudge	sweeper	single	isco	
drudge	washer.person	single	isco	
drudge	window-washer	single	isco	
drudge	worker	accepted	isco wordnet	
drummer	adviser	single	isco	
drummer	agent	single	wordnet	
drummer	analyst.person	single	isco	
drummer	architect	single	isco	
drummer	artist	accepted	isco wikidata	
drummer	copywriter	single	isco	
drummer	developer	single	isco	
drummer	editor	single	isco	
drummer	educator	single	isco	
drummer	engineer	single	isco	
drummer	epidemiologist	single	isco	
drummer	expert	single	isco	
drummer	hearer	single	isco	
drummer	immunologist	single	isco	
drummer	instrumentalist	accepted	wikidata wordnet	
drummer	musician	single	wikidata	
drummer	organism	single	wordnet	
drummer	percussionist	accepted	wikidata wordnet	
drummer	performer	single	wordnet	
drummer	person	accepted	wikidata wordnet	
drummer	physical-object	single	wordnet	
drummer	practitioner	single	isco	
drummer	professional	single	isco	
drummer	reporter	single	isco	
drummer	research-worker	single	isco	
drummer	scientist	single	isco	
drummer	security-consultant	single	isco	
drummer	specialist	single	isco	
drummer	sports-announcer	single	isco	
drummer	systems-analyst	single	isco	
drummer	translator	single	isco	
drummer	worker	single	isco	
drummer	writer	single	isco	
dyer	agent	accepted	sumo wordnet	
dyer	animal	single	sumo	
dyer	beater	single	isco	
dyer	blaster	single	isco	
dyer	body	single	sumo	
dyer	bodybuilder	single	isco	
dyer	builder	single	isco	
dyer	cabinetmaker	single	isco	
dyer	caster.person	single	isco	
dyer	closer	single	isco	
dyer	compositor	single	isco	
dyer	craftsman	accepted	isco wikidata	
dyer	dressmaker	single	isco	
dyer	engraver	single	isco	
dyer	fitter	single	isco	
dyer	glassworker	single	isco	
dyer	grader	single	isco	
dyer	human	single	sumo	
dyer	ironworker	single	isco	
dyer	machinist	single	isco	
dyer	maker	single	isco	
dyer	mammal	single	sumo	
dyer	mender	single	isco	
dyer	organism	accepted	sumo wordnet	
dyer	painter	single	isco	
dyer	patternmaker	single	isco	
dyer	person	accepted	sumo wikidata wordnet	
dyer	phenomenon	single	sumo	
dyer	physical-object	accepted	sumo wordnet	
dyer	populace	single	sumo	
dyer	refinisher	single	isco	
dyer	rigger	single	isco	
dyer	self	single	sumo	
dyer	sewer	single	isco	
dyer	shipwright	single	isco	
dyer	skilled-worker	single	wordnet	
dyer	smith	single	isco	
dyer	species	single	sumo	
dyer	spinster	single	isco	
dyer	splitter	single	isco	
dyer	sprayer	single	isco	
dyer	stainer	single	isco	
dyer	stonecutter	single	isco	
dyer	tuner	single	isco	
dyer	turner	single	isco	
dyer	universe	single	sumo	
dyer	varnisher	single	isco	
dyer	vertebrate	single	sumo	
dyer	welder	single	isco	
dyer	woodcarver	single	isco	
dyer	worker	accepted	isco wordnet	
ease	companion	single	sumo	
ecologist	adviser	single	isco	
ecologist	agent	single	wordnet	
ecologist	analyst.person	single	isco	
ecologist	architect	single	isco	
ecologist	artist	single	isco	
ecologist	copywriter	single	isco	
ecologist	developer	single	isco	
ecologist	educator	single	isco	
ecologist	engineer	single	isco	
ecologist	epidemiologist	single	isco	
ecologist	expert	single	isco	
ecologist	hearer	single	isco	
ecologist	immunologist	single	isco	
ecologist	organism	single	wordnet	
ecologist	person	single	wordnet	
ecologist	physical-object	single	wordnet	
ecologist	practitioner	single	isco	
ecologist	professional	single	isco	
ecologist	research-worker	accepted	isco wikidata	
ecologist	scientist	accepted	isco wikidata wordnet	
ecologist	security-consultant	single	isco	
ecologist	specialist	single	isco	
ecologist	surveyor	single	isco	
ecologist	systems-analyst	single	isco	
ecologist	toxicologist	single	isco	
ecologist	worker	single	isco	
ecologist	writer	single	isco	
econometrician	adult	single	opencyc	
econometrician	adviser	single	isco	
econometrician	agent	single	wordnet	
econometrician	analyst.person	single	isco	
econometrician	architect	single	isco	
econometrician	artist	single	isco	
econometrician	attribute	single	sumo	
econometrician	copywriter	single	isco	
econometrician	developer	single	isco	
econometrician	economist	accepted	wikidata wordnet	
econometrician	editor	single	isco	
econometrician	educator	single	isco	
econometrician	engineer	single	isco	
econometrician	epidemiologist	single	isco	
econometrician	expert	single	isco	
econometrician	hearer	single	isco	
econometrician	human	single	opencyc	
econometrician	immunologist	single	isco	
econometrician	mammal	single	opencyc	
econometrician	organism	single	wordnet	
econometrician	person	single	wordnet	
econometrician	physical-object	single	wordnet	
econometrician	practitioner	single	isco	
econometrician	professional	accepted	isco opencyc	
econometrician	property	single	sumo	
econometrician	reporter	single	isco	
econometrician	research-worker	accepted	isco wikidata	
econometrician	scientist	accepted	isco wikidata wordnet	
econometrician	security-consultant	single	isco	
econometrician	skilled-worker	single	opencyc	
econometrician	social-scientist	accepted	wikidata wordnet	
econometrician	specialist	single	isco	
econometrician	sports-announcer	single	isco	
econometrician	structure	single	opencyc	
econometrician	system	single	opencyc	
econometrician	systems-analyst	single	isco	
econometrician	translator	single	isco	
econometrician	vertebrate	single	opencyc	
econometrician	worker	accepted	isco opencyc	
econometrician	writer	single	isco	
economist	analyst.person	single	isco	
economist	copywriter	single	isco	
economist	developer	single	isco	
economist	editor	single	isco	
economist	educator	single	isco	
economist	epidemiologist	single	isco	
economist	hearer	single	isco	
economist	immunologist	single	isco	
economist	practitioner	single	isco	
economist	security-consultant	single	isco	
economist	social-scientist	accepted	wikidata wordnet	
economist	sports-announcer	single	isco	
economist	systems-analyst	single	isco	
economist	translator	single	isco	
editor	adviser	single	isco	
editor	agent	single	wordnet	
editor	analyst.person	single	isco	
editor	architect	single	isco	
editor	artist	single	isco	
editor	attribute	single	sumo	
editor	copywriter	single	isco	
editor	developer	single	isco	
editor	educator	single	isco	
editor	engineer	single	isco	
editor	epidemiologist	single	isco	
editor	expert	single	isco	
editor	hearer	single	isco	
editor	human	single	opencyc	
editor	immunologist	single	isco	
editor	mammal	single	opencyc	
editor	organism	single	wordnet	
editor	person	accepted	wikidata wordnet yago	
editor	physical-object	single	wordnet	
editor	practitioner	single	isco	
editor	professional	single	isco	
editor	property	single	sumo	
editor	research-worker	single	isco	
editor	scientist	single	isco	
editor	security-consultant	single	isco	
editor	skilled-worker	single	wordnet	
editor	specialist	single	isco	
editor	structure	single	opencyc	
editor	system	single	opencyc	
editor	systems-analyst	single	isco	
editor	vertebrate	single	opencyc	
editor	worker	accepted	isco opencyc wordnet	
editor	writer	single	isco	
educator	adult	single	wordnet	
educator	agent	single	wordnet	
educator	human	single	opencyc	
educator	mammal	single	opencyc	
educator	organism	single	wordnet	
educator	person	single	wordnet	
educator	physical-object	single	wordnet	
educator	professional	single	wordnet	
educator	structure	single	opencyc	
educator	system	single	opencyc	
educator	vertebrate	single	opencyc	
educator	worker	accepted	isco opencyc	
elder	adult	single	wordnet	
elder	agent	accepted	sumo wordnet	
elder	animal	single	sumo	
elder	body	single	sumo	
elder	chairman	single	isco	
elder	chancellor-of-the-exchequer	single	isco	
elder	chief	single	isco	
elder	department-head	single	isco	
elder	general-manager	single	isco	
elder	governor	single	isco	
elder	human	single	sumo	
elder	mammal	single	sumo	
elder	manager	single	isco	
elder	member	single	isco	
elder	organism	accepted	sumo wordnet	
elder	person	accepted	sumo wordnet	
elder	phenomenon	single	sumo	
elder	physical-object	accepted	sumo wordnet	
elder	populace	single	sumo	
elder	president.person	single	isco	
elder	secretary-general	single	isco	
elder	self	single	sumo	
elder	species	single	sumo	
elder	universe	single	sumo	
elder	vertebrate	single	sumo	
elder	worker	single	isco	
electrical-engineer	adult	single	opencyc	
electrical-engineer	adviser	single	isco	
electrical-engineer	agent	single	wordnet	
electrical-engineer	analyst.person	single	isco	
electrical-engineer	architect	single	isco	
electrical-engineer	artist	single	isco	
electrical-engineer	copywriter	single	isco	
electrical-engineer	developer	single	isco	
electrical-engineer	educator	single	isco	
electrical-engineer	engineer	accepted	isco opencyc wikidata wordnet	
electrical-engineer	epidemiologist	single	isco	
electrical-engineer	expert	single	isco	
electrical-engineer	hearer	single	isco	
electrical-engineer	human	single	opencyc	
electrical-engineer	immunologist	single	isco	
electrical-engineer	mammal	single	opencyc	
electrical-engineer	organism	single	wordnet	
electrical-engineer	person	single	wordnet	
electrical-engineer	physical-object	single	wordnet	
electrical-engineer	practitioner	single	isco	
electrical-engineer	professional	accepted	isco opencyc	
electrical-engineer	research-worker	single	isco	
electrical-engineer	scientist	single	isco	
electrical-engineer	security-consultant	single	isco	
electrical-engineer	skilled-worker	single	opencyc	
electrical-engineer	specialist	single	isco	
electrical-engineer	structure	single	opencyc	
electrical-engineer	surveyor	single	isco	
electrical-engineer	system	single	opencyc	
electrical-engineer	systems-analyst	single	isco	
electrical-engineer	vertebrate	single	opencyc	
electrical-engineer	worker	accepted	isco opencyc wikidata	
electrical-engineer	writer	single	isco	
electrician	agent	single	wordnet	
electrician	attribute	single	sumo	
electrician	beater	single	isco	
electrician	blaster	single	isco	
electrician	bodybuilder	single	isco	
electrician	builder	single	isco	
electrician	cabinetmaker	single	isco	
electrician	caster.person	single	isco	
electrician	closer	single	isco	
electrician	compositor	single	isco	
electrician	craftsman	single	isco	
electrician	engraver	single	isco	
electrician	fitter	single	isco	
electrician	glassworker	single	isco	
electrician	grader	single	isco	
electrician	human	single	opencyc	
electrician	ironworker	single	isco	
electrician	line-worker	single	isco	
electrician	machinist	single	isco	
electrician	maker	single	isco	
electrician	mammal	single	opencyc	
electrician	mender	single	isco	
electrician	organism	single	wordnet	
electrician	organization	single	schemaorg	
electrician	painter	single	isco	
electrician	patternmaker	single	isco	
electrician	person	single	wordnet	
electrician	physical-object	single	wordnet	
electrician	place	single	schemaorg	
electrician	property	single	sumo	
electrician	refinisher	single	isco	
electrician	rigger	single	isco	
electrician	sewer	single	isco	
electrician	shipwright	single	isco	
electrician	skilled-worker	single	wordnet	
electrician	smith	single	isco	
electrician	spinster	single	isco	
electrician	splitter	single	isco	
electrician	sprayer	single	isco	
electrician	stonecutter	single	isco	
electrician	structure	single	opencyc	
electrician	system	single	opencyc	
electrician	tuner	single	isco	
electrician	turner	single	isco	
electrician	varnisher	single	isco	
electrician	vertebrate	single	opencyc	
electrician	welder	single	isco	
electrician	woodcarver	single	isco	
electrician	worker	accepted	isco opencyc wordnet	
electroplater	agent	single	wordnet	
electroplater	attribute	single	sumo	
electroplater	digger	single	isco	
electroplater	drawer.person	single	isco	
electroplater	operator	single	isco	
electroplater	organism	single	wordnet	
electroplater	person	single	wordnet	
electroplater	physical-object	single	wordnet	
electroplater	plater	single	wordnet	
electroplater	property	single	sumo	
electroplater	skilled-worker	single	wordnet	
electroplater	worker	accepted	isco wordnet	
electrotherapist	agent	single	wordnet	
electrotherapist	attribute	single	sumo	
electrotherapist	cameraman	single	isco	
electrotherapist	detective	single	isco	
electrotherapist	expert	single	wordnet	
electrotherapist	inquiry-agent	single	isco	
electrotherapist	inspector	single	isco	
electrotherapist	man	single	isco	
electrotherapist	organism	single	wordnet	
electrotherapist	paralegal	single	isco	
electrotherapist	person	single	wordnet	
electrotherapist	physical-object	single	wordnet	
electrotherapist	promoter	single	isco	
electrotherapist	property	single	sumo	
electrotherapist	supervisor	single	isco	
electrotherapist	technician	single	isco	
electrotherapist	therapist	single	wordnet	
electrotherapist	woman	single	isco	
electrotherapist	worker	single	isco	
elevator-operator	agent	single	wordnet	
elevator-operator	attribute	single	sumo	
elevator-operator	digger	single	isco	
elevator-operator	driver	single	isco	
elevator-operator	human	single	opencyc	
elevator-operator	mammal	single	opencyc	
elevator-operator	operator	accepted	isco wordnet	
elevator-operator	property	single	sumo	
elevator-operator	structure	single	opencyc	
elevator-operator	system	single	opencyc	
elevator-operator	teamster	single	isco	
elevator-operator	vertebrate	single	opencyc	
elevator-operator	worker	accepted	isco opencyc	
embalmer	adjutant	single	isco	
embalmer	agent	single	wordnet	
embalmer	attribute	single	sumo	
embalmer	bodyguard	single	isco	
embalmer	companion	single	isco	
embalmer	concierge	single	isco	
embalmer	gamekeeper	single	isco	
embalmer	guard	single	isco	
embalmer	host	single	isco	
embalmer	hostess	single	isco	
embalmer	keeper	single	isco	
embalmer	mortician	single	wordnet	
embalmer	organism	single	wordnet	
embalmer	person	single	wordnet	
embalmer	physical-object	single	wordnet	
embalmer	property	single	sumo	
embalmer	skilled-worker	single	wordnet	
embalmer	steward.person	single	isco	
embalmer	stewardess	single	isco	
embalmer	worker	accepted	isco wordnet	
embroiderer	agent	single	wordnet	
embroiderer	attribute	single	sumo	
embroiderer	beater	single	isco	
embroiderer	blaster	single	isco	
embroiderer	bodybuilder	single	isco	
embroiderer	builder	single	isco	
embroiderer	cabinetmaker	single	isco	
embroiderer	caster.person	single	isco	
embroiderer	closer	single	isco	
embroiderer	compositor	single	isco	
embroiderer	craftsman	single	isco	
embroiderer	dressmaker	single	isco	
embroiderer	engraver	single	isco	
embroiderer	fitter	single	isco	
embroiderer	glassworker	single	isco	
embroiderer	grader	single	isco	
embroiderer	ironworker	single	isco	
embroiderer	machinist	single	isco	
embroiderer	maker	accepted	isco wordnet	
embroiderer	mender	single	isco	
embroiderer	organism	single	wordnet	
embroiderer	painter	single	isco	
embroiderer	patternmaker	single	isco	
embroiderer	person	single	wordnet	
embroiderer	physical-object	single	wordnet	
embroiderer	property	single	sumo	
embroiderer	refinisher	single	isco	
embroiderer	rigger	single	isco	
embroiderer	sewer	single	isco	
embroiderer	shipwright	single	isco	
embroiderer	smith	single	isco	
embroiderer	spinster	single	isco	
embroiderer	splitter	single	isco	
embroiderer	sprayer	single	isco	
embroiderer	stainer	single	isco	
embroiderer	stonecutter	single	isco	
embroiderer	tuner	single	isco	
embroiderer	turner	single	isco	
embroiderer	varnisher	single	isco	
embroiderer	welder	single	isco	
embroiderer	woodcarver	single	isco	
embroiderer	worker	single	isco	
emergency	companion	single	sumo	
emphasis	companion	single	sumo	
employment-agent	agent	single	wordnet	
employment-agent	attribute	single	sumo	
employment-agent	broker	single	isco	
employment-agent	cameraman	single	isco	
employment-agent	communicator	single	wordnet	
employment-agent	detective	single	isco	
employment-agent	inquiry-agent	single	isco	
employment-agent	inspector	single	isco	
employment-agent	investment-banker	single	isco	
employment-agent	man	single	isco	
employment-agent	organism	single	wordnet	
employment-agent	paralegal	single	isco	
employment-agent	person	single	wordnet	
employment-agent	physical-object	single	wordnet	
employment-agent	promoter	single	isco	
employment-agent	property	single	sumo	
employment-agent	representative	single	wordnet	
employment-agent	representative-agent	single	wordnet	
employment-agent	supervisor	single	isco	
employment-agent	technician	single	isco	
employment-agent	trader	single	isco	
employment-agent	woman	single	isco	
employment-agent	worker	single	isco	
energizer	adviser	single	isco	
energizer	agent	accepted	sumo wordnet	
energizer	analyst.person	single	isco	
energizer	animal	single	sumo	
energizer	architect	single	isco	
energizer	artist	single	isco	
energizer	body	single	sumo	
energizer	copywriter	single	isco	
energizer	developer	single	isco	
energizer	educator	single	isco	
energizer	engineer	single	isco	
energizer	epidemiologist	single	isco	
energizer	expert	single	isco	
energizer	hearer	single	isco	
energizer	human	single	sumo	
energizer	immunologist	single	isco	
energizer	mammal	single	sumo	
energizer	organism	accepted	sumo wordnet	
energizer	person	accepted	sumo wordnet	
energizer	phenomenon	single	sumo	
energizer	physical-object	accepted	sumo wordnet	
energizer	populace	single	sumo	
energizer	practitioner	single	isco	
energizer	professional	single	isco	
energizer	research-worker	single	isco	
energizer	scientist	single	isco	
energizer	security-consultant	single	isco	
energizer	self	single	sumo	
energizer	specialist	single	isco	
energizer	species	single	sumo	
energizer	surveyor	single	isco	
energizer	systems-analyst	single	isco	
energizer	universe	single	sumo	
energizer	vertebrate	single	sumo	
energizer	worker	single	isco	
energizer	writer	single	isco	
engineer	skilled-worker	single	opencyc	
engraver	agent	single	wordnet	
engraver	attribute	single	sumo	
engraver	craftsman	single	wikidata	
engraver	organism	single	wordnet	
engraver	person	accepted	wikidata wordnet	
engraver	physical-object	single	wordnet	
engraver	property	single	sumo	
engraver	skilled-worker	single	wordnet	
engraver	worker	accepted	isco wordnet	
enologist	adviser	single	isco	
enologist	agent	single	wordnet	
enologist	analyst.person	single	isco	
enologist	architect	single	isco	
enologist	artist	single	isco	
enologist	attribute	single	sumo	
enologist	copywriter	single	isco	
enologist	developer	single	isco	
enologist	educator	single	isco	
enologist	engineer	single	isco	
enologist	epidemiologist	single	isco	
enologist	expert	accepted	isco wordnet	
enologist	hearer	single	isco	
enologist	immunologist	single	isco	
enologist	organism	single	wordnet	
enologist	person	single	wordnet	
enologist	physical-object	single	wordnet	
enologist	practitioner	single	isco	
enologist	professional	single	isco	
enologist	property	single	sumo	
enologist	research-worker	single	isco	
enologist	scientist	single	isco	
enologist	security-consultant	single	isco	
enologist	specialist	accepted	isco wordnet	
enologist	surveyor	single	isco	
enologist	systems-analyst	single	isco	
enologist	worker	single	isco	
enologist	writer	single	isco	
entomologist	adviser	single	isco	
entomologist	agent	single	wordnet	
entomologist	analyst.person	single	isco	
entomologist	architect	single	isco	
entomologist	artist	single	isco	
entomologist	attribute	single	sumo	
entomologist	copywriter	single	isco	
entomologist	developer	single	isco	
entomologist	educator	single	isco	
entomologist	engineer	single	isco	
entomologist	epidemiologist	single	isco	
entomologist	expert	single	isco	
entomologist	hearer	single	isco	
entomologist	immunologist	single	isco	
entomologist	organism	single	wordnet	
entomologist	person	single	wordnet	
entomologist	physical-object	single	wordnet	
entomologist	practitioner	single	isco	
entomologist	professional	single	isco	
entomologist	property	single	sumo	
entomologist	research-worker	accepted	isco wikidata	
entomologist	scientist	accepted	isco wikidata wordnet	
entomologist	security-consultant	single	isco	
entomologist	specialist	single	isco	
entomologist	surveyor	single	isco	
entomologist	systems-analyst	single	isco	
entomologist	toxicologist	single	isco	
entomologist	worker	single	isco	
entomologist	writer	single	isco	
entomologist	zoologist	accepted	wikidata wordnet	
environmentalist	adviser	single	isco	
environmentalist	agent	accepted	sumo wordnet	
environmentalist	analyst.person	single	isco	
environmentalist	architect	single	isco	
environmentalist	artist	single	isco	
environmentalist	collection	single	sumo	
environmentalist	copywriter	single	isco	
environmentalist	developer	single	isco	
environmentalist	educator	single	isco	
environmentalist	engineer	single	isco	
environmentalist	epidemiologist	single	isco	
environmentalist	expert	single	isco	
environmentalist	group	single	sumo	
environmentalist	hearer	single	isco	
environmentalist	human	single	opencyc	
environmentalist	immunologist	single	isco	
environmentalist	mammal	single	opencyc	
environmentalist	organism	single	wordnet	
environmentalist	people	single	sumo	
environmentalist	person	single	wordnet	
environmentalist	phenomenon	single	sumo	
environmentalist	physical-object	single	wordnet	
environmentalist	practitioner	single	isco	
environmentalist	professional	single	isco	
environmentalist	research-worker	single	isco	
environmentalist	school-class	single	sumo	
environmentalist	scientist	single	isco	
environmentalist	security-consultant	single	isco	
environmentalist	specialist	single	isco	
environmentalist	structure	single	opencyc	
environmentalist	surveyor	single	isco	
environmentalist	system	single	opencyc	
environmentalist	systems-analyst	single	isco	
environmentalist	toxicologist	single	isco	
environmentalist	universe	single	sumo	
environmentalist	vertebrate	single	opencyc	
environmentalist	worker	single	isco	
environmentalist	writer	single	isco	
epidemiologist	adult	single	opencyc	
epidemiologist	agent	single	wordnet	
epidemiologist	attribute	single	sumo	
epidemiologist	doctor	disputed	opencyc	isco
epidemiologist	human	single	opencyc	
epidemiologist	mammal	single	opencyc	
epidemiologist	medical-scientist	disputed	wikidata wordnet	isco
epidemiologist	organism	single	wordnet	
epidemiologist	person	single	wordnet	
epidemiologist	physical-object	single	wordnet	
epidemiologist	professional	single	opencyc	
epidemiologist	property	single	sumo	
epidemiologist	research-worker	single	wikidata	
epidemiologist	scientist	single	wordnet	
epidemiologist	skilled-worker	single	opencyc	
epidemiologist	structure	single	opencyc	
epidemiologist	system	single	opencyc	
epidemiologist	vertebrate	single	opencyc	
epidemiologist	worker	accepted	isco opencyc	
equilibrium	companion	single	sumo	
escort	companion	single	wordnet	
essayist	adviser	single	isco	
essayist	agent	single	wordnet	
essayist	analyst.person	single	isco	
essayist	architect	single	isco	
essayist	artist	single	isco	
essayist	communicator	single	wordnet	
essayist	copywriter	single	isco	
essayist	developer	single	isco	
essayist	editor	single	isco	
essayist	educator	single	isco	
essayist	engineer	single	isco	
essayist	epidemiologist	single	isco	
essayist	expert	single	isco	
essayist	hearer	single	isco	
essayist	immunologist	single	isco	
essayist	organism	single	wordnet	
essayist	person	single	wordnet	
essayist	physical-object	single	wordnet	
essayist	practitioner	single	isco	
essayist	professional	single	isco	
essayist	reporter	single	isco	
essayist	research-worker	single	isco	
essayist	scientist	single	isco	
essayist	security-consultant	single	isco	
essayist	specialist	single	isco	
essayist	sports-announcer	single	isco	
essayist	systems-analyst	single	isco	
essayist	translator	single	isco	
essayist	worker	single	isco	
essayist	writer	accepted	isco wordnet	
etcher	agent	accepted	sumo wordnet	
etcher	animal	single	sumo	
etcher	artist	single	wordnet	
etcher	beater	single	isco	
etcher	blaster	single	isco	
etcher	body	single	sumo	
etcher	bodybuilder	single	isco	
etcher	builder	single	isco	
etcher	cabinetmaker	single	isco	
etcher	caster.person	single	isco	
etcher	closer	single	isco	
etcher	compositor	single	isco	
etcher	craftsman	single	isco	
etcher	engraver	single	isco	
etcher	fitter	single	isco	
etcher	glassworker	single	isco	
etcher	grader	single	isco	
etcher	human	single	sumo	
etcher	ironworker	single	isco	
etcher	machinist	single	isco	
etcher	maker	single	isco	
etcher	mammal	single	sumo	
etcher	mender	single	isco	
etcher	organism	accepted	sumo wordnet	
etcher	painter	single	isco	
etcher	patternmaker	single	isco	
etcher	person	accepted	sumo wordnet	
etcher	phenomenon	single	sumo	
etcher	physical-object	accepted	sumo wordnet	
etcher	populace	single	sumo	
etcher	refinisher	single	isco	
etcher	rigger	single	isco	
etcher	self	single	sumo	
etcher	sewer	single	isco	
etcher	shipwright	single	isco	
etcher	smith	single	isco	
etcher	species	single	sumo	
etcher	spinster	single	isco	
etcher	splitter	single	isco	
etcher	sprayer	single	isco	
etcher	stonecutter	single	isco	
etcher	tuner	single	isco	
etcher	turner	single	isco	
etcher	universe	single	sumo	
etcher	varnisher	single	isco	
etcher	vertebrate	single	sumo	
etcher	welder	single	isco	
etcher	woodcarver	single	isco	
etcher	worker	single	isco	
ethnologist	adviser	single	isco	
ethnologist	agent	single	wordnet	
ethnologist	analyst.person	single	isco	
ethnologist	anthropologist	accepted	wikidata wordnet	
ethnologist	architect	single	isco	
ethnologist	artist	single	isco	
ethnologist	copywriter	single	isco	
ethnologist	developer	single	isco	
ethnologist	editor	single	isco	
ethnologist	educator	single	isco	
ethnologist	engineer	single	isco	
ethnologist	epidemiologist	single	isco	
ethnologist	expert	single	isco	
ethnologist	hearer	single	isco	
ethnologist	immunologist	single	isco	
ethnologist	organism	single	wordnet	
ethnologist	person	single	wordnet	
ethnologist	physical-object	single	wordnet	
ethnologist	practitioner	single	isco	
ethnologist	professional	single	isco	
ethnologist	reporter	single	isco	
ethnologist	research-worker	accepted	isco wikidata	
ethnologist	scientist	accepted	isco wikidata wordnet	
ethnologist	security-consultant	single	isco	
ethnologist	social-scientist	accepted	wikidata wordnet	
ethnologist	specialist	single	isco	
ethnologist	sports-announcer	single	isco	
ethnologist	systems-analyst	single	isco	
ethnologist	translator	single	isco	
ethnologist	worker	single	isco	
ethnologist	writer	single	isco	
etymologist	adviser	single	isco	
etymologist	agent	single	wordnet	
etymologist	analyst.person	single	isco	
etymologist	architect	single	isco	
etymologist	artist	single	isco	
etymologist	attribute	single	sumo	
etymologist	communicator	single	wordnet	
etymologist	compiler.person	single	wordnet	
etymologist	copywriter	single	isco	
etymologist	developer	single	isco	
etymologist	editor	single	isco	
etymologist	educator	single	isco	
etymologist	engineer	single	isco	
etymologist	epidemiologist	single	isco	
etymologist	expert	single	isco	
etymologist	hearer	single	isco	
etymologist	immunologist	single	isco	
etymologist	lexicographer	single	wordnet	
etymologist	linguist	accepted	wikidata wordnet	
etymologist	organism	single	wordnet	
etymologist	person	single	wordnet	
etymologist	philologist	single	wikidata	
etymologist	physical-object	single	wordnet	
etymologist	practitioner	single	isco	
etymologist	professional	single	isco	
etymologist	property	single	sumo	
etymologist	reporter	single	isco	
etymologist	research-worker	single	isco	
etymologist	scientist	accepted	isco wordnet	
etymologist	security-consultant	single	isco	
etymologist	specialist	single	isco	
etymologist	sports-announcer	single	isco	
etymologist	systems-analyst	single	isco	
etymologist	translator	single	isco	
etymologist	worker	single	isco	
etymologist	writer	accepted	isco wordnet	
evangelist	agent	single	wordnet	
evangelist	attribute	single	sumo	
evangelist	cameraman	single	isco	
evangelist	detective	single	isco	
evangelist	human	single	opencyc	
evangelist	inquiry-agent	single	isco	
evangelist	inspector	single	isco	
evangelist	leader	single	wordnet	
evangelist	mammal	single	opencyc	
evangelist	man	single	isco	
evangelist	organism	single	wordnet	
evangelist	paralegal	single	isco	
evangelist	person	single	wordnet	
evangelist	physical-object	single	wordnet	
evangelist	preacher	single	wordnet	
evangelist	promoter	single	isco	
evangelist	property	single	sumo	
evangelist	structure	single	opencyc	
evangelist	supervisor	single	isco	
evangelist	system	single	opencyc	
evangelist	technician	single	isco	
evangelist	vertebrate	single	opencyc	
evangelist	woman	single	isco	
evangelist	worker	single	isco	
excess	companion	single	sumo	
exchanger	agent	single	wordnet	
exchanger	attribute	single	sumo	
exchanger	clerk	single	isco	
exchanger	organism	single	wordnet	
exchanger	person	single	wordnet	
exchanger	physical-object	single	wordnet	
exchanger	property	single	sumo	
exchanger	worker	single	isco	
executive-director	administrator	single	wordnet	
executive-director	adviser	single	isco	
executive-director	agent	single	wordnet	
executive-director	analyst.person	single	isco	
executive-director	architect	single	isco	
executive-director	artist	single	isco	
executive-director	board-member	single	wikidata	
executive-director	chief	single	wordnet	
executive-director	chief-executive-officer	disputed	wikidata	opencyc wordnet
executive-director	copywriter	single	isco	
executive-director	developer	single	isco	
executive-director	educator	single	isco	
executive-director	engineer	single	isco	
executive-director	epidemiologist	single	isco	
executive-director	expert	single	isco	
executive-director	hearer	single	isco	
executive-director	human	single	opencyc	
executive-director	immunologist	single	isco	
executive-director	leader	single	wordnet	
executive-director	mammal	single	opencyc	
executive-director	organism	single	wordnet	
executive-director	person	single	wordnet	
executive-director	physical-object	single	wordnet	
executive-director	practitioner	single	isco	
executive-director	president.person	disputed	wikidata	wordnet
executive-director	professional	single	isco	
executive-director	research-worker	single	isco	
executive-director	scientist	single	isco	
executive-director	security-consultant	single	isco	
executive-director	specialist	single	isco	
executive-director	structure	single	opencyc	
executive-director	system	single	opencyc	
executive-director	systems-analyst	single	isco	
executive-director	vertebrate	single	opencyc	
executive-director	worker	accepted	isco opencyc	
executive-director	writer	single	isco	
executive-secretary	agent	single	wordnet	
executive-secretary	assistant	single	wordnet	
executive-secretary	attribute	single	sumo	
executive-secretary	broker	single	isco	
executive-secretary	cameraman	single	isco	
executive-secretary	detective	single	isco	
executive-secretary	inquiry-agent	single	isco	
executive-secretary	inspector	single	isco	
executive-secretary	investment-banker	single	isco	
executive-secretary	man	single	isco	
executive-secretary	organism	single	wordnet	
executive-secretary	paralegal	single	isco	
executive-secretary	person	single	wordnet	
executive-secretary	physical-object	single	wordnet	
executive-secretary	promoter	single	isco	
executive-secretary	property	single	sumo	
executive-secretary	secretary	single	wordnet	
executive-secretary	supervisor	single	isco	
executive-secretary	technician	single	isco	
executive-secretary	trader	single	isco	
executive-secretary	woman	single	isco	
executive-secretary	worker	accepted	isco wordnet	
exemplar	companion	single	sumo	
exterminator	agent	single	wordnet	
exterminator	attribute	single	sumo	
exterminator	beater	single	isco	
exterminator	blaster	single	isco	
exterminator	bodybuilder	single	isco	
exterminator	builder	single	isco	
exterminator	cabinetmaker	single	isco	
exterminator	caster.person	single	isco	
exterminator	closer	single	isco	
exterminator	compositor	single	isco	
exterminator	craftsman	single	isco	
exterminator	engraver	single	isco	
exterminator	fitter	single	isco	
exterminator	glassworker	single	isco	
exterminator	grader	single	isco	
exterminator	ironworker	single	isco	
exterminator	killer	single	wordnet	
exterminator	machinist	single	isco	
exterminator	maker	single	isco	
exterminator	mender	single	isco	
exterminator	organism	single	wordnet	
exterminator	painter	single	isco	
exterminator	patternmaker	single	isco	
exterminator	person	single	wordnet	
exterminator	physical-object	single	wordnet	
exterminator	property	single	sumo	
exterminator	refinisher	single	isco	
exterminator	rigger	single	isco	
exterminator	sewer	single	isco	
exterminator	shipwright	single	isco	
exterminator	smith	single	isco	
exterminator	spinster	single	isco	
exterminator	splitter	single	isco	
exterminator	sprayer	single	isco	
exterminator	stainer	single	isco	
exterminator	stonecutter	single	isco	
exterminator	tuner	single	isco	
exterminator	turner	single	isco	
exterminator	varnisher	single	isco	
exterminator	welder	single	isco	
exterminator	woodcarver	single	isco	
exterminator	worker	single	isco	
extreme	companion	single	sumo	
facilitator	adviser	single	isco	
facilitator	agent	accepted	sumo wordnet	
facilitator	analyst.person	single	isco	
facilitator	animal	single	sumo	
facilitator	architect	single	isco	
facilitator	artist	single	isco	
facilitator	assistant	single	wordnet	
facilitator	body	single	sumo	
facilitator	copywriter	single	isco	
facilitator	developer	single	isco	
facilitator	educator	single	isco	
facilitator	engineer	single	isco	
facilitator	epidemiologist	single	isco	
facilitator	expert	single	isco	
facilitator	hearer	single	isco	
facilitator	human	accepted	opencyc sumo	
facilitator	immunologist	single	isco	
facilitator	mammal	accepted	opencyc sumo	
facilitator	organism	accepted	sumo wordnet	
facilitator	person	accepted	sumo wordnet	
facilitator	phenomenon	single	sumo	
facilitator	physical-object	accepted	sumo wordnet	
facilitator	populace	single	sumo	
facilitator	practitioner	single	isco	
facilitator	professional	single	isco	
facilitator	research-worker	single	isco	
facilitator	scientist	single	isco	
facilitator	security-consultant	single	isco	
facilitator	self	single	sumo	
facilitator	specialist	single	isco	
facilitator	species	single	sumo	
facilitator	structure	single	opencyc	
facilitator	system	single	opencyc	
facilitator	systems-analyst	single	isco	
facilitator	universe	single	sumo	
facilitator	vertebrate	accepted	opencyc sumo	
facilitator	worker	accepted	isco opencyc wordnet	
facilitator	writer	single	isco	
failing	companion	single	sumo	
failure	companion	single	sumo	
fame	companion	single	sumo	
farmhand	agent	single	wordnet	
farmhand	employee	single	wordnet	
farmhand	hired-hand	single	wordnet	
farmhand	laborer	single	wordnet	
farmhand	organism	single	wordnet	
farmhand	person	single	wordnet	
farmhand	physical-object	single	wordnet	
farmhand	worker	accepted	isco wordnet	
farrier	agent	single	wordnet	
farrier	attribute	single	sumo	
farrier	beater	single	isco	
farrier	blacksmith	accepted	wikidata wordnet	
farrier	blaster	single	isco	
farrier	bodybuilder	single	isco	
farrier	builder	single	isco	
farrier	cabinetmaker	single	isco	
farrier	caster.person	single	isco	
farrier	closer	single	isco	
farrier	compositor	single	isco	
farrier	craftsman	accepted	isco wikidata	
farrier	engraver	single	isco	
farrier	fitter	single	isco	
farrier	glassworker	single	isco	
farrier	grader	single	isco	
farrier	ironworker	single	isco	
farrier	machinist	single	isco	
farrier	maker	single	isco	
farrier	mender	single	isco	
farrier	organism	single	wordnet	
farrier	painter	single	isco	
farrier	patternmaker	single	isco	
farrier	person	accepted	wikidata wordnet	
farrier	physical-object	single	wordnet	
farrier	property	single	sumo	
farrier	refinisher	single	isco	
farrier	rigger	single	isco	
farrier	sewer	single	isco	
farrier	shipwright	single	isco	
farrier	skilled-worker	single	wordnet	
farrier	smith	single	isco	
farrier	spinster	single	isco	
farrier	splitter	single	isco	
farrier	sprayer	single	isco	
farrier	stonecutter	single	isco	
farrier	tuner	single	isco	
farrier	turner	single	isco	
farrier	varnisher	single	isco	
farrier	welder	single	isco	
farrier	woodcarver	single	isco	
farrier	worker	accepted	isco wikidata wordnet	
faux-pas	companion	single	sumo	
favor	companion	single	sumo	
federal-agent	skilled-worker	single	wordnet	
fellow	agent	accepted	sumo wordnet	
fellow	animal	single	sumo	
fellow	animal-trainer	single	isco	
fellow	bearer	single	isco	
fellow	body	single	sumo	
fellow	girl	single	isco	
fellow	hired-hand	single	isco	
fellow	human	single	sumo	
fellow	laborer	single	isco	
fellow	male-child	single	isco	
fellow	mammal	single	sumo	
fellow	man	single	sumo	
fellow	messenger-boy	single	isco	
fellow	organism	accepted	sumo wordnet	
fellow	person	accepted	sumo wordnet	
fellow	phenomenon	single	sumo	
fellow	physical-object	accepted	sumo wordnet	
fellow	picker	single	isco	
fellow	populace	single	sumo	
fellow	porter	single	isco	
fellow	remover	single	isco	
fellow	self	single	sumo	
fellow	species	single	sumo	
fellow	stacker	single	isco	
fellow	stevedore	single	isco	
fellow	sweeper	single	isco	
fellow	universe	single	sumo	
fellow	vertebrate	single	sumo	
fellow	washer.person	single	isco	
fellow	window-washer	single	isco	
fellow	worker	single	isco	
field-grade-officer	agent	single	wordnet	
field-grade-officer	clerk	single	isco	
field-grade-officer	employee	single	wikidata	
field-grade-officer	interviewer	single	isco	
field-grade-officer	organism	single	wordnet	
field-grade-officer	person	single	wordnet	
field-grade-officer	physical-object	single	wordnet	
field-grade-officer	receptionist	single	isco	
field-grade-officer	skilled-worker	single	wordnet	
field-grade-officer	warrior	single	wikidata	
field-grade-officer	worker	accepted	isco wikidata wordnet	
file-clerk	agent	single	wordnet	
file-clerk	attribute	single	sumo	
file-clerk	clerk	accepted	isco wordnet	
file-clerk	employee	single	wordnet	
file-clerk	organism	single	wordnet	
file-clerk	person	single	wordnet	
file-clerk	physical-object	single	wordnet	
file-clerk	property	single	sumo	
file-clerk	worker	accepted	isco wordnet	
filer	agent	single	wordnet	
filer	attribute	single	sumo	
filer	clerk	single	isco	
filer	litigant	single	wordnet	
filer	organism	single	wordnet	
filer	person	single	wordnet	
filer	physical-object	single	wordnet	
filer	property	single	sumo	
filer	worker	single	isco	
film-director	adviser	single	isco	
film-director	agent	single	wordnet	
film-director	analyst.person	single	isco	
film-director	architect	single	isco	
film-director	artist	accepted	isco opencyc wikidata	
film-director	copywriter	single	isco	
film-director	developer	single	isco	
film-director	director	single	wikidata	
film-director	editor	single	isco	
film-director	educator	single	isco	
film-director	engineer	single	isco	
film-director	epidemiologist	single	isco	
film-director	expert	single	isco	
film-director	hearer	single	isco	
film-director	human	single	opencyc	
film-director	immunologist	single	isco	
film-director	mammal	single	opencyc	
film-director	manager	single	wikidata	
film-director	organism	single	wordnet	
film-director	person	accepted	wikidata wordnet	
film-director	physical-object	single	wordnet	
film-director	practitioner	single	isco	
film-director	producer	single	wordnet	
film-director	professional	single	isco	
film-director	reporter	single	isco	
film-director	research-worker	single	isco	
film-director	scientist	single	isco	
film-director	security-consultant	single	isco	
film-director	specialist	single	isco	
film-director	sports-announcer	single	isco	
film-director	structure	single	opencyc	
film-director	system	single	opencyc	
film-director	systems-analyst	single	isco	
film-director	translator	single	isco	
film-director	vertebrate	single	opencyc	
film-director	worker	accepted	isco opencyc	
film-director	writer	single	isco	
financial-analyst	adult	single	opencyc	
financial-analyst	adviser	single	isco	
financial-analyst	agent	single	wordnet	
financial-analyst	amateur	single	sumo	
financial-analyst	ambiance	single	sumo	
financial-analyst	analyst	single	opencyc	
financial-analyst	analyst.person	single	isco	
financial-analyst	architect	single	isco	
financial-analyst	artist	single	isco	
financial-analyst	attribute	single	sumo	
financial-analyst	businessman	single	wikidata	
financial-analyst	circumstance	single	sumo	
financial-analyst	civilisation	single	sumo	
financial-analyst	companion	single	sumo	
financial-analyst	copywriter	single	isco	
financial-analyst	crowd	single	sumo	
financial-analyst	custom	single	sumo	
financial-analyst	danger	single	sumo	
financial-analyst	developer	single	isco	
financial-analyst	educator	single	isco	
financial-analyst	engineer	single	isco	
financial-analyst	epidemiologist	single	isco	
financial-analyst	expert	accepted	isco sumo wordnet	
financial-analyst	freedom	single	sumo	
financial-analyst	hearer	single	isco	
financial-analyst	hero	single	sumo	
financial-analyst	human	single	opencyc	
financial-analyst	immunologist	single	isco	
financial-analyst	lap	single	sumo	
financial-analyst	literary-works	single	sumo	
financial-analyst	mammal	single	opencyc	
financial-analyst	normal	single	sumo	
financial-analyst	organism	single	wordnet	
financial-analyst	person	single	wordnet	
financial-analyst	physical-object	single	wordnet	
financial-analyst	point-of-view	single	sumo	
financial-analyst	practice	single	sumo	
financial-analyst	practitioner	single	isco	
financial-analyst	professional	accepted	isco opencyc	
financial-analyst	property	single	sumo	
financial-analyst	research-worker	single	isco	
financial-analyst	scientist	single	isco	
financial-analyst	security-consultant	single	isco	
financial-analyst	skilled-worker	single	opencyc	
financial-analyst	society	single	sumo	
financial-analyst	specialist	single	isco	
financial-analyst	status	single	sumo	
financial-analyst	structure	single	opencyc	
financial-analyst	system	single	opencyc	
financial-analyst	systems-analyst	single	isco	
financial-analyst	tension	single	sumo	
financial-analyst	vertebrate	single	opencyc	
financial-analyst	way	single	sumo	
financial-analyst	worker	accepted	isco opencyc wikidata	
financial-analyst	writer	single	isco	
fireman	adjutant	single	isco	
fireman	bodyguard	single	isco	
fireman	companion	single	isco	
fireman	concierge	single	isco	
fireman	flatfoot	single	isco	
fireman	gamekeeper	single	isco	
fireman	hostess	single	isco	
fireman	keeper	single	isco	
fisherman	skilled-worker	disputed	wordnet	isco
fitness	companion	single	sumo	
fitter	agent	single	wordnet	
fitter	craftsman	single	wikidata	
fitter	employee	single	wikidata	
fitter	human	single	opencyc	
fitter	laborer	single	wikidata	
fitter	maker	single	wordnet	
fitter	mammal	single	opencyc	
fitter	organism	single	wordnet	
fitter	person	accepted	wikidata wordnet	
fitter	physical-object	single	wordnet	
fitter	structure	single	opencyc	
fitter	system	single	opencyc	
fitter	tailor	disputed	wordnet	isco
fitter	vertebrate	single	opencyc	
fitter	worker	accepted	isco opencyc wikidata	
fix	companion	single	sumo	
fixer	adult	single	wordnet	
fixer	agent	single	wordnet	
fixer	attribute	single	sumo	
fixer	beater	single	isco	
fixer	blaster	single	isco	
fixer	bodybuilder	single	isco	
fixer	builder	single	isco	
fixer	cabinetmaker	single	isco	
fixer	caster.person	single	isco	
fixer	closer	single	isco	
fixer	compositor	single	isco	
fixer	craftsman	single	isco	
fixer	engraver	single	isco	
fixer	fitter	single	isco	
fixer	glassworker	single	isco	
fixer	grader	single	isco	
fixer	ironworker	single	isco	
fixer	machinist	single	isco	
fixer	maker	single	isco	
fixer	mender	single	isco	
fixer	organism	single	wordnet	
fixer	painter	single	isco	
fixer	patternmaker	single	isco	
fixer	person	single	wordnet	
fixer	physical-object	single	wordnet	
fixer	property	single	sumo	
fixer	refinisher	single	isco	
fixer	rigger	single	isco	
fixer	sewer	single	isco	
fixer	shipwright	single	isco	
fixer	smith	single	isco	
fixer	spinster	single	isco	
fixer	splitter	single	isco	
fixer	sprayer	single	isco	
fixer	stonecutter	single	isco	
fixer	tuner	single	isco	
fixer	turner	single	isco	
fixer	varnisher	single	isco	
fixer	welder	single	isco	
fixer	woodcarver	single	isco	
fixer	worker	single	isco	
flatfoot	adjutant	single	isco	
flatfoot	agent	single	wordnet	
flatfoot	bodyguard	single	isco	
flatfoot	companion	single	isco	
flatfoot	concierge	single	isco	
flatfoot	gamekeeper	single	isco	
flatfoot	guard	single	isco	
flatfoot	host	single	isco	
flatfoot	hostess	single	isco	
flatfoot	keeper	single	isco	
flatfoot	organism	single	wordnet	
flatfoot	person	single	wordnet	
flatfoot	physical-object	single	wordnet	
flatfoot	worker	single	isco	
flight-engineer	agent	single	wordnet	
flight-engineer	attribute	single	sumo	
flight-engineer	cameraman	single	isco	
flight-engineer	detective	single	isco	
flight-engineer	engineer	single	wikidata	
flight-engineer	inquiry-agent	single	isco	
flight-engineer	inspector	single	isco	
flight-engineer	man	single	isco	
flight-engineer	organism	single	wordnet	
flight-engineer	paralegal	single	isco	
flight-engineer	person	single	wordnet	
flight-engineer	physical-object	single	wordnet	
flight-engineer	pilot	single	isco	
flight-engineer	promoter	single	isco	
flight-engineer	property	single	sumo	
flight-engineer	sailing-master	single	isco	
flight-engineer	skilled-worker	single	wordnet	
flight-engineer	supervisor	single	isco	
flight-engineer	technician	single	isco	
flight-engineer	woman	single	isco	
flight-engineer	worker	accepted	isco wikidata wordnet	
fluctuation	companion	single	sumo	
flutist	adviser	single	isco	
flutist	agent	single	wordnet	
flutist	analyst.person	single	isco	
flutist	architect	single	isco	
flutist	artist	accepted	isco wikidata	
flutist	attribute	single	sumo	
flutist	copywriter	single	isco	
flutist	developer	single	isco	
flutist	editor	single	isco	
flutist	educator	single	isco	
flutist	engineer	single	isco	
flutist	epidemiologist	single	isco	
flutist	expert	single	isco	
flutist	hearer	single	isco	
flutist	immunologist	single	isco	
flutist	instrumentalist	accepted	wikidata wordnet	
flutist	musician	single	wikidata	
flutist	organism	single	wordnet	
flutist	performer	single	wordnet	
flutist	person	accepted	wikidata wordnet	
flutist	physical-object	single	wordnet	
flutist	practitioner	single	isco	
flutist	professional	single	isco	
flutist	property	single	sumo	
flutist	reporter	single	isco	
flutist	research-worker	single	isco	
flutist	scientist	single	isco	
flutist	security-consultant	single	isco	
flutist	specialist	single	isco	
flutist	sports-announcer	single	isco	
flutist	systems-analyst	single	isco	
flutist	translator	single	isco	
flutist	worker	single	isco	
flutist	writer	single	isco	
football-player	agent	single	wordnet	
football-player	athlete	accepted	opencyc wordnet	
football-player	cameraman	single	isco	
football-player	detective	single	isco	
football-player	human	single	opencyc	
football-player	inquiry-agent	single	isco	
football-player	inspector	single	isco	
football-player	mammal	single	opencyc	
football-player	man	single	isco	
football-player	organism	single	wordnet	
football-player	paralegal	single	isco	
football-player	person	single	wordnet	
football-player	physical-object	single	wordnet	
football-player	player	single	wordnet	
football-player	promoter	single	isco	
football-player	structure	single	opencyc	
football-player	supervisor	single	isco	
football-player	system	single	opencyc	
football-player	technician	single	isco	
football-player	vertebrate	single	opencyc	
football-player	woman	single	isco	
football-player	worker	accepted	isco opencyc	
forecaster	adviser	single	isco	
forecaster	agent	accepted	sumo wordnet	
forecaster	analyst.person	single	isco	
forecaster	animal	single	sumo	
forecaster	architect	single	isco	
forecaster	artist	single	isco	
forecaster	body	single	sumo	
forecaster	copywriter	single	isco	
forecaster	developer	single	isco	
forecaster	educator	single	isco	
forecaster	engineer	single	isco	
forecaster	epidemiologist	single	isco	
forecaster	expert	single	isco	
forecaster	hearer	single	isco	
forecaster	human	accepted	opencyc sumo	
forecaster	immunologist	single	isco	
forecaster	intellect	single	opencyc	
forecaster	mammal	accepted	opencyc sumo	
forecaster	organism	accepted	sumo wordnet	
forecaster	person	accepted	sumo wikidata wordnet	
forecaster	phenomenon	single	sumo	
forecaster	physical-object	accepted	sumo wordnet	
forecaster	populace	single	sumo	
forecaster	practitioner	single	isco	
forecaster	professional	single	isco	
forecaster	research-worker	single	isco	
forecaster	scientist	single	isco	
forecaster	security-consultant	single	isco	
forecaster	self	single	sumo	
forecaster	specialist	single	isco	
forecaster	species	single	sumo	
forecaster	structure	single	opencyc	
forecaster	surveyor	single	isco	
forecaster	system	single	opencyc	
forecaster	systems-analyst	single	isco	
forecaster	universe	single	sumo	
forecaster	vertebrate	accepted	opencyc sumo	
forecaster	visionary	accepted	opencyc wordnet	
forecaster	worker	single	isco	
forecaster	writer	single	isco	
foreigner	traveler	single	wordnet	
foreman	cameraman	single	isco	
foreman	electrician	single	wikidata	
foreman	inquiry-agent	single	isco	
foreman	inspector	single	isco	
foreman	paralegal	single	isco	
foreman	promoter	single	isco	
foreman	superior	single	wordnet	
foreman	technician	single	isco	
forester	adult	single	opencyc	
forester	agent	single	wordnet	
forester	attribute	single	sumo	
forester	farmer	single	wordnet	
forester	human	single	opencyc	
forester	mammal	single	opencyc	
forester	organism	single	wordnet	
forester	person	single	wordnet	
forester	physical-object	single	wordnet	
forester	professional	single	opencyc	
forester	property	single	sumo	
forester	skilled-worker	disputed	opencyc	isco
forester	structure	single	opencyc	
forester	system	single	opencyc	
forester	vertebrate	single	opencyc	
forester	worker	accepted	isco opencyc	
forger	agent	accepted	sumo wordnet	
forger	animal	single	sumo	
forger	beater	single	isco	
forger	blaster	single	isco	
forger	body	single	sumo	
forger	bodybuilder	single	isco	
forger	builder	single	isco	
forger	cabinetmaker	single	isco	
forger	caster.person	single	isco	
forger	closer	single	isco	
forger	compositor	single	isco	
forger	craftsman	single	isco	
forger	engraver	single	isco	
forger	fitter	single	isco	
forger	glassworker	single	isco	
forger	grader	single	isco	
forger	human	single	sumo	
forger	ironworker	single	isco	
forger	machinist	single	isco	
forger	maker	single	isco	
forger	mammal	single	sumo	
forger	mender	single	isco	
forger	organism	accepted	sumo wordnet	
forger	painter	single	isco	
forger	patternmaker	single	isco	
forger	person	accepted	sumo wordnet	
forger	phenomenon	single	sumo	
forger	physical-object	accepted	sumo wordnet	
forger	populace	single	sumo	
forger	refinisher	single	isco	
forger	rigger	single	isco	
forger	self	single	sumo	
forger	sewer	single	isco	
forger	shipwright	single	isco	
forger	skilled-worker	single	wordnet	
forger	smith	single	isco	
forger	species	single	sumo	
forger	spinster	single	isco	
forger	splitter	single	isco	
forger	sprayer	single	isco	
forger	stonecutter	single	isco	
forger	tuner	single	isco	
forger	turner	single	isco	
forger	universe	single	sumo	
forger	varnisher	single	isco	
forger	vertebrate	single	sumo	
forger	welder	single	isco	
forger	woodcarver	single	isco	
forger	worker	accepted	isco wordnet	
forte	companion	single	sumo	
fortune	companion	single	sumo	
fortuneteller	adjutant	single	isco	
fortuneteller	agent	accepted	sumo wordnet	
fortuneteller	animal	single	sumo	
fortuneteller	body	single	sumo	
fortuneteller	bodyguard	single	isco	
fortuneteller	companion	single	isco	
fortuneteller	concierge	single	isco	
fortuneteller	forecaster	single	wordnet	
fortuneteller	gamekeeper	single	isco	
fortuneteller	guard	single	isco	
fortuneteller	host	single	isco	
fortuneteller	hostess	single	isco	
fortuneteller	human	single	sumo	
fortuneteller	keeper	single	isco	
fortuneteller	mammal	single	sumo	
fortuneteller	organism	accepted	sumo wordnet	
fortuneteller	person	accepted	sumo wordnet	
fortuneteller	phenomenon	single	sumo	
fortuneteller	physical-object	accepted	sumo wordnet	
fortuneteller	populace	single	sumo	
fortuneteller	self	single	sumo	
fortuneteller	species	single	sumo	
fortuneteller	steward.person	single	isco	
fortuneteller	stewardess	single	isco	
fortuneteller	universe	single	sumo	
fortuneteller	vertebrate	single	sumo	
fortuneteller	visionary	single	wordnet	
fortuneteller	worker	single	isco	
framer	agent	accepted	sumo wordnet	
framer	animal	single	sumo	
framer	beater	single	isco	
framer	blaster	single	isco	
framer	body	single	sumo	
framer	bodybuilder	single	isco	
framer	builder	single	isco	
framer	cabinetmaker	single	isco	
framer	caster.person	single	isco	
framer	closer	single	isco	
framer	compositor	single	isco	
framer	craftsman	single	isco	
framer	engraver	single	isco	
framer	fitter	single	isco	
framer	fixer	single	isco	
framer	glassworker	single	isco	
framer	grader	single	isco	
framer	human	single	sumo	
framer	ironworker	single	isco	
framer	machinist	single	isco	
framer	maker	single	isco	
framer	mammal	single	sumo	
framer	mason	single	isco	
framer	mender	single	isco	
framer	organism	accepted	sumo wordnet	
framer	painter	single	isco	
framer	patternmaker	single	isco	
framer	person	accepted	sumo wordnet	
framer	phenomenon	single	sumo	
framer	physical-object	accepted	sumo wordnet	
framer	populace	single	sumo	
framer	refinisher	single	isco	
framer	rigger	single	isco	
framer	self	single	sumo	
framer	sewer	single	isco	
framer	shipwright	single	isco	
framer	skilled-worker	single	wordnet	
framer	smith	single	isco	
framer	species	single	sumo	
framer	spinster	single	isco	
framer	splitter	single	isco	
framer	sprayer	single	isco	
framer	stonecutter	single	isco	
framer	tuner	single	isco	
framer	turner	single	isco	
framer	universe	single	sumo	
framer	varnisher	single	isco	
framer	vertebrate	single	sumo	
framer	welder	single	isco	
framer	woodcarver	single	isco	
framer	worker	accepted	isco wordnet	
freak	companion	single	sumo	
friar	agent	accepted	sumo wordnet	
friar	association	single	sumo	
friar	cameraman	single	isco	
friar	collection	single	sumo	
friar	detective	single	isco	
friar	group	single	sumo	
friar	inquiry-agent	single	isco	
friar	inspector	single	isco	
friar	man	single	isco	
friar	monk	single	wikidata	
friar	organism	single	wordnet	
friar	organization	single	sumo	
friar	paralegal	single	isco	
friar	people	single	sumo	
friar	person	single	wordnet	
friar	phenomenon	single	sumo	
friar	physical-object	single	wordnet	
friar	promoter	single	isco	
friar	school-class	single	sumo	
friar	supervisor	single	isco	
friar	team	single	sumo	
friar	technician	single	isco	
friar	universe	single	sumo	
friar	woman	single	isco	
friar	worker	single	isco	
friend	associate	single	wordnet	
fumigator	agent	accepted	sumo wordnet	
fumigator	animal	single	sumo	
fumigator	beater	single	isco	
fumigator	blaster	single	isco	
fumigator	body	single	sumo	
fumigator	bodybuilder	single	isco	
fumigator	builder	single	isco	
fumigator	cabinetmaker	single	isco	
fumigator	caster.person	single	isco	
fumigator	closer	single	isco	
fumigator	compositor	single	isco	
fumigator	craftsman	single	isco	
fumigator	engraver	single	isco	
fumigator	fitter	single	isco	
fumigator	glassworker	single	isco	
fumigator	grader	single	isco	
fumigator	human	single	sumo	
fumigator	ironworker	single	isco	
fumigator	machinist	single	isco	
fumigator	maker	single	isco	
fumigator	mammal	single	sumo	
fumigator	mender	single	isco	
fumigator	organism	accepted	sumo wordnet	
fumigator	painter	single	isco	
fumigator	patternmaker	single	isco	
fumigator	person	accepted	sumo wordnet	
fumigator	phenomenon	single	sumo	
fumigator	physical-object	accepted	sumo wordnet	
fumigator	populace	single	sumo	
fumigator	refinisher	single	isco	
fumigator	rigger	single	isco	
fumigator	self	single	sumo	
fumigator	sewer	single	isco	
fumigator	shipwright	single	isco	
fumigator	skilled-worker	single	wordnet	
fumigator	smith	single	isco	
fumigator	species	single	sumo	
fumigator	spinster	single	isco	
fumigator	splitter	single	isco	
fumigator	sprayer	single	isco	
fumigator	stainer	single	isco	
fumigator	stonecutter	single	isco	
fumigator	tuner	single	isco	
fumigator	turner	single	isco	
fumigator	universe	single	sumo	
fumigator	varnisher	single	isco	
fumigator	vertebrate	single	sumo	
fumigator	welder	single	isco	
fumigator	woodcarver	single	isco	
fumigator	worker	accepted	isco wordnet	
gambler	agent	accepted	sumo wordnet	
gambler	animal	single	sumo	
gambler	body	single	sumo	
gambler	cameraman	single	isco	
gambler	detective	single	isco	
gambler	human	single	sumo	
gambler	inquiry-agent	single	isco	
gambler	inspector	single	isco	
gambler	mammal	single	sumo	
gambler	man	single	isco	
gambler	organism	accepted	sumo wordnet	
gambler	paralegal	single	isco	
gambler	person	accepted	sumo wordnet	
gambler	phenomenon	single	sumo	
gambler	physical-object	accepted	sumo wordnet	
gambler	populace	single	sumo	
gambler	promoter	single	isco	
gambler	self	single	sumo	
gambler	species	single	sumo	
gambler	supervisor	single	isco	
gambler	technician	single	isco	
gambler	universe	single	sumo	
gambler	vertebrate	single	sumo	
gambler	woman	single	isco	
gambler	worker	single	isco	
gamekeeper	agent	single	wordnet	
gamekeeper	attribute	single	sumo	
gamekeeper	organism	single	wordnet	
gamekeeper	person	single	wordnet	
gamekeeper	physical-object	single	wordnet	
gamekeeper	property	single	sumo	
gamekeeper	worker	single	isco	
garbage-man	agent	single	wordnet	
garbage-man	animal-trainer	single	isco	
garbage-man	attribute	single	sumo	
garbage-man	bearer	single	isco	
garbage-man	girl	single	isco	
garbage-man	hired-hand	single	isco	
garbage-man	laborer	single	isco	
garbage-man	male-child	single	isco	
garbage-man	messenger-boy	single	isco	
garbage-man	organism	single	wordnet	
garbage-man	person	accepted	wikidata wordnet	
garbage-man	physical-object	single	wordnet	
garbage-man	picker	single	isco	
garbage-man	porter	single	isco	
garbage-man	property	single	sumo	
garbage-man	remover	single	isco	
garbage-man	stacker	single	isco	
garbage-man	stevedore	single	isco	
garbage-man	sweeper	single	isco	
garbage-man	washer.person	single	isco	
garbage-man	window-washer	single	isco	
garbage-man	worker	single	isco	
gardener	agent	accepted	sumo wordnet	
gardener	agronomist	single	wikidata	
gardener	animal	single	sumo	
gardener	body	single	sumo	
gardener	engineer	single	wikidata	
gardener	expert	single	wordnet	
gardener	farmer	single	wikidata	
gardener	horticulturist	disputed	wordnet	isco wikidata
gardener	human	accepted	opencyc sumo	
gardener	mammal	accepted	opencyc sumo	
gardener	organism	accepted	sumo wordnet	
gardener	person	accepted	sumo wordnet	
gardener	phenomenon	single	sumo	
gardener	physical-object	accepted	sumo wordnet	
gardener	populace	single	sumo	
gardener	research-worker	single	wikidata	
gardener	scientist	single	wikidata	
gardener	self	single	sumo	
gardener	species	single	sumo	
gardener	structure	single	opencyc	
gardener	system	single	opencyc	
gardener	universe	single	sumo	
gardener	vertebrate	accepted	opencyc sumo	
gardener	worker	accepted	isco opencyc wikidata	
garment-cutter	agent	single	wordnet	
garment-cutter	attribute	single	sumo	
garment-cutter	beater	single	isco	
garment-cutter	blaster	single	isco	
garment-cutter	bodybuilder	single	isco	
garment-cutter	builder	single	isco	
garment-cutter	cabinetmaker	single	isco	
garment-cutter	caster.person	single	isco	
garment-cutter	closer	single	isco	
garment-cutter	compositor	single	isco	
garment-cutter	craftsman	single	isco	
garment-cutter	dressmaker	single	isco	
garment-cutter	engraver	single	isco	
garment-cutter	fitter	single	isco	
garment-cutter	glassworker	single	isco	
garment-cutter	grader	single	isco	
garment-cutter	ironworker	single	isco	
garment-cutter	machinist	single	isco	
garment-cutter	maker	single	isco	
garment-cutter	mender	single	isco	
garment-cutter	organism	single	wordnet	
garment-cutter	painter	single	isco	
garment-cutter	patternmaker	single	isco	
garment-cutter	person	single	wordnet	
garment-cutter	physical-object	single	wordnet	
garment-cutter	property	single	sumo	
garment-cutter	refinisher	single	isco	
garment-cutter	rigger	single	isco	
garment-cutter	sewer	single	isco	
garment-cutter	shipwright	single	isco	
garment-cutter	skilled-worker	single	wordnet	
garment-cutter	smith	single	isco	
garment-cutter	spinster	single	isco	
garment-cutter	splitter	single	isco	
garment-cutter	sprayer	single	isco	
garment-cutter	stainer	single	isco	
garment-cutter	stonecutter	single	isco	
garment-cutter	tuner	single	isco	
garment-cutter	turner	single	isco	
garment-cutter	varnisher	single	isco	
garment-cutter	welder	single	isco	
garment-cutter	woodcarver	single	isco	
garment-cutter	worker	accepted	isco wordnet	
gas-fitter	agent	single	wordnet	
gas-fitter	attribute	single	sumo	
gas-fitter	beater	single	isco	
gas-fitter	blaster	single	isco	
gas-fitter	bodybuilder	single	isco	
gas-fitter	builder	single	isco	
gas-fitter	cabinetmaker	single	isco	
gas-fitter	caster.person	single	isco	
gas-fitter	closer	single	isco	
gas-fitter	compositor	single	isco	
gas-fitter	craftsman	accepted	isco wikidata	
gas-fitter	employee	single	wordnet	
gas-fitter	engraver	single	isco	
gas-fitter	fitter	single	isco	
gas-fitter	fixer	single	isco	
gas-fitter	glassworker	single	isco	
gas-fitter	grader	single	isco	
gas-fitter	ironworker	single	isco	
gas-fitter	machinist	single	isco	
gas-fitter	maker	single	isco	
gas-fitter	mason	single	isco	
gas-fitter	mender	single	isco	
gas-fitter	organism	single	wordnet	
gas-fitter	painter	single	isco	
gas-fitter	patternmaker	single	isco	
gas-fitter	person	accepted	wikidata wordnet	
gas-fitter	physical-object	single	wordnet	
gas-fitter	professional	single	wikidata	
gas-fitter	property	single	sumo	
gas-fitter	refinisher	single	isco	
gas-fitter	rigger	single	isco	
gas-fitter	sewer	single	isco	
gas-fitter	shipwright	single	isco	
gas-fitter	smith	single	isco	
gas-fitter	specialist	single	wikidata	
gas-fitter	spinster	single	isco	
gas-fitter	splitter	single	isco	
gas-fitter	sprayer	single	isco	
gas-fitter	stonecutter	single	isco	
gas-fitter	technician	single	wikidata	
gas-fitter	tiler	single	isco	
gas-fitter	tuner	single	isco	
gas-fitter	turner	single	isco	
gas-fitter	varnisher	single	isco	
gas-fitter	welder	single	isco	
gas-fitter	woodcarver	single	isco	
gas-fitter	worker	accepted	isco wikidata wordnet	
genealogist	adviser	single	isco	
genealogist	agent	single	wordnet	
genealogist	analyst.person	single	isco	
genealogist	architect	single	isco	
genealogist	artist	single	isco	
genealogist	attribute	single	sumo	
genealogist	copywriter	single	isco	
genealogist	developer	single	isco	
genealogist	editor	single	isco	
genealogist	educator	single	isco	
genealogist	engineer	single	isco	
genealogist	epidemiologist	single	isco	
genealogist	expert	accepted	isco wordnet	
genealogist	hearer	single	isco	
genealogist	historian	single	wikidata	
genealogist	immunologist	single	isco	
genealogist	organism	single	wordnet	
genealogist	person	single	wordnet	
genealogist	physical-object	single	wordnet	
genealogist	practitioner	single	isco	
genealogist	professional	single	isco	
genealogist	property	single	sumo	
genealogist	reporter	single	isco	
genealogist	research-worker	single	isco	
genealogist	scientist	single	isco	
genealogist	security-consultant	single	isco	
genealogist	specialist	single	isco	
genealogist	sports-announcer	single	isco	
genealogist	systems-analyst	single	isco	
genealogist	translator	single	isco	
genealogist	worker	single	isco	
genealogist	writer	single	isco	
general	skilled-worker	single	wordnet	
general-manager	adult	single	opencyc	
general-manager	agent	single	wordnet	
general-manager	attribute	single	sumo	
general-manager	chief	single	wordnet	
general-manager	human	single	opencyc	
general-manager	leader	single	wordnet	
general-manager	mammal	single	opencyc	
general-manager	manager	single	opencyc	
general-manager	organism	single	wordnet	
general-manager	person	single	wordnet	
general-manager	physical-object	single	wordnet	
general-manager	property	single	sumo	
general-manager	structure	single	opencyc	
general-manager	system	single	opencyc	
general-manager	vertebrate	single	opencyc	
general-manager	worker	accepted	isco opencyc	
geneticist	adult	single	opencyc	
geneticist	adviser	single	isco	
geneticist	agent	single	wordnet	
geneticist	analyst.person	single	isco	
geneticist	architect	single	isco	
geneticist	artist	single	isco	
geneticist	copywriter	single	isco	
geneticist	developer	single	isco	
geneticist	educator	single	isco	
geneticist	engineer	single	isco	
geneticist	epidemiologist	single	isco	
geneticist	expert	single	isco	
geneticist	hearer	single	isco	
geneticist	human	single	opencyc	
geneticist	immunologist	single	isco	
geneticist	mammal	single	opencyc	
geneticist	organism	single	wordnet	
geneticist	person	single	wordnet	
geneticist	physical-object	single	wordnet	
geneticist	practitioner	single	isco	
geneticist	professional	single	isco	
geneticist	research-worker	accepted	isco wikidata	
geneticist	scientist	accepted	isco opencyc wikidata wordnet	
geneticist	security-consultant	single	isco	
geneticist	specialist	single	isco	
geneticist	structure	single	opencyc	
geneticist	surveyor	single	isco	
geneticist	system	single	opencyc	
geneticist	systems-analyst	single	isco	
geneticist	toxicologist	single	isco	
geneticist	vertebrate	single	opencyc	
geneticist	worker	accepted	isco opencyc	
geneticist	writer	single	isco	
geographer	adviser	single	isco	
geographer	agent	single	wordnet	
geographer	analyst.person	single	isco	
geographer	architect	single	isco	
geographer	artist	single	isco	
geographer	copywriter	single	isco	
geographer	developer	single	isco	
geographer	editor	single	isco	
geographer	educator	single	isco	
geographer	engineer	single	isco	
geographer	epidemiologist	single	isco	
geographer	expert	accepted	isco wordnet	
geographer	hearer	single	isco	
geographer	immunologist	single	isco	
geographer	organism	single	wordnet	
geographer	person	single	wordnet	
geographer	physical-object	single	wordnet	
geographer	practitioner	single	isco	
geographer	professional	single	isco	
geographer	reporter	single	isco	
geographer	research-worker	single	isco	
geographer	scientist	single	isco	
geographer	security-consultant	single	isco	
geographer	specialist	single	isco	
geographer	sports-announcer	single	isco	
geographer	systems-analyst	single	isco	
geographer	translator	single	isco	
geographer	worker	single	isco	
geographer	writer	single	isco	
geologist	adult	single	opencyc	
geologist	adviser	single	isco	
geologist	agent	single	wordnet	
geologist	analyst.person	single	isco	
geologist	architect	single	isco	
geologist	artist	single	isco	
geologist	copywriter	single	isco	
geologist	developer	single	isco	
geologist	educator	single	isco	
geologist	engineer	single	isco	
geologist	epidemiologist	single	isco	
geologist	expert	single	isco	
geologist	hearer	single	isco	
geologist	human	single	opencyc	
geologist	immunologist	single	isco	
geologist	mammal	single	opencyc	
geologist	organism	single	wordnet	
geologist	person	single	wordnet	
geologist	physical-object	single	wordnet	
geologist	practitioner	single	isco	
geologist	professional	single	isco	
geologist	research-worker	single	isco	
geologist	scientist	accepted	isco opencyc wordnet	
geologist	security-consultant	single	isco	
geologist	specialist	single	isco	
geologist	structure	single	opencyc	
geologist	surveyor	single	isco	
geologist	system	single	opencyc	
geologist	systems-analyst	single	isco	
geologist	vertebrate	single	opencyc	
geologist	worker	accepted	isco opencyc	
geologist	writer	single	isco	
geophysicist	adult	single	opencyc	
geophysicist	adviser	single	isco	
geophysicist	agent	single	wordnet	
geophysicist	analyst.person	single	isco	
geophysicist	architect	single	isco	
geophysicist	artist	single	isco	
geophysicist	attribute	single	sumo	
geophysicist	copywriter	single	isco	
geophysicist	developer	single	isco	
geophysicist	educator	single	isco	
geophysicist	engineer	single	isco	
geophysicist	epidemiologist	single	isco	
geophysicist	expert	single	isco	
geophysicist	geologist	accepted	wikidata wordnet	
geophysicist	hearer	single	isco	
geophysicist	human	single	opencyc	
geophysicist	immunologist	single	isco	
geophysicist	mammal	single	opencyc	
geophysicist	organism	single	wordnet	
geophysicist	person	single	wordnet	
geophysicist	physical-object	single	wordnet	
geophysicist	practitioner	single	isco	
geophysicist	professional	single	isco	
geophysicist	property	single	sumo	
geophysicist	research-worker	accepted	isco wikidata	
geophysicist	scientist	accepted	isco opencyc wikidata wordnet	
geophysicist	security-consultant	single	isco	
geophysicist	specialist	single	isco	
geophysicist	structure	single	opencyc	
geophysicist	surveyor	single	isco	
geophysicist	system	single	opencyc	
geophysicist	systems-analyst	single	isco	
geophysicist	vertebrate	single	opencyc	
geophysicist	worker	accepted	isco opencyc	
geophysicist	writer	single	isco	
ghostwriter	communicator	single	wordnet	
gilder	agent	single	wordnet	
gilder	attribute	single	sumo	
gilder	beater	single	isco	
gilder	blaster	single	isco	
gilder	bodybuilder	single	isco	
gilder	builder	single	isco	
gilder	cabinetmaker	single	isco	
gilder	caster.person	single	isco	
gilder	closer	single	isco	
gilder	compositor	single	isco	
gilder	craftsman	accepted	isco wikidata	
gilder	engraver	single	isco	
gilder	etcher	single	isco	
gilder	fitter	single	isco	
gilder	glassworker	single	isco	
gilder	grader	single	isco	
gilder	ironworker	single	isco	
gilder	machinist	single	isco	
gilder	maker	single	isco	
gilder	mender	single	isco	
gilder	mounter	single	isco	
gilder	organism	single	wordnet	
gilder	painter	single	isco	
gilder	patternmaker	single	isco	
gilder	person	accepted	wikidata wordnet	
gilder	physical-object	single	wordnet	
gilder	pressman	single	isco	
gilder	property	single	sumo	
gilder	refinisher	single	isco	
gilder	rigger	single	isco	
gilder	sewer	single	isco	
gilder	shipwright	single	isco	
gilder	skilled-worker	single	wordnet	
gilder	smith	single	isco	
gilder	spinster	single	isco	
gilder	splitter	single	isco	
gilder	sprayer	single	isco	
gilder	stamper	single	isco	
gilder	stonecutter	single	isco	
gilder	transferer	single	isco	
gilder	tuner	single	isco	
gilder	turner	single	isco	
gilder	varnisher	single	isco	
gilder	welder	single	isco	
gilder	woodcarver	single	isco	
gilder	worker	accepted	isco wordnet	
girl	adult	single	wordnet	
girl	agent	accepted	sumo wordnet	
girl	animal	single	sumo	
girl	body	single	sumo	
girl	human	single	sumo	
girl	lady	single	sumo	
girl	mammal	single	sumo	
girl	organism	accepted	sumo wordnet	
girl	person	accepted	sumo wordnet	
girl	phenomenon	single	sumo	
girl	physical-object	accepted	sumo wordnet	
girl	populace	single	sumo	
girl	self	single	sumo	
girl	species	single	sumo	
girl	universe	single	sumo	
girl	vertebrate	single	sumo	
girl	woman	accepted	sumo wordnet	
girl	worker	single	isco	
glass-cutter.person	agent	single	wordnet	
glass-cutter.person	attribute	single	sumo	
glass-cutter.person	beater	single	isco	
glass-cutter.person	blaster	single	isco	
glass-cutter.person	bodybuilder	single	isco	
glass-cutter.person	builder	single	isco	
glass-cutter.person	cabinetmaker	single	isco	
glass-cutter.person	caster.person	single	isco	
glass-cutter.person	closer	single	isco	
glass-cutter.person	compositor	single	isco	
glass-cutter.person	craftsman	accepted	isco wikidata	
glass-cutter.person	engraver	accepted	isco wikidata	
glass-cutter.person	etcher	single	isco	
glass-cutter.person	fitter	single	isco	
glass-cutter.person	glassworker	accepted	isco wikidata	
glass-cutter.person	grader	single	isco	
glass-cutter.person	ironworker	single	isco	
glass-cutter.person	machinist	single	isco	
glass-cutter.person	maker	single	isco	
glass-cutter.person	mender	single	isco	
glass-cutter.person	mounter	single	isco	
glass-cutter.person	organism	single	wordnet	
glass-cutter.person	painter	single	isco	
glass-cutter.person	patternmaker	single	isco	
glass-cutter.person	person	accepted	wikidata wordnet	
glass-cutter.person	physical-object	single	wordnet	
glass-cutter.person	property	single	sumo	
glass-cutter.person	refinisher	single	isco	
glass-cutter.person	rigger	single	isco	
glass-cutter.person	sewer	single	isco	
glass-cutter.person	shipwright	single	isco	
glass-cutter.person	skilled-worker	single	wordnet	
glass-cutter.person	smith	single	isco	
glass-cutter.person	spinster	single	isco	
glass-cutter.person	splitter	single	isco	
glass-cutter.person	sprayer	single	isco	
glass-cutter.person	stamper	single	isco	
glass-cutter.person	stonecutter	single	isco	
glass-cutter.person	transferer	single	isco	
glass-cutter.person	tuner	single	isco	
glass-cutter.person	turner	single	isco	
glass-cutter.person	varnisher	single	isco	
glass-cutter.person	weaver	single	isco	
glass-cutter.person	welder	single	isco	
glass-cutter.person	woodcarver	single	isco	
glass-cutter.person	worker	accepted	isco wordnet	
glassblower	agent	single	wordnet	
glassblower	attribute	single	sumo	
glassblower	beater	single	isco	
glassblower	blaster	single	isco	
glassblower	bodybuilder	single	isco	
glassblower	builder	single	isco	
glassblower	cabinetmaker	single	isco	
glassblower	caster.person	single	isco	
glassblower	closer	single	isco	
glassblower	compositor	single	isco	
glassblower	craftsman	accepted	isco wordnet	
glassblower	engraver	single	isco	
glassblower	etcher	single	isco	
glassblower	fitter	single	isco	
glassblower	glassworker	single	isco	
glassblower	grader	single	isco	
glassblower	ironworker	single	isco	
glassblower	machinist	single	isco	
glassblower	maker	single	isco	
glassblower	mender	single	isco	
glassblower	mounter	single	isco	
glassblower	organism	single	wordnet	
glassblower	painter	single	isco	
glassblower	patternmaker	single	isco	
glassblower	person	single	wordnet	
glassblower	physical-object	single	wordnet	
glassblower	property	single	sumo	
glassblower	refinisher	single	isco	
glassblower	rigger	single	isco	
glassblower	sewer	single	isco	
glassblower	shipwright	single	isco	
glassblower	skilled-worker	single	wordnet	
glassblower	smith	single	isco	
glassblower	spinster	single	isco	
glassblower	splitter	single	isco	
glassblower	sprayer	single	isco	
glassblower	stamper	single	isco	
glassblower	stonecutter	single	isco	
glassblower	transferer	single	isco	
glassblower	tuner	single	isco	
glassblower	turner	single	isco	
glassblower	varnisher	single	isco	
glassblower	weaver	single	isco	
glassblower	welder	single	isco	
glassblower	woodcarver	single	isco	
glassblower	worker	accepted	isco wordnet	
glassworker	agent	single	wordnet	
glassworker	attribute	single	sumo	
glassworker	craftsman	accepted	wikidata wordnet	
glassworker	organism	single	wordnet	
glassworker	person	accepted	wikidata wordnet	
glassworker	physical-object	single	wordnet	
glassworker	property	single	sumo	
glassworker	skilled-worker	single	wordnet	
glassworker	worker	accepted	isco wordnet	
gloom	companion	single	sumo	
glory	companion	single	sumo	
goalkeeper	cameraman	single	isco	
goalkeeper	hockey-player	single	wordnet	
goalkeeper	inquiry-agent	single	isco	
goalkeeper	inspector	single	isco	
goalkeeper	paralegal	single	isco	
goalkeeper	promoter	single	isco	
goalkeeper	sportsman	single	wikidata	
goalkeeper	technician	single	isco	
goat-herder	agent	single	wordnet	
goat-herder	attribute	single	sumo	
goat-herder	breeder	disputed	wikidata	isco
goat-herder	employee	single	wordnet	
goat-herder	farmer	single	wikidata	
goat-herder	herder	disputed	wikidata wordnet	isco
goat-herder	hired-hand	single	wordnet	
goat-herder	laborer	single	wordnet	
goat-herder	organism	single	wordnet	
goat-herder	peasant	single	wikidata	
goat-herder	person	single	wordnet	
goat-herder	physical-object	single	wordnet	
goat-herder	property	single	sumo	
goat-herder	rancher	disputed	wikidata	isco
goat-herder	worker	accepted	isco wordnet	
gold-miner	agent	single	wordnet	
gold-miner	attribute	single	sumo	
gold-miner	digger	single	isco	
gold-miner	drawer.person	single	isco	
gold-miner	employee	single	wordnet	
gold-miner	laborer	single	wordnet	
gold-miner	miner	accepted	wikidata wordnet	
gold-miner	operator	single	isco	
gold-miner	organism	single	wordnet	
gold-miner	person	accepted	wikidata wordnet	
gold-miner	physical-object	single	wordnet	
gold-miner	property	single	sumo	
gold-miner	traveler	single	wikidata	
gold-miner	worker	accepted	isco wordnet	
goldbeater	agent	single	wordnet	
goldbeater	attribute	single	sumo	
goldbeater	beater	single	isco	
goldbeater	blaster	single	isco	
goldbeater	bodybuilder	single	isco	
goldbeater	builder	single	isco	
goldbeater	cabinetmaker	single	isco	
goldbeater	caster.person	single	isco	
goldbeater	closer	single	isco	
goldbeater	compositor	single	isco	
goldbeater	craftsman	accepted	isco wikidata wordnet	
goldbeater	engraver	single	isco	
goldbeater	etcher	single	isco	
goldbeater	fitter	single	isco	
goldbeater	glassworker	single	isco	
goldbeater	grader	single	isco	
goldbeater	ironworker	single	isco	
goldbeater	machinist	single	isco	
goldbeater	maker	single	isco	
goldbeater	mender	single	isco	
goldbeater	mounter	single	isco	
goldbeater	organism	single	wordnet	
goldbeater	painter	single	isco	
goldbeater	patternmaker	single	isco	
goldbeater	person	accepted	wikidata wordnet	
goldbeater	physical-object	single	wordnet	
goldbeater	property	single	sumo	
goldbeater	refinisher	single	isco	
goldbeater	rigger	single	isco	
goldbeater	sewer	single	isco	
goldbeater	shipwright	single	isco	
goldbeater	skilled-worker	single	wordnet	
goldbeater	smith	single	isco	
goldbeater	spinster	single	isco	
goldbeater	splitter	single	isco	
goldbeater	sprayer	single	isco	
goldbeater	stamper	single	isco	
goldbeater	stonecutter	single	isco	
goldbeater	transferer	single	isco	
goldbeater	tuner	single	isco	
goldbeater	turner	single	isco	
goldbeater	varnisher	single	isco	
goldbeater	weaver	single	isco	
goldbeater	welder	single	isco	
goldbeater	woodcarver	single	isco	
goldbeater	worker	accepted	isco wordnet	
goldsmith	agent	single	wordnet	
goldsmith	attribute	single	sumo	
goldsmith	beater	single	isco	
goldsmith	blaster	single	isco	
goldsmith	bodybuilder	single	isco	
goldsmith	builder	single	isco	
goldsmith	businessman	single	wikidata	
goldsmith	cabinetmaker	single	isco	
goldsmith	caster.person	single	isco	
goldsmith	closer	single	isco	
goldsmith	compositor	single	isco	
goldsmith	craftsman	single	isco	
goldsmith	engraver	single	isco	
goldsmith	etcher	single	isco	
goldsmith	fitter	single	isco	
goldsmith	glassworker	single	isco	
goldsmith	grader	single	isco	
goldsmith	human	single	opencyc	
goldsmith	ironworker	single	isco	
goldsmith	jewelry-maker	accepted	wikidata wordnet	
goldsmith	machinist	single	isco	
goldsmith	maker	accepted	isco wordnet	
goldsmith	mammal	single	opencyc	
goldsmith	mender	single	isco	
goldsmith	merchant	single	wikidata	
goldsmith	mounter	single	isco	
goldsmith	organism	single	wordnet	
goldsmith	painter	single	isco	
goldsmith	patternmaker	single	isco	
goldsmith	person	single	wordnet	
goldsmith	physical-object	single	wordnet	
goldsmith	property	single	sumo	
goldsmith	refinisher	single	isco	
goldsmith	rigger	single	isco	
goldsmith	sewer	single	isco	
goldsmith	shipwright	single	isco	
goldsmith	smith	single	isco	
goldsmith	spinster	single	isco	
goldsmith	splitter	single	isco	
goldsmith	sprayer	single	isco	
goldsmith	stamper	single	isco	
goldsmith	stonecutter	single	isco	
goldsmith	structure	single	opencyc	
goldsmith	system	single	opencyc	
goldsmith	transferer	single	isco	
goldsmith	tuner	single	isco	
goldsmith	turner	single	isco	
goldsmith	varnisher	single	isco	
goldsmith	vertebrate	single	opencyc	
goldsmith	weaver	single	isco	
goldsmith	welder	single	isco	
goldsmith	woodcarver	single	isco	
goldsmith	worker	accepted	isco opencyc wikidata	
golfer	agent	single	wordnet	
golfer	athlete	accepted	opencyc wikidata	
golfer	cameraman	single	isco	
golfer	detective	single	isco	
golfer	human	single	opencyc	
golfer	inquiry-agent	single	isco	
golfer	inspector	single	isco	
golfer	mammal	single	opencyc	
golfer	man	single	isco	
golfer	organism	single	wordnet	
golfer	paralegal	single	isco	
golfer	person	single	wordnet	
golfer	physical-object	single	wordnet	
golfer	player	single	wordnet	
golfer	promoter	single	isco	
golfer	sportsman	single	wikidata	
golfer	structure	single	opencyc	
golfer	supervisor	single	isco	
golfer	system	single	opencyc	
golfer	technician	single	isco	
golfer	vertebrate	single	opencyc	
golfer	woman	single	isco	
golfer	worker	accepted	isco opencyc	
good	companion	single	sumo	
good-name	companion	single	sumo	
good-repute	companion	single	sumo	
governess	adjutant	single	isco	
governess	adult	single	wordnet	
governess	agent	single	wordnet	
governess	attribute	single	sumo	
governess	ayah	single	isco	
governess	bodyguard	single	isco	
governess	companion	single	isco	
governess	concierge	single	isco	
governess	educator	single	wordnet	
governess	gamekeeper	single	isco	
governess	guard	single	isco	
governess	host	single	isco	
governess	hostess	single	isco	
governess	keeper	single	isco	
governess	organism	single	wordnet	
governess	person	single	wordnet	
governess	physical-object	single	wordnet	
governess	professional	single	wordnet	
governess	property	single	sumo	
governess	servant	single	wikidata	
governess	teacher	single	wordnet	
governess	worker	accepted	isco wikidata	
governor	politician.person	disputed	wordnet	isco
governor-general	agent	single	wordnet	
governor-general	chairman	single	isco	
governor-general	chancellor-of-the-exchequer	single	isco	
governor-general	chief	single	isco	
governor-general	department-head	single	isco	
governor-general	general-manager	single	isco	
governor-general	governor	accepted	isco wikidata wordnet	
governor-general	leader	accepted	wikidata wordnet	
governor-general	manager	single	isco	
governor-general	member	single	isco	
governor-general	organism	single	wordnet	
governor-general	person	accepted	wikidata wordnet	
governor-general	physical-object	single	wordnet	
governor-general	politician.person	single	wordnet	
governor-general	president.person	single	isco	
governor-general	secretary-general	single	isco	
governor-general	worker	single	isco	
grace	companion	single	sumo	
grader	agent	single	wordnet	
grader	attribute	single	sumo	
grader	authority	single	wordnet	
grader	expert	single	wordnet	
grader	organism	single	wordnet	
grader	person	single	wordnet	
grader	physical-object	single	wordnet	
grader	property	single	sumo	
grader	worker	single	isco	
graphic-designer	adviser	single	isco	
graphic-designer	agent	single	wordnet	
graphic-designer	analyst.person	single	isco	
graphic-designer	architect	single	isco	
graphic-designer	artist	single	isco	
graphic-designer	copywriter	single	isco	
graphic-designer	developer	single	isco	
graphic-designer	educator	single	isco	
graphic-designer	engineer	single	isco	
graphic-designer	epidemiologist	single	isco	
graphic-designer	expert	accepted	isco wordnet	
graphic-designer	hearer	single	isco	
graphic-designer	immunologist	single	isco	
graphic-designer	organism	single	wordnet	
graphic-designer	person	single	wordnet	
graphic-designer	physical-object	single	wordnet	
graphic-designer	practitioner	single	isco	
graphic-designer	professional	single	isco	
graphic-designer	research-worker	single	isco	
graphic-designer	scientist	single	isco	
graphic-designer	security-consultant	single	isco	
graphic-designer	specialist	accepted	isco wordnet	
graphic-designer	surveyor	single	isco	
graphic-designer	systems-analyst	single	isco	
graphic-designer	worker	single	isco	
graphic-designer	writer	single	isco	
graphologist	adviser	single	isco	
graphologist	agent	single	wordnet	
graphologist	analyst.person	single	isco	
graphologist	architect	single	isco	
graphologist	artist	single	isco	
graphologist	attribute	single	sumo	
graphologist	copywriter	single	isco	
graphologist	developer	single	isco	
graphologist	editor	single	isco	
graphologist	educator	single	isco	
graphologist	engineer	single	isco	
graphologist	epidemiologist	single	isco	
graphologist	expert	accepted	isco wordnet	
graphologist	hearer	single	isco	
graphologist	immunologist	single	isco	
graphologist	organism	single	wordnet	
graphologist	person	single	wordnet	
graphologist	physical-object	single	wordnet	
graphologist	practitioner	single	isco	
graphologist	professional	single	isco	
graphologist	property	single	sumo	
graphologist	reporter	single	isco	
graphologist	research-worker	single	isco	
graphologist	scientist	single	isco	
graphologist	security-consultant	single	isco	
graphologist	specialist	accepted	isco wordnet	
graphologist	sports-announcer	single	isco	
graphologist	systems-analyst	single	isco	
graphologist	translator	single	isco	
graphologist	worker	single	isco	
graphologist	writer	single	isco	
grazier	agent	single	wordnet	
grazier	agriculturist	single	isco	
grazier	attribute	single	sumo	
grazier	breeder	single	isco	
grazier	cowboy	single	isco	
grazier	farmer	accepted	isco wordnet	
grazier	farmhand	single	isco	
grazier	fisherman	single	isco	
grazier	forester	single	isco	
grazier	gardener	single	isco	
grazier	goat-herder	single	isco	
grazier	hunter	single	isco	
grazier	organism	single	wordnet	
grazier	person	single	wordnet	
grazier	physical-object	single	wordnet	
grazier	plantation-owner	single	isco	
grazier	property	single	sumo	
grazier	raiser	single	isco	
grazier	rancher	single	wordnet	
grazier	shepherd	single	isco	
grazier	trapper	single	isco	
grazier	worker	single	isco	
grip	companion	single	sumo	
grip.person	agent	accepted	sumo wordnet	
grip.person	animal	single	sumo	
grip.person	beater	single	isco	
grip.person	blaster	single	isco	
grip.person	body	single	sumo	
grip.person	bodybuilder	single	isco	
grip.person	builder	single	isco	
grip.person	cabinetmaker	single	isco	
grip.person	caster.person	single	isco	
grip.person	closer	single	isco	
grip.person	compositor	single	isco	
grip.person	craftsman	single	isco	
grip.person	engraver	single	isco	
grip.person	fitter	single	isco	
grip.person	glassworker	single	isco	
grip.person	grader	single	isco	
grip.person	human	single	sumo	
grip.person	ironworker	single	isco	
grip.person	machinist	single	isco	
grip.person	maker	single	isco	
grip.person	mammal	single	sumo	
grip.person	mender	single	isco	
grip.person	organism	accepted	sumo wordnet	
grip.person	painter	single	isco	
grip.person	patternmaker	single	isco	
grip.person	person	accepted	sumo wordnet	
grip.person	phenomenon	single	sumo	
grip.person	physical-object	accepted	sumo wordnet	
grip.person	populace	single	sumo	
grip.person	refinisher	single	isco	
grip.person	rigger	single	isco	
grip.person	self	single	sumo	
grip.person	sewer	single	isco	
grip.person	shipwright	single	isco	
grip.person	skilled-worker	single	wordnet	
grip.person	smith	single	isco	
grip.person	species	single	sumo	
grip.person	spinster	single	isco	
grip.person	splitter	single	isco	
grip.person	sprayer	single	isco	
grip.person	stonecutter	single	isco	
grip.person	tuner	single	isco	
grip.person	turner	single	isco	
grip.person	universe	single	sumo	
grip.person	varnisher	single	isco	
grip.person	vertebrate	single	sumo	
grip.person	welder	single	isco	
grip.person	woodcarver	single	isco	
grip.person	worker	accepted	isco wordnet	
groom	adult	single	wikidata	
groom	agent	single	wordnet	
groom	animal	single	wikidata	
groom	animal-trainer	single	isco	
groom	associate	single	wordnet	
groom	bearer	single	isco	
groom	girl	single	isco	
groom	hired-hand	single	isco	
groom	human	single	opencyc	
groom	laborer	single	isco	
groom	male-child	single	isco	
groom	mammal	single	opencyc	
groom	man	single	wikidata	
groom	messenger-boy	single	isco	
groom	organism	accepted	wikidata wordnet	
groom	participant	single	wordnet	
groom	peer	single	wordnet	
groom	person	single	wordnet	
groom	physical-object	accepted	wikidata wordnet	
groom	picker	single	isco	
groom	porter	single	isco	
groom	remover	single	isco	
groom	stacker	single	isco	
groom	stevedore	single	isco	
groom	structure	single	opencyc	
groom	sweeper	single	isco	
groom	system	single	opencyc	
groom	vertebrate	single	opencyc	
groom	washer.person	single	isco	
groom	window-washer	single	isco	
groom	worker	single	isco	
grounds	companion	single	sumo	
groundsman	agent	single	wordnet	
groundsman	agriculturist	single	isco	
groundsman	agronomist	single	wikidata	
groundsman	artist	single	wikidata	
groundsman	attribute	single	sumo	
groundsman	cowboy	single	isco	
groundsman	employee	single	wordnet	
groundsman	engineer	single	wikidata	
groundsman	farmer	accepted	isco wikidata	
groundsman	farmhand	single	isco	
groundsman	fisherman	single	isco	
groundsman	forester	single	isco	
groundsman	gardener	accepted	isco wikidata	
groundsman	goat-herder	single	isco	
groundsman	hunter	single	isco	
groundsman	organism	single	wordnet	
groundsman	person	accepted	wikidata wordnet	
groundsman	physical-object	single	wordnet	
groundsman	plantation-owner	single	isco	
groundsman	property	single	sumo	
groundsman	research-worker	single	wikidata	
groundsman	scientist	single	wikidata	
groundsman	shepherd	single	isco	
groundsman	trapper	single	isco	
groundsman	worker	accepted	isco wikidata wordnet	
guard	football-player	single	opencyc	
guerrilla	skilled-worker	single	opencyc	
guest	traveler	single	wordnet	
guilt	companion	single	sumo	
guitarist	adviser	single	isco	
guitarist	agent	single	wordnet	
guitarist	analyst.person	single	isco	
guitarist	architect	single	isco	
guitarist	artist	accepted	isco opencyc	
guitarist	copywriter	single	isco	
guitarist	developer	single	isco	
guitarist	editor	single	isco	
guitarist	educator	single	isco	
guitarist	engineer	single	isco	
guitarist	epidemiologist	single	isco	
guitarist	expert	single	isco	
guitarist	hearer	single	isco	
guitarist	human	single	opencyc	
guitarist	immunologist	single	isco	
guitarist	instrumentalist	single	wordnet	
guitarist	mammal	single	opencyc	
guitarist	musician	single	opencyc	
guitarist	organism	single	wordnet	
guitarist	performer	single	wordnet	
guitarist	person	single	wordnet	
guitarist	physical-object	single	wordnet	
guitarist	practitioner	single	isco	
guitarist	professional	accepted	isco opencyc	
guitarist	reporter	single	isco	
guitarist	research-worker	single	isco	
guitarist	scientist	single	isco	
guitarist	security-consultant	single	isco	
guitarist	skilled-worker	single	opencyc	
guitarist	specialist	single	isco	
guitarist	sports-announcer	single	isco	
guitarist	structure	single	opencyc	
guitarist	system	single	opencyc	
guitarist	systems-analyst	single	isco	
guitarist	translator	single	isco	
guitarist	vertebrate	single	opencyc	
guitarist	worker	accepted	isco opencyc	
guitarist	writer	single	isco	
gunsmith	agent	single	wordnet	
gunsmith	attribute	single	sumo	
gunsmith	beater	single	isco	
gunsmith	blaster	single	isco	
gunsmith	bodybuilder	single	isco	
gunsmith	builder	single	isco	
gunsmith	cabinetmaker	single	isco	
gunsmith	caster.person	single	isco	
gunsmith	closer	single	isco	
gunsmith	compositor	single	isco	
gunsmith	craftsman	accepted	isco wikidata	
gunsmith	engraver	single	isco	
gunsmith	fitter	single	isco	
gunsmith	glassworker	single	isco	
gunsmith	grader	single	isco	
gunsmith	ironworker	single	isco	
gunsmith	machinist	single	isco	
gunsmith	maker	single	isco	
gunsmith	mender	single	isco	
gunsmith	organism	single	wordnet	
gunsmith	painter	single	isco	
gunsmith	patternmaker	single	isco	
gunsmith	person	accepted	wikidata wordnet	
gunsmith	physical-object	single	wordnet	
gunsmith	property	single	sumo	
gunsmith	refinisher	single	isco	
gunsmith	rigger	single	isco	
gunsmith	sewer	single	isco	
gunsmith	shipwright	single	isco	
gunsmith	skilled-worker	single	wordnet	
gunsmith	smith	accepted	isco wordnet	
gunsmith	spinster	single	isco	
gunsmith	splitter	single	isco	
gunsmith	sprayer	single	isco	
gunsmith	stonecutter	single	isco	
gunsmith	tuner	single	isco	
gunsmith	turner	single	isco	
gunsmith	varnisher	single	isco	
gunsmith	welder	single	isco	
gunsmith	woodcarver	single	isco	
gunsmith	worker	accepted	isco wordnet	
habit	companion	single	sumo	
hairdresser	adjutant	single	isco	
hairdresser	agent	single	wordnet	
hairdresser	attribute	single	sumo	
hairdresser	bodyguard	single	isco	
hairdresser	companion	single	isco	
hairdresser	concierge	single	isco	
hairdresser	craftsman	single	wordnet	
hairdresser	gamekeeper	single	isco	
hairdresser	guard	single	isco	
hairdresser	host	single	isco	
hairdresser	hostess	single	isco	
hairdresser	keeper	single	isco	
hairdresser	organism	single	wordnet	
hairdresser	person	single	wordnet	
hairdresser	physical-object	single	wordnet	
hairdresser	property	single	sumo	
hairdresser	skilled-worker	single	wordnet	
hairdresser	steward.person	single	isco	
hairdresser	stewardess	single	isco	
hairdresser	worker	accepted	isco wordnet	
handyman	agent	single	wordnet	
handyman	animal-trainer	single	isco	
handyman	attribute	single	sumo	
handyman	bearer	single	isco	
handyman	girl	single	isco	
handyman	hired-hand	single	isco	
handyman	human	single	opencyc	
handyman	laborer	single	isco	
handyman	male-child	single	isco	
handyman	mammal	single	opencyc	
handyman	mender	single	wordnet	
handyman	messenger-boy	single	isco	
handyman	organism	single	wordnet	
handyman	person	single	wordnet	
handyman	physical-object	single	wordnet	
handyman	picker	single	isco	
handyman	porter	single	isco	
handyman	property	single	sumo	
handyman	remover	single	isco	
handyman	skilled-worker	single	wordnet	
handyman	stacker	single	isco	
handyman	stevedore	single	isco	
handyman	structure	single	opencyc	
handyman	sweeper	single	isco	
handyman	system	single	opencyc	
handyman	vertebrate	single	opencyc	
handyman	washer.person	single	isco	
handyman	window-washer	single	isco	
handyman	worker	accepted	isco opencyc wordnet	
hanger.person	agent	accepted	sumo wordnet	
hanger.person	animal	single	sumo	
hanger.person	beater	single	isco	
hanger.person	blaster	single	isco	
hanger.person	body	single	sumo	
hanger.person	bodybuilder	single	isco	
hanger.person	builder	single	isco	
hanger.person	cabinetmaker	single	isco	
hanger.person	caster.person	single	isco	
hanger.person	closer	single	isco	
hanger.person	compositor	single	isco	
hanger.person	craftsman	single	isco	
hanger.person	engraver	single	isco	
hanger.person	fitter	single	isco	
hanger.person	fixer	single	isco	
hanger.person	glassworker	single	isco	
hanger.person	grader	single	isco	
hanger.person	human	single	sumo	
hanger.person	ironworker	single	isco	
hanger.person	machinist	single	isco	
hanger.person	maker	single	isco	
hanger.person	mammal	single	sumo	
hanger.person	mason	single	isco	
hanger.person	mender	single	isco	
hanger.person	organism	accepted	sumo wordnet	
hanger.person	painter	single	isco	
hanger.person	patternmaker	single	isco	
hanger.person	person	accepted	sumo wordnet	
hanger.person	phenomenon	single	sumo	
hanger.person	physical-object	accepted	sumo wordnet	
hanger.person	populace	single	sumo	
hanger.person	refinisher	single	isco	
hanger.person	rigger	single	isco	
hanger.person	self	single	sumo	
hanger.person	sewer	single	isco	
hanger.person	shipwright	single	isco	
hanger.person	smith	single	isco	
hanger.person	species	single	sumo	
hanger.person	spinster	single	isco	
hanger.person	splitter	single	isco	
hanger.person	sprayer	single	isco	
hanger.person	stonecutter	single	isco	
hanger.person	tuner	single	isco	
hanger.person	turner	single	isco	
hanger.person	universe	single	sumo	
hanger.person	varnisher	single	isco	
hanger.person	vertebrate	single	sumo	
hanger.person	welder	single	isco	
hanger.person	woodcarver	single	isco	
hanger.person	worker	accepted	isco wordnet	
harmony	companion	single	sumo	
harpist	adviser	single	isco	
harpist	agent	single	wordnet	
harpist	analyst.person	single	isco	
harpist	architect	single	isco	
harpist	artist	single	isco	
harpist	attribute	single	sumo	
harpist	copywriter	single	isco	
harpist	developer	single	isco	
harpist	editor	single	isco	
harpist	educator	single	isco	
harpist	engineer	single	isco	
harpist	epidemiologist	single	isco	
harpist	expert	single	isco	
harpist	hearer	single	isco	
harpist	immunologist	single	isco	
harpist	instrumentalist	single	wordnet	
harpist	organism	single	wordnet	
harpist	performer	single	wordnet	
harpist	person	single	wordnet	
harpist	physical-object	single	wordnet	
harpist	practitioner	single	isco	
harpist	professional	single	isco	
harpist	property	single	sumo	
harpist	reporter	single	isco	
harpist	research-worker	single	isco	
harpist	scientist	single	isco	
harpist	security-consultant	single	isco	
harpist	specialist	single	isco	
harpist	sports-announcer	single	isco	
harpist	systems-analyst	single	isco	
harpist	translator	single	isco	
harpist	worker	single	isco	
harpist	writer	single	isco	
harpooner	agent	single	wordnet	
harpooner	agriculturist	single	isco	
harpooner	attribute	single	sumo	
harpooner	cowboy	single	isco	
harpooner	farmer	single	isco	
harpooner	farmhand	single	isco	
harpooner	fisherman	single	isco	
harpooner	forester	single	isco	
harpooner	gardener	single	isco	
harpooner	goat-herder	single	isco	
harpooner	hunter	single	isco	
harpooner	organism	single	wordnet	
harpooner	person	single	wordnet	
harpooner	physical-object	single	wordnet	
harpooner	plantation-owner	single	isco	
harpooner	property	single	sumo	
harpooner	shepherd	single	isco	
harpooner	skilled-worker	single	wordnet	
harpooner	skipper	single	isco	
harpooner	trapper	single	isco	
harpooner	worker	accepted	isco wordnet	
head-of-state	adult	single	opencyc	
head-of-state	agent	single	wordnet	
head-of-state	attribute	single	sumo	
head-of-state	chairman	single	isco	
head-of-state	chancellor-of-the-exchequer	single	isco	
head-of-state	chief	single	isco	
head-of-state	communicator	single	wordnet	
head-of-state	department-head	single	isco	
head-of-state	general-manager	single	isco	
head-of-state	governor	single	isco	
head-of-state	human	single	opencyc	
head-of-state	leader	single	wikidata	
head-of-state	mammal	single	opencyc	
head-of-state	manager	single	isco	
head-of-state	member	single	isco	
head-of-state	occupation	single	yago	
head-of-state	organism	single	wordnet	
head-of-state	person	accepted	wikidata wordnet yago	
head-of-state	physical-object	single	wordnet	
head-of-state	politician	accepted	opencyc wikidata	
head-of-state	president.person	single	isco	
head-of-state	professional	single	wikidata	
head-of-state	property	single	sumo	
head-of-state	representative	single	wordnet	
head-of-state	secretary-general	single	isco	
head-of-state	specialist	single	wikidata	
head-of-state	structure	single	opencyc	
head-of-state	system	single	opencyc	
head-of-state	vertebrate	single	opencyc	
head-of-state	worker	accepted	isco opencyc wikidata	
headhunter	adult	single	opencyc	
headhunter	adviser	single	isco	
headhunter	agent	accepted	sumo wordnet	
headhunter	analyst.person	single	isco	
headhunter	animal	single	sumo	
headhunter	architect	single	isco	
headhunter	artist	single	isco	
headhunter	body	single	sumo	
headhunter	copywriter	single	isco	
headhunter	developer	single	isco	
headhunter	educator	single	isco	
headhunter	engineer	single	isco	
headhunter	epidemiologist	single	isco	
headhunter	expert	single	isco	
headhunter	hearer	single	isco	
headhunter	human	accepted	opencyc sumo	
headhunter	immunologist	single	isco	
headhunter	mammal	accepted	opencyc sumo	
headhunter	organism	accepted	sumo wordnet	
headhunter	person	accepted	sumo wordnet	
headhunter	phenomenon	single	sumo	
headhunter	physical-object	accepted	sumo wordnet	
headhunter	populace	single	sumo	
headhunter	practitioner	single	isco	
headhunter	professional	accepted	isco opencyc	
headhunter	research-worker	single	isco	
headhunter	scientist	single	isco	
headhunter	security-consultant	single	isco	
headhunter	self	single	sumo	
headhunter	skilled-worker	single	opencyc	
headhunter	specialist	single	isco	
headhunter	species	single	sumo	
headhunter	structure	single	opencyc	
headhunter	system	single	opencyc	
headhunter	systems-analyst	single	isco	
headhunter	universe	single	sumo	
headhunter	vertebrate	accepted	opencyc sumo	
headhunter	worker	accepted	isco opencyc	
headhunter	writer	single	isco	
headhunter.person	adviser	single	isco	
headhunter.person	agent	single	wordnet	
headhunter.person	analyst.person	single	isco	
headhunter.person	architect	single	isco	
headhunter.person	artist	single	isco	
headhunter.person	attribute	single	sumo	
headhunter.person	copywriter	single	isco	
headhunter.person	developer	single	isco	
headhunter.person	educator	single	isco	
headhunter.person	engineer	single	isco	
headhunter.person	epidemiologist	single	isco	
headhunter.person	expert	single	isco	
headhunter.person	hearer	single	isco	
headhunter.person	immunologist	single	isco	
headhunter.person	organism	single	wordnet	
headhunter.person	person	single	wordnet	
headhunter.person	physical-object	single	wordnet	
headhunter.person	practitioner	single	isco	
headhunter.person	professional	single	isco	
headhunter.person	property	single	sumo	
headhunter.person	research-worker	single	isco	
headhunter.person	scientist	single	isco	
headhunter.person	security-consultant	single	isco	
headhunter.person	specialist	single	isco	
headhunter.person	systems-analyst	single	isco	
headhunter.person	worker	single	isco	
headhunter.person	writer	single	isco	
headmistress	adult	single	wordnet	
headmistress	agent	single	wordnet	
headmistress	chief	single	isco	
headmistress	department-head	single	isco	
headmistress	educator	single	wordnet	
headmistress	general-manager	single	isco	
headmistress	governor	single	isco	
headmistress	manager	single	isco	
headmistress	matron	single	isco	
headmistress	organism	single	wordnet	
headmistress	person	single	wordnet	
headmistress	physical-object	single	wordnet	
headmistress	principal	single	wordnet	
headmistress	professional	single	wordnet	
headmistress	worker	single	isco	
headwaiter	adjutant	single	isco	
headwaiter	agent	single	wordnet	
headwaiter	attribute	single	sumo	
headwaiter	bodyguard	single	isco	
headwaiter	companion	single	isco	
headwaiter	concierge	single	isco	
headwaiter	employee	single	wordnet	
headwaiter	gamekeeper	single	isco	
headwaiter	guard	single	isco	
headwaiter	host	single	isco	
headwaiter	hostess	single	isco	
headwaiter	human	single	opencyc	
headwaiter	keeper	single	isco	
headwaiter	mammal	single	opencyc	
headwaiter	organism	single	wordnet	
headwaiter	person	single	wordnet	
headwaiter	physical-object	single	wordnet	
headwaiter	property	single	sumo	
headwaiter	steward.person	single	isco	
headwaiter	stewardess	single	isco	
headwaiter	structure	single	opencyc	
headwaiter	system	single	opencyc	
headwaiter	vertebrate	single	opencyc	
headwaiter	worker	accepted	isco opencyc wordnet	
hearer	agent	accepted	sumo wordnet	
hearer	animal	single	sumo	
hearer	body	single	sumo	
hearer	human	single	sumo	
hearer	mammal	single	sumo	
hearer	organism	accepted	sumo wordnet	
hearer	perceiver	single	wordnet	
hearer	person	accepted	sumo wordnet	
hearer	phenomenon	single	sumo	
hearer	physical-object	accepted	sumo wordnet	
hearer	populace	single	sumo	
hearer	self	single	sumo	
hearer	species	single	sumo	
hearer	universe	single	sumo	
hearer	vertebrate	single	sumo	
hearer	worker	single	isco	
herder	agent	single	wordnet	
herder	agriculturist	single	isco	
herder	attribute	single	sumo	
herder	breeder	accepted	isco wikidata	
herder	cowboy	disputed	isco	opencyc wikidata
herder	employee	single	wordnet	
herder	farmer	accepted	isco wikidata	
herder	farmhand	single	isco	
herder	fisherman	single	isco	
herder	forester	single	isco	
herder	gardener	single	isco	
herder	goat-herder	disputed	isco	wikidata wordnet
herder	hired-hand	single	wordnet	
herder	human	single	opencyc	
herder	hunter	single	isco	
herder	laborer	single	wordnet	
herder	mammal	single	opencyc	
herder	organism	single	wordnet	
herder	peasant	single	wikidata	
herder	person	single	wordnet	
herder	physical-object	single	wordnet	
herder	plantation-owner	single	isco	
herder	property	single	sumo	
herder	raiser	single	isco	
herder	rancher	single	wikidata	
herder	shepherd	disputed	isco	opencyc wikidata
herder	structure	single	opencyc	
herder	system	single	opencyc	
herder	trapper	single	isco	
herder	vertebrate	single	opencyc	
herder	worker	accepted	isco opencyc wordnet	
herpetologist	adviser	single	isco	
herpetologist	agent	single	wordnet	
herpetologist	analyst.person	single	isco	
herpetologist	architect	single	isco	
herpetologist	artist	single	isco	
herpetologist	attribute	single	sumo	
herpetologist	copywriter	single	isco	
herpetologist	developer	single	isco	
herpetologist	educator	single	isco	
herpetologist	engineer	single	isco	
herpetologist	epidemiologist	single	isco	
herpetologist	expert	single	isco	
herpetologist	hearer	single	isco	
herpetologist	immunologist	single	isco	
herpetologist	organism	single	wordnet	
herpetologist	person	single	wordnet	
herpetologist	physical-object	single	wordnet	
herpetologist	practitioner	single	isco	
herpetologist	professional	single	isco	
herpetologist	property	single	sumo	
herpetologist	research-worker	single	isco	
herpetologist	scientist	accepted	isco wordnet	
herpetologist	security-consultant	single	isco	
herpetologist	specialist	single	isco	
herpetologist	surveyor	single	isco	
herpetologist	systems-analyst	single	isco	
herpetologist	toxicologist	single	isco	
herpetologist	worker	single	isco	
herpetologist	writer	single	isco	
herpetologist	zoologist	single	wordnet	
high-commissioner	agent	single	wordnet	
high-commissioner	ambassador	single	wikidata	
high-commissioner	attribute	single	sumo	
high-commissioner	chairman	single	isco	
high-commissioner	chancellor-of-the-exchequer	single	isco	
high-commissioner	chief	single	isco	
high-commissioner	department-head	single	isco	
high-commissioner	diplomat	single	wordnet	
high-commissioner	general-manager	single	isco	
high-commissioner	governor	single	isco	
high-commissioner	manager	single	isco	
high-commissioner	member	single	isco	
high-commissioner	official	single	wordnet	
high-commissioner	organism	single	wordnet	
high-commissioner	person	single	wordnet	
high-commissioner	physical-object	single	wordnet	
high-commissioner	president.person	single	isco	
high-commissioner	property	single	sumo	
high-commissioner	secretary-general	single	isco	
high-commissioner	skilled-worker	single	wordnet	
high-commissioner	worker	accepted	isco wordnet	
highlight	companion	single	sumo	
histologist	adviser	single	isco	
histologist	agent	single	wordnet	
histologist	analyst.person	single	isco	
histologist	anatomist	single	wordnet	
histologist	architect	single	isco	
histologist	artist	single	isco	
histologist	attribute	single	sumo	
histologist	copywriter	single	isco	
histologist	developer	single	isco	
histologist	doctor	single	wikidata	
histologist	educator	single	isco	
histologist	engineer	single	isco	
histologist	epidemiologist	single	isco	
histologist	expert	accepted	isco wordnet	
histologist	hearer	single	isco	
histologist	immunologist	single	isco	
histologist	organism	single	wordnet	
histologist	person	single	wordnet	
histologist	physical-object	single	wordnet	
histologist	practitioner	single	isco	
histologist	professional	single	isco	
histologist	property	single	sumo	
histologist	research-worker	single	isco	
histologist	scientist	single	isco	
histologist	security-consultant	single	isco	
histologist	specialist	single	isco	
histologist	surveyor	single	isco	
histologist	systems-analyst	single	isco	
histologist	toxicologist	single	isco	
histologist	worker	single	isco	
histologist	writer	single	isco	
historian	analyst.person	single	isco	
historian	copywriter	single	isco	
historian	developer	single	isco	
historian	editor	single	isco	
historian	educator	single	isco	
historian	epidemiologist	single	isco	
historian	hearer	single	isco	
historian	immunologist	single	isco	
historian	practitioner	single	isco	
historian	security-consultant	single	isco	
historian	sports-announcer	single	isco	
historian	systems-analyst	single	isco	
historian	translator	single	isco	
hockey-player	agent	single	wordnet	
hockey-player	athlete	accepted	opencyc wordnet	
hockey-player	cameraman	single	isco	
hockey-player	detective	single	isco	
hockey-player	human	single	opencyc	
hockey-player	inquiry-agent	single	isco	
hockey-player	inspector	single	isco	
hockey-player	mammal	single	opencyc	
hockey-player	man	single	isco	
hockey-player	organism	single	wordnet	
hockey-player	paralegal	single	isco	
hockey-player	person	single	wordnet	
hockey-player	physical-object	single	wordnet	
hockey-player	player	single	wordnet	
hockey-player	promoter	single	isco	
hockey-player	structure	single	opencyc	
hockey-player	supervisor	single	isco	
hockey-player	system	single	opencyc	
hockey-player	technician	single	isco	
hockey-player	vertebrate	single	opencyc	
hockey-player	woman	single	isco	
hockey-player	worker	accepted	isco opencyc	
hod-carrier	agent	single	wordnet	
hod-carrier	animal-trainer	single	isco	
hod-carrier	attribute	single	sumo	
hod-carrier	bearer	single	isco	
hod-carrier	employee	single	wordnet	
hod-carrier	girl	single	isco	
hod-carrier	hired-hand	single	isco	
hod-carrier	laborer	accepted	isco wordnet	
hod-carrier	male-child	single	isco	
hod-carrier	messenger-boy	single	isco	
hod-carrier	organism	single	wordnet	
hod-carrier	packer	single	isco	
hod-carrier	person	single	wordnet	
hod-carrier	physical-object	single	wordnet	
hod-carrier	picker	single	isco	
hod-carrier	porter	single	isco	
hod-carrier	property	single	sumo	
hod-carrier	remover	single	isco	
hod-carrier	stacker	single	isco	
hod-carrier	stevedore	single	isco	
hod-carrier	sweeper	single	isco	
hod-carrier	washer.person	single	isco	
hod-carrier	window-washer	single	isco	
hod-carrier	worker	accepted	isco wordnet	
homebuilder	agent	single	wordnet	
homebuilder	attribute	single	sumo	
homebuilder	beater	single	isco	
homebuilder	blaster	single	isco	
homebuilder	bodybuilder	single	isco	
homebuilder	builder	single	isco	
homebuilder	cabinetmaker	single	isco	
homebuilder	caster.person	single	isco	
homebuilder	closer	single	isco	
homebuilder	compositor	single	isco	
homebuilder	craftsman	single	isco	
homebuilder	engraver	single	isco	
homebuilder	fitter	single	isco	
homebuilder	fixer	single	isco	
homebuilder	glassworker	single	isco	
homebuilder	grader	single	isco	
homebuilder	ironworker	single	isco	
homebuilder	machinist	single	isco	
homebuilder	maker	single	isco	
homebuilder	mason	single	isco	
homebuilder	mender	single	isco	
homebuilder	organism	single	wordnet	
homebuilder	painter	single	isco	
homebuilder	patternmaker	single	isco	
homebuilder	person	single	wordnet	
homebuilder	physical-object	single	wordnet	
homebuilder	property	single	sumo	
homebuilder	refinisher	single	isco	
homebuilder	rigger	single	isco	
homebuilder	sewer	single	isco	
homebuilder	shipwright	single	isco	
homebuilder	smith	single	isco	
homebuilder	spinster	single	isco	
homebuilder	splitter	single	isco	
homebuilder	sprayer	single	isco	
homebuilder	stonecutter	single	isco	
homebuilder	tuner	single	isco	
homebuilder	turner	single	isco	
homebuilder	varnisher	single	isco	
homebuilder	welder	single	isco	
homebuilder	woodcarver	single	isco	
homebuilder	worker	single	isco	
homeopath	adult	single	wordnet	
homeopath	adviser	single	isco	
homeopath	agent	single	wordnet	
homeopath	analyst.person	single	isco	
homeopath	architect	single	isco	
homeopath	artist	single	isco	
homeopath	attribute	single	sumo	
homeopath	copywriter	single	isco	
homeopath	developer	single	isco	
homeopath	doctor	single	isco	
homeopath	educator	single	isco	
homeopath	engineer	single	isco	
homeopath	epidemiologist	single	isco	
homeopath	expert	single	isco	
homeopath	hearer	single	isco	
homeopath	immunologist	single	isco	
homeopath	organism	single	wordnet	
homeopath	person	single	wordnet	
homeopath	physical-object	single	wordnet	
homeopath	practitioner	accepted	isco wordnet	
homeopath	professional	accepted	isco wordnet	
homeopath	property	single	sumo	
homeopath	research-worker	single	isco	
homeopath	scientist	single	isco	
homeopath	security-consultant	single	isco	
homeopath	specialist	single	isco	
homeopath	surgeon	single	isco	
homeopath	systems-analyst	single	isco	
homeopath	worker	single	isco	
homeopath	writer	single	isco	
honor	companion	single	sumo	
honour	companion	single	sumo	
horticulturist	agent	single	wordnet	
horticulturist	agriculturist	single	isco	
horticulturist	agronomist	single	wikidata	
horticulturist	attribute	single	sumo	
horticulturist	cowboy	single	isco	
horticulturist	engineer	single	wikidata	
horticulturist	expert	single	wordnet	
horticulturist	farmer	accepted	isco wikidata	
horticulturist	farmhand	single	isco	
horticulturist	fisherman	single	isco	
horticulturist	forester	single	isco	
horticulturist	gardener	disputed	isco wikidata	wordnet
horticulturist	goat-herder	single	isco	
horticulturist	hunter	single	isco	
horticulturist	organism	single	wordnet	
horticulturist	person	single	wordnet	
horticulturist	physical-object	single	wordnet	
horticulturist	plantation-owner	single	isco	
horticulturist	property	single	sumo	
horticulturist	research-worker	single	wikidata	
horticulturist	scientist	single	wikidata	
horticulturist	shepherd	single	isco	
horticulturist	trapper	single	isco	
horticulturist	worker	accepted	isco wikidata	
hostess	actor	single	wikidata	
hostess	adult	single	wordnet	
hostess	agent	single	wordnet	
hostess	host	single	wordnet	
hostess	organism	single	wordnet	
hostess	person	accepted	wikidata wordnet	
hostess	physical-object	single	wordnet	
hostess	worker	single	isco	
hostility	companion	single	sumo	
hotelier	administrator	single	wordnet	
hotelier	agent	single	wordnet	
hotelier	attribute	single	sumo	
hotelier	businessman	single	wikidata	
hotelier	chief	accepted	isco wordnet	
hotelier	department-head	single	isco	
hotelier	general-manager	single	isco	
hotelier	governor	single	isco	
hotelier	human	single	opencyc	
hotelier	leader	single	wordnet	
hotelier	mammal	single	opencyc	
hotelier	manager	single	isco	
hotelier	organism	single	wordnet	
hotelier	person	single	wordnet	
hotelier	physical-object	single	wordnet	
hotelier	property	single	sumo	
hotelier	structure	single	opencyc	
hotelier	system	single	opencyc	
hotelier	vertebrate	single	opencyc	
hotelier	worker	accepted	isco opencyc wikidata	
house-painter	agent	single	wordnet	
house-painter	attribute	single	sumo	
house-painter	beater	single	isco	
house-painter	blaster	single	isco	
house-painter	bodybuilder	single	isco	
house-painter	builder	single	isco	
house-painter	cabinetmaker	single	isco	
house-painter	caster.person	single	isco	
house-painter	closer	single	isco	
house-painter	compositor	single	isco	
house-painter	craftsman	single	isco	
house-painter	engraver	single	isco	
house-painter	fitter	single	isco	
house-painter	fixer	single	isco	
house-painter	glassworker	single	isco	
house-painter	grader	single	isco	
house-painter	human	single	opencyc	
house-painter	ironworker	single	isco	
house-painter	machinist	single	isco	
house-painter	maker	single	isco	
house-painter	mammal	single	opencyc	
house-painter	mason	single	isco	
house-painter	mender	single	isco	
house-painter	organism	single	wordnet	
house-painter	organization	single	schemaorg	
house-painter	painter	single	isco	
house-painter	patternmaker	single	isco	
house-painter	person	single	wordnet	
house-painter	physical-object	single	wordnet	
house-painter	place	single	schemaorg	
house-painter	property	single	sumo	
house-painter	refinisher	single	isco	
house-painter	rigger	single	isco	
house-painter	sewer	single	isco	
house-painter	shipwright	single	isco	
house-painter	skilled-worker	single	wordnet	
house-painter	smith	single	isco	
house-painter	spinster	single	isco	
house-painter	splitter	single	isco	
house-painter	sprayer	single	isco	
house-painter	stonecutter	single	isco	
house-painter	structure	single	opencyc	
house-painter	system	single	opencyc	
house-painter	tuner	single	isco	
house-painter	turner	single	isco	
house-painter	varnisher	single	isco	
house-painter	vertebrate	single	opencyc	
house-painter	welder	single	isco	
house-painter	woodcarver	single	isco	
house-painter	worker	accepted	isco opencyc wordnet	
housekeeper	adjutant	single	isco	
housekeeper	agent	single	wordnet	
housekeeper	bodyguard	single	isco	
housekeeper	companion	single	isco	
housekeeper	concierge	single	isco	
housekeeper	gamekeeper	single	isco	
housekeeper	guard	single	isco	
housekeeper	host	single	isco	
housekeeper	hostess	single	isco	
housekeeper	human	single	opencyc	
housekeeper	keeper	single	isco	
housekeeper	mammal	single	opencyc	
housekeeper	organism	single	wordnet	
housekeeper	person	single	wordnet	
housekeeper	physical-object	single	wordnet	
housekeeper	servant	accepted	wikidata wordnet	
housekeeper	steward.person	single	isco	
housekeeper	stewardess	single	isco	
housekeeper	structure	single	opencyc	
housekeeper	system	single	opencyc	
housekeeper	vertebrate	single	opencyc	
housekeeper	worker	accepted	isco opencyc wikidata wordnet	
hunter	skilled-worker	disputed	wordnet	isco
hunter	sportsman	single	wikidata	
hunter-gatherer	agent	single	wordnet	
hunter-gatherer	agriculturist	single	isco	
hunter-gatherer	attribute	single	sumo	
hunter-gatherer	cowboy	single	isco	
hunter-gatherer	farmer	single	isco	
hunter-gatherer	farmhand	single	isco	
hunter-gatherer	fisherman	single	isco	
hunter-gatherer	forester	single	isco	
hunter-gatherer	gardener	single	isco	
hunter-gatherer	goat-herder	single	isco	
hunter-gatherer	hunter	single	isco	
hunter-gatherer	organism	single	wordnet	
hunter-gatherer	person	single	wordnet	
hunter-gatherer	physical-object	single	wordnet	
hunter-gatherer	plantation-owner	single	isco	
hunter-gatherer	property	single	sumo	
hunter-gatherer	shepherd	single	isco	
hunter-gatherer	trapper	single	isco	
hunter-gatherer	worker	single	isco	
hydrologist	adviser	single	isco	
hydrologist	agent	single	wordnet	
hydrologist	analyst.person	single	isco	
hydrologist	architect	single	isco	
hydrologist	artist	single	isco	
hydrologist	attribute	single	sumo	
hydrologist	copywriter	single	isco	
hydrologist	developer	single	isco	
hydrologist	educator	single	isco	
hydrologist	engineer	single	isco	
hydrologist	epidemiologist	single	isco	
hydrologist	expert	single	isco	
hydrologist	geologist	single	wordnet	
hydrologist	hearer	single	isco	
hydrologist	immunologist	single	isco	
hydrologist	organism	single	wordnet	
hydrologist	person	single	wordnet	
hydrologist	physical-object	single	wordnet	
hydrologist	practitioner	single	isco	
hydrologist	professional	single	isco	
hydrologist	property	single	sumo	
hydrologist	research-worker	single	isco	
hydrologist	scientist	accepted	isco wordnet	
hydrologist	security-consultant	single	isco	
hydrologist	specialist	single	isco	
hydrologist	surveyor	single	isco	
hydrologist	systems-analyst	single	isco	
hydrologist	worker	single	isco	
hydrologist	writer	single	isco	
hypnotist	adviser	single	isco	
hypnotist	agent	single	wordnet	
hypnotist	analyst.person	single	isco	
hypnotist	architect	single	isco	
hypnotist	artist	single	isco	
hypnotist	attribute	single	sumo	
hypnotist	copywriter	single	isco	
hypnotist	developer	single	isco	
hypnotist	editor	single	isco	
hypnotist	educator	single	isco	
hypnotist	engineer	single	isco	
hypnotist	epidemiologist	single	isco	
hypnotist	expert	single	isco	
hypnotist	hearer	single	isco	
hypnotist	immunologist	single	isco	
hypnotist	organism	single	wordnet	
hypnotist	person	single	wordnet	
hypnotist	physical-object	single	wordnet	
hypnotist	practitioner	single	isco	
hypnotist	professional	single	isco	
hypnotist	property	single	sumo	
hypnotist	psychologist	accepted	wikidata wordnet	
hypnotist	reporter	single	isco	
hypnotist	research-worker	single	isco	
hypnotist	scientist	accepted	isco wordnet	
hypnotist	security-consultant	single	isco	
hypnotist	specialist	single	isco	
hypnotist	sports-announcer	single	isco	
hypnotist	systems-analyst	single	isco	
hypnotist	translator	single	isco	
hypnotist	worker	single	isco	
hypnotist	writer	single	isco	
ichthyologist	adviser	single	isco	
ichthyologist	agent	single	wordnet	
ichthyologist	analyst.person	single	isco	
ichthyologist	architect	single	isco	
ichthyologist	artist	single	isco	
ichthyologist	attribute	single	sumo	
ichthyologist	copywriter	single	isco	
ichthyologist	developer	single	isco	
ichthyologist	educator	single	isco	
ichthyologist	engineer	single	isco	
ichthyologist	epidemiologist	single	isco	
ichthyologist	expert	single	isco	
ichthyologist	hearer	single	isco	
ichthyologist	immunologist	single	isco	
ichthyologist	organism	single	wordnet	
ichthyologist	person	single	wordnet	
ichthyologist	physical-object	single	wordnet	
ichthyologist	practitioner	single	isco	
ichthyologist	professional	single	isco	
ichthyologist	property	single	sumo	
ichthyologist	research-worker	single	isco	
ichthyologist	scientist	accepted	isco wordnet	
ichthyologist	security-consultant	single	isco	
ichthyologist	specialist	single	isco	
ichthyologist	surveyor	single	isco	
ichthyologist	systems-analyst	single	isco	
ichthyologist	toxicologist	single	isco	
ichthyologist	worker	single	isco	
ichthyologist	writer	single	isco	
ichthyologist	zoologist	single	wordnet	
ideal	companion	single	sumo	
ideal-value	companion	single	sumo	
illustrator	agent	single	wordnet	
illustrator	artist	accepted	opencyc wordnet	
illustrator	cameraman	single	isco	
illustrator	detective	single	isco	
illustrator	human	single	opencyc	
illustrator	inquiry-agent	single	isco	
illustrator	inspector	single	isco	
illustrator	mammal	single	opencyc	
illustrator	man	single	isco	
illustrator	organism	single	wordnet	
illustrator	paralegal	single	isco	
illustrator	person	single	wordnet	
illustrator	physical-object	single	wordnet	
illustrator	promoter	single	isco	
illustrator	reckoner	single	isco	
illustrator	structure	single	opencyc	
illustrator	supervisor	single	isco	
illustrator	system	single	opencyc	
illustrator	technician	single	isco	
illustrator	vertebrate	single	opencyc	
illustrator	woman	single	isco	
illustrator	worker	accepted	isco opencyc	
imam	adult	single	opencyc	
imam	adviser	single	isco	
imam	agent	single	wordnet	
imam	analyst.person	single	isco	
imam	architect	single	isco	
imam	artist	single	isco	
imam	attribute	single	sumo	
imam	copywriter	single	isco	
imam	developer	single	isco	
imam	editor	single	isco	
imam	educator	single	isco	
imam	engineer	single	isco	
imam	epidemiologist	single	isco	
imam	expert	single	isco	
imam	hearer	single	isco	
imam	human	single	opencyc	
imam	immunologist	single	isco	
imam	leader	single	wordnet	
imam	mammal	single	opencyc	
imam	organism	single	wordnet	
imam	person	single	wordnet	
imam	physical-object	single	wordnet	
imam	practitioner	single	isco	
imam	professional	accepted	isco opencyc	
imam	property	single	sumo	
imam	reporter	single	isco	
imam	research-worker	single	isco	
imam	scientist	single	isco	
imam	security-consultant	single	isco	
imam	skilled-worker	single	opencyc	
imam	specialist	single	isco	
imam	sports-announcer	single	isco	
imam	structure	single	opencyc	
imam	system	single	opencyc	
imam	systems-analyst	single	isco	
imam	translator	single	isco	
imam	vertebrate	single	opencyc	
imam	worker	accepted	isco opencyc	
imam	writer	single	isco	
immigrant	traveler	single	wordnet	
immunologist	adult	single	opencyc	
immunologist	agent	single	wordnet	
immunologist	attribute	single	sumo	
immunologist	doctor	disputed	opencyc	isco
immunologist	human	single	opencyc	
immunologist	mammal	single	opencyc	
immunologist	medical-scientist	disputed	wikidata wordnet	isco
immunologist	organism	single	wordnet	
immunologist	person	single	wordnet	
immunologist	physical-object	single	wordnet	
immunologist	professional	single	opencyc	
immunologist	property	single	sumo	
immunologist	research-worker	single	wikidata	
immunologist	scientist	accepted	wikidata wordnet	
immunologist	skilled-worker	single	opencyc	
immunologist	structure	single	opencyc	
immunologist	system	single	opencyc	
immunologist	vertebrate	single	opencyc	
immunologist	worker	accepted	isco opencyc	
imp	agent	accepted	sumo wordnet	
imp	animal	single	sumo	
imp	beater	single	isco	
imp	blaster	single	isco	
imp	body	single	sumo	
imp	bodybuilder	single	isco	
imp	builder	single	isco	
imp	cabinetmaker	single	isco	
imp	caster.person	single	isco	
imp	closer	single	isco	
imp	compositor	single	isco	
imp	craftsman	single	isco	
imp	engraver	single	isco	
imp	fitter	single	isco	
imp	glassworker	single	isco	
imp	grader	single	isco	
imp	human	single	sumo	
imp	ironworker	single	isco	
imp	machinist	single	isco	
imp	maker	single	isco	
imp	mammal	single	sumo	
imp	mender	single	isco	
imp	organism	accepted	sumo wordnet	
imp	painter	single	isco	
imp	patternmaker	single	isco	
imp	person	accepted	sumo wordnet	
imp	phenomenon	single	sumo	
imp	physical-object	accepted	sumo wordnet	
imp	populace	single	sumo	
imp	refinisher	single	isco	
imp	rigger	single	isco	
imp	self	single	sumo	
imp	sewer	single	isco	
imp	shipwright	single	isco	
imp	smith	single	isco	
imp	species	single	sumo	
imp	spinster	single	isco	
imp	splitter	single	isco	
imp	sprayer	single	isco	
imp	stainer	single	isco	
imp	stonecutter	single	isco	
imp	tuner	single	isco	
imp	turner	single	isco	
imp	universe	single	sumo	
imp	varnisher	single	isco	
imp	vertebrate	single	sumo	
imp	welder	single	isco	
imp	woodcarver	single	isco	
imp	worker	single	isco	
imperativeness	companion	single	sumo	
impersonator	adviser	single	isco	
impersonator	agent	accepted	sumo wordnet	
impersonator	analyst.person	single	isco	
impersonator	animal	single	sumo	
impersonator	architect	single	isco	
impersonator	artist	accepted	isco wikidata	
impersonator	body	single	sumo	
impersonator	comedian	single	wikidata	
impersonator	copywriter	single	isco	
impersonator	developer	single	isco	
impersonator	editor	single	isco	
impersonator	educator	single	isco	
impersonator	engineer	single	isco	
impersonator	epidemiologist	single	isco	
impersonator	expert	single	isco	
impersonator	hearer	single	isco	
impersonator	human	single	sumo	
impersonator	immunologist	single	isco	
impersonator	mammal	single	sumo	
impersonator	organism	accepted	sumo wordnet	
impersonator	person	accepted	sumo wikidata wordnet	
impersonator	phenomenon	single	sumo	
impersonator	physical-object	accepted	sumo wordnet	
impersonator	populace	single	sumo	
impersonator	practitioner	single	isco	
impersonator	professional	single	isco	
impersonator	reporter	single	isco	
impersonator	research-worker	single	isco	
impersonator	scientist	single	isco	
impersonator	security-consultant	single	isco	
impersonator	self	single	sumo	
impersonator	specialist	single	isco	
impersonator	species	single	sumo	
impersonator	sports-announcer	single	isco	
impersonator	systems-analyst	single	isco	
impersonator	translator	single	isco	
impersonator	universe	single	sumo	
impersonator	vertebrate	single	sumo	
impersonator	worker	single	isco	
impersonator	writer	single	isco	
impersonator	wrongdoer	single	wordnet	
importance	companion	single	sumo	
impression	companion	single	sumo	
improvement	companion	single	sumo	
indexer	adviser	single	isco	
indexer	agent	single	wordnet	
indexer	analyst.person	single	isco	
indexer	architect	single	isco	
indexer	artist	single	isco	
indexer	attribute	single	sumo	
indexer	copywriter	single	isco	
indexer	developer	single	isco	
indexer	editor	single	isco	
indexer	educator	single	isco	
indexer	engineer	single	isco	
indexer	epidemiologist	single	isco	
indexer	expert	single	isco	
indexer	hearer	single	isco	
indexer	immunologist	single	isco	
indexer	organism	single	wordnet	
indexer	person	single	wordnet	
indexer	physical-object	single	wordnet	
indexer	practitioner	single	isco	
indexer	professional	single	isco	
indexer	property	single	sumo	
indexer	reporter	single	isco	
indexer	research-worker	single	isco	
indexer	scientist	single	isco	
indexer	security-consultant	single	isco	
indexer	skilled-worker	single	wordnet	
indexer	specialist	single	isco	
indexer	sports-announcer	single	isco	
indexer	systems-analyst	single	isco	
indexer	translator	single	isco	
indexer	worker	accepted	isco wordnet	
indexer	writer	single	isco	
indigence	companion	single	sumo	
influence	companion	single	sumo	
informant	communicator	single	wordnet	
innkeeper	agent	single	wordnet	
innkeeper	attribute	single	sumo	
innkeeper	businessman	single	wordnet	
innkeeper	chief	single	isco	
innkeeper	department-head	single	isco	
innkeeper	general-manager	single	isco	
innkeeper	governor	single	isco	
innkeeper	manager	single	isco	
innkeeper	organism	single	wordnet	
innkeeper	owner	single	wordnet	
innkeeper	person	single	wordnet	
innkeeper	physical-object	single	wordnet	
innkeeper	property	single	sumo	
innkeeper	worker	single	isco	
inquiry-agent	agent	single	wordnet	
inquiry-agent	attribute	single	sumo	
inquiry-agent	expert	single	wordnet	
inquiry-agent	investigator	single	wordnet	
inquiry-agent	organism	single	wordnet	
inquiry-agent	person	single	wordnet	
inquiry-agent	physical-object	single	wordnet	
inquiry-agent	private-detective	disputed	wordnet	isco
inquiry-agent	property	single	sumo	
inquiry-agent	worker	single	isco	
insider	executive-director	single	wordnet	
inspector	agent	single	wordnet	
inspector	organism	single	wordnet	
inspector	person	single	wordnet	
inspector	physical-object	single	wordnet	
inspector	policeman	accepted	wikidata wordnet	
inspector	worker	single	isco	
inspector-general	adult	single	opencyc	
inspector-general	agent	single	wordnet	
inspector-general	attribute	single	sumo	
inspector-general	chairman	single	isco	
inspector-general	chancellor-of-the-exchequer	single	isco	
inspector-general	chief	single	isco	
inspector-general	department-head	single	isco	
inspector-general	general-manager	single	isco	
inspector-general	governor	single	isco	
inspector-general	human	single	opencyc	
inspector-general	mammal	single	opencyc	
inspector-general	manager	single	isco	
inspector-general	member	single	isco	
inspector-general	organism	single	wordnet	
inspector-general	person	single	wordnet	
inspector-general	physical-object	single	wordnet	
inspector-general	president.person	single	isco	
inspector-general	professional	single	opencyc	
inspector-general	property	single	sumo	
inspector-general	secretary-general	single	isco	
inspector-general	skilled-worker	accepted	opencyc wordnet	
inspector-general	structure	single	opencyc	
inspector-general	system	single	opencyc	
inspector-general	vertebrate	single	opencyc	
inspector-general	worker	accepted	isco opencyc wordnet	
instrumentalist	adviser	single	isco	
instrumentalist	agent	single	wordnet	
instrumentalist	analyst.person	single	isco	
instrumentalist	architect	single	isco	
instrumentalist	artist	accepted	isco wikidata	
instrumentalist	attribute	single	sumo	
instrumentalist	copywriter	single	isco	
instrumentalist	developer	single	isco	
instrumentalist	editor	single	isco	
instrumentalist	educator	single	isco	
instrumentalist	engineer	single	isco	
instrumentalist	epidemiologist	single	isco	
instrumentalist	expert	single	isco	
instrumentalist	hearer	single	isco	
instrumentalist	immunologist	single	isco	
instrumentalist	organism	single	wordnet	
instrumentalist	performer	disputed	wordnet	wikidata
instrumentalist	person	accepted	wikidata wordnet	
instrumentalist	physical-object	single	wordnet	
instrumentalist	practitioner	single	isco	
instrumentalist	professional	single	isco	
instrumentalist	property	single	sumo	
instrumentalist	reporter	single	isco	
instrumentalist	research-worker	single	isco	
instrumentalist	scientist	single	isco	
instrumentalist	security-consultant	single	isco	
instrumentalist	specialist	single	isco	
instrumentalist	sports-announcer	single	isco	
instrumentalist	systems-analyst	single	isco	
instrumentalist	translator	single	isco	
instrumentalist	worker	single	isco	
instrumentalist	writer	single	isco	
insufficiency	companion	single	sumo	
insurance-broker	agent	single	wordnet	
insurance-broker	broker	accepted	isco wikidata wordnet	
insurance-broker	businessman	single	wikidata	
insurance-broker	cameraman	single	isco	
insurance-broker	detective	single	isco	
insurance-broker	inquiry-agent	single	isco	
insurance-broker	inspector	single	isco	
insurance-broker	investment-banker	single	isco	
insurance-broker	man	single	isco	
insurance-broker	organism	single	wordnet	
insurance-broker	paralegal	single	isco	
insurance-broker	person	single	wordnet	
insurance-broker	physical-object	single	wordnet	
insurance-broker	promoter	single	isco	
insurance-broker	supervisor	single	isco	
insurance-broker	technician	single	isco	
insurance-broker	trader	single	isco	
insurance-broker	woman	single	isco	
insurance-broker	worker	accepted	isco wikidata	
intelligence-analyst	adult	single	opencyc	
intelligence-analyst	adviser	single	isco	
intelligence-analyst	agent	single	wordnet	
intelligence-analyst	analyst	single	opencyc	
intelligence-analyst	analyst.person	accepted	isco wordnet	
intelligence-analyst	architect	single	isco	
intelligence-analyst	artist	single	isco	
intelligence-analyst	attribute	single	sumo	
intelligence-analyst	copywriter	single	isco	
intelligence-analyst	developer	single	isco	
intelligence-analyst	educator	single	isco	
intelligence-analyst	engineer	single	isco	
intelligence-analyst	epidemiologist	single	isco	
intelligence-analyst	expert	accepted	isco wordnet	
intelligence-analyst	hearer	single	isco	
intelligence-analyst	human	single	opencyc	
intelligence-analyst	immunologist	single	isco	
intelligence-analyst	mammal	single	opencyc	
intelligence-analyst	organism	single	wordnet	
intelligence-analyst	person	single	wordnet	
intelligence-analyst	physical-object	single	wordnet	
intelligence-analyst	practitioner	single	isco	
intelligence-analyst	professional	single	isco	
intelligence-analyst	property	single	sumo	
intelligence-analyst	research-worker	single	isco	
intelligence-analyst	scientist	single	isco	
intelligence-analyst	security-consultant	single	isco	
intelligence-analyst	specialist	single	isco	
intelligence-analyst	structure	single	opencyc	
intelligence-analyst	system	single	opencyc	
intelligence-analyst	systems-analyst	single	isco	
intelligence-analyst	vertebrate	single	opencyc	
intelligence-analyst	worker	accepted	isco opencyc	
intelligence-analyst	writer	single	isco	
interviewer	agent	accepted	sumo wordnet	
interviewer	animal	single	sumo	
interviewer	body	single	sumo	
interviewer	clerk	single	isco	
interviewer	communicator	single	wordnet	
interviewer	human	single	sumo	
interviewer	mammal	single	sumo	
interviewer	organism	accepted	sumo wordnet	
interviewer	person	accepted	sumo wordnet	
interviewer	phenomenon	single	sumo	
interviewer	physical-object	accepted	sumo wordnet	
interviewer	populace	single	sumo	
interviewer	self	single	sumo	
interviewer	speaker	single	wordnet	
interviewer	species	single	sumo	
interviewer	universe	single	sumo	
interviewer	vertebrate	single	sumo	
interviewer	worker	single	isco	
investment-adviser	adviser	accepted	isco wordnet	
investment-adviser	agent	single	wordnet	
investment-adviser	analyst.person	single	isco	
investment-adviser	architect	single	isco	
investment-adviser	artist	single	isco	
investment-adviser	attribute	single	sumo	
investment-adviser	authority	single	wordnet	
investment-adviser	copywriter	single	isco	
investment-adviser	developer	single	isco	
investment-adviser	educator	single	isco	
investment-adviser	engineer	single	isco	
investment-adviser	epidemiologist	single	isco	
investment-adviser	expert	accepted	isco wordnet	
investment-adviser	hearer	single	isco	
investment-adviser	immunologist	single	isco	
investment-adviser	organism	single	wordnet	
investment-adviser	person	single	wordnet	
investment-adviser	physical-object	single	wordnet	
investment-adviser	practitioner	single	isco	
investment-adviser	professional	single	isco	
investment-adviser	property	single	sumo	
investment-adviser	research-worker	single	isco	
investment-adviser	scientist	single	isco	
investment-adviser	security-consultant	single	isco	
investment-adviser	specialist	single	isco	
investment-adviser	systems-analyst	single	isco	
investment-adviser	worker	single	isco	
investment-adviser	writer	single	isco	
investment-banker	agent	single	wordnet	
investment-banker	banker	single	wikidata	
investment-banker	broker	single	wordnet	
investment-banker	businessman	single	wikidata	
investment-banker	cameraman	single	isco	
investment-banker	detective	single	isco	
investment-banker	inquiry-agent	single	isco	
investment-banker	inspector	single	isco	
investment-banker	man	single	isco	
investment-banker	organism	single	wordnet	
investment-banker	paralegal	single	isco	
investment-banker	person	single	wordnet	
investment-banker	physical-object	single	wordnet	
investment-banker	promoter	single	isco	
investment-banker	supervisor	single	isco	
investment-banker	technician	single	isco	
investment-banker	woman	single	isco	
investment-banker	worker	accepted	isco wikidata	
invigilator	adjutant	single	isco	
invigilator	agent	single	wordnet	
invigilator	attribute	single	sumo	
invigilator	ayah	single	isco	
invigilator	bodyguard	single	isco	
invigilator	companion	single	isco	
invigilator	concierge	single	isco	
invigilator	gamekeeper	single	isco	
invigilator	guard	single	isco	
invigilator	host	single	isco	
invigilator	hostess	single	isco	
invigilator	keeper	single	isco	
invigilator	leader	single	wordnet	
invigilator	organism	single	wordnet	
invigilator	person	single	wordnet	
invigilator	physical-object	single	wordnet	
invigilator	property	single	sumo	
invigilator	superior	single	wordnet	
invigilator	supervisor	single	wordnet	
invigilator	worker	single	isco	
ironworker	agent	single	wordnet	
ironworker	attribute	single	sumo	
ironworker	craftsman	single	wikidata	
ironworker	maker	single	wordnet	
ironworker	organism	single	wordnet	
ironworker	person	accepted	wikidata wordnet	
ironworker	physical-object	single	wordnet	
ironworker	property	single	sumo	
ironworker	worker	accepted	isco wikidata	
janitor	adjutant	single	isco	
janitor	agent	single	wordnet	
janitor	attribute	single	sumo	
janitor	bodyguard	single	isco	
janitor	companion	single	isco	
janitor	concierge	single	isco	
janitor	gamekeeper	single	isco	
janitor	guard	single	isco	
janitor	host	single	isco	
janitor	hostess	single	isco	
janitor	housekeeper	single	isco	
janitor	human	single	opencyc	
janitor	keeper	single	isco	
janitor	mammal	single	opencyc	
janitor	organism	single	wordnet	
janitor	person	single	wordnet	
janitor	physical-object	single	wordnet	
janitor	property	single	sumo	
janitor	steward.person	single	isco	
janitor	stewardess	single	isco	
janitor	structure	single	opencyc	
janitor	system	single	opencyc	
janitor	vertebrate	single	opencyc	
janitor	worker	accepted	isco opencyc	
jester	comedian	single	wordnet	
jewelry-maker	agent	single	wordnet	
jewelry-maker	attribute	single	sumo	
jewelry-maker	beater	single	isco	
jewelry-maker	blaster	single	isco	
jewelry-maker	bodybuilder	single	isco	
jewelry-maker	builder	single	isco	
jewelry-maker	businessman	single	wikidata	
jewelry-maker	cabinetmaker	single	isco	
jewelry-maker	caster.person	single	isco	
jewelry-maker	closer	single	isco	
jewelry-maker	compositor	single	isco	
jewelry-maker	craftsman	single	isco	
jewelry-maker	engraver	single	isco	
jewelry-maker	etcher	single	isco	
jewelry-maker	fitter	single	isco	
jewelry-maker	glassworker	single	isco	
jewelry-maker	grader	single	isco	
jewelry-maker	ironworker	single	isco	
jewelry-maker	machinist	single	isco	
jewelry-maker	maker	accepted	isco wordnet	
jewelry-maker	mender	single	isco	
jewelry-maker	merchant	single	wikidata	
jewelry-maker	mounter	single	isco	
jewelry-maker	organism	single	wordnet	
jewelry-maker	painter	single	isco	
jewelry-maker	patternmaker	single	isco	
jewelry-maker	person	single	wordnet	
jewelry-maker	physical-object	single	wordnet	
jewelry-maker	property	single	sumo	
jewelry-maker	refinisher	single	isco	
jewelry-maker	rigger	single	isco	
jewelry-maker	sewer	single	isco	
jewelry-maker	shipwright	single	isco	
jewelry-maker	smith	single	isco	
jewelry-maker	spinster	single	isco	
jewelry-maker	splitter	single	isco	
jewelry-maker	sprayer	single	isco	
jewelry-maker	stamper	single	isco	
jewelry-maker	stonecutter	single	isco	
jewelry-maker	transferer	single	isco	
jewelry-maker	tuner	single	isco	
jewelry-maker	turner	single	isco	
jewelry-maker	varnisher	single	isco	
jewelry-maker	weaver	single	isco	
jewelry-maker	welder	single	isco	
jewelry-maker	woodcarver	single	isco	
jewelry-maker	worker	accepted	isco wikidata	
jockey	sportsman	single	wikidata	
jockey	traveler	single	wordnet	
jogger	agent	accepted	sumo wordnet	
jogger	animal	single	sumo	
jogger	beater	single	isco	
jogger	blaster	single	isco	
jogger	body	single	sumo	
jogger	bodybuilder	single	isco	
jogger	builder	single	isco	
jogger	cabinetmaker	single	isco	
jogger	caster.person	single	isco	
jogger	closer	single	isco	
jogger	compositor	single	isco	
jogger	craftsman	single	isco	
jogger	engraver	single	isco	
jogger	etcher	single	isco	
jogger	fitter	single	isco	
jogger	glassworker	single	isco	
jogger	grader	single	isco	
jogger	human	accepted	opencyc sumo	
jogger	ironworker	single	isco	
jogger	machinist	single	isco	
jogger	maker	single	isco	
jogger	mammal	accepted	opencyc sumo	
jogger	mender	single	isco	
jogger	mounter	single	isco	
jogger	organism	accepted	sumo wordnet	
jogger	painter	single	isco	
jogger	patternmaker	single	isco	
jogger	person	accepted	sumo wordnet	
jogger	phenomenon	single	sumo	
jogger	physical-object	accepted	sumo wordnet	
jogger	populace	single	sumo	
jogger	pressman	single	isco	
jogger	refinisher	single	isco	
jogger	rigger	single	isco	
jogger	self	single	sumo	
jogger	sewer	single	isco	
jogger	shipwright	single	isco	
jogger	smith	single	isco	
jogger	species	single	sumo	
jogger	spinster	single	isco	
jogger	splitter	single	isco	
jogger	sprayer	single	isco	
jogger	stamper	single	isco	
jogger	stonecutter	single	isco	
jogger	structure	single	opencyc	
jogger	system	single	opencyc	
jogger	transferer	single	isco	
jogger	traveler	single	wordnet	
jogger	tuner	single	isco	
jogger	turner	single	isco	
jogger	universe	single	sumo	
jogger	varnisher	single	isco	
jogger	vertebrate	accepted	opencyc sumo	
jogger	welder	single	isco	
jogger	woodcarver	single	isco	
jogger	worker	single	isco	
joiner	agent	accepted	sumo wordnet	
joiner	animal	single	sumo	
joiner	associate	single	wordnet	
joiner	beater	single	isco	
joiner	blaster	single	isco	
joiner	body	single	sumo	
joiner	bodybuilder	single	isco	
joiner	builder	single	isco	
joiner	cabinetmaker	accepted	isco wikidata	
joiner	caster.person	single	isco	
joiner	closer	single	isco	
joiner	compositor	single	isco	
joiner	craftsman	accepted	isco wikidata	
joiner	engraver	single	isco	
joiner	fitter	single	isco	
joiner	fixer	single	isco	
joiner	glassworker	single	isco	
joiner	grader	single	isco	
joiner	human	single	sumo	
joiner	ironworker	single	isco	
joiner	machinist	single	isco	
joiner	maker	single	isco	
joiner	mammal	single	sumo	
joiner	mason	single	isco	
joiner	member	single	wordnet	
joiner	mender	single	isco	
joiner	organism	accepted	sumo wordnet	
joiner	painter	single	isco	
joiner	patternmaker	single	isco	
joiner	peer	single	wordnet	
joiner	person	accepted	sumo wikidata wordnet	
joiner	phenomenon	single	sumo	
joiner	physical-object	accepted	sumo wordnet	
joiner	populace	single	sumo	
joiner	refinisher	single	isco	
joiner	rigger	single	isco	
joiner	self	single	sumo	
joiner	sewer	single	isco	
joiner	shipwright	single	isco	
joiner	smith	single	isco	
joiner	species	single	sumo	
joiner	spinster	single	isco	
joiner	splitter	single	isco	
joiner	sprayer	single	isco	
joiner	stonecutter	single	isco	
joiner	tuner	single	isco	
joiner	turner	single	isco	
joiner	universe	single	sumo	
joiner	varnisher	single	isco	
joiner	vertebrate	single	sumo	
joiner	welder	single	isco	
joiner	woodcarver	single	isco	
joiner	worker	single	isco	
joke	companion	single	sumo	
judge	analyst.person	single	isco	
judge	copywriter	single	isco	
judge	developer	single	isco	
judge	editor	single	isco	
judge	educator	single	isco	
judge	epidemiologist	single	isco	
judge	hearer	single	isco	
judge	immunologist	single	isco	
judge	jurist	accepted	isco wikidata	
judge	practitioner	single	isco	
judge	security-consultant	single	isco	
judge	skilled-worker	accepted	opencyc wordnet	
judge	sports-announcer	single	isco	
judge	systems-analyst	single	isco	
judge	translator	single	isco	
juggler	adviser	single	isco	
juggler	agent	single	wordnet	
juggler	analyst.person	single	isco	
juggler	architect	single	isco	
juggler	artist	single	isco	
juggler	copywriter	single	isco	
juggler	developer	single	isco	
juggler	editor	single	isco	
juggler	educator	single	isco	
juggler	engineer	single	isco	
juggler	epidemiologist	single	isco	
juggler	expert	single	isco	
juggler	hearer	single	isco	
juggler	immunologist	single	isco	
juggler	organism	single	wordnet	
juggler	performer	single	wordnet	
juggler	person	single	wordnet	
juggler	physical-object	single	wordnet	
juggler	practitioner	single	isco	
juggler	professional	single	isco	
juggler	reporter	single	isco	
juggler	research-worker	single	isco	
juggler	scientist	single	isco	
juggler	security-consultant	single	isco	
juggler	specialist	single	isco	
juggler	sports-announcer	single	isco	
juggler	systems-analyst	single	isco	
juggler	translator	single	isco	
juggler	worker	single	isco	
juggler	writer	single	isco	
jumper	agent	accepted	sumo wordnet	
jumper	animal	single	sumo	
jumper	artifact	single	opencyc	
jumper	automaton	single	wikidata	
jumper	body	single	sumo	
jumper	cameraman	single	isco	
jumper	clothing	single	opencyc	
jumper	detective	single	isco	
jumper	device	single	opencyc	
jumper	dress	single	opencyc	
jumper	garment	single	opencyc	
jumper	human	single	sumo	
jumper	inquiry-agent	single	isco	
jumper	inspector	single	isco	
jumper	machine	single	wikidata	
jumper	mammal	single	sumo	
jumper	man	single	isco	
jumper	organism	accepted	sumo wordnet	
jumper	paralegal	single	isco	
jumper	person	accepted	sumo wordnet	
jumper	phenomenon	single	sumo	
jumper	physical-object	accepted	sumo wordnet	
jumper	populace	single	sumo	
jumper	promoter	single	isco	
jumper	self	single	sumo	
jumper	species	single	sumo	
jumper	supervisor	single	isco	
jumper	technician	single	isco	
jumper	universe	single	sumo	
jumper	vertebrate	single	sumo	
jumper	woman	single	isco	
jumper	worker	single	isco	
jurist	adviser	single	isco	
jurist	agent	single	wordnet	
jurist	analyst.person	single	isco	
jurist	architect	single	isco	
jurist	artist	single	isco	
jurist	copywriter	single	isco	
jurist	developer	single	isco	
jurist	editor	single	isco	
jurist	educator	single	isco	
jurist	engineer	single	isco	
jurist	epidemiologist	single	isco	
jurist	expert	accepted	isco wordnet	
jurist	hearer	single	isco	
jurist	immunologist	single	isco	
jurist	organism	single	wordnet	
jurist	person	single	wordnet	
jurist	physical-object	single	wordnet	
jurist	practitioner	single	isco	
jurist	professional	accepted	isco wikidata	
jurist	reporter	single	isco	
jurist	research-worker	single	isco	
jurist	scientist	single	isco	
jurist	security-consultant	single	isco	
jurist	specialist	accepted	isco wikidata	
jurist	sports-announcer	single	isco	
jurist	systems-analyst	single	isco	
jurist	translator	single	isco	
jurist	worker	accepted	isco wikidata	
jurist	writer	single	isco	
justice	companion	single	sumo	
justice-of-the-peace	adult	single	opencyc	
justice-of-the-peace	agent	single	wordnet	
justice-of-the-peace	attribute	single	sumo	
justice-of-the-peace	cameraman	single	isco	
justice-of-the-peace	detective	single	isco	
justice-of-the-peace	human	single	opencyc	
justice-of-the-peace	inquiry-agent	single	isco	
justice-of-the-peace	inspector	single	isco	
justice-of-the-peace	judge	single	wordnet	
justice-of-the-peace	magistrate	single	wordnet	
justice-of-the-peace	mammal	single	opencyc	
justice-of-the-peace	man	single	isco	
justice-of-the-peace	official	single	wordnet	
justice-of-the-peace	organism	single	wordnet	
justice-of-the-peace	paralegal	single	isco	
justice-of-the-peace	person	single	wordnet	
justice-of-the-peace	physical-object	single	wordnet	
justice-of-the-peace	promoter	single	isco	
justice-of-the-peace	property	single	sumo	
justice-of-the-peace	skilled-worker	single	wordnet	
justice-of-the-peace	structure	single	opencyc	
justice-of-the-peace	supervisor	single	isco	
justice-of-the-peace	system	single	opencyc	
justice-of-the-peace	technician	single	isco	
justice-of-the-peace	vertebrate	single	opencyc	
justice-of-the-peace	woman	single	isco	
justice-of-the-peace	worker	accepted	isco opencyc wordnet	
keeper	agent	single	wordnet	
keeper	attribute	single	sumo	
keeper	organism	single	wordnet	
keeper	person	single	wordnet	
keeper	physical-object	single	wordnet	
keeper	property	single	sumo	
keeper	worker	single	isco	
king	communicator	single	wordnet	
king	head-of-state	single	wordnet	
knacker	agent	single	wordnet	
knacker	attribute	single	sumo	
knacker	beater	single	isco	
knacker	blaster	single	isco	
knacker	bodybuilder	single	isco	
knacker	builder	single	isco	
knacker	cabinetmaker	single	isco	
knacker	caster.person	single	isco	
knacker	closer	single	isco	
knacker	compositor	single	isco	
knacker	craftsman	single	isco	
knacker	employee	single	wordnet	
knacker	engraver	single	isco	
knacker	fitter	single	isco	
knacker	glassworker	single	isco	
knacker	grader	single	isco	
knacker	ironworker	single	isco	
knacker	laborer	single	wordnet	
knacker	machinist	single	isco	
knacker	maker	single	isco	
knacker	mender	single	isco	
knacker	occupation	single	wikidata	
knacker	organism	single	wordnet	
knacker	organization	single	wikidata	
knacker	painter	single	isco	
knacker	patternmaker	single	isco	
knacker	person	single	wordnet	
knacker	physical-object	single	wordnet	
knacker	property	single	sumo	
knacker	refinisher	single	isco	
knacker	rigger	single	isco	
knacker	sewer	single	isco	
knacker	shipwright	single	isco	
knacker	smith	single	isco	
knacker	spinster	single	isco	
knacker	splitter	single	isco	
knacker	sprayer	single	isco	
knacker	stainer	single	isco	
knacker	stonecutter	single	isco	
knacker	tuner	single	isco	
knacker	turner	single	isco	
knacker	varnisher	single	isco	
knacker	welder	single	isco	
knacker	woodcarver	single	isco	
knacker	worker	accepted	isco wordnet	
knacker	wrecker	single	wordnet	
knitter	agent	accepted	sumo wordnet	
knitter	animal	single	sumo	
knitter	beater	single	isco	
knitter	blaster	single	isco	
knitter	body	single	sumo	
knitter	bodybuilder	single	isco	
knitter	builder	single	isco	
knitter	cabinetmaker	single	isco	
knitter	caster.person	single	isco	
knitter	closer	single	isco	
knitter	compositor	single	isco	
knitter	craftsman	single	isco	
knitter	engraver	single	isco	
knitter	etcher	single	isco	
knitter	fitter	single	isco	
knitter	glassworker	single	isco	
knitter	grader	single	isco	
knitter	human	single	sumo	
knitter	ironworker	single	isco	
knitter	machinist	single	isco	
knitter	maker	accepted	isco wordnet	
knitter	mammal	single	sumo	
knitter	mender	single	isco	
knitter	mounter	single	isco	
knitter	organism	accepted	sumo wordnet	
knitter	painter	single	isco	
knitter	patternmaker	single	isco	
knitter	person	accepted	sumo wordnet	
knitter	phenomenon	single	sumo	
knitter	physical-object	accepted	sumo wordnet	
knitter	populace	single	sumo	
knitter	refinisher	single	isco	
knitter	rigger	single	isco	
knitter	self	single	sumo	
knitter	sewer	single	isco	
knitter	shipwright	single	isco	
knitter	smith	single	isco	
knitter	species	single	sumo	
knitter	spinster	single	isco	
knitter	splitter	single	isco	
knitter	sprayer	single	isco	
knitter	stamper	single	isco	
knitter	stonecutter	single	isco	
knitter	transferer	single	isco	
knitter	tuner	single	isco	
knitter	turner	single	isco	
knitter	universe	single	sumo	
knitter	varnisher	single	isco	
knitter	vertebrate	single	sumo	
knitter	weaver	single	isco	
knitter	welder	single	isco	
knitter	woodcarver	single	isco	
knitter	worker	single	isco	
lacer	agent	single	wordnet	
lacer	attribute	single	sumo	
lacer	digger	single	isco	
lacer	drawer.person	single	isco	
lacer	employee	single	wordnet	
lacer	operator	single	isco	
lacer	organism	single	wordnet	
lacer	person	single	wordnet	
lacer	physical-object	single	wordnet	
lacer	property	single	sumo	
lacer	worker	accepted	isco wordnet	
lady's-maid	adjutant	single	isco	
lady's-maid	agent	single	wordnet	
lady's-maid	bodyguard	single	isco	
lady's-maid	companion	single	isco	
lady's-maid	concierge	single	isco	
lady's-maid	gamekeeper	single	isco	
lady's-maid	guard	single	isco	
lady's-maid	host	single	isco	
lady's-maid	hostess	single	isco	
lady's-maid	keeper	single	isco	
lady's-maid	maid	single	wordnet	
lady's-maid	organism	single	wordnet	
lady's-maid	person	single	wordnet	
lady's-maid	physical-object	single	wordnet	
lady's-maid	servant	accepted	wikidata wordnet	
lady's-maid	steward.person	single	isco	
lady's-maid	stewardess	single	isco	
lady's-maid	worker	accepted	isco wikidata wordnet	
lapidary	agent	single	wordnet	
lapidary	attribute	single	sumo	
lapidary	beater	single	isco	
lapidary	blaster	single	isco	
lapidary	bodybuilder	single	isco	
lapidary	builder	single	isco	
lapidary	cabinetmaker	single	isco	
lapidary	caster.person	single	isco	
lapidary	closer	single	isco	
lapidary	compositor	single	isco	
lapidary	craftsman	single	isco	
lapidary	engraver	single	isco	
lapidary	etcher	single	isco	
lapidary	expert	single	wordnet	
lapidary	fitter	single	isco	
lapidary	glassworker	single	isco	
lapidary	grader	single	isco	
lapidary	ironworker	single	isco	
lapidary	machinist	single	isco	
lapidary	maker	single	isco	
lapidary	mender	single	isco	
lapidary	mounter	single	isco	
lapidary	organism	single	wordnet	
lapidary	painter	single	isco	
lapidary	patternmaker	single	isco	
lapidary	person	single	wordnet	
lapidary	physical-object	single	wordnet	
lapidary	property	single	sumo	
lapidary	refinisher	single	isco	
lapidary	rigger	single	isco	
lapidary	sewer	single	isco	
lapidary	shipwright	single	isco	
lapidary	smith	single	isco	
lapidary	spinster	single	isco	
lapidary	splitter	single	isco	
lapidary	sprayer	single	isco	
lapidary	stamper	single	isco	
lapidary	stonecutter	single	isco	
lapidary	transferer	single	isco	
lapidary	tuner	single	isco	
lapidary	turner	single	isco	
lapidary	varnisher	single	isco	
lapidary	weaver	single	isco	
lapidary	welder	single	isco	
lapidary	woodcarver	single	isco	
lapidary	worker	single	isco	
lass	adult	single	wordnet	
lass	agent	accepted	sumo wordnet	
lass	animal	accepted	sumo wikidata	
lass	animal-trainer	single	isco	
lass	bearer	single	isco	
lass	body	single	sumo	
lass	child	single	wikidata	
lass	childhood	single	wikidata	
lass	girl	accepted	isco wordnet	
lass	hired-hand	single	isco	
lass	human	single	sumo	
lass	laborer	single	isco	
lass	lady	single	sumo	
lass	male-child	single	isco	
lass	mammal	single	sumo	
lass	messenger-boy	single	isco	
lass	organism	accepted	sumo wikidata wordnet	
lass	person	accepted	sumo wordnet	
lass	phenomenon	single	sumo	
lass	physical-object	accepted	sumo wikidata wordnet	
lass	picker	single	isco	
lass	populace	single	sumo	
lass	porter	single	isco	
lass	remover	single	isco	
lass	self	single	sumo	
lass	species	single	sumo	
lass	stacker	single	isco	
lass	stevedore	single	isco	
lass	sweeper	single	isco	
lass	universe	single	sumo	
lass	vertebrate	single	sumo	
lass	washer.person	single	isco	
lass	window-washer	single	isco	
lass	woman	accepted	sumo wordnet	
lass	worker	single	isco	
latent-hostility	companion	single	sumo	
lawyer	analyst.person	single	isco	
lawyer	copywriter	single	isco	
lawyer	developer	single	isco	
lawyer	editor	single	isco	
lawyer	educator	single	isco	
lawyer	epidemiologist	single	isco	
lawyer	hearer	single	isco	
lawyer	immunologist	single	isco	
lawyer	jurist	accepted	isco wikidata	
lawyer	practitioner	single	isco	
lawyer	security-consultant	single	isco	
lawyer	skilled-worker	single	opencyc	
lawyer	sports-announcer	single	isco	
lawyer	systems-analyst	single	isco	
lawyer	translator	single	isco	
lector	adult	single	wordnet	
lector	adviser	single	isco	
lector	agent	single	wordnet	
lector	analyst.person	single	isco	
lector	architect	single	isco	
lector	artist	single	isco	
lector	attribute	single	sumo	
lector	copywriter	single	isco	
lector	developer	single	isco	
lector	educator	accepted	isco wordnet	
lector	engineer	single	isco	
lector	epidemiologist	single	isco	
lector	expert	single	isco	
lector	hearer	single	isco	
lector	immunologist	single	isco	
lector	organism	single	wordnet	
lector	person	single	wordnet	
lector	physical-object	single	wordnet	
lector	practitioner	single	isco	
lector	professional	accepted	isco wordnet	
lector	property	single	sumo	
lector	research-worker	single	isco	
lector	scientist	single	isco	
lector	security-consultant	single	isco	
lector	specialist	single	isco	
lector	systems-analyst	single	isco	
lector	worker	single	isco	
lector	writer	single	isco	
legislator	adult	single	opencyc	
legislator	agent	single	wordnet	
legislator	chairman	single	isco	
legislator	chancellor-of-the-exchequer	single	isco	
legislator	chief	single	isco	
legislator	department-head	single	isco	
legislator	general-manager	single	isco	
legislator	governor	single	isco	
legislator	human	single	opencyc	
legislator	leader	single	wordnet	
legislator	mammal	single	opencyc	
legislator	manager	single	isco	
legislator	member	single	isco	
legislator	organism	single	wordnet	
legislator	person	single	wordnet	
legislator	physical-object	single	wordnet	
legislator	politician	accepted	opencyc wikidata	
legislator	politician.person	single	wordnet	
legislator	president.person	single	isco	
legislator	professional	single	wikidata	
legislator	secretary-general	single	isco	
legislator	specialist	single	wikidata	
legislator	structure	single	opencyc	
legislator	system	single	opencyc	
legislator	vertebrate	single	opencyc	
legislator	worker	accepted	isco opencyc wikidata	
lender	agent	single	wordnet	
lender	clerk	single	isco	
lender	organism	single	wordnet	
lender	person	single	wordnet	
lender	physical-object	single	wordnet	
lender	worker	single	isco	
lepidopterist	adviser	single	isco	
lepidopterist	agent	single	wordnet	
lepidopterist	analyst.person	single	isco	
lepidopterist	architect	single	isco	
lepidopterist	artist	single	isco	
lepidopterist	attribute	single	sumo	
lepidopterist	copywriter	single	isco	
lepidopterist	developer	single	isco	
lepidopterist	educator	single	isco	
lepidopterist	engineer	single	isco	
lepidopterist	entomologist	accepted	wikidata wordnet	
lepidopterist	epidemiologist	single	isco	
lepidopterist	expert	single	isco	
lepidopterist	hearer	single	isco	
lepidopterist	immunologist	single	isco	
lepidopterist	organism	single	wordnet	
lepidopterist	person	single	wordnet	
lepidopterist	physical-object	single	wordnet	
lepidopterist	practitioner	single	isco	
lepidopterist	professional	single	isco	
lepidopterist	property	single	sumo	
lepidopterist	research-worker	accepted	isco wikidata	
lepidopterist	scientist	accepted	isco wikidata wordnet	
lepidopterist	security-consultant	single	isco	
lepidopterist	specialist	single	isco	
lepidopterist	surveyor	single	isco	
lepidopterist	systems-analyst	single	isco	
lepidopterist	toxicologist	single	isco	
lepidopterist	worker	single	isco	
lepidopterist	writer	single	isco	
lepidopterist	zoologist	accepted	wikidata wordnet	
letterer	agent	single	wordnet	
letterer	attribute	single	sumo	
letterer	beater	single	isco	
letterer	blaster	single	isco	
letterer	bodybuilder	single	isco	
letterer	builder	single	isco	
letterer	cabinetmaker	single	isco	
letterer	caster.person	single	isco	
letterer	closer	single	isco	
letterer	compositor	single	isco	
letterer	craftsman	single	isco	
letterer	engraver	single	isco	
letterer	etcher	single	isco	
letterer	fitter	single	isco	
letterer	glassworker	single	isco	
letterer	grader	single	isco	
letterer	ironworker	single	isco	
letterer	machinist	single	isco	
letterer	maker	single	isco	
letterer	mender	single	isco	
letterer	mounter	single	isco	
letterer	organism	single	wordnet	
letterer	painter	single	isco	
letterer	patternmaker	single	isco	
letterer	person	single	wordnet	
letterer	physical-object	single	wordnet	
letterer	property	single	sumo	
letterer	refinisher	single	isco	
letterer	rigger	single	isco	
letterer	sewer	single	isco	
letterer	shipwright	single	isco	
letterer	skilled-worker	single	wordnet	
letterer	smith	single	isco	
letterer	spinster	single	isco	
letterer	splitter	single	isco	
letterer	sprayer	single	isco	
letterer	stamper	single	isco	
letterer	stonecutter	single	isco	
letterer	transferer	single	isco	
letterer	tuner	single	isco	
letterer	turner	single	isco	
letterer	varnisher	single	isco	
letterer	weaver	single	isco	
letterer	welder	single	isco	
letterer	woodcarver	single	isco	
letterer	worker	accepted	isco wordnet	
lexicographer	adult	single	opencyc	
lexicographer	adviser	single	isco	
lexicographer	agent	single	wordnet	
lexicographer	analyst.person	single	isco	
lexicographer	architect	single	isco	
lexicographer	artist	single	isco	
lexicographer	communicator	single	wordnet	
lexicographer	compiler.person	single	wordnet	
lexicographer	copywriter	single	isco	
lexicographer	developer	single	isco	
lexicographer	editor	single	isco	
lexicographer	educator	single	isco	
lexicographer	engineer	single	isco	
lexicographer	epidemiologist	single	isco	
lexicographer	expert	single	isco	
lexicographer	hearer	single	isco	
lexicographer	human	single	opencyc	
lexicographer	immunologist	single	isco	
lexicographer	linguist	single	wordnet	
lexicographer	mammal	single	opencyc	
lexicographer	organism	single	wordnet	
lexicographer	person	single	wordnet	
lexicographer	physical-object	single	wordnet	
lexicographer	practitioner	single	isco	
lexicographer	professional	single	isco	
lexicographer	reporter	single	isco	
lexicographer	research-worker	single	isco	
lexicographer	scientist	accepted	isco opencyc wordnet	
lexicographer	security-consultant	single	isco	
lexicographer	specialist	single	isco	
lexicographer	sports-announcer	single	isco	
lexicographer	structure	single	opencyc	
lexicographer	system	single	opencyc	
lexicographer	systems-analyst	single	isco	
lexicographer	translator	single	isco	
lexicographer	vertebrate	single	opencyc	
lexicographer	worker	accepted	isco opencyc	
lexicographer	writer	accepted	isco wordnet	
libertine	agent	single	wordnet	
libertine	animal	single	wikidata	
libertine	attribute	single	sumo	
libertine	beater	single	isco	
libertine	blaster	single	isco	
libertine	bodybuilder	single	isco	
libertine	builder	single	isco	
libertine	cabinetmaker	single	isco	
libertine	caster.person	single	isco	
libertine	closer	single	isco	
libertine	compositor	single	isco	
libertine	craftsman	single	isco	
libertine	dressmaker	single	isco	
libertine	engraver	single	isco	
libertine	fitter	single	isco	
libertine	glassworker	single	isco	
libertine	grader	single	isco	
libertine	ironworker	single	isco	
libertine	machinist	single	isco	
libertine	maker	single	isco	
libertine	mender	single	isco	
libertine	organism	accepted	wikidata wordnet	
libertine	painter	single	isco	
libertine	patternmaker	single	isco	
libertine	person	single	wordnet	
libertine	physical-object	accepted	wikidata wordnet	
libertine	property	single	sumo	
libertine	refinisher	single	isco	
libertine	rigger	single	isco	
libertine	sewer	single	isco	
libertine	shipwright	single	isco	
libertine	smith	single	isco	
libertine	spinster	single	isco	
libertine	splitter	single	isco	
libertine	sprayer	single	isco	
libertine	stainer	single	isco	
libertine	stonecutter	single	isco	
libertine	tuner	single	isco	
libertine	turner	single	isco	
libertine	varnisher	single	isco	
libertine	welder	single	isco	
libertine	woodcarver	single	isco	
libertine	worker	single	isco	
lifeguard	adjutant	single	isco	
lifeguard	agent	single	wordnet	
lifeguard	assistant	single	wordnet	
lifeguard	attribute	single	sumo	
lifeguard	bodyguard	single	isco	
lifeguard	companion	single	isco	
lifeguard	concierge	single	isco	
lifeguard	flatfoot	single	isco	
lifeguard	gamekeeper	single	isco	
lifeguard	guard	single	isco	
lifeguard	host	single	isco	
lifeguard	hostess	single	isco	
lifeguard	human	single	opencyc	
lifeguard	keeper	single	isco	
lifeguard	mammal	single	opencyc	
lifeguard	organism	single	wordnet	
lifeguard	person	single	wordnet	
lifeguard	physical-object	single	wordnet	
lifeguard	property	single	sumo	
lifeguard	structure	single	opencyc	
lifeguard	system	single	opencyc	
lifeguard	vertebrate	single	opencyc	
lifeguard	worker	accepted	isco opencyc wordnet	
lighterman	agent	single	wordnet	
lighterman	attribute	single	sumo	
lighterman	digger	single	isco	
lighterman	driver	single	isco	
lighterman	operator	single	isco	
lighterman	organism	single	wordnet	
lighterman	person	single	wordnet	
lighterman	physical-object	single	wordnet	
lighterman	property	single	sumo	
lighterman	sailor	single	wordnet	
lighterman	skilled-worker	single	wordnet	
lighterman	teamster	single	isco	
lighterman	worker	accepted	isco wordnet	
lighthouse-keeper	agent	single	wordnet	
lighthouse-keeper	attribute	single	sumo	
lighthouse-keeper	digger	single	isco	
lighthouse-keeper	driver	single	isco	
lighthouse-keeper	operator	single	isco	
lighthouse-keeper	organism	single	wordnet	
lighthouse-keeper	person	single	wordnet	
lighthouse-keeper	physical-object	single	wordnet	
lighthouse-keeper	property	single	sumo	
lighthouse-keeper	teamster	single	isco	
lighthouse-keeper	worker	single	isco	
limitation	companion	single	sumo	
limnologist	adviser	single	isco	
limnologist	agent	single	wordnet	
limnologist	analyst.person	single	isco	
limnologist	architect	single	isco	
limnologist	artist	single	isco	
limnologist	attribute	single	sumo	
limnologist	copywriter	single	isco	
limnologist	developer	single	isco	
limnologist	educator	single	isco	
limnologist	engineer	single	isco	
limnologist	epidemiologist	single	isco	
limnologist	expert	accepted	isco wordnet	
limnologist	hearer	single	isco	
limnologist	immunologist	single	isco	
limnologist	organism	single	wordnet	
limnologist	person	single	wordnet	
limnologist	physical-object	single	wordnet	
limnologist	practitioner	single	isco	
limnologist	professional	single	isco	
limnologist	property	single	sumo	
limnologist	research-worker	single	isco	
limnologist	scientist	single	isco	
limnologist	security-consultant	single	isco	
limnologist	specialist	accepted	isco wordnet	
limnologist	surveyor	single	isco	
limnologist	systems-analyst	single	isco	
limnologist	toxicologist	single	isco	
limnologist	worker	single	isco	
limnologist	writer	single	isco	
line-worker	agent	single	wordnet	
line-worker	beater	single	isco	
line-worker	blaster	single	isco	
line-worker	bodybuilder	single	isco	
line-worker	builder	single	isco	
line-worker	cabinetmaker	single	isco	
line-worker	caster.person	single	isco	
line-worker	closer	single	isco	
line-worker	compositor	single	isco	
line-worker	craftsman	single	isco	
line-worker	employee	single	wordnet	
line-worker	engraver	single	isco	
line-worker	fitter	single	isco	
line-worker	glassworker	single	isco	
line-worker	grader	single	isco	
line-worker	ironworker	single	isco	
line-worker	machinist	single	isco	
line-worker	maker	single	isco	
line-worker	mender	single	isco	
line-worker	organism	single	wordnet	
line-worker	painter	single	isco	
line-worker	patternmaker	single	isco	
line-worker	person	single	wordnet	
line-worker	physical-object	single	wordnet	
line-worker	refinisher	single	isco	
line-worker	rigger	single	isco	
line-worker	sewer	single	isco	
line-worker	shipwright	single	isco	
line-worker	smith	single	isco	
line-worker	spinster	single	isco	
line-worker	splitter	single	isco	
line-worker	sprayer	single	isco	
line-worker	stonecutter	single	isco	
line-worker	tuner	single	isco	
line-worker	turner	single	isco	
line-worker	varnisher	single	isco	
line-worker	welder	single	isco	
line-worker	woodcarver	single	isco	
line-worker	worker	accepted	isco wordnet	
linguist	adviser	single	isco	
linguist	agent	single	wordnet	
linguist	analyst.person	single	isco	
linguist	architect	single	isco	
linguist	artist	single	isco	
linguist	copywriter	single	isco	
linguist	developer	single	isco	
linguist	editor	single	isco	
linguist	educator	single	isco	
linguist	engineer	single	isco	
linguist	epidemiologist	single	isco	
linguist	expert	single	isco	
linguist	hearer	single	isco	
linguist	immunologist	single	isco	
linguist	organism	single	wordnet	
linguist	person	single	wordnet	
linguist	philologist	single	wikidata	
linguist	physical-object	single	wordnet	
linguist	practitioner	single	isco	
linguist	professional	single	isco	
linguist	reporter	single	isco	
linguist	research-worker	single	isco	
linguist	scientist	accepted	isco wordnet	
linguist	security-consultant	single	isco	
linguist	specialist	single	isco	
linguist	sports-announcer	single	isco	
linguist	systems-analyst	single	isco	
linguist	translator	single	isco	
linguist	worker	single	isco	
linguist	writer	single	isco	
liquidator	adviser	single	isco	
liquidator	agent	single	wordnet	
liquidator	analyst.person	single	isco	
liquidator	architect	single	isco	
liquidator	artist	single	isco	
liquidator	attribute	single	sumo	
liquidator	copywriter	single	isco	
liquidator	developer	single	isco	
liquidator	educator	single	isco	
liquidator	engineer	single	isco	
liquidator	epidemiologist	single	isco	
liquidator	expert	single	isco	
liquidator	hearer	single	isco	
liquidator	immunologist	single	isco	
liquidator	organism	single	wordnet	
liquidator	person	single	wordnet	
liquidator	physical-object	single	wordnet	
liquidator	practitioner	single	isco	
liquidator	professional	single	isco	
liquidator	property	single	sumo	
liquidator	research-worker	single	isco	
liquidator	scientist	single	isco	
liquidator	security-consultant	single	isco	
liquidator	specialist	single	isco	
liquidator	systems-analyst	single	isco	
liquidator	worker	single	isco	
liquidator	writer	single	isco	
literary-agent	agent	single	wordnet	
literary-agent	attribute	single	sumo	
literary-agent	booker	single	wikidata	
literary-agent	broker	accepted	isco wikidata	
literary-agent	businessman	single	wikidata	
literary-agent	cameraman	single	isco	
literary-agent	communicator	single	wordnet	
literary-agent	detective	single	isco	
literary-agent	inquiry-agent	single	isco	
literary-agent	inspector	single	isco	
literary-agent	investment-banker	single	isco	
literary-agent	man	single	isco	
literary-agent	organism	single	wordnet	
literary-agent	paralegal	single	isco	
literary-agent	person	single	wordnet	
literary-agent	physical-object	single	wordnet	
literary-agent	promoter	single	isco	
literary-agent	property	single	sumo	
literary-agent	representative	single	wordnet	
literary-agent	representative-agent	single	wordnet	
literary-agent	supervisor	single	isco	
literary-agent	technician	single	isco	
literary-agent	trader	single	isco	
literary-agent	woman	single	isco	
literary-agent	worker	accepted	isco wikidata	
litigant	adviser	single	isco	
litigant	agent	single	wordnet	
litigant	analyst.person	single	isco	
litigant	architect	single	isco	
litigant	artist	single	isco	
litigant	attribute	single	sumo	
litigant	copywriter	single	isco	
litigant	developer	single	isco	
litigant	editor	single	isco	
litigant	educator	single	isco	
litigant	engineer	single	isco	
litigant	epidemiologist	single	isco	
litigant	expert	single	isco	
litigant	hearer	single	isco	
litigant	immunologist	single	isco	
litigant	jurist	single	isco	
litigant	organism	single	wordnet	
litigant	party	single	wikidata	
litigant	person	accepted	wikidata wordnet	
litigant	physical-object	single	wordnet	
litigant	practitioner	single	isco	
litigant	professional	single	isco	
litigant	property	single	sumo	
litigant	reporter	single	isco	
litigant	research-worker	single	isco	
litigant	scientist	single	isco	
litigant	security-consultant	single	isco	
litigant	specialist	single	isco	
litigant	sports-announcer	single	isco	
litigant	systems-analyst	single	isco	
litigant	translator	single	isco	
litigant	worker	single	isco	
litigant	writer	single	isco	
lobbyist	account-executive	single	isco	
lobbyist	adult	single	opencyc	
lobbyist	adviser	single	isco	
lobbyist	agent	single	wordnet	
lobbyist	analyst.person	single	isco	
lobbyist	architect	single	isco	
lobbyist	artist	single	isco	
lobbyist	attribute	single	sumo	
lobbyist	communicator	single	wordnet	
lobbyist	copywriter	single	isco	
lobbyist	developer	single	isco	
lobbyist	educator	single	isco	
lobbyist	engineer	single	isco	
lobbyist	epidemiologist	single	isco	
lobbyist	executive-director	single	isco	
lobbyist	expert	single	isco	
lobbyist	hearer	single	isco	
lobbyist	human	single	opencyc	
lobbyist	immunologist	single	isco	
lobbyist	mammal	single	opencyc	
lobbyist	organism	single	wordnet	
lobbyist	person	single	wordnet	
lobbyist	physical-object	single	wordnet	
lobbyist	practitioner	single	isco	
lobbyist	professional	accepted	isco opencyc	
lobbyist	property	single	sumo	
lobbyist	research-worker	single	isco	
lobbyist	scientist	single	isco	
lobbyist	security-consultant	single	isco	
lobbyist	skilled-worker	single	opencyc	
lobbyist	specialist	single	isco	
lobbyist	structure	single	opencyc	
lobbyist	system	single	opencyc	
lobbyist	systems-analyst	single	isco	
lobbyist	vertebrate	single	opencyc	
lobbyist	worker	accepted	isco opencyc	
lobbyist	writer	single	isco	
lockmaster	agent	single	wordnet	
lockmaster	attribute	single	sumo	
lockmaster	digger	single	isco	
lockmaster	driver	single	isco	
lockmaster	operator	single	isco	
lockmaster	organism	single	wordnet	
lockmaster	person	single	wordnet	
lockmaster	physical-object	single	wordnet	
lockmaster	property	single	sumo	
lockmaster	skilled-worker	single	wordnet	
lockmaster	teamster	single	isco	
lockmaster	worker	accepted	isco wordnet	
locksmith	agent	single	wordnet	
locksmith	attribute	single	sumo	
locksmith	beater	single	isco	
locksmith	blaster	single	isco	
locksmith	bodybuilder	single	isco	
locksmith	builder	single	isco	
locksmith	cabinetmaker	single	isco	
locksmith	caster.person	single	isco	
locksmith	closer	single	isco	
locksmith	compositor	single	isco	
locksmith	craftsman	single	isco	
locksmith	engraver	single	isco	
locksmith	fitter	single	isco	
locksmith	glassworker	single	isco	
locksmith	grader	single	isco	
locksmith	human	single	opencyc	
locksmith	ironworker	single	isco	
locksmith	machinist	single	isco	
locksmith	maker	single	isco	
locksmith	mammal	single	opencyc	
locksmith	mender	single	isco	
locksmith	organism	single	wordnet	
locksmith	organization	single	schemaorg	
locksmith	painter	single	isco	
locksmith	patternmaker	single	isco	
locksmith	person	single	wordnet	
locksmith	physical-object	single	wordnet	
locksmith	place	single	schemaorg	
locksmith	property	single	sumo	
locksmith	refinisher	single	isco	
locksmith	rigger	single	isco	
locksmith	sewer	single	isco	
locksmith	shipwright	single	isco	
locksmith	skilled-worker	single	wordnet	
locksmith	smith	accepted	isco wordnet	
locksmith	spinster	single	isco	
locksmith	splitter	single	isco	
locksmith	sprayer	single	isco	
locksmith	stonecutter	single	isco	
locksmith	structure	single	opencyc	
locksmith	system	single	opencyc	
locksmith	tuner	single	isco	
locksmith	turner	single	isco	
locksmith	varnisher	single	isco	
locksmith	vertebrate	single	opencyc	
locksmith	welder	single	isco	
locksmith	woodcarver	single	isco	
locksmith	worker	accepted	isco opencyc wordnet	
lookout	watchman	single	wordnet	
lost-item	companion	single	sumo	
love	companion	single	sumo	
lumberman	agent	single	wordnet	
lumberman	agriculturist	single	isco	
lumberman	attribute	single	sumo	
lumberman	cowboy	single	isco	
lumberman	employee	single	wordnet	
lumberman	farmer	single	isco	
lumberman	farmhand	single	isco	
lumberman	fisherman	single	isco	
lumberman	forester	single	isco	
lumberman	gardener	single	isco	
lumberman	goat-herder	single	isco	
lumberman	hunter	single	isco	
lumberman	laborer	single	wordnet	
lumberman	organism	single	wordnet	
lumberman	person	single	wordnet	
lumberman	physical-object	single	wordnet	
lumberman	plantation-owner	single	isco	
lumberman	property	single	sumo	
lumberman	shepherd	single	isco	
lumberman	trapper	single	isco	
lumberman	worker	accepted	isco wordnet	
lyricist	adviser	single	isco	
lyricist	agent	accepted	sumo wordnet	
lyricist	analyst.person	single	isco	
lyricist	animal	single	sumo	
lyricist	architect	single	isco	
lyricist	artist	accepted	isco wikidata	
lyricist	body	single	sumo	
lyricist	communicator	single	wordnet	
lyricist	copywriter	single	isco	
lyricist	developer	single	isco	
lyricist	editor	single	isco	
lyricist	educator	single	isco	
lyricist	engineer	single	isco	
lyricist	epidemiologist	single	isco	
lyricist	expert	single	isco	
lyricist	hearer	single	isco	
lyricist	human	single	sumo	
lyricist	immunologist	single	isco	
lyricist	mammal	single	sumo	
lyricist	organism	accepted	sumo wordnet	
lyricist	person	accepted	sumo wikidata wordnet	
lyricist	phenomenon	single	sumo	
lyricist	physical-object	accepted	sumo wordnet	
lyricist	populace	single	sumo	
lyricist	practitioner	single	isco	
lyricist	professional	single	isco	
lyricist	reporter	single	isco	
lyricist	research-worker	single	isco	
lyricist	scientist	single	isco	
lyricist	security-consultant	single	isco	
lyricist	self	single	sumo	
lyricist	specialist	single	isco	
lyricist	species	single	sumo	
lyricist	sports-announcer	single	isco	
lyricist	systems-analyst	single	isco	
lyricist	translator	single	isco	
lyricist	universe	single	sumo	
lyricist	vertebrate	single	sumo	
lyricist	worker	single	isco	
lyricist	writer	accepted	isco wikidata wordnet	
machinist	agent	single	wordnet	
machinist	attribute	single	sumo	
machinist	craftsman	single	wordnet	
machinist	organism	single	wordnet	
machinist	person	single	wordnet	
machinist	physical-object	single	wordnet	
machinist	property	single	sumo	
machinist	skilled-worker	single	wordnet	
machinist	worker	accepted	isco wordnet	
macroeconomist	adviser	single	isco	
macroeconomist	agent	accepted	sumo wordnet	
macroeconomist	analyst.person	single	isco	
macroeconomist	animal	single	sumo	
macroeconomist	architect	single	isco	
macroeconomist	artist	single	isco	
macroeconomist	body	single	sumo	
macroeconomist	copywriter	single	isco	
macroeconomist	developer	single	isco	
macroeconomist	economist	single	wordnet	
macroeconomist	editor	single	isco	
macroeconomist	educator	single	isco	
macroeconomist	engineer	single	isco	
macroeconomist	epidemiologist	single	isco	
macroeconomist	expert	single	isco	
macroeconomist	hearer	single	isco	
macroeconomist	human	single	sumo	
macroeconomist	immunologist	single	isco	
macroeconomist	mammal	single	sumo	
macroeconomist	organism	accepted	sumo wordnet	
macroeconomist	person	accepted	sumo wordnet	
macroeconomist	phenomenon	single	sumo	
macroeconomist	physical-object	accepted	sumo wordnet	
macroeconomist	populace	single	sumo	
macroeconomist	practitioner	single	isco	
macroeconomist	professional	single	isco	
macroeconomist	reporter	single	isco	
macroeconomist	research-worker	single	isco	
macroeconomist	scientist	accepted	isco wordnet	
macroeconomist	security-consultant	single	isco	
macroeconomist	self	single	sumo	
macroeconomist	social-scientist	single	wordnet	
macroeconomist	specialist	single	isco	
macroeconomist	species	single	sumo	
macroeconomist	sports-announcer	single	isco	
macroeconomist	systems-analyst	single	isco	
macroeconomist	translator	single	isco	
macroeconomist	universe	single	sumo	
macroeconomist	vertebrate	single	sumo	
macroeconomist	worker	single	isco	
macroeconomist	writer	single	isco	
magician	adviser	single	isco	
magician	agent	single	wordnet	
magician	analyst.person	single	isco	
magician	architect	single	isco	
magician	artist	accepted	isco opencyc	
magician	copywriter	single	isco	
magician	developer	single	isco	
magician	editor	single	isco	
magician	educator	single	isco	
magician	engineer	single	isco	
magician	epidemiologist	single	isco	
magician	expert	single	isco	
magician	hearer	single	isco	
magician	human	single	opencyc	
magician	immunologist	single	isco	
magician	mammal	single	opencyc	
magician	organism	single	wordnet	
magician	performer	single	wordnet	
magician	person	single	wordnet	
magician	physical-object	single	wordnet	
magician	practitioner	single	isco	
magician	professional	accepted	isco opencyc	
magician	reporter	single	isco	
magician	research-worker	single	isco	
magician	scientist	single	isco	
magician	security-consultant	single	isco	
magician	skilled-worker	single	opencyc	
magician	specialist	single	isco	
magician	sports-announcer	single	isco	
magician	structure	single	opencyc	
magician	system	single	opencyc	
magician	systems-analyst	single	isco	
magician	translator	single	isco	
magician	vertebrate	single	opencyc	
magician	worker	accepted	isco opencyc	
magician	writer	single	isco	
magistrate	adviser	single	isco	
magistrate	agent	single	wordnet	
magistrate	analyst.person	single	isco	
magistrate	architect	single	isco	
magistrate	artist	single	isco	
magistrate	copywriter	single	isco	
magistrate	developer	single	isco	
magistrate	editor	single	isco	
magistrate	educator	single	isco	
magistrate	engineer	single	isco	
magistrate	epidemiologist	single	isco	
magistrate	expert	single	isco	
magistrate	hearer	single	isco	
magistrate	immunologist	single	isco	
magistrate	judge	single	wordnet	
magistrate	jurist	accepted	isco wikidata	
magistrate	official	single	wordnet	
magistrate	organism	single	wordnet	
magistrate	person	single	wordnet	
magistrate	physical-object	single	wordnet	
magistrate	practitioner	single	isco	
magistrate	professional	accepted	isco wikidata	
magistrate	reporter	single	isco	
magistrate	research-worker	single	isco	
magistrate	scientist	single	isco	
magistrate	security-consultant	single	isco	
magistrate	skilled-worker	single	wordnet	
magistrate	specialist	accepted	isco wikidata	
magistrate	sports-announcer	single	isco	
magistrate	systems-analyst	single	isco	
magistrate	translator	single	isco	
magistrate	worker	accepted	isco wikidata wordnet	
magistrate	writer	single	isco	
magpie	agent	single	wordnet	
magpie	animal-trainer	single	isco	
magpie	attribute	single	sumo	
magpie	bearer	single	isco	
magpie	girl	single	isco	
magpie	hired-hand	single	isco	
magpie	laborer	single	isco	
magpie	male-child	single	isco	
magpie	messenger-boy	single	isco	
magpie	organism	single	wordnet	
magpie	person	single	wordnet	
magpie	physical-object	single	wordnet	
magpie	picker	single	isco	
magpie	porter	single	isco	
magpie	property	single	sumo	
magpie	remover	single	isco	
magpie	stacker	single	isco	
magpie	stevedore	single	isco	
magpie	sweeper	single	isco	
magpie	washer.person	single	isco	
magpie	window-washer	single	isco	
magpie	worker	single	isco	
mahout	agent	single	wordnet	
mahout	animal-trainer	single	isco	
mahout	attribute	single	sumo	
mahout	bearer	single	isco	
mahout	girl	single	isco	
mahout	hired-hand	single	isco	
mahout	laborer	single	isco	
mahout	male-child	single	isco	
mahout	messenger-boy	single	isco	
mahout	organism	single	wordnet	
mahout	packer	single	isco	
mahout	person	single	wordnet	
mahout	physical-object	single	wordnet	
mahout	picker	single	isco	
mahout	porter	single	isco	
mahout	property	single	sumo	
mahout	remover	single	isco	
mahout	stacker	single	isco	
mahout	stevedore	single	isco	
mahout	sweeper	single	isco	
mahout	washer.person	single	isco	
mahout	window-washer	single	isco	
mahout	worker	accepted	isco wordnet	
maid	animal-trainer	single	isco	
maid	bearer	single	isco	
maid	girl	single	isco	
maid	housekeeper	single	opencyc	
maid	messenger-boy	single	isco	
maid	picker	single	isco	
maid	remover	single	isco	
maid	stacker	single	isco	
maid	stevedore	single	isco	
maid	sweeper	single	isco	
maid	washer.person	single	isco	
maid	window-washer	single	isco	
mailman	postal-clerk	single	wikidata	
maker	agent	accepted	sumo wordnet	
maker	animal	single	sumo	
maker	body	single	sumo	
maker	human	accepted	opencyc sumo	
maker	mammal	accepted	opencyc sumo	
maker	organism	accepted	sumo wordnet	
maker	person	accepted	sumo wordnet	
maker	phenomenon	single	sumo	
maker	physical-object	accepted	sumo wordnet	
maker	populace	single	sumo	
maker	self	single	sumo	
maker	species	single	sumo	
maker	structure	single	opencyc	
maker	system	single	opencyc	
maker	universe	single	sumo	
maker	vertebrate	accepted	opencyc sumo	
maker	worker	single	isco	
maltreatment	companion	single	sumo	
maltster	agent	single	wordnet	
maltster	attribute	single	sumo	
maltster	brewer	single	wikidata	
maltster	craftsman	single	wikidata	
maltster	digger	single	isco	
maltster	drawer.person	single	isco	
maltster	maker	single	wordnet	
maltster	operator	single	isco	
maltster	organism	single	wordnet	
maltster	person	accepted	wikidata wordnet	
maltster	physical-object	single	wordnet	
maltster	property	single	sumo	
maltster	worker	single	isco	
mammalogist	adviser	single	isco	
mammalogist	agent	single	wordnet	
mammalogist	analyst.person	single	isco	
mammalogist	architect	single	isco	
mammalogist	artist	single	isco	
mammalogist	attribute	single	sumo	
mammalogist	copywriter	single	isco	
mammalogist	developer	single	isco	
mammalogist	educator	single	isco	
mammalogist	engineer	single	isco	
mammalogist	epidemiologist	single	isco	
mammalogist	expert	single	isco	
mammalogist	hearer	single	isco	
mammalogist	immunologist	single	isco	
mammalogist	organism	single	wordnet	
mammalogist	person	single	wordnet	
mammalogist	physical-object	single	wordnet	
mammalogist	practitioner	single	isco	
mammalogist	professional	single	isco	
mammalogist	property	single	sumo	
mammalogist	research-worker	single	isco	
mammalogist	scientist	accepted	isco wordnet	
mammalogist	security-consultant	single	isco	
mammalogist	specialist	single	isco	
mammalogist	surveyor	single	isco	
mammalogist	systems-analyst	single	isco	
mammalogist	toxicologist	single	isco	
mammalogist	worker	single	isco	
mammalogist	writer	single	isco	
mammalogist	zoologist	single	wordnet	
management-consultant	adviser	accepted	isco wordnet	
management-consultant	agent	single	wordnet	
management-consultant	analyst.person	single	isco	
management-consultant	architect	single	isco	
management-consultant	artist	single	isco	
management-consultant	attribute	single	sumo	
management-consultant	authority	single	wordnet	
management-consultant	copywriter	single	isco	
management-consultant	developer	single	isco	
management-consultant	educator	single	isco	
management-consultant	engineer	single	isco	
management-consultant	epidemiologist	single	isco	
management-consultant	expert	accepted	isco wordnet	
management-consultant	hearer	single	isco	
management-consultant	immunologist	single	isco	
management-consultant	organism	single	wordnet	
management-consultant	person	single	wordnet	
management-consultant	physical-object	single	wordnet	
management-consultant	practitioner	single	isco	
management-consultant	professional	single	isco	
management-consultant	property	single	sumo	
management-consultant	research-worker	single	isco	
management-consultant	scientist	single	isco	
management-consultant	security-consultant	single	isco	
management-consultant	specialist	single	isco	
management-consultant	systems-analyst	single	isco	
management-consultant	worker	single	isco	
management-consultant	writer	single	isco	
manicurist	adjutant	single	isco	
manicurist	agent	single	wordnet	
manicurist	attribute	single	sumo	
manicurist	beautician	single	wordnet	
manicurist	bodyguard	single	isco	
manicurist	companion	single	isco	
manicurist	concierge	single	isco	
manicurist	craftsman	single	wordnet	
manicurist	gamekeeper	single	isco	
manicurist	guard	single	isco	
manicurist	host	single	isco	
manicurist	hostess	single	isco	
manicurist	keeper	single	isco	
manicurist	organism	single	wordnet	
manicurist	person	single	wordnet	
manicurist	physical-object	single	wordnet	
manicurist	property	single	sumo	
manicurist	skilled-worker	single	wordnet	
manicurist	steward.person	single	isco	
manicurist	stewardess	single	isco	
manicurist	worker	accepted	isco wordnet	
mannequin	adjutant	single	isco	
mannequin	bodyguard	single	isco	
mannequin	companion	single	isco	
mannequin	concierge	single	isco	
mannequin	gamekeeper	single	isco	
mannequin	hostess	single	isco	
mannequin	keeper	single	isco	
manservant	adjutant	single	isco	
manservant	agent	single	wordnet	
manservant	attribute	single	sumo	
manservant	bodyguard	single	isco	
manservant	companion	single	isco	
manservant	concierge	single	isco	
manservant	gamekeeper	single	isco	
manservant	guard	single	isco	
manservant	host	single	isco	
manservant	hostess	single	isco	
manservant	keeper	single	isco	
manservant	organism	single	wordnet	
manservant	person	single	wordnet	
manservant	physical-object	single	wordnet	
manservant	property	single	sumo	
manservant	servant	accepted	wikidata wordnet	
manservant	steward.person	single	isco	
manservant	stewardess	single	isco	
manservant	worker	accepted	isco wikidata wordnet	
manufacturer	maker	single	wordnet	
marine-engineer	adviser	single	isco	
marine-engineer	agent	single	wordnet	
marine-engineer	analyst.person	single	isco	
marine-engineer	architect	single	isco	
marine-engineer	artist	single	isco	
marine-engineer	copywriter	single	isco	
marine-engineer	developer	single	isco	
marine-engineer	educator	single	isco	
marine-engineer	engineer	accepted	isco wordnet	
marine-engineer	epidemiologist	single	isco	
marine-engineer	expert	single	isco	
marine-engineer	hearer	single	isco	
marine-engineer	immunologist	single	isco	
marine-engineer	organism	single	wordnet	
marine-engineer	person	single	wordnet	
marine-engineer	physical-object	single	wordnet	
marine-engineer	practitioner	single	isco	
marine-engineer	professional	single	isco	
marine-engineer	research-worker	single	isco	
marine-engineer	scientist	single	isco	
marine-engineer	security-consultant	single	isco	
marine-engineer	specialist	single	isco	
marine-engineer	surveyor	single	isco	
marine-engineer	systems-analyst	single	isco	
marine-engineer	worker	single	isco	
marine-engineer	writer	single	isco	
market-analyst	account-executive	single	isco	
market-analyst	adviser	single	isco	
market-analyst	agent	single	wordnet	
market-analyst	analyst.person	single	isco	
market-analyst	architect	single	isco	
market-analyst	artist	single	isco	
market-analyst	attribute	single	sumo	
market-analyst	copywriter	single	isco	
market-analyst	developer	single	isco	
market-analyst	educator	single	isco	
market-analyst	engineer	single	isco	
market-analyst	epidemiologist	single	isco	
market-analyst	executive-director	single	isco	
market-analyst	expert	accepted	isco wordnet	
market-analyst	hearer	single	isco	
market-analyst	immunologist	single	isco	
market-analyst	organism	single	wordnet	
market-analyst	person	single	wordnet	
market-analyst	physical-object	single	wordnet	
market-analyst	practitioner	single	isco	
market-analyst	professional	single	isco	
market-analyst	property	single	sumo	
market-analyst	research-worker	single	isco	
market-analyst	scientist	single	isco	
market-analyst	security-consultant	single	isco	
market-analyst	specialist	single	isco	
market-analyst	systems-analyst	single	isco	
market-analyst	worker	single	isco	
market-analyst	writer	single	isco	
mason	agent	single	wordnet	
mason	attribute	single	sumo	
mason	beater	single	isco	
mason	blaster	single	isco	
mason	bodybuilder	single	isco	
mason	builder	single	isco	
mason	cabinetmaker	single	isco	
mason	caster.person	single	isco	
mason	closer	single	isco	
mason	compositor	single	isco	
mason	craftsman	accepted	isco wordnet	
mason	engraver	single	isco	
mason	fitter	single	isco	
mason	glassworker	single	isco	
mason	grader	single	isco	
mason	ironworker	single	isco	
mason	machinist	single	isco	
mason	maker	single	isco	
mason	mender	single	isco	
mason	organism	single	wordnet	
mason	painter	single	isco	
mason	patternmaker	single	isco	
mason	person	single	wordnet	
mason	physical-object	single	wordnet	
mason	property	single	sumo	
mason	refinisher	single	isco	
mason	rigger	single	isco	
mason	sewer	single	isco	
mason	shipwright	single	isco	
mason	skilled-worker	single	wordnet	
mason	smith	single	isco	
mason	spinster	single	isco	
mason	splitter	single	isco	
mason	sprayer	single	isco	
mason	stonecutter	single	isco	
mason	tuner	single	isco	
mason	turner	single	isco	
mason	varnisher	single	isco	
mason	welder	single	isco	
mason	woodcarver	single	isco	
mason	worker	accepted	isco wordnet	
masseur	agent	single	wordnet	
masseur	attribute	single	sumo	
masseur	cameraman	single	isco	
masseur	detective	single	isco	
masseur	expert	single	wordnet	
masseur	inquiry-agent	single	isco	
masseur	inspector	single	isco	
masseur	man	single	isco	
masseur	organism	single	wordnet	
masseur	paralegal	single	isco	
masseur	person	single	wordnet	
masseur	physical-object	single	wordnet	
masseur	physical-therapist	single	wordnet	
masseur	promoter	single	isco	
masseur	property	single	sumo	
masseur	supervisor	single	isco	
masseur	technician	single	isco	
masseur	therapist	single	wordnet	
masseur	woman	single	isco	
masseur	worker	single	isco	
masseuse	agent	single	wordnet	
masseuse	attribute	single	sumo	
masseuse	cameraman	single	isco	
masseuse	detective	single	isco	
masseuse	expert	single	wordnet	
masseuse	inquiry-agent	single	isco	
masseuse	inspector	single	isco	
masseuse	man	single	isco	
masseuse	organism	single	wordnet	
masseuse	paralegal	single	isco	
masseuse	person	single	wordnet	
masseuse	physical-object	single	wordnet	
masseuse	physical-therapist	single	wordnet	
masseuse	promoter	single	isco	
masseuse	property	single	sumo	
masseuse	supervisor	single	isco	
masseuse	technician	single	isco	
masseuse	therapist	single	wordnet	
masseuse	woman	single	isco	
masseuse	worker	single	isco	
matchmaker	agent	single	wordnet	
matchmaker	attribute	single	sumo	
matchmaker	beater	single	isco	
matchmaker	blaster	single	isco	
matchmaker	bodybuilder	single	isco	
matchmaker	builder	single	isco	
matchmaker	cabinetmaker	single	isco	
matchmaker	caster.person	single	isco	
matchmaker	closer	single	isco	
matchmaker	communicator	single	wordnet	
matchmaker	compositor	single	isco	
matchmaker	craftsman	single	isco	
matchmaker	dressmaker	single	isco	
matchmaker	engraver	single	isco	
matchmaker	fitter	single	isco	
matchmaker	glassworker	single	isco	
matchmaker	grader	single	isco	
matchmaker	ironworker	single	isco	
matchmaker	machinist	single	isco	
matchmaker	maker	single	isco	
matchmaker	mediator	single	wordnet	
matchmaker	mender	single	isco	
matchmaker	organism	single	wordnet	
matchmaker	painter	single	isco	
matchmaker	patternmaker	single	isco	
matchmaker	person	single	wordnet	
matchmaker	physical-object	single	wordnet	
matchmaker	property	single	sumo	
matchmaker	refinisher	single	isco	
matchmaker	rigger	single	isco	
matchmaker	sewer	single	isco	
matchmaker	shipwright	single	isco	
matchmaker	smith	single	isco	
matchmaker	spinster	single	isco	
matchmaker	splitter	single	isco	
matchmaker	sprayer	single	isco	
matchmaker	stainer	single	isco	
matchmaker	stonecutter	single	isco	
matchmaker	tuner	single	isco	
matchmaker	turner	single	isco	
matchmaker	varnisher	single	isco	
matchmaker	welder	single	isco	
matchmaker	woodcarver	single	isco	
matchmaker	worker	single	isco	
mate	agent	single	wordnet	
mate	cameraman	single	isco	
mate	detective	single	isco	
mate	employee	single	wikidata	
mate	inquiry-agent	single	isco	
mate	inspector	single	isco	
mate	man	single	isco	
mate	organism	single	wordnet	
mate	paralegal	single	isco	
mate	person	single	wordnet	
mate	physical-object	single	wordnet	
mate	pilot	single	isco	
mate	promoter	single	isco	
mate	sailing-master	single	isco	
mate	sailor	single	wordnet	
mate	skilled-worker	single	wordnet	
mate	supervisor	single	isco	
mate	technician	single	isco	
mate	warrior	single	wikidata	
mate	woman	single	isco	
mate	worker	accepted	isco wikidata wordnet	
matron	adult	single	wordnet	
matron	agent	accepted	sumo wordnet	
matron	animal	single	sumo	
matron	body	single	sumo	
matron	chief	single	isco	
matron	department-head	single	isco	
matron	general-manager	single	isco	
matron	governor	single	isco	
matron	human	single	sumo	
matron	lady	single	sumo	
matron	mammal	single	sumo	
matron	manager	single	isco	
matron	organism	accepted	sumo wordnet	
matron	person	accepted	sumo wordnet	
matron	phenomenon	single	sumo	
matron	physical-object	accepted	sumo wordnet	
matron	populace	single	sumo	
matron	relative	single	wordnet	
matron	self	single	sumo	
matron	species	single	sumo	
matron	spouse	single	wordnet	
matron	universe	single	sumo	
matron	vertebrate	single	sumo	
matron	wife	single	wordnet	
matron	woman	accepted	sumo wordnet	
matron	worker	single	isco	
mayor	chancellor-of-the-exchequer	single	isco	
mayor	department-head	single	isco	
mayor	general-manager	single	isco	
mayor	politician.person	single	wordnet	
mayor	president.person	single	isco	
mayor	secretary-general	single	isco	
mechanical-engineer	adult	single	opencyc	
mechanical-engineer	adviser	single	isco	
mechanical-engineer	agent	single	wordnet	
mechanical-engineer	analyst.person	single	isco	
mechanical-engineer	architect	single	isco	
mechanical-engineer	artist	single	isco	
mechanical-engineer	attribute	single	sumo	
mechanical-engineer	copywriter	single	isco	
mechanical-engineer	developer	single	isco	
mechanical-engineer	educator	single	isco	
mechanical-engineer	engineer	accepted	isco opencyc wikidata wordnet	
mechanical-engineer	epidemiologist	single	isco	
mechanical-engineer	expert	single	isco	
mechanical-engineer	hearer	single	isco	
mechanical-engineer	human	single	opencyc	
mechanical-engineer	immunologist	single	isco	
mechanical-engineer	mammal	single	opencyc	
mechanical-engineer	organism	single	wordnet	
mechanical-engineer	person	single	wordnet	
mechanical-engineer	physical-object	single	wordnet	
mechanical-engineer	practitioner	single	isco	
mechanical-engineer	professional	accepted	isco opencyc	
mechanical-engineer	property	single	sumo	
mechanical-engineer	research-worker	single	isco	
mechanical-engineer	scientist	single	isco	
mechanical-engineer	security-consultant	single	isco	
mechanical-engineer	skilled-worker	single	opencyc	
mechanical-engineer	specialist	single	isco	
mechanical-engineer	structure	single	opencyc	
mechanical-engineer	surveyor	single	isco	
mechanical-engineer	system	single	opencyc	
mechanical-engineer	systems-analyst	single	isco	
mechanical-engineer	vertebrate	single	opencyc	
mechanical-engineer	worker	accepted	isco opencyc wikidata	
mechanical-engineer	writer	single	isco	
mediator	adviser	single	isco	
mediator	agent	single	wordnet	
mediator	analyst.person	single	isco	
mediator	architect	single	isco	
mediator	artist	single	isco	
mediator	attribute	single	sumo	
mediator	communicator	single	wordnet	
mediator	copywriter	single	isco	
mediator	developer	single	isco	
mediator	educator	single	isco	
mediator	engineer	single	isco	
mediator	epidemiologist	single	isco	
mediator	expert	single	isco	
mediator	hearer	single	isco	
mediator	immunologist	single	isco	
mediator	judge	single	wikidata	
mediator	jurist	single	wikidata	
mediator	organism	single	wordnet	
mediator	person	single	wordnet	
mediator	physical-object	single	wordnet	
mediator	practitioner	single	isco	
mediator	professional	accepted	isco wikidata	
mediator	property	single	sumo	
mediator	research-worker	single	isco	
mediator	scientist	single	isco	
mediator	security-consultant	single	isco	
mediator	specialist	accepted	isco wikidata	
mediator	systems-analyst	single	isco	
mediator	worker	accepted	isco wikidata	
mediator	writer	single	isco	
medical-scientist	adviser	single	isco	
medical-scientist	agent	single	wordnet	
medical-scientist	analyst.person	single	isco	
medical-scientist	architect	single	isco	
medical-scientist	artist	single	isco	
medical-scientist	attribute	single	sumo	
medical-scientist	copywriter	single	isco	
medical-scientist	developer	single	isco	
medical-scientist	educator	single	isco	
medical-scientist	engineer	single	isco	
medical-scientist	epidemiologist	disputed	isco	wikidata wordnet
medical-scientist	expert	single	isco	
medical-scientist	hearer	single	isco	
medical-scientist	immunologist	disputed	isco	wikidata wordnet
medical-scientist	organism	single	wordnet	
medical-scientist	person	single	wordnet	
medical-scientist	physical-object	single	wordnet	
medical-scientist	practitioner	single	isco	
medical-scientist	professional	single	isco	
medical-scientist	property	single	sumo	
medical-scientist	research-worker	accepted	isco wikidata	
medical-scientist	scientist	accepted	isco wordnet	
medical-scientist	security-consultant	single	isco	
medical-scientist	specialist	single	isco	
medical-scientist	surveyor	single	isco	
medical-scientist	systems-analyst	single	isco	
medical-scientist	toxicologist	disputed	isco	wordnet
medical-scientist	worker	single	isco	
medical-scientist	writer	single	isco	
member	associate	single	wordnet	
member	department-head	single	isco	
member	general-manager	single	isco	
menace	companion	single	sumo	
mender	agent	single	wordnet	
mender	attribute	single	sumo	
mender	organism	single	wordnet	
mender	person	single	wordnet	
mender	physical-object	single	wordnet	
mender	property	single	sumo	
mender	skilled-worker	single	wordnet	
mender	worker	accepted	isco wordnet	
messenger-boy	agent	single	wordnet	
messenger-boy	attribute	single	sumo	
messenger-boy	organism	single	wordnet	
messenger-boy	person	single	wordnet	
messenger-boy	physical-object	single	wordnet	
messenger-boy	property	single	sumo	
messenger-boy	traveler	single	wordnet	
messenger-boy	worker	single	isco	
metallurgist	adviser	single	isco	
metallurgist	agent	single	wordnet	
metallurgist	analyst.person	single	isco	
metallurgist	architect	single	isco	
metallurgist	artist	single	isco	
metallurgist	copywriter	single	isco	
metallurgist	developer	single	isco	
metallurgist	educator	single	isco	
metallurgist	engineer	accepted	isco wordnet	
metallurgist	epidemiologist	single	isco	
metallurgist	expert	single	isco	
metallurgist	hearer	single	isco	
metallurgist	immunologist	single	isco	
metallurgist	organism	single	wordnet	
metallurgist	person	single	wordnet	
metallurgist	physical-object	single	wordnet	
metallurgist	practitioner	single	isco	
metallurgist	professional	single	isco	
metallurgist	research-worker	single	isco	
metallurgist	scientist	single	isco	
metallurgist	security-consultant	single	isco	
metallurgist	specialist	single	isco	
metallurgist	surveyor	single	isco	
metallurgist	systems-analyst	single	isco	
metallurgist	worker	single	isco	
metallurgist	writer	single	isco	
meteorologist	adult	single	opencyc	
meteorologist	adviser	single	isco	
meteorologist	agent	single	wordnet	
meteorologist	analyst.person	single	isco	
meteorologist	architect	single	isco	
meteorologist	artist	single	isco	
meteorologist	attribute	single	sumo	
meteorologist	copywriter	single	isco	
meteorologist	developer	single	isco	
meteorologist	educator	single	isco	
meteorologist	engineer	single	isco	
meteorologist	epidemiologist	single	isco	
meteorologist	expert	accepted	isco wordnet	
meteorologist	hearer	single	isco	
meteorologist	human	single	opencyc	
meteorologist	immunologist	single	isco	
meteorologist	mammal	single	opencyc	
meteorologist	organism	single	wordnet	
meteorologist	person	single	wordnet	
meteorologist	physical-object	single	wordnet	
meteorologist	practitioner	single	isco	
meteorologist	professional	single	isco	
meteorologist	property	single	sumo	
meteorologist	research-worker	single	isco	
meteorologist	scientist	accepted	isco opencyc	
meteorologist	security-consultant	single	isco	
meteorologist	specialist	accepted	isco wordnet	
meteorologist	structure	single	opencyc	
meteorologist	surveyor	single	isco	
meteorologist	system	single	opencyc	
meteorologist	systems-analyst	single	isco	
meteorologist	vertebrate	single	opencyc	
meteorologist	worker	accepted	isco opencyc	
meteorologist	writer	single	isco	
mezzo-soprano	adviser	single	isco	
mezzo-soprano	agent	single	wordnet	
mezzo-soprano	analyst.person	single	isco	
mezzo-soprano	architect	single	isco	
mezzo-soprano	artist	single	isco	
mezzo-soprano	attribute	single	sumo	
mezzo-soprano	copywriter	single	isco	
mezzo-soprano	developer	single	isco	
mezzo-soprano	editor	single	isco	
mezzo-soprano	educator	single	isco	
mezzo-soprano	engineer	single	isco	
mezzo-soprano	epidemiologist	single	isco	
mezzo-soprano	expert	single	isco	
mezzo-soprano	hearer	single	isco	
mezzo-soprano	immunologist	single	isco	
mezzo-soprano	instrumentalist	single	wordnet	
mezzo-soprano	organism	single	wordnet	
mezzo-soprano	performer	single	wordnet	
mezzo-soprano	person	single	wordnet	
mezzo-soprano	physical-object	single	wordnet	
mezzo-soprano	practitioner	single	isco	
mezzo-soprano	professional	single	isco	
mezzo-soprano	property	single	sumo	
mezzo-soprano	reporter	single	isco	
mezzo-soprano	research-worker	single	isco	
mezzo-soprano	scientist	single	isco	
mezzo-soprano	security-consultant	single	isco	
mezzo-soprano	singer	single	wordnet	
mezzo-soprano	soprano.person	single	wordnet	
mezzo-soprano	specialist	single	isco	
mezzo-soprano	sports-announcer	single	isco	
mezzo-soprano	systems-analyst	single	isco	
mezzo-soprano	translator	single	isco	
mezzo-soprano	worker	single	isco	
mezzo-soprano	writer	single	isco	
microbiologist	adult	single	opencyc	
microbiologist	adviser	single	isco	
microbiologist	agent	single	wordnet	
microbiologist	analyst.person	single	isco	
microbiologist	architect	single	isco	
microbiologist	artist	single	isco	
microbiologist	copywriter	single	isco	
microbiologist	developer	single	isco	
microbiologist	educator	single	isco	
microbiologist	engineer	single	isco	
microbiologist	epidemiologist	single	isco	
microbiologist	expert	single	isco	
microbiologist	hearer	single	isco	
microbiologist	human	single	opencyc	
microbiologist	immunologist	single	isco	
microbiologist	mammal	single	opencyc	
microbiologist	organism	single	wordnet	
microbiologist	person	single	wordnet	
microbiologist	physical-object	single	wordnet	
microbiologist	practitioner	single	isco	
microbiologist	professional	single	isco	
microbiologist	research-worker	accepted	isco wikidata	
microbiologist	scientist	accepted	isco opencyc wikidata wordnet	
microbiologist	security-consultant	single	isco	
microbiologist	specialist	single	isco	
microbiologist	structure	single	opencyc	
microbiologist	surveyor	single	isco	
microbiologist	system	single	opencyc	
microbiologist	systems-analyst	single	isco	
microbiologist	toxicologist	single	isco	
microbiologist	vertebrate	single	opencyc	
microbiologist	worker	accepted	isco opencyc	
microbiologist	writer	single	isco	
middleman	communicator	single	wordnet	
mile	companion	single	sumo	
millwright	agent	single	wordnet	
millwright	attribute	single	sumo	
millwright	beater	single	isco	
millwright	blaster	single	isco	
millwright	bodybuilder	single	isco	
millwright	builder	single	isco	
millwright	cabinetmaker	single	isco	
millwright	caster.person	single	isco	
millwright	closer	single	isco	
millwright	compositor	single	isco	
millwright	craftsman	accepted	isco wordnet	
millwright	engraver	single	isco	
millwright	fitter	single	isco	
millwright	glassworker	single	isco	
millwright	grader	single	isco	
millwright	ironworker	single	isco	
millwright	machinist	single	isco	
millwright	maker	single	isco	
millwright	mender	single	isco	
millwright	organism	single	wordnet	
millwright	painter	single	isco	
millwright	patternmaker	single	isco	
millwright	person	single	wordnet	
millwright	physical-object	single	wordnet	
millwright	property	single	sumo	
millwright	refinisher	single	isco	
millwright	rigger	single	isco	
millwright	sewer	single	isco	
millwright	shipwright	single	isco	
millwright	skilled-worker	single	wordnet	
millwright	smith	single	isco	
millwright	spinster	single	isco	
millwright	splitter	single	isco	
millwright	sprayer	single	isco	
millwright	stonecutter	single	isco	
millwright	tuner	single	isco	
millwright	turner	single	isco	
millwright	varnisher	single	isco	
millwright	welder	single	isco	
millwright	woodcarver	single	isco	
millwright	worker	accepted	isco wordnet	
mime	analyst.person	single	isco	
mime	copywriter	single	isco	
mime	developer	single	isco	
mime	editor	single	isco	
mime	educator	single	isco	
mime	epidemiologist	single	isco	
mime	hearer	single	isco	
mime	immunologist	single	isco	
mime	practitioner	single	isco	
mime	security-consultant	single	isco	
mime	skilled-worker	single	opencyc	
mime	sports-announcer	single	isco	
mime	systems-analyst	single	isco	
mime	translator	single	isco	
miner	digger	single	isco	
miner	drawer.person	single	isco	
miner	operator	single	isco	
miner	skilled-worker	single	opencyc	
mineralogist	adviser	single	isco	
mineralogist	agent	single	wordnet	
mineralogist	analyst.person	single	isco	
mineralogist	architect	single	isco	
mineralogist	artist	single	isco	
mineralogist	attribute	single	sumo	
mineralogist	copywriter	single	isco	
mineralogist	developer	single	isco	
mineralogist	educator	single	isco	
mineralogist	engineer	single	isco	
mineralogist	epidemiologist	single	isco	
mineralogist	expert	single	isco	
mineralogist	geologist	single	wikidata	
mineralogist	hearer	single	isco	
mineralogist	immunologist	single	isco	
mineralogist	organism	single	wordnet	
mineralogist	person	single	wordnet	
mineralogist	physical-object	single	wordnet	
mineralogist	practitioner	single	isco	
mineralogist	professional	single	isco	
mineralogist	property	single	sumo	
mineralogist	research-worker	single	isco	
mineralogist	scientist	accepted	isco wordnet	
mineralogist	security-consultant	single	isco	
mineralogist	specialist	single	isco	
mineralogist	surveyor	single	isco	
mineralogist	systems-analyst	single	isco	
mineralogist	worker	single	isco	
mineralogist	writer	single	isco	
minimum	companion	single	sumo	
mining-engineer	adviser	single	isco	
mining-engineer	agent	single	wordnet	
mining-engineer	analyst.person	single	isco	
mining-engineer	architect	single	isco	
mining-engineer	artist	single	isco	
mining-engineer	copywriter	single	isco	
mining-engineer	developer	single	isco	
mining-engineer	educator	single	isco	
mining-engineer	engineer	accepted	isco wikidata wordnet	
mining-engineer	epidemiologist	single	isco	
mining-engineer	expert	single	isco	
mining-engineer	hearer	single	isco	
mining-engineer	immunologist	single	isco	
mining-engineer	organism	single	wordnet	
mining-engineer	person	single	wordnet	
mining-engineer	physical-object	single	wordnet	
mining-engineer	practitioner	single	isco	
mining-engineer	professional	single	isco	
mining-engineer	research-worker	single	isco	
mining-engineer	scientist	single	isco	
mining-engineer	security-consultant	single	isco	
mining-engineer	specialist	single	isco	
mining-engineer	surveyor	single	isco	
mining-engineer	systems-analyst	single	isco	
mining-engineer	worker	accepted	isco wikidata	
mining-engineer	writer	single	isco	
minister	chancellor-of-the-exchequer	disputed	isco	wordnet
minister	department-head	single	isco	
minister	executive-director	single	wordnet	
minister	general-manager	single	isco	
minister	president.person	single	isco	
minister	secretary-general	single	isco	
minister	skilled-worker	single	opencyc	
miracle	companion	single	sumo	
misery	companion	single	sumo	
missionary	adult	single	wordnet	
missionary	adviser	single	isco	
missionary	agent	single	wordnet	
missionary	analyst.person	single	isco	
missionary	architect	single	isco	
missionary	artist	single	isco	
missionary	attribute	single	sumo	
missionary	copywriter	single	isco	
missionary	developer	single	isco	
missionary	editor	single	isco	
missionary	educator	accepted	isco wordnet	
missionary	engineer	single	isco	
missionary	epidemiologist	single	isco	
missionary	expert	single	isco	
missionary	hearer	single	isco	
missionary	immunologist	single	isco	
missionary	organism	single	wordnet	
missionary	person	single	wordnet	
missionary	physical-object	single	wordnet	
missionary	practitioner	single	isco	
missionary	professional	accepted	isco wordnet	
missionary	property	single	sumo	
missionary	reporter	single	isco	
missionary	research-worker	single	isco	
missionary	scientist	single	isco	
missionary	security-consultant	single	isco	
missionary	specialist	single	isco	
missionary	sports-announcer	single	isco	
missionary	systems-analyst	single	isco	
missionary	teacher	single	wordnet	
missionary	translator	single	isco	
missionary	worker	single	isco	
missionary	writer	single	isco	
mistake	companion	single	sumo	
molecular-biologist	adviser	single	isco	
molecular-biologist	agent	single	wordnet	
molecular-biologist	analyst.person	single	isco	
molecular-biologist	architect	single	isco	
molecular-biologist	artist	single	isco	
molecular-biologist	copywriter	single	isco	
molecular-biologist	developer	single	isco	
molecular-biologist	educator	single	isco	
molecular-biologist	engineer	single	isco	
molecular-biologist	epidemiologist	single	isco	
molecular-biologist	expert	single	isco	
molecular-biologist	hearer	single	isco	
molecular-biologist	immunologist	single	isco	
molecular-biologist	organism	single	wordnet	
molecular-biologist	person	single	wordnet	
molecular-biologist	physical-object	single	wordnet	
molecular-biologist	practitioner	single	isco	
molecular-biologist	professional	single	isco	
molecular-biologist	research-worker	accepted	isco wikidata	
molecular-biologist	scientist	accepted	isco wikidata wordnet	
molecular-biologist	security-consultant	single	isco	
molecular-biologist	specialist	single	isco	
molecular-biologist	surveyor	single	isco	
molecular-biologist	systems-analyst	single	isco	
molecular-biologist	toxicologist	single	isco	
molecular-biologist	worker	single	isco	
molecular-biologist	writer	single	isco	
monk	cameraman	single	isco	
monk	inquiry-agent	single	isco	
monk	inspector	single	isco	
monk	paralegal	single	isco	
monk	promoter	single	isco	
monk	technician	single	isco	
monopoly	companion	single	sumo	
monsignor	adviser	single	isco	
monsignor	agent	single	wordnet	
monsignor	analyst.person	single	isco	
monsignor	architect	single	isco	
monsignor	artist	single	isco	
monsignor	attribute	accepted	sumo wordnet	
monsignor	copywriter	single	isco	
monsignor	developer	single	isco	
monsignor	editor	single	isco	
monsignor	educator	single	isco	
monsignor	engineer	single	isco	
monsignor	epidemiologist	single	isco	
monsignor	expert	single	isco	
monsignor	hearer	single	isco	
monsignor	human	single	opencyc	
monsignor	immunologist	single	isco	
monsignor	leader	single	wordnet	
monsignor	mammal	single	opencyc	
monsignor	organism	single	wordnet	
monsignor	person	single	wordnet	
monsignor	physical-object	single	wordnet	
monsignor	practitioner	single	isco	
monsignor	priest	single	wordnet	
monsignor	professional	single	isco	
monsignor	property	single	sumo	
monsignor	reporter	single	isco	
monsignor	research-worker	single	isco	
monsignor	scientist	single	isco	
monsignor	security-consultant	single	isco	
monsignor	specialist	single	isco	
monsignor	sports-announcer	single	isco	
monsignor	state	single	wordnet	
monsignor	status	single	wordnet	
monsignor	structure	single	opencyc	
monsignor	system	single	opencyc	
monsignor	systems-analyst	single	isco	
monsignor	translator	single	isco	
monsignor	vertebrate	single	opencyc	
monsignor	worker	single	isco	
monsignor	writer	single	isco	
mortician	adjutant	single	isco	
mortician	agent	single	wordnet	
mortician	attribute	single	sumo	
mortician	bodyguard	single	isco	
mortician	companion	single	isco	
mortician	concierge	single	isco	
mortician	gamekeeper	single	isco	
mortician	guard	single	isco	
mortician	host	single	isco	
mortician	hostess	single	isco	
mortician	keeper	single	isco	
mortician	organism	single	wordnet	
mortician	person	single	wordnet	
mortician	physical-object	single	wordnet	
mortician	property	single	sumo	
mortician	skilled-worker	single	wordnet	
mortician	steward.person	single	isco	
mortician	stewardess	single	isco	
mortician	worker	accepted	isco wordnet	
mother	analyst.person	single	isco	
mother	copywriter	single	isco	
mother	developer	single	isco	
mother	editor	single	isco	
mother	educator	single	isco	
mother	epidemiologist	single	isco	
mother	hearer	single	isco	
mother	immunologist	single	isco	
mother	practitioner	single	isco	
mother	security-consultant	single	isco	
mother	sports-announcer	single	isco	
mother	systems-analyst	single	isco	
mother	translator	single	isco	
motorist	operator	single	wordnet	
mounter	agent	accepted	sumo wordnet	
mounter	animal	single	sumo	
mounter	beater	single	isco	
mounter	blaster	single	isco	
mounter	body	single	sumo	
mounter	bodybuilder	single	isco	
mounter	builder	single	isco	
mounter	cabinetmaker	single	isco	
mounter	caster.person	single	isco	
mounter	closer	single	isco	
mounter	compositor	single	isco	
mounter	craftsman	single	isco	
mounter	engraver	single	isco	
mounter	fitter	single	isco	
mounter	glassworker	single	isco	
mounter	grader	single	isco	
mounter	human	single	sumo	
mounter	ironworker	single	isco	
mounter	machinist	single	isco	
mounter	maker	single	isco	
mounter	mammal	single	sumo	
mounter	mender	single	isco	
mounter	organism	accepted	sumo wordnet	
mounter	painter	single	isco	
mounter	patternmaker	single	isco	
mounter	person	accepted	sumo wordnet	
mounter	phenomenon	single	sumo	
mounter	physical-object	accepted	sumo wordnet	
mounter	populace	single	sumo	
mounter	refinisher	single	isco	
mounter	rigger	single	isco	
mounter	self	single	sumo	
mounter	sewer	single	isco	
mounter	shipwright	single	isco	
mounter	skilled-worker	single	wordnet	
mounter	smith	single	isco	
mounter	species	single	sumo	
mounter	spinster	single	isco	
mounter	splitter	single	isco	
mounter	sprayer	single	isco	
mounter	stonecutter	single	isco	
mounter	tuner	single	isco	
mounter	turner	single	isco	
mounter	universe	single	sumo	
mounter	varnisher	single	isco	
mounter	vertebrate	single	sumo	
mounter	welder	single	isco	
mounter	woodcarver	single	isco	
mounter	worker	accepted	isco wordnet	
mover	agent	single	wordnet	
mover	animal	single	wikidata	
mover	animal-trainer	single	isco	
mover	attribute	single	sumo	
mover	bearer	single	isco	
mover	employee	single	wordnet	
mover	girl	single	isco	
mover	hired-hand	single	isco	
mover	human	single	opencyc	
mover	laborer	single	isco	
mover	male-child	single	isco	
mover	mammal	single	opencyc	
mover	messenger-boy	single	isco	
mover	organism	accepted	wikidata wordnet	
mover	packer	single	isco	
mover	person	single	wordnet	
mover	physical-object	accepted	wikidata wordnet	
mover	picker	single	isco	
mover	porter	single	isco	
mover	property	single	sumo	
mover	remover	disputed	isco	wordnet
mover	stacker	single	isco	
mover	stevedore	single	isco	
mover	structure	single	opencyc	
mover	sweeper	single	isco	
mover	system	single	opencyc	
mover	vertebrate	single	opencyc	
mover	washer.person	single	isco	
mover	window-washer	single	isco	
mover	worker	accepted	isco opencyc wordnet	
muezzin	agent	single	wordnet	
muezzin	announcer	single	wordnet	
muezzin	attribute	single	sumo	
muezzin	cameraman	single	isco	
muezzin	communicator	single	wordnet	
muezzin	detective	single	isco	
muezzin	inquiry-agent	single	isco	
muezzin	inspector	single	isco	
muezzin	man	single	isco	
muezzin	organism	single	wordnet	
muezzin	paralegal	single	isco	
muezzin	person	single	wordnet	
muezzin	physical-object	single	wordnet	
muezzin	promoter	single	isco	
muezzin	property	single	sumo	
muezzin	supervisor	single	isco	
muezzin	technician	single	isco	
muezzin	woman	single	isco	
muezzin	worker	single	isco	
mufti	adult	single	opencyc	
mufti	adviser	single	isco	
mufti	agent	single	wordnet	
mufti	analyst.person	single	isco	
mufti	architect	single	isco	
mufti	artist	single	isco	
mufti	attribute	single	sumo	
mufti	copywriter	single	isco	
mufti	developer	single	isco	
mufti	editor	single	isco	
mufti	educator	single	isco	
mufti	engineer	single	isco	
mufti	epidemiologist	single	isco	
mufti	expert	accepted	isco wordnet	
mufti	hearer	single	isco	
mufti	human	single	opencyc	
mufti	immunologist	single	isco	
mufti	judge	single	opencyc	
mufti	jurist	single	wordnet	
mufti	mammal	single	opencyc	
mufti	organism	single	wordnet	
mufti	person	single	wordnet	
mufti	physical-object	single	wordnet	
mufti	practitioner	single	isco	
mufti	professional	accepted	isco opencyc	
mufti	property	single	sumo	
mufti	reporter	single	isco	
mufti	research-worker	single	isco	
mufti	scientist	single	isco	
mufti	security-consultant	single	isco	
mufti	skilled-worker	single	opencyc	
mufti	specialist	single	isco	
mufti	sports-announcer	single	isco	
mufti	structure	single	opencyc	
mufti	system	single	opencyc	
mufti	systems-analyst	single	isco	
mufti	translator	single	isco	
mufti	vertebrate	single	opencyc	
mufti	worker	accepted	isco opencyc	
mufti	writer	single	isco	
mullah	adviser	single	isco	
mullah	agent	single	wordnet	
mullah	analyst.person	single	isco	
mullah	architect	single	isco	
mullah	artist	single	isco	
mullah	attribute	single	sumo	
mullah	copywriter	single	isco	
mullah	developer	single	isco	
mullah	editor	single	isco	
mullah	educator	single	isco	
mullah	engineer	single	isco	
mullah	epidemiologist	single	isco	
mullah	expert	single	isco	
mullah	hearer	single	isco	
mullah	immunologist	single	isco	
mullah	organism	single	wordnet	
mullah	person	single	wordnet	
mullah	physical-object	single	wordnet	
mullah	practitioner	single	isco	
mullah	professional	single	isco	
mullah	property	single	sumo	
mullah	reporter	single	isco	
mullah	research-worker	single	isco	
mullah	scientist	single	isco	
mullah	security-consultant	single	isco	
mullah	specialist	single	isco	
mullah	sports-announcer	single	isco	
mullah	systems-analyst	single	isco	
mullah	translator	single	isco	
mullah	worker	single	isco	
mullah	writer	single	isco	
murderer	accomplishment	single	sumo	
murderer	act	single	sumo	
murderer	activity	single	sumo	
murderer	adviser	single	isco	
murderer	agent	single	wordnet	
murderer	analyst.person	single	isco	
murderer	architect	single	isco	
murderer	artist	single	isco	
murderer	copywriter	single	isco	
murderer	criminal	accepted	opencyc wordnet	
murderer	destruction	single	sumo	
murderer	developer	single	isco	
murderer	educator	single	isco	
murderer	engineer	single	isco	
murderer	epidemiologist	single	isco	
murderer	event	single	sumo	
murderer	expert	single	isco	
murderer	hearer	single	isco	
murderer	human	single	opencyc	
murderer	immunologist	single	isco	
murderer	killer	single	wordnet	
murderer	mammal	single	opencyc	
murderer	organism	single	wordnet	
murderer	person	accepted	wikidata wordnet	
murderer	phenomenon	single	sumo	
murderer	physical-object	single	wordnet	
murderer	practitioner	single	isco	
murderer	procedure	single	sumo	
murderer	professional	single	isco	
murderer	research-worker	single	isco	
murderer	scientist	single	isco	
murderer	security-consultant	single	isco	
murderer	specialist	single	isco	
murderer	structure	single	opencyc	
murderer	system	single	opencyc	
murderer	systems-analyst	single	isco	
murderer	vertebrate	single	opencyc	
murderer	volition	single	sumo	
murderer	worker	accepted	isco opencyc	
murderer	writer	single	isco	
murderer	wrongdoer	accepted	wikidata wordnet	
music-director	adjutant	single	isco	
music-director	bodyguard	single	isco	
music-director	companion	single	isco	
music-director	concierge	single	isco	
music-director	gamekeeper	single	isco	
music-director	hostess	single	isco	
music-director	instrumentalist	single	wikidata	
music-director	keeper	single	isco	
music-director	steward.person	single	isco	
music-director	stewardess	single	isco	
music-teacher	adult	single	wordnet	
music-teacher	adviser	single	isco	
music-teacher	agent	single	wordnet	
music-teacher	analyst.person	single	isco	
music-teacher	architect	single	isco	
music-teacher	artist	single	isco	
music-teacher	attribute	single	sumo	
music-teacher	coach	single	isco	
music-teacher	copywriter	single	isco	
music-teacher	developer	single	isco	
music-teacher	educator	accepted	isco wordnet	
music-teacher	engineer	single	isco	
music-teacher	epidemiologist	single	isco	
music-teacher	expert	single	isco	
music-teacher	hearer	single	isco	
music-teacher	immunologist	single	isco	
music-teacher	lector	single	isco	
music-teacher	organism	single	wordnet	
music-teacher	person	single	wordnet	
music-teacher	physical-object	single	wordnet	
music-teacher	practitioner	single	isco	
music-teacher	professional	accepted	isco wordnet	
music-teacher	property	single	sumo	
music-teacher	research-worker	single	isco	
music-teacher	schoolmarm	single	isco	
music-teacher	scientist	single	isco	
music-teacher	security-consultant	single	isco	
music-teacher	specialist	single	isco	
music-teacher	systems-analyst	single	isco	
music-teacher	teacher	accepted	isco wordnet	
music-teacher	worker	single	isco	
music-teacher	writer	single	isco	
musicologist	adviser	single	isco	
musicologist	agent	accepted	sumo wordnet	
musicologist	analyst.person	single	isco	
musicologist	animal	single	sumo	
musicologist	architect	single	isco	
musicologist	artist	single	isco	
musicologist	body	single	sumo	
musicologist	copywriter	single	isco	
musicologist	developer	single	isco	
musicologist	editor	single	isco	
musicologist	educator	single	isco	
musicologist	engineer	single	isco	
musicologist	epidemiologist	single	isco	
musicologist	expert	single	isco	
musicologist	hearer	single	isco	
musicologist	human	single	sumo	
musicologist	immunologist	single	isco	
musicologist	mammal	single	sumo	
musicologist	organism	accepted	sumo wordnet	
musicologist	person	accepted	sumo wordnet	
musicologist	phenomenon	single	sumo	
musicologist	physical-object	accepted	sumo wordnet	
musicologist	populace	single	sumo	
musicologist	practitioner	single	isco	
musicologist	professional	single	isco	
musicologist	reporter	single	isco	
musicologist	research-worker	single	isco	
musicologist	scholar	single	wordnet	
musicologist	scientist	single	isco	
musicologist	security-consultant	single	isco	
musicologist	self	single	sumo	
musicologist	specialist	single	isco	
musicologist	species	single	sumo	
musicologist	sports-announcer	single	isco	
musicologist	systems-analyst	single	isco	
musicologist	translator	single	isco	
musicologist	universe	single	sumo	
musicologist	vertebrate	single	sumo	
musicologist	worker	single	isco	
musicologist	writer	single	isco	
mycologist	adviser	single	isco	
mycologist	agent	single	wordnet	
mycologist	analyst.person	single	isco	
mycologist	architect	single	isco	
mycologist	artist	single	isco	
mycologist	attribute	single	sumo	
mycologist	botanist	accepted	wikidata wordnet	
mycologist	copywriter	single	isco	
mycologist	developer	single	isco	
mycologist	educator	single	isco	
mycologist	engineer	single	isco	
mycologist	epidemiologist	single	isco	
mycologist	expert	single	isco	
mycologist	hearer	single	isco	
mycologist	immunologist	single	isco	
mycologist	organism	single	wordnet	
mycologist	person	single	wordnet	
mycologist	physical-object	single	wordnet	
mycologist	practitioner	single	isco	
mycologist	professional	single	isco	
mycologist	property	single	sumo	
mycologist	research-worker	accepted	isco wikidata	
mycologist	scientist	accepted	isco wikidata wordnet	
mycologist	security-consultant	single	isco	
mycologist	specialist	single	isco	
mycologist	surveyor	single	isco	
mycologist	systems-analyst	single	isco	
mycologist	toxicologist	single	isco	
mycologist	worker	single	isco	
mycologist	writer	single	isco	
mystery	companion	single	sumo	
nailer	agent	accepted	sumo wordnet	
nailer	animal	single	sumo	
nailer	beater	single	isco	
nailer	blacksmith	single	wikidata	
nailer	blaster	single	isco	
nailer	body	single	sumo	
nailer	bodybuilder	single	isco	
nailer	builder	single	isco	
nailer	cabinetmaker	single	isco	
nailer	caster.person	single	isco	
nailer	closer	single	isco	
nailer	compositor	single	isco	
nailer	craftsman	accepted	isco wikidata	
nailer	dressmaker	single	isco	
nailer	engraver	single	isco	
nailer	fitter	single	isco	
nailer	glassworker	single	isco	
nailer	grader	single	isco	
nailer	human	single	sumo	
nailer	ironworker	single	isco	
nailer	machinist	single	isco	
nailer	maker	single	isco	
nailer	mammal	single	sumo	
nailer	mender	single	isco	
nailer	organism	accepted	sumo wordnet	
nailer	painter	single	isco	
nailer	patternmaker	single	isco	
nailer	person	accepted	sumo wikidata wordnet	
nailer	phenomenon	single	sumo	
nailer	physical-object	accepted	sumo wordnet	
nailer	populace	single	sumo	
nailer	refinisher	single	isco	
nailer	rigger	single	isco	
nailer	self	single	sumo	
nailer	sewer	single	isco	
nailer	shipwright	single	isco	
nailer	smith	single	isco	
nailer	species	single	sumo	
nailer	spinster	single	isco	
nailer	splitter	single	isco	
nailer	sprayer	single	isco	
nailer	stainer	single	isco	
nailer	stonecutter	single	isco	
nailer	tuner	single	isco	
nailer	turner	single	isco	
nailer	universe	single	sumo	
nailer	varnisher	single	isco	
nailer	vertebrate	single	sumo	
nailer	welder	single	isco	
nailer	woodcarver	single	isco	
nailer	worker	accepted	isco wikidata wordnet	
nanny	adjutant	single	isco	
nanny	adult	single	wordnet	
nanny	agent	single	wordnet	
nanny	ayah	single	isco	
nanny	bodyguard	single	isco	
nanny	companion	single	isco	
nanny	concierge	single	isco	
nanny	gamekeeper	single	isco	
nanny	guard	single	isco	
nanny	host	single	isco	
nanny	hostess	single	isco	
nanny	human	single	opencyc	
nanny	keeper	accepted	isco wordnet	
nanny	maid	single	wikidata	
nanny	mammal	single	opencyc	
nanny	organism	single	wordnet	
nanny	person	single	wordnet	
nanny	physical-object	single	wordnet	
nanny	servant	single	wikidata	
nanny	structure	single	opencyc	
nanny	system	single	opencyc	
nanny	vertebrate	single	opencyc	
nanny	woman	single	wordnet	
nanny	worker	accepted	isco opencyc wikidata	
narrator	adviser	single	isco	
narrator	agent	accepted	sumo wordnet	
narrator	analyst.person	single	isco	
narrator	animal	single	sumo	
narrator	architect	single	isco	
narrator	artist	accepted	isco opencyc	
narrator	body	single	sumo	
narrator	communicator	single	wordnet	
narrator	copywriter	single	isco	
narrator	developer	single	isco	
narrator	editor	single	isco	
narrator	educator	single	isco	
narrator	engineer	single	isco	
narrator	epidemiologist	single	isco	
narrator	expert	single	isco	
narrator	hearer	single	isco	
narrator	human	accepted	opencyc sumo	
narrator	immunologist	single	isco	
narrator	mammal	accepted	opencyc sumo	
narrator	organism	accepted	sumo wordnet	
narrator	person	accepted	sumo wordnet	
narrator	phenomenon	single	sumo	
narrator	physical-object	accepted	sumo wordnet	
narrator	populace	single	sumo	
narrator	practitioner	single	isco	
narrator	professional	accepted	isco opencyc	
narrator	reporter	single	isco	
narrator	research-worker	single	isco	
narrator	scientist	single	isco	
narrator	security-consultant	single	isco	
narrator	self	single	sumo	
narrator	skilled-worker	single	opencyc	
narrator	speaker	single	wordnet	
narrator	specialist	single	isco	
narrator	species	single	sumo	
narrator	sports-announcer	single	isco	
narrator	structure	single	opencyc	
narrator	system	single	opencyc	
narrator	systems-analyst	single	isco	
narrator	translator	single	isco	
narrator	universe	single	sumo	
narrator	vertebrate	accepted	opencyc sumo	
narrator	worker	accepted	isco opencyc	
narrator	writer	single	isco	
naturopath	adviser	single	isco	
naturopath	agent	single	wordnet	
naturopath	analyst.person	single	isco	
naturopath	architect	single	isco	
naturopath	artist	single	isco	
naturopath	attribute	single	sumo	
naturopath	copywriter	single	isco	
naturopath	developer	single	isco	
naturopath	doctor	single	isco	
naturopath	educator	single	isco	
naturopath	engineer	single	isco	
naturopath	epidemiologist	single	isco	
naturopath	expert	accepted	isco wordnet	
naturopath	hearer	single	isco	
naturopath	immunologist	single	isco	
naturopath	organism	single	wordnet	
naturopath	person	single	wordnet	
naturopath	physical-object	single	wordnet	
naturopath	practitioner	single	isco	
naturopath	professional	single	isco	
naturopath	property	single	sumo	
naturopath	research-worker	single	isco	
naturopath	scientist	single	isco	
naturopath	security-consultant	single	isco	
naturopath	specialist	single	isco	
naturopath	surgeon	single	isco	
naturopath	systems-analyst	single	isco	
naturopath	therapist	single	wordnet	
naturopath	worker	single	isco	
naturopath	writer	single	isco	
newcomer	traveler	single	wordnet	
nonsense	companion	single	sumo	
notary	adviser	single	isco	
notary	agent	single	wordnet	
notary	analyst.person	single	isco	
notary	architect	single	isco	
notary	artist	single	isco	
notary	copywriter	single	isco	
notary	developer	single	isco	
notary	editor	single	isco	
notary	educator	single	isco	
notary	engineer	single	isco	
notary	epidemiologist	single	isco	
notary	expert	single	isco	
notary	hearer	single	isco	
notary	immunologist	single	isco	
notary	jurist	single	isco	
notary	official	single	wordnet	
notary	organism	single	wordnet	
notary	organization	single	schemaorg	
notary	person	single	wordnet	
notary	physical-object	single	wordnet	
notary	place	single	schemaorg	
notary	practitioner	single	isco	
notary	professional	accepted	isco wikidata	
notary	reporter	single	isco	
notary	research-worker	single	isco	
notary	scientist	single	isco	
notary	security-consultant	single	isco	
notary	skilled-worker	single	wordnet	
notary	specialist	accepted	isco wikidata	
notary	sports-announcer	single	isco	
notary	systems-analyst	single	isco	
notary	translator	single	isco	
notary	worker	accepted	isco wikidata wordnet	
notary	writer	single	isco	
novelist	adviser	single	isco	
novelist	agent	single	wordnet	
novelist	analyst.person	single	isco	
novelist	architect	single	isco	
novelist	artist	accepted	isco opencyc wikidata	
novelist	attribute	single	sumo	
novelist	communicator	accepted	opencyc wordnet	
novelist	copywriter	single	isco	
novelist	developer	single	isco	
novelist	editor	single	isco	
novelist	educator	single	isco	
novelist	engineer	single	isco	
novelist	epidemiologist	single	isco	
novelist	expert	single	isco	
novelist	hearer	single	isco	
novelist	human	single	opencyc	
novelist	immunologist	single	isco	
novelist	mammal	single	opencyc	
novelist	organism	single	wordnet	
novelist	person	accepted	wikidata wordnet	
novelist	physical-object	single	wordnet	
novelist	practitioner	single	isco	
novelist	professional	single	isco	
novelist	property	single	sumo	
novelist	reporter	single	isco	
novelist	research-worker	single	isco	
novelist	scientist	single	isco	
novelist	security-consultant	single	isco	
novelist	specialist	single	isco	
novelist	sports-announcer	single	isco	
novelist	structure	single	opencyc	
novelist	system	single	opencyc	
novelist	systems-analyst	single	isco	
novelist	translator	single	isco	
novelist	vertebrate	single	opencyc	
novelist	worker	accepted	isco opencyc	
novelist	writer	accepted	isco wikidata wordnet	
nuance	companion	single	sumo	
nuclear-physicist	adviser	single	isco	
nuclear-physicist	agent	single	wordnet	
nuclear-physicist	analyst.person	single	isco	
nuclear-physicist	architect	single	isco	
nuclear-physicist	artist	single	isco	
nuclear-physicist	copywriter	single	isco	
nuclear-physicist	developer	single	isco	
nuclear-physicist	educator	single	isco	
nuclear-physicist	engineer	single	isco	
nuclear-physicist	epidemiologist	single	isco	
nuclear-physicist	expert	single	isco	
nuclear-physicist	hearer	single	isco	
nuclear-physicist	immunologist	single	isco	
nuclear-physicist	organism	single	wordnet	
nuclear-physicist	person	single	wordnet	
nuclear-physicist	physical-object	single	wordnet	
nuclear-physicist	practitioner	single	isco	
nuclear-physicist	professional	single	isco	
nuclear-physicist	research-worker	accepted	isco wikidata	
nuclear-physicist	scientist	accepted	isco wikidata wordnet	
nuclear-physicist	security-consultant	single	isco	
nuclear-physicist	specialist	single	isco	
nuclear-physicist	surveyor	single	isco	
nuclear-physicist	systems-analyst	single	isco	
nuclear-physicist	worker	single	isco	
nuclear-physicist	writer	single	isco	
numerologist	adjutant	single	isco	
numerologist	agent	accepted	sumo wordnet	
numerologist	animal	single	sumo	
numerologist	body	single	sumo	
numerologist	bodyguard	single	isco	
numerologist	companion	single	isco	
numerologist	concierge	single	isco	
numerologist	gamekeeper	single	isco	
numerologist	guard	single	isco	
numerologist	host	single	isco	
numerologist	hostess	single	isco	
numerologist	human	single	sumo	
numerologist	keeper	single	isco	
numerologist	mammal	single	sumo	
numerologist	organism	accepted	sumo wordnet	
numerologist	person	accepted	sumo wordnet	
numerologist	phenomenon	single	sumo	
numerologist	physical-object	accepted	sumo wordnet	
numerologist	populace	single	sumo	
numerologist	self	single	sumo	
numerologist	species	single	sumo	
numerologist	steward.person	single	isco	
numerologist	stewardess	single	isco	
numerologist	universe	single	sumo	
numerologist	vertebrate	single	sumo	
numerologist	worker	single	isco	
nun	cameraman	single	isco	
nun	inquiry-agent	single	isco	
nun	inspector	single	isco	
nun	paralegal	single	isco	
nun	promoter	single	isco	
nun	technician	single	isco	
nurse	analyst.person	single	isco	
nurse	copywriter	single	isco	
nurse	developer	single	isco	
nurse	educator	single	isco	
nurse	epidemiologist	single	isco	
nurse	hearer	single	isco	
nurse	immunologist	single	isco	
nurse	practitioner	single	isco	
nurse	security-consultant	single	isco	
nurse	skilled-worker	single	opencyc	
nurse	systems-analyst	single	isco	
nursing-aide	adjutant	single	isco	
nursing-aide	agent	single	wordnet	
nursing-aide	aide	single	wordnet	
nursing-aide	assistant	single	wordnet	
nursing-aide	attribute	single	sumo	
nursing-aide	ayah	single	isco	
nursing-aide	bodyguard	single	isco	
nursing-aide	companion	single	isco	
nursing-aide	concierge	single	isco	
nursing-aide	gamekeeper	single	isco	
nursing-aide	guard	single	isco	
nursing-aide	host	single	isco	
nursing-aide	hostess	single	isco	
nursing-aide	keeper	single	isco	
nursing-aide	organism	single	wordnet	
nursing-aide	person	single	wordnet	
nursing-aide	physical-object	single	wordnet	
nursing-aide	property	single	sumo	
nursing-aide	worker	accepted	isco wordnet	
oboist	adviser	single	isco	
oboist	agent	single	wordnet	
oboist	analyst.person	single	isco	
oboist	architect	single	isco	
oboist	artist	single	isco	
oboist	attribute	single	sumo	
oboist	copywriter	single	isco	
oboist	developer	single	isco	
oboist	editor	single	isco	
oboist	educator	single	isco	
oboist	engineer	single	isco	
oboist	epidemiologist	single	isco	
oboist	expert	single	isco	
oboist	hearer	single	isco	
oboist	immunologist	single	isco	
oboist	instrumentalist	single	wordnet	
oboist	organism	single	wordnet	
oboist	performer	single	wordnet	
oboist	person	single	wordnet	
oboist	physical-object	single	wordnet	
oboist	practitioner	single	isco	
oboist	professional	single	isco	
oboist	property	single	sumo	
oboist	reporter	single	isco	
oboist	research-worker	single	isco	
oboist	scientist	single	isco	
oboist	security-consultant	single	isco	
oboist	specialist	single	isco	
oboist	sports-announcer	single	isco	
oboist	systems-analyst	single	isco	
oboist	translator	single	isco	
oboist	worker	single	isco	
oboist	writer	single	isco	
observer	adviser	single	isco	
observer	agent	accepted	sumo wordnet	
observer	analyst.person	single	isco	
observer	animal	single	sumo	
observer	architect	single	isco	
observer	artist	single	isco	
observer	body	single	sumo	
observer	copywriter	single	isco	
observer	critic	single	wikidata	
observer	developer	single	isco	
observer	editor	single	isco	
observer	educator	single	isco	
observer	engineer	single	isco	
observer	epidemiologist	single	isco	
observer	expert	accepted	isco wordnet	
observer	hearer	single	isco	
observer	human	accepted	opencyc sumo	
observer	immunologist	single	isco	
observer	mammal	accepted	opencyc sumo	
observer	organism	accepted	sumo wordnet	
observer	person	accepted	sumo wikidata wordnet	
observer	phenomenon	single	sumo	
observer	physical-object	accepted	sumo wordnet	
observer	populace	single	sumo	
observer	practitioner	single	isco	
observer	professional	single	isco	
observer	reporter	single	isco	
observer	research-worker	single	isco	
observer	scientist	single	isco	
observer	security-consultant	single	isco	
observer	self	single	sumo	
observer	specialist	single	isco	
observer	species	single	sumo	
observer	sports-announcer	disputed	isco	wikidata
observer	structure	single	opencyc	
observer	system	single	opencyc	
observer	systems-analyst	single	isco	
observer	translator	single	isco	
observer	universe	single	sumo	
observer	vertebrate	accepted	opencyc sumo	
observer	worker	accepted	isco opencyc	
observer	writer	single	isco	
oceanographer	adult	single	opencyc	
oceanographer	adviser	single	isco	
oceanographer	agent	single	wordnet	
oceanographer	analyst.person	single	isco	
oceanographer	architect	single	isco	
oceanographer	artist	single	isco	
oceanographer	attribute	single	sumo	
oceanographer	copywriter	single	isco	
oceanographer	developer	single	isco	
oceanographer	educator	single	isco	
oceanographer	engineer	single	isco	
oceanographer	epidemiologist	single	isco	
oceanographer	expert	single	isco	
oceanographer	hearer	single	isco	
oceanographer	human	single	opencyc	
oceanographer	immunologist	single	isco	
oceanographer	mammal	single	opencyc	
oceanographer	organism	single	wordnet	
oceanographer	person	single	wordnet	
oceanographer	physical-object	single	wordnet	
oceanographer	practitioner	single	isco	
oceanographer	professional	single	isco	
oceanographer	property	single	sumo	
oceanographer	research-worker	single	isco	
oceanographer	scientist	accepted	isco opencyc wordnet	
oceanographer	security-consultant	single	isco	
oceanographer	specialist	single	isco	
oceanographer	structure	single	opencyc	
oceanographer	surveyor	single	isco	
oceanographer	system	single	opencyc	
oceanographer	systems-analyst	single	isco	
oceanographer	vertebrate	single	opencyc	
oceanographer	worker	accepted	isco opencyc	
oceanographer	writer	single	isco	
official	skilled-worker	single	wordnet	
omission	companion	single	sumo	
operator	adult	single	opencyc	
operator	agent	single	wordnet	
operator	attribute	single	sumo	
operator	human	single	opencyc	
operator	mammal	single	opencyc	
operator	property	single	sumo	
operator	structure	single	opencyc	
operator	system	single	opencyc	
operator	vertebrate	single	opencyc	
operator	worker	accepted	isco opencyc wikidata	
opportunity	companion	single	sumo	
opposite	companion	single	sumo	
optician	adult	single	opencyc	
optician	agent	single	wordnet	
optician	attribute	single	sumo	
optician	cameraman	single	isco	
optician	detective	single	isco	
optician	human	single	opencyc	
optician	inquiry-agent	single	isco	
optician	inspector	single	isco	
optician	mammal	single	opencyc	
optician	man	single	isco	
optician	organism	single	wordnet	
optician	organization	accepted	schemaorg yago	
optician	paralegal	single	isco	
optician	person	single	wordnet	
optician	physical-object	single	wordnet	
optician	place	accepted	schemaorg yago	
optician	professional	single	opencyc	
optician	promoter	single	isco	
optician	property	single	sumo	
optician	skilled-worker	accepted	opencyc wordnet	
optician	structure	single	opencyc	
optician	supervisor	single	isco	
optician	system	single	opencyc	
optician	technician	single	isco	
optician	vertebrate	single	opencyc	
optician	woman	single	isco	
optician	worker	accepted	isco opencyc wordnet	
optician	workplace	single	wikidata	
option	companion	single	sumo	
optometrist	adult	single	opencyc	
optometrist	adviser	single	isco	
optometrist	agent	single	wordnet	
optometrist	analyst.person	single	isco	
optometrist	architect	single	isco	
optometrist	artist	single	isco	
optometrist	attribute	single	sumo	
optometrist	copywriter	single	isco	
optometrist	developer	single	isco	
optometrist	doctor	single	isco	
optometrist	educator	single	isco	
optometrist	engineer	single	isco	
optometrist	epidemiologist	single	isco	
optometrist	expert	accepted	isco wordnet	
optometrist	hearer	single	isco	
optometrist	human	single	opencyc	
optometrist	immunologist	single	isco	
optometrist	mammal	single	opencyc	
optometrist	organism	single	wordnet	
optometrist	person	single	wordnet	
optometrist	physical-object	single	wordnet	
optometrist	practitioner	single	isco	
optometrist	professional	accepted	isco opencyc	
optometrist	property	single	sumo	
optometrist	research-worker	single	isco	
optometrist	scientist	single	isco	
optometrist	security-consultant	single	isco	
optometrist	skilled-worker	single	opencyc	
optometrist	specialist	accepted	isco wordnet	
optometrist	structure	single	opencyc	
optometrist	surgeon	single	isco	
optometrist	system	single	opencyc	
optometrist	systems-analyst	single	isco	
optometrist	vertebrate	single	opencyc	
optometrist	worker	accepted	isco opencyc	
optometrist	writer	single	isco	
orchestrator	adviser	single	isco	
orchestrator	agent	single	wordnet	
orchestrator	analyst.person	single	isco	
orchestrator	architect	single	isco	
orchestrator	artist	accepted	isco wikidata wordnet	
orchestrator	attribute	single	sumo	
orchestrator	copywriter	single	isco	
orchestrator	developer	single	isco	
orchestrator	editor	single	isco	
orchestrator	educator	single	isco	
orchestrator	engineer	single	isco	
orchestrator	epidemiologist	single	isco	
orchestrator	expert	single	isco	
orchestrator	hearer	single	isco	
orchestrator	immunologist	single	isco	
orchestrator	instrumentalist	single	wikidata	
orchestrator	musician	accepted	wikidata wordnet	
orchestrator	organism	single	wordnet	
orchestrator	person	accepted	wikidata wordnet	
orchestrator	physical-object	single	wordnet	
orchestrator	practitioner	single	isco	
orchestrator	professional	single	isco	
orchestrator	property	single	sumo	
orchestrator	reporter	single	isco	
orchestrator	research-worker	single	isco	
orchestrator	scientist	single	isco	
orchestrator	security-consultant	single	isco	
orchestrator	specialist	single	isco	
orchestrator	sports-announcer	single	isco	
orchestrator	systems-analyst	single	isco	
orchestrator	translator	single	isco	
orchestrator	worker	single	isco	
orchestrator	writer	single	isco	
orderliness	companion	single	sumo	
orderly	adjutant	single	isco	
orderly	agent	single	wordnet	
orderly	assistant	single	wordnet	
orderly	ayah	single	isco	
orderly	bodyguard	single	isco	
orderly	companion	single	isco	
orderly	concierge	single	isco	
orderly	gamekeeper	single	isco	
orderly	guard	single	isco	
orderly	host	single	isco	
orderly	hostess	single	isco	
orderly	keeper	single	isco	
orderly	nursing-aide	single	isco	
orderly	organism	single	wordnet	
orderly	person	accepted	wikidata wordnet	
orderly	physical-object	single	wordnet	
orderly	worker	accepted	isco wordnet	
orderly.person	adjutant	single	isco	
orderly.person	agent	single	wordnet	
orderly.person	assistant	single	wordnet	
orderly.person	attribute	single	sumo	
orderly.person	ayah	single	isco	
orderly.person	bodyguard	single	isco	
orderly.person	companion	single	isco	
orderly.person	concierge	single	isco	
orderly.person	gamekeeper	single	isco	
orderly.person	guard	single	isco	
orderly.person	host	single	isco	
orderly.person	hostess	single	isco	
orderly.person	keeper	single	isco	
orderly.person	nursing-aide	single	isco	
orderly.person	organism	single	wordnet	
orderly.person	person	single	wordnet	
orderly.person	physical-object	single	wordnet	
orderly.person	property	single	sumo	
orderly.person	skilled-worker	single	wordnet	
orderly.person	soldier	single	wordnet	
orderly.person	worker	accepted	isco wordnet	
organist	adviser	single	isco	
organist	agent	single	wordnet	
organist	analyst.person	single	isco	
organist	architect	single	isco	
organist	artist	accepted	isco opencyc wikidata	
organist	attribute	single	sumo	
organist	copywriter	single	isco	
organist	developer	single	isco	
organist	editor	single	isco	
organist	educator	single	isco	
organist	engineer	single	isco	
organist	epidemiologist	single	isco	
organist	expert	single	isco	
organist	hearer	single	isco	
organist	human	single	opencyc	
organist	immunologist	single	isco	
organist	instrumentalist	accepted	wikidata wordnet	
organist	mammal	single	opencyc	
organist	musician	accepted	opencyc wikidata	
organist	organism	single	wordnet	
organist	performer	single	wordnet	
organist	person	accepted	wikidata wordnet	
organist	physical-object	single	wordnet	
organist	practitioner	single	isco	
organist	professional	accepted	isco opencyc	
organist	property	single	sumo	
organist	reporter	single	isco	
organist	research-worker	single	isco	
organist	scientist	single	isco	
organist	security-consultant	single	isco	
organist	skilled-worker	single	opencyc	
organist	specialist	single	isco	
organist	sports-announcer	single	isco	
organist	structure	single	opencyc	
organist	system	single	opencyc	
organist	systems-analyst	single	isco	
organist	translator	single	isco	
organist	vertebrate	single	opencyc	
organist	worker	accepted	isco opencyc	
organist	writer	single	isco	
ornithologist	adult	single	opencyc	
ornithologist	adviser	single	isco	
ornithologist	agent	single	wordnet	
ornithologist	analyst.person	single	isco	
ornithologist	architect	single	isco	
ornithologist	artist	single	isco	
ornithologist	attribute	single	sumo	
ornithologist	copywriter	single	isco	
ornithologist	developer	single	isco	
ornithologist	educator	single	isco	
ornithologist	engineer	single	isco	
ornithologist	epidemiologist	single	isco	
ornithologist	expert	single	isco	
ornithologist	hearer	single	isco	
ornithologist	human	single	opencyc	
ornithologist	immunologist	single	isco	
ornithologist	mammal	single	opencyc	
ornithologist	organism	single	wordnet	
ornithologist	person	single	wordnet	
ornithologist	physical-object	single	wordnet	
ornithologist	practitioner	single	isco	
ornithologist	professional	single	isco	
ornithologist	property	single	sumo	
ornithologist	research-worker	accepted	isco wikidata	
ornithologist	scientist	accepted	isco opencyc wikidata wordnet	
ornithologist	security-consultant	single	isco	
ornithologist	specialist	single	isco	
ornithologist	structure	single	opencyc	
ornithologist	surveyor	single	isco	
ornithologist	system	single	opencyc	
ornithologist	systems-analyst	single	isco	
ornithologist	toxicologist	single	isco	
ornithologist	vertebrate	single	opencyc	
ornithologist	worker	accepted	isco opencyc	
ornithologist	writer	single	isco	
ornithologist	zoologist	accepted	opencyc wikidata wordnet	
orthoepist	adviser	single	isco	
orthoepist	agent	single	wordnet	
orthoepist	analyst.person	single	isco	
orthoepist	architect	single	isco	
orthoepist	artist	single	isco	
orthoepist	attribute	single	sumo	
orthoepist	copywriter	single	isco	
orthoepist	developer	single	isco	
orthoepist	doctor	single	isco	
orthoepist	educator	single	isco	
orthoepist	engineer	single	isco	
orthoepist	epidemiologist	single	isco	
orthoepist	expert	single	isco	
orthoepist	hearer	single	isco	
orthoepist	immunologist	single	isco	
orthoepist	linguist	single	wordnet	
orthoepist	organism	single	wordnet	
orthoepist	person	single	wordnet	
orthoepist	phonologist	single	wordnet	
orthoepist	physical-object	single	wordnet	
orthoepist	practitioner	single	isco	
orthoepist	professional	single	isco	
orthoepist	property	single	sumo	
orthoepist	research-worker	single	isco	
orthoepist	scientist	accepted	isco wordnet	
orthoepist	security-consultant	single	isco	
orthoepist	specialist	single	isco	
orthoepist	surgeon	single	isco	
orthoepist	systems-analyst	single	isco	
orthoepist	worker	single	isco	
orthoepist	writer	single	isco	
osteopath	adviser	single	isco	
osteopath	agent	single	wordnet	
osteopath	analyst.person	single	isco	
osteopath	architect	single	isco	
osteopath	artist	single	isco	
osteopath	attribute	single	sumo	
osteopath	copywriter	single	isco	
osteopath	developer	single	isco	
osteopath	doctor	single	isco	
osteopath	educator	single	isco	
osteopath	engineer	single	isco	
osteopath	epidemiologist	single	isco	
osteopath	expert	accepted	isco wordnet	
osteopath	hearer	single	isco	
osteopath	immunologist	single	isco	
osteopath	organism	single	wordnet	
osteopath	person	single	wordnet	
osteopath	physical-object	single	wordnet	
osteopath	practitioner	single	isco	
osteopath	professional	single	isco	
osteopath	property	single	sumo	
osteopath	research-worker	single	isco	
osteopath	scientist	single	isco	
osteopath	security-consultant	single	isco	
osteopath	specialist	single	isco	
osteopath	surgeon	single	isco	
osteopath	systems-analyst	single	isco	
osteopath	therapist	single	wordnet	
osteopath	worker	single	isco	
osteopath	writer	single	isco	
ostiary	adjutant	single	isco	
ostiary	agent	single	wordnet	
ostiary	attribute	single	wordnet	
ostiary	bodyguard	single	isco	
ostiary	companion	single	isco	
ostiary	concierge	single	isco	
ostiary	flatfoot	single	isco	
ostiary	gamekeeper	single	isco	
ostiary	guard	single	isco	
ostiary	host	single	isco	
ostiary	hostess	single	isco	
ostiary	keeper	single	isco	
ostiary	leader	single	wordnet	
ostiary	organism	single	wordnet	
ostiary	person	single	wordnet	
ostiary	physical-object	single	wordnet	
ostiary	state	single	wordnet	
ostiary	status	single	wordnet	
ostiary	worker	single	isco	
packer	agent	single	wordnet	
packer	animal-trainer	single	isco	
packer	attribute	single	sumo	
packer	bearer	single	isco	
packer	employee	single	wordnet	
packer	girl	single	isco	
packer	hired-hand	single	isco	
packer	laborer	single	isco	
packer	male-child	single	isco	
packer	messenger-boy	single	isco	
packer	organism	single	wordnet	
packer	person	single	wordnet	
packer	physical-object	single	wordnet	
packer	picker	single	isco	
packer	porter	single	isco	
packer	property	single	sumo	
packer	remover	single	isco	
packer	stacker	single	isco	
packer	stevedore	single	isco	
packer	sweeper	single	isco	
packer	washer.person	single	isco	
packer	window-washer	single	isco	
packer	worker	accepted	isco wordnet	
paleontologist	adult	single	opencyc	
paleontologist	adviser	single	isco	
paleontologist	agent	single	wordnet	
paleontologist	analyst.person	single	isco	
paleontologist	architect	single	isco	
paleontologist	artist	single	isco	
paleontologist	copywriter	single	isco	
paleontologist	developer	single	isco	
paleontologist	educator	single	isco	
paleontologist	engineer	single	isco	
paleontologist	epidemiologist	single	isco	
paleontologist	expert	single	isco	
paleontologist	geologist	single	wikidata	
paleontologist	hearer	single	isco	
paleontologist	human	single	opencyc	
paleontologist	immunologist	single	isco	
paleontologist	mammal	single	opencyc	
paleontologist	organism	single	wordnet	
paleontologist	person	single	wordnet	
paleontologist	physical-object	single	wordnet	
paleontologist	practitioner	single	isco	
paleontologist	professional	single	isco	
paleontologist	research-worker	accepted	isco wikidata	
paleontologist	scientist	accepted	isco opencyc wikidata wordnet	
paleontologist	security-consultant	single	isco	
paleontologist	specialist	single	isco	
paleontologist	structure	single	opencyc	
paleontologist	surveyor	single	isco	
paleontologist	system	single	opencyc	
paleontologist	systems-analyst	single	isco	
paleontologist	vertebrate	single	opencyc	
paleontologist	worker	accepted	isco opencyc	
paleontologist	writer	single	isco	
palmist	adjutant	single	isco	
palmist	agent	accepted	sumo wordnet	
palmist	animal	single	sumo	
palmist	body	single	sumo	
palmist	bodyguard	single	isco	
palmist	companion	single	isco	
palmist	concierge	single	isco	
palmist	forecaster	single	wordnet	
palmist	fortuneteller	single	wordnet	
palmist	gamekeeper	single	isco	
palmist	guard	single	isco	
palmist	host	single	isco	
palmist	hostess	single	isco	
palmist	human	single	sumo	
palmist	keeper	single	isco	
palmist	mammal	single	sumo	
palmist	organism	accepted	sumo wordnet	
palmist	person	accepted	sumo wordnet	
palmist	phenomenon	single	sumo	
palmist	physical-object	accepted	sumo wordnet	
palmist	populace	single	sumo	
palmist	self	single	sumo	
palmist	species	single	sumo	
palmist	steward.person	single	isco	
palmist	stewardess	single	isco	
palmist	universe	single	sumo	
palmist	vertebrate	single	sumo	
palmist	visionary	single	wordnet	
palmist	worker	single	isco	
paperhanger	agent	accepted	sumo wordnet	
paperhanger	animal	single	sumo	
paperhanger	beater	single	isco	
paperhanger	blaster	single	isco	
paperhanger	body	single	sumo	
paperhanger	bodybuilder	single	isco	
paperhanger	builder	single	isco	
paperhanger	cabinetmaker	single	isco	
paperhanger	caster.person	single	isco	
paperhanger	closer	single	isco	
paperhanger	compositor	single	isco	
paperhanger	craftsman	accepted	isco wikidata	
paperhanger	engraver	single	isco	
paperhanger	fitter	single	isco	
paperhanger	fixer	single	isco	
paperhanger	glassworker	single	isco	
paperhanger	grader	single	isco	
paperhanger	human	single	sumo	
paperhanger	ironworker	single	isco	
paperhanger	machinist	single	isco	
paperhanger	maker	single	isco	
paperhanger	mammal	single	sumo	
paperhanger	mason	single	isco	
paperhanger	mender	single	isco	
paperhanger	organism	accepted	sumo wordnet	
paperhanger	painter	single	isco	
paperhanger	patternmaker	single	isco	
paperhanger	person	accepted	sumo wikidata wordnet	
paperhanger	phenomenon	single	sumo	
paperhanger	physical-object	accepted	sumo wordnet	
paperhanger	populace	single	sumo	
paperhanger	refinisher	single	isco	
paperhanger	rigger	single	isco	
paperhanger	self	single	sumo	
paperhanger	sewer	single	isco	
paperhanger	shipwright	single	isco	
paperhanger	smith	single	isco	
paperhanger	species	single	sumo	
paperhanger	spinster	single	isco	
paperhanger	splitter	single	isco	
paperhanger	sprayer	single	isco	
paperhanger	stonecutter	single	isco	
paperhanger	tuner	single	isco	
paperhanger	turner	single	isco	
paperhanger	universe	single	sumo	
paperhanger	varnisher	single	isco	
paperhanger	vertebrate	single	sumo	
paperhanger	welder	single	isco	
paperhanger	woodcarver	single	isco	
paperhanger	worker	accepted	isco wikidata	
paperhanger	wrongdoer	single	wordnet	
paralegal	adult	single	opencyc	
paralegal	agent	single	wordnet	
paralegal	assistant	single	wordnet	
paralegal	attribute	single	sumo	
paralegal	human	single	opencyc	
paralegal	mammal	single	opencyc	
paralegal	organism	single	wordnet	
paralegal	person	single	wordnet	
paralegal	physical-object	single	wordnet	
paralegal	professional	accepted	opencyc wikidata	
paralegal	property	single	sumo	
paralegal	skilled-worker	single	opencyc	
paralegal	specialist	single	wikidata	
paralegal	structure	single	opencyc	
paralegal	system	single	opencyc	
paralegal	vertebrate	single	opencyc	
paralegal	worker	accepted	isco opencyc wikidata wordnet	
parliamentarian	agent	single	wordnet	
parliamentarian	attribute	single	sumo	
parliamentarian	chairman	single	isco	
parliamentarian	chancellor-of-the-exchequer	single	isco	
parliamentarian	chief	single	isco	
parliamentarian	department-head	single	isco	
parliamentarian	general-manager	single	isco	
parliamentarian	governor	single	isco	
parliamentarian	leader	single	wordnet	
parliamentarian	legislator	single	wordnet	
parliamentarian	manager	single	isco	
parliamentarian	member	single	isco	
parliamentarian	organism	single	wordnet	
parliamentarian	person	single	wordnet	
parliamentarian	physical-object	single	wordnet	
parliamentarian	politician.person	single	wordnet	
parliamentarian	president.person	single	isco	
parliamentarian	property	single	sumo	
parliamentarian	secretary-general	single	isco	
parliamentarian	worker	single	isco	
parlormaid	agent	single	wordnet	
parlormaid	animal-trainer	single	isco	
parlormaid	bearer	single	isco	
parlormaid	girl	single	isco	
parlormaid	hired-hand	single	isco	
parlormaid	laborer	single	isco	
parlormaid	maid	accepted	isco wordnet	
parlormaid	male-child	single	isco	
parlormaid	messenger-boy	single	isco	
parlormaid	organism	single	wordnet	
parlormaid	person	single	wordnet	
parlormaid	physical-object	single	wordnet	
parlormaid	picker	single	isco	
parlormaid	porter	single	isco	
parlormaid	remover	single	isco	
parlormaid	servant	single	wordnet	
parlormaid	stacker	single	isco	
parlormaid	stevedore	single	isco	
parlormaid	sweeper	single	isco	
parlormaid	washer.person	single	isco	
parlormaid	window-washer	single	isco	
parlormaid	worker	accepted	isco wordnet	
participant	associate	single	wordnet	
partner	associate	single	opencyc	
party-whip	agent	single	wordnet	
party-whip	attribute	single	sumo	
party-whip	chairman	single	isco	
party-whip	chancellor-of-the-exchequer	single	isco	
party-whip	chief	single	isco	
party-whip	department-head	single	isco	
party-whip	general-manager	single	isco	
party-whip	governor	single	isco	
party-whip	leader	single	wordnet	
party-whip	legislator	single	wordnet	
party-whip	manager	single	isco	
party-whip	member	single	isco	
party-whip	organism	single	wordnet	
party-whip	person	single	wordnet	
party-whip	physical-object	single	wordnet	
party-whip	politician.person	single	wordnet	
party-whip	president.person	single	isco	
party-whip	property	single	sumo	
party-whip	secretary-general	single	isco	
party-whip	worker	single	isco	
passenger	traveler	single	wordnet	
pastry-cook	agent	single	wordnet	
pastry-cook	attribute	single	sumo	
pastry-cook	beater	single	isco	
pastry-cook	blaster	single	isco	
pastry-cook	bodybuilder	single	isco	
pastry-cook	builder	single	isco	
pastry-cook	cabinetmaker	single	isco	
pastry-cook	caster.person	single	isco	
pastry-cook	chef	single	wordnet	
pastry-cook	closer	single	isco	
pastry-cook	compositor	single	isco	
pastry-cook	cook	single	wordnet	
pastry-cook	craftsman	single	isco	
pastry-cook	engraver	single	isco	
pastry-cook	fitter	single	isco	
pastry-cook	glassworker	single	isco	
pastry-cook	grader	single	isco	
pastry-cook	ironworker	single	isco	
pastry-cook	machinist	single	isco	
pastry-cook	maker	single	isco	
pastry-cook	mender	single	isco	
pastry-cook	organism	single	wordnet	
pastry-cook	painter	single	isco	
pastry-cook	patternmaker	single	isco	
pastry-cook	person	single	wordnet	
pastry-cook	physical-object	single	wordnet	
pastry-cook	property	single	sumo	
pastry-cook	refinisher	single	isco	
pastry-cook	rigger	single	isco	
pastry-cook	sewer	single	isco	
pastry-cook	shipwright	single	isco	
pastry-cook	skilled-worker	single	wordnet	
pastry-cook	smith	single	isco	
pastry-cook	spinster	single	isco	
pastry-cook	splitter	single	isco	
pastry-cook	sprayer	single	isco	
pastry-cook	stainer	single	isco	
pastry-cook	stonecutter	single	isco	
pastry-cook	tuner	single	isco	
pastry-cook	turner	single	isco	
pastry-cook	varnisher	single	isco	
pastry-cook	welder	single	isco	
pastry-cook	woodcarver	single	isco	
pastry-cook	worker	accepted	isco wordnet	
patternmaker	agent	single	wordnet	
patternmaker	attribute	single	sumo	
patternmaker	maker	single	wordnet	
patternmaker	organism	single	wordnet	
patternmaker	person	single	wordnet	
patternmaker	physical-object	single	wordnet	
patternmaker	property	single	sumo	
patternmaker	worker	single	isco	
pawnbroker	adult	single	wordnet	
pawnbroker	agent	single	wordnet	
pawnbroker	attribute	single	sumo	
pawnbroker	clerk	single	isco	
pawnbroker	lender	single	wordnet	
pawnbroker	organism	single	wordnet	
pawnbroker	person	single	wordnet	
pawnbroker	physical-object	single	wordnet	
pawnbroker	property	single	sumo	
pawnbroker	worker	single	isco	
pawnbroker	workplace	single	wikidata	
pearl-diver	agent	single	wordnet	
pearl-diver	attribute	single	sumo	
pearl-diver	beater	single	isco	
pearl-diver	blaster	single	isco	
pearl-diver	bodybuilder	single	isco	
pearl-diver	builder	single	isco	
pearl-diver	businessman	single	wikidata	
pearl-diver	cabinetmaker	single	isco	
pearl-diver	caster.person	single	isco	
pearl-diver	closer	single	isco	
pearl-diver	compositor	single	isco	
pearl-diver	craftsman	accepted	isco wikidata	
pearl-diver	diver	single	wordnet	
pearl-diver	engraver	single	isco	
pearl-diver	fitter	single	isco	
pearl-diver	glassworker	single	isco	
pearl-diver	grader	single	isco	
pearl-diver	ironworker	single	isco	
pearl-diver	machinist	single	isco	
pearl-diver	maker	single	isco	
pearl-diver	mender	single	isco	
pearl-diver	merchant	single	wikidata	
pearl-diver	organism	single	wordnet	
pearl-diver	painter	single	isco	
pearl-diver	patternmaker	single	isco	
pearl-diver	person	accepted	wikidata wordnet	
pearl-diver	physical-object	single	wordnet	
pearl-diver	property	single	sumo	
pearl-diver	refinisher	single	isco	
pearl-diver	rigger	single	isco	
pearl-diver	sailing-master	single	wikidata	
pearl-diver	sewer	single	isco	
pearl-diver	shipwright	single	isco	
pearl-diver	smith	single	isco	
pearl-diver	spinster	single	isco	
pearl-diver	splitter	single	isco	
pearl-diver	sprayer	single	isco	
pearl-diver	stainer	single	isco	
pearl-diver	stonecutter	single	isco	
pearl-diver	tuner	single	isco	
pearl-diver	turner	single	isco	
pearl-diver	varnisher	single	isco	
pearl-diver	welder	single	isco	
pearl-diver	woodcarver	single	isco	
pearl-diver	worker	accepted	isco wikidata	
pedestrian	traveler	single	wordnet	
penologist	adviser	single	isco	
penologist	agent	single	wordnet	
penologist	analyst.person	single	isco	
penologist	architect	single	isco	
penologist	artist	single	isco	
penologist	attribute	single	sumo	
penologist	copywriter	single	isco	
penologist	developer	single	isco	
penologist	editor	single	isco	
penologist	educator	single	isco	
penologist	engineer	single	isco	
penologist	epidemiologist	single	isco	
penologist	expert	single	isco	
penologist	hearer	single	isco	
penologist	immunologist	single	isco	
penologist	organism	single	wordnet	
penologist	person	single	wordnet	
penologist	physical-object	single	wordnet	
penologist	practitioner	single	isco	
penologist	professional	single	isco	
penologist	property	single	sumo	
penologist	reporter	single	isco	
penologist	research-worker	single	isco	
penologist	scientist	accepted	isco wordnet	
penologist	security-consultant	single	isco	
penologist	social-scientist	single	wordnet	
penologist	specialist	single	isco	
penologist	sports-announcer	single	isco	
penologist	systems-analyst	single	isco	
penologist	translator	single	isco	
penologist	worker	single	isco	
penologist	writer	single	isco	
percussionist	adviser	single	isco	
percussionist	agent	single	wordnet	
percussionist	analyst.person	single	isco	
percussionist	architect	single	isco	
percussionist	artist	accepted	isco wikidata	
percussionist	attribute	single	sumo	
percussionist	copywriter	single	isco	
percussionist	developer	single	isco	
percussionist	editor	single	isco	
percussionist	educator	single	isco	
percussionist	engineer	single	isco	
percussionist	epidemiologist	single	isco	
percussionist	expert	single	isco	
percussionist	hearer	single	isco	
percussionist	immunologist	single	isco	
percussionist	instrumentalist	accepted	wikidata wordnet	
percussionist	musician	single	wikidata	
percussionist	organism	single	wordnet	
percussionist	performer	single	wordnet	
percussionist	person	accepted	wikidata wordnet	
percussionist	physical-object	single	wordnet	
percussionist	practitioner	single	isco	
percussionist	professional	single	isco	
percussionist	property	single	sumo	
percussionist	reporter	single	isco	
percussionist	research-worker	single	isco	
percussionist	scientist	single	isco	
percussionist	security-consultant	single	isco	
percussionist	specialist	single	isco	
percussionist	sports-announcer	single	isco	
percussionist	systems-analyst	single	isco	
percussionist	translator	single	isco	
percussionist	worker	single	isco	
percussionist	writer	single	isco	
performer	instrumentalist	disputed	wikidata	wordnet
philologist	adviser	single	isco	
philologist	agent	single	wordnet	
philologist	analyst.person	single	isco	
philologist	architect	single	isco	
philologist	artist	single	isco	
philologist	attribute	single	sumo	
philologist	copywriter	single	isco	
philologist	developer	single	isco	
philologist	editor	single	isco	
philologist	educator	single	isco	
philologist	engineer	single	isco	
philologist	epidemiologist	single	isco	
philologist	expert	single	isco	
philologist	hearer	single	isco	
philologist	immunologist	single	isco	
philologist	organism	single	wordnet	
philologist	person	single	wordnet	
philologist	physical-object	single	wordnet	
philologist	practitioner	single	isco	
philologist	professional	single	isco	
philologist	property	single	sumo	
philologist	reporter	single	isco	
philologist	research-worker	single	isco	
philologist	scholar	single	wordnet	
philologist	scientist	single	isco	
philologist	security-consultant	single	isco	
philologist	specialist	single	isco	
philologist	sports-announcer	single	isco	
philologist	systems-analyst	single	isco	
philologist	translator	single	isco	
philologist	worker	single	isco	
philologist	writer	single	isco	
philosopher	analyst.person	single	isco	
philosopher	copywriter	single	isco	
philosopher	developer	single	isco	
philosopher	editor	single	isco	
philosopher	educator	single	isco	
philosopher	epidemiologist	single	isco	
philosopher	hearer	single	isco	
philosopher	immunologist	single	isco	
philosopher	practitioner	single	isco	
philosopher	security-consultant	single	isco	
philosopher	skilled-worker	single	opencyc	
philosopher	sports-announcer	single	isco	
philosopher	systems-analyst	single	isco	
philosopher	translator	single	isco	
phlebotomist	adjutant	single	isco	
phlebotomist	agent	accepted	sumo wordnet	
phlebotomist	animal	single	sumo	
phlebotomist	ayah	single	isco	
phlebotomist	body	single	sumo	
phlebotomist	bodyguard	single	isco	
phlebotomist	companion	single	isco	
phlebotomist	concierge	single	isco	
phlebotomist	gamekeeper	single	isco	
phlebotomist	guard	single	isco	
phlebotomist	host	single	isco	
phlebotomist	hostess	single	isco	
phlebotomist	human	single	sumo	
phlebotomist	keeper	single	isco	
phlebotomist	mammal	single	sumo	
phlebotomist	nursing-aide	single	isco	
phlebotomist	organism	accepted	sumo wordnet	
phlebotomist	person	accepted	sumo wordnet	
phlebotomist	phenomenon	single	sumo	
phlebotomist	physical-object	accepted	sumo wordnet	
phlebotomist	populace	single	sumo	
phlebotomist	self	single	sumo	
phlebotomist	skilled-worker	single	wordnet	
phlebotomist	species	single	sumo	
phlebotomist	universe	single	sumo	
phlebotomist	vertebrate	single	sumo	
phlebotomist	worker	accepted	isco wordnet	
phonologist	adult	single	opencyc	
phonologist	adviser	single	isco	
phonologist	agent	single	wordnet	
phonologist	analyst.person	single	isco	
phonologist	architect	single	isco	
phonologist	artist	single	isco	
phonologist	attribute	single	sumo	
phonologist	copywriter	single	isco	
phonologist	developer	single	isco	
phonologist	editor	single	isco	
phonologist	educator	single	isco	
phonologist	engineer	single	isco	
phonologist	epidemiologist	single	isco	
phonologist	expert	single	isco	
phonologist	hearer	single	isco	
phonologist	human	single	opencyc	
phonologist	immunologist	single	isco	
phonologist	linguist	accepted	wikidata wordnet	
phonologist	mammal	single	opencyc	
phonologist	organism	single	wordnet	
phonologist	person	single	wordnet	
phonologist	philologist	single	wikidata	
phonologist	physical-object	single	wordnet	
phonologist	practitioner	single	isco	
phonologist	professional	single	isco	
phonologist	property	single	sumo	
phonologist	reporter	single	isco	
phonologist	research-worker	single	isco	
phonologist	scientist	accepted	isco opencyc wordnet	
phonologist	security-consultant	single	isco	
phonologist	specialist	single	isco	
phonologist	sports-announcer	single	isco	
phonologist	structure	single	opencyc	
phonologist	system	single	opencyc	
phonologist	systems-analyst	single	isco	
phonologist	translator	single	isco	
phonologist	vertebrate	single	opencyc	
phonologist	worker	accepted	isco opencyc	
phonologist	writer	single	isco	
photographer	cameraman	disputed	isco	wikidata wordnet
photographer	inquiry-agent	single	isco	
photographer	inspector	single	isco	
photographer	paralegal	single	isco	
photographer	promoter	single	isco	
photographer	skilled-worker	single	opencyc	
photographer	technician	single	isco	
photojournalist	agent	single	wordnet	
photojournalist	cameraman	single	isco	
photojournalist	communicator	single	wordnet	
photojournalist	detective	single	isco	
photojournalist	inquiry-agent	single	isco	
photojournalist	inspector	single	isco	
photojournalist	man	single	isco	
photojournalist	organism	single	wordnet	
photojournalist	paralegal	single	isco	
photojournalist	person	accepted	wikidata wordnet	
photojournalist	physical-object	single	wordnet	
photojournalist	promoter	single	isco	
photojournalist	supervisor	single	isco	
photojournalist	technician	single	isco	
photojournalist	woman	single	isco	
photojournalist	worker	single	isco	
photojournalist	writer	single	wordnet	
physical-therapist	adult	single	opencyc	
physical-therapist	adviser	single	isco	
physical-therapist	agent	single	wordnet	
physical-therapist	analyst.person	single	isco	
physical-therapist	architect	single	isco	
physical-therapist	artist	single	isco	
physical-therapist	attribute	single	sumo	
physical-therapist	copywriter	single	isco	
physical-therapist	developer	single	isco	
physical-therapist	doctor	single	isco	
physical-therapist	educator	single	isco	
physical-therapist	engineer	single	isco	
physical-therapist	epidemiologist	single	isco	
physical-therapist	expert	accepted	isco wordnet	
physical-therapist	hearer	single	isco	
physical-therapist	human	single	opencyc	
physical-therapist	immunologist	single	isco	
physical-therapist	mammal	single	opencyc	
physical-therapist	organism	single	wordnet	
physical-therapist	person	single	wordnet	
physical-therapist	physical-object	single	wordnet	
physical-therapist	practitioner	single	isco	
physical-therapist	professional	accepted	isco opencyc	
physical-therapist	property	single	sumo	
physical-therapist	research-worker	single	isco	
physical-therapist	scientist	single	isco	
physical-therapist	security-consultant	single	isco	
physical-therapist	skilled-worker	single	opencyc	
physical-therapist	specialist	single	isco	
physical-therapist	structure	single	opencyc	
physical-therapist	surgeon	single	isco	
physical-therapist	system	single	opencyc	
physical-therapist	systems-analyst	single	isco	
physical-therapist	therapist	single	wordnet	
physical-therapist	vertebrate	single	opencyc	
physical-therapist	worker	accepted	isco opencyc	
physical-therapist	writer	single	isco	
physiologist	adult	single	opencyc	
physiologist	adviser	single	isco	
physiologist	agent	single	wordnet	
physiologist	analyst.person	single	isco	
physiologist	architect	single	isco	
physiologist	artist	single	isco	
physiologist	copywriter	single	isco	
physiologist	developer	single	isco	
physiologist	educator	single	isco	
physiologist	engineer	single	isco	
physiologist	epidemiologist	single	isco	
physiologist	expert	single	isco	
physiologist	hearer	single	isco	
physiologist	human	single	opencyc	
physiologist	immunologist	single	isco	
physiologist	mammal	single	opencyc	
physiologist	organism	single	wordnet	
physiologist	person	single	wordnet	
physiologist	physical-object	single	wordnet	
physiologist	practitioner	single	isco	
physiologist	professional	single	isco	
physiologist	research-worker	accepted	isco wikidata	
physiologist	scientist	accepted	isco opencyc wikidata wordnet	
physiologist	security-consultant	single	isco	
physiologist	specialist	single	isco	
physiologist	structure	single	opencyc	
physiologist	surveyor	single	isco	
physiologist	system	single	opencyc	
physiologist	systems-analyst	single	isco	
physiologist	toxicologist	single	isco	
physiologist	vertebrate	single	opencyc	
physiologist	worker	accepted	isco opencyc	
physiologist	writer	single	isco	
pianist	adviser	single	isco	
pianist	agent	single	wordnet	
pianist	analyst.person	single	isco	
pianist	architect	single	isco	
pianist	artist	accepted	isco opencyc wikidata	
pianist	copywriter	single	isco	
pianist	developer	single	isco	
pianist	editor	single	isco	
pianist	educator	single	isco	
pianist	engineer	single	isco	
pianist	epidemiologist	single	isco	
pianist	expert	single	isco	
pianist	hearer	single	isco	
pianist	human	single	opencyc	
pianist	immunologist	single	isco	
pianist	instrumentalist	accepted	wikidata wordnet	
pianist	mammal	single	opencyc	
pianist	musician	accepted	opencyc wikidata	
pianist	organism	single	wordnet	
pianist	performer	single	wordnet	
pianist	person	accepted	wikidata wordnet	
pianist	physical-object	single	wordnet	
pianist	practitioner	single	isco	
pianist	professional	accepted	isco opencyc	
pianist	reporter	single	isco	
pianist	research-worker	single	isco	
pianist	scientist	single	isco	
pianist	security-consultant	single	isco	
pianist	skilled-worker	single	opencyc	
pianist	specialist	single	isco	
pianist	sports-announcer	single	isco	
pianist	structure	single	opencyc	
pianist	system	single	opencyc	
pianist	systems-analyst	single	isco	
pianist	translator	single	isco	
pianist	vertebrate	single	opencyc	
pianist	worker	accepted	isco opencyc	
pianist	writer	single	isco	
piano-maker	agent	accepted	sumo wordnet	
piano-maker	animal	single	sumo	
piano-maker	beater	single	isco	
piano-maker	blaster	single	isco	
piano-maker	body	single	sumo	
piano-maker	bodybuilder	single	isco	
piano-maker	builder	single	isco	
piano-maker	cabinetmaker	single	isco	
piano-maker	caster.person	single	isco	
piano-maker	closer	single	isco	
piano-maker	compositor	single	isco	
piano-maker	craftsman	single	isco	
piano-maker	engraver	single	isco	
piano-maker	etcher	single	isco	
piano-maker	fitter	single	isco	
piano-maker	glassworker	single	isco	
piano-maker	grader	single	isco	
piano-maker	human	single	sumo	
piano-maker	ironworker	single	isco	
piano-maker	machinist	single	isco	
piano-maker	maker	accepted	isco wordnet	
piano-maker	mammal	single	sumo	
piano-maker	mender	single	isco	
piano-maker	mounter	single	isco	
piano-maker	organism	accepted	sumo wordnet	
piano-maker	painter	single	isco	
piano-maker	patternmaker	single	isco	
piano-maker	person	accepted	sumo wordnet	
piano-maker	phenomenon	single	sumo	
piano-maker	physical-object	accepted	sumo wordnet	
piano-maker	populace	single	sumo	
piano-maker	refinisher	single	isco	
piano-maker	rigger	single	isco	
piano-maker	self	single	sumo	
piano-maker	sewer	single	isco	
piano-maker	shipwright	single	isco	
piano-maker	smith	single	isco	
piano-maker	species	single	sumo	
piano-maker	spinster	single	isco	
piano-maker	splitter	single	isco	
piano-maker	sprayer	single	isco	
piano-maker	stamper	single	isco	
piano-maker	stonecutter	single	isco	
piano-maker	transferer	single	isco	
piano-maker	tuner	single	isco	
piano-maker	turner	single	isco	
piano-maker	universe	single	sumo	
piano-maker	varnisher	single	isco	
piano-maker	vertebrate	single	sumo	
piano-maker	weaver	single	isco	
piano-maker	welder	single	isco	
piano-maker	woodcarver	single	isco	
piano-maker	worker	single	isco	
piano-teacher	adult	single	wordnet	
piano-teacher	adviser	single	isco	
piano-teacher	agent	single	wordnet	
piano-teacher	analyst.person	single	isco	
piano-teacher	architect	single	isco	
piano-teacher	artist	accepted	isco wikidata	
piano-teacher	attribute	single	sumo	
piano-teacher	coach	single	isco	
piano-teacher	copywriter	single	isco	
piano-teacher	developer	single	isco	
piano-teacher	educator	accepted	isco wordnet	
piano-teacher	engineer	single	isco	
piano-teacher	epidemiologist	single	isco	
piano-teacher	expert	single	isco	
piano-teacher	hearer	single	isco	
piano-teacher	immunologist	single	isco	
piano-teacher	instrumentalist	single	wikidata	
piano-teacher	lector	single	isco	
piano-teacher	music-teacher	accepted	wikidata wordnet	
piano-teacher	musician	single	wikidata	
piano-teacher	organism	single	wordnet	
piano-teacher	person	accepted	wikidata wordnet	
piano-teacher	physical-object	single	wordnet	
piano-teacher	pianist	single	wikidata	
piano-teacher	practitioner	single	isco	
piano-teacher	professional	accepted	isco wordnet	
piano-teacher	property	single	sumo	
piano-teacher	research-worker	single	isco	
piano-teacher	schoolmarm	single	isco	
piano-teacher	scientist	single	isco	
piano-teacher	security-consultant	single	isco	
piano-teacher	specialist	single	isco	
piano-teacher	systems-analyst	single	isco	
piano-teacher	teacher	accepted	isco wordnet	
piano-teacher	worker	single	isco	
piano-teacher	writer	single	isco	
picker	agent	accepted	sumo wordnet	
picker	animal	single	sumo	
picker	body	single	sumo	
picker	human	single	sumo	
picker	mammal	single	sumo	
picker	organism	accepted	sumo wordnet	
picker	person	accepted	sumo wordnet	
picker	phenomenon	single	sumo	
picker	physical-object	accepted	sumo wordnet	
picker	populace	single	sumo	
picker	self	single	sumo	
picker	species	single	sumo	
picker	universe	single	sumo	
picker	vertebrate	single	sumo	
picker	worker	single	isco	
pilot	cameraman	single	isco	
pilot	inquiry-agent	single	isco	
pilot	inspector	single	isco	
pilot	paralegal	single	isco	
pilot	promoter	single	isco	
pilot	skilled-worker	single	wordnet	
pilot	technician	single	isco	
pity	companion	single	sumo	
plaintiff	litigant	accepted	wikidata wordnet	
plantation-owner	agent	single	wordnet	
plantation-owner	farmer	single	wordnet	
plantation-owner	landowner	single	wikidata	
plantation-owner	organism	single	wordnet	
plantation-owner	person	single	wordnet	
plantation-owner	physical-object	single	wordnet	
plantation-owner	worker	single	isco	
plasterer	agent	single	wordnet	
plasterer	attribute	single	sumo	
plasterer	beater	single	isco	
plasterer	blaster	single	isco	
plasterer	bodybuilder	single	isco	
plasterer	builder	single	isco	
plasterer	cabinetmaker	single	isco	
plasterer	caster.person	single	isco	
plasterer	closer	single	isco	
plasterer	compositor	single	isco	
plasterer	craftsman	accepted	isco wikidata	
plasterer	engraver	single	isco	
plasterer	fitter	single	isco	
plasterer	fixer	single	isco	
plasterer	glassworker	single	isco	
plasterer	grader	single	isco	
plasterer	ironworker	single	isco	
plasterer	machinist	single	isco	
plasterer	maker	single	isco	
plasterer	mason	single	isco	
plasterer	mender	single	isco	
plasterer	organism	single	wordnet	
plasterer	painter	single	isco	
plasterer	patternmaker	single	isco	
plasterer	person	accepted	wikidata wordnet	
plasterer	physical-object	single	wordnet	
plasterer	property	single	sumo	
plasterer	refinisher	single	isco	
plasterer	rigger	single	isco	
plasterer	sewer	single	isco	
plasterer	shipwright	single	isco	
plasterer	skilled-worker	single	wordnet	
plasterer	smith	single	isco	
plasterer	spinster	single	isco	
plasterer	splitter	single	isco	
plasterer	sprayer	single	isco	
plasterer	stonecutter	single	isco	
plasterer	tiler	single	isco	
plasterer	tuner	single	isco	
plasterer	turner	single	isco	
plasterer	varnisher	single	isco	
plasterer	welder	single	isco	
plasterer	woodcarver	single	isco	
plasterer	worker	accepted	isco wikidata wordnet	
plater	agent	accepted	sumo wordnet	
plater	animal	single	sumo	
plater	beater	single	isco	
plater	blaster	single	isco	
plater	body	single	sumo	
plater	bodybuilder	single	isco	
plater	builder	single	isco	
plater	cabinetmaker	single	isco	
plater	caster.person	single	isco	
plater	closer	single	isco	
plater	compositor	single	isco	
plater	craftsman	single	isco	
plater	engraver	single	isco	
plater	fitter	single	isco	
plater	glassworker	single	isco	
plater	grader	single	isco	
plater	human	single	sumo	
plater	ironworker	single	isco	
plater	machinist	single	isco	
plater	maker	single	isco	
plater	mammal	single	sumo	
plater	mender	single	isco	
plater	organism	accepted	sumo wordnet	
plater	painter	single	isco	
plater	patternmaker	single	isco	
plater	person	accepted	sumo wordnet	
plater	phenomenon	single	sumo	
plater	physical-object	accepted	sumo wordnet	
plater	populace	single	sumo	
plater	refinisher	single	isco	
plater	rigger	single	isco	
plater	self	single	sumo	
plater	sewer	single	isco	
plater	shipwright	single	isco	
plater	skilled-worker	single	wordnet	
plater	smith	single	isco	
plater	species	single	sumo	
plater	spinster	single	isco	
plater	splitter	single	isco	
plater	sprayer	single	isco	
plater	stonecutter	single	isco	
plater	tuner	single	isco	
plater	turner	single	isco	
plater	universe	single	sumo	
plater	varnisher	single	isco	
plater	vertebrate	single	sumo	
plater	welder	single	isco	
plater	woodcarver	single	isco	
plater	worker	accepted	isco wordnet	
player	cameraman	single	isco	
player	inquiry-agent	single	isco	
player	inspector	single	isco	
player	paralegal	single	isco	
player	promoter	single	isco	
player	technician	single	isco	
plumber	agent	single	wordnet	
plumber	beater	single	isco	
plumber	blaster	single	isco	
plumber	bodybuilder	single	isco	
plumber	builder	single	isco	
plumber	cabinetmaker	single	isco	
plumber	caster.person	single	isco	
plumber	closer	single	isco	
plumber	compositor	single	isco	
plumber	craftsman	accepted	isco wikidata wordnet	
plumber	engraver	single	isco	
plumber	fitter	single	isco	
plumber	fixer	single	isco	
plumber	glassworker	single	isco	
plumber	grader	single	isco	
plumber	human	single	opencyc	
plumber	ironworker	single	isco	
plumber	machinist	single	isco	
plumber	maker	single	isco	
plumber	mammal	single	opencyc	
plumber	mason	single	isco	
plumber	mender	single	isco	
plumber	organism	single	wordnet	
plumber	organization	single	schemaorg	
plumber	painter	single	isco	
plumber	patternmaker	single	isco	
plumber	person	accepted	wikidata wordnet	
plumber	physical-object	single	wordnet	
plumber	place	single	schemaorg	
plumber	professional	single	wikidata	
plumber	refinisher	single	isco	
plumber	rigger	single	isco	
plumber	sewer	single	isco	
plumber	shipwright	single	isco	
plumber	skilled-worker	single	wordnet	
plumber	smith	single	isco	
plumber	specialist	single	wikidata	
plumber	spinster	single	isco	
plumber	splitter	single	isco	
plumber	sprayer	single	isco	
plumber	stonecutter	single	isco	
plumber	structure	single	opencyc	
plumber	system	single	opencyc	
plumber	technician	single	wikidata	
plumber	tiler	single	isco	
plumber	tuner	single	isco	
plumber	turner	single	isco	
plumber	varnisher	single	isco	
plumber	vertebrate	single	opencyc	
plumber	welder	single	isco	
plumber	woodcarver	single	isco	
plumber	worker	accepted	isco opencyc wikidata wordnet	
poet	adviser	single	isco	
poet	agent	single	wordnet	
poet	analyst.person	single	isco	
poet	architect	single	isco	
poet	artist	accepted	isco opencyc wikidata	
poet	communicator	accepted	opencyc wordnet	
poet	copywriter	single	isco	
poet	developer	single	isco	
poet	editor	single	isco	
poet	educator	single	isco	
poet	engineer	single	isco	
poet	epidemiologist	single	isco	
poet	expert	single	isco	
poet	hearer	single	isco	
poet	human	single	opencyc	
poet	immunologist	single	isco	
poet	mammal	single	opencyc	
poet	organism	single	wordnet	
poet	person	accepted	wikidata wordnet	
poet	physical-object	single	wordnet	
poet	practitioner	single	isco	
poet	professional	single	isco	
poet	reporter	single	isco	
poet	research-worker	single	isco	
poet	scientist	single	isco	
poet	security-consultant	single	isco	
poet	specialist	single	isco	
poet	sports-announcer	single	isco	
poet	structure	single	opencyc	
poet	system	single	opencyc	
poet	systems-analyst	single	isco	
poet	translator	single	isco	
poet	vertebrate	single	opencyc	
poet	worker	accepted	isco opencyc	
poet	writer	accepted	isco wikidata wordnet	
police-commissioner	agent	single	wordnet	
police-commissioner	attribute	single	sumo	
police-commissioner	chairman	single	isco	
police-commissioner	chancellor-of-the-exchequer	single	isco	
police-commissioner	chief	accepted	isco wordnet	
police-commissioner	commissioner	single	wordnet	
police-commissioner	department-head	single	isco	
police-commissioner	general-manager	single	isco	
police-commissioner	government-administrator	single	wordnet	
police-commissioner	governor	single	isco	
police-commissioner	leader	single	wordnet	
police-commissioner	manager	single	isco	
police-commissioner	member	single	isco	
police-commissioner	organism	single	wordnet	
police-commissioner	person	single	wordnet	
police-commissioner	physical-object	single	wordnet	
police-commissioner	policeman	single	wikidata	
police-commissioner	president.person	single	isco	
police-commissioner	property	single	sumo	
police-commissioner	secretary-general	single	isco	
police-commissioner	worker	single	isco	
police-matron	adjutant	single	isco	
police-matron	agent	accepted	sumo wordnet	
police-matron	association	single	sumo	
police-matron	bodyguard	single	isco	
police-matron	collection	single	sumo	
police-matron	companion	single	isco	
police-matron	concierge	single	isco	
police-matron	flatfoot	single	isco	
police-matron	gamekeeper	single	isco	
police-matron	government	single	sumo	
police-matron	group	single	sumo	
police-matron	guard	single	isco	
police-matron	host	single	isco	
police-matron	hostess	single	isco	
police-matron	keeper	single	isco	
police-matron	organism	single	wordnet	
police-matron	organization	single	sumo	
police-matron	person	single	wordnet	
police-matron	phenomenon	single	sumo	
police-matron	physical-object	single	wordnet	
police-matron	policeman	single	wordnet	
police-matron	team	single	sumo	
police-matron	universe	single	sumo	
police-matron	worker	single	isco	
police-sergeant	adjutant	single	isco	
police-sergeant	adult	single	opencyc	
police-sergeant	agent	single	wordnet	
police-sergeant	bodyguard	single	isco	
police-sergeant	companion	single	isco	
police-sergeant	concierge	single	isco	
police-sergeant	employee	single	wikidata	
police-sergeant	flatfoot	single	isco	
police-sergeant	gamekeeper	single	isco	
police-sergeant	guard	single	isco	
police-sergeant	host	single	isco	
police-sergeant	hostess	single	isco	
police-sergeant	human	single	opencyc	
police-sergeant	keeper	single	isco	
police-sergeant	mammal	single	opencyc	
police-sergeant	organism	single	wordnet	
police-sergeant	person	single	wordnet	
police-sergeant	physical-object	single	wordnet	
police-sergeant	structure	single	opencyc	
police-sergeant	system	single	opencyc	
police-sergeant	vertebrate	single	opencyc	
police-sergeant	warrior	single	wikidata	
police-sergeant	worker	accepted	isco opencyc wikidata	
policeman	adjutant	single	isco	
policeman	bodyguard	single	isco	
policeman	companion	single	isco	
policeman	concierge	single	isco	
policeman	flatfoot	single	isco	
policeman	gamekeeper	single	isco	
policeman	hostess	single	isco	
policeman	keeper	single	isco	
polish	companion	single	sumo	
political-scientist	adviser	single	isco	
political-scientist	agent	single	wordnet	
political-scientist	analyst.person	single	isco	
political-scientist	architect	single	isco	
political-scientist	artist	single	isco	
political-scientist	copywriter	single	isco	
political-scientist	developer	single	isco	
political-scientist	editor	single	isco	
political-scientist	educator	single	isco	
political-scientist	engineer	single	isco	
political-scientist	epidemiologist	single	isco	
political-scientist	expert	single	isco	
political-scientist	hearer	single	isco	
political-scientist	immunologist	single	isco	
political-scientist	organism	single	wordnet	
political-scientist	person	single	wordnet	
political-scientist	physical-object	single	wordnet	
political-scientist	practitioner	single	isco	
political-scientist	professional	single	isco	
political-scientist	reporter	single	isco	
political-scientist	research-worker	accepted	isco wikidata	
political-scientist	scientist	accepted	isco wikidata wordnet	
political-scientist	security-consultant	single	isco	
political-scientist	social-scientist	accepted	wikidata wordnet	
political-scientist	specialist	single	isco	
political-scientist	sports-announcer	single	isco	
political-scientist	systems-analyst	single	isco	
political-scientist	translator	single	isco	
political-scientist	worker	single	isco	
political-scientist	writer	single	isco	
politician.person	agent	single	wordnet	
politician.person	chairman	single	isco	
politician.person	chancellor-of-the-exchequer	single	isco	
politician.person	chief	single	isco	
politician.person	department-head	single	isco	
politician.person	general-manager	single	isco	
politician.person	governor	disputed	isco	wordnet
politician.person	leader	single	wordnet	
politician.person	manager	single	isco	
politician.person	member	single	isco	
politician.person	organism	single	wordnet	
politician.person	person	single	wordnet	
politician.person	physical-object	single	wordnet	
politician.person	president.person	single	isco	
politician.person	secretary-general	single	isco	
politician.person	worker	single	isco	
pomologist	adviser	single	isco	
pomologist	agent	single	wordnet	
pomologist	agronomist	single	wikidata	
pomologist	analyst.person	single	isco	
pomologist	architect	single	isco	
pomologist	artist	single	isco	
pomologist	botanist	accepted	wikidata wordnet	
pomologist	copywriter	single	isco	
pomologist	developer	single	isco	
pomologist	educator	single	isco	
pomologist	engineer	accepted	isco wikidata	
pomologist	epidemiologist	single	isco	
pomologist	expert	single	isco	
pomologist	farmer	single	wikidata	
pomologist	gardener	single	wikidata	
pomologist	hearer	single	isco	
pomologist	immunologist	single	isco	
pomologist	organism	single	wordnet	
pomologist	person	single	wordnet	
pomologist	physical-object	single	wordnet	
pomologist	practitioner	single	isco	
pomologist	professional	single	isco	
pomologist	research-worker	accepted	isco wikidata	
pomologist	scientist	accepted	isco wikidata wordnet	
pomologist	security-consultant	single	isco	
pomologist	specialist	single	isco	
pomologist	surveyor	single	isco	
pomologist	systems-analyst	single	isco	
pomologist	toxicologist	single	isco	
pomologist	worker	accepted	isco wikidata	
pomologist	writer	single	isco	
portraitist	adviser	single	isco	
portraitist	agent	single	wordnet	
portraitist	analyst.person	single	isco	
portraitist	architect	single	isco	
portraitist	artist	accepted	isco wordnet	
portraitist	copywriter	single	isco	
portraitist	developer	single	isco	
portraitist	editor	single	isco	
portraitist	educator	single	isco	
portraitist	engineer	single	isco	
portraitist	epidemiologist	single	isco	
portraitist	expert	single	isco	
portraitist	hearer	single	isco	
portraitist	immunologist	single	isco	
portraitist	organism	single	wordnet	
portraitist	painter	accepted	wikidata wordnet	
portraitist	person	single	wordnet	
portraitist	physical-object	single	wordnet	
portraitist	practitioner	single	isco	
portraitist	professional	single	isco	
portraitist	reporter	single	isco	
portraitist	research-worker	single	isco	
portraitist	scientist	single	isco	
portraitist	security-consultant	single	isco	
portraitist	specialist	single	isco	
portraitist	sports-announcer	single	isco	
portraitist	systems-analyst	single	isco	
portraitist	translator	single	isco	
portraitist	worker	single	isco	
portraitist	writer	single	isco	
poser	adjutant	single	isco	
poser	bodyguard	single	isco	
poser	companion	single	isco	
poser	concierge	single	isco	
poser	gamekeeper	single	isco	
poser	hostess	single	isco	
poser	keeper	single	isco	
postal-clerk	agent	single	wordnet	
postal-clerk	attribute	single	sumo	
postal-clerk	clerk	accepted	isco wordnet	
postal-clerk	employee	accepted	wikidata wordnet	
postal-clerk	organism	single	wordnet	
postal-clerk	person	single	wordnet	
postal-clerk	physical-object	single	wordnet	
postal-clerk	property	single	sumo	
postal-clerk	worker	accepted	isco wikidata wordnet	
postmaster	agent	single	wordnet	
postmaster	attribute	single	sumo	
postmaster	chief	single	isco	
postmaster	department-head	single	isco	
postmaster	employee	single	wikidata	
postmaster	employer	single	wordnet	
postmaster	general-manager	single	isco	
postmaster	governor	single	isco	
postmaster	leader	single	wordnet	
postmaster	manager	single	isco	
postmaster	organism	single	wordnet	
postmaster	person	single	wordnet	
postmaster	physical-object	single	wordnet	
postmaster	postal-clerk	single	wikidata	
postmaster	property	single	sumo	
postmaster	worker	accepted	isco wikidata	
postmaster-general	agent	single	wordnet	
postmaster-general	attribute	single	sumo	
postmaster-general	chairman	single	isco	
postmaster-general	chancellor-of-the-exchequer	single	isco	
postmaster-general	chief	single	isco	
postmaster-general	department-head	single	isco	
postmaster-general	general-manager	single	isco	
postmaster-general	governor	single	isco	
postmaster-general	manager	single	isco	
postmaster-general	member	single	isco	
postmaster-general	official	single	wordnet	
postmaster-general	organism	single	wordnet	
postmaster-general	person	single	wordnet	
postmaster-general	physical-object	single	wordnet	
postmaster-general	president.person	single	isco	
postmaster-general	property	single	sumo	
postmaster-general	secretary-general	single	isco	
postmaster-general	skilled-worker	single	wordnet	
postmaster-general	worker	accepted	isco wordnet	
powder-monkey	agent	single	wordnet	
powder-monkey	animal	single	wikidata	
powder-monkey	assistant	single	wordnet	
powder-monkey	attribute	single	sumo	
powder-monkey	beater	single	isco	
powder-monkey	blaster	single	isco	
powder-monkey	bodybuilder	single	isco	
powder-monkey	builder	single	isco	
powder-monkey	cabinetmaker	single	isco	
powder-monkey	caster.person	single	isco	
powder-monkey	child	single	wikidata	
powder-monkey	childhood	single	wikidata	
powder-monkey	closer	single	isco	
powder-monkey	compositor	single	isco	
powder-monkey	craftsman	single	isco	
powder-monkey	engraver	single	isco	
powder-monkey	fitter	single	isco	
powder-monkey	glassworker	single	isco	
powder-monkey	grader	single	isco	
powder-monkey	ironworker	single	isco	
powder-monkey	machinist	single	isco	
powder-monkey	maker	single	isco	
powder-monkey	male-child	single	wikidata	
powder-monkey	mender	single	isco	
powder-monkey	organism	accepted	wikidata wordnet	
powder-monkey	painter	single	isco	
powder-monkey	patternmaker	single	isco	
powder-monkey	person	single	wordnet	
powder-monkey	physical-object	accepted	wikidata wordnet	
powder-monkey	property	single	sumo	
powder-monkey	refinisher	single	isco	
powder-monkey	rigger	single	isco	
powder-monkey	sewer	single	isco	
powder-monkey	shipwright	single	isco	
powder-monkey	smith	single	isco	
powder-monkey	spinster	single	isco	
powder-monkey	splitter	single	isco	
powder-monkey	sprayer	single	isco	
powder-monkey	stainer	single	isco	
powder-monkey	stonecutter	single	isco	
powder-monkey	tuner	single	isco	
powder-monkey	turner	single	isco	
powder-monkey	varnisher	single	isco	
powder-monkey	welder	single	isco	
powder-monkey	woodcarver	single	isco	
powder-monkey	worker	accepted	isco wordnet	
practitioner	adult	single	wordnet	
practitioner	agent	single	wordnet	
practitioner	attribute	single	sumo	
practitioner	organism	single	wordnet	
practitioner	person	single	wordnet	
practitioner	physical-object	single	wordnet	
practitioner	professional	single	wordnet	
practitioner	property	single	sumo	
practitioner	worker	single	isco	
preacher	agent	single	wordnet	
preacher	cameraman	single	isco	
preacher	detective	single	isco	
preacher	inquiry-agent	single	isco	
preacher	inspector	single	isco	
preacher	leader	single	wordnet	
preacher	man	single	isco	
preacher	organism	single	wordnet	
preacher	paralegal	single	isco	
preacher	person	accepted	wikidata wordnet	
preacher	physical-object	single	wordnet	
preacher	promoter	single	isco	
preacher	speaker	single	wikidata	
preacher	supervisor	single	isco	
preacher	technician	single	isco	
preacher	woman	single	isco	
preacher	worker	single	isco	
precedence	companion	single	sumo	
preciseness	companion	single	sumo	
president	communicator	single	wordnet	
president	head-of-state	accepted	wikidata wordnet	
president-of-the-united-states	agent	single	wordnet	
president-of-the-united-states	chairman	single	isco	
president-of-the-united-states	chancellor-of-the-exchequer	single	isco	
president-of-the-united-states	chief	single	isco	
president-of-the-united-states	communicator	single	wordnet	
president-of-the-united-states	department-head	single	isco	
president-of-the-united-states	general-manager	single	isco	
president-of-the-united-states	governor	single	isco	
president-of-the-united-states	head-of-state	accepted	wikidata wordnet	
president-of-the-united-states	leader	single	wikidata	
president-of-the-united-states	manager	single	isco	
president-of-the-united-states	member	single	isco	
president-of-the-united-states	organism	single	wordnet	
president-of-the-united-states	person	accepted	wikidata wordnet	
president-of-the-united-states	physical-object	single	wordnet	
president-of-the-united-states	politician	single	wikidata	
president-of-the-united-states	president.person	single	isco	
president-of-the-united-states	professional	single	wikidata	
president-of-the-united-states	representative	single	wordnet	
president-of-the-united-states	specialist	single	wikidata	
president-of-the-united-states	worker	accepted	isco wikidata	
president.person	administrator	single	wordnet	
president.person	agent	single	wordnet	
president.person	attribute	single	sumo	
president.person	chief	accepted	isco wordnet	
president.person	department-head	single	isco	
president.person	executive-director	disputed	wordnet	wikidata
president.person	general-manager	single	isco	
president.person	governor	single	isco	
president.person	leader	single	wordnet	
president.person	manager	single	isco	
president.person	organism	single	wordnet	
president.person	person	single	wordnet	
president.person	physical-object	single	wordnet	
president.person	property	single	sumo	
president.person	worker	single	isco	
press-photographer	agent	single	wordnet	
press-photographer	artist	single	wordnet	
press-photographer	cameraman	single	isco	
press-photographer	detective	single	isco	
press-photographer	inquiry-agent	single	isco	
press-photographer	inspector	single	isco	
press-photographer	man	single	isco	
press-photographer	organism	single	wordnet	
press-photographer	paralegal	single	isco	
press-photographer	person	single	wordnet	
press-photographer	photographer	single	wordnet	
press-photographer	physical-object	single	wordnet	
press-photographer	promoter	single	isco	
press-photographer	supervisor	single	isco	
press-photographer	technician	single	isco	
press-photographer	woman	single	isco	
press-photographer	worker	single	isco	
pressman	agent	single	wordnet	
pressman	attribute	single	sumo	
pressman	beater	single	isco	
pressman	blaster	single	isco	
pressman	bodybuilder	single	isco	
pressman	builder	single	isco	
pressman	cabinetmaker	single	isco	
pressman	caster.person	single	isco	
pressman	closer	single	isco	
pressman	compositor	disputed	isco	wordnet
pressman	craftsman	single	isco	
pressman	engraver	single	isco	
pressman	etcher	single	isco	
pressman	fitter	single	isco	
pressman	glassworker	single	isco	
pressman	grader	single	isco	
pressman	ironworker	single	isco	
pressman	machinist	single	isco	
pressman	maker	single	isco	
pressman	mender	single	isco	
pressman	mounter	single	isco	
pressman	organism	single	wordnet	
pressman	painter	single	isco	
pressman	patternmaker	single	isco	
pressman	person	single	wordnet	
pressman	physical-object	single	wordnet	
pressman	property	single	sumo	
pressman	refinisher	single	isco	
pressman	rigger	single	isco	
pressman	sewer	single	isco	
pressman	shipwright	single	isco	
pressman	skilled-worker	single	wordnet	
pressman	smith	single	isco	
pressman	spinster	single	isco	
pressman	splitter	single	isco	
pressman	sprayer	single	isco	
pressman	stamper	single	isco	
pressman	stonecutter	single	isco	
pressman	transferer	single	isco	
pressman	tuner	single	isco	
pressman	turner	single	isco	
pressman	varnisher	single	isco	
pressman	welder	single	isco	
pressman	woodcarver	single	isco	
pressman	worker	accepted	isco wordnet	
prestige	companion	single	sumo	
price	companion	single	sumo	
priest	adult	single	opencyc	
priest	adviser	single	isco	
priest	agent	single	wordnet	
priest	analyst.person	single	isco	
priest	architect	single	isco	
priest	artist	single	isco	
priest	attribute	single	wordnet	
priest	copywriter	single	isco	
priest	developer	single	isco	
priest	editor	single	isco	
priest	educator	single	isco	
priest	engineer	single	isco	
priest	epidemiologist	single	isco	
priest	expert	single	isco	
priest	hearer	single	isco	
priest	human	single	opencyc	
priest	immunologist	single	isco	
priest	leader	single	wordnet	
priest	mammal	single	opencyc	
priest	organism	single	wordnet	
priest	person	accepted	wordnet yago	
priest	physical-object	single	wordnet	
priest	practitioner	single	isco	
priest	professional	accepted	isco opencyc	
priest	reporter	single	isco	
priest	research-worker	single	isco	
priest	scientist	single	isco	
priest	security-consultant	single	isco	
priest	skilled-worker	single	opencyc	
priest	specialist	single	isco	
priest	sports-announcer	single	isco	
priest	state	single	wordnet	
priest	status	single	wordnet	
priest	structure	single	opencyc	
priest	system	single	opencyc	
priest	systems-analyst	single	isco	
priest	translator	single	isco	
priest	vertebrate	single	opencyc	
priest	worker	accepted	isco opencyc	
priest	writer	single	isco	
prime-minister	agent	single	wordnet	
prime-minister	chairman	single	isco	
prime-minister	chancellor-of-the-exchequer	single	isco	
prime-minister	chief	single	isco	
prime-minister	communicator	single	wordnet	
prime-minister	department-head	single	isco	
prime-minister	general-manager	single	isco	
prime-minister	governor	single	isco	
prime-minister	head-of-state	single	wordnet	
prime-minister	manager	single	isco	
prime-minister	member	single	isco	
prime-minister	organism	single	wordnet	
prime-minister	person	single	wordnet	
prime-minister	physical-object	single	wordnet	
prime-minister	president.person	single	isco	
prime-minister	representative	single	wordnet	
prime-minister	secretary-general	single	isco	
prime-minister	worker	single	isco	
principal	adult	single	wordnet	
principal	agent	single	wordnet	
principal	attribute	single	sumo	
principal	chief	single	isco	
principal	department-head	single	isco	
principal	educator	single	wordnet	
principal	general-manager	single	isco	
principal	governor	single	isco	
principal	manager	single	isco	
principal	matron	single	isco	
principal	organism	single	wordnet	
principal	person	single	wordnet	
principal	physical-object	single	wordnet	
principal	professional	single	wordnet	
principal	property	single	sumo	
principal	worker	single	isco	
printmaker	adviser	single	isco	
printmaker	agent	single	wordnet	
printmaker	analyst.person	single	isco	
printmaker	architect	single	isco	
printmaker	artist	accepted	isco wordnet	
printmaker	copywriter	single	isco	
printmaker	developer	single	isco	
printmaker	editor	single	isco	
printmaker	educator	single	isco	
printmaker	engineer	single	isco	
printmaker	epidemiologist	single	isco	
printmaker	expert	single	isco	
printmaker	hearer	single	isco	
printmaker	immunologist	single	isco	
printmaker	organism	single	wordnet	
printmaker	person	single	wordnet	
printmaker	physical-object	single	wordnet	
printmaker	practitioner	single	isco	
printmaker	professional	single	isco	
printmaker	reporter	single	isco	
printmaker	research-worker	single	isco	
printmaker	scientist	single	isco	
printmaker	security-consultant	single	isco	
printmaker	specialist	single	isco	
printmaker	sports-announcer	single	isco	
printmaker	systems-analyst	single	isco	
printmaker	translator	single	isco	
printmaker	worker	single	isco	
printmaker	writer	single	isco	
prior	adviser	single	isco	
prior	agent	single	wordnet	
prior	analyst.person	single	isco	
prior	architect	single	isco	
prior	artist	single	isco	
prior	attribute	single	sumo	
prior	copywriter	single	isco	
prior	developer	single	isco	
prior	editor	single	isco	
prior	educator	single	isco	
prior	engineer	single	isco	
prior	epidemiologist	single	isco	
prior	expert	single	isco	
prior	hearer	single	isco	
prior	immunologist	single	isco	
prior	monk	single	wikidata	
prior	nun	single	wikidata	
prior	organism	single	wordnet	
prior	person	single	wordnet	
prior	physical-object	single	wordnet	
prior	practitioner	single	isco	
prior	professional	single	isco	
prior	property	single	sumo	
prior	reporter	single	isco	
prior	research-worker	single	isco	
prior	scientist	single	isco	
prior	security-consultant	single	isco	
prior	specialist	single	isco	
prior	sports-announcer	single	isco	
prior	systems-analyst	single	isco	
prior	translator	single	isco	
prior	worker	single	isco	
prior	writer	single	isco	
prison-guard	adjutant	single	isco	
prison-guard	agent	single	wordnet	
prison-guard	attribute	single	sumo	
prison-guard	bodyguard	single	isco	
prison-guard	companion	single	isco	
prison-guard	concierge	single	isco	
prison-guard	flatfoot	single	isco	
prison-guard	gamekeeper	single	isco	
prison-guard	guard	single	isco	
prison-guard	host	single	isco	
prison-guard	hostess	single	isco	
prison-guard	human	single	opencyc	
prison-guard	keeper	accepted	isco wordnet	
prison-guard	mammal	single	opencyc	
prison-guard	organism	single	wordnet	
prison-guard	person	single	wordnet	
prison-guard	physical-object	single	wordnet	
prison-guard	policeman	single	wikidata	
prison-guard	property	single	sumo	
prison-guard	skilled-worker	single	opencyc	
prison-guard	structure	single	opencyc	
prison-guard	system	single	opencyc	
prison-guard	vertebrate	single	opencyc	
prison-guard	worker	accepted	isco opencyc	
private-detective	agent	single	wordnet	
private-detective	cameraman	single	isco	
private-detective	detective	single	isco	
private-detective	expert	single	wordnet	
private-detective	inquiry-agent	disputed	isco	wordnet
private-detective	inspector	single	isco	
private-detective	investigator	single	wordnet	
private-detective	man	single	isco	
private-detective	organism	single	wordnet	
private-detective	paralegal	single	isco	
private-detective	person	single	wordnet	
private-detective	physical-object	single	wordnet	
private-detective	promoter	single	isco	
private-detective	supervisor	single	isco	
private-detective	technician	single	isco	
private-detective	woman	single	isco	
private-detective	worker	single	isco	
privation	companion	single	sumo	
privilege	companion	single	sumo	
professional	skilled-worker	single	opencyc	
professor	analyst.person	single	isco	
professor	copywriter	single	isco	
professor	developer	single	isco	
professor	educator	accepted	isco wordnet	
professor	epidemiologist	single	isco	
professor	hearer	single	isco	
professor	immunologist	single	isco	
professor	lector	single	isco	
professor	practitioner	single	isco	
professor	schoolmarm	single	isco	
professor	security-consultant	single	isco	
professor	skilled-worker	single	opencyc	
professor	systems-analyst	single	isco	
profit	companion	single	sumo	
projectionist	agent	single	wordnet	
projectionist	attribute	single	sumo	
projectionist	cameraman	single	isco	
projectionist	detective	single	isco	
projectionist	human	single	opencyc	
projectionist	inquiry-agent	single	isco	
projectionist	inspector	single	isco	
projectionist	mammal	single	opencyc	
projectionist	man	single	isco	
projectionist	operator	single	wikidata	
projectionist	organism	single	wordnet	
projectionist	paralegal	single	isco	
projectionist	person	single	wordnet	
projectionist	physical-object	single	wordnet	
projectionist	promoter	single	isco	
projectionist	property	single	sumo	
projectionist	skilled-worker	single	wordnet	
projectionist	structure	single	opencyc	
projectionist	supervisor	single	isco	
projectionist	system	single	opencyc	
projectionist	technician	single	isco	
projectionist	vertebrate	single	opencyc	
projectionist	woman	single	isco	
projectionist	worker	accepted	isco opencyc wikidata wordnet	
promoter	agent	single	wordnet	
promoter	attribute	single	sumo	
promoter	businessman	single	wikidata	
promoter	communicator	single	wordnet	
promoter	organism	single	wordnet	
promoter	person	single	wordnet	
promoter	physical-object	single	wordnet	
promoter	property	single	sumo	
promoter	publicist	single	wordnet	
promoter	worker	accepted	isco wikidata	
prompter	agent	single	wordnet	
prompter	assistant	single	wordnet	
prompter	attribute	single	sumo	
prompter	cameraman	single	isco	
prompter	detective	single	isco	
prompter	inquiry-agent	single	isco	
prompter	inspector	single	isco	
prompter	man	single	isco	
prompter	organism	single	wordnet	
prompter	paralegal	single	isco	
prompter	person	single	wordnet	
prompter	physical-object	single	wordnet	
prompter	professional	single	wikidata	
prompter	promoter	single	isco	
prompter	property	single	sumo	
prompter	specialist	single	wikidata	
prompter	supervisor	single	isco	
prompter	technician	single	isco	
prompter	woman	single	isco	
prompter	worker	accepted	isco wikidata wordnet	
proofreader	agent	single	wordnet	
proofreader	attribute	single	sumo	
proofreader	clerk	single	isco	
proofreader	organism	single	wordnet	
proofreader	person	single	wordnet	
proofreader	physical-object	single	wordnet	
proofreader	pressman	single	wordnet	
proofreader	professional	single	wikidata	
proofreader	property	single	sumo	
proofreader	skilled-worker	single	wordnet	
proofreader	specialist	single	wikidata	
proofreader	worker	accepted	isco wikidata wordnet	
proofreader	workplace	single	wikidata	
property-man	agent	single	wordnet	
property-man	attribute	single	sumo	
property-man	cameraman	single	isco	
property-man	detective	single	isco	
property-man	employee	single	wordnet	
property-man	inquiry-agent	single	isco	
property-man	inspector	single	isco	
property-man	man	single	isco	
property-man	organism	single	wordnet	
property-man	paralegal	single	isco	
property-man	person	single	wordnet	
property-man	physical-object	single	wordnet	
property-man	promoter	single	isco	
property-man	property	single	sumo	
property-man	supervisor	single	isco	
property-man	technician	single	isco	
property-man	woman	single	isco	
property-man	worker	accepted	isco wordnet	
proportion	companion	single	sumo	
prosecutor	adult	accepted	opencyc wordnet	
prosecutor	adviser	single	isco	
prosecutor	agent	single	wordnet	
prosecutor	analyst.person	single	isco	
prosecutor	architect	single	isco	
prosecutor	artist	single	isco	
prosecutor	copywriter	single	isco	
prosecutor	developer	single	isco	
prosecutor	editor	single	isco	
prosecutor	educator	single	isco	
prosecutor	engineer	single	isco	
prosecutor	epidemiologist	single	isco	
prosecutor	expert	single	isco	
prosecutor	hearer	single	isco	
prosecutor	human	single	opencyc	
prosecutor	immunologist	single	isco	
prosecutor	jurist	single	isco	
prosecutor	lawyer	accepted	opencyc wordnet	
prosecutor	mammal	single	opencyc	
prosecutor	official	single	wordnet	
prosecutor	organism	single	wordnet	
prosecutor	person	single	wordnet	
prosecutor	physical-object	single	wordnet	
prosecutor	practitioner	single	isco	
prosecutor	professional	accepted	isco opencyc wordnet	
prosecutor	reporter	single	isco	
prosecutor	research-worker	single	isco	
prosecutor	scientist	single	isco	
prosecutor	security-consultant	single	isco	
prosecutor	skilled-worker	accepted	opencyc wordnet	
prosecutor	specialist	single	isco	
prosecutor	sports-announcer	single	isco	
prosecutor	structure	single	opencyc	
prosecutor	system	single	opencyc	
prosecutor	systems-analyst	single	isco	
prosecutor	translator	single	isco	
prosecutor	vertebrate	single	opencyc	
prosecutor	worker	accepted	isco opencyc wordnet	
prosecutor	writer	single	isco	
prosperity	companion	single	sumo	
prosthetist	agent	single	wordnet	
prosthetist	attribute	single	sumo	
prosthetist	cameraman	single	isco	
prosthetist	detective	single	isco	
prosthetist	expert	single	wordnet	
prosthetist	inquiry-agent	single	isco	
prosthetist	inspector	single	isco	
prosthetist	man	single	isco	
prosthetist	organism	single	wordnet	
prosthetist	paralegal	single	isco	
prosthetist	person	single	wordnet	
prosthetist	physical-object	single	wordnet	
prosthetist	promoter	single	isco	
prosthetist	property	single	sumo	
prosthetist	supervisor	single	isco	
prosthetist	technician	single	isco	
prosthetist	woman	single	isco	
prosthetist	worker	single	isco	
prostitute	adjutant	single	isco	
prostitute	adult	single	wordnet	
prostitute	agent	single	wordnet	
prostitute	attribute	single	sumo	
prostitute	bodyguard	single	isco	
prostitute	companion	single	isco	
prostitute	concierge	single	isco	
prostitute	gamekeeper	single	isco	
prostitute	guard	single	isco	
prostitute	host	single	isco	
prostitute	hostess	single	isco	
prostitute	human	single	opencyc	
prostitute	keeper	single	isco	
prostitute	mammal	single	opencyc	
prostitute	organism	single	wordnet	
prostitute	person	single	wordnet	
prostitute	physical-object	single	wordnet	
prostitute	property	single	sumo	
prostitute	steward.person	single	isco	
prostitute	stewardess	single	isco	
prostitute	structure	single	opencyc	
prostitute	system	single	opencyc	
prostitute	vertebrate	single	opencyc	
prostitute	woman	single	wordnet	
prostitute	worker	single	isco	
psychologist	analyst.person	single	isco	
psychologist	copywriter	single	isco	
psychologist	developer	single	isco	
psychologist	editor	single	isco	
psychologist	educator	single	isco	
psychologist	epidemiologist	single	isco	
psychologist	hearer	single	isco	
psychologist	immunologist	single	isco	
psychologist	practitioner	single	isco	
psychologist	security-consultant	single	isco	
psychologist	sports-announcer	single	isco	
psychologist	systems-analyst	single	isco	
psychologist	translator	single	isco	
psychotherapist	adult	single	opencyc	
psychotherapist	adviser	single	isco	
psychotherapist	agent	single	wordnet	
psychotherapist	analyst.person	single	isco	
psychotherapist	architect	single	isco	
psychotherapist	artist	single	isco	
psychotherapist	attribute	single	sumo	
psychotherapist	copywriter	single	isco	
psychotherapist	developer	single	isco	
psychotherapist	editor	single	isco	
psychotherapist	educator	single	isco	
psychotherapist	engineer	single	isco	
psychotherapist	epidemiologist	single	isco	
psychotherapist	expert	accepted	isco wordnet	
psychotherapist	hearer	single	isco	
psychotherapist	human	single	opencyc	
psychotherapist	immunologist	single	isco	
psychotherapist	mammal	single	opencyc	
psychotherapist	organism	single	wordnet	
psychotherapist	person	single	wordnet	
psychotherapist	physical-object	single	wordnet	
psychotherapist	practitioner	single	isco	
psychotherapist	professional	single	isco	
psychotherapist	property	single	sumo	
psychotherapist	psychologist	single	opencyc	
psychotherapist	reporter	single	isco	
psychotherapist	research-worker	single	isco	
psychotherapist	scientist	accepted	isco opencyc	
psychotherapist	security-consultant	single	isco	
psychotherapist	specialist	single	isco	
psychotherapist	sports-announcer	single	isco	
psychotherapist	structure	single	opencyc	
psychotherapist	system	single	opencyc	
psychotherapist	systems-analyst	single	isco	
psychotherapist	therapist	single	wordnet	
psychotherapist	translator	single	isco	
psychotherapist	vertebrate	single	opencyc	
psychotherapist	worker	accepted	isco opencyc	
psychotherapist	writer	single	isco	
publicist	account-executive	single	isco	
publicist	adviser	single	isco	
publicist	agent	single	wordnet	
publicist	analyst.person	single	isco	
publicist	architect	single	isco	
publicist	artist	single	isco	
publicist	attribute	single	sumo	
publicist	communicator	single	wordnet	
publicist	copywriter	single	isco	
publicist	developer	single	isco	
publicist	educator	single	isco	
publicist	engineer	single	isco	
publicist	epidemiologist	single	isco	
publicist	executive-director	single	isco	
publicist	expert	single	isco	
publicist	hearer	single	isco	
publicist	immunologist	single	isco	
publicist	organism	single	wordnet	
publicist	person	single	wordnet	
publicist	physical-object	single	wordnet	
publicist	practitioner	single	isco	
publicist	professional	single	isco	
publicist	property	single	sumo	
publicist	research-worker	single	isco	
publicist	scientist	single	isco	
publicist	security-consultant	single	isco	
publicist	specialist	single	isco	
publicist	systems-analyst	single	isco	
publicist	worker	single	isco	
publicist	writer	single	isco	
publisher	skilled-worker	single	opencyc	
puppeteer	adviser	single	isco	
puppeteer	agent	single	wordnet	
puppeteer	analyst.person	single	isco	
puppeteer	architect	single	isco	
puppeteer	artist	single	isco	
puppeteer	copywriter	single	isco	
puppeteer	developer	single	isco	
puppeteer	editor	single	isco	
puppeteer	educator	single	isco	
puppeteer	engineer	single	isco	
puppeteer	epidemiologist	single	isco	
puppeteer	expert	single	isco	
puppeteer	hearer	single	isco	
puppeteer	immunologist	single	isco	
puppeteer	organism	single	wordnet	
puppeteer	performer	single	wordnet	
puppeteer	person	single	wordnet	
puppeteer	physical-object	single	wordnet	
puppeteer	practitioner	single	isco	
puppeteer	professional	single	isco	
puppeteer	reporter	single	isco	
puppeteer	research-worker	single	isco	
puppeteer	scientist	single	isco	
puppeteer	security-consultant	single	isco	
puppeteer	specialist	single	isco	
puppeteer	sports-announcer	single	isco	
puppeteer	systems-analyst	single	isco	
puppeteer	translator	single	isco	
puppeteer	worker	single	isco	
puppeteer	writer	single	isco	
purchasing-agent	adult	single	opencyc	
purchasing-agent	agent	single	wordnet	
purchasing-agent	attribute	single	sumo	
purchasing-agent	broker	single	isco	
purchasing-agent	buyer	single	wikidata	
purchasing-agent	cameraman	single	isco	
purchasing-agent	communicator	single	wordnet	
purchasing-agent	detective	single	isco	
purchasing-agent	human	single	opencyc	
purchasing-agent	inquiry-agent	single	isco	
purchasing-agent	inspector	single	isco	
purchasing-agent	investment-banker	single	isco	
purchasing-agent	mammal	single	opencyc	
purchasing-agent	man	single	isco	
purchasing-agent	organism	single	wordnet	
purchasing-agent	paralegal	single	isco	
purchasing-agent	party	single	wikidata	
purchasing-agent	person	accepted	wikidata wordnet	
purchasing-agent	physical-object	single	wordnet	
purchasing-agent	professional	single	opencyc	
purchasing-agent	promoter	single	isco	
purchasing-agent	property	single	sumo	
purchasing-agent	representative	single	wordnet	
purchasing-agent	representative-agent	single	wordnet	
purchasing-agent	skilled-worker	single	opencyc	
purchasing-agent	structure	single	opencyc	
purchasing-agent	supervisor	single	isco	
purchasing-agent	system	single	opencyc	
purchasing-agent	technician	single	isco	
purchasing-agent	trader	single	isco	
purchasing-agent	vertebrate	single	opencyc	
purchasing-agent	woman	single	isco	
purchasing-agent	worker	accepted	isco opencyc	
quality	companion	single	sumo	
quarryman	agent	single	wordnet	
quarryman	attribute	single	sumo	
quarryman	digger	single	isco	
quarryman	drawer.person	single	isco	
quarryman	operator	single	isco	
quarryman	organism	single	wordnet	
quarryman	person	single	wordnet	
quarryman	physical-object	single	wordnet	
quarryman	property	single	sumo	
quarryman	worker	accepted	isco wordnet	
rabbi	adult	single	opencyc	
rabbi	adviser	single	isco	
rabbi	agent	single	wordnet	
rabbi	analyst.person	single	isco	
rabbi	architect	single	isco	
rabbi	artist	single	isco	
rabbi	copywriter	single	isco	
rabbi	developer	single	isco	
rabbi	editor	single	isco	
rabbi	educator	single	isco	
rabbi	engineer	single	isco	
rabbi	epidemiologist	single	isco	
rabbi	expert	single	isco	
rabbi	hearer	single	isco	
rabbi	human	single	opencyc	
rabbi	immunologist	single	isco	
rabbi	leader	single	wordnet	
rabbi	mammal	single	opencyc	
rabbi	organism	single	wordnet	
rabbi	person	accepted	wordnet yago	
rabbi	physical-object	single	wordnet	
rabbi	practitioner	single	isco	
rabbi	professional	accepted	isco opencyc	
rabbi	reporter	single	isco	
rabbi	research-worker	single	isco	
rabbi	scientist	single	isco	
rabbi	security-consultant	single	isco	
rabbi	skilled-worker	single	opencyc	
rabbi	specialist	single	isco	
rabbi	sports-announcer	single	isco	
rabbi	structure	single	opencyc	
rabbi	system	single	opencyc	
rabbi	systems-analyst	single	isco	
rabbi	translator	single	isco	
rabbi	vertebrate	single	opencyc	
rabbi	worker	accepted	isco opencyc	
rabbi	writer	single	isco	
racer	agent	single	wordnet	
racer	attribute	single	sumo	
racer	cameraman	single	isco	
racer	detective	single	isco	
racer	driver	single	wordnet	
racer	inquiry-agent	single	isco	
racer	inspector	single	isco	
racer	man	single	isco	
racer	operator	single	wordnet	
racer	paralegal	single	isco	
racer	promoter	single	isco	
racer	property	single	sumo	
racer	supervisor	single	isco	
racer	technician	single	isco	
racer	woman	single	isco	
racer	worker	single	isco	
radio-announcer	adviser	single	isco	
radio-announcer	agent	single	wordnet	
radio-announcer	analyst.person	single	isco	
radio-announcer	announcer	single	opencyc	
radio-announcer	architect	single	isco	
radio-announcer	artist	single	isco	
radio-announcer	attribute	single	sumo	
radio-announcer	communicator	single	wordnet	
radio-announcer	copywriter	single	isco	
radio-announcer	developer	single	isco	
radio-announcer	editor	single	isco	
radio-announcer	educator	single	isco	
radio-announcer	engineer	single	isco	
radio-announcer	epidemiologist	single	isco	
radio-announcer	expert	single	isco	
radio-announcer	hearer	single	isco	
radio-announcer	human	single	opencyc	
radio-announcer	immunologist	single	isco	
radio-announcer	mammal	single	opencyc	
radio-announcer	organism	single	wordnet	
radio-announcer	person	single	wordnet	
radio-announcer	physical-object	single	wordnet	
radio-announcer	practitioner	single	isco	
radio-announcer	professional	single	isco	
radio-announcer	property	single	sumo	
radio-announcer	reporter	single	isco	
radio-announcer	research-worker	single	isco	
radio-announcer	scientist	single	isco	
radio-announcer	security-consultant	single	isco	
radio-announcer	specialist	single	isco	
radio-announcer	sports-announcer	disputed	isco	wikidata
radio-announcer	structure	single	opencyc	
radio-announcer	system	single	opencyc	
radio-announcer	systems-analyst	single	isco	
radio-announcer	translator	single	isco	
radio-announcer	vertebrate	single	opencyc	
radio-announcer	worker	single	isco	
radio-announcer	writer	single	isco	
raiser	agent	single	wordnet	
raiser	agriculturist	single	isco	
raiser	associate	single	wordnet	
raiser	attribute	single	sumo	
raiser	cowboy	single	isco	
raiser	farmer	single	isco	
raiser	farmhand	single	isco	
raiser	fisherman	single	isco	
raiser	forester	single	isco	
raiser	gardener	single	isco	
raiser	goat-herder	single	isco	
raiser	hunter	single	isco	
raiser	organism	single	wordnet	
raiser	peer	single	wordnet	
raiser	person	single	wordnet	
raiser	physical-object	single	wordnet	
raiser	plantation-owner	single	isco	
raiser	player	single	wordnet	
raiser	property	single	sumo	
raiser	shepherd	single	isco	
raiser	trapper	single	isco	
raiser	worker	single	isco	
ranch-hand	agent	single	wordnet	
ranch-hand	agriculturist	single	isco	
ranch-hand	attribute	single	sumo	
ranch-hand	breeder	single	isco	
ranch-hand	cowboy	disputed	isco	wordnet
ranch-hand	employee	single	wordnet	
ranch-hand	farmer	single	isco	
ranch-hand	farmhand	single	isco	
ranch-hand	fisherman	single	isco	
ranch-hand	forester	single	isco	
ranch-hand	gardener	single	isco	
ranch-hand	goat-herder	single	isco	
ranch-hand	hired-hand	single	wordnet	
ranch-hand	hunter	single	isco	
ranch-hand	laborer	single	wordnet	
ranch-hand	organism	single	wordnet	
ranch-hand	person	single	wordnet	
ranch-hand	physical-object	single	wordnet	
ranch-hand	plantation-owner	single	isco	
ranch-hand	property	single	sumo	
ranch-hand	raiser	single	isco	
ranch-hand	shepherd	single	isco	
ranch-hand	trapper	single	isco	
ranch-hand	worker	accepted	isco wordnet	
rancher	agent	single	wordnet	
rancher	agriculturist	single	isco	
rancher	attribute	single	sumo	
rancher	breeder	accepted	isco wikidata	
rancher	cowboy	disputed	isco	wikidata
rancher	farmer	accepted	isco opencyc wordnet	
rancher	farmhand	single	isco	
rancher	fisherman	single	isco	
rancher	forester	single	isco	
rancher	gardener	single	isco	
rancher	goat-herder	disputed	isco	wikidata
rancher	human	single	opencyc	
rancher	hunter	single	isco	
rancher	mammal	single	opencyc	
rancher	organism	single	wordnet	
rancher	person	single	wordnet	
rancher	physical-object	single	wordnet	
rancher	plantation-owner	single	isco	
rancher	property	single	sumo	
rancher	raiser	single	isco	
rancher	shepherd	disputed	isco	wikidata
rancher	structure	single	opencyc	
rancher	system	single	opencyc	
rancher	trapper	single	isco	
rancher	vertebrate	single	opencyc	
rancher	worker	accepted	isco opencyc	
randomness	companion	single	sumo	
real-estate-broker	adult	single	opencyc	
real-estate-broker	agent	single	wordnet	
real-estate-broker	attribute	single	sumo	
real-estate-broker	broker	accepted	isco opencyc wikidata wordnet	
real-estate-broker	businessman	single	wikidata	
real-estate-broker	cameraman	single	isco	
real-estate-broker	detective	single	isco	
real-estate-broker	human	single	opencyc	
real-estate-broker	inquiry-agent	single	isco	
real-estate-broker	inspector	single	isco	
real-estate-broker	investment-banker	single	isco	
real-estate-broker	mammal	single	opencyc	
real-estate-broker	man	single	isco	
real-estate-broker	organism	single	wordnet	
real-estate-broker	paralegal	single	isco	
real-estate-broker	person	single	wordnet	
real-estate-broker	physical-object	single	wordnet	
real-estate-broker	professional	single	opencyc	
real-estate-broker	promoter	single	isco	
real-estate-broker	property	single	sumo	
real-estate-broker	skilled-worker	single	opencyc	
real-estate-broker	structure	single	opencyc	
real-estate-broker	supervisor	single	isco	
real-estate-broker	system	single	opencyc	
real-estate-broker	technician	single	isco	
real-estate-broker	trader	single	isco	
real-estate-broker	vertebrate	single	opencyc	
real-estate-broker	woman	single	isco	
real-estate-broker	worker	accepted	isco opencyc wikidata	
realism	companion	single	sumo	
realm	companion	single	sumo	
realtor	agent	single	wordnet	
realtor	attribute	single	sumo	
realtor	broker	accepted	isco wordnet	
realtor	cameraman	single	isco	
realtor	detective	single	isco	
realtor	inquiry-agent	single	isco	
realtor	inspector	single	isco	
realtor	investment-banker	single	isco	
realtor	man	single	isco	
realtor	organism	single	wordnet	
realtor	paralegal	single	isco	
realtor	person	single	wordnet	
realtor	physical-object	single	wordnet	
realtor	promoter	single	isco	
realtor	property	single	sumo	
realtor	real-estate-broker	single	wordnet	
realtor	supervisor	single	isco	
realtor	technician	single	isco	
realtor	trader	single	isco	
realtor	woman	single	isco	
realtor	worker	single	isco	
reception	companion	single	sumo	
receptionist	adult	single	opencyc	
receptionist	agent	single	wordnet	
receptionist	assistant	single	wordnet	
receptionist	clerk	single	isco	
receptionist	human	single	opencyc	
receptionist	mammal	single	opencyc	
receptionist	organism	single	wordnet	
receptionist	person	single	wordnet	
receptionist	physical-object	single	wordnet	
receptionist	secretary	single	wordnet	
receptionist	structure	single	opencyc	
receptionist	system	single	opencyc	
receptionist	vertebrate	single	opencyc	
receptionist	worker	accepted	isco opencyc wordnet	
reckoner	agent	accepted	sumo wordnet	
reckoner	animal	single	sumo	
reckoner	body	single	sumo	
reckoner	cameraman	single	isco	
reckoner	clerk	single	wikidata	
reckoner	detective	single	isco	
reckoner	expert	single	wordnet	
reckoner	human	single	sumo	
reckoner	inquiry-agent	single	isco	
reckoner	inspector	single	isco	
reckoner	mammal	single	sumo	
reckoner	man	single	isco	
reckoner	organism	accepted	sumo wordnet	
reckoner	paralegal	single	isco	
reckoner	person	accepted	sumo wordnet	
reckoner	phenomenon	single	sumo	
reckoner	physical-object	accepted	sumo wordnet	
reckoner	populace	single	sumo	
reckoner	promoter	single	isco	
reckoner	self	single	sumo	
reckoner	species	single	sumo	
reckoner	supervisor	single	isco	
reckoner	technician	single	isco	
reckoner	universe	single	sumo	
reckoner	vertebrate	single	sumo	
reckoner	woman	single	isco	
reckoner	worker	single	isco	
redundancy	companion	single	sumo	
referee	skilled-worker	single	opencyc	
reference-point	companion	single	sumo	
refiner	agent	single	wordnet	
refiner	attribute	single	sumo	
refiner	digger	single	isco	
refiner	drawer.person	single	isco	
refiner	operator	single	isco	
refiner	organism	single	wordnet	
refiner	person	single	wordnet	
refiner	physical-object	single	wordnet	
refiner	property	single	sumo	
refiner	skilled-worker	single	wordnet	
refiner	worker	accepted	isco wordnet	
refinisher	agent	single	wordnet	
refinisher	attribute	single	sumo	
refinisher	craftsman	single	wikidata	
refinisher	human	single	opencyc	
refinisher	mammal	single	opencyc	
refinisher	organism	single	wordnet	
refinisher	person	accepted	wikidata wordnet	
refinisher	physical-object	single	wordnet	
refinisher	property	single	sumo	
refinisher	skilled-worker	single	wordnet	
refinisher	structure	single	opencyc	
refinisher	system	single	opencyc	
refinisher	vertebrate	single	opencyc	
refinisher	worker	accepted	isco opencyc wordnet	
reform	companion	single	sumo	
refreshment	companion	single	sumo	
refuge	companion	single	sumo	
refugee	traveler	single	wordnet	
registrar	adviser	single	isco	
registrar	agent	single	wordnet	
registrar	analyst.person	single	isco	
registrar	architect	single	isco	
registrar	artist	single	isco	
registrar	copywriter	single	isco	
registrar	developer	single	isco	
registrar	doctor	single	isco	
registrar	educator	single	isco	
registrar	employee	single	wordnet	
registrar	engineer	single	isco	
registrar	epidemiologist	single	isco	
registrar	expert	single	isco	
registrar	hearer	single	isco	
registrar	immunologist	single	isco	
registrar	organism	single	wordnet	
registrar	person	single	wordnet	
registrar	physical-object	single	wordnet	
registrar	practitioner	single	isco	
registrar	professional	single	isco	
registrar	research-worker	single	isco	
registrar	scientist	single	isco	
registrar	security-consultant	single	isco	
registrar	specialist	single	isco	
registrar	surgeon	single	isco	
registrar	systems-analyst	single	isco	
registrar	worker	accepted	isco wordnet	
registrar	writer	single	isco	
regulator.person	agent	single	wordnet	
regulator.person	attribute	single	sumo	
regulator.person	beater	single	isco	
regulator.person	blaster	single	isco	
regulator.person	bodybuilder	single	isco	
regulator.person	builder	single	isco	
regulator.person	cabinetmaker	single	isco	
regulator.person	caster.person	single	isco	
regulator.person	closer	single	isco	
regulator.person	compositor	single	isco	
regulator.person	craftsman	single	isco	
regulator.person	engraver	single	isco	
regulator.person	etcher	single	isco	
regulator.person	fitter	single	isco	
regulator.person	glassworker	single	isco	
regulator.person	grader	single	isco	
regulator.person	ironworker	single	isco	
regulator.person	machinist	single	isco	
regulator.person	maker	single	isco	
regulator.person	mender	single	isco	
regulator.person	mounter	single	isco	
regulator.person	official	single	wordnet	
regulator.person	organism	single	wordnet	
regulator.person	painter	single	isco	
regulator.person	patternmaker	single	isco	
regulator.person	person	single	wordnet	
regulator.person	physical-object	single	wordnet	
regulator.person	property	single	sumo	
regulator.person	refinisher	single	isco	
regulator.person	rigger	single	isco	
regulator.person	sewer	single	isco	
regulator.person	shipwright	single	isco	
regulator.person	skilled-worker	single	wordnet	
regulator.person	smith	single	isco	
regulator.person	spinster	single	isco	
regulator.person	splitter	single	isco	
regulator.person	sprayer	single	isco	
regulator.person	stamper	single	isco	
regulator.person	stonecutter	single	isco	
regulator.person	transferer	single	isco	
regulator.person	tuner	single	isco	
regulator.person	turner	single	isco	
regulator.person	varnisher	single	isco	
regulator.person	weaver	single	isco	
regulator.person	welder	single	isco	
regulator.person	woodcarver	single	isco	
regulator.person	worker	accepted	isco wordnet	
reliance	companion	single	sumo	
remover	agent	single	wordnet	
remover	attribute	single	sumo	
remover	employee	single	wordnet	
remover	mover	disputed	wordnet	isco
remover	organism	single	wordnet	
remover	person	single	wordnet	
remover	physical-object	single	wordnet	
remover	property	single	sumo	
remover	worker	accepted	isco wordnet	
renovation	companion	single	sumo	
rent-collector	agent	single	wordnet	
rent-collector	attribute	single	sumo	
rent-collector	clerk	single	isco	
rent-collector	organism	single	wordnet	
rent-collector	person	single	wordnet	
rent-collector	physical-object	single	wordnet	
rent-collector	property	single	sumo	
rent-collector	worker	accepted	isco wordnet	
reporter	analyst.person	single	isco	
reporter	communicator	disputed	wordnet	isco
reporter	copywriter	single	isco	
reporter	developer	single	isco	
reporter	educator	single	isco	
reporter	epidemiologist	single	isco	
reporter	hearer	single	isco	
reporter	immunologist	single	isco	
reporter	practitioner	single	isco	
reporter	security-consultant	single	isco	
reporter	systems-analyst	single	isco	
representative	communicator	single	wordnet	
representative-agent	communicator	single	wordnet	
reputation	companion	single	sumo	
research-director	agent	single	wordnet	
research-director	attribute	single	sumo	
research-director	chief	single	isco	
research-director	department-head	single	isco	
research-director	general-manager	single	isco	
research-director	governor	single	isco	
research-director	leader	single	wordnet	
research-director	manager	single	isco	
research-director	organism	single	wordnet	
research-director	person	single	wordnet	
research-director	physical-object	single	wordnet	
research-director	property	single	sumo	
research-director	research-worker	single	wikidata	
research-director	scientist	single	wikidata	
research-director	superior	single	wordnet	
research-director	supervisor	single	wordnet	
research-director	worker	single	isco	
resident	analyst.person	single	isco	
resident	copywriter	single	isco	
resident	developer	single	isco	
resident	educator	single	isco	
resident	epidemiologist	single	isco	
resident	hearer	single	isco	
resident	immunologist	single	isco	
resident	practitioner	single	isco	
resident	security-consultant	single	isco	
resident	skilled-worker	single	opencyc	
resident	systems-analyst	single	isco	
resource	companion	single	sumo	
restaurateur	agent	single	wordnet	
restaurateur	attribute	single	sumo	
restaurateur	businessman	accepted	wikidata wordnet	
restaurateur	chief	single	isco	
restaurateur	department-head	single	isco	
restaurateur	general-manager	single	isco	
restaurateur	governor	single	isco	
restaurateur	human	single	opencyc	
restaurateur	mammal	single	opencyc	
restaurateur	manager	single	isco	
restaurateur	organism	single	wordnet	
restaurateur	owner	single	wordnet	
restaurateur	person	single	wordnet	
restaurateur	physical-object	single	wordnet	
restaurateur	property	single	sumo	
restaurateur	structure	single	opencyc	
restaurateur	system	single	opencyc	
restaurateur	vertebrate	single	opencyc	
restaurateur	worker	accepted	isco opencyc wikidata	
retailer	adjutant	single	isco	
retailer	bodyguard	single	isco	
retailer	companion	single	isco	
retailer	concierge	single	isco	
retailer	gamekeeper	single	isco	
retailer	hostess	single	isco	
retailer	keeper	single	isco	
reverse	companion	single	sumo	
rider	traveler	single	wordnet	
rigger	agent	single	wordnet	
rigger	attribute	single	sumo	
rigger	craftsman	single	wordnet	
rigger	organism	single	wordnet	
rigger	person	single	wordnet	
rigger	physical-object	single	wordnet	
rigger	property	single	sumo	
rigger	skilled-worker	single	wordnet	
rigger	steeplejack	disputed	wikidata	isco
rigger	worker	accepted	isco wordnet	
risk	companion	single	sumo	
riveter	agent	single	wordnet	
riveter	attribute	single	sumo	
riveter	beater	single	isco	
riveter	blaster	single	isco	
riveter	bodybuilder	single	isco	
riveter	builder	single	isco	
riveter	cabinetmaker	single	isco	
riveter	caster.person	single	isco	
riveter	closer	single	isco	
riveter	compositor	single	isco	
riveter	craftsman	single	isco	
riveter	engraver	single	isco	
riveter	fitter	single	isco	
riveter	glassworker	single	isco	
riveter	grader	single	isco	
riveter	ironworker	single	isco	
riveter	machinist	single	isco	
riveter	maker	single	isco	
riveter	mender	single	isco	
riveter	organism	single	wordnet	
riveter	painter	single	isco	
riveter	patternmaker	single	isco	
riveter	person	single	wordnet	
riveter	physical-object	single	wordnet	
riveter	property	single	sumo	
riveter	refinisher	single	isco	
riveter	rigger	single	isco	
riveter	sewer	single	isco	
riveter	shipwright	single	isco	
riveter	skilled-worker	single	wordnet	
riveter	smith	single	isco	
riveter	spinster	single	isco	
riveter	splitter	single	isco	
riveter	sprayer	single	isco	
riveter	stonecutter	single	isco	
riveter	tuner	single	isco	
riveter	turner	single	isco	
riveter	varnisher	single	isco	
riveter	welder	single	isco	
riveter	woodcarver	single	isco	
riveter	worker	accepted	isco wordnet	
robber	agent	single	wordnet	
robber	attribute	single	sumo	
robber	criminal	single	wordnet	
robber	digger	single	isco	
robber	drawer.person	single	isco	
robber	operator	single	isco	
robber	organism	single	wordnet	
robber	person	single	wordnet	
robber	physical-object	single	wordnet	
robber	property	single	sumo	
robber	worker	single	isco	
robber	wrongdoer	single	wordnet	
roofer	agent	single	wordnet	
roofer	attribute	single	sumo	
roofer	beater	single	isco	
roofer	blaster	single	isco	
roofer	bodybuilder	single	isco	
roofer	builder	single	isco	
roofer	cabinetmaker	single	isco	
roofer	caster.person	single	isco	
roofer	closer	single	isco	
roofer	compositor	single	isco	
roofer	craftsman	accepted	isco wikidata wordnet	
roofer	engraver	single	isco	
roofer	fitter	single	isco	
roofer	fixer	single	isco	
roofer	glassworker	single	isco	
roofer	grader	single	isco	
roofer	human	single	opencyc	
roofer	ironworker	single	isco	
roofer	machinist	single	isco	
roofer	maker	single	isco	
roofer	mammal	single	opencyc	
roofer	mason	single	isco	
roofer	mender	single	isco	
roofer	organism	single	wordnet	
roofer	painter	single	isco	
roofer	patternmaker	single	isco	
roofer	person	accepted	wikidata wordnet	
roofer	physical-object	single	wordnet	
roofer	property	single	sumo	
roofer	refinisher	single	isco	
roofer	rigger	single	isco	
roofer	sewer	single	isco	
roofer	shipwright	single	isco	
roofer	skilled-worker	single	wordnet	
roofer	smith	single	isco	
roofer	spinster	single	isco	
roofer	splitter	single	isco	
roofer	sprayer	single	isco	
roofer	stonecutter	single	isco	
roofer	structure	single	opencyc	
roofer	system	single	opencyc	
roofer	tiler	single	isco	
roofer	tuner	single	isco	
roofer	turner	single	isco	
roofer	varnisher	single	isco	
roofer	vertebrate	single	opencyc	
roofer	welder	single	isco	
roofer	woodcarver	single	isco	
roofer	worker	accepted	isco opencyc wikidata wordnet	
rubbish	companion	single	sumo	
saddler	agent	single	wordnet	
saddler	attribute	single	sumo	
saddler	beater	single	isco	
saddler	blaster	single	isco	
saddler	bodybuilder	single	isco	
saddler	builder	single	isco	
saddler	cabinetmaker	single	isco	
saddler	caster.person	single	isco	
saddler	closer	single	isco	
saddler	compositor	single	isco	
saddler	craftsman	single	isco	
saddler	dressmaker	single	isco	
saddler	engraver	single	isco	
saddler	fitter	single	isco	
saddler	glassworker	single	isco	
saddler	grader	single	isco	
saddler	ironworker	single	isco	
saddler	machinist	single	isco	
saddler	maker	accepted	isco wordnet	
saddler	mender	single	isco	
saddler	organism	single	wordnet	
saddler	painter	single	isco	
saddler	patternmaker	single	isco	
saddler	person	single	wordnet	
saddler	physical-object	single	wordnet	
saddler	property	single	sumo	
saddler	refinisher	single	isco	
saddler	rigger	single	isco	
saddler	sewer	single	isco	
saddler	shipwright	single	isco	
saddler	smith	single	isco	
saddler	spinster	single	isco	
saddler	splitter	single	isco	
saddler	sprayer	single	isco	
saddler	stainer	single	isco	
saddler	stonecutter	single	isco	
saddler	tuner	single	isco	
saddler	turner	single	isco	
saddler	varnisher	single	isco	
saddler	welder	single	isco	
saddler	woodcarver	single	isco	
saddler	worker	single	isco	
safety	companion	single	sumo	
sailing-master	agent	single	wordnet	
sailing-master	attribute	single	sumo	
sailing-master	cameraman	single	isco	
sailing-master	detective	single	isco	
sailing-master	inquiry-agent	single	isco	
sailing-master	inspector	single	isco	
sailing-master	man	single	isco	
sailing-master	organism	single	wordnet	
sailing-master	paralegal	single	isco	
sailing-master	person	single	wordnet	
sailing-master	physical-object	single	wordnet	
sailing-master	promoter	single	isco	
sailing-master	property	single	sumo	
sailing-master	sailor	single	wordnet	
sailing-master	skilled-worker	single	wordnet	
sailing-master	supervisor	single	isco	
sailing-master	technician	single	isco	
sailing-master	woman	single	isco	
sailing-master	worker	accepted	isco wikidata wordnet	
sailmaker	agent	single	wordnet	
sailmaker	attribute	single	sumo	
sailmaker	beater	single	isco	
sailmaker	blaster	single	isco	
sailmaker	bodybuilder	single	isco	
sailmaker	builder	single	isco	
sailmaker	cabinetmaker	single	isco	
sailmaker	caster.person	single	isco	
sailmaker	closer	single	isco	
sailmaker	compositor	single	isco	
sailmaker	craftsman	accepted	isco wikidata	
sailmaker	dressmaker	single	isco	
sailmaker	engraver	single	isco	
sailmaker	fitter	single	isco	
sailmaker	glassworker	single	isco	
sailmaker	grader	single	isco	
sailmaker	ironworker	single	isco	
sailmaker	machinist	single	isco	
sailmaker	maker	accepted	isco wordnet	
sailmaker	mender	single	isco	
sailmaker	organism	single	wordnet	
sailmaker	painter	single	isco	
sailmaker	patternmaker	single	isco	
sailmaker	person	accepted	wikidata wordnet	
sailmaker	physical-object	single	wordnet	
sailmaker	property	single	sumo	
sailmaker	refinisher	single	isco	
sailmaker	rigger	single	isco	
sailmaker	sewer	single	isco	
sailmaker	shipwright	single	isco	
sailmaker	smith	single	isco	
sailmaker	spinster	single	isco	
sailmaker	splitter	single	isco	
sailmaker	sprayer	single	isco	
sailmaker	stainer	single	isco	
sailmaker	stonecutter	single	isco	
sailmaker	tuner	single	isco	
sailmaker	turner	single	isco	
sailmaker	varnisher	single	isco	
sailmaker	welder	single	isco	
sailmaker	woodcarver	single	isco	
sailmaker	worker	single	isco	
sailor	skilled-worker	single	wordnet	
sales-demonstrator	adjutant	single	isco	
sales-demonstrator	agent	single	wordnet	
sales-demonstrator	attribute	single	sumo	
sales-demonstrator	bodyguard	single	isco	
sales-demonstrator	companion	single	isco	
sales-demonstrator	concierge	single	isco	
sales-demonstrator	employee	single	wordnet	
sales-demonstrator	gamekeeper	single	isco	
sales-demonstrator	guard	single	isco	
sales-demonstrator	host	single	isco	
sales-demonstrator	hostess	single	isco	
sales-demonstrator	keeper	single	isco	
sales-demonstrator	organism	single	wordnet	
sales-demonstrator	person	single	wordnet	
sales-demonstrator	physical-object	single	wordnet	
sales-demonstrator	property	single	sumo	
sales-demonstrator	salesclerk	single	isco	
sales-demonstrator	seller	single	isco	
sales-demonstrator	worker	accepted	isco wordnet	
salesclerk	adjutant	single	isco	
salesclerk	bodyguard	single	isco	
salesclerk	companion	single	isco	
salesclerk	concierge	single	isco	
salesclerk	gamekeeper	single	isco	
salesclerk	hostess	single	isco	
salesclerk	keeper	single	isco	
salter	agent	single	wordnet	
salter	attribute	single	sumo	
salter	beater	single	isco	
salter	blaster	single	isco	
salter	bodybuilder	single	isco	
salter	builder	single	isco	
salter	cabinetmaker	single	isco	
salter	caster.person	single	isco	
salter	closer	single	isco	
salter	compositor	single	isco	
salter	cook	single	wordnet	
salter	craftsman	single	isco	
salter	engraver	single	isco	
salter	fitter	single	isco	
salter	glassworker	single	isco	
salter	grader	single	isco	
salter	ironworker	single	isco	
salter	machinist	single	isco	
salter	maker	single	isco	
salter	mender	single	isco	
salter	organism	single	wordnet	
salter	painter	single	isco	
salter	patternmaker	single	isco	
salter	person	single	wordnet	
salter	physical-object	single	wordnet	
salter	property	single	sumo	
salter	refinisher	single	isco	
salter	rigger	single	isco	
salter	sewer	single	isco	
salter	shipwright	single	isco	
salter	skilled-worker	single	wordnet	
salter	smith	single	isco	
salter	spinster	single	isco	
salter	splitter	single	isco	
salter	sprayer	single	isco	
salter	stainer	single	isco	
salter	stonecutter	single	isco	
salter	tuner	single	isco	
salter	turner	single	isco	
salter	varnisher	single	isco	
salter	welder	single	isco	
salter	woodcarver	single	isco	
salter	worker	accepted	isco wordnet	
salvation	companion	single	sumo	
sarcasm	companion	single	sumo	
saxophonist	adviser	single	isco	
saxophonist	agent	single	wordnet	
saxophonist	analyst.person	single	isco	
saxophonist	architect	single	isco	
saxophonist	artist	accepted	isco opencyc	
saxophonist	copywriter	single	isco	
saxophonist	developer	single	isco	
saxophonist	editor	single	isco	
saxophonist	educator	single	isco	
saxophonist	engineer	single	isco	
saxophonist	epidemiologist	single	isco	
saxophonist	expert	single	isco	
saxophonist	hearer	single	isco	
saxophonist	human	single	opencyc	
saxophonist	immunologist	single	isco	
saxophonist	instrumentalist	single	wordnet	
saxophonist	mammal	single	opencyc	
saxophonist	musician	single	opencyc	
saxophonist	organism	single	wordnet	
saxophonist	performer	single	wordnet	
saxophonist	person	single	wordnet	
saxophonist	physical-object	single	wordnet	
saxophonist	practitioner	single	isco	
saxophonist	professional	accepted	isco opencyc	
saxophonist	reporter	single	isco	
saxophonist	research-worker	single	isco	
saxophonist	scientist	single	isco	
saxophonist	security-consultant	single	isco	
saxophonist	skilled-worker	single	opencyc	
saxophonist	specialist	single	isco	
saxophonist	sports-announcer	single	isco	
saxophonist	structure	single	opencyc	
saxophonist	system	single	opencyc	
saxophonist	systems-analyst	single	isco	
saxophonist	translator	single	isco	
saxophonist	vertebrate	single	opencyc	
saxophonist	worker	accepted	isco opencyc	
saxophonist	writer	single	isco	
scandal	companion	single	sumo	
scheduling-conflict	companion	single	sumo	
schoolmarm	adult	single	wordnet	
schoolmarm	adviser	single	isco	
schoolmarm	agent	single	wordnet	
schoolmarm	analyst.person	single	isco	
schoolmarm	architect	single	isco	
schoolmarm	artist	single	isco	
schoolmarm	copywriter	single	isco	
schoolmarm	developer	single	isco	
schoolmarm	educator	accepted	isco wordnet	
schoolmarm	engineer	single	isco	
schoolmarm	epidemiologist	single	isco	
schoolmarm	expert	single	isco	
schoolmarm	hearer	single	isco	
schoolmarm	immunologist	single	isco	
schoolmarm	organism	single	wordnet	
schoolmarm	person	single	wordnet	
schoolmarm	physical-object	single	wordnet	
schoolmarm	practitioner	single	isco	
schoolmarm	professional	accepted	isco wordnet	
schoolmarm	research-worker	single	isco	
schoolmarm	scientist	single	isco	
schoolmarm	security-consultant	single	isco	
schoolmarm	specialist	single	isco	
schoolmarm	systems-analyst	single	isco	
schoolmarm	teacher	single	wordnet	
schoolmarm	worker	single	isco	
schoolmarm	writer	single	isco	
scope	companion	single	sumo	
scourer	agent	single	wordnet	
scourer	attribute	single	sumo	
scourer	beater	single	isco	
scourer	blaster	single	isco	
scourer	bodybuilder	single	isco	
scourer	builder	single	isco	
scourer	cabinetmaker	single	isco	
scourer	caster.person	single	isco	
scourer	closer	single	isco	
scourer	compositor	single	isco	
scourer	craftsman	single	isco	
scourer	employee	single	wordnet	
scourer	engraver	single	isco	
scourer	etcher	single	isco	
scourer	fitter	single	isco	
scourer	glassworker	single	isco	
scourer	grader	single	isco	
scourer	ironworker	single	isco	
scourer	laborer	single	wordnet	
scourer	machinist	single	isco	
scourer	maker	single	isco	
scourer	mender	single	isco	
scourer	mounter	single	isco	
scourer	organism	single	wordnet	
scourer	painter	single	isco	
scourer	patternmaker	single	isco	
scourer	person	single	wordnet	
scourer	physical-object	single	wordnet	
scourer	property	single	sumo	
scourer	refinisher	single	isco	
scourer	rigger	single	isco	
scourer	sewer	single	isco	
scourer	shipwright	single	isco	
scourer	smith	single	isco	
scourer	spinster	single	isco	
scourer	splitter	single	isco	
scourer	sprayer	single	isco	
scourer	stamper	single	isco	
scourer	stonecutter	single	isco	
scourer	transferer	single	isco	
scourer	tuner	single	isco	
scourer	turner	single	isco	
scourer	varnisher	single	isco	
scourer	weaver	single	isco	
scourer	welder	single	isco	
scourer	woodcarver	single	isco	
scourer	worker	accepted	isco wordnet	
screener	agent	single	wordnet	
screener	attribute	single	sumo	
screener	beater	single	isco	
screener	blaster	single	isco	
screener	bodybuilder	single	isco	
screener	builder	single	isco	
screener	cabinetmaker	single	isco	
screener	caster.person	single	isco	
screener	closer	single	isco	
screener	compositor	single	isco	
screener	craftsman	single	isco	
screener	engraver	single	isco	
screener	fitter	single	isco	
screener	glassworker	single	isco	
screener	grader	single	isco	
screener	guard	single	wordnet	
screener	human	single	opencyc	
screener	ironworker	single	isco	
screener	machinist	single	isco	
screener	maker	single	isco	
screener	mammal	single	opencyc	
screener	mender	single	isco	
screener	organism	single	wordnet	
screener	painter	single	isco	
screener	patternmaker	single	isco	
screener	person	single	wordnet	
screener	physical-object	single	wordnet	
screener	property	single	sumo	
screener	refinisher	single	isco	
screener	rigger	single	isco	
screener	sewer	single	isco	
screener	shipwright	single	isco	
screener	smith	single	isco	
screener	spinster	single	isco	
screener	splitter	single	isco	
screener	sprayer	single	isco	
screener	stainer	single	isco	
screener	stonecutter	single	isco	
screener	structure	single	opencyc	
screener	system	single	opencyc	
screener	tuner	single	isco	
screener	turner	single	isco	
screener	varnisher	single	isco	
screener	vertebrate	single	opencyc	
screener	welder	single	isco	
screener	woodcarver	single	isco	
screener	worker	accepted	isco opencyc	
scribe	agent	single	wordnet	
scribe	artist	single	wikidata	
scribe	attribute	single	sumo	
scribe	clerk	single	isco	
scribe	communicator	single	wordnet	
scribe	organism	single	wordnet	
scribe	person	accepted	wikidata wordnet	
scribe	physical-object	single	wordnet	
scribe	property	single	sumo	
scribe	worker	single	isco	
scribe	writer	single	wordnet	
scriptwriter	adviser	single	isco	
scriptwriter	agent	single	wordnet	
scriptwriter	analyst.person	single	isco	
scriptwriter	architect	single	isco	
scriptwriter	artist	accepted	isco wikidata	
scriptwriter	attribute	single	sumo	
scriptwriter	communicator	single	wordnet	
scriptwriter	copywriter	single	isco	
scriptwriter	developer	single	isco	
scriptwriter	editor	single	isco	
scriptwriter	educator	single	isco	
scriptwriter	engineer	single	isco	
scriptwriter	epidemiologist	single	isco	
scriptwriter	expert	single	isco	
scriptwriter	hearer	single	isco	
scriptwriter	immunologist	single	isco	
scriptwriter	organism	single	wordnet	
scriptwriter	person	accepted	wikidata wordnet	
scriptwriter	physical-object	single	wordnet	
scriptwriter	practitioner	single	isco	
scriptwriter	professional	single	isco	
scriptwriter	property	single	sumo	
scriptwriter	reporter	single	isco	
scriptwriter	research-worker	single	isco	
scriptwriter	scientist	single	isco	
scriptwriter	security-consultant	single	isco	
scriptwriter	specialist	single	isco	
scriptwriter	sports-announcer	single	isco	
scriptwriter	systems-analyst	single	isco	
scriptwriter	translator	single	isco	
scriptwriter	worker	single	isco	
scriptwriter	writer	accepted	isco wikidata wordnet	
sculptor	adviser	single	isco	
sculptor	agent	single	wordnet	
sculptor	analyst.person	single	isco	
sculptor	architect	single	isco	
sculptor	artist	accepted	isco opencyc wordnet	
sculptor	copywriter	single	isco	
sculptor	developer	single	isco	
sculptor	editor	single	isco	
sculptor	educator	single	isco	
sculptor	engineer	single	isco	
sculptor	epidemiologist	single	isco	
sculptor	expert	single	isco	
sculptor	hearer	single	isco	
sculptor	human	single	opencyc	
sculptor	immunologist	single	isco	
sculptor	mammal	single	opencyc	
sculptor	organism	single	wordnet	
sculptor	person	single	wordnet	
sculptor	physical-object	single	wordnet	
sculptor	practitioner	single	isco	
sculptor	professional	single	isco	
sculptor	reporter	single	isco	
sculptor	research-worker	single	isco	
sculptor	scientist	single	isco	
sculptor	security-consultant	single	isco	
sculptor	specialist	single	isco	
sculptor	sports-announcer	single	isco	
sculptor	structure	single	opencyc	
sculptor	system	single	opencyc	
sculptor	systems-analyst	single	isco	
sculptor	translator	single	isco	
sculptor	vertebrate	single	opencyc	
sculptor	worker	accepted	isco opencyc	
sculptor	writer	single	isco	
seasoner	agent	accepted	sumo wordnet	
seasoner	animal	single	sumo	
seasoner	beater	single	isco	
seasoner	blaster	single	isco	
seasoner	body	single	sumo	
seasoner	bodybuilder	single	isco	
seasoner	builder	single	isco	
seasoner	cabinetmaker	single	isco	
seasoner	caster.person	single	isco	
seasoner	closer	single	isco	
seasoner	compositor	single	isco	
seasoner	cook	single	wordnet	
seasoner	craftsman	single	isco	
seasoner	engraver	single	isco	
seasoner	fitter	single	isco	
seasoner	glassworker	single	isco	
seasoner	grader	single	isco	
seasoner	human	single	sumo	
seasoner	ironworker	single	isco	
seasoner	machinist	single	isco	
seasoner	maker	single	isco	
seasoner	mammal	single	sumo	
seasoner	mender	single	isco	
seasoner	organism	accepted	sumo wordnet	
seasoner	painter	single	isco	
seasoner	patternmaker	single	isco	
seasoner	person	accepted	sumo wordnet	
seasoner	phenomenon	single	sumo	
seasoner	physical-object	accepted	sumo wordnet	
seasoner	populace	single	sumo	
seasoner	refinisher	single	isco	
seasoner	rigger	single	isco	
seasoner	self	single	sumo	
seasoner	sewer	single	isco	
seasoner	shipwright	single	isco	
seasoner	skilled-worker	single	wordnet	
seasoner	smith	single	isco	
seasoner	species	single	sumo	
seasoner	spinster	single	isco	
seasoner	splitter	single	isco	
seasoner	sprayer	single	isco	
seasoner	stainer	single	isco	
seasoner	stonecutter	single	isco	
seasoner	tuner	single	isco	
seasoner	turner	single	isco	
seasoner	universe	single	sumo	
seasoner	varnisher	single	isco	
seasoner	vertebrate	single	sumo	
seasoner	welder	single	isco	
seasoner	woodcarver	single	isco	
seasoner	woodworker	single	isco	
seasoner	worker	accepted	isco wordnet	
secret	companion	single	sumo	
secret-agent	adviser	single	isco	
secret-agent	agent	single	wordnet	
secret-agent	analyst.person	single	isco	
secret-agent	architect	single	isco	
secret-agent	artist	single	isco	
secret-agent	attribute	single	sumo	
secret-agent	communicator	single	wordnet	
secret-agent	copywriter	single	isco	
secret-agent	developer	single	isco	
secret-agent	educator	single	isco	
secret-agent	engineer	single	isco	
secret-agent	epidemiologist	single	isco	
secret-agent	expert	single	isco	
secret-agent	hearer	single	isco	
secret-agent	immunologist	single	isco	
secret-agent	organism	single	wordnet	
secret-agent	person	single	wordnet	
secret-agent	physical-object	single	wordnet	
secret-agent	practitioner	single	isco	
secret-agent	professional	single	isco	
secret-agent	property	single	sumo	
secret-agent	representative	single	wordnet	
secret-agent	representative-agent	single	wordnet	
secret-agent	research-worker	single	isco	
secret-agent	scientist	single	isco	
secret-agent	security-consultant	single	isco	
secret-agent	specialist	single	isco	
secret-agent	systems-analyst	single	isco	
secret-agent	worker	single	isco	
secret-agent	writer	single	isco	
secretary	broker	single	isco	
secretary	cameraman	single	isco	
secretary	inquiry-agent	single	isco	
secretary	inspector	single	isco	
secretary	investment-banker	single	isco	
secretary	paralegal	single	isco	
secretary	promoter	single	isco	
secretary	technician	single	isco	
secretary-general	agent	single	wordnet	
secretary-general	attribute	single	sumo	
secretary-general	chairman	accepted	isco wikidata	
secretary-general	chancellor-of-the-exchequer	single	isco	
secretary-general	chief	accepted	isco wordnet	
secretary-general	department-head	single	isco	
secretary-general	general-manager	single	isco	
secretary-general	government-administrator	single	wordnet	
secretary-general	governor	single	isco	
secretary-general	leader	single	wordnet	
secretary-general	manager	accepted	isco wikidata	
secretary-general	member	single	isco	
secretary-general	organism	single	wordnet	
secretary-general	person	accepted	wikidata wordnet	
secretary-general	physical-object	single	wordnet	
secretary-general	president.person	single	isco	
secretary-general	property	single	sumo	
secretary-general	worker	single	isco	
secretary-of-state	adult	single	opencyc	
secretary-of-state	agent	single	wordnet	
secretary-of-state	attribute	single	sumo	
secretary-of-state	chairman	single	isco	
secretary-of-state	chancellor-of-the-exchequer	single	isco	
secretary-of-state	chief	accepted	isco wordnet	
secretary-of-state	department-head	single	isco	
secretary-of-state	general-manager	single	isco	
secretary-of-state	governor	single	isco	
secretary-of-state	human	single	opencyc	
secretary-of-state	leader	single	wordnet	
secretary-of-state	mammal	single	opencyc	
secretary-of-state	manager	single	isco	
secretary-of-state	member	single	isco	
secretary-of-state	organism	single	wordnet	
secretary-of-state	person	single	wordnet	
secretary-of-state	physical-object	single	wordnet	
secretary-of-state	president.person	single	isco	
secretary-of-state	property	single	sumo	
secretary-of-state	secretary-general	single	isco	
secretary-of-state	structure	single	opencyc	
secretary-of-state	system	single	opencyc	
secretary-of-state	vertebrate	single	opencyc	
secretary-of-state	worker	accepted	isco opencyc	
security-consultant	adviser	single	wordnet	
security-consultant	agent	single	wordnet	
security-consultant	attribute	single	sumo	
security-consultant	authority	single	wordnet	
security-consultant	expert	single	wordnet	
security-consultant	organism	single	wordnet	
security-consultant	person	single	wordnet	
security-consultant	physical-object	single	wordnet	
security-consultant	property	single	sumo	
security-consultant	worker	single	isco	
seeker	agent	single	wordnet	
seeker	attribute	single	sumo	
seeker	cameraman	single	isco	
seeker	detective	single	isco	
seeker	inquiry-agent	single	isco	
seeker	inspector	single	isco	
seeker	man	single	isco	
seeker	organism	single	wordnet	
seeker	paralegal	single	isco	
seeker	person	single	wordnet	
seeker	physical-object	single	wordnet	
seeker	promoter	single	isco	
seeker	property	single	sumo	
seeker	supervisor	single	isco	
seeker	technician	single	isco	
seeker	woman	single	isco	
seeker	worker	single	isco	
seismologist	adviser	single	isco	
seismologist	agent	single	wordnet	
seismologist	analyst.person	single	isco	
seismologist	architect	single	isco	
seismologist	artist	single	isco	
seismologist	attribute	single	sumo	
seismologist	copywriter	single	isco	
seismologist	developer	single	isco	
seismologist	educator	single	isco	
seismologist	engineer	single	isco	
seismologist	epidemiologist	single	isco	
seismologist	expert	single	isco	
seismologist	geologist	accepted	wikidata wordnet	
seismologist	geophysicist	accepted	wikidata wordnet	
seismologist	hearer	single	isco	
seismologist	immunologist	single	isco	
seismologist	organism	single	wordnet	
seismologist	person	single	wordnet	
seismologist	physical-object	single	wordnet	
seismologist	practitioner	single	isco	
seismologist	professional	single	isco	
seismologist	property	single	sumo	
seismologist	research-worker	accepted	isco wikidata	
seismologist	scientist	accepted	isco wikidata wordnet	
seismologist	security-consultant	single	isco	
seismologist	specialist	single	isco	
seismologist	surveyor	single	isco	
seismologist	systems-analyst	single	isco	
seismologist	worker	single	isco	
seismologist	writer	single	isco	
seller	adjutant	single	isco	
seller	bodyguard	single	isco	
seller	companion	single	isco	
seller	concierge	single	isco	
seller	gamekeeper	single	isco	
seller	hostess	single	isco	
seller	keeper	single	isco	
senator	agent	single	wordnet	
senator	attribute	single	sumo	
senator	chairman	single	isco	
senator	chancellor-of-the-exchequer	single	isco	
senator	chief	single	isco	
senator	department-head	single	isco	
senator	general-manager	single	isco	
senator	governor	single	isco	
senator	human	single	opencyc	
senator	leader	single	wordnet	
senator	legislator	single	wordnet	
senator	mammal	single	opencyc	
senator	manager	single	isco	
senator	member	single	isco	
senator	organism	single	wordnet	
senator	person	single	wordnet	
senator	physical-object	single	wordnet	
senator	politician	single	wikidata	
senator	politician.person	single	wordnet	
senator	president.person	single	isco	
senator	professional	single	wikidata	
senator	property	single	sumo	
senator	secretary-general	single	isco	
senator	specialist	single	wikidata	
senator	structure	single	opencyc	
senator	system	single	opencyc	
senator	vertebrate	single	opencyc	
senator	worker	accepted	isco opencyc wikidata	
sericulturist	agent	single	wordnet	
sericulturist	agriculturist	single	isco	
sericulturist	attribute	single	sumo	
sericulturist	breeder	single	isco	
sericulturist	cowboy	single	isco	
sericulturist	farmer	single	isco	
sericulturist	farmhand	single	isco	
sericulturist	fisherman	single	isco	
sericulturist	forester	single	isco	
sericulturist	gardener	single	isco	
sericulturist	goat-herder	single	isco	
sericulturist	hunter	single	isco	
sericulturist	maker	single	wordnet	
sericulturist	manufacturer	single	wordnet	
sericulturist	organism	single	wordnet	
sericulturist	person	single	wordnet	
sericulturist	physical-object	single	wordnet	
sericulturist	plantation-owner	single	isco	
sericulturist	property	single	sumo	
sericulturist	raiser	single	isco	
sericulturist	shepherd	single	isco	
sericulturist	trapper	single	isco	
sericulturist	worker	single	isco	
severity	companion	single	sumo	
sewer	agent	single	wordnet	
sewer	artifact	single	opencyc	
sewer	attribute	single	sumo	
sewer	container	single	opencyc	
sewer	device	single	opencyc	
sewer	maker	single	wordnet	
sewer	organism	single	wordnet	
sewer	person	single	wordnet	
sewer	physical-object	single	wordnet	
sewer	property	single	sumo	
sewer	route	single	opencyc	
sewer	worker	single	isco	
sexton	adjutant	single	isco	
sexton	agent	single	wordnet	
sexton	attribute	single	sumo	
sexton	bodyguard	single	isco	
sexton	caretaker	single	wordnet	
sexton	companion	single	isco	
sexton	concierge	single	isco	
sexton	gamekeeper	single	isco	
sexton	guard	single	isco	
sexton	host	single	isco	
sexton	hostess	single	isco	
sexton	housekeeper	single	isco	
sexton	keeper	single	isco	
sexton	official	single	wordnet	
sexton	organism	single	wordnet	
sexton	person	single	wordnet	
sexton	physical-object	single	wordnet	
sexton	property	single	sumo	
sexton	skilled-worker	single	wordnet	
sexton	steward.person	single	isco	
sexton	stewardess	single	isco	
sexton	worker	accepted	isco wordnet	
shaver	adult	single	wordnet	
shaver	agent	accepted	sumo wordnet	
shaver	animal	single	sumo	
shaver	beater	single	isco	
shaver	blaster	single	isco	
shaver	body	single	sumo	
shaver	bodybuilder	single	isco	
shaver	builder	single	isco	
shaver	cabinetmaker	single	isco	
shaver	caster.person	single	isco	
shaver	closer	single	isco	
shaver	compositor	single	isco	
shaver	craftsman	single	isco	
shaver	dressmaker	single	isco	
shaver	engraver	single	isco	
shaver	fitter	single	isco	
shaver	glassworker	single	isco	
shaver	grader	single	isco	
shaver	human	single	sumo	
shaver	ironworker	single	isco	
shaver	kitchen-appliance	single	gpt	
shaver	machinist	single	isco	
shaver	maker	single	isco	
shaver	mammal	single	sumo	
shaver	man	accepted	sumo wordnet	
shaver	mender	single	isco	
shaver	organism	accepted	sumo wordnet	
shaver	painter	single	isco	
shaver	patternmaker	single	isco	
shaver	person	accepted	sumo wordnet	
shaver	phenomenon	single	sumo	
shaver	physical-object	accepted	sumo wordnet	
shaver	populace	single	sumo	
shaver	refinisher	single	isco	
shaver	rigger	single	isco	
shaver	self	single	sumo	
shaver	sewer	single	isco	
shaver	shipwright	single	isco	
shaver	smith	single	isco	
shaver	species	single	sumo	
shaver	spinster	single	isco	
shaver	splitter	single	isco	
shaver	sprayer	single	isco	
shaver	stainer	single	isco	
shaver	stonecutter	single	isco	
shaver	tuner	single	isco	
shaver	turner	single	isco	
shaver	universe	single	sumo	
shaver	varnisher	single	isco	
shaver	vertebrate	single	sumo	
shaver	welder	single	isco	
shaver	woodcarver	single	isco	
shaver	worker	single	isco	
shearer	agent	single	wordnet	
shearer	agriculturist	single	isco	
shearer	attribute	single	sumo	
shearer	breeder	single	isco	
shearer	cowboy	single	isco	
shearer	employee	single	wordnet	
shearer	farmer	single	isco	
shearer	farmhand	single	isco	
shearer	fisherman	single	isco	
shearer	forester	single	isco	
shearer	gardener	single	isco	
shearer	goat-herder	single	isco	
shearer	hunter	single	isco	
shearer	organism	single	wordnet	
shearer	person	single	wordnet	
shearer	physical-object	single	wordnet	
shearer	plantation-owner	single	isco	
shearer	property	single	sumo	
shearer	raiser	single	isco	
shearer	shepherd	single	isco	
shearer	trapper	single	isco	
shearer	worker	accepted	isco wordnet	
shepherd	agent	single	wordnet	
shepherd	attribute	single	sumo	
shepherd	breeder	disputed	wikidata	isco
shepherd	farmer	single	wikidata	
shepherd	herder	disputed	opencyc wikidata	isco
shepherd	human	single	opencyc	
shepherd	leader	single	wordnet	
shepherd	mammal	single	opencyc	
shepherd	organism	single	wordnet	
shepherd	peasant	single	wikidata	
shepherd	person	single	wordnet	
shepherd	physical-object	single	wordnet	
shepherd	property	single	sumo	
shepherd	rancher	disputed	wikidata	isco
shepherd	structure	single	opencyc	
shepherd	system	single	opencyc	
shepherd	vertebrate	single	opencyc	
shepherd	worker	accepted	isco opencyc	
shipmate	agent	single	wordnet	
shipmate	associate	single	wordnet	
shipmate	attribute	single	sumo	
shipmate	cameraman	single	isco	
shipmate	detective	single	isco	
shipmate	inquiry-agent	single	isco	
shipmate	inspector	single	isco	
shipmate	man	single	isco	
shipmate	organism	single	wordnet	
shipmate	paralegal	single	isco	
shipmate	peer	single	wordnet	
shipmate	person	single	wordnet	
shipmate	physical-object	single	wordnet	
shipmate	pilot	single	isco	
shipmate	promoter	single	isco	
shipmate	property	single	sumo	
shipmate	sailing-master	single	isco	
shipmate	supervisor	single	isco	
shipmate	technician	single	isco	
shipmate	woman	single	isco	
shipmate	worker	single	isco	
shipping-agent	agent	single	wordnet	
shipping-agent	attribute	single	sumo	
shipping-agent	broker	accepted	isco wikidata	
shipping-agent	businessman	single	wikidata	
shipping-agent	cameraman	single	isco	
shipping-agent	communicator	single	wordnet	
shipping-agent	detective	single	isco	
shipping-agent	inquiry-agent	single	isco	
shipping-agent	inspector	single	isco	
shipping-agent	investment-banker	single	isco	
shipping-agent	man	single	isco	
shipping-agent	organism	single	wordnet	
shipping-agent	paralegal	single	isco	
shipping-agent	person	single	wordnet	
shipping-agent	physical-object	single	wordnet	
shipping-agent	promoter	single	isco	
shipping-agent	property	single	sumo	
shipping-agent	representative	single	wordnet	
shipping-agent	representative-agent	single	wordnet	
shipping-agent	supervisor	single	isco	
shipping-agent	technician	single	isco	
shipping-agent	trader	single	isco	
shipping-agent	woman	single	isco	
shipping-agent	worker	accepted	isco wikidata	
shipwright	agent	single	wordnet	
shipwright	attribute	single	sumo	
shipwright	businessman	single	wikidata	
shipwright	craftsman	accepted	wikidata wordnet	
shipwright	organism	single	wordnet	
shipwright	person	accepted	wikidata wordnet	
shipwright	physical-object	single	wordnet	
shipwright	property	single	sumo	
shipwright	skilled-worker	single	wordnet	
shipwright	worker	accepted	isco wikidata wordnet	
shirtmaker	agent	single	wordnet	
shirtmaker	attribute	single	sumo	
shirtmaker	beater	single	isco	
shirtmaker	blaster	single	isco	
shirtmaker	bodybuilder	single	isco	
shirtmaker	builder	single	isco	
shirtmaker	cabinetmaker	single	isco	
shirtmaker	caster.person	single	isco	
shirtmaker	closer	single	isco	
shirtmaker	compositor	single	isco	
shirtmaker	craftsman	accepted	isco wikidata	
shirtmaker	dressmaker	single	isco	
shirtmaker	engraver	single	isco	
shirtmaker	fitter	single	isco	
shirtmaker	glassworker	single	isco	
shirtmaker	grader	single	isco	
shirtmaker	ironworker	single	isco	
shirtmaker	machinist	single	isco	
shirtmaker	maker	accepted	isco wordnet	
shirtmaker	mender	single	isco	
shirtmaker	organism	single	wordnet	
shirtmaker	painter	single	isco	
shirtmaker	patternmaker	single	isco	
shirtmaker	person	accepted	wikidata wordnet	
shirtmaker	physical-object	single	wordnet	
shirtmaker	property	single	sumo	
shirtmaker	refinisher	single	isco	
shirtmaker	rigger	single	isco	
shirtmaker	sewer	single	isco	
shirtmaker	shipwright	single	isco	
shirtmaker	smith	single	isco	
shirtmaker	spinster	single	isco	
shirtmaker	splitter	single	isco	
shirtmaker	sprayer	single	isco	
shirtmaker	stainer	single	isco	
shirtmaker	stonecutter	single	isco	
shirtmaker	tuner	single	isco	
shirtmaker	turner	single	isco	
shirtmaker	varnisher	single	isco	
shirtmaker	welder	single	isco	
shirtmaker	woodcarver	single	isco	
shirtmaker	worker	single	isco	
shooter	agent	accepted	sumo wordnet	
shooter	animal	single	sumo	
shooter	body	single	sumo	
shooter	cameraman	single	isco	
shooter	detective	single	isco	
shooter	expert	single	wordnet	
shooter	human	single	sumo	
shooter	inquiry-agent	single	isco	
shooter	inspector	single	isco	
shooter	mammal	single	sumo	
shooter	man	single	isco	
shooter	organism	accepted	sumo wordnet	
shooter	paralegal	single	isco	
shooter	person	accepted	sumo wordnet	
shooter	phenomenon	single	sumo	
shooter	physical-object	accepted	sumo wordnet	
shooter	populace	single	sumo	
shooter	promoter	single	isco	
shooter	reckoner	single	isco	
shooter	self	single	sumo	
shooter	species	single	sumo	
shooter	supervisor	single	isco	
shooter	technician	single	isco	
shooter	universe	single	sumo	
shooter	vertebrate	single	sumo	
shooter	woman	single	isco	
shooter	worker	single	isco	
shoveler	agent	accepted	sumo wordnet	
shoveler	animal	single	sumo	
shoveler	animal-trainer	single	isco	
shoveler	bearer	single	isco	
shoveler	body	single	sumo	
shoveler	girl	single	isco	
shoveler	hired-hand	single	isco	
shoveler	human	single	sumo	
shoveler	laborer	single	isco	
shoveler	male-child	single	isco	
shoveler	mammal	single	sumo	
shoveler	messenger-boy	single	isco	
shoveler	organism	accepted	sumo wordnet	
shoveler	packer	single	isco	
shoveler	person	accepted	sumo wordnet	
shoveler	phenomenon	single	sumo	
shoveler	physical-object	accepted	sumo wordnet	
shoveler	picker	single	isco	
shoveler	populace	single	sumo	
shoveler	porter	single	isco	
shoveler	remover	single	isco	
shoveler	self	single	sumo	
shoveler	species	single	sumo	
shoveler	stacker	single	isco	
shoveler	stevedore	single	isco	
shoveler	sweeper	single	isco	
shoveler	universe	single	sumo	
shoveler	vertebrate	single	sumo	
shoveler	washer.person	single	isco	
shoveler	window-washer	single	isco	
shoveler	worker	accepted	isco wordnet	
showman	adviser	single	isco	
showman	agent	single	wordnet	
showman	analyst.person	single	isco	
showman	architect	single	isco	
showman	artist	single	isco	
showman	attribute	single	sumo	
showman	booker	single	wordnet	
showman	businessman	single	wikidata	
showman	communicator	single	wordnet	
showman	copywriter	single	isco	
showman	developer	single	isco	
showman	editor	single	isco	
showman	educator	single	isco	
showman	engineer	single	isco	
showman	epidemiologist	single	isco	
showman	expert	single	isco	
showman	hearer	single	isco	
showman	immunologist	single	isco	
showman	organism	single	wordnet	
showman	person	single	wordnet	
showman	physical-object	single	wordnet	
showman	practitioner	single	isco	
showman	producer	single	wikidata	
showman	professional	single	isco	
showman	property	single	sumo	
showman	reporter	single	isco	
showman	representative	single	wordnet	
showman	representative-agent	single	wordnet	
showman	research-worker	single	isco	
showman	scientist	single	isco	
showman	security-consultant	single	isco	
showman	specialist	single	isco	
showman	sports-announcer	single	isco	
showman	systems-analyst	single	isco	
showman	translator	single	isco	
showman	worker	accepted	isco wikidata	
showman	writer	single	isco	
signaler	agent	single	wordnet	
signaler	attribute	single	sumo	
signaler	communicator	single	wordnet	
signaler	digger	single	isco	
signaler	driver	single	isco	
signaler	operator	single	isco	
signaler	organism	single	wordnet	
signaler	person	single	wordnet	
signaler	physical-object	single	wordnet	
signaler	property	single	sumo	
signaler	teamster	single	isco	
signaler	worker	single	isco	
silversmith	agent	single	wordnet	
silversmith	attribute	single	sumo	
silversmith	beater	single	isco	
silversmith	blaster	single	isco	
silversmith	bodybuilder	single	isco	
silversmith	builder	single	isco	
silversmith	cabinetmaker	single	isco	
silversmith	caster.person	single	isco	
silversmith	closer	single	isco	
silversmith	compositor	single	isco	
silversmith	craftsman	accepted	isco wikidata	
silversmith	engraver	single	isco	
silversmith	etcher	single	isco	
silversmith	fitter	single	isco	
silversmith	glassworker	single	isco	
silversmith	grader	single	isco	
silversmith	human	single	opencyc	
silversmith	ironworker	single	isco	
silversmith	jewelry-maker	single	wordnet	
silversmith	machinist	single	isco	
silversmith	maker	accepted	isco wordnet	
silversmith	mammal	single	opencyc	
silversmith	mender	single	isco	
silversmith	mounter	single	isco	
silversmith	organism	single	wordnet	
silversmith	painter	single	isco	
silversmith	patternmaker	single	isco	
silversmith	person	accepted	wikidata wordnet	
silversmith	physical-object	single	wordnet	
silversmith	property	single	sumo	
silversmith	refinisher	single	isco	
silversmith	rigger	single	isco	
silversmith	sewer	single	isco	
silversmith	shipwright	single	isco	
silversmith	smith	single	isco	
silversmith	spinster	single	isco	
silversmith	splitter	single	isco	
silversmith	sprayer	single	isco	
silversmith	stamper	single	isco	
silversmith	stonecutter	single	isco	
silversmith	structure	single	opencyc	
silversmith	system	single	opencyc	
silversmith	transferer	single	isco	
silversmith	tuner	single	isco	
silversmith	turner	single	isco	
silversmith	varnisher	single	isco	
silversmith	vertebrate	single	opencyc	
silversmith	weaver	single	isco	
silversmith	welder	single	isco	
silversmith	woodcarver	single	isco	
silversmith	worker	accepted	isco opencyc	
similarity	companion	single	sumo	
simplicity	companion	single	sumo	
sin	companion	single	sumo	
singer	analyst.person	single	isco	
singer	copywriter	single	isco	
singer	developer	single	isco	
singer	editor	single	isco	
singer	educator	single	isco	
singer	epidemiologist	single	isco	
singer	hearer	single	isco	
singer	immunologist	single	isco	
singer	instrumentalist	accepted	wikidata wordnet	
singer	practitioner	single	isco	
singer	security-consultant	single	isco	
singer	skilled-worker	single	opencyc	
singer	sports-announcer	single	isco	
singer	systems-analyst	single	isco	
singer	translator	single	isco	
sitter	adjutant	single	isco	
sitter	agent	single	sumo	
sitter	automaton	single	wikidata	
sitter	ayah	single	isco	
sitter	bodyguard	single	isco	
sitter	companion	single	isco	
sitter	concierge	single	isco	
sitter	gamekeeper	single	isco	
sitter	guard	single	isco	
sitter	host	single	isco	
sitter	hostess	single	isco	
sitter	human	single	opencyc	
sitter	keeper	single	isco	
sitter	machine	single	wikidata	
sitter	mammal	single	opencyc	
sitter	organism	accepted	sumo wordnet	
sitter	phenomenon	single	sumo	
sitter	physical-object	accepted	sumo wordnet	
sitter	species	single	sumo	
sitter	structure	single	opencyc	
sitter	system	single	opencyc	
sitter	universe	single	sumo	
sitter	vertebrate	single	opencyc	
sitter	worker	accepted	isco opencyc	
situation	companion	single	sumo	
skier	agent	accepted	sumo wordnet	
skier	animal	single	sumo	
skier	athlete	accepted	opencyc wikidata wordnet	
skier	body	single	sumo	
skier	cameraman	single	isco	
skier	detective	single	isco	
skier	human	accepted	opencyc sumo	
skier	inquiry-agent	single	isco	
skier	inspector	single	isco	
skier	mammal	accepted	opencyc sumo	
skier	man	single	isco	
skier	organism	accepted	sumo wordnet	
skier	paralegal	single	isco	
skier	person	accepted	sumo wordnet	
skier	phenomenon	single	sumo	
skier	physical-object	accepted	sumo wordnet	
skier	populace	single	sumo	
skier	promoter	single	isco	
skier	self	single	sumo	
skier	species	single	sumo	
skier	sportsman	single	wikidata	
skier	structure	single	opencyc	
skier	supervisor	single	isco	
skier	system	single	opencyc	
skier	technician	single	isco	
skier	universe	single	sumo	
skier	vertebrate	accepted	opencyc sumo	
skier	woman	single	isco	
skier	worker	accepted	isco opencyc	
skilled-worker	agent	single	wordnet	
skilled-worker	agriculturist	single	isco	
skilled-worker	attribute	single	sumo	
skilled-worker	cowboy	single	isco	
skilled-worker	farmer	single	isco	
skilled-worker	farmhand	single	isco	
skilled-worker	fisherman	disputed	isco	wordnet
skilled-worker	forester	disputed	isco	opencyc
skilled-worker	gardener	single	isco	
skilled-worker	goat-herder	single	isco	
skilled-worker	human	single	opencyc	
skilled-worker	hunter	disputed	isco	wordnet
skilled-worker	mammal	single	opencyc	
skilled-worker	organism	single	wordnet	
skilled-worker	person	accepted	wikidata wordnet	
skilled-worker	physical-object	single	wordnet	
skilled-worker	plantation-owner	single	isco	
skilled-worker	property	single	sumo	
skilled-worker	shepherd	single	isco	
skilled-worker	structure	single	opencyc	
skilled-worker	system	single	opencyc	
skilled-worker	trapper	disputed	isco	wordnet
skilled-worker	vertebrate	single	opencyc	
skilled-worker	worker	accepted	isco opencyc wordnet	
skinner	agent	accepted	sumo wordnet	
skinner	animal	single	sumo	
skinner	beater	single	isco	
skinner	blaster	single	isco	
skinner	body	single	sumo	
skinner	bodybuilder	single	isco	
skinner	builder	single	isco	
skinner	cabinetmaker	single	isco	
skinner	caster.person	single	isco	
skinner	closer	single	isco	
skinner	compositor	single	isco	
skinner	craftsman	single	isco	
skinner	engraver	single	isco	
skinner	fitter	single	isco	
skinner	glassworker	single	isco	
skinner	grader	single	isco	
skinner	human	single	sumo	
skinner	ironworker	single	isco	
skinner	machinist	single	isco	
skinner	maker	single	isco	
skinner	mammal	single	sumo	
skinner	mender	single	isco	
skinner	organism	accepted	sumo wordnet	
skinner	painter	single	isco	
skinner	patternmaker	single	isco	
skinner	person	accepted	sumo wordnet	
skinner	phenomenon	single	sumo	
skinner	physical-object	accepted	sumo wordnet	
skinner	populace	single	sumo	
skinner	refinisher	single	isco	
skinner	rigger	single	isco	
skinner	self	single	sumo	
skinner	sewer	single	isco	
skinner	shipwright	single	isco	
skinner	skilled-worker	single	wordnet	
skinner	smith	single	isco	
skinner	species	single	sumo	
skinner	spinster	single	isco	
skinner	splitter	single	isco	
skinner	sprayer	single	isco	
skinner	stainer	single	isco	
skinner	stonecutter	single	isco	
skinner	tuner	single	isco	
skinner	turner	single	isco	
skinner	universe	single	sumo	
skinner	varnisher	single	isco	
skinner	vertebrate	single	sumo	
skinner	welder	single	isco	
skinner	woodcarver	single	isco	
skinner	worker	accepted	isco wordnet	
skipper	agent	accepted	sumo wordnet	
skipper	agriculturist	single	isco	
skipper	animal	single	sumo	
skipper	body	single	sumo	
skipper	captain	single	wikidata	
skipper	cowboy	single	isco	
skipper	farmer	single	isco	
skipper	farmhand	single	isco	
skipper	fisherman	single	isco	
skipper	forester	single	isco	
skipper	gardener	single	isco	
skipper	goat-herder	single	isco	
skipper	human	single	sumo	
skipper	hunter	single	isco	
skipper	mammal	single	sumo	
skipper	organism	accepted	sumo wordnet	
skipper	person	accepted	sumo wordnet	
skipper	phenomenon	single	sumo	
skipper	physical-object	accepted	sumo wordnet	
skipper	plantation-owner	single	isco	
skipper	populace	single	sumo	
skipper	self	single	sumo	
skipper	shepherd	single	isco	
skipper	species	single	sumo	
skipper	student	single	wordnet	
skipper	trapper	single	isco	
skipper	universe	single	sumo	
skipper	vertebrate	single	sumo	
skipper	worker	single	isco	
slicer	agent	single	wordnet	
slicer	beater	single	isco	
slicer	blaster	single	isco	
slicer	bodybuilder	single	isco	
slicer	builder	single	isco	
slicer	cabinetmaker	single	isco	
slicer	caster.person	single	isco	
slicer	closer	single	isco	
slicer	compositor	single	isco	
slicer	craftsman	single	isco	
slicer	engraver	single	isco	
slicer	fitter	single	isco	
slicer	glassworker	single	isco	
slicer	golfer	single	wordnet	
slicer	grader	single	isco	
slicer	ironworker	single	isco	
slicer	machinist	single	isco	
slicer	maker	single	isco	
slicer	mender	single	isco	
slicer	organism	single	wordnet	
slicer	painter	single	isco	
slicer	patternmaker	single	isco	
slicer	person	single	wordnet	
slicer	physical-object	single	wordnet	
slicer	player	single	wordnet	
slicer	refinisher	single	isco	
slicer	rigger	single	isco	
slicer	sewer	single	isco	
slicer	shipwright	single	isco	
slicer	smith	single	isco	
slicer	software	single	wikidata	
slicer	spinster	single	isco	
slicer	splitter	single	isco	
slicer	sprayer	single	isco	
slicer	stainer	single	isco	
slicer	stonecutter	single	isco	
slicer	tuner	single	isco	
slicer	turner	single	isco	
slicer	varnisher	single	isco	
slicer	welder	single	isco	
slicer	woodcarver	single	isco	
slicer	worker	single	isco	
smasher	adult	single	wordnet	
smasher	agent	accepted	sumo wordnet	
smasher	animal	single	sumo	
smasher	beater	single	isco	
smasher	blaster	single	isco	
smasher	body	single	sumo	
smasher	bodybuilder	single	isco	
smasher	builder	single	isco	
smasher	cabinetmaker	single	isco	
smasher	caster.person	single	isco	
smasher	closer	single	isco	
smasher	compositor	single	isco	
smasher	craftsman	single	isco	
smasher	engraver	single	isco	
smasher	fitter	single	isco	
smasher	glassworker	single	isco	
smasher	grader	single	isco	
smasher	human	single	sumo	
smasher	ironworker	single	isco	
smasher	lady	single	sumo	
smasher	machinist	single	isco	
smasher	maker	single	isco	
smasher	mammal	single	sumo	
smasher	mender	single	isco	
smasher	organism	accepted	sumo wordnet	
smasher	painter	single	isco	
smasher	patternmaker	single	isco	
smasher	person	accepted	sumo wordnet	
smasher	phenomenon	single	sumo	
smasher	physical-object	accepted	sumo wordnet	
smasher	populace	single	sumo	
smasher	refinisher	single	isco	
smasher	rigger	single	isco	
smasher	self	single	sumo	
smasher	sewer	single	isco	
smasher	shipwright	single	isco	
smasher	smith	single	isco	
smasher	species	single	sumo	
smasher	spinster	single	isco	
smasher	splitter	single	isco	
smasher	sprayer	single	isco	
smasher	stainer	single	isco	
smasher	stonecutter	single	isco	
smasher	tuner	single	isco	
smasher	turner	single	isco	
smasher	universe	single	sumo	
smasher	varnisher	single	isco	
smasher	vertebrate	single	sumo	
smasher	welder	single	isco	
smasher	woman	accepted	sumo wordnet	
smasher	woodcarver	single	isco	
smasher	worker	single	isco	
smith	agent	single	wordnet	
smith	attribute	single	sumo	
smith	organism	single	wordnet	
smith	person	single	wordnet	
smith	physical-object	single	wordnet	
smith	property	single	sumo	
smith	skilled-worker	single	wordnet	
smith	worker	accepted	isco wordnet	
smuggler	agent	single	wordnet	
smuggler	animal-trainer	single	isco	
smuggler	attribute	single	sumo	
smuggler	bearer	single	isco	
smuggler	criminal	accepted	opencyc wordnet	
smuggler	girl	single	isco	
smuggler	hired-hand	single	isco	
smuggler	human	single	opencyc	
smuggler	laborer	single	isco	
smuggler	male-child	single	isco	
smuggler	mammal	single	opencyc	
smuggler	messenger-boy	single	isco	
smuggler	organism	single	wordnet	
smuggler	person	single	wordnet	
smuggler	physical-object	single	wordnet	
smuggler	picker	single	isco	
smuggler	porter	single	isco	
smuggler	property	single	sumo	
smuggler	remover	single	isco	
smuggler	stacker	single	isco	
smuggler	stevedore	single	isco	
smuggler	structure	single	opencyc	
smuggler	sweeper	single	isco	
smuggler	system	single	opencyc	
smuggler	vertebrate	single	opencyc	
smuggler	washer.person	single	isco	
smuggler	window-washer	single	isco	
smuggler	worker	accepted	isco opencyc	
smuggler	wrongdoer	single	wordnet	
snub	companion	single	sumo	
social-climber	agent	accepted	sumo wordnet	
social-climber	agriculturist	single	isco	
social-climber	animal	single	sumo	
social-climber	body	single	sumo	
social-climber	cowboy	single	isco	
social-climber	farmer	single	isco	
social-climber	farmhand	single	isco	
social-climber	fisherman	single	isco	
social-climber	forester	single	isco	
social-climber	gardener	single	isco	
social-climber	goat-herder	single	isco	
social-climber	human	single	sumo	
social-climber	hunter	single	isco	
social-climber	mammal	single	sumo	
social-climber	organism	accepted	sumo wordnet	
social-climber	person	accepted	sumo wordnet	
social-climber	phenomenon	single	sumo	
social-climber	physical-object	accepted	sumo wordnet	
social-climber	plantation-owner	single	isco	
social-climber	populace	single	sumo	
social-climber	self	single	sumo	
social-climber	shepherd	single	isco	
social-climber	species	single	sumo	
social-climber	trapper	single	isco	
social-climber	universe	single	sumo	
social-climber	vertebrate	single	sumo	
social-climber	worker	single	isco	
social-scientist	adult	single	opencyc	
social-scientist	adviser	single	isco	
social-scientist	agent	single	wordnet	
social-scientist	analyst.person	single	isco	
social-scientist	architect	single	isco	
social-scientist	artist	single	isco	
social-scientist	attribute	single	sumo	
social-scientist	copywriter	single	isco	
social-scientist	developer	single	isco	
social-scientist	editor	single	isco	
social-scientist	educator	single	isco	
social-scientist	engineer	single	isco	
social-scientist	epidemiologist	single	isco	
social-scientist	expert	single	isco	
social-scientist	hearer	single	isco	
social-scientist	human	single	opencyc	
social-scientist	immunologist	single	isco	
social-scientist	mammal	single	opencyc	
social-scientist	organism	single	wordnet	
social-scientist	person	single	wordnet	
social-scientist	physical-object	single	wordnet	
social-scientist	practitioner	single	isco	
social-scientist	professional	single	isco	
social-scientist	property	single	sumo	
social-scientist	reporter	single	isco	
social-scientist	research-worker	accepted	isco wikidata	
social-scientist	scientist	accepted	isco opencyc wikidata wordnet	
social-scientist	security-consultant	single	isco	
social-scientist	specialist	single	isco	
social-scientist	sports-announcer	single	isco	
social-scientist	structure	single	opencyc	
social-scientist	system	single	opencyc	
social-scientist	systems-analyst	single	isco	
social-scientist	translator	single	isco	
social-scientist	vertebrate	single	opencyc	
social-scientist	worker	accepted	isco opencyc	
social-scientist	writer	single	isco	
social-worker	adult	single	opencyc	
social-worker	adviser	single	isco	
social-worker	agent	single	wordnet	
social-worker	analyst.person	single	isco	
social-worker	architect	single	isco	
social-worker	artist	single	isco	
social-worker	attribute	single	sumo	
social-worker	copywriter	single	isco	
social-worker	developer	single	isco	
social-worker	editor	single	isco	
social-worker	educator	single	isco	
social-worker	employee	single	wordnet	
social-worker	engineer	single	isco	
social-worker	epidemiologist	single	isco	
social-worker	expert	single	isco	
social-worker	hearer	single	isco	
social-worker	human	single	opencyc	
social-worker	immunologist	single	isco	
social-worker	mammal	single	opencyc	
social-worker	organism	single	wordnet	
social-worker	person	single	wordnet	
social-worker	physical-object	single	wordnet	
social-worker	practitioner	single	isco	
social-worker	professional	accepted	isco opencyc	
social-worker	property	single	sumo	
social-worker	reporter	single	isco	
social-worker	research-worker	single	isco	
social-worker	scientist	single	isco	
social-worker	security-consultant	single	isco	
social-worker	skilled-worker	single	opencyc	
social-worker	specialist	single	isco	
social-worker	sports-announcer	single	isco	
social-worker	structure	single	opencyc	
social-worker	system	single	opencyc	
social-worker	systems-analyst	single	isco	
social-worker	translator	single	isco	
social-worker	vertebrate	single	opencyc	
social-worker	worker	accepted	isco opencyc wordnet	
social-worker	writer	single	isco	
sociologist	adviser	single	isco	
sociologist	agent	single	wordnet	
sociologist	analyst.person	single	isco	
sociologist	architect	single	isco	
sociologist	artist	single	isco	
sociologist	copywriter	single	isco	
sociologist	developer	single	isco	
sociologist	editor	single	isco	
sociologist	educator	single	isco	
sociologist	engineer	single	isco	
sociologist	epidemiologist	single	isco	
sociologist	expert	single	isco	
sociologist	hearer	single	isco	
sociologist	immunologist	single	isco	
sociologist	organism	single	wordnet	
sociologist	person	accepted	wikidata wordnet	
sociologist	physical-object	single	wordnet	
sociologist	practitioner	single	isco	
sociologist	professional	single	isco	
sociologist	reporter	single	isco	
sociologist	research-worker	accepted	isco wikidata	
sociologist	scientist	accepted	isco wikidata wordnet	
sociologist	security-consultant	single	isco	
sociologist	skilled-worker	single	wikidata	
sociologist	social-scientist	accepted	wikidata wordnet	
sociologist	specialist	single	isco	
sociologist	sports-announcer	single	isco	
sociologist	systems-analyst	single	isco	
sociologist	translator	single	isco	
sociologist	worker	single	isco	
sociologist	writer	single	isco	
solderer	agent	accepted	sumo wordnet	
solderer	animal	single	sumo	
solderer	beater	single	isco	
solderer	blaster	single	isco	
solderer	body	single	sumo	
solderer	bodybuilder	single	isco	
solderer	builder	single	isco	
solderer	cabinetmaker	single	isco	
solderer	caster.person	single	isco	
solderer	closer	single	isco	
solderer	compositor	single	isco	
solderer	craftsman	single	isco	
solderer	engraver	single	isco	
solderer	fitter	single	isco	
solderer	glassworker	single	isco	
solderer	grader	single	isco	
solderer	human	single	sumo	
solderer	ironworker	single	isco	
solderer	machinist	single	isco	
solderer	maker	single	isco	
solderer	mammal	single	sumo	
solderer	mender	single	isco	
solderer	organism	accepted	sumo wordnet	
solderer	painter	single	isco	
solderer	patternmaker	single	isco	
solderer	person	accepted	sumo wordnet	
solderer	phenomenon	single	sumo	
solderer	physical-object	accepted	sumo wordnet	
solderer	populace	single	sumo	
solderer	refinisher	single	isco	
solderer	rigger	single	isco	
solderer	self	single	sumo	
solderer	sewer	single	isco	
solderer	shipwright	single	isco	
solderer	smith	single	isco	
solderer	species	single	sumo	
solderer	spinster	single	isco	
solderer	splitter	single	isco	
solderer	sprayer	single	isco	
solderer	stonecutter	single	isco	
solderer	tuner	single	isco	
solderer	turner	single	isco	
solderer	universe	single	sumo	
solderer	varnisher	single	isco	
solderer	vertebrate	single	sumo	
solderer	welder	single	isco	
solderer	woodcarver	single	isco	
solderer	worker	accepted	isco wordnet	
soldier	skilled-worker	accepted	opencyc wordnet	
solidarity	companion	single	sumo	
solution	companion	single	sumo	
sommelier	adjutant	single	isco	
sommelier	agent	single	wordnet	
sommelier	attribute	single	sumo	
sommelier	bodyguard	single	isco	
sommelier	companion	single	isco	
sommelier	concierge	single	isco	
sommelier	employee	single	wordnet	
sommelier	gamekeeper	single	isco	
sommelier	guard	single	isco	
sommelier	host	single	isco	
sommelier	hostess	single	isco	
sommelier	keeper	single	isco	
sommelier	organism	single	wordnet	
sommelier	person	single	wordnet	
sommelier	physical-object	single	wordnet	
sommelier	property	single	sumo	
sommelier	steward.person	single	isco	
sommelier	stewardess	single	isco	
sommelier	waiter	single	wordnet	
sommelier	worker	accepted	isco wordnet	
songwriter	adviser	single	isco	
songwriter	agent	single	wordnet	
songwriter	analyst.person	single	isco	
songwriter	architect	single	isco	
songwriter	artist	accepted	isco opencyc wikidata wordnet	
songwriter	communicator	single	opencyc	
songwriter	composer	accepted	opencyc wikidata wordnet	
songwriter	copywriter	single	isco	
songwriter	developer	single	isco	
songwriter	editor	single	isco	
songwriter	educator	single	isco	
songwriter	engineer	single	isco	
songwriter	epidemiologist	single	isco	
songwriter	expert	single	isco	
songwriter	hearer	single	isco	
songwriter	human	single	opencyc	
songwriter	immunologist	single	isco	
songwriter	instrumentalist	single	wikidata	
songwriter	mammal	single	opencyc	
songwriter	musician	accepted	opencyc wikidata wordnet	
songwriter	organism	single	wordnet	
songwriter	person	accepted	wikidata wordnet	
songwriter	physical-object	single	wordnet	
songwriter	practitioner	single	isco	
songwriter	professional	single	isco	
songwriter	reporter	single	isco	
songwriter	research-worker	single	isco	
songwriter	scientist	single	isco	
songwriter	security-consultant	single	isco	
songwriter	singer	single	wikidata	
songwriter	specialist	single	isco	
songwriter	sports-announcer	single	isco	
songwriter	structure	single	opencyc	
songwriter	system	single	opencyc	
songwriter	systems-analyst	single	isco	
songwriter	translator	single	isco	
songwriter	vertebrate	single	opencyc	
songwriter	worker	accepted	isco opencyc	
songwriter	writer	single	isco	
soprano	skilled-worker	single	opencyc	
soprano.person	adviser	single	isco	
soprano.person	agent	accepted	sumo wordnet	
soprano.person	analyst.person	single	isco	
soprano.person	animal	single	sumo	
soprano.person	architect	single	isco	
soprano.person	artist	single	isco	
soprano.person	body	single	sumo	
soprano.person	copywriter	single	isco	
soprano.person	developer	single	isco	
soprano.person	editor	single	isco	
soprano.person	educator	single	isco	
soprano.person	engineer	single	isco	
soprano.person	epidemiologist	single	isco	
soprano.person	expert	single	isco	
soprano.person	hearer	single	isco	
soprano.person	human	single	sumo	
soprano.person	immunologist	single	isco	
soprano.person	instrumentalist	single	wordnet	
soprano.person	lady	single	sumo	
soprano.person	mammal	single	sumo	
soprano.person	organism	accepted	sumo wordnet	
soprano.person	performer	single	wordnet	
soprano.person	person	accepted	sumo wordnet	
soprano.person	phenomenon	single	sumo	
soprano.person	physical-object	accepted	sumo wordnet	
soprano.person	populace	single	sumo	
soprano.person	practitioner	single	isco	
soprano.person	professional	single	isco	
soprano.person	reporter	single	isco	
soprano.person	research-worker	single	isco	
soprano.person	scientist	single	isco	
soprano.person	security-consultant	single	isco	
soprano.person	self	single	sumo	
soprano.person	singer	single	wordnet	
soprano.person	specialist	single	isco	
soprano.person	species	single	sumo	
soprano.person	sports-announcer	single	isco	
soprano.person	systems-analyst	single	isco	
soprano.person	translator	single	isco	
soprano.person	universe	single	sumo	
soprano.person	vertebrate	single	sumo	
soprano.person	woman	single	sumo	
soprano.person	worker	single	isco	
soprano.person	writer	single	isco	
sovereign	communicator	single	wordnet	
sovereign	head-of-state	single	wordnet	
speaker	chancellor-of-the-exchequer	single	isco	
speaker	communicator	single	wordnet	
speaker	department-head	single	isco	
speaker	general-manager	single	isco	
speaker	president.person	single	isco	
speaker	secretary-general	single	isco	
spectrum	companion	single	sumo	
speech-therapist	adviser	single	isco	
speech-therapist	agent	single	wordnet	
speech-therapist	analyst.person	single	isco	
speech-therapist	architect	single	isco	
speech-therapist	artist	single	isco	
speech-therapist	attribute	single	sumo	
speech-therapist	copywriter	single	isco	
speech-therapist	developer	single	isco	
speech-therapist	doctor	single	isco	
speech-therapist	educator	single	isco	
speech-therapist	engineer	single	isco	
speech-therapist	epidemiologist	single	isco	
speech-therapist	expert	accepted	isco wordnet	
speech-therapist	hearer	single	isco	
speech-therapist	immunologist	single	isco	
speech-therapist	organism	single	wordnet	
speech-therapist	person	single	wordnet	
speech-therapist	physical-object	single	wordnet	
speech-therapist	practitioner	single	isco	
speech-therapist	professional	single	isco	
speech-therapist	property	single	sumo	
speech-therapist	research-worker	single	isco	
speech-therapist	scientist	single	isco	
speech-therapist	security-consultant	single	isco	
speech-therapist	specialist	single	isco	
speech-therapist	surgeon	single	isco	
speech-therapist	systems-analyst	single	isco	
speech-therapist	therapist	single	wordnet	
speech-therapist	worker	single	isco	
speech-therapist	writer	single	isco	
speechwriter	adviser	single	isco	
speechwriter	agent	single	wordnet	
speechwriter	analyst.person	single	isco	
speechwriter	architect	single	isco	
speechwriter	artist	accepted	isco wikidata	
speechwriter	attribute	single	sumo	
speechwriter	communicator	single	wordnet	
speechwriter	copywriter	single	isco	
speechwriter	developer	single	isco	
speechwriter	editor	single	isco	
speechwriter	educator	single	isco	
speechwriter	engineer	single	isco	
speechwriter	epidemiologist	single	isco	
speechwriter	expert	single	isco	
speechwriter	hearer	single	isco	
speechwriter	immunologist	single	isco	
speechwriter	organism	single	wordnet	
speechwriter	person	accepted	wikidata wordnet	
speechwriter	physical-object	single	wordnet	
speechwriter	practitioner	single	isco	
speechwriter	professional	single	isco	
speechwriter	property	single	sumo	
speechwriter	reporter	single	isco	
speechwriter	research-worker	single	isco	
speechwriter	scientist	single	isco	
speechwriter	security-consultant	single	isco	
speechwriter	specialist	single	isco	
speechwriter	sports-announcer	single	isco	
speechwriter	systems-analyst	single	isco	
speechwriter	translator	single	isco	
speechwriter	worker	single	isco	
speechwriter	writer	accepted	isco wikidata wordnet	
spinster	agent	single	wordnet	
spinster	attribute	single	sumo	
spinster	maker	single	wordnet	
spinster	organism	single	wordnet	
spinster	person	single	wordnet	
spinster	physical-object	single	wordnet	
spinster	property	single	sumo	
spinster	worker	single	isco	
spirit	companion	single	sumo	
splicer	agent	single	wordnet	
splicer	attribute	single	sumo	
splicer	beater	single	isco	
splicer	blaster	single	isco	
splicer	bodybuilder	single	isco	
splicer	builder	single	isco	
splicer	cabinetmaker	single	isco	
splicer	caster.person	single	isco	
splicer	closer	single	isco	
splicer	compositor	single	isco	
splicer	craftsman	accepted	isco wordnet	
splicer	engraver	single	isco	
splicer	fitter	single	isco	
splicer	glassworker	single	isco	
splicer	grader	single	isco	
splicer	ironworker	single	isco	
splicer	machinist	single	isco	
splicer	maker	single	isco	
splicer	mender	single	isco	
splicer	organism	single	wordnet	
splicer	painter	single	isco	
splicer	patternmaker	single	isco	
splicer	person	single	wordnet	
splicer	physical-object	single	wordnet	
splicer	property	single	sumo	
splicer	refinisher	single	isco	
splicer	rigger	single	isco	
splicer	sewer	single	isco	
splicer	shipwright	single	isco	
splicer	skilled-worker	single	wordnet	
splicer	smith	single	isco	
splicer	spinster	single	isco	
splicer	splitter	single	isco	
splicer	sprayer	single	isco	
splicer	stonecutter	single	isco	
splicer	tuner	single	isco	
splicer	turner	single	isco	
splicer	varnisher	single	isco	
splicer	welder	single	isco	
splicer	woodcarver	single	isco	
splicer	woodworker	single	wordnet	
splicer	worker	accepted	isco wordnet	
splitter	agent	accepted	sumo wordnet	
splitter	animal	single	sumo	
splitter	body	single	sumo	
splitter	human	single	sumo	
splitter	mammal	single	sumo	
splitter	organism	accepted	sumo wordnet	
splitter	person	accepted	sumo wordnet	
splitter	phenomenon	single	sumo	
splitter	physical-object	accepted	sumo wordnet	
splitter	populace	single	sumo	
splitter	self	single	sumo	
splitter	species	single	sumo	
splitter	universe	single	sumo	
splitter	vertebrate	single	sumo	
splitter	worker	accepted	isco wordnet	
sports-announcer	actor	disputed	wikidata	isco
sports-announcer	adult	single	opencyc	
sports-announcer	adviser	single	isco	
sports-announcer	agent	single	wordnet	
sports-announcer	analyst.person	single	isco	
sports-announcer	announcer	disputed	wikidata	isco
sports-announcer	architect	single	isco	
sports-announcer	artist	single	isco	
sports-announcer	attribute	single	sumo	
sports-announcer	communicator	disputed	wordnet	isco
sports-announcer	copywriter	single	isco	
sports-announcer	critic	disputed	wikidata	isco
sports-announcer	developer	single	isco	
sports-announcer	educator	single	isco	
sports-announcer	engineer	single	isco	
sports-announcer	epidemiologist	single	isco	
sports-announcer	expert	single	isco	
sports-announcer	hearer	single	isco	
sports-announcer	hostess	single	wikidata	
sports-announcer	human	single	opencyc	
sports-announcer	immunologist	single	isco	
sports-announcer	mammal	single	opencyc	
sports-announcer	observer	disputed	wikidata	isco
sports-announcer	organism	single	wordnet	
sports-announcer	person	accepted	wikidata wordnet	
sports-announcer	physical-object	single	wordnet	
sports-announcer	practitioner	single	isco	
sports-announcer	professional	accepted	isco opencyc	
sports-announcer	property	single	sumo	
sports-announcer	radio-announcer	disputed	wikidata	isco
sports-announcer	research-worker	single	isco	
sports-announcer	scientist	single	isco	
sports-announcer	security-consultant	single	isco	
sports-announcer	skilled-worker	single	opencyc	
sports-announcer	specialist	single	isco	
sports-announcer	sports-writer	disputed	wikidata	isco
sports-announcer	structure	single	opencyc	
sports-announcer	system	single	opencyc	
sports-announcer	systems-analyst	single	isco	
sports-announcer	vertebrate	single	opencyc	
sports-announcer	worker	accepted	isco opencyc	
sports-announcer	writer	single	isco	
sports-editor	adviser	single	isco	
sports-editor	agent	single	wordnet	
sports-editor	analyst.person	single	isco	
sports-editor	architect	single	isco	
sports-editor	artist	single	isco	
sports-editor	attribute	single	sumo	
sports-editor	copywriter	single	isco	
sports-editor	developer	single	isco	
sports-editor	editor	accepted	isco wordnet	
sports-editor	educator	single	isco	
sports-editor	engineer	single	isco	
sports-editor	epidemiologist	single	isco	
sports-editor	expert	single	isco	
sports-editor	hearer	single	isco	
sports-editor	immunologist	single	isco	
sports-editor	organism	single	wordnet	
sports-editor	person	single	wordnet	
sports-editor	physical-object	single	wordnet	
sports-editor	practitioner	single	isco	
sports-editor	professional	single	isco	
sports-editor	property	single	sumo	
sports-editor	reporter	single	isco	
sports-editor	research-worker	single	isco	
sports-editor	scientist	single	isco	
sports-editor	security-consultant	single	isco	
sports-editor	skilled-worker	single	wordnet	
sports-editor	specialist	single	isco	
sports-editor	sports-announcer	single	isco	
sports-editor	systems-analyst	single	isco	
sports-editor	translator	single	isco	
sports-editor	worker	accepted	isco wordnet	
sports-editor	writer	single	isco	
sports-writer	adviser	single	isco	
sports-writer	agent	single	wordnet	
sports-writer	analyst.person	single	isco	
sports-writer	architect	single	isco	
sports-writer	artist	single	isco	
sports-writer	attribute	single	sumo	
sports-writer	communicator	single	wordnet	
sports-writer	copywriter	single	isco	
sports-writer	developer	single	isco	
sports-writer	editor	single	isco	
sports-writer	educator	single	isco	
sports-writer	engineer	single	isco	
sports-writer	epidemiologist	single	isco	
sports-writer	expert	single	isco	
sports-writer	hearer	single	isco	
sports-writer	immunologist	single	isco	
sports-writer	organism	single	wordnet	
sports-writer	person	accepted	wikidata wordnet	
sports-writer	physical-object	single	wordnet	
sports-writer	practitioner	single	isco	
sports-writer	professional	single	isco	
sports-writer	property	single	sumo	
sports-writer	reporter	single	isco	
sports-writer	research-worker	single	isco	
sports-writer	scientist	single	isco	
sports-writer	security-consultant	single	isco	
sports-writer	specialist	single	isco	
sports-writer	sports-announcer	disputed	isco	wikidata
sports-writer	systems-analyst	single	isco	
sports-writer	translator	single	isco	
sports-writer	worker	single	isco	
sports-writer	writer	accepted	isco wordnet	
sportsman	agent	single	wordnet	
sportsman	athlete	single	wordnet	
sportsman	attribute	single	sumo	
sportsman	cameraman	single	isco	
sportsman	detective	single	isco	
sportsman	inquiry-agent	single	isco	
sportsman	inspector	single	isco	
sportsman	man	single	isco	
sportsman	organism	single	wordnet	
sportsman	paralegal	single	isco	
sportsman	person	single	wordnet	
sportsman	physical-object	single	wordnet	
sportsman	promoter	single	isco	
sportsman	property	single	sumo	
sportsman	supervisor	single	isco	
sportsman	technician	single	isco	
sportsman	woman	single	isco	
sportsman	worker	single	isco	
spotter	agent	single	wordnet	
spotter	animal-trainer	single	isco	
spotter	bearer	single	isco	
spotter	employee	single	wordnet	
spotter	girl	single	isco	
spotter	hired-hand	single	isco	
spotter	laborer	single	isco	
spotter	male-child	single	isco	
spotter	messenger-boy	single	isco	
spotter	organism	single	wordnet	
spotter	person	single	wordnet	
spotter	physical-object	single	wordnet	
spotter	picker	single	isco	
spotter	porter	single	isco	
spotter	remover	single	isco	
spotter	stacker	single	isco	
spotter	stevedore	single	isco	
spotter	sweeper	single	isco	
spotter	washer.person	single	isco	
spotter	window-washer	single	isco	
spotter	worker	accepted	isco wordnet	
sprayer	agent	single	wordnet	
sprayer	attribute	single	sumo	
sprayer	employee	single	wordnet	
sprayer	laborer	single	wordnet	
sprayer	organism	single	wordnet	
sprayer	person	single	wordnet	
sprayer	physical-object	single	wordnet	
sprayer	plumbing	single	gpt	
sprayer	property	single	sumo	
sprayer	worker	accepted	isco wordnet	
spy	communicator	single	wordnet	
spy	secret-agent	single	wordnet	
stacker	agent	single	wordnet	
stacker	attribute	single	sumo	
stacker	employee	single	wordnet	
stacker	laborer	single	wordnet	
stacker	machine	single	wikidata	
stacker	organism	single	wordnet	
stacker	person	single	wordnet	
stacker	physical-object	single	wordnet	
stacker	property	single	sumo	
stacker	worker	accepted	isco wordnet	
stage-director	adviser	single	isco	
stage-director	agent	single	wordnet	
stage-director	analyst.person	single	isco	
stage-director	architect	single	isco	
stage-director	artist	accepted	isco wikidata	
stage-director	attribute	single	sumo	
stage-director	copywriter	single	isco	
stage-director	developer	single	isco	
stage-director	director	single	wikidata	
stage-director	editor	single	isco	
stage-director	educator	single	isco	
stage-director	engineer	single	isco	
stage-director	epidemiologist	single	isco	
stage-director	expert	single	isco	
stage-director	hearer	single	isco	
stage-director	immunologist	single	isco	
stage-director	leader	single	wordnet	
stage-director	manager	single	wikidata	
stage-director	organism	single	wordnet	
stage-director	person	accepted	wikidata wordnet	
stage-director	physical-object	single	wordnet	
stage-director	practitioner	single	isco	
stage-director	professional	single	isco	
stage-director	property	single	sumo	
stage-director	reporter	single	isco	
stage-director	research-worker	single	isco	
stage-director	scientist	single	isco	
stage-director	security-consultant	single	isco	
stage-director	specialist	single	isco	
stage-director	sports-announcer	single	isco	
stage-director	superior	single	wordnet	
stage-director	supervisor	single	wordnet	
stage-director	systems-analyst	single	isco	
stage-director	translator	single	isco	
stage-director	worker	single	isco	
stage-director	writer	single	isco	
stage-manager	agent	single	wordnet	
stage-manager	attribute	single	sumo	
stage-manager	cameraman	single	isco	
stage-manager	detective	single	isco	
stage-manager	inquiry-agent	single	isco	
stage-manager	inspector	single	isco	
stage-manager	leader	single	wordnet	
stage-manager	man	single	isco	
stage-manager	organism	single	wordnet	
stage-manager	paralegal	single	isco	
stage-manager	person	single	wordnet	
stage-manager	physical-object	single	wordnet	
stage-manager	promoter	single	isco	
stage-manager	property	single	sumo	
stage-manager	superior	single	wordnet	
stage-manager	supervisor	accepted	isco wordnet	
stage-manager	technician	single	isco	
stage-manager	woman	single	isco	
stage-manager	worker	single	isco	
stainer	agent	accepted	sumo wordnet	
stainer	animal	single	sumo	
stainer	beater	single	isco	
stainer	blaster	single	isco	
stainer	body	single	sumo	
stainer	bodybuilder	single	isco	
stainer	builder	single	isco	
stainer	cabinetmaker	single	isco	
stainer	caster.person	single	isco	
stainer	closer	single	isco	
stainer	compositor	single	isco	
stainer	craftsman	single	isco	
stainer	engraver	single	isco	
stainer	fitter	single	isco	
stainer	glassworker	single	isco	
stainer	grader	single	isco	
stainer	human	single	sumo	
stainer	ironworker	single	isco	
stainer	machinist	single	isco	
stainer	maker	single	isco	
stainer	mammal	single	sumo	
stainer	mender	single	isco	
stainer	organism	accepted	sumo wordnet	
stainer	painter	single	isco	
stainer	patternmaker	single	isco	
stainer	person	accepted	sumo wordnet	
stainer	phenomenon	single	sumo	
stainer	physical-object	accepted	sumo wordnet	
stainer	populace	single	sumo	
stainer	refinisher	single	isco	
stainer	rigger	single	isco	
stainer	self	single	sumo	
stainer	sewer	single	isco	
stainer	shipwright	single	isco	
stainer	smith	single	isco	
stainer	species	single	sumo	
stainer	spinster	single	isco	
stainer	splitter	single	isco	
stainer	sprayer	single	isco	
stainer	stonecutter	single	isco	
stainer	tuner	single	isco	
stainer	turner	single	isco	
stainer	universe	single	sumo	
stainer	varnisher	single	isco	
stainer	vertebrate	single	sumo	
stainer	welder	single	isco	
stainer	woodcarver	single	isco	
stainer	worker	accepted	isco wordnet	
stake	companion	single	sumo	
stamper	agent	single	wordnet	
stamper	attribute	single	sumo	
stamper	beater	single	isco	
stamper	blaster	single	isco	
stamper	bodybuilder	single	isco	
stamper	builder	single	isco	
stamper	cabinetmaker	single	isco	
stamper	caster.person	single	isco	
stamper	closer	single	isco	
stamper	compositor	single	isco	
stamper	craftsman	single	isco	
stamper	employee	single	wordnet	
stamper	engraver	single	isco	
stamper	fitter	single	isco	
stamper	glassworker	single	isco	
stamper	grader	single	isco	
stamper	ironworker	single	isco	
stamper	machinist	single	isco	
stamper	maker	single	isco	
stamper	mender	single	isco	
stamper	organism	single	wordnet	
stamper	painter	single	isco	
stamper	patternmaker	single	isco	
stamper	person	single	wordnet	
stamper	physical-object	single	wordnet	
stamper	property	single	sumo	
stamper	refinisher	single	isco	
stamper	rigger	single	isco	
stamper	sewer	single	isco	
stamper	shipwright	single	isco	
stamper	smith	single	isco	
stamper	spinster	single	isco	
stamper	splitter	single	isco	
stamper	sprayer	single	isco	
stamper	stonecutter	single	isco	
stamper	tuner	single	isco	
stamper	turner	single	isco	
stamper	varnisher	single	isco	
stamper	welder	single	isco	
stamper	woodcarver	single	isco	
stamper	worker	accepted	isco wordnet	
stationmaster	agent	single	wordnet	
stationmaster	attribute	single	sumo	
stationmaster	chief	single	isco	
stationmaster	department-head	single	isco	
stationmaster	employer	single	wordnet	
stationmaster	general-manager	single	isco	
stationmaster	governor	single	isco	
stationmaster	leader	single	wordnet	
stationmaster	manager	single	isco	
stationmaster	organism	single	wordnet	
stationmaster	person	single	wordnet	
stationmaster	physical-object	single	wordnet	
stationmaster	property	single	sumo	
stationmaster	worker	single	isco	
statistician	adviser	single	isco	
statistician	agent	single	wordnet	
statistician	analyst.person	single	isco	
statistician	architect	single	isco	
statistician	artist	single	isco	
statistician	copywriter	single	isco	
statistician	developer	single	isco	
statistician	educator	single	isco	
statistician	engineer	single	isco	
statistician	epidemiologist	single	isco	
statistician	expert	single	isco	
statistician	hearer	single	isco	
statistician	immunologist	single	isco	
statistician	organism	single	wordnet	
statistician	person	single	wordnet	
statistician	physical-object	single	wordnet	
statistician	practitioner	single	isco	
statistician	professional	single	isco	
statistician	research-worker	single	isco	
statistician	scientist	accepted	isco wordnet	
statistician	security-consultant	single	isco	
statistician	specialist	single	isco	
statistician	surveyor	single	isco	
statistician	systems-analyst	single	isco	
statistician	worker	single	isco	
statistician	writer	single	isco	
steeplejack	agent	single	wordnet	
steeplejack	attribute	single	sumo	
steeplejack	beater	single	isco	
steeplejack	blaster	single	isco	
steeplejack	bodybuilder	single	isco	
steeplejack	builder	single	isco	
steeplejack	cabinetmaker	single	isco	
steeplejack	caster.person	single	isco	
steeplejack	closer	single	isco	
steeplejack	compositor	single	isco	
steeplejack	craftsman	single	isco	
steeplejack	employee	single	wordnet	
steeplejack	engraver	single	isco	
steeplejack	fitter	single	isco	
steeplejack	fixer	single	isco	
steeplejack	glassworker	single	isco	
steeplejack	grader	single	isco	
steeplejack	ironworker	single	isco	
steeplejack	laborer	single	wordnet	
steeplejack	machinist	single	isco	
steeplejack	maker	single	isco	
steeplejack	mason	single	isco	
steeplejack	mender	single	isco	
steeplejack	organism	single	wordnet	
steeplejack	painter	single	isco	
steeplejack	patternmaker	single	isco	
steeplejack	person	single	wordnet	
steeplejack	physical-object	single	wordnet	
steeplejack	property	single	sumo	
steeplejack	refinisher	single	isco	
steeplejack	rigger	disputed	isco	wikidata
steeplejack	sewer	single	isco	
steeplejack	shipwright	single	isco	
steeplejack	smith	single	isco	
steeplejack	spinster	single	isco	
steeplejack	splitter	single	isco	
steeplejack	sprayer	single	isco	
steeplejack	stonecutter	single	isco	
steeplejack	tuner	single	isco	
steeplejack	turner	single	isco	
steeplejack	varnisher	single	isco	
steeplejack	welder	single	isco	
steeplejack	woodcarver	single	isco	
steeplejack	worker	accepted	isco wordnet	
stevedore	agent	single	wordnet	
stevedore	attribute	single	sumo	
stevedore	employee	single	wordnet	
stevedore	laborer	single	wordnet	
stevedore	organism	single	wordnet	
stevedore	person	single	wordnet	
stevedore	physical-object	single	wordnet	
stevedore	property	single	sumo	
stevedore	worker	accepted	isco wordnet	
steward	adjutant	single	isco	
steward	bodyguard	single	isco	
steward	companion	single	isco	
steward	concierge	single	isco	
steward	gamekeeper	single	isco	
steward	hostess	single	isco	
steward	keeper	single	isco	
steward	steward.person	single	isco	
steward	stewardess	disputed	isco	wordnet
steward.person	adjutant	single	isco	
steward.person	agent	single	wordnet	
steward.person	attribute	single	sumo	
steward.person	bodyguard	single	isco	
steward.person	companion	single	isco	
steward.person	concierge	single	isco	
steward.person	gamekeeper	single	isco	
steward.person	guard	single	isco	
steward.person	host	single	isco	
steward.person	hostess	single	isco	
steward.person	keeper	single	isco	
steward.person	organism	single	wordnet	
steward.person	person	single	wordnet	
steward.person	physical-object	single	wordnet	
steward.person	property	single	sumo	
steward.person	worker	single	isco	
stewardess	adjutant	single	isco	
stewardess	agent	single	wordnet	
stewardess	assistant	single	wordnet	
stewardess	bodyguard	single	isco	
stewardess	companion	single	isco	
stewardess	concierge	single	isco	
stewardess	gamekeeper	single	isco	
stewardess	guard	single	isco	
stewardess	host	single	isco	
stewardess	hostess	single	isco	
stewardess	keeper	single	isco	
stewardess	organism	single	wordnet	
stewardess	person	single	wordnet	
stewardess	physical-object	single	wordnet	
stewardess	steward	disputed	wordnet	isco
stewardess	worker	accepted	isco wordnet	
stockbroker	agent	single	wordnet	
stockbroker	broker	accepted	isco wikidata wordnet	
stockbroker	businessman	single	wikidata	
stockbroker	cameraman	single	isco	
stockbroker	detective	single	isco	
stockbroker	inquiry-agent	single	isco	
stockbroker	inspector	single	isco	
stockbroker	investment-banker	single	isco	
stockbroker	man	single	isco	
stockbroker	merchant	single	wikidata	
stockbroker	organism	single	wordnet	
stockbroker	paralegal	single	isco	
stockbroker	person	single	wordnet	
stockbroker	physical-object	single	wordnet	
stockbroker	promoter	single	isco	
stockbroker	supervisor	single	isco	
stockbroker	tax-assessor	single	isco	
stockbroker	technician	single	isco	
stockbroker	trader	accepted	isco wikidata	
stockbroker	woman	single	isco	
stockbroker	worker	accepted	isco wikidata	
stockman	agent	single	wordnet	
stockman	agriculturist	single	isco	
stockman	attribute	single	sumo	
stockman	breeder	disputed	isco	wordnet
stockman	cowboy	single	isco	
stockman	farmer	accepted	isco wikidata wordnet	
stockman	farmhand	single	isco	
stockman	fisherman	single	isco	
stockman	forester	single	isco	
stockman	gardener	single	isco	
stockman	goat-herder	single	isco	
stockman	hunter	single	isco	
stockman	organism	single	wordnet	
stockman	person	single	wordnet	
stockman	physical-object	single	wordnet	
stockman	plantation-owner	single	isco	
stockman	property	single	sumo	
stockman	raiser	single	isco	
stockman	shepherd	single	isco	
stockman	trapper	single	isco	
stockman	worker	single	isco	
stonecutter	agent	single	wordnet	
stonecutter	attribute	single	sumo	
stonecutter	organism	single	wordnet	
stonecutter	person	single	wordnet	
stonecutter	physical-object	single	wordnet	
stonecutter	property	single	sumo	
stonecutter	quarryman	single	wordnet	
stonecutter	worker	accepted	isco wordnet	
store-detective	agent	single	wordnet	
store-detective	attribute	single	sumo	
store-detective	cameraman	single	isco	
store-detective	detective	single	isco	
store-detective	expert	single	wordnet	
store-detective	inquiry-agent	single	isco	
store-detective	inspector	single	isco	
store-detective	investigator	single	wordnet	
store-detective	man	single	isco	
store-detective	organism	single	wordnet	
store-detective	paralegal	single	isco	
store-detective	person	single	wordnet	
store-detective	physical-object	single	wordnet	
store-detective	private-detective	single	wordnet	
store-detective	promoter	single	isco	
store-detective	property	single	sumo	
store-detective	supervisor	single	isco	
store-detective	technician	single	isco	
store-detective	woman	single	isco	
store-detective	worker	single	isco	
strategist	adviser	single	isco	
strategist	agent	accepted	sumo wordnet	
strategist	analyst.person	single	isco	
strategist	animal	single	sumo	
strategist	architect	single	isco	
strategist	artist	single	isco	
strategist	body	single	sumo	
strategist	copywriter	single	isco	
strategist	developer	single	isco	
strategist	educator	single	isco	
strategist	engineer	single	isco	
strategist	epidemiologist	single	isco	
strategist	expert	single	isco	
strategist	hearer	single	isco	
strategist	human	single	sumo	
strategist	immunologist	single	isco	
strategist	mammal	single	sumo	
strategist	organism	accepted	sumo wordnet	
strategist	person	accepted	sumo wordnet	
strategist	phenomenon	single	sumo	
strategist	physical-object	accepted	sumo wordnet	
strategist	populace	single	sumo	
strategist	practitioner	single	isco	
strategist	professional	single	isco	
strategist	research-worker	single	isco	
strategist	scientist	single	isco	
strategist	security-consultant	single	isco	
strategist	self	single	sumo	
strategist	specialist	single	isco	
strategist	species	single	sumo	
strategist	systems-analyst	single	isco	
strategist	universe	single	sumo	
strategist	vertebrate	single	sumo	
strategist	worker	single	isco	
strategist	writer	single	isco	
street-cleaner	agent	single	wordnet	
street-cleaner	animal-trainer	single	isco	
street-cleaner	attribute	single	sumo	
street-cleaner	bearer	single	isco	
street-cleaner	employee	single	wordnet	
street-cleaner	girl	single	isco	
street-cleaner	hired-hand	single	isco	
street-cleaner	laborer	accepted	isco wordnet	
street-cleaner	male-child	single	isco	
street-cleaner	messenger-boy	single	isco	
street-cleaner	organism	single	wordnet	
street-cleaner	person	single	wordnet	
street-cleaner	physical-object	single	wordnet	
street-cleaner	picker	single	isco	
street-cleaner	porter	single	isco	
street-cleaner	property	single	sumo	
street-cleaner	remover	single	isco	
street-cleaner	stacker	single	isco	
street-cleaner	stevedore	single	isco	
street-cleaner	sweeper	single	isco	
street-cleaner	washer.person	single	isco	
street-cleaner	window-washer	single	isco	
street-cleaner	worker	accepted	isco wordnet	
strength	companion	single	sumo	
striker	agent	single	wordnet	
striker	animal-trainer	single	isco	
striker	athlete	single	wordnet	
striker	attribute	single	sumo	
striker	bearer	single	isco	
striker	girl	single	isco	
striker	hired-hand	single	isco	
striker	laborer	single	isco	
striker	male-child	single	isco	
striker	messenger-boy	single	isco	
striker	organism	single	wordnet	
striker	packer	single	isco	
striker	person	single	wordnet	
striker	physical-object	single	wordnet	
striker	picker	single	isco	
striker	porter	single	isco	
striker	property	single	sumo	
striker	remover	single	isco	
striker	stacker	single	isco	
striker	stevedore	single	isco	
striker	sweeper	single	isco	
striker	washer.person	single	isco	
striker	window-washer	single	isco	
striker	worker	single	isco	
stringer	agent	single	wordnet	
stringer	attribute	single	sumo	
stringer	beater	single	isco	
stringer	blaster	single	isco	
stringer	bodybuilder	single	isco	
stringer	builder	single	isco	
stringer	cabinetmaker	single	isco	
stringer	caster.person	single	isco	
stringer	closer	single	isco	
stringer	compositor	single	isco	
stringer	craftsman	single	isco	
stringer	engraver	single	isco	
stringer	etcher	single	isco	
stringer	fitter	single	isco	
stringer	glassworker	single	isco	
stringer	grader	single	isco	
stringer	ironworker	single	isco	
stringer	machinist	single	isco	
stringer	maker	single	isco	
stringer	mender	single	isco	
stringer	mounter	single	isco	
stringer	organism	single	wordnet	
stringer	painter	single	isco	
stringer	patternmaker	single	isco	
stringer	person	single	wordnet	
stringer	physical-object	single	wordnet	
stringer	player	single	wordnet	
stringer	property	single	sumo	
stringer	refinisher	single	isco	
stringer	rigger	single	isco	
stringer	sewer	single	isco	
stringer	shipwright	single	isco	
stringer	smith	single	isco	
stringer	spinster	single	isco	
stringer	splitter	single	isco	
stringer	sprayer	single	isco	
stringer	stamper	single	isco	
stringer	stonecutter	single	isco	
stringer	transferer	single	isco	
stringer	tuner	single	isco	
stringer	turner	single	isco	
stringer	varnisher	single	isco	
stringer	weaver	single	isco	
stringer	welder	single	isco	
stringer	woodcarver	single	isco	
stringer	worker	single	isco	
stunt-man	cameraman	single	isco	
stunt-man	inquiry-agent	single	isco	
stunt-man	inspector	single	isco	
stunt-man	paralegal	single	isco	
stunt-man	promoter	single	isco	
stunt-man	technician	single	isco	
stylist	adjutant	single	isco	
stylist	agent	single	wordnet	
stylist	artist	single	wordnet	
stylist	bodyguard	single	isco	
stylist	companion	single	isco	
stylist	concierge	single	isco	
stylist	gamekeeper	single	isco	
stylist	guard	single	isco	
stylist	host	single	isco	
stylist	hostess	single	isco	
stylist	keeper	single	isco	
stylist	organism	single	wordnet	
stylist	person	single	wordnet	
stylist	physical-object	single	wordnet	
stylist	steward.person	single	isco	
stylist	stewardess	single	isco	
stylist	worker	single	isco	
subeditor	adviser	single	isco	
subeditor	agent	single	wordnet	
subeditor	analyst.person	single	isco	
subeditor	architect	single	isco	
subeditor	artist	single	isco	
subeditor	attribute	single	sumo	
subeditor	copywriter	single	isco	
subeditor	developer	single	isco	
subeditor	editor	accepted	isco wordnet	
subeditor	educator	single	isco	
subeditor	engineer	single	isco	
subeditor	epidemiologist	single	isco	
subeditor	expert	single	isco	
subeditor	hearer	single	isco	
subeditor	immunologist	single	isco	
subeditor	organism	single	wordnet	
subeditor	person	single	wordnet	
subeditor	physical-object	single	wordnet	
subeditor	practitioner	single	isco	
subeditor	professional	single	isco	
subeditor	property	single	sumo	
subeditor	reporter	single	isco	
subeditor	research-worker	single	isco	
subeditor	scientist	single	isco	
subeditor	security-consultant	single	isco	
subeditor	skilled-worker	single	wordnet	
subeditor	specialist	single	isco	
subeditor	sports-announcer	single	isco	
subeditor	systems-analyst	single	isco	
subeditor	translator	single	isco	
subeditor	worker	accepted	isco wordnet	
subeditor	writer	single	isco	
superintendent	caretaker	single	wordnet	
superior	adviser	single	isco	
superior	agent	single	wordnet	
superior	analyst.person	single	isco	
superior	architect	single	isco	
superior	artist	single	isco	
superior	attribute	single	sumo	
superior	copywriter	single	isco	
superior	developer	single	isco	
superior	editor	single	isco	
superior	educator	single	isco	
superior	engineer	single	isco	
superior	epidemiologist	single	isco	
superior	expert	single	isco	
superior	hearer	single	isco	
superior	immunologist	single	isco	
superior	leader	single	wordnet	
superior	organism	single	wordnet	
superior	person	single	wordnet	
superior	physical-object	single	wordnet	
superior	practitioner	single	isco	
superior	professional	single	isco	
superior	property	single	sumo	
superior	reporter	single	isco	
superior	research-worker	single	isco	
superior	scientist	single	isco	
superior	security-consultant	single	isco	
superior	specialist	single	isco	
superior	sports-announcer	single	isco	
superior	systems-analyst	single	isco	
superior	translator	single	isco	
superior	worker	single	isco	
superior	writer	single	isco	
supervisor	skilled-worker	single	opencyc	
supervisor	superior	single	wordnet	
supply-officer	agent	single	wordnet	
supply-officer	attribute	single	sumo	
supply-officer	broker	single	isco	
supply-officer	cameraman	single	isco	
supply-officer	detective	single	isco	
supply-officer	inquiry-agent	single	isco	
supply-officer	inspector	single	isco	
supply-officer	investment-banker	single	isco	
supply-officer	man	single	isco	
supply-officer	organism	single	wordnet	
supply-officer	paralegal	single	isco	
supply-officer	person	single	wordnet	
supply-officer	physical-object	single	wordnet	
supply-officer	promoter	single	isco	
supply-officer	property	single	sumo	
supply-officer	skilled-worker	single	wordnet	
supply-officer	supervisor	single	isco	
supply-officer	technician	single	isco	
supply-officer	trader	single	isco	
supply-officer	woman	single	isco	
supply-officer	worker	accepted	isco wordnet	
surgeon	analyst.person	single	isco	
surgeon	copywriter	single	isco	
surgeon	developer	single	isco	
surgeon	educator	single	isco	
surgeon	epidemiologist	single	isco	
surgeon	hearer	single	isco	
surgeon	immunologist	single	isco	
surgeon	practitioner	single	isco	
surgeon	security-consultant	single	isco	
surgeon	skilled-worker	single	opencyc	
surgeon	systems-analyst	single	isco	
surprise	companion	single	sumo	
surveyor	adviser	single	isco	
surveyor	agent	single	wordnet	
surveyor	analyst.person	single	isco	
surveyor	architect	single	isco	
surveyor	artist	single	isco	
surveyor	copywriter	single	isco	
surveyor	developer	single	isco	
surveyor	educator	single	isco	
surveyor	engineer	accepted	isco wordnet	
surveyor	epidemiologist	single	isco	
surveyor	expert	single	isco	
surveyor	hearer	single	isco	
surveyor	immunologist	single	isco	
surveyor	organism	single	wordnet	
surveyor	person	single	wordnet	
surveyor	physical-object	single	wordnet	
surveyor	practitioner	single	isco	
surveyor	professional	single	isco	
surveyor	research-worker	single	isco	
surveyor	scientist	single	isco	
surveyor	security-consultant	single	isco	
surveyor	specialist	single	isco	
surveyor	systems-analyst	single	isco	
surveyor	worker	single	isco	
surveyor	writer	single	isco	
sweeper	agent	single	wordnet	
sweeper	employee	single	wordnet	
sweeper	organism	single	wordnet	
sweeper	person	single	wordnet	
sweeper	physical-object	single	wordnet	
sweeper	worker	accepted	isco wordnet	
systems-analyst	adult	single	opencyc	
systems-analyst	agent	single	wordnet	
systems-analyst	analyst	disputed	opencyc	isco
systems-analyst	analyst.person	single	wordnet	
systems-analyst	attribute	single	sumo	
systems-analyst	developer	single	opencyc	
systems-analyst	expert	single	wordnet	
systems-analyst	human	single	opencyc	
systems-analyst	mammal	single	opencyc	
systems-analyst	organism	single	wordnet	
systems-analyst	person	single	wordnet	
systems-analyst	physical-object	single	wordnet	
systems-analyst	professional	single	opencyc	
systems-analyst	property	single	sumo	
systems-analyst	skilled-worker	single	opencyc	
systems-analyst	structure	single	opencyc	
systems-analyst	system	single	opencyc	
systems-analyst	vertebrate	single	opencyc	
systems-analyst	worker	accepted	isco opencyc	
tailor	agent	single	wordnet	
tailor	beater	single	isco	
tailor	blaster	single	isco	
tailor	bodybuilder	single	isco	
tailor	builder	single	isco	
tailor	cabinetmaker	single	isco	
tailor	caster.person	single	isco	
tailor	closer	single	isco	
tailor	compositor	single	isco	
tailor	craftsman	accepted	isco wikidata	
tailor	dressmaker	single	isco	
tailor	engraver	single	isco	
tailor	fitter	disputed	isco	wordnet
tailor	glassworker	single	isco	
tailor	grader	single	isco	
tailor	human	single	opencyc	
tailor	ironworker	single	isco	
tailor	machinist	single	isco	
tailor	maker	accepted	isco wordnet	
tailor	mammal	single	opencyc	
tailor	mender	single	isco	
tailor	organism	single	wordnet	
tailor	painter	single	isco	
tailor	patternmaker	single	isco	
tailor	person	accepted	wikidata wordnet	
tailor	physical-object	single	wordnet	
tailor	refinisher	single	isco	
tailor	rigger	single	isco	
tailor	sewer	single	isco	
tailor	shipwright	single	isco	
tailor	skilled-worker	single	opencyc	
tailor	smith	single	isco	
tailor	spinster	single	isco	
tailor	splitter	single	isco	
tailor	sprayer	single	isco	
tailor	stainer	single	isco	
tailor	stonecutter	single	isco	
tailor	structure	single	opencyc	
tailor	system	single	opencyc	
tailor	tuner	single	isco	
tailor	turner	single	isco	
tailor	varnisher	single	isco	
tailor	vertebrate	single	opencyc	
tailor	welder	single	isco	
tailor	woodcarver	single	isco	
tailor	worker	accepted	isco opencyc	
tallyman	agent	single	wordnet	
tallyman	attribute	single	sumo	
tallyman	clerk	accepted	isco wordnet	
tallyman	employee	single	wordnet	
tallyman	organism	single	wordnet	
tallyman	person	single	wordnet	
tallyman	physical-object	single	wordnet	
tallyman	property	single	sumo	
tallyman	worker	accepted	isco wordnet	
tanner	agent	single	wordnet	
tanner	attribute	single	sumo	
tanner	beater	single	isco	
tanner	blaster	single	isco	
tanner	bodybuilder	single	isco	
tanner	builder	single	isco	
tanner	cabinetmaker	single	isco	
tanner	caster.person	single	isco	
tanner	closer	single	isco	
tanner	compositor	single	isco	
tanner	craftsman	accepted	isco wordnet	
tanner	dressmaker	single	isco	
tanner	engraver	single	isco	
tanner	fitter	single	isco	
tanner	glassworker	single	isco	
tanner	grader	single	isco	
tanner	ironworker	single	isco	
tanner	machinist	single	isco	
tanner	maker	single	isco	
tanner	mender	single	isco	
tanner	organism	single	wordnet	
tanner	painter	single	isco	
tanner	patternmaker	single	isco	
tanner	person	single	wordnet	
tanner	physical-object	single	wordnet	
tanner	property	single	sumo	
tanner	refinisher	single	isco	
tanner	rigger	single	isco	
tanner	sewer	single	isco	
tanner	shipwright	single	isco	
tanner	skilled-worker	single	wordnet	
tanner	smith	single	isco	
tanner	spinster	single	isco	
tanner	splitter	single	isco	
tanner	sprayer	single	isco	
tanner	stainer	single	isco	
tanner	stonecutter	single	isco	
tanner	tuner	single	isco	
tanner	turner	single	isco	
tanner	varnisher	single	isco	
tanner	welder	single	isco	
tanner	woodcarver	single	isco	
tanner	worker	accepted	isco wordnet	
tap-dancer	adviser	single	isco	
tap-dancer	agent	single	wordnet	
tap-dancer	analyst.person	single	isco	
tap-dancer	architect	single	isco	
tap-dancer	artist	single	isco	
tap-dancer	copywriter	single	isco	
tap-dancer	dancer	accepted	wikidata wordnet	
tap-dancer	developer	single	isco	
tap-dancer	editor	single	isco	
tap-dancer	educator	single	isco	
tap-dancer	engineer	single	isco	
tap-dancer	epidemiologist	single	isco	
tap-dancer	expert	single	isco	
tap-dancer	hearer	single	isco	
tap-dancer	immunologist	single	isco	
tap-dancer	organism	single	wordnet	
tap-dancer	performer	single	wordnet	
tap-dancer	person	single	wordnet	
tap-dancer	physical-object	single	wordnet	
tap-dancer	practitioner	single	isco	
tap-dancer	professional	single	isco	
tap-dancer	reporter	single	isco	
tap-dancer	research-worker	single	isco	
tap-dancer	scientist	single	isco	
tap-dancer	security-consultant	single	isco	
tap-dancer	specialist	single	isco	
tap-dancer	sports-announcer	single	isco	
tap-dancer	systems-analyst	single	isco	
tap-dancer	translator	single	isco	
tap-dancer	worker	single	isco	
tap-dancer	writer	single	isco	
tapster	agent	single	wordnet	
tapster	agriculturist	single	isco	
tapster	attribute	single	sumo	
tapster	bartender	accepted	wikidata wordnet	
tapster	cowboy	single	isco	
tapster	employee	single	wordnet	
tapster	farmer	single	isco	
tapster	farmhand	single	isco	
tapster	fisherman	single	isco	
tapster	forester	single	isco	
tapster	gardener	single	isco	
tapster	goat-herder	single	isco	
tapster	hunter	single	isco	
tapster	organism	single	wordnet	
tapster	person	single	wordnet	
tapster	physical-object	single	wordnet	
tapster	plantation-owner	single	isco	
tapster	property	single	sumo	
tapster	shepherd	single	isco	
tapster	trapper	single	isco	
tapster	waiter	single	wikidata	
tapster	waitress	single	wikidata	
tapster	worker	accepted	isco wordnet	
tax-assessor	agent	single	wordnet	
tax-assessor	attribute	single	sumo	
tax-assessor	broker	single	isco	
tax-assessor	cameraman	single	isco	
tax-assessor	detective	single	isco	
tax-assessor	inquiry-agent	single	isco	
tax-assessor	inspector	single	isco	
tax-assessor	investment-banker	single	isco	
tax-assessor	jurist	single	wikidata	
tax-assessor	magistrate	single	wikidata	
tax-assessor	man	single	isco	
tax-assessor	official	single	wordnet	
tax-assessor	organism	single	wordnet	
tax-assessor	paralegal	single	isco	
tax-assessor	person	single	wordnet	
tax-assessor	physical-object	single	wordnet	
tax-assessor	professional	single	wikidata	
tax-assessor	promoter	single	isco	
tax-assessor	property	single	sumo	
tax-assessor	skilled-worker	single	wordnet	
tax-assessor	specialist	single	wikidata	
tax-assessor	supervisor	single	isco	
tax-assessor	technician	single	isco	
tax-assessor	trader	single	isco	
tax-assessor	woman	single	isco	
tax-assessor	worker	accepted	isco wikidata wordnet	
tax-collector	agent	single	wordnet	
tax-collector	attribute	single	sumo	
tax-collector	broker	single	isco	
tax-collector	cameraman	single	isco	
tax-collector	detective	single	isco	
tax-collector	inquiry-agent	single	isco	
tax-collector	inspector	single	isco	
tax-collector	investment-banker	single	isco	
tax-collector	man	single	isco	
tax-collector	official	single	wordnet	
tax-collector	organism	single	wordnet	
tax-collector	paralegal	single	isco	
tax-collector	person	single	wordnet	
tax-collector	physical-object	single	wordnet	
tax-collector	promoter	single	isco	
tax-collector	property	single	sumo	
tax-collector	skilled-worker	single	wordnet	
tax-collector	supervisor	single	isco	
tax-collector	technician	single	isco	
tax-collector	trader	single	isco	
tax-collector	woman	single	isco	
tax-collector	worker	accepted	isco wordnet	
taxidermist	agent	single	wordnet	
taxidermist	artist	single	wikidata	
taxidermist	attribute	single	sumo	
taxidermist	cameraman	single	isco	
taxidermist	craftsman	single	wordnet	
taxidermist	detective	single	isco	
taxidermist	inquiry-agent	single	isco	
taxidermist	inspector	single	isco	
taxidermist	man	single	isco	
taxidermist	organism	single	wordnet	
taxidermist	paralegal	single	isco	
taxidermist	person	accepted	wikidata wordnet	
taxidermist	physical-object	single	wordnet	
taxidermist	promoter	single	isco	
taxidermist	property	single	sumo	
taxidermist	research-worker	single	wikidata	
taxidermist	scientist	single	wikidata	
taxidermist	skilled-worker	single	wordnet	
taxidermist	supervisor	single	isco	
taxidermist	technician	single	isco	
taxidermist	woman	single	isco	
taxidermist	worker	accepted	isco wordnet	
taxidermist	zoologist	single	wikidata	
taxidriver	agent	single	wordnet	
taxidriver	attribute	single	sumo	
taxidriver	digger	single	isco	
taxidriver	driver	accepted	isco wordnet	
taxidriver	operator	accepted	isco wordnet	
taxidriver	property	single	sumo	
taxidriver	teamster	single	isco	
taxidriver	worker	single	isco	
taxonomist	adviser	single	isco	
taxonomist	agent	single	wordnet	
taxonomist	analyst.person	single	isco	
taxonomist	architect	single	isco	
taxonomist	artist	single	isco	
taxonomist	copywriter	single	isco	
taxonomist	developer	single	isco	
taxonomist	educator	single	isco	
taxonomist	engineer	single	isco	
taxonomist	epidemiologist	single	isco	
taxonomist	expert	single	isco	
taxonomist	hearer	single	isco	
taxonomist	immunologist	single	isco	
taxonomist	organism	single	wordnet	
taxonomist	person	single	wordnet	
taxonomist	physical-object	single	wordnet	
taxonomist	practitioner	single	isco	
taxonomist	professional	single	isco	
taxonomist	research-worker	accepted	isco wikidata	
taxonomist	scientist	accepted	isco wikidata wordnet	
taxonomist	security-consultant	single	isco	
taxonomist	specialist	single	isco	
taxonomist	surveyor	single	isco	
taxonomist	systems-analyst	single	isco	
taxonomist	toxicologist	single	isco	
taxonomist	worker	single	isco	
taxonomist	writer	single	isco	
teacher	analyst.person	single	isco	
teacher	copywriter	single	isco	
teacher	developer	single	isco	
teacher	educator	accepted	isco wordnet	
teacher	epidemiologist	single	isco	
teacher	hearer	single	isco	
teacher	immunologist	single	isco	
teacher	practitioner	single	isco	
teacher	security-consultant	single	isco	
teacher	systems-analyst	single	isco	
teamster	agent	single	wordnet	
teamster	attribute	single	sumo	
teamster	digger	single	isco	
teamster	driver	single	wordnet	
teamster	operator	accepted	isco wordnet	
teamster	property	single	sumo	
teamster	worker	single	isco	
teaser	agent	accepted	sumo wordnet	
teaser	animal	single	sumo	
teaser	beater	single	isco	
teaser	blaster	single	isco	
teaser	body	single	sumo	
teaser	bodybuilder	single	isco	
teaser	builder	single	isco	
teaser	cabinetmaker	single	isco	
teaser	caster.person	single	isco	
teaser	closer	single	isco	
teaser	compositor	single	isco	
teaser	craftsman	single	isco	
teaser	engraver	single	isco	
teaser	etcher	single	isco	
teaser	fitter	single	isco	
teaser	glassworker	single	isco	
teaser	grader	single	isco	
teaser	human	single	sumo	
teaser	ironworker	single	isco	
teaser	machinist	single	isco	
teaser	maker	single	isco	
teaser	mammal	single	sumo	
teaser	mender	single	isco	
teaser	mounter	single	isco	
teaser	organism	accepted	sumo wordnet	
teaser	painter	single	isco	
teaser	patternmaker	single	isco	
teaser	person	accepted	sumo wordnet	
teaser	phenomenon	single	sumo	
teaser	physical-object	accepted	sumo wordnet	
teaser	populace	single	sumo	
teaser	refinisher	single	isco	
teaser	rigger	single	isco	
teaser	self	single	sumo	
teaser	sewer	single	isco	
teaser	shipwright	single	isco	
teaser	smith	single	isco	
teaser	species	single	sumo	
teaser	spinster	single	isco	
teaser	splitter	single	isco	
teaser	sprayer	single	isco	
teaser	stamper	single	isco	
teaser	stonecutter	single	isco	
teaser	transferer	single	isco	
teaser	tuner	single	isco	
teaser	turner	single	isco	
teaser	universe	single	sumo	
teaser	varnisher	single	isco	
teaser	vertebrate	single	sumo	
teaser	weaver	single	isco	
teaser	welder	single	isco	
teaser	woodcarver	single	isco	
teaser	worker	accepted	isco wordnet	
technician	adult	single	opencyc	
technician	agent	single	wordnet	
technician	attribute	single	sumo	
technician	human	single	opencyc	
technician	mammal	single	opencyc	
technician	organism	single	wordnet	
technician	person	single	wordnet	
technician	physical-object	single	wordnet	
technician	professional	accepted	opencyc wikidata	
technician	property	single	sumo	
technician	skilled-worker	accepted	opencyc wordnet	
technician	specialist	single	wikidata	
technician	structure	single	opencyc	
technician	system	single	opencyc	
technician	vertebrate	single	opencyc	
technician	worker	accepted	isco opencyc wikidata wordnet	
telegrapher	accomplishment	single	sumo	
telegrapher	act	single	sumo	
telegrapher	activity	single	sumo	
telegrapher	agent	single	wordnet	
telegrapher	cameraman	single	isco	
telegrapher	communication	single	sumo	
telegrapher	detective	single	isco	
telegrapher	event	single	sumo	
telegrapher	information	single	sumo	
telegrapher	inquiry-agent	single	isco	
telegrapher	inspector	single	isco	
telegrapher	man	single	isco	
telegrapher	operator	single	wordnet	
telegrapher	paralegal	single	isco	
telegrapher	phenomenon	single	sumo	
telegrapher	procedure	single	sumo	
telegrapher	promoter	single	isco	
telegrapher	supervisor	single	isco	
telegrapher	technician	single	isco	
telegrapher	universe	single	sumo	
telegrapher	volition	single	sumo	
telegrapher	woman	single	isco	
telegrapher	worker	single	isco	
teller	adjutant	single	isco	
teller	agent	single	wordnet	
teller	attribute	single	sumo	
teller	banker	single	wordnet	
teller	bodyguard	single	isco	
teller	businessman	single	wikidata	
teller	companion	single	isco	
teller	concierge	single	isco	
teller	gamekeeper	single	isco	
teller	guard	single	isco	
teller	host	single	isco	
teller	hostess	single	isco	
teller	keeper	single	isco	
teller	merchant	single	wikidata	
teller	organism	single	wordnet	
teller	person	single	wordnet	
teller	physical-object	single	wordnet	
teller	property	single	sumo	
teller	salesclerk	single	isco	
teller	seller	single	isco	
teller	worker	accepted	isco wikidata	
tennis-player	agent	single	wordnet	
tennis-player	athlete	accepted	opencyc wikidata wordnet	
tennis-player	attribute	single	sumo	
tennis-player	cameraman	single	isco	
tennis-player	detective	single	isco	
tennis-player	human	single	opencyc	
tennis-player	inquiry-agent	single	isco	
tennis-player	inspector	single	isco	
tennis-player	mammal	single	opencyc	
tennis-player	man	single	isco	
tennis-player	organism	single	wordnet	
tennis-player	paralegal	single	isco	
tennis-player	person	single	wordnet	
tennis-player	physical-object	single	wordnet	
tennis-player	player	single	wordnet	
tennis-player	promoter	single	isco	
tennis-player	property	single	sumo	
tennis-player	sportsman	single	wikidata	
tennis-player	structure	single	opencyc	
tennis-player	supervisor	single	isco	
tennis-player	system	single	opencyc	
tennis-player	technician	single	isco	
tennis-player	vertebrate	single	opencyc	
tennis-player	woman	single	isco	
tennis-player	worker	accepted	isco opencyc	
tenor	adviser	single	isco	
tenor	agent	accepted	sumo wordnet	
tenor	analyst.person	single	isco	
tenor	animal	single	sumo	
tenor	architect	single	isco	
tenor	artist	accepted	isco opencyc wikidata	
tenor	body	single	sumo	
tenor	copywriter	single	isco	
tenor	developer	single	isco	
tenor	editor	single	isco	
tenor	educator	single	isco	
tenor	engineer	single	isco	
tenor	epidemiologist	single	isco	
tenor	expert	single	isco	
tenor	hearer	single	isco	
tenor	human	accepted	opencyc sumo	
tenor	immunologist	single	isco	
tenor	instrumentalist	accepted	wikidata wordnet	
tenor	mammal	accepted	opencyc sumo	
tenor	man	single	sumo	
tenor	musician	accepted	opencyc wikidata	
tenor	organism	accepted	sumo wordnet	
tenor	performer	single	wordnet	
tenor	person	accepted	sumo wikidata wordnet	
tenor	phenomenon	single	sumo	
tenor	physical-object	accepted	sumo wordnet	
tenor	populace	single	sumo	
tenor	practitioner	single	isco	
tenor	professional	accepted	isco opencyc	
tenor	reporter	single	isco	
tenor	research-worker	single	isco	
tenor	scientist	single	isco	
tenor	security-consultant	single	isco	
tenor	self	single	sumo	
tenor	singer	accepted	opencyc wikidata wordnet	
tenor	skilled-worker	single	opencyc	
tenor	specialist	single	isco	
tenor	species	single	sumo	
tenor	sports-announcer	single	isco	
tenor	structure	single	opencyc	
tenor	system	single	opencyc	
tenor	systems-analyst	single	isco	
tenor	translator	single	isco	
tenor	universe	single	sumo	
tenor	vertebrate	accepted	opencyc sumo	
tenor	worker	accepted	isco opencyc	
tenor	writer	single	isco	
tentmaker	agent	single	wordnet	
tentmaker	attribute	single	sumo	
tentmaker	beater	single	isco	
tentmaker	blaster	single	isco	
tentmaker	bodybuilder	single	isco	
tentmaker	builder	single	isco	
tentmaker	cabinetmaker	single	isco	
tentmaker	caster.person	single	isco	
tentmaker	closer	single	isco	
tentmaker	compositor	single	isco	
tentmaker	craftsman	single	isco	
tentmaker	dressmaker	single	isco	
tentmaker	engraver	single	isco	
tentmaker	fitter	single	isco	
tentmaker	glassworker	single	isco	
tentmaker	grader	single	isco	
tentmaker	ironworker	single	isco	
tentmaker	machinist	single	isco	
tentmaker	maker	accepted	isco wordnet	
tentmaker	mender	single	isco	
tentmaker	organism	single	wordnet	
tentmaker	painter	single	isco	
tentmaker	patternmaker	single	isco	
tentmaker	person	single	wordnet	
tentmaker	physical-object	single	wordnet	
tentmaker	property	single	sumo	
tentmaker	refinisher	single	isco	
tentmaker	rigger	single	isco	
tentmaker	sewer	single	isco	
tentmaker	shipwright	single	isco	
tentmaker	smith	single	isco	
tentmaker	spinster	single	isco	
tentmaker	splitter	single	isco	
tentmaker	sprayer	single	isco	
tentmaker	stainer	single	isco	
tentmaker	stonecutter	single	isco	
tentmaker	tuner	single	isco	
tentmaker	turner	single	isco	
tentmaker	varnisher	single	isco	
tentmaker	welder	single	isco	
tentmaker	woodcarver	single	isco	
tentmaker	worker	single	isco	
test-pilot	adult	single	opencyc	
test-pilot	agent	single	wordnet	
test-pilot	cameraman	single	isco	
test-pilot	detective	single	isco	
test-pilot	human	single	opencyc	
test-pilot	inquiry-agent	single	isco	
test-pilot	inspector	single	isco	
test-pilot	mammal	single	opencyc	
test-pilot	man	single	isco	
test-pilot	organism	single	wordnet	
test-pilot	paralegal	single	isco	
test-pilot	person	single	wordnet	
test-pilot	physical-object	single	wordnet	
test-pilot	pilot	accepted	isco wikidata wordnet	
test-pilot	professional	single	opencyc	
test-pilot	promoter	single	isco	
test-pilot	sailing-master	single	isco	
test-pilot	skilled-worker	accepted	opencyc wordnet	
test-pilot	structure	single	opencyc	
test-pilot	supervisor	single	isco	
test-pilot	system	single	opencyc	
test-pilot	technician	single	isco	
test-pilot	vertebrate	single	opencyc	
test-pilot	woman	single	isco	
test-pilot	worker	accepted	isco opencyc wordnet	
thatcher	agent	single	wordnet	
thatcher	attribute	single	sumo	
thatcher	beater	single	isco	
thatcher	blaster	single	isco	
thatcher	bodybuilder	single	isco	
thatcher	builder	single	isco	
thatcher	cabinetmaker	single	isco	
thatcher	caster.person	single	isco	
thatcher	closer	single	isco	
thatcher	compositor	single	isco	
thatcher	craftsman	accepted	isco wordnet	
thatcher	engraver	single	isco	
thatcher	fitter	single	isco	
thatcher	fixer	single	isco	
thatcher	glassworker	single	isco	
thatcher	grader	single	isco	
thatcher	ironworker	single	isco	
thatcher	machinist	single	isco	
thatcher	maker	single	isco	
thatcher	mason	single	isco	
thatcher	mender	single	isco	
thatcher	organism	single	wordnet	
thatcher	painter	single	isco	
thatcher	patternmaker	single	isco	
thatcher	person	single	wordnet	
thatcher	physical-object	single	wordnet	
thatcher	property	single	sumo	
thatcher	refinisher	single	isco	
thatcher	rigger	single	isco	
thatcher	roofer	single	wordnet	
thatcher	sewer	single	isco	
thatcher	shipwright	single	isco	
thatcher	skilled-worker	single	wordnet	
thatcher	smith	single	isco	
thatcher	spinster	single	isco	
thatcher	splitter	single	isco	
thatcher	sprayer	single	isco	
thatcher	stonecutter	single	isco	
thatcher	tiler	single	isco	
thatcher	tuner	single	isco	
thatcher	turner	single	isco	
thatcher	varnisher	single	isco	
thatcher	welder	single	isco	
thatcher	woodcarver	single	isco	
thatcher	worker	accepted	isco wordnet	
theologian	adult	single	opencyc	
theologian	adviser	single	isco	
theologian	agent	single	wordnet	
theologian	analyst.person	single	isco	
theologian	architect	single	isco	
theologian	artist	single	isco	
theologian	copywriter	single	isco	
theologian	developer	single	isco	
theologian	editor	single	isco	
theologian	educator	single	isco	
theologian	engineer	single	isco	
theologian	epidemiologist	single	isco	
theologian	expert	single	isco	
theologian	hearer	single	isco	
theologian	human	single	opencyc	
theologian	immunologist	single	isco	
theologian	intellect	single	opencyc	
theologian	mammal	single	opencyc	
theologian	organism	single	wordnet	
theologian	person	single	wordnet	
theologian	philosopher	single	opencyc	
theologian	physical-object	single	wordnet	
theologian	practitioner	single	isco	
theologian	professional	accepted	isco opencyc	
theologian	reporter	single	isco	
theologian	research-worker	single	isco	
theologian	scholar	single	wordnet	
theologian	scientist	single	isco	
theologian	security-consultant	single	isco	
theologian	skilled-worker	single	opencyc	
theologian	specialist	single	isco	
theologian	sports-announcer	single	isco	
theologian	structure	single	opencyc	
theologian	system	single	opencyc	
theologian	systems-analyst	single	isco	
theologian	translator	single	isco	
theologian	vertebrate	single	opencyc	
theologian	worker	accepted	isco opencyc	
theologian	writer	single	isco	
throwster	agent	single	wordnet	
throwster	attribute	single	sumo	
throwster	beater	single	isco	
throwster	blaster	single	isco	
throwster	bodybuilder	single	isco	
throwster	builder	single	isco	
throwster	cabinetmaker	single	isco	
throwster	caster.person	single	isco	
throwster	closer	single	isco	
throwster	compositor	single	isco	
throwster	craftsman	single	isco	
throwster	engraver	single	isco	
throwster	etcher	single	isco	
throwster	fitter	single	isco	
throwster	glassworker	single	isco	
throwster	grader	single	isco	
throwster	ironworker	single	isco	
throwster	machinist	single	isco	
throwster	maker	single	isco	
throwster	mender	single	isco	
throwster	mounter	single	isco	
throwster	organism	single	wordnet	
throwster	painter	single	isco	
throwster	patternmaker	single	isco	
throwster	person	single	wordnet	
throwster	physical-object	single	wordnet	
throwster	property	single	sumo	
throwster	refinisher	single	isco	
throwster	rigger	single	isco	
throwster	sewer	single	isco	
throwster	shipwright	single	isco	
throwster	smith	single	isco	
throwster	spinster	single	isco	
throwster	splitter	single	isco	
throwster	sprayer	single	isco	
throwster	stamper	single	isco	
throwster	stonecutter	single	isco	
throwster	transferer	single	isco	
throwster	tuner	single	isco	
throwster	turner	single	isco	
throwster	varnisher	single	isco	
throwster	weaver	single	isco	
throwster	welder	single	isco	
throwster	woodcarver	single	isco	
throwster	worker	accepted	isco wordnet	
ticket-collector	agent	single	wordnet	
ticket-collector	animal-trainer	single	isco	
ticket-collector	attribute	single	sumo	
ticket-collector	bearer	single	isco	
ticket-collector	doorkeeper	single	wordnet	
ticket-collector	girl	single	isco	
ticket-collector	guard	single	wordnet	
ticket-collector	hired-hand	single	isco	
ticket-collector	laborer	single	isco	
ticket-collector	male-child	single	isco	
ticket-collector	messenger-boy	single	isco	
ticket-collector	organism	single	wordnet	
ticket-collector	person	single	wordnet	
ticket-collector	physical-object	single	wordnet	
ticket-collector	picker	single	isco	
ticket-collector	porter	single	isco	
ticket-collector	property	single	sumo	
ticket-collector	remover	single	isco	
ticket-collector	stacker	single	isco	
ticket-collector	stevedore	single	isco	
ticket-collector	sweeper	single	isco	
ticket-collector	washer.person	single	isco	
ticket-collector	window-washer	single	isco	
ticket-collector	worker	single	isco	
tiler	agent	accepted	sumo wordnet	
tiler	animal	single	sumo	
tiler	beater	single	isco	
tiler	blaster	single	isco	
tiler	body	single	sumo	
tiler	bodybuilder	single	isco	
tiler	builder	single	isco	
tiler	cabinetmaker	single	isco	
tiler	caster.person	single	isco	
tiler	closer	single	isco	
tiler	compositor	single	isco	
tiler	craftsman	accepted	isco wikidata	
tiler	engraver	single	isco	
tiler	fitter	single	isco	
tiler	fixer	single	isco	
tiler	glassworker	single	isco	
tiler	grader	single	isco	
tiler	human	single	sumo	
tiler	ironworker	single	isco	
tiler	machinist	single	isco	
tiler	maker	single	isco	
tiler	mammal	single	sumo	
tiler	mason	single	isco	
tiler	mender	single	isco	
tiler	organism	accepted	sumo wordnet	
tiler	painter	single	isco	
tiler	patternmaker	single	isco	
tiler	person	accepted	sumo wikidata wordnet	
tiler	phenomenon	single	sumo	
tiler	physical-object	accepted	sumo wordnet	
tiler	populace	single	sumo	
tiler	refinisher	single	isco	
tiler	rigger	single	isco	
tiler	self	single	sumo	
tiler	sewer	single	isco	
tiler	shipwright	single	isco	
tiler	smith	single	isco	
tiler	species	single	sumo	
tiler	spinster	single	isco	
tiler	splitter	single	isco	
tiler	sprayer	single	isco	
tiler	stonecutter	single	isco	
tiler	tuner	single	isco	
tiler	turner	single	isco	
tiler	universe	single	sumo	
tiler	varnisher	single	isco	
tiler	vertebrate	single	sumo	
tiler	welder	single	isco	
tiler	woodcarver	single	isco	
tiler	worker	accepted	isco wikidata wordnet	
tinker	agent	single	wordnet	
tinker	animal-trainer	single	isco	
tinker	attribute	single	sumo	
tinker	bearer	single	isco	
tinker	coppersmith	single	wikidata	
tinker	craftsman	single	wikidata	
tinker	girl	single	isco	
tinker	hired-hand	single	isco	
tinker	laborer	single	isco	
tinker	male-child	single	isco	
tinker	messenger-boy	single	isco	
tinker	organism	single	wordnet	
tinker	person	accepted	wikidata wordnet	
tinker	physical-object	single	wordnet	
tinker	picker	single	isco	
tinker	porter	single	isco	
tinker	property	single	sumo	
tinker	remover	single	isco	
tinker	stacker	single	isco	
tinker	stevedore	single	isco	
tinker	sweeper	single	isco	
tinker	washer.person	single	isco	
tinker	window-washer	single	isco	
tinker	worker	accepted	isco wikidata	
tinsmith	agent	single	wordnet	
tinsmith	attribute	single	sumo	
tinsmith	beater	single	isco	
tinsmith	blaster	single	isco	
tinsmith	bodybuilder	single	isco	
tinsmith	builder	single	isco	
tinsmith	cabinetmaker	single	isco	
tinsmith	caster.person	single	isco	
tinsmith	closer	single	isco	
tinsmith	compositor	single	isco	
tinsmith	craftsman	accepted	isco wikidata	
tinsmith	engraver	single	isco	
tinsmith	fitter	single	isco	
tinsmith	glassworker	single	isco	
tinsmith	grader	single	isco	
tinsmith	ironworker	single	isco	
tinsmith	machinist	single	isco	
tinsmith	maker	single	isco	
tinsmith	mender	single	isco	
tinsmith	organism	single	wordnet	
tinsmith	painter	single	isco	
tinsmith	patternmaker	single	isco	
tinsmith	person	accepted	wikidata wordnet	
tinsmith	physical-object	single	wordnet	
tinsmith	property	single	sumo	
tinsmith	refinisher	single	isco	
tinsmith	rigger	single	isco	
tinsmith	sewer	single	isco	
tinsmith	shipwright	single	isco	
tinsmith	skilled-worker	single	wordnet	
tinsmith	smith	accepted	isco wordnet	
tinsmith	spinster	single	isco	
tinsmith	splitter	single	isco	
tinsmith	sprayer	single	isco	
tinsmith	stonecutter	single	isco	
tinsmith	tuner	single	isco	
tinsmith	turner	single	isco	
tinsmith	varnisher	single	isco	
tinsmith	welder	single	isco	
tinsmith	woodcarver	single	isco	
tinsmith	worker	accepted	isco wikidata wordnet	
toller	adviser	single	isco	
toller	agent	single	wordnet	
toller	analyst.person	single	isco	
toller	architect	single	isco	
toller	artist	single	isco	
toller	attribute	single	sumo	
toller	communicator	single	wordnet	
toller	copywriter	single	isco	
toller	developer	single	isco	
toller	editor	single	isco	
toller	educator	single	isco	
toller	engineer	single	isco	
toller	epidemiologist	single	isco	
toller	expert	single	isco	
toller	hearer	single	isco	
toller	immunologist	single	isco	
toller	organism	single	wordnet	
toller	person	single	wordnet	
toller	physical-object	single	wordnet	
toller	practitioner	single	isco	
toller	professional	single	isco	
toller	property	single	sumo	
toller	reporter	single	isco	
toller	research-worker	single	isco	
toller	scientist	single	isco	
toller	security-consultant	single	isco	
toller	signaler	single	wordnet	
toller	specialist	single	isco	
toller	sports-announcer	single	isco	
toller	systems-analyst	single	isco	
toller	translator	single	isco	
toller	worker	single	isco	
toller	writer	single	isco	
tollkeeper	adjutant	single	isco	
tollkeeper	agent	single	wordnet	
tollkeeper	bodyguard	single	isco	
tollkeeper	companion	single	isco	
tollkeeper	concierge	single	isco	
tollkeeper	employee	single	wordnet	
tollkeeper	gamekeeper	single	isco	
tollkeeper	guard	single	isco	
tollkeeper	host	single	isco	
tollkeeper	hostess	single	isco	
tollkeeper	keeper	single	isco	
tollkeeper	organism	single	wordnet	
tollkeeper	person	single	wordnet	
tollkeeper	physical-object	single	wordnet	
tollkeeper	salesclerk	single	isco	
tollkeeper	seller	single	isco	
tollkeeper	worker	accepted	isco wordnet	
toolmaker	agent	single	wordnet	
toolmaker	attribute	single	sumo	
toolmaker	beater	single	isco	
toolmaker	blaster	single	isco	
toolmaker	bodybuilder	single	isco	
toolmaker	builder	single	isco	
toolmaker	cabinetmaker	single	isco	
toolmaker	caster.person	single	isco	
toolmaker	closer	single	isco	
toolmaker	compositor	single	isco	
toolmaker	craftsman	single	isco	
toolmaker	engraver	single	isco	
toolmaker	fitter	single	isco	
toolmaker	glassworker	single	isco	
toolmaker	grader	single	isco	
toolmaker	ironworker	single	isco	
toolmaker	machinist	single	isco	
toolmaker	maker	accepted	isco wordnet	
toolmaker	mender	single	isco	
toolmaker	organism	single	wordnet	
toolmaker	painter	single	isco	
toolmaker	patternmaker	single	isco	
toolmaker	person	single	wordnet	
toolmaker	physical-object	single	wordnet	
toolmaker	property	single	sumo	
toolmaker	refinisher	single	isco	
toolmaker	rigger	single	isco	
toolmaker	sewer	single	isco	
toolmaker	shipwright	single	isco	
toolmaker	smith	single	isco	
toolmaker	spinster	single	isco	
toolmaker	splitter	single	isco	
toolmaker	sprayer	single	isco	
toolmaker	stonecutter	single	isco	
toolmaker	tuner	single	isco	
toolmaker	turner	single	isco	
toolmaker	varnisher	single	isco	
toolmaker	welder	single	isco	
toolmaker	woodcarver	single	isco	
toolmaker	worker	single	isco	
topper	agent	accepted	sumo wordnet	
topper	agriculturist	single	isco	
topper	animal	single	sumo	
topper	body	single	sumo	
topper	cowboy	single	isco	
topper	farmer	single	isco	
topper	farmhand	single	isco	
topper	fisherman	single	isco	
topper	forester	single	isco	
topper	gardener	single	isco	
topper	goat-herder	single	isco	
topper	human	single	sumo	
topper	hunter	single	isco	
topper	mammal	single	sumo	
topper	organism	accepted	sumo wordnet	
topper	person	accepted	sumo wordnet	
topper	phenomenon	single	sumo	
topper	physical-object	accepted	sumo wordnet	
topper	plantation-owner	single	isco	
topper	populace	single	sumo	
topper	self	single	sumo	
topper	shepherd	single	isco	
topper	species	single	sumo	
topper	trapper	single	isco	
topper	universe	single	sumo	
topper	vertebrate	single	sumo	
topper	worker	accepted	isco wordnet	
tour-guide	adjutant	single	isco	
tour-guide	agent	single	wordnet	
tour-guide	attribute	single	sumo	
tour-guide	bodyguard	single	isco	
tour-guide	companion	single	isco	
tour-guide	concierge	single	isco	
tour-guide	expert	single	wikidata	
tour-guide	gamekeeper	single	isco	
tour-guide	guard	single	isco	
tour-guide	guide	accepted	wikidata wordnet	
tour-guide	host	single	isco	
tour-guide	hostess	single	isco	
tour-guide	human	single	opencyc	
tour-guide	keeper	single	isco	
tour-guide	leader	single	wordnet	
tour-guide	mammal	single	opencyc	
tour-guide	organism	single	wordnet	
tour-guide	person	accepted	wikidata wordnet	
tour-guide	physical-object	single	wordnet	
tour-guide	property	single	sumo	
tour-guide	steward.person	single	isco	
tour-guide	stewardess	single	isco	
tour-guide	structure	single	opencyc	
tour-guide	system	single	opencyc	
tour-guide	traveler	single	wikidata	
tour-guide	usher	single	wikidata	
tour-guide	vertebrate	single	opencyc	
tour-guide	worker	accepted	isco opencyc	
tourist	traveler	single	wordnet	
toxicologist	adult	single	opencyc	
toxicologist	adviser	single	isco	
toxicologist	agent	single	wordnet	
toxicologist	analyst.person	single	isco	
toxicologist	architect	single	isco	
toxicologist	artist	single	isco	
toxicologist	attribute	single	sumo	
toxicologist	copywriter	single	isco	
toxicologist	developer	single	isco	
toxicologist	doctor	single	wikidata	
toxicologist	educator	single	isco	
toxicologist	engineer	single	isco	
toxicologist	epidemiologist	single	isco	
toxicologist	expert	single	isco	
toxicologist	hearer	single	isco	
toxicologist	human	single	opencyc	
toxicologist	immunologist	single	isco	
toxicologist	mammal	single	opencyc	
toxicologist	medical-scientist	disputed	wordnet	isco
toxicologist	organism	single	wordnet	
toxicologist	person	single	wordnet	
toxicologist	physical-object	single	wordnet	
toxicologist	practitioner	single	isco	
toxicologist	professional	single	isco	
toxicologist	property	single	sumo	
toxicologist	research-worker	single	isco	
toxicologist	scientist	accepted	isco opencyc wordnet	
toxicologist	security-consultant	single	isco	
toxicologist	specialist	single	isco	
toxicologist	structure	single	opencyc	
toxicologist	surveyor	single	isco	
toxicologist	system	single	opencyc	
toxicologist	systems-analyst	single	isco	
toxicologist	vertebrate	single	opencyc	
toxicologist	worker	accepted	isco opencyc	
toxicologist	writer	single	isco	
tracer	agent	single	wordnet	
tracer	beater	single	isco	
tracer	blaster	single	isco	
tracer	bodybuilder	single	isco	
tracer	builder	single	isco	
tracer	cabinetmaker	single	isco	
tracer	caster.person	single	isco	
tracer	closer	single	isco	
tracer	compositor	single	isco	
tracer	craftsman	single	isco	
tracer	detective	single	wordnet	
tracer	engraver	single	isco	
tracer	etcher	single	isco	
tracer	fitter	single	isco	
tracer	glassworker	single	isco	
tracer	grader	single	isco	
tracer	ironworker	single	isco	
tracer	machinist	single	isco	
tracer	maker	single	isco	
tracer	mender	single	isco	
tracer	mounter	single	isco	
tracer	organism	single	wordnet	
tracer	painter	single	isco	
tracer	patternmaker	single	isco	
tracer	person	single	wordnet	
tracer	physical-object	single	wordnet	
tracer	policeman	single	wordnet	
tracer	refinisher	single	isco	
tracer	rigger	single	isco	
tracer	sewer	single	isco	
tracer	shipwright	single	isco	
tracer	smith	single	isco	
tracer	spinster	single	isco	
tracer	splitter	single	isco	
tracer	sprayer	single	isco	
tracer	stamper	single	isco	
tracer	stonecutter	single	isco	
tracer	transferer	single	isco	
tracer	tuner	single	isco	
tracer	turner	single	isco	
tracer	varnisher	single	isco	
tracer	weaver	single	isco	
tracer	welder	single	isco	
tracer	woodcarver	single	isco	
tracer	worker	single	isco	
trader	cameraman	single	isco	
trader	inquiry-agent	single	isco	
trader	inspector	single	isco	
trader	paralegal	single	isco	
trader	promoter	single	isco	
trader	skilled-worker	single	opencyc	
trader	technician	single	isco	
transferer	agent	accepted	sumo wordnet	
transferer	animal	single	sumo	
transferer	beater	single	isco	
transferer	blaster	single	isco	
transferer	body	single	sumo	
transferer	bodybuilder	single	isco	
transferer	builder	single	isco	
transferer	cabinetmaker	single	isco	
transferer	caster.person	single	isco	
transferer	closer	single	isco	
transferer	compositor	single	isco	
transferer	craftsman	single	isco	
transferer	engraver	single	isco	
transferer	fitter	single	isco	
transferer	glassworker	single	isco	
transferer	grader	single	isco	
transferer	human	single	sumo	
transferer	ironworker	single	isco	
transferer	machinist	single	isco	
transferer	maker	single	isco	
transferer	mammal	single	sumo	
transferer	mender	single	isco	
transferer	organism	accepted	sumo wordnet	
transferer	painter	single	isco	
transferer	patternmaker	single	isco	
transferer	person	accepted	sumo wordnet	
transferer	phenomenon	single	sumo	
transferer	physical-object	accepted	sumo wordnet	
transferer	populace	single	sumo	
transferer	refinisher	single	isco	
transferer	rigger	single	isco	
transferer	self	single	sumo	
transferer	sewer	single	isco	
transferer	shipwright	single	isco	
transferer	smith	single	isco	
transferer	species	single	sumo	
transferer	spinster	single	isco	
transferer	splitter	single	isco	
transferer	sprayer	single	isco	
transferer	stonecutter	single	isco	
transferer	traveler	single	wordnet	
transferer	tuner	single	isco	
transferer	turner	single	isco	
transferer	universe	single	sumo	
transferer	varnisher	single	isco	
transferer	vertebrate	single	sumo	
transferer	welder	single	isco	
transferer	woodcarver	single	isco	
transferer	worker	single	isco	
translator	adult	single	opencyc	
translator	adviser	single	isco	
translator	agent	single	wordnet	
translator	analyst.person	single	isco	
translator	architect	single	isco	
translator	artist	single	isco	
translator	attribute	single	sumo	
translator	copywriter	single	isco	
translator	developer	single	isco	
translator	educator	single	isco	
translator	engineer	single	isco	
translator	epidemiologist	single	isco	
translator	expert	single	isco	
translator	hearer	single	isco	
translator	human	single	opencyc	
translator	immunologist	single	isco	
translator	mammal	single	opencyc	
translator	organism	single	wordnet	
translator	person	accepted	wikidata wordnet	
translator	physical-object	single	wordnet	
translator	practitioner	single	isco	
translator	professional	single	isco	
translator	property	single	sumo	
translator	research-worker	single	isco	
translator	scientist	accepted	isco opencyc	
translator	security-consultant	single	isco	
translator	skilled-worker	single	opencyc	
translator	specialist	single	isco	
translator	structure	single	opencyc	
translator	system	single	opencyc	
translator	systems-analyst	single	isco	
translator	vertebrate	single	opencyc	
translator	worker	accepted	isco opencyc	
translator	writer	single	isco	
trapper	agent	single	wordnet	
trapper	attribute	single	sumo	
trapper	hunter	single	wordnet	
trapper	organism	single	wordnet	
trapper	person	single	wordnet	
trapper	physical-object	single	wordnet	
trapper	property	single	sumo	
trapper	skilled-worker	disputed	wordnet	isco
trapper	worker	accepted	isco wordnet	
travel-agent	adult	single	opencyc	
travel-agent	agent	single	wordnet	
travel-agent	broker	single	wordnet	
travel-agent	clerk	single	isco	
travel-agent	human	single	opencyc	
travel-agent	interviewer	single	isco	
travel-agent	mammal	single	opencyc	
travel-agent	organism	single	wordnet	
travel-agent	person	single	wordnet	
travel-agent	physical-object	single	wordnet	
travel-agent	professional	single	opencyc	
travel-agent	receptionist	single	isco	
travel-agent	skilled-worker	single	opencyc	
travel-agent	structure	single	opencyc	
travel-agent	system	single	opencyc	
travel-agent	vertebrate	single	opencyc	
travel-agent	worker	accepted	isco opencyc	
traveler	agent	accepted	sumo wordnet	
traveler	animal	single	sumo	
traveler	body	single	sumo	
traveler	broker	single	isco	
traveler	cameraman	single	isco	
traveler	detective	single	isco	
traveler	human	single	sumo	
traveler	inquiry-agent	single	isco	
traveler	inspector	single	isco	
traveler	investment-banker	single	isco	
traveler	mammal	single	sumo	
traveler	man	single	isco	
traveler	organism	accepted	sumo wordnet	
traveler	paralegal	single	isco	
traveler	person	accepted	sumo wikidata wordnet	
traveler	phenomenon	single	sumo	
traveler	physical-object	accepted	sumo wordnet	
traveler	populace	single	sumo	
traveler	promoter	single	isco	
traveler	self	single	sumo	
traveler	species	single	sumo	
traveler	supervisor	single	isco	
traveler	technician	single	isco	
traveler	trader	single	isco	
traveler	universe	single	sumo	
traveler	vertebrate	single	sumo	
traveler	woman	single	isco	
traveler	worker	single	isco	
traveling-salesman	adult	single	opencyc	
traveling-salesman	advocate	single	wordnet	
traveling-salesman	agent	single	wordnet	
traveling-salesman	attribute	single	sumo	
traveling-salesman	broker	single	isco	
traveling-salesman	cameraman	single	isco	
traveling-salesman	detective	single	isco	
traveling-salesman	employee	single	wordnet	
traveling-salesman	human	single	opencyc	
traveling-salesman	inquiry-agent	single	isco	
traveling-salesman	inspector	single	isco	
traveling-salesman	investment-banker	single	isco	
traveling-salesman	mammal	single	opencyc	
traveling-salesman	man	single	isco	
traveling-salesman	organism	single	wordnet	
traveling-salesman	paralegal	single	isco	
traveling-salesman	person	single	wordnet	
traveling-salesman	physical-object	single	wordnet	
traveling-salesman	professional	single	opencyc	
traveling-salesman	promoter	single	isco	
traveling-salesman	property	single	sumo	
traveling-salesman	skilled-worker	single	opencyc	
traveling-salesman	spokesperson	single	wordnet	
traveling-salesman	structure	single	opencyc	
traveling-salesman	supervisor	single	isco	
traveling-salesman	system	single	opencyc	
traveling-salesman	technician	single	isco	
traveling-salesman	trader	single	isco	
traveling-salesman	vertebrate	single	opencyc	
traveling-salesman	woman	single	isco	
traveling-salesman	worker	accepted	isco opencyc wordnet	
treasurer	department-head	single	isco	
treasurer	general-manager	single	isco	
tribulation	companion	single	sumo	
trombonist	adviser	single	isco	
trombonist	agent	single	wordnet	
trombonist	analyst.person	single	isco	
trombonist	architect	single	isco	
trombonist	artist	single	isco	
trombonist	attribute	single	sumo	
trombonist	copywriter	single	isco	
trombonist	developer	single	isco	
trombonist	editor	single	isco	
trombonist	educator	single	isco	
trombonist	engineer	single	isco	
trombonist	epidemiologist	single	isco	
trombonist	expert	single	isco	
trombonist	hearer	single	isco	
trombonist	immunologist	single	isco	
trombonist	instrumentalist	single	wordnet	
trombonist	organism	single	wordnet	
trombonist	performer	single	wordnet	
trombonist	person	single	wordnet	
trombonist	physical-object	single	wordnet	
trombonist	practitioner	single	isco	
trombonist	professional	single	isco	
trombonist	property	single	sumo	
trombonist	reporter	single	isco	
trombonist	research-worker	single	isco	
trombonist	scientist	single	isco	
trombonist	security-consultant	single	isco	
trombonist	specialist	single	isco	
trombonist	sports-announcer	single	isco	
trombonist	systems-analyst	single	isco	
trombonist	translator	single	isco	
trombonist	worker	single	isco	
trombonist	writer	single	isco	
trouble	companion	single	sumo	
trumpeter	adviser	single	isco	
trumpeter	agent	single	wordnet	
trumpeter	analyst.person	single	isco	
trumpeter	architect	single	isco	
trumpeter	artist	accepted	isco opencyc	
trumpeter	attribute	single	sumo	
trumpeter	copywriter	single	isco	
trumpeter	developer	single	isco	
trumpeter	editor	single	isco	
trumpeter	educator	single	isco	
trumpeter	engineer	single	isco	
trumpeter	epidemiologist	single	isco	
trumpeter	expert	single	isco	
trumpeter	hearer	single	isco	
trumpeter	human	single	opencyc	
trumpeter	immunologist	single	isco	
trumpeter	instrumentalist	single	wordnet	
trumpeter	mammal	single	opencyc	
trumpeter	musician	single	opencyc	
trumpeter	organism	single	wordnet	
trumpeter	performer	single	wordnet	
trumpeter	person	single	wordnet	
trumpeter	physical-object	single	wordnet	
trumpeter	practitioner	single	isco	
trumpeter	professional	accepted	isco opencyc	
trumpeter	property	single	sumo	
trumpeter	reporter	single	isco	
trumpeter	research-worker	single	isco	
trumpeter	scientist	single	isco	
trumpeter	security-consultant	single	isco	
trumpeter	skilled-worker	single	opencyc	
trumpeter	specialist	single	isco	
trumpeter	sports-announcer	single	isco	
trumpeter	structure	single	opencyc	
trumpeter	system	single	opencyc	
trumpeter	systems-analyst	single	isco	
trumpeter	translator	single	isco	
trumpeter	vertebrate	single	opencyc	
trumpeter	worker	accepted	isco opencyc	
trumpeter	writer	single	isco	
trustee	analyst.person	single	isco	
trustee	copywriter	single	isco	
trustee	developer	single	isco	
trustee	educator	single	isco	
trustee	epidemiologist	single	isco	
trustee	hearer	single	isco	
trustee	immunologist	single	isco	
trustee	practitioner	single	isco	
trustee	security-consultant	single	isco	
trustee	systems-analyst	single	isco	
tumbler.person	adviser	single	isco	
tumbler.person	agent	accepted	sumo wordnet	
tumbler.person	analyst.person	single	isco	
tumbler.person	animal	single	sumo	
tumbler.person	architect	single	isco	
tumbler.person	artist	single	isco	
tumbler.person	athlete	single	wordnet	
tumbler.person	body	single	sumo	
tumbler.person	copywriter	single	isco	
tumbler.person	developer	single	isco	
tumbler.person	editor	single	isco	
tumbler.person	educator	single	isco	
tumbler.person	engineer	single	isco	
tumbler.person	epidemiologist	single	isco	
tumbler.person	expert	single	isco	
tumbler.person	hearer	single	isco	
tumbler.person	human	single	sumo	
tumbler.person	immunologist	single	isco	
tumbler.person	mammal	single	sumo	
tumbler.person	organism	accepted	sumo wordnet	
tumbler.person	person	accepted	sumo wordnet	
tumbler.person	phenomenon	single	sumo	
tumbler.person	physical-object	accepted	sumo wordnet	
tumbler.person	populace	single	sumo	
tumbler.person	practitioner	single	isco	
tumbler.person	professional	single	isco	
tumbler.person	reporter	single	isco	
tumbler.person	research-worker	single	isco	
tumbler.person	scientist	single	isco	
tumbler.person	security-consultant	single	isco	
tumbler.person	self	single	sumo	
tumbler.person	specialist	single	isco	
tumbler.person	species	single	sumo	
tumbler.person	sports-announcer	single	isco	
tumbler.person	systems-analyst	single	isco	
tumbler.person	translator	single	isco	
tumbler.person	universe	single	sumo	
tumbler.person	vertebrate	single	sumo	
tumbler.person	worker	single	isco	
tumbler.person	writer	single	isco	
tuner	agent	single	wordnet	
tuner	artifact	single	opencyc	
tuner	attribute	single	sumo	
tuner	device	single	opencyc	
tuner	organism	single	wordnet	
tuner	part	single	opencyc	
tuner	person	single	wordnet	
tuner	physical-object	single	wordnet	
tuner	property	single	sumo	
tuner	skilled-worker	single	wordnet	
tuner	worker	accepted	isco wordnet	
turner	agent	single	wordnet	
turner	athlete	single	wordnet	
turner	attribute	single	sumo	
turner	organism	single	wordnet	
turner	person	single	wordnet	
turner	physical-object	single	wordnet	
turner	property	single	sumo	
turner	tumbler.person	single	wordnet	
turner	worker	single	isco	
tv-announcer	adviser	single	isco	
tv-announcer	agent	single	wordnet	
tv-announcer	analyst.person	single	isco	
tv-announcer	architect	single	isco	
tv-announcer	artist	single	isco	
tv-announcer	attribute	single	sumo	
tv-announcer	communicator	single	wordnet	
tv-announcer	copywriter	single	isco	
tv-announcer	developer	single	isco	
tv-announcer	editor	single	isco	
tv-announcer	educator	single	isco	
tv-announcer	engineer	single	isco	
tv-announcer	epidemiologist	single	isco	
tv-announcer	expert	single	isco	
tv-announcer	hearer	single	isco	
tv-announcer	immunologist	single	isco	
tv-announcer	organism	single	wordnet	
tv-announcer	person	single	wordnet	
tv-announcer	physical-object	single	wordnet	
tv-announcer	practitioner	single	isco	
tv-announcer	professional	single	isco	
tv-announcer	property	single	sumo	
tv-announcer	reporter	single	isco	
tv-announcer	research-worker	single	isco	
tv-announcer	scientist	single	isco	
tv-announcer	security-consultant	single	isco	
tv-announcer	specialist	single	isco	
tv-announcer	sports-announcer	single	isco	
tv-announcer	systems-analyst	single	isco	
tv-announcer	translator	single	isco	
tv-announcer	worker	single	isco	
tv-announcer	writer	single	isco	
tympanist	adviser	single	isco	
tympanist	agent	single	wordnet	
tympanist	analyst.person	single	isco	
tympanist	architect	single	isco	
tympanist	artist	accepted	isco wikidata	
tympanist	attribute	single	sumo	
tympanist	copywriter	single	isco	
tympanist	developer	single	isco	
tympanist	drummer	single	wordnet	
tympanist	editor	single	isco	
tympanist	educator	single	isco	
tympanist	engineer	single	isco	
tympanist	epidemiologist	single	isco	
tympanist	expert	single	isco	
tympanist	hearer	single	isco	
tympanist	immunologist	single	isco	
tympanist	instrumentalist	accepted	wikidata wordnet	
tympanist	musician	single	wikidata	
tympanist	organism	single	wordnet	
tympanist	percussionist	accepted	wikidata wordnet	
tympanist	performer	single	wordnet	
tympanist	person	accepted	wikidata wordnet	
tympanist	physical-object	single	wordnet	
tympanist	practitioner	single	isco	
tympanist	professional	single	isco	
tympanist	property	single	sumo	
tympanist	reporter	single	isco	
tympanist	research-worker	single	isco	
tympanist	scientist	single	isco	
tympanist	security-consultant	single	isco	
tympanist	specialist	single	isco	
tympanist	sports-announcer	single	isco	
tympanist	systems-analyst	single	isco	
tympanist	translator	single	isco	
tympanist	worker	single	isco	
tympanist	writer	single	isco	
typist	agent	single	wordnet	
typist	clerk	single	isco	
typist	employee	single	wordnet	
typist	organism	single	wordnet	
typist	person	single	wordnet	
typist	physical-object	single	wordnet	
typist	worker	accepted	isco wordnet	
umpire	agent	single	wordnet	
umpire	attribute	single	sumo	
umpire	cameraman	single	isco	
umpire	detective	single	isco	
umpire	inquiry-agent	single	isco	
umpire	inspector	single	isco	
umpire	man	single	isco	
umpire	organism	single	wordnet	
umpire	paralegal	single	isco	
umpire	person	single	wordnet	
umpire	physical-object	single	wordnet	
umpire	promoter	single	isco	
umpire	property	single	sumo	
umpire	supervisor	single	isco	
umpire	technician	single	isco	
umpire	woman	single	isco	
umpire	worker	single	isco	
undoer	agent	accepted	sumo wordnet	
undoer	animal	single	sumo	
undoer	beater	single	isco	
undoer	blaster	single	isco	
undoer	body	single	sumo	
undoer	bodybuilder	single	isco	
undoer	builder	single	isco	
undoer	cabinetmaker	single	isco	
undoer	caster.person	single	isco	
undoer	closer	single	isco	
undoer	compositor	single	isco	
undoer	craftsman	single	isco	
undoer	engraver	single	isco	
undoer	etcher	single	isco	
undoer	fitter	single	isco	
undoer	glassworker	single	isco	
undoer	grader	single	isco	
undoer	human	single	sumo	
undoer	ironworker	single	isco	
undoer	machinist	single	isco	
undoer	maker	single	isco	
undoer	mammal	single	sumo	
undoer	mender	single	isco	
undoer	mounter	single	isco	
undoer	organism	accepted	sumo wordnet	
undoer	painter	single	isco	
undoer	patternmaker	single	isco	
undoer	person	accepted	sumo wordnet	
undoer	phenomenon	single	sumo	
undoer	physical-object	accepted	sumo wordnet	
undoer	populace	single	sumo	
undoer	refinisher	single	isco	
undoer	rigger	single	isco	
undoer	self	single	sumo	
undoer	sewer	single	isco	
undoer	shipwright	single	isco	
undoer	smith	single	isco	
undoer	species	single	sumo	
undoer	spinster	single	isco	
undoer	splitter	single	isco	
undoer	sprayer	single	isco	
undoer	stamper	single	isco	
undoer	stonecutter	single	isco	
undoer	transferer	single	isco	
undoer	tuner	single	isco	
undoer	turner	single	isco	
undoer	universe	single	sumo	
undoer	varnisher	single	isco	
undoer	vertebrate	single	sumo	
undoer	weaver	single	isco	
undoer	welder	single	isco	
undoer	woodcarver	single	isco	
undoer	worker	single	isco	
unity	companion	single	sumo	
upholsterer	agent	single	wordnet	
upholsterer	attribute	single	sumo	
upholsterer	beater	single	isco	
upholsterer	blaster	single	isco	
upholsterer	bodybuilder	single	isco	
upholsterer	builder	single	isco	
upholsterer	cabinetmaker	single	isco	
upholsterer	caster.person	single	isco	
upholsterer	closer	single	isco	
upholsterer	compositor	single	isco	
upholsterer	craftsman	accepted	isco wikidata wordnet	
upholsterer	dressmaker	single	isco	
upholsterer	engraver	single	isco	
upholsterer	fitter	single	isco	
upholsterer	glassworker	single	isco	
upholsterer	grader	single	isco	
upholsterer	human	single	opencyc	
upholsterer	ironworker	single	isco	
upholsterer	machinist	single	isco	
upholsterer	maker	single	isco	
upholsterer	mammal	single	opencyc	
upholsterer	mender	single	isco	
upholsterer	organism	single	wordnet	
upholsterer	painter	single	isco	
upholsterer	patternmaker	single	isco	
upholsterer	person	accepted	wikidata wordnet	
upholsterer	physical-object	single	wordnet	
upholsterer	property	single	sumo	
upholsterer	refinisher	single	isco	
upholsterer	rigger	single	isco	
upholsterer	sewer	single	isco	
upholsterer	shipwright	single	isco	
upholsterer	skilled-worker	single	wordnet	
upholsterer	smith	single	isco	
upholsterer	spinster	single	isco	
upholsterer	splitter	single	isco	
upholsterer	sprayer	single	isco	
upholsterer	stainer	single	isco	
upholsterer	stonecutter	single	isco	
upholsterer	structure	single	opencyc	
upholsterer	system	single	opencyc	
upholsterer	tuner	single	isco	
upholsterer	turner	single	isco	
upholsterer	varnisher	single	isco	
upholsterer	vertebrate	single	opencyc	
upholsterer	welder	single	isco	
upholsterer	woodcarver	single	isco	
upholsterer	worker	accepted	isco opencyc wordnet	
urgency	companion	single	sumo	
usher	adjutant	single	isco	
usher	agent	single	wordnet	
usher	assistant	single	wordnet	
usher	attribute	single	sumo	
usher	bodyguard	single	isco	
usher	companion	single	isco	
usher	concierge	single	isco	
usher	expert	single	wikidata	
usher	gamekeeper	single	isco	
usher	guard	single	isco	
usher	host	single	isco	
usher	hostess	single	isco	
usher	human	single	opencyc	
usher	keeper	single	isco	
usher	mammal	single	opencyc	
usher	organism	single	wordnet	
usher	person	accepted	wikidata wordnet	
usher	physical-object	single	wordnet	
usher	property	single	sumo	
usher	steward.person	single	isco	
usher	stewardess	single	isco	
usher	structure	single	opencyc	
usher	system	single	opencyc	
usher	vertebrate	single	opencyc	
usher	worker	accepted	isco opencyc wordnet	
usher.person	adjutant	single	isco	
usher.person	agent	single	wordnet	
usher.person	attribute	single	sumo	
usher.person	bodyguard	single	isco	
usher.person	companion	single	isco	
usher.person	concierge	single	isco	
usher.person	flatfoot	single	isco	
usher.person	gamekeeper	single	isco	
usher.person	guard	single	isco	
usher.person	host	single	isco	
usher.person	hostess	single	isco	
usher.person	keeper	single	isco	
usher.person	official	single	wordnet	
usher.person	organism	single	wordnet	
usher.person	person	single	wordnet	
usher.person	physical-object	single	wordnet	
usher.person	property	single	sumo	
usher.person	skilled-worker	single	wordnet	
usher.person	worker	accepted	isco wikidata wordnet	
usurer	agent	single	wordnet	
usurer	attribute	single	sumo	
usurer	clerk	single	isco	
usurer	lender	single	wordnet	
usurer	organism	single	wordnet	
usurer	person	single	wordnet	
usurer	physical-object	single	wordnet	
usurer	property	single	sumo	
usurer	worker	single	isco	
usurer	wrongdoer	single	wordnet	
valuer	agent	single	wordnet	
valuer	appraiser	single	wordnet	
valuer	attribute	single	sumo	
valuer	authority	single	wordnet	
valuer	broker	single	isco	
valuer	cameraman	single	isco	
valuer	detective	single	isco	
valuer	expert	single	wordnet	
valuer	inquiry-agent	single	isco	
valuer	inspector	single	isco	
valuer	investment-banker	single	isco	
valuer	man	single	isco	
valuer	organism	single	wordnet	
valuer	paralegal	single	isco	
valuer	person	single	wordnet	
valuer	physical-object	single	wordnet	
valuer	promoter	single	isco	
valuer	property	single	sumo	
valuer	supervisor	single	isco	
valuer	tax-assessor	single	isco	
valuer	technician	single	isco	
valuer	trader	single	isco	
valuer	woman	single	isco	
valuer	worker	single	isco	
varnisher	agent	single	wordnet	
varnisher	attribute	single	sumo	
varnisher	organism	single	wordnet	
varnisher	person	single	wordnet	
varnisher	physical-object	single	wordnet	
varnisher	property	single	sumo	
varnisher	skilled-worker	single	wordnet	
varnisher	worker	accepted	isco wordnet	
vast-quantity	companion	single	sumo	
ventriloquist	adviser	single	isco	
ventriloquist	agent	single	wordnet	
ventriloquist	analyst.person	single	isco	
ventriloquist	architect	single	isco	
ventriloquist	artist	single	isco	
ventriloquist	copywriter	single	isco	
ventriloquist	developer	single	isco	
ventriloquist	editor	single	isco	
ventriloquist	educator	single	isco	
ventriloquist	engineer	single	isco	
ventriloquist	epidemiologist	single	isco	
ventriloquist	expert	single	isco	
ventriloquist	hearer	single	isco	
ventriloquist	immunologist	single	isco	
ventriloquist	organism	single	wordnet	
ventriloquist	performer	single	wordnet	
ventriloquist	person	single	wordnet	
ventriloquist	physical-object	single	wordnet	
ventriloquist	practitioner	single	isco	
ventriloquist	professional	single	isco	
ventriloquist	reporter	single	isco	
ventriloquist	research-worker	single	isco	
ventriloquist	scientist	single	isco	
ventriloquist	security-consultant	single	isco	
ventriloquist	specialist	single	isco	
ventriloquist	sports-announcer	single	isco	
ventriloquist	systems-analyst	single	isco	
ventriloquist	translator	single	isco	
ventriloquist	worker	single	isco	
ventriloquist	writer	single	isco	
verger	adjutant	single	isco	
verger	agent	single	wordnet	
verger	attribute	single	sumo	
verger	bodyguard	single	isco	
verger	caretaker	single	wordnet	
verger	companion	single	isco	
verger	concierge	single	isco	
verger	gamekeeper	single	isco	
verger	guard	single	isco	
verger	host	single	isco	
verger	hostess	single	isco	
verger	housekeeper	single	isco	
verger	keeper	single	isco	
verger	official	single	wordnet	
verger	organism	single	wordnet	
verger	person	single	wordnet	
verger	physical-object	single	wordnet	
verger	property	single	sumo	
verger	skilled-worker	single	wordnet	
verger	steward.person	single	isco	
verger	stewardess	single	isco	
verger	worker	accepted	isco wordnet	
veteran	skilled-worker	single	wordnet	
vicar	adviser	single	isco	
vicar	agent	single	wordnet	
vicar	analyst.person	single	isco	
vicar	architect	single	isco	
vicar	artist	single	isco	
vicar	attribute	accepted	sumo wordnet	
vicar	copywriter	single	isco	
vicar	developer	single	isco	
vicar	editor	single	isco	
vicar	educator	single	isco	
vicar	engineer	single	isco	
vicar	epidemiologist	single	isco	
vicar	expert	single	isco	
vicar	hearer	single	isco	
vicar	immunologist	single	isco	
vicar	leader	single	wordnet	
vicar	organism	single	wordnet	
vicar	person	single	wordnet	
vicar	physical-object	single	wordnet	
vicar	practitioner	single	isco	
vicar	priest	single	wordnet	
vicar	professional	single	isco	
vicar	property	single	sumo	
vicar	reporter	single	isco	
vicar	research-worker	single	isco	
vicar	scientist	single	isco	
vicar	security-consultant	single	isco	
vicar	specialist	single	isco	
vicar	sports-announcer	single	isco	
vicar	state	single	wordnet	
vicar	status	single	wordnet	
vicar	systems-analyst	single	isco	
vicar	translator	single	isco	
vicar	worker	single	isco	
vicar	writer	single	isco	
vice-chancellor	administrator	single	wordnet	
vice-chancellor	agent	single	wordnet	
vice-chancellor	attribute	single	sumo	
vice-chancellor	chairman	single	isco	
vice-chancellor	chancellor-of-the-exchequer	single	isco	
vice-chancellor	chief	accepted	isco wordnet	
vice-chancellor	department-head	single	isco	
vice-chancellor	general-manager	single	isco	
vice-chancellor	governor	single	isco	
vice-chancellor	leader	single	wordnet	
vice-chancellor	manager	accepted	isco wikidata	
vice-chancellor	member	single	isco	
vice-chancellor	organism	single	wordnet	
vice-chancellor	person	accepted	wikidata wordnet	
vice-chancellor	physical-object	single	wordnet	
vice-chancellor	president.person	single	isco	
vice-chancellor	property	single	sumo	
vice-chancellor	worker	single	isco	
vintner	adviser	single	isco	
vintner	agent	single	wordnet	
vintner	analyst.person	single	isco	
vintner	architect	single	isco	
vintner	artist	single	isco	
vintner	attribute	single	sumo	
vintner	copywriter	single	isco	
vintner	developer	single	isco	
vintner	educator	single	isco	
vintner	engineer	single	isco	
vintner	epidemiologist	single	isco	
vintner	expert	single	isco	
vintner	hearer	single	isco	
vintner	immunologist	single	isco	
vintner	maker	single	wordnet	
vintner	organism	single	wordnet	
vintner	person	single	wordnet	
vintner	physical-object	single	wordnet	
vintner	practitioner	single	isco	
vintner	professional	single	isco	
vintner	property	single	sumo	
vintner	research-worker	single	isco	
vintner	scientist	single	isco	
vintner	security-consultant	single	isco	
vintner	specialist	single	isco	
vintner	surveyor	single	isco	
vintner	systems-analyst	single	isco	
vintner	worker	single	isco	
vintner	writer	single	isco	
violin-maker	agent	accepted	sumo wordnet	
violin-maker	animal	single	sumo	
violin-maker	beater	single	isco	
violin-maker	blaster	single	isco	
violin-maker	body	single	sumo	
violin-maker	bodybuilder	single	isco	
violin-maker	builder	single	isco	
violin-maker	cabinetmaker	single	isco	
violin-maker	caster.person	single	isco	
violin-maker	closer	single	isco	
violin-maker	compositor	single	isco	
violin-maker	craftsman	single	isco	
violin-maker	engraver	single	isco	
violin-maker	etcher	single	isco	
violin-maker	fitter	single	isco	
violin-maker	glassworker	single	isco	
violin-maker	grader	single	isco	
violin-maker	human	single	sumo	
violin-maker	ironworker	single	isco	
violin-maker	machinist	single	isco	
violin-maker	maker	accepted	isco wordnet	
violin-maker	mammal	single	sumo	
violin-maker	mender	single	isco	
violin-maker	mounter	single	isco	
violin-maker	organism	accepted	sumo wordnet	
violin-maker	painter	single	isco	
violin-maker	patternmaker	single	isco	
violin-maker	person	accepted	sumo wordnet	
violin-maker	phenomenon	single	sumo	
violin-maker	physical-object	accepted	sumo wordnet	
violin-maker	populace	single	sumo	
violin-maker	refinisher	single	isco	
violin-maker	rigger	single	isco	
violin-maker	self	single	sumo	
violin-maker	sewer	single	isco	
violin-maker	shipwright	single	isco	
violin-maker	smith	single	isco	
violin-maker	species	single	sumo	
violin-maker	spinster	single	isco	
violin-maker	splitter	single	isco	
violin-maker	sprayer	single	isco	
violin-maker	stamper	single	isco	
violin-maker	stonecutter	single	isco	
violin-maker	transferer	single	isco	
violin-maker	tuner	single	isco	
violin-maker	turner	single	isco	
violin-maker	universe	single	sumo	
violin-maker	varnisher	single	isco	
violin-maker	vertebrate	single	sumo	
violin-maker	weaver	single	isco	
violin-maker	welder	single	isco	
violin-maker	woodcarver	single	isco	
violin-maker	worker	single	isco	
violinist	adviser	single	isco	
violinist	agent	single	wordnet	
violinist	analyst.person	single	isco	
violinist	architect	single	isco	
violinist	artist	accepted	isco opencyc wikidata	
violinist	copywriter	single	isco	
violinist	developer	single	isco	
violinist	editor	single	isco	
violinist	educator	single	isco	
violinist	engineer	single	isco	
violinist	epidemiologist	single	isco	
violinist	expert	single	isco	
violinist	hearer	single	isco	
violinist	human	single	opencyc	
violinist	immunologist	single	isco	
violinist	instrumentalist	accepted	wikidata wordnet	
violinist	mammal	single	opencyc	
violinist	musician	accepted	opencyc wikidata	
violinist	organism	single	wordnet	
violinist	performer	single	wordnet	
violinist	person	accepted	wikidata wordnet	
violinist	physical-object	single	wordnet	
violinist	practitioner	single	isco	
violinist	professional	accepted	isco opencyc	
violinist	reporter	single	isco	
violinist	research-worker	single	isco	
violinist	scientist	single	isco	
violinist	security-consultant	single	isco	
violinist	skilled-worker	single	opencyc	
violinist	specialist	single	isco	
violinist	sports-announcer	single	isco	
violinist	structure	single	opencyc	
violinist	system	single	opencyc	
violinist	systems-analyst	single	isco	
violinist	translator	single	isco	
violinist	vertebrate	single	opencyc	
violinist	worker	accepted	isco opencyc	
violinist	writer	single	isco	
virgin	lass	single	wikidata	
visionary	adviser	single	isco	
visionary	agent	accepted	sumo wordnet	
visionary	analyst.person	single	isco	
visionary	animal	single	sumo	
visionary	architect	single	isco	
visionary	artist	single	isco	
visionary	body	single	sumo	
visionary	copywriter	single	isco	
visionary	developer	single	isco	
visionary	editor	single	isco	
visionary	educator	single	isco	
visionary	engineer	single	isco	
visionary	epidemiologist	single	isco	
visionary	expert	single	isco	
visionary	hearer	single	isco	
visionary	human	accepted	opencyc sumo	
visionary	immunologist	single	isco	
visionary	intellect	single	opencyc	
visionary	mammal	accepted	opencyc sumo	
visionary	organism	accepted	sumo wordnet	
visionary	person	accepted	sumo wordnet	
visionary	phenomenon	single	sumo	
visionary	physical-object	accepted	sumo wordnet	
visionary	populace	single	sumo	
visionary	practitioner	single	isco	
visionary	professional	single	isco	
visionary	reporter	single	isco	
visionary	research-worker	single	isco	
visionary	scientist	single	isco	
visionary	security-consultant	single	isco	
visionary	self	single	sumo	
visionary	specialist	single	isco	
visionary	species	single	sumo	
visionary	sports-announcer	single	isco	
visionary	structure	single	opencyc	
visionary	system	single	opencyc	
visionary	systems-analyst	single	isco	
visionary	translator	single	isco	
visionary	universe	single	sumo	
visionary	vertebrate	accepted	opencyc sumo	
visionary	worker	single	isco	
visionary	writer	single	isco	
visitor	traveler	single	wordnet	
viticulturist	agent	accepted	sumo wordnet	
viticulturist	agriculturist	accepted	isco wordnet	
viticulturist	animal	single	sumo	
viticulturist	body	single	sumo	
viticulturist	cowboy	single	isco	
viticulturist	farmer	accepted	isco wordnet	
viticulturist	farmhand	single	isco	
viticulturist	fisherman	single	isco	
viticulturist	forester	single	isco	
viticulturist	gardener	single	isco	
viticulturist	goat-herder	single	isco	
viticulturist	human	single	sumo	
viticulturist	hunter	single	isco	
viticulturist	mammal	single	sumo	
viticulturist	organism	accepted	sumo wordnet	
viticulturist	person	accepted	sumo wordnet	
viticulturist	phenomenon	single	sumo	
viticulturist	physical-object	accepted	sumo wordnet	
viticulturist	plantation-owner	single	isco	
viticulturist	populace	single	sumo	
viticulturist	self	single	sumo	
viticulturist	shepherd	single	isco	
viticulturist	species	single	sumo	
viticulturist	trapper	single	isco	
viticulturist	universe	single	sumo	
viticulturist	vertebrate	single	sumo	
viticulturist	worker	single	isco	
voicer	agent	accepted	sumo wordnet	
voicer	animal	single	sumo	
voicer	beater	single	isco	
voicer	blaster	single	isco	
voicer	body	single	sumo	
voicer	bodybuilder	single	isco	
voicer	builder	single	isco	
voicer	cabinetmaker	single	isco	
voicer	caster.person	single	isco	
voicer	closer	single	isco	
voicer	compositor	single	isco	
voicer	craftsman	single	isco	
voicer	engraver	single	isco	
voicer	etcher	single	isco	
voicer	fitter	single	isco	
voicer	glassworker	single	isco	
voicer	grader	single	isco	
voicer	human	single	sumo	
voicer	ironworker	single	isco	
voicer	machinist	single	isco	
voicer	maker	single	isco	
voicer	mammal	single	sumo	
voicer	mender	single	isco	
voicer	mounter	single	isco	
voicer	organism	accepted	sumo wordnet	
voicer	painter	single	isco	
voicer	patternmaker	single	isco	
voicer	person	accepted	sumo wordnet	
voicer	phenomenon	single	sumo	
voicer	physical-object	accepted	sumo wordnet	
voicer	populace	single	sumo	
voicer	refinisher	single	isco	
voicer	rigger	single	isco	
voicer	self	single	sumo	
voicer	sewer	single	isco	
voicer	shipwright	single	isco	
voicer	skilled-worker	single	wordnet	
voicer	smith	single	isco	
voicer	species	single	sumo	
voicer	spinster	single	isco	
voicer	splitter	single	isco	
voicer	sprayer	single	isco	
voicer	stamper	single	isco	
voicer	stonecutter	single	isco	
voicer	transferer	single	isco	
voicer	tuner	single	isco	
voicer	turner	single	isco	
voicer	universe	single	sumo	
voicer	varnisher	single	isco	
voicer	vertebrate	single	sumo	
voicer	weaver	single	isco	
voicer	welder	single	isco	
voicer	woodcarver	single	isco	
voicer	worker	accepted	isco wordnet	
vulcanizer	agent	accepted	sumo wordnet	
vulcanizer	animal	single	sumo	
vulcanizer	body	single	sumo	
vulcanizer	digger	single	isco	
vulcanizer	drawer.person	single	isco	
vulcanizer	human	single	sumo	
vulcanizer	mammal	single	sumo	
vulcanizer	operator	single	isco	
vulcanizer	organism	accepted	sumo wordnet	
vulcanizer	person	accepted	sumo wordnet	
vulcanizer	phenomenon	single	sumo	
vulcanizer	physical-object	accepted	sumo wordnet	
vulcanizer	populace	single	sumo	
vulcanizer	self	single	sumo	
vulcanizer	skilled-worker	single	wordnet	
vulcanizer	species	single	sumo	
vulcanizer	universe	single	sumo	
vulcanizer	vertebrate	single	sumo	
vulcanizer	worker	accepted	isco wordnet	
waiter	adjutant	single	isco	
waiter	bodyguard	single	isco	
waiter	companion	single	isco	
waiter	concierge	single	isco	
waiter	gamekeeper	single	isco	
waiter	hostess	single	isco	
waiter	keeper	single	isco	
waiter	steward.person	single	isco	
waiter	stewardess	single	isco	
waitress	adjutant	single	isco	
waitress	agent	single	wordnet	
waitress	bodyguard	single	isco	
waitress	companion	single	isco	
waitress	concierge	single	isco	
waitress	employee	single	wordnet	
waitress	gamekeeper	single	isco	
waitress	guard	single	isco	
waitress	host	single	isco	
waitress	hostess	single	isco	
waitress	human	single	opencyc	
waitress	keeper	single	isco	
waitress	mammal	single	opencyc	
waitress	organism	single	wordnet	
waitress	person	single	wordnet	
waitress	physical-object	single	wordnet	
waitress	steward.person	single	isco	
waitress	stewardess	single	isco	
waitress	structure	single	opencyc	
waitress	system	single	opencyc	
waitress	vertebrate	single	opencyc	
waitress	waiter	single	wordnet	
waitress	worker	accepted	isco opencyc wordnet	
wanderer	agent	single	wordnet	
wanderer	attribute	single	sumo	
wanderer	beater	single	isco	
wanderer	blaster	single	isco	
wanderer	bodybuilder	single	isco	
wanderer	builder	single	isco	
wanderer	cabinetmaker	single	isco	
wanderer	caster.person	single	isco	
wanderer	closer	single	isco	
wanderer	compositor	single	isco	
wanderer	craftsman	single	isco	
wanderer	engraver	single	isco	
wanderer	etcher	single	isco	
wanderer	fitter	single	isco	
wanderer	glassworker	single	isco	
wanderer	grader	single	isco	
wanderer	ironworker	single	isco	
wanderer	machinist	single	isco	
wanderer	maker	single	isco	
wanderer	mender	single	isco	
wanderer	mounter	single	isco	
wanderer	organism	single	wordnet	
wanderer	painter	single	isco	
wanderer	patternmaker	single	isco	
wanderer	person	single	wordnet	
wanderer	physical-object	single	wordnet	
wanderer	property	single	sumo	
wanderer	refinisher	single	isco	
wanderer	rigger	single	isco	
wanderer	sewer	single	isco	
wanderer	shipwright	single	isco	
wanderer	smith	single	isco	
wanderer	spinster	single	isco	
wanderer	splitter	single	isco	
wanderer	sprayer	single	isco	
wanderer	stamper	single	isco	
wanderer	stonecutter	single	isco	
wanderer	transferer	single	isco	
wanderer	traveler	single	wordnet	
wanderer	tuner	single	isco	
wanderer	turner	single	isco	
wanderer	varnisher	single	isco	
wanderer	weaver	single	isco	
wanderer	welder	single	isco	
wanderer	woodcarver	single	isco	
wanderer	worker	single	isco	
warder	adjutant	single	isco	
warder	agent	single	wordnet	
warder	attribute	single	sumo	
warder	bodyguard	single	isco	
warder	companion	single	isco	
warder	concierge	single	isco	
warder	flatfoot	single	isco	
warder	gamekeeper	single	isco	
warder	guard	single	isco	
warder	host	single	isco	
warder	hostess	single	isco	
warder	keeper	single	isco	
warder	organism	single	wordnet	
warder	person	single	wordnet	
warder	physical-object	single	wordnet	
warder	property	single	sumo	
warder	worker	single	isco	
warrior	skilled-worker	single	opencyc	
washer.person	agent	single	wordnet	
washer.person	attribute	single	sumo	
washer.person	organism	single	wordnet	
washer.person	person	single	wordnet	
washer.person	physical-object	single	wordnet	
washer.person	property	single	sumo	
washer.person	worker	accepted	isco wordnet	
watchmaker	agent	single	wordnet	
watchmaker	attribute	single	sumo	
watchmaker	beater	single	isco	
watchmaker	blaster	single	isco	
watchmaker	bodybuilder	single	isco	
watchmaker	builder	single	isco	
watchmaker	cabinetmaker	single	isco	
watchmaker	caster.person	single	isco	
watchmaker	clocksmith	single	wikidata	
watchmaker	closer	single	isco	
watchmaker	compositor	single	isco	
watchmaker	craftsman	single	isco	
watchmaker	engraver	single	isco	
watchmaker	etcher	single	isco	
watchmaker	fitter	single	isco	
watchmaker	glassworker	single	isco	
watchmaker	grader	single	isco	
watchmaker	ironworker	single	isco	
watchmaker	machinist	single	isco	
watchmaker	maker	accepted	isco wordnet	
watchmaker	mender	single	isco	
watchmaker	mounter	single	isco	
watchmaker	organism	single	wordnet	
watchmaker	painter	single	isco	
watchmaker	patternmaker	single	isco	
watchmaker	person	single	wordnet	
watchmaker	physical-object	single	wordnet	
watchmaker	property	single	sumo	
watchmaker	refinisher	single	isco	
watchmaker	rigger	single	isco	
watchmaker	sewer	single	isco	
watchmaker	shipwright	single	isco	
watchmaker	smith	single	isco	
watchmaker	spinster	single	isco	
watchmaker	splitter	single	isco	
watchmaker	sprayer	single	isco	
watchmaker	stamper	single	isco	
watchmaker	stonecutter	single	isco	
watchmaker	transferer	single	isco	
watchmaker	tuner	single	isco	
watchmaker	turner	single	isco	
watchmaker	varnisher	single	isco	
watchmaker	weaver	single	isco	
watchmaker	welder	single	isco	
watchmaker	woodcarver	single	isco	
watchmaker	worker	single	isco	
watchman	adjutant	single	isco	
watchman	agent	single	wordnet	
watchman	attribute	single	sumo	
watchman	bodyguard	single	isco	
watchman	companion	single	isco	
watchman	concierge	single	isco	
watchman	flatfoot	single	isco	
watchman	gamekeeper	single	isco	
watchman	guard	accepted	isco wikidata wordnet	
watchman	host	single	isco	
watchman	hostess	single	isco	
watchman	keeper	single	isco	
watchman	organism	single	wordnet	
watchman	person	single	wordnet	
watchman	physical-object	single	wordnet	
watchman	property	single	sumo	
watchman	worker	single	isco	
weakness	companion	single	sumo	
wealth	companion	single	sumo	
weatherman	actor	single	wikidata	
weatherman	adviser	single	isco	
weatherman	agent	single	wordnet	
weatherman	analyst.person	single	isco	
weatherman	architect	single	isco	
weatherman	artist	single	isco	
weatherman	attribute	single	sumo	
weatherman	copywriter	single	isco	
weatherman	developer	single	isco	
weatherman	educator	single	isco	
weatherman	engineer	single	isco	
weatherman	epidemiologist	single	isco	
weatherman	expert	accepted	isco wordnet	
weatherman	hearer	single	isco	
weatherman	hostess	single	wikidata	
weatherman	immunologist	single	isco	
weatherman	meteorologist	single	wordnet	
weatherman	organism	single	wordnet	
weatherman	person	accepted	wikidata wordnet	
weatherman	physical-object	single	wordnet	
weatherman	practitioner	single	isco	
weatherman	professional	single	isco	
weatherman	property	single	sumo	
weatherman	research-worker	single	isco	
weatherman	scientist	single	isco	
weatherman	security-consultant	single	isco	
weatherman	specialist	accepted	isco wordnet	
weatherman	surveyor	single	isco	
weatherman	systems-analyst	single	isco	
weatherman	worker	single	isco	
weatherman	writer	single	isco	
weaver	agent	accepted	sumo wordnet	
weaver	animal	single	sumo	
weaver	beater	single	isco	
weaver	blaster	single	isco	
weaver	body	single	sumo	
weaver	bodybuilder	single	isco	
weaver	builder	single	isco	
weaver	cabinetmaker	single	isco	
weaver	caster.person	single	isco	
weaver	closer	single	isco	
weaver	compositor	single	isco	
weaver	craftsman	accepted	isco wordnet	
weaver	engraver	single	isco	
weaver	etcher	single	isco	
weaver	fitter	single	isco	
weaver	glassworker	single	isco	
weaver	grader	single	isco	
weaver	human	single	sumo	
weaver	ironworker	single	isco	
weaver	machinist	single	isco	
weaver	maker	single	isco	
weaver	mammal	single	sumo	
weaver	mender	single	isco	
weaver	mounter	single	isco	
weaver	organism	accepted	sumo wordnet	
weaver	painter	single	isco	
weaver	patternmaker	single	isco	
weaver	person	accepted	sumo wordnet	
weaver	phenomenon	single	sumo	
weaver	physical-object	accepted	sumo wordnet	
weaver	populace	single	sumo	
weaver	refinisher	single	isco	
weaver	rigger	single	isco	
weaver	self	single	sumo	
weaver	sewer	single	isco	
weaver	shipwright	single	isco	
weaver	skilled-worker	single	wordnet	
weaver	smith	single	isco	
weaver	species	single	sumo	
weaver	spinster	single	isco	
weaver	splitter	single	isco	
weaver	sprayer	single	isco	
weaver	stamper	single	isco	
weaver	stonecutter	single	isco	
weaver	transferer	single	isco	
weaver	tuner	single	isco	
weaver	turner	single	isco	
weaver	universe	single	sumo	
weaver	varnisher	single	isco	
weaver	vertebrate	single	sumo	
weaver	welder	single	isco	
weaver	woodcarver	single	isco	
weaver	worker	accepted	isco wordnet	
webmaster	agent	single	wordnet	
webmaster	attribute	single	sumo	
webmaster	cameraman	single	isco	
webmaster	detective	single	isco	
webmaster	inquiry-agent	single	isco	
webmaster	inspector	single	isco	
webmaster	man	single	isco	
webmaster	organism	single	wordnet	
webmaster	paralegal	single	isco	
webmaster	person	single	wordnet	
webmaster	physical-object	single	wordnet	
webmaster	promoter	single	isco	
webmaster	property	single	sumo	
webmaster	skilled-worker	single	wordnet	
webmaster	supervisor	single	isco	
webmaster	technician	accepted	isco wordnet	
webmaster	woman	single	isco	
webmaster	worker	accepted	isco wordnet	
welder	agent	single	wordnet	
welder	attribute	single	sumo	
welder	craftsman	accepted	wikidata wordnet	
welder	metallurgist	single	wikidata	
welder	organism	single	wordnet	
welder	person	accepted	wikidata wordnet	
welder	physical-object	single	wordnet	
welder	professional	single	wikidata	
welder	property	single	sumo	
welder	skilled-worker	single	wordnet	
welder	specialist	single	wikidata	
welder	technician	single	wikidata	
welder	worker	accepted	isco wikidata wordnet	
wheelwright	agent	single	wordnet	
wheelwright	attribute	single	sumo	
wheelwright	beater	single	isco	
wheelwright	blaster	single	isco	
wheelwright	bodybuilder	single	isco	
wheelwright	builder	single	isco	
wheelwright	cabinetmaker	single	isco	
wheelwright	caster.person	single	isco	
wheelwright	closer	single	isco	
wheelwright	compositor	single	isco	
wheelwright	craftsman	accepted	isco wikidata wordnet	
wheelwright	engraver	single	isco	
wheelwright	fitter	single	isco	
wheelwright	glassworker	single	isco	
wheelwright	grader	single	isco	
wheelwright	ironworker	single	isco	
wheelwright	machinist	single	isco	
wheelwright	maker	single	isco	
wheelwright	mender	single	isco	
wheelwright	organism	single	wordnet	
wheelwright	painter	single	isco	
wheelwright	patternmaker	single	isco	
wheelwright	person	accepted	wikidata wordnet	
wheelwright	physical-object	single	wordnet	
wheelwright	property	single	sumo	
wheelwright	refinisher	single	isco	
wheelwright	rigger	single	isco	
wheelwright	sewer	single	isco	
wheelwright	shipwright	single	isco	
wheelwright	skilled-worker	single	wordnet	
wheelwright	smith	single	isco	
wheelwright	spinster	single	isco	
wheelwright	splitter	single	isco	
wheelwright	sprayer	single	isco	
wheelwright	stainer	single	isco	
wheelwright	stonecutter	single	isco	
wheelwright	tuner	single	isco	
wheelwright	turner	single	isco	
wheelwright	varnisher	single	isco	
wheelwright	welder	single	isco	
wheelwright	woodcarver	single	isco	
wheelwright	woodworker	single	isco	
wheelwright	worker	accepted	isco wordnet	
wigmaker	agent	single	wordnet	
wigmaker	attribute	single	sumo	
wigmaker	beater	single	isco	
wigmaker	blaster	single	isco	
wigmaker	bodybuilder	single	isco	
wigmaker	builder	single	isco	
wigmaker	cabinetmaker	single	isco	
wigmaker	caster.person	single	isco	
wigmaker	closer	single	isco	
wigmaker	compositor	single	isco	
wigmaker	craftsman	single	isco	
wigmaker	dressmaker	single	isco	
wigmaker	engraver	single	isco	
wigmaker	fitter	single	isco	
wigmaker	glassworker	single	isco	
wigmaker	grader	single	isco	
wigmaker	ironworker	single	isco	
wigmaker	machinist	single	isco	
wigmaker	maker	accepted	isco wordnet	
wigmaker	mender	single	isco	
wigmaker	organism	single	wordnet	
wigmaker	painter	single	isco	
wigmaker	patternmaker	single	isco	
wigmaker	person	single	wordnet	
wigmaker	physical-object	single	wordnet	
wigmaker	property	single	sumo	
wigmaker	refinisher	single	isco	
wigmaker	rigger	single	isco	
wigmaker	sewer	single	isco	
wigmaker	shipwright	single	isco	
wigmaker	smith	single	isco	
wigmaker	spinster	single	isco	
wigmaker	splitter	single	isco	
wigmaker	sprayer	single	isco	
wigmaker	stainer	single	isco	
wigmaker	stonecutter	single	isco	
wigmaker	tuner	single	isco	
wigmaker	turner	single	isco	
wigmaker	varnisher	single	isco	
wigmaker	welder	single	isco	
wigmaker	woodcarver	single	isco	
wigmaker	worker	single	isco	
window-cleaner	agent	single	wordnet	
window-cleaner	animal-trainer	single	isco	
window-cleaner	attribute	single	sumo	
window-cleaner	bearer	single	isco	
window-cleaner	employee	single	wordnet	
window-cleaner	girl	single	isco	
window-cleaner	hired-hand	single	isco	
window-cleaner	laborer	accepted	isco wordnet	
window-cleaner	male-child	single	isco	
window-cleaner	messenger-boy	single	isco	
window-cleaner	organism	single	wordnet	
window-cleaner	person	single	wordnet	
window-cleaner	physical-object	single	wordnet	
window-cleaner	picker	single	isco	
window-cleaner	porter	single	isco	
window-cleaner	property	single	sumo	
window-cleaner	remover	single	isco	
window-cleaner	stacker	single	isco	
window-cleaner	stevedore	single	isco	
window-cleaner	sweeper	single	isco	
window-cleaner	washer.person	single	isco	
window-cleaner	window-washer	single	isco	
window-cleaner	worker	accepted	isco wordnet	
window-dresser	agent	single	wordnet	
window-dresser	attribute	single	sumo	
window-dresser	cameraman	single	isco	
window-dresser	craftsman	single	wordnet	
window-dresser	detective	single	isco	
window-dresser	inquiry-agent	single	isco	
window-dresser	inspector	single	isco	
window-dresser	man	single	isco	
window-dresser	organism	single	wordnet	
window-dresser	paralegal	single	isco	
window-dresser	person	single	wordnet	
window-dresser	physical-object	single	wordnet	
window-dresser	promoter	single	isco	
window-dresser	property	single	sumo	
window-dresser	skilled-worker	single	wordnet	
window-dresser	supervisor	single	isco	
window-dresser	technician	single	isco	
window-dresser	woman	single	isco	
window-dresser	worker	accepted	isco wordnet	
window-washer	agent	single	wordnet	
window-washer	attribute	single	sumo	
window-washer	human	single	opencyc	
window-washer	mammal	single	opencyc	
window-washer	organism	single	wordnet	
window-washer	person	single	wordnet	
window-washer	physical-object	single	wordnet	
window-washer	property	single	sumo	
window-washer	structure	single	opencyc	
window-washer	system	single	opencyc	
window-washer	vertebrate	single	opencyc	
window-washer	washer.person	single	wordnet	
window-washer	worker	accepted	isco opencyc wordnet	
wine-taster	agent	accepted	sumo wordnet	
wine-taster	animal	single	sumo	
wine-taster	authority	single	wordnet	
wine-taster	beater	single	isco	
wine-taster	blaster	single	isco	
wine-taster	body	single	sumo	
wine-taster	bodybuilder	single	isco	
wine-taster	builder	single	isco	
wine-taster	cabinetmaker	single	isco	
wine-taster	caster.person	single	isco	
wine-taster	closer	single	isco	
wine-taster	compositor	single	isco	
wine-taster	craftsman	single	isco	
wine-taster	engraver	single	isco	
wine-taster	expert	single	wordnet	
wine-taster	fitter	single	isco	
wine-taster	glassworker	single	isco	
wine-taster	grader	single	isco	
wine-taster	human	single	sumo	
wine-taster	ironworker	single	isco	
wine-taster	machinist	single	isco	
wine-taster	maker	single	isco	
wine-taster	mammal	single	sumo	
wine-taster	mender	single	isco	
wine-taster	organism	accepted	sumo wordnet	
wine-taster	painter	single	isco	
wine-taster	patternmaker	single	isco	
wine-taster	person	accepted	sumo wordnet	
wine-taster	phenomenon	single	sumo	
wine-taster	physical-object	accepted	sumo wordnet	
wine-taster	populace	single	sumo	
wine-taster	refinisher	single	isco	
wine-taster	rigger	single	isco	
wine-taster	self	single	sumo	
wine-taster	sewer	single	isco	
wine-taster	shipwright	single	isco	
wine-taster	smith	single	isco	
wine-taster	species	single	sumo	
wine-taster	spinster	single	isco	
wine-taster	splitter	single	isco	
wine-taster	sprayer	single	isco	
wine-taster	stainer	single	isco	
wine-taster	stonecutter	single	isco	
wine-taster	tuner	single	isco	
wine-taster	turner	single	isco	
wine-taster	universe	single	sumo	
wine-taster	varnisher	single	isco	
wine-taster	vertebrate	single	sumo	
wine-taster	welder	single	isco	
wine-taster	woodcarver	single	isco	
wine-taster	worker	single	isco	
wisecrack	companion	single	sumo	
witch-doctor	agent	single	wordnet	
witch-doctor	attribute	single	sumo	
witch-doctor	cameraman	single	isco	
witch-doctor	detective	single	isco	
witch-doctor	inquiry-agent	single	isco	
witch-doctor	inspector	single	isco	
witch-doctor	man	single	isco	
witch-doctor	organism	single	wordnet	
witch-doctor	paralegal	single	isco	
witch-doctor	person	single	wordnet	
witch-doctor	physical-object	single	wordnet	
witch-doctor	promoter	single	isco	
witch-doctor	property	single	sumo	
witch-doctor	supervisor	single	isco	
witch-doctor	technician	single	isco	
witch-doctor	woman	single	isco	
witch-doctor	worker	single	isco	
wonder	companion	single	sumo	
woodcarver	agent	single	wordnet	
woodcarver	attribute	single	sumo	
woodcarver	craftsman	accepted	wikidata wordnet	
woodcarver	organism	single	wordnet	
woodcarver	person	accepted	wikidata wordnet	
woodcarver	physical-object	single	wordnet	
woodcarver	property	single	sumo	
woodcarver	skilled-worker	single	wordnet	
woodcarver	woodworker	disputed	wordnet	isco
woodcarver	worker	accepted	isco wordnet	
woodcutter	agent	single	wordnet	
woodcutter	agriculturist	single	isco	
woodcutter	attribute	single	sumo	
woodcutter	cowboy	single	isco	
woodcutter	employee	single	wordnet	
woodcutter	farmer	single	isco	
woodcutter	farmhand	single	isco	
woodcutter	fisherman	single	isco	
woodcutter	forester	single	isco	
woodcutter	gardener	single	isco	
woodcutter	goat-herder	single	isco	
woodcutter	hunter	single	isco	
woodcutter	laborer	single	wordnet	
woodcutter	organism	single	wordnet	
woodcutter	person	single	wordnet	
woodcutter	physical-object	single	wordnet	
woodcutter	plantation-owner	single	isco	
woodcutter	property	single	sumo	
woodcutter	shepherd	single	isco	
woodcutter	trapper	single	isco	
woodcutter	worker	accepted	isco wordnet	
woodsman	agent	single	wordnet	
woodsman	agriculturist	single	isco	
woodsman	attribute	single	sumo	
woodsman	cowboy	single	isco	
woodsman	farmer	single	isco	
woodsman	farmhand	single	isco	
woodsman	fisherman	single	isco	
woodsman	forester	single	isco	
woodsman	gardener	single	isco	
woodsman	goat-herder	single	isco	
woodsman	hunter	single	isco	
woodsman	organism	single	wordnet	
woodsman	person	single	wordnet	
woodsman	physical-object	single	wordnet	
woodsman	plantation-owner	single	isco	
woodsman	property	single	sumo	
woodsman	shepherd	single	isco	
woodsman	trapper	single	isco	
woodsman	worker	single	isco	
woodworker	agent	single	wordnet	
woodworker	attribute	single	sumo	
woodworker	beater	single	isco	
woodworker	blaster	single	isco	
woodworker	bodybuilder	single	isco	
woodworker	builder	single	isco	
woodworker	cabinetmaker	disputed	isco wikidata	wordnet
woodworker	caster.person	single	isco	
woodworker	closer	single	isco	
woodworker	compositor	single	isco	
woodworker	craftsman	accepted	isco wikidata wordnet	
woodworker	engraver	single	isco	
woodworker	fitter	single	isco	
woodworker	glassworker	single	isco	
woodworker	grader	single	isco	
woodworker	ironworker	single	isco	
woodworker	joiner	single	wikidata	
woodworker	machinist	single	isco	
woodworker	maker	single	isco	
woodworker	mender	single	isco	
woodworker	organism	single	wordnet	
woodworker	painter	single	isco	
woodworker	patternmaker	single	isco	
woodworker	person	accepted	wikidata wordnet	
woodworker	physical-object	single	wordnet	
woodworker	property	single	sumo	
woodworker	refinisher	single	isco	
woodworker	rigger	single	isco	
woodworker	sewer	single	isco	
woodworker	shipwright	single	isco	
woodworker	skilled-worker	single	wordnet	
woodworker	smith	single	isco	
woodworker	spinster	single	isco	
woodworker	splitter	single	isco	
woodworker	sprayer	single	isco	
woodworker	stainer	single	isco	
woodworker	stonecutter	single	isco	
woodworker	tuner	single	isco	
woodworker	turner	single	isco	
woodworker	varnisher	single	isco	
woodworker	welder	single	isco	
woodworker	woodcarver	disputed	isco	wordnet
woodworker	worker	accepted	isco wordnet	
worth	companion	single	sumo	
wreck	companion	single	sumo	
wrecker	agent	single	wordnet	
wrecker	artifact	single	opencyc	
wrecker	attribute	single	sumo	
wrecker	beater	single	isco	
wrecker	blaster	single	isco	
wrecker	bodybuilder	single	isco	
wrecker	builder	single	isco	
wrecker	cabinetmaker	single	isco	
wrecker	caster.person	single	isco	
wrecker	closer	single	isco	
wrecker	compositor	single	isco	
wrecker	container	single	opencyc	
wrecker	craftsman	single	isco	
wrecker	device	single	opencyc	
wrecker	employee	single	wordnet	
wrecker	engraver	single	isco	
wrecker	fitter	single	isco	
wrecker	fixer	single	isco	
wrecker	glassworker	single	isco	
wrecker	grader	single	isco	
wrecker	ironworker	single	isco	
wrecker	laborer	single	wordnet	
wrecker	land-vehicle	single	opencyc	
wrecker	machinist	single	isco	
wrecker	maker	single	isco	
wrecker	mason	single	isco	
wrecker	mender	single	isco	
wrecker	motor-vehicle	single	opencyc	
wrecker	organism	single	wordnet	
wrecker	painter	single	isco	
wrecker	patternmaker	single	isco	
wrecker	person	single	wordnet	
wrecker	physical-object	single	wordnet	
wrecker	property	single	sumo	
wrecker	refinisher	single	isco	
wrecker	rigger	single	isco	
wrecker	sewer	single	isco	
wrecker	shipwright	single	isco	
wrecker	smith	single	isco	
wrecker	spinster	single	isco	
wrecker	splitter	single	isco	
wrecker	sprayer	single	isco	
wrecker	stonecutter	single	isco	
wrecker	truck	single	opencyc	
wrecker	tuner	single	isco	
wrecker	turner	single	isco	
wrecker	varnisher	single	isco	
wrecker	welder	single	isco	
wrecker	woodcarver	single	isco	
wrecker	worker	accepted	isco wordnet	
wrestler	agent	single	wordnet	
wrestler	athlete	accepted	opencyc wikidata	
wrestler	attribute	single	sumo	
wrestler	cameraman	single	isco	
wrestler	detective	single	isco	
wrestler	human	single	opencyc	
wrestler	inquiry-agent	single	isco	
wrestler	inspector	single	isco	
wrestler	mammal	single	opencyc	
wrestler	man	single	isco	
wrestler	organism	single	wordnet	
wrestler	paralegal	single	isco	
wrestler	person	single	wordnet	
wrestler	physical-object	single	wordnet	
wrestler	promoter	single	isco	
wrestler	property	single	sumo	
wrestler	sportsman	single	wikidata	
wrestler	structure	single	opencyc	
wrestler	supervisor	single	isco	
wrestler	system	single	opencyc	
wrestler	technician	single	isco	
wrestler	vertebrate	single	opencyc	
wrestler	woman	single	isco	
wrestler	worker	accepted	isco opencyc	
writer	communicator	disputed	wordnet	isco
yardmaster	agent	single	wordnet	
yardmaster	attribute	single	sumo	
yardmaster	clerk	single	isco	
yardmaster	employee	single	wordnet	
yardmaster	organism	single	wordnet	
yardmaster	person	single	wordnet	
yardmaster	physical-object	single	wordnet	
yardmaster	property	single	sumo	
yardmaster	worker	accepted	isco wordnet	
zoo-keeper	adjutant	single	isco	
zoo-keeper	agent	single	wordnet	
zoo-keeper	attribute	single	sumo	
zoo-keeper	bodyguard	single	isco	
zoo-keeper	companion	single	isco	
zoo-keeper	concierge	single	isco	
zoo-keeper	gamekeeper	single	isco	
zoo-keeper	guard	single	isco	
zoo-keeper	host	single	isco	
zoo-keeper	hostess	single	isco	
zoo-keeper	keeper	single	isco	
zoo-keeper	organism	single	wordnet	
zoo-keeper	person	single	wordnet	
zoo-keeper	physical-object	single	wordnet	
zoo-keeper	property	single	sumo	
zoo-keeper	research-worker	single	wikidata	
zoo-keeper	scientist	single	wikidata	
zoo-keeper	steward.person	single	isco	
zoo-keeper	stewardess	single	isco	
zoo-keeper	worker	single	isco	
zoo-keeper	zoologist	single	wikidata	
zoologist	adult	single	opencyc	
zoologist	adviser	single	isco	
zoologist	agent	single	wordnet	
zoologist	analyst.person	single	isco	
zoologist	architect	single	isco	
zoologist	artist	single	isco	
zoologist	copywriter	single	isco	
zoologist	developer	single	isco	
zoologist	educator	single	isco	
zoologist	engineer	single	isco	
zoologist	epidemiologist	single	isco	
zoologist	expert	single	isco	
zoologist	hearer	single	isco	
zoologist	human	single	opencyc	
zoologist	immunologist	single	isco	
zoologist	mammal	single	opencyc	
zoologist	organism	single	wordnet	
zoologist	person	single	wordnet	
zoologist	physical-object	single	wordnet	
zoologist	practitioner	single	isco	
zoologist	professional	single	isco	
zoologist	research-worker	accepted	isco wikidata	
zoologist	scientist	accepted	isco opencyc wikidata wordnet	
zoologist	security-consultant	single	isco	
zoologist	specialist	single	isco	
zoologist	structure	single	opencyc	
zoologist	surveyor	single	isco	
zoologist	system	single	opencyc	
zoologist	systems-analyst	single	isco	
zoologist	toxicologist	single	isco	
zoologist	vertebrate	single	opencyc	
zoologist	worker	accepted	isco opencyc	
zoologist	writer	single	isco	
