kind	sub	sup	detail
disputed	actor	sports-announcer	for isco; reversed by wikidata
disputed	analyst	systems-analyst	for isco; reversed by opencyc
disputed	announcer	sports-announcer	for isco; reversed by wikidata
disputed	breeder	cowboy	for isco; reversed by wikidata
disputed	breeder	goat-herder	for isco; reversed by wikidata
disputed	breeder	shepherd	for isco; reversed by wikidata
disputed	breeder	stockman	for wordnet; reversed by isco
disputed	cabinetmaker	woodworker	for wordnet; reversed by isco wikidata
disputed	cameraman	photographer	for wikidata wordnet; reversed by isco
disputed	caretaker	concierge	for isco; reversed by wordnet
disputed	chancellor-of-the-exchequer	minister	for wordnet; reversed by isco
disputed	chief-executive-officer	executive-director	for opencyc wordnet; reversed by wikidata
disputed	communicator	reporter	for isco; reversed by wordnet
disputed	communicator	sports-announcer	for isco; reversed by wordnet
disputed	communicator	writer	for isco; reversed by wordnet
disputed	compositor	pressman	for wordnet; reversed by isco
disputed	concierge	caretaker	for wordnet; reversed by isco
disputed	cowboy	breeder	for wikidata; reversed by isco
disputed	cowboy	herder	for opencyc wikidata; reversed by isco
disputed	cowboy	ranch-hand	for wordnet; reversed by isco
disputed	cowboy	rancher	for wikidata; reversed by isco
disputed	critic	sports-announcer	for isco; reversed by wikidata
disputed	doctor	epidemiologist	for isco; reversed by opencyc
disputed	doctor	immunologist	for isco; reversed by opencyc
disputed	epidemiologist	doctor	for opencyc; reversed by isco
disputed	epidemiologist	medical-scientist	for wikidata wordnet; reversed by isco
disputed	executive-director	chief-executive-officer	for wikidata; reversed by opencyc wordnet
disputed	executive-director	president.person	for wikidata; reversed by wordnet
disputed	fisherman	skilled-worker	for wordnet; reversed by isco
disputed	fitter	tailor	for wordnet; reversed by isco
disputed	forester	skilled-worker	for opencyc; reversed by isco
disputed	gardener	horticulturist	for wordnet; reversed by isco wikidata
disputed	goat-herder	breeder	for wikidata; reversed by isco
disputed	goat-herder	herder	for wikidata wordnet; reversed by isco
disputed	goat-herder	rancher	for wikidata; reversed by isco
disputed	governor	politician.person	for wordnet; reversed by isco
disputed	herder	cowboy	for isco; reversed by opencyc wikidata
disputed	herder	goat-herder	for isco; reversed by wikidata wordnet
disputed	herder	shepherd	for isco; reversed by opencyc wikidata
disputed	horticulturist	gardener	for isco wikidata; reversed by wordnet
disputed	hunter	skilled-worker	for wordnet; reversed by isco
disputed	immunologist	doctor	for opencyc; reversed by isco
disputed	immunologist	medical-scientist	for wikidata wordnet; reversed by isco
disputed	inquiry-agent	private-detective	for wordnet; reversed by isco
disputed	instrumentalist	performer	for wordnet; reversed by wikidata
disputed	medical-scientist	epidemiologist	for isco; reversed by wikidata wordnet
disputed	medical-scientist	immunologist	for isco; reversed by wikidata wordnet
disputed	medical-scientist	toxicologist	for isco; reversed by wordnet
disputed	minister	chancellor-of-the-exchequer	for isco; reversed by wordnet
disputed	mover	remover	for isco; reversed by wordnet
disputed	observer	sports-announcer	for isco; reversed by wikidata
disputed	performer	instrumentalist	for wikidata; reversed by wordnet
disputed	photographer	cameraman	for isco; reversed by wikidata wordnet
disputed	politician.person	governor	for isco; reversed by wordnet
disputed	president.person	executive-director	for wordnet; reversed by wikidata
disputed	pressman	compositor	for isco; reversed by wordnet
disputed	private-detective	inquiry-agent	for isco; reversed by wordnet
disputed	radio-announcer	sports-announcer	for isco; reversed by wikidata
disputed	ranch-hand	cowboy	for isco; reversed by wordnet
disputed	rancher	cowboy	for isco; reversed by wikidata
disputed	rancher	goat-herder	for isco; reversed by wikidata
disputed	rancher	shepherd	for isco; reversed by wikidata
disputed	remover	mover	for wordnet; reversed by isco
disputed	reporter	communicator	for wordnet; reversed by isco
disputed	rigger	steeplejack	for wikidata; reversed by isco
disputed	shepherd	breeder	for wikidata; reversed by isco
disputed	shepherd	herder	for opencyc wikidata; reversed by isco
disputed	shepherd	rancher	for wikidata; reversed by isco
disputed	skilled-worker	fisherman	for isco; reversed by wordnet
disputed	skilled-worker	forester	for isco; reversed by opencyc
disputed	skilled-worker	hunter	for isco; reversed by wordnet
disputed	skilled-worker	trapper	for isco; reversed by wordnet
disputed	sports-announcer	actor	for wikidata; reversed by isco
disputed	sports-announcer	announcer	for wikidata; reversed by isco
disputed	sports-announcer	communicator	for wordnet; reversed by isco
disputed	sports-announcer	critic	for wikidata; reversed by isco
disputed	sports-announcer	observer	for wikidata; reversed by isco
disputed	sports-announcer	radio-announcer	for wikidata; reversed by isco
disputed	sports-announcer	sports-writer	for wikidata; reversed by isco
disputed	sports-writer	sports-announcer	for isco; reversed by wikidata
disputed	steeplejack	rigger	for isco; reversed by wikidata
disputed	steward	stewardess	for isco; reversed by wordnet
disputed	stewardess	steward	for wordnet; reversed by isco
disputed	stockman	breeder	for isco; reversed by wordnet
disputed	systems-analyst	analyst	for opencyc; reversed by isco
disputed	tailor	fitter	for isco; reversed by wordnet
disputed	toxicologist	medical-scientist	for wordnet; reversed by isco
disputed	trapper	skilled-worker	for wordnet; reversed by isco
disputed	woodcarver	woodworker	for wordnet; reversed by isco
disputed	woodworker	cabinetmaker	for isco wikidata; reversed by wordnet
disputed	woodworker	woodcarver	for isco; reversed by wordnet
disputed	writer	communicator	for wordnet; reversed by isco
single	able-seaman	agent	only wordnet
single	able-seaman	attribute	only sumo
single	able-seaman	digger	only isco
single	able-seaman	driver	only isco
single	able-seaman	operator	only isco
single	able-seaman	organism	only wordnet
single	able-seaman	person	only wordnet
single	able-seaman	physical-object	only wordnet
single	able-seaman	property	only sumo
single	able-seaman	sailor	only wordnet
single	able-seaman	skilled-worker	only wordnet
single	able-seaman	teamster	only isco
single	accompanist	adviser	only isco
single	accompanist	agent	only wordnet
single	accompanist	analyst.person	only isco
single	accompanist	architect	only isco
single	accompanist	attribute	only sumo
single	accompanist	copywriter	only isco
single	accompanist	developer	only isco
single	accompanist	editor	only isco
single	accompanist	educator	only isco
single	accompanist	engineer	only isco
single	accompanist	epidemiologist	only isco
single	accompanist	expert	only isco
single	accompanist	hearer	only isco
single	accompanist	immunologist	only isco
single	accompanist	musician	only wikidata
single	accompanist	organism	only wordnet
single	accompanist	performer	only wordnet
single	accompanist	physical-object	only wordnet
single	accompanist	professional	only isco
single	accompanist	property	only sumo
single	accompanist	reporter	only isco
single	accompanist	research-worker	only isco
single	accompanist	scientist	only isco
single	accompanist	specialist	only isco
single	accompanist	sports-announcer	only isco
single	accompanist	systems-analyst	only isco
single	accompanist	translator	only isco
single	accompanist	worker	only isco
single	accompanist	writer	only isco
single	acrobat	adviser	only isco
single	acrobat	agent	only wordnet
single	acrobat	analyst.person	only isco
single	acrobat	architect	only isco
single	acrobat	athlete	only wordnet
single	acrobat	copywriter	only isco
single	acrobat	developer	only isco
single	acrobat	editor	only isco
single	acrobat	educator	only isco
single	acrobat	engineer	only isco
single	acrobat	epidemiologist	only isco
single	acrobat	expert	only isco
single	acrobat	hearer	only isco
single	acrobat	human	only opencyc
single	acrobat	immunologist	only isco
single	acrobat	mammal	only opencyc
single	acrobat	organism	only wordnet
single	acrobat	person	only wordnet
single	acrobat	physical-object	only wordnet
single	acrobat	reporter	only isco
single	acrobat	research-worker	only isco
single	acrobat	scientist	only isco
single	acrobat	skilled-worker	only opencyc
single	acrobat	specialist	only isco
single	acrobat	sports-announcer	only isco
single	acrobat	structure	only opencyc
single	acrobat	system	only opencyc
single	acrobat	systems-analyst	only isco
single	acrobat	translator	only isco
single	acrobat	vertebrate	only opencyc
single	acrobat	writer	only isco
single	actor	analyst.person	only isco
single	actor	copywriter	only isco
single	actor	developer	only isco
single	actor	editor	only isco
single	actor	educator	only isco
single	actor	epidemiologist	only isco
single	actor	hearer	only isco
single	actor	immunologist	only isco
single	actor	skilled-worker	only opencyc
single	actor	systems-analyst	only isco
single	actor	translator	only isco
single	adjutant	agent	only wordnet
single	adjutant	clerk	only wikidata
single	adjutant	organism	only wordnet
single	adjutant	person	only wordnet
single	adjutant	physical-object	only wordnet
single	adjutant	secretary	only wikidata
single	adjutant	skilled-worker	only wordnet
single	advocate	analyst.person	only isco
single	advocate	copywriter	only isco
single	advocate	developer	only isco
single	advocate	editor	only isco
single	advocate	educator	only isco
single	advocate	epidemiologist	only isco
single	advocate	hearer	only isco
single	advocate	immunologist	only isco
single	advocate	sports-announcer	only isco
single	advocate	systems-analyst	only isco
single	advocate	translator	only isco
single	aeronautical-engineer	adviser	only isco
single	aeronautical-engineer	agent	only wordnet
single	aeronautical-engineer	analyst.person	only isco
single	aeronautical-engineer	architect	only isco
single	aeronautical-engineer	artist	only isco
single	aeronautical-engineer	copywriter	only isco
single	aeronautical-engineer	developer	only isco
single	aeronautical-engineer	educator	only isco
single	aeronautical-engineer	epidemiologist	only isco
single	aeronautical-engineer	expert	only isco
single	aeronautical-engineer	hearer	only isco
single	aeronautical-engineer	immunologist	only isco
single	aeronautical-engineer	organism	only wordnet
single	aeronautical-engineer	person	only wordnet
single	aeronautical-engineer	physical-object	only wordnet
single	aeronautical-engineer	professional	only isco
single	aeronautical-engineer	research-worker	only isco
single	aeronautical-engineer	scientist	only isco
single	aeronautical-engineer	specialist	only isco
single	aeronautical-engineer	surveyor	only isco
single	aeronautical-engineer	systems-analyst	only isco
single	aeronautical-engineer	writer	only isco
single	aerospace-engineer	adult	only opencyc
single	aerospace-engineer	adviser	only isco
single	aerospace-engineer	agent	only wordnet
single	aerospace-engineer	analyst.person	only isco
single	aerospace-engineer	architect	only isco
single	aerospace-engineer	artist	only isco
single	aerospace-engineer	copywriter	only isco
single	aerospace-engineer	developer	only isco
single	aerospace-engineer	educator	only isco
single	aerospace-engineer	epidemiologist	only isco
single	aerospace-engineer	expert	only isco
single	aerospace-engineer	hearer	only isco
single	aerospace-engineer	human	only opencyc
single	aerospace-engineer	immunologist	only isco
single	aerospace-engineer	mammal	only opencyc
single	aerospace-engineer	organism	only wordnet
single	aerospace-engineer	person	only wordnet
single	aerospace-engineer	physical-object	only wordnet
single	aerospace-engineer	research-worker	only isco
single	aerospace-engineer	scientist	only isco
single	aerospace-engineer	skilled-worker	only opencyc
single	aerospace-engineer	specialist	only isco
single	aerospace-engineer	structure	only opencyc
single	aerospace-engineer	surveyor	only isco
single	aerospace-engineer	system	only opencyc
single	aerospace-engineer	systems-analyst	only isco
single	aerospace-engineer	vertebrate	only opencyc
single	aerospace-engineer	writer	only isco
single	agriculturist	agent	only wordnet
single	agriculturist	attribute	only sumo
single	agriculturist	farmer	only wordnet
single	agriculturist	human	only opencyc
single	agriculturist	mammal	only opencyc
single	agriculturist	organism	only wordnet
single	agriculturist	person	only wordnet
single	agriculturist	physical-object	only wordnet
single	agriculturist	property	only sumo
single	agriculturist	structure	only opencyc
single	agriculturist	system	only opencyc
single	agriculturist	vertebrate	only opencyc
single	agronomist	adult	only opencyc
single	agronomist	adviser	only isco
single	agronomist	agent	only wordnet
single	agronomist	analyst.person	only isco
single	agronomist	architect	only isco
single	agronomist	artist	only isco
single	agronomist	attribute	only sumo
single	agronomist	copywriter	only isco
single	agronomist	developer	only isco
single	agronomist	educator	only isco
single	agronomist	epidemiologist	only isco
single	agronomist	hearer	only isco
single	agronomist	human	only opencyc
single	agronomist	immunologist	only isco
single	agronomist	mammal	only opencyc
single	agronomist	organism	only wordnet
single	agronomist	person	only wordnet
single	agronomist	physical-object	only wordnet
single	agronomist	professional	only isco
single	agronomist	property	only sumo
single	agronomist	research-worker	only isco
single	agronomist	specialist	only isco
single	agronomist	structure	only opencyc
single	agronomist	surveyor	only isco
single	agronomist	system	only opencyc
single	agronomist	systems-analyst	only isco
single	agronomist	toxicologist	only isco
single	agronomist	vertebrate	only opencyc
single	agronomist	writer	only isco
single	aide	agent	only wordnet
single	aide	assistant	only wordnet
single	aide	attribute	only sumo
single	aide	cameraman	only isco
single	aide	detective	only isco
single	aide	inspector	only isco
single	aide	man	only isco
single	aide	organism	only wordnet
single	aide	paralegal	only isco
single	aide	person	only wordnet
single	aide	physical-object	only wordnet
single	aide	promoter	only isco
single	aide	property	only sumo
single	aide	supervisor	only isco
single	aide	technician	only isco
single	aide	woman	only isco
single	ambassador	adult	only opencyc
single	ambassador	agent	only wordnet
single	ambassador	chairman	only isco
single	ambassador	chancellor-of-the-exchequer	only isco
single	ambassador	chief	only isco
single	ambassador	general-manager	only isco
single	ambassador	governor	only isco
single	ambassador	human	only opencyc
single	ambassador	mammal	only opencyc
single	ambassador	official	only wordnet
single	ambassador	organism	only wordnet
single	ambassador	person	only wordnet
single	ambassador	physical-object	only wordnet
single	ambassador	president.person	only isco
single	ambassador	professional	only opencyc
single	ambassador	secretary-general	only isco
single	ambassador	structure	only opencyc
single	ambassador	system	only opencyc
single	ambassador	vertebrate	only opencyc
single	analyst	analyst.person	only isco
single	analyst	copywriter	only isco
single	analyst	developer	only isco
single	analyst	editor	only isco
single	analyst	educator	only isco
single	analyst	epidemiologist	only isco
single	analyst	hearer	only isco
single	analyst	immunologist	only isco
single	analyst	sports-announcer	only isco
single	analyst	translator	only isco
single	analyst.person	agent	only wordnet
single	analyst.person	amateur	only sumo
single	analyst.person	ambiance	only sumo
single	analyst.person	attribute	only sumo
single	analyst.person	circumstance	only sumo
single	analyst.person	civilisation	only sumo
single	analyst.person	crowd	only sumo
single	analyst.person	custom	only sumo
single	analyst.person	danger	only sumo
single	analyst.person	freedom	only sumo
single	analyst.person	hero	only sumo
single	analyst.person	lap	only sumo
single	analyst.person	literary-works	only sumo
single	analyst.person	normal	only sumo
single	analyst.person	organism	only wordnet
single	analyst.person	person	only wordnet
single	analyst.person	physical-object	only wordnet
single	analyst.person	point-of-view	only sumo
single	analyst.person	practice	only sumo
single	analyst.person	property	only sumo
single	analyst.person	society	only sumo
single	analyst.person	status	only sumo
single	analyst.person	tension	only sumo
single	analyst.person	way	only sumo
single	analyst.person	worker	only isco
single	anatomist	adviser	only isco
single	anatomist	agent	only wordnet
single	anatomist	analyst.person	only isco
single	anatomist	architect	only isco
single	anatomist	artist	only isco
single	anatomist	attribute	only sumo
single	anatomist	copywriter	only isco
single	anatomist	developer	only isco
single	anatomist	doctor	only wikidata
single	anatomist	educator	only isco
single	anatomist	engineer	only isco
single	anatomist	epidemiologist	only isco
single	anatomist	hearer	only isco
single	anatomist	immunologist	only isco
single	anatomist	organism	only wordnet
single	anatomist	person	only wordnet
single	anatomist	physical-object	only wordnet
single	anatomist	professional	only isco
single	anatomist	property	only sumo
single	anatomist	specialist	only isco
single	anatomist	surveyor	only isco
single	anatomist	systems-analyst	only isco
single	anatomist	toxicologist	only isco
single	anatomist	worker	only isco
single	anatomist	writer	only isco
single	anatomist	zoologist	only wikidata
single	anchorman	adviser	only isco
single	anchorman	agent	only wordnet
single	anchorman	analyst.person	only isco
single	anchorman	architect	only isco
single	anchorman	artist	only isco
single	anchorman	attribute	only sumo
single	anchorman	communicator	only wordnet
single	anchorman	copywriter	only isco
single	anchorman	developer	only isco
single	anchorman	editor	only isco
single	anchorman	educator	only isco
single	anchorman	engineer	only isco
single	anchorman	epidemiologist	only isco
single	anchorman	expert	only isco
single	anchorman	hearer	only isco
single	anchorman	immunologist	only isco
single	anchorman	organism	only wordnet
single	anchorman	person	only wordnet
single	anchorman	physical-object	only wordnet
single	anchorman	professional	only isco
single	anchorman	property	only sumo
single	anchorman	research-worker	only isco
single	anchorman	scientist	only isco
single	anchorman	specialist	only isco
single	anchorman	sports-announcer	only isco
single	anchorman	systems-analyst	only isco
single	anchorman	translator	only isco
single	anchorman	worker	only isco
single	anchorman	writer	only isco
single	animal-trainer	agent	only wordnet
single	animal-trainer	attribute	only sumo
single	animal-trainer	human	only opencyc
single	animal-trainer	leader	only wordnet
single	animal-trainer	mammal	only opencyc
single	animal-trainer	organism	only wordnet
single	animal-trainer	person	only wordnet
single	animal-trainer	physical-object	only wordnet
single	animal-trainer	property	only sumo
single	animal-trainer	skilled-worker	only opencyc
single	animal-trainer	structure	only opencyc
single	animal-trainer	system	only opencyc
single	animal-trainer	vertebrate	only opencyc
single	announcer	adviser	only isco
single	announcer	analyst.person	only isco
single	announcer	animal	only sumo
single	announcer	architect	only isco
single	announcer	artist	only isco
single	announcer	body	only sumo
single	announcer	communicator	only wordnet
single	announcer	copywriter	only isco
single	announcer	developer	only isco
single	announcer	editor	only isco
single	announcer	educator	only isco
single	announcer	engineer	only isco
single	announcer	epidemiologist	only isco
single	announcer	expert	only isco
single	announcer	hearer	only isco
single	announcer	immunologist	only isco
single	announcer	populace	only sumo
single	announcer	professional	only isco
single	announcer	reporter	only isco
single	announcer	research-worker	only isco
single	announcer	scientist	only isco
single	announcer	self	only sumo
single	announcer	specialist	only isco
single	announcer	species	only sumo
single	announcer	structure	only opencyc
single	announcer	system	only opencyc
single	announcer	systems-analyst	only isco
single	announcer	translator	only isco
single	announcer	worker	only isco
single	announcer	writer	only isco
single	anthropologist	adult	only opencyc
single	anthropologist	adviser	only isco
single	anthropologist	agent	only wordnet
single	anthropologist	analyst.person	only isco
single	anthropologist	architect	only isco
single	anthropologist	artist	only isco
single	anthropologist	copywriter	only isco
single	anthropologist	developer	only isco
single	anthropologist	editor	only isco
single	anthropologist	educator	only isco
single	anthropologist	engineer	only isco
single	anthropologist	epidemiologist	only isco
single	anthropologist	expert	only isco
single	anthropologist	hearer	only isco
single	anthropologist	human	only opencyc
single	anthropologist	immunologist	only isco
single	anthropologist	mammal	only opencyc
single	anthropologist	organism	only wordnet
single	anthropologist	person	only wordnet
single	anthropologist	physical-object	only wordnet
single	anthropologist	professional	only isco
single	anthropologist	reporter	only isco
single	anthropologist	specialist	only isco
single	anthropologist	sports-announcer	only isco
single	anthropologist	structure	only opencyc
single	anthropologist	system	only opencyc
single	anthropologist	systems-analyst	only isco
single	anthropologist	translator	only isco
single	anthropologist	vertebrate	only opencyc
single	anthropologist	writer	only isco
single	applicant	beater	only isco
single	applicant	blaster	only isco
single	applicant	bodybuilder	only isco
single	applicant	cabinetmaker	only isco
single	applicant	caster.person	only isco
single	applicant	compositor	only isco
single	applicant	engraver	only isco
single	applicant	fitter	only isco
single	applicant	glassworker	only isco
single	applicant	ironworker	only isco
single	applicant	machinist	only isco
single	applicant	maker	only isco
single	applicant	mender	only isco
single	applicant	refinisher	only isco
single	applicant	rigger	only isco
single	applicant	shipwright	only isco
single	applicant	smith	only isco
single	applicant	splitter	only isco
single	applicant	sprayer	only isco
single	applicant	stainer	only isco
single	applicant	stonecutter	only isco
single	applicant	tuner	only isco
single	applicant	varnisher	only isco
single	applicant	welder	only isco
single	applicant	woodcarver	only isco
single	applicant	woodworker	only isco
single	appraiser	adult	only opencyc
single	appraiser	agent	only wordnet
single	appraiser	attribute	only sumo
single	appraiser	authority	only wordnet
single	appraiser	broker	only isco
single	appraiser	cameraman	only isco
single	appraiser	detective	only isco
single	appraiser	expert	only wordnet
single	appraiser	human	only opencyc
single	appraiser	inspector	only isco
single	appraiser	investment-banker	only isco
single	appraiser	mammal	only opencyc
single	appraiser	man	only isco
single	appraiser	organism	only wordnet
single	appraiser	paralegal	only isco
single	appraiser	person	only wordnet
single	appraiser	physical-object	only wordnet
single	appraiser	professional	only opencyc
single	appraiser	promoter	only isco
single	appraiser	property	only sumo
single	appraiser	skilled-worker	only opencyc
single	appraiser	structure	only opencyc
single	appraiser	supervisor	only isco
single	appraiser	system	only opencyc
single	appraiser	tax-assessor	only isco
single	appraiser	technician	only isco
single	appraiser	trader	only isco
single	appraiser	vertebrate	only opencyc
single	appraiser	woman	only isco
single	arbiter	adviser	only isco
single	arbiter	agent	only wordnet
single	arbiter	analyst.person	only isco
single	arbiter	architect	only isco
single	arbiter	artist	only isco
single	arbiter	attribute	only sumo
single	arbiter	authority	only wordnet
single	arbiter	copywriter	only isco
single	arbiter	developer	only isco
single	arbiter	educator	only isco
single	arbiter	engineer	only isco
single	arbiter	epidemiologist	only isco
single	arbiter	hearer	only isco
single	arbiter	immunologist	only isco
single	arbiter	judge	only wikidata
single	arbiter	jurist	only wikidata
single	arbiter	organism	only wordnet
single	arbiter	person	only wordnet
single	arbiter	physical-object	only wordnet
single	arbiter	property	only sumo
single	arbiter	research-worker	only isco
single	arbiter	scientist	only isco
single	arbiter	systems-analyst	only isco
single	arbiter	writer	only isco
single	archbishop	adult	only opencyc
single	archbishop	adviser	only isco
single	archbishop	agent	only wordnet
single	archbishop	analyst.person	only isco
single	archbishop	architect	only isco
single	archbishop	artist	only isco
single	archbishop	attribute	only wordnet
single	archbishop	copywriter	only isco
single	archbishop	developer	only isco
single	archbishop	editor	only isco
single	archbishop	educator	only isco
single	archbishop	engineer	only isco
single	archbishop	epidemiologist	only isco
single	archbishop	expert	only isco
single	archbishop	hearer	only isco
single	archbishop	human	only opencyc
single	archbishop	immunologist	only isco
single	archbishop	leader	only wordnet
single	archbishop	mammal	only opencyc
single	archbishop	organism	only wordnet
single	archbishop	person	only wordnet
single	archbishop	physical-object	only wordnet
single	archbishop	priest	only wordnet
single	archbishop	reporter	only isco
single	archbishop	research-worker	only isco
single	archbishop	scientist	only isco
single	archbishop	skilled-worker	only opencyc
single	archbishop	specialist	only isco
single	archbishop	sports-announcer	only isco
single	archbishop	state	only wordnet
single	archbishop	status	only wordnet
single	archbishop	structure	only opencyc
single	archbishop	system	only opencyc
single	archbishop	systems-analyst	only isco
single	archbishop	translator	only isco
single	archbishop	vertebrate	only opencyc
single	archbishop	writer	only isco
single	archeologist	adviser	only isco
single	archeologist	agent	only wordnet
single	archeologist	analyst.person	only isco
single	archeologist	anthropologist	only wordnet
single	archeologist	architect	only isco
single	archeologist	artist	only isco
single	archeologist	copywriter	only isco
single	archeologist	developer	only isco
single	archeologist	editor	only isco
single	archeologist	educator	only isco
single	archeologist	engineer	only isco
single	archeologist	epidemiologist	only isco
single	archeologist	expert	only isco
single	archeologist	hearer	only isco
single	archeologist	immunologist	only isco
single	archeologist	organism	only wordnet
single	archeologist	person	only wordnet
single	archeologist	physical-object	only wordnet
single	archeologist	professional	only isco
single	archeologist	reporter	only isco
single	archeologist	research-worker	only isco
single	archeologist	social-scientist	only wordnet
single	archeologist	specialist	only isco
single	archeologist	sports-announcer	only isco
single	archeologist	systems-analyst	only isco
single	archeologist	translator	only isco
single	archeologist	worker	only isco
single	archeologist	writer	only isco
single	archivist	adviser	only isco
single	archivist	agent	only wordnet
single	archivist	analyst.person	only isco
single	archivist	architect	only isco
single	archivist	artist	only isco
single	archivist	attribute	only sumo
single	archivist	copywriter	only isco
single	archivist	developer	only isco
single	archivist	editor	only isco
single	archivist	educator	only isco
single	archivist	engineer	only isco
single	archivist	epidemiologist	only isco
single	archivist	expert	only isco
single	archivist	hearer	only isco
single	archivist	human	only opencyc
single	archivist	immunologist	only isco
single	archivist	mammal	only opencyc
single	archivist	organism	only wordnet
single	archivist	person	only wordnet
single	archivist	physical-object	only wordnet
single	archivist	professional	only isco
single	archivist	property	only sumo
single	archivist	reporter	only isco
single	archivist	research-worker	only isco
single	archivist	scientist	only isco
single	archivist	specialist	only isco
single	archivist	sports-announcer	only isco
single	archivist	structure	only opencyc
single	archivist	system	only opencyc
single	archivist	systems-analyst	only isco
single	archivist	translator	only isco
single	archivist	vertebrate	only opencyc
single	archivist	writer	only isco
single	art-critic	adult	only wordnet
single	art-critic	adviser	only isco
single	art-critic	agent	only wordnet
single	art-critic	analyst.person	only isco
single	art-critic	architect	only isco
single	art-critic	artist	only isco
single	art-critic	attribute	only sumo
single	art-critic	copywriter	only isco
single	art-critic	developer	only isco
single	art-critic	editor	only isco
single	art-critic	educator	only isco
single	art-critic	engineer	only isco
single	art-critic	epidemiologist	only isco
single	art-critic	expert	only isco
single	art-critic	hearer	only isco
single	art-critic	immunologist	only isco
single	art-critic	organism	only wordnet
single	art-critic	physical-object	only wordnet
single	art-critic	property	only sumo
single	art-critic	reporter	only isco
single	art-critic	research-worker	only isco
single	art-critic	scientist	only isco
single	art-critic	specialist	only isco
single	art-critic	sports-announcer	only isco
single	art-critic	systems-analyst	only isco
single	art-critic	translator	only isco
single	art-critic	worker	only isco
single	art-critic	writer	only isco
single	artist's-model	adjutant	only isco
single	artist's-model	adult	only opencyc
single	artist's-model	agent	only wordnet
single	artist's-model	assistant	only wordnet
single	artist's-model	attribute	only sumo
single	artist's-model	bodyguard	only isco
single	artist's-model	concierge	only isco
single	artist's-model	guard	only isco
single	artist's-model	host	only isco
single	artist's-model	hostess	only isco
single	artist's-model	human	only opencyc
single	artist's-model	mammal	only opencyc
single	artist's-model	mannequin	only wikidata
single	artist's-model	organism	only wordnet
single	artist's-model	person	only wordnet
single	artist's-model	physical-object	only wordnet
single	artist's-model	poser	only wordnet
single	artist's-model	professional	only opencyc
single	artist's-model	property	only sumo
single	artist's-model	salesclerk	only isco
single	artist's-model	seller	only isco
single	artist's-model	skilled-worker	only opencyc
single	artist's-model	structure	only opencyc
single	artist's-model	system	only opencyc
single	artist's-model	vertebrate	only opencyc
single	assayer	adviser	only isco
single	assayer	agent	only wordnet
single	assayer	architect	only isco
single	assayer	artist	only isco
single	assayer	attribute	only sumo
single	assayer	copywriter	only isco
single	assayer	developer	only isco
single	assayer	educator	only isco
single	assayer	engineer	only isco
single	assayer	epidemiologist	only isco
single	assayer	hearer	only isco
single	assayer	immunologist	only isco
single	assayer	organism	only wordnet
single	assayer	person	only wordnet
single	assayer	physical-object	only wordnet
single	assayer	professional	only isco
single	assayer	property	only sumo
single	assayer	research-worker	only isco
single	assayer	scientist	only isco
single	assayer	specialist	only isco
single	assayer	surveyor	only isco
single	assayer	systems-analyst	only isco
single	assayer	worker	only isco
single	assayer	writer	only isco
single	associate	adviser	only isco
single	associate	agent	only wordnet
single	associate	analyst.person	only isco
single	associate	architect	only isco
single	associate	artist	only isco
single	associate	attribute	only sumo
single	associate	copywriter	only isco
single	associate	developer	only isco
single	associate	educator	only isco
single	associate	engineer	only isco
single	associate	epidemiologist	only isco
single	associate	expert	only isco
single	associate	hearer	only isco
single	associate	human	only opencyc
single	associate	immunologist	only isco
single	associate	mammal	only opencyc
single	associate	organism	only wordnet
single	associate	person	only wordnet
single	associate	physical-object	only wordnet
single	associate	professional	only isco
single	associate	property	only sumo
single	associate	research-worker	only isco
single	associate	scientist	only isco
single	associate	specialist	only isco
single	associate	structure	only opencyc
single	associate	surveyor	only isco
single	associate	system	only opencyc
single	associate	systems-analyst	only isco
single	associate	toxicologist	only isco
single	associate	vertebrate	only opencyc
single	associate	worker	only isco
single	associate	writer	only isco
single	astrologer	adjutant	only isco
single	astrologer	agent	only wordnet
single	astrologer	attribute	only sumo
single	astrologer	bodyguard	only isco
single	astrologer	concierge	only isco
single	astrologer	guard	only isco
single	astrologer	host	only isco
single	astrologer	hostess	only isco
single	astrologer	human	only opencyc
single	astrologer	intellect	only opencyc
single	astrologer	mammal	only opencyc
single	astrologer	organism	only wordnet
single	astrologer	person	only wordnet
single	astrologer	physical-object	only wordnet
single	astrologer	property	only sumo
single	astrologer	stewardess	only isco
single	astrologer	structure	only opencyc
single	astrologer	system	only opencyc
single	astrologer	vertebrate	only opencyc
single	astrologer	worker	only isco
single	astrophysicist	adviser	only isco
single	astrophysicist	agent	only wordnet
single	astrophysicist	analyst.person	only isco
single	astrophysicist	architect	only isco
single	astrophysicist	artist	only isco
single	astrophysicist	copywriter	only isco
single	astrophysicist	developer	only isco
single	astrophysicist	educator	only isco
single	astrophysicist	engineer	only isco
single	astrophysicist	epidemiologist	only isco
single	astrophysicist	expert	only isco
single	astrophysicist	hearer	only isco
single	astrophysicist	immunologist	only isco
single	astrophysicist	organism	only wordnet
single	astrophysicist	person	only wordnet
single	astrophysicist	physical-object	only wordnet
single	astrophysicist	professional	only isco
single	astrophysicist	specialist	only isco
single	astrophysicist	surveyor	only isco
single	astrophysicist	systems-analyst	only isco
single	astrophysicist	worker	only isco
single	astrophysicist	writer	only isco
single	athlete	cameraman	only isco
single	athlete	inspector	only isco
single	athlete	paralegal	only isco
single	athlete	promoter	only isco
single	athlete	technician	only isco
single	auctioneer	agent	only wordnet
single	auctioneer	cameraman	only isco
single	auctioneer	detective	only isco
single	auctioneer	inspector	only isco
single	auctioneer	investment-banker	only isco
single	auctioneer	leader	only wikidata
single	auctioneer	man	only isco
single	auctioneer	organism	only wordnet
single	auctioneer	paralegal	only isco
single	auctioneer	physical-object	only wordnet
single	auctioneer	promoter	only isco
single	auctioneer	supervisor	only isco
single	auctioneer	technician	only isco
single	auctioneer	trader	only isco
single	auctioneer	woman	only isco
single	auctioneer	worker	only isco
single	auditor	skilled-worker	only opencyc
single	automobile-mechanic	agent	only wordnet
single	automobile-mechanic	attribute	only sumo
single	automobile-mechanic	beater	only isco
single	automobile-mechanic	blaster	only isco
single	automobile-mechanic	bodybuilder	only isco
single	automobile-mechanic	cabinetmaker	only isco
single	automobile-mechanic	caster.person	only isco
single	automobile-mechanic	compositor	only isco
single	automobile-mechanic	craftsman	only isco
single	automobile-mechanic	engraver	only isco
single	automobile-mechanic	fitter	only isco
single	automobile-mechanic	glassworker	only isco
single	automobile-mechanic	human	only opencyc
single	automobile-mechanic	ironworker	only isco
single	automobile-mechanic	machinist	only isco
single	automobile-mechanic	maker	only isco
single	automobile-mechanic	mammal	only opencyc
single	automobile-mechanic	organism	only wordnet
single	automobile-mechanic	painter	only isco
single	automobile-mechanic	person	only wordnet
single	automobile-mechanic	physical-object	only wordnet
single	automobile-mechanic	property	only sumo
single	automobile-mechanic	refinisher	only isco
single	automobile-mechanic	rigger	only isco
single	automobile-mechanic	shipwright	only isco
single	automobile-mechanic	skilled-worker	only wordnet
single	automobile-mechanic	smith	only isco
single	automobile-mechanic	splitter	only isco
single	automobile-mechanic	sprayer	only isco
single	automobile-mechanic	stonecutter	only isco
single	automobile-mechanic	structure	only opencyc
single	automobile-mechanic	system	only opencyc
single	automobile-mechanic	trade	only sumo
single	automobile-mechanic	tuner	only isco
single	automobile-mechanic	varnisher	only isco
single	automobile-mechanic	vertebrate	only opencyc
single	automobile-mechanic	welder	only isco
single	automobile-mechanic	woodcarver	only isco
single	automotive-engineer	adult	only opencyc
single	automotive-engineer	adviser	only isco
single	automotive-engineer	agent	only wordnet
single	automotive-engineer	analyst.person	only isco
single	automotive-engineer	architect	only isco
single	automotive-engineer	artist	only isco
single	automotive-engineer	copywriter	only isco
single	automotive-engineer	developer	only isco
single	automotive-engineer	educator	only isco
single	automotive-engineer	epidemiologist	only isco
single	automotive-engineer	expert	only isco
single	automotive-engineer	hearer	only isco
single	automotive-engineer	human	only opencyc
single	automotive-engineer	immunologist	only isco
single	automotive-engineer	mammal	only opencyc
single	automotive-engineer	organism	only wordnet
single	automotive-engineer	person	only wordnet
single	automotive-engineer	physical-object	only wordnet
single	automotive-engineer	research-worker	only isco
single	automotive-engineer	scientist	only isco
single	automotive-engineer	skilled-worker	only opencyc
single	automotive-engineer	specialist	only isco
single	automotive-engineer	structure	only opencyc
single	automotive-engineer	surveyor	only isco
single	automotive-engineer	system	only opencyc
single	automotive-engineer	systems-analyst	only isco
single	automotive-engineer	vertebrate	only opencyc
single	automotive-engineer	writer	only isco
single	ayah	adjutant	only isco
single	ayah	agent	only wordnet
single	ayah	attribute	only sumo
single	ayah	bodyguard	only isco
single	ayah	concierge	only isco
single	ayah	guard	only isco
single	ayah	host	only isco
single	ayah	hostess	only isco
single	ayah	organism	only wordnet
single	ayah	person	only wordnet
single	ayah	physical-object	only wordnet
single	ayah	property	only sumo
single	bacteriologist	adult	only opencyc
single	bacteriologist	adviser	only isco
single	bacteriologist	agent	only wordnet
single	bacteriologist	analyst.person	only isco
single	bacteriologist	architect	only isco
single	bacteriologist	artist	only isco
single	bacteriologist	copywriter	only isco
single	bacteriologist	developer	only isco
single	bacteriologist	educator	only isco
single	bacteriologist	engineer	only isco
single	bacteriologist	epidemiologist	only isco
single	bacteriologist	expert	only isco
single	bacteriologist	hearer	only isco
single	bacteriologist	human	only opencyc
single	bacteriologist	immunologist	only isco
single	bacteriologist	mammal	only opencyc
single	bacteriologist	microbiologist	only wikidata
single	bacteriologist	organism	only wordnet
single	bacteriologist	person	only wordnet
single	bacteriologist	physical-object	only wordnet
single	bacteriologist	professional	only isco
single	bacteriologist	specialist	only isco
single	bacteriologist	structure	only opencyc
single	bacteriologist	surveyor	only isco
single	bacteriologist	system	only opencyc
single	bacteriologist	systems-analyst	only isco
single	bacteriologist	toxicologist	only isco
single	bacteriologist	vertebrate	only opencyc
single	bacteriologist	writer	only isco
single	bailiff	agent	only wordnet
single	bailiff	cameraman	only isco
single	bailiff	detective	only isco
single	bailiff	human	only opencyc
single	bailiff	inspector	only isco
single	bailiff	mammal	only opencyc
single	bailiff	man	only isco
single	bailiff	official	only wordnet
single	bailiff	organism	only wordnet
single	bailiff	paralegal	only isco
single	bailiff	person	only wordnet
single	bailiff	physical-object	only wordnet
single	bailiff	professional	only opencyc
single	bailiff	promoter	only isco
single	bailiff	structure	only opencyc
single	bailiff	supervisor	only isco
single	bailiff	system	only opencyc
single	bailiff	technician	only isco
single	bailiff	vertebrate	only opencyc
single	bailiff	woman	only isco
single	ballerina	adviser	only isco
single	ballerina	agent	only wordnet
single	ballerina	analyst.person	only isco
single	ballerina	architect	only isco
single	ballerina	copywriter	only isco
single	ballerina	developer	only isco
single	ballerina	editor	only isco
single	ballerina	educator	only isco
single	ballerina	engineer	only isco
single	ballerina	epidemiologist	only isco
single	ballerina	expert	only isco
single	ballerina	hearer	only isco
single	ballerina	human	only opencyc
single	ballerina	immunologist	only isco
single	ballerina	mammal	only opencyc
single	ballerina	organism	only wordnet
single	ballerina	performer	only wordnet
single	ballerina	person	only wordnet
single	ballerina	physical-object	only wordnet
single	ballerina	reporter	only isco
single	ballerina	research-worker	only isco
single	ballerina	scientist	only isco
single	ballerina	skilled-worker	only opencyc
single	ballerina	specialist	only isco
single	ballerina	sports-announcer	only isco
single	ballerina	structure	only opencyc
single	ballerina	system	only opencyc
single	ballerina	systems-analyst	only isco
single	ballerina	translator	only isco
single	ballerina	vertebrate	only opencyc
single	ballerina	writer	only isco
single	ballet-dancer	adviser	only isco
single	ballet-dancer	agent	only wordnet
single	ballet-dancer	analyst.person	only isco
single	ballet-dancer	architect	only isco
single	ballet-dancer	copywriter	only isco
single	ballet-dancer	developer	only isco
single	ballet-dancer	editor	only isco
single	ballet-dancer	educator	only isco
single	ballet-dancer	engineer	only isco
single	ballet-dancer	epidemiologist	only isco
single	ballet-dancer	expert	only isco
single	ballet-dancer	hearer	only isco
single	ballet-dancer	human	only opencyc
single	ballet-dancer	immunologist	only isco
single	ballet-dancer	mammal	only opencyc
single	ballet-dancer	organism	only wordnet
single	ballet-dancer	performer	only wordnet
single	ballet-dancer	person	only wordnet
single	ballet-dancer	physical-object	only wordnet
single	ballet-dancer	reporter	only isco
single	ballet-dancer	research-worker	only isco
single	ballet-dancer	scientist	only isco
single	ballet-dancer	skilled-worker	only opencyc
single	ballet-dancer	specialist	only isco
single	ballet-dancer	sports-announcer	only isco
single	ballet-dancer	structure	only opencyc
single	ballet-dancer	system	only opencyc
single	ballet-dancer	systems-analyst	only isco
single	ballet-dancer	translator	only isco
single	ballet-dancer	vertebrate	only opencyc
single	ballet-dancer	writer	only isco
single	bandleader	adviser	only isco
single	bandleader	agent	only wordnet
single	bandleader	analyst.person	only isco
single	bandleader	architect	only isco
single	bandleader	attribute	only sumo
single	bandleader	conductor	only opencyc
single	bandleader	copywriter	only isco
single	bandleader	developer	only isco
single	bandleader	editor	only isco
single	bandleader	educator	only isco
single	bandleader	engineer	only isco
single	bandleader	epidemiologist	only isco
single	bandleader	expert	only isco
single	bandleader	hearer	only isco
single	bandleader	human	only opencyc
single	bandleader	immunologist	only isco
single	bandleader	instrumentalist	only wikidata
single	bandleader	leader	only wikidata
single	bandleader	mammal	only opencyc
single	bandleader	music-director	only wordnet
single	bandleader	organism	only wordnet
single	bandleader	physical-object	only wordnet
single	bandleader	property	only sumo
single	bandleader	reporter	only isco
single	bandleader	research-worker	only isco
single	bandleader	scientist	only isco
single	bandleader	skilled-worker	only opencyc
single	bandleader	specialist	only isco
single	bandleader	sports-announcer	only isco
single	bandleader	structure	only opencyc
single	bandleader	system	only opencyc
single	bandleader	systems-analyst	only isco
single	bandleader	translator	only isco
single	bandleader	vertebrate	only opencyc
single	bandleader	writer	only isco
single	bandmaster	adviser	only isco
single	bandmaster	agent	only wordnet
single	bandmaster	analyst.person	only isco
single	bandmaster	architect	only isco
single	bandmaster	attribute	only sumo
single	bandmaster	bandleader	only wikidata
single	bandmaster	copywriter	only isco
single	bandmaster	developer	only isco
single	bandmaster	editor	only isco
single	bandmaster	educator	only isco
single	bandmaster	engineer	only isco
single	bandmaster	epidemiologist	only isco
single	bandmaster	expert	only isco
single	bandmaster	hearer	only isco
single	bandmaster	immunologist	only isco
single	bandmaster	instrumentalist	only wikidata
single	bandmaster	leader	only wikidata
single	bandmaster	music-director	only wordnet
single	bandmaster	organism	only wordnet
single	bandmaster	physical-object	only wordnet
single	bandmaster	professional	only isco
single	bandmaster	property	only sumo
single	bandmaster	reporter	only isco
single	bandmaster	research-worker	only isco
single	bandmaster	scientist	only isco
single	bandmaster	specialist	only isco
single	bandmaster	sports-announcer	only isco
single	bandmaster	systems-analyst	only isco
single	bandmaster	translator	only isco
single	bandmaster	worker	only isco
single	bandmaster	writer	only isco
single	bank-manager	administrator	only wordnet
single	bank-manager	agent	only wordnet
single	bank-manager	general-manager	only isco
single	bank-manager	governor	only isco
single	bank-manager	leader	only wordnet
single	bank-manager	matron	only isco
single	bank-manager	organism	only wordnet
single	bank-manager	person	only wordnet
single	bank-manager	physical-object	only wordnet
single	bank-manager	worker	only isco
single	banker	adult	only opencyc
single	banker	agent	only wordnet
single	banker	businessman	only wikidata
single	banker	chief	only isco
single	banker	general-manager	only isco
single	banker	governor	only isco
single	banker	human	only opencyc
single	banker	mammal	only opencyc
single	banker	manager	only isco
single	banker	organism	only wordnet
single	banker	person	only wordnet
single	banker	physical-object	only wordnet
single	banker	professional	only opencyc
single	banker	skilled-worker	only opencyc
single	banker	structure	only opencyc
single	banker	system	only opencyc
single	banker	vertebrate	only opencyc
single	barber	adjutant	only isco
single	barber	agent	only wordnet
single	barber	attribute	only sumo
single	barber	bodyguard	only isco
single	barber	concierge	only isco
single	barber	craftsman	only wordnet
single	barber	guard	only isco
single	barber	host	only isco
single	barber	hostess	only isco
single	barber	organism	only wordnet
single	barber	person	only wordnet
single	barber	physical-object	only wordnet
single	barber	property	only sumo
single	barber	skilled-worker	only wordnet
single	barber	stewardess	only isco
single	barber	trade	only sumo
single	baritone	adviser	only isco
single	baritone	analyst.person	only isco
single	baritone	animal	only sumo
single	baritone	architect	only isco
single	baritone	body	only sumo
single	baritone	copywriter	only isco
single	baritone	developer	only isco
single	baritone	editor	only isco
single	baritone	educator	only isco
single	baritone	engineer	only isco
single	baritone	epidemiologist	only isco
single	baritone	expert	only isco
single	baritone	hearer	only isco
single	baritone	immunologist	only isco
single	baritone	instrumentalist	only wordnet
single	baritone	man	only sumo
single	baritone	musician	only opencyc
single	baritone	performer	only wordnet
single	baritone	populace	only sumo
single	baritone	reporter	only isco
single	baritone	research-worker	only isco
single	baritone	scientist	only isco
single	baritone	self	only sumo
single	baritone	skilled-worker	only opencyc
single	baritone	specialist	only isco
single	baritone	species	only sumo
single	baritone	sports-announcer	only isco
single	baritone	structure	only opencyc
single	baritone	system	only opencyc
single	baritone	systems-analyst	only isco
single	baritone	translator	only isco
single	baritone	writer	only isco
single	barmaid	adjutant	only isco
single	barmaid	agent	only wordnet
single	barmaid	attribute	only sumo
single	barmaid	bodyguard	only isco
single	barmaid	concierge	only isco
single	barmaid	employee	only wordnet
single	barmaid	guard	only isco
single	barmaid	host	only isco
single	barmaid	hostess	only isco
single	barmaid	organism	only wordnet
single	barmaid	person	only wordnet
single	barmaid	physical-object	only wordnet
single	barmaid	property	only sumo
single	barmaid	stewardess	only isco
single	barrister	adult	only wordnet
single	barrister	adviser	only isco
single	barrister	agent	only wordnet
single	barrister	analyst.person	only isco
single	barrister	architect	only isco
single	barrister	artist	only isco
single	barrister	copywriter	only isco
single	barrister	developer	only isco
single	barrister	editor	only isco
single	barrister	educator	only isco
single	barrister	engineer	only isco
single	barrister	epidemiologist	only isco
single	barrister	expert	only isco
single	barrister	hearer	only isco
single	barrister	immunologist	only isco
single	barrister	organism	only wordnet
single	barrister	person	only wordnet
single	barrister	physical-object	only wordnet
single	barrister	reporter	only isco
single	barrister	research-worker	only isco
single	barrister	scientist	only isco
single	barrister	sports-announcer	only isco
single	barrister	systems-analyst	only isco
single	barrister	translator	only isco
single	barrister	writer	only isco
single	bartender	adjutant	only isco
single	bartender	agent	only wordnet
single	bartender	attribute	only sumo
single	bartender	bodyguard	only isco
single	bartender	concierge	only isco
single	bartender	employee	only wordnet
single	bartender	guard	only isco
single	bartender	host	only isco
single	bartender	hostess	only isco
single	bartender	human	only opencyc
single	bartender	mammal	only opencyc
single	bartender	organism	only wordnet
single	bartender	person	only wordnet
single	bartender	physical-object	only wordnet
single	bartender	property	only sumo
single	bartender	stewardess	only isco
single	bartender	structure	only opencyc
single	bartender	system	only opencyc
single	bartender	vertebrate	only opencyc
single	bartender	waiter	only wikidata
single	bartender	waitress	only wikidata
single	basket-maker	artist	only wikidata
single	basket-maker	beater	only isco
single	basket-maker	blaster	only isco
single	basket-maker	bodybuilder	only isco
single	basket-maker	cabinetmaker	only isco
single	basket-maker	caster.person	only isco
single	basket-maker	collection	only sumo
single	basket-maker	compositor	only isco
single	basket-maker	engraver	only isco
single	basket-maker	etcher	only isco
single	basket-maker	fitter	only isco
single	basket-maker	glassworker	only isco
single	basket-maker	group	only sumo
single	basket-maker	ironworker	only isco
single	basket-maker	machinist	only isco
single	basket-maker	maker	only isco
single	basket-maker	mender	only isco
single	basket-maker	mounter	only isco
single	basket-maker	organism	only wordnet
single	basket-maker	painter	only isco
single	basket-maker	people	only sumo
single	basket-maker	physical-object	only wordnet
single	basket-maker	refinisher	only isco
single	basket-maker	rigger	only isco
single	basket-maker	school-class	only sumo
single	basket-maker	shipwright	only isco
single	basket-maker	smith	only isco
single	basket-maker	splitter	only isco
single	basket-maker	sprayer	only isco
single	basket-maker	stamper	only isco
single	basket-maker	stonecutter	only isco
single	basket-maker	transferer	only isco
single	basket-maker	tuner	only isco
single	basket-maker	varnisher	only isco
single	basket-maker	weaver	only isco
single	basket-maker	welder	only isco
single	basket-maker	woodcarver	only isco
single	basket-maker	worker	only isco
single	basketweaver	agent	only wordnet
single	basketweaver	attribute	only sumo
single	basketweaver	beater	only isco
single	basketweaver	blaster	only isco
single	basketweaver	bodybuilder	only isco
single	basketweaver	cabinetmaker	only isco
single	basketweaver	caster.person	only isco
single	basketweaver	compositor	only isco
single	basketweaver	craftsman	only isco
single	basketweaver	engraver	only isco
single	basketweaver	etcher	only isco
single	basketweaver	fitter	only isco
single	basketweaver	glassworker	only isco
single	basketweaver	ironworker	only isco
single	basketweaver	machinist	only isco
single	basketweaver	mender	only isco
single	basketweaver	mounter	only isco
single	basketweaver	organism	only wordnet
single	basketweaver	painter	only isco
single	basketweaver	person	only wordnet
single	basketweaver	physical-object	only wordnet
single	basketweaver	property	only sumo
single	basketweaver	refinisher	only isco
single	basketweaver	rigger	only isco
single	basketweaver	shipwright	only isco
single	basketweaver	smith	only isco
single	basketweaver	splitter	only isco
single	basketweaver	sprayer	only isco
single	basketweaver	stamper	only isco
single	basketweaver	stonecutter	only isco
single	basketweaver	trade	only sumo
single	basketweaver	transferer	only isco
single	basketweaver	tuner	only isco
single	basketweaver	varnisher	only isco
single	basketweaver	weaver	only isco
single	basketweaver	welder	only isco
single	basketweaver	woodcarver	only isco
single	basketweaver	worker	only isco
single	beachcomber	animal	only sumo
single	beachcomber	animal-trainer	only isco
single	beachcomber	body	only sumo
single	beachcomber	girl	only isco
single	beachcomber	hired-hand	only isco
single	beachcomber	human	only sumo
single	beachcomber	laborer	only isco
single	beachcomber	male-child	only isco
single	beachcomber	mammal	only sumo
single	beachcomber	picker	only isco
single	beachcomber	populace	only sumo
single	beachcomber	porter	only isco
single	beachcomber	remover	only isco
single	beachcomber	self	only sumo
single	beachcomber	species	only sumo
single	beachcomber	stacker	only isco
single	beachcomber	stevedore	only isco
single	beachcomber	sweeper	only isco
single	beachcomber	traveler	only wordnet
single	beachcomber	vertebrate	only sumo
single	beachcomber	washer.person	only isco
single	beachcomber	window-washer	only isco
single	beachcomber	worker	only isco
single	beater	animal	only sumo
single	beater	body	only sumo
single	beater	human	only sumo
single	beater	mammal	only sumo
single	beater	populace	only sumo
single	beater	self	only sumo
single	beater	species	only sumo
single	beater	vertebrate	only sumo
single	beautician	adjutant	only isco
single	beautician	agent	only wordnet
single	beautician	attribute	only sumo
single	beautician	bodyguard	only isco
single	beautician	concierge	only isco
single	beautician	craftsman	only wordnet
single	beautician	guard	only isco
single	beautician	host	only isco
single	beautician	hostess	only isco
single	beautician	organism	only wordnet
single	beautician	person	only wordnet
single	beautician	physical-object	only wordnet
single	beautician	property	only sumo
single	beautician	skilled-worker	only wordnet
single	beautician	stewardess	only isco
single	beautician	trade	only sumo
single	beekeeper	adult	only opencyc
single	beekeeper	agent	only wordnet
single	beekeeper	agriculturist	only isco
single	beekeeper	attribute	only sumo
single	beekeeper	breeder	only isco
single	beekeeper	cowboy	only isco
single	beekeeper	farmhand	only isco
single	beekeeper	fisherman	only isco
single	beekeeper	forester	only isco
single	beekeeper	gardener	only isco
single	beekeeper	goat-herder	only isco
single	beekeeper	human	only opencyc
single	beekeeper	hunter	only isco
single	beekeeper	mammal	only opencyc
single	beekeeper	organism	only wordnet
single	beekeeper	person	only wordnet
single	beekeeper	physical-object	only wordnet
single	beekeeper	property	only sumo
single	beekeeper	shepherd	only isco
single	beekeeper	structure	only opencyc
single	beekeeper	system	only opencyc
single	beekeeper	trade	only sumo
single	beekeeper	trapper	only isco
single	beekeeper	vertebrate	only opencyc
single	beekeeper	worker	only isco
single	behaviorist	adviser	only isco
single	behaviorist	analyst.person	only isco
single	behaviorist	architect	only isco
single	behaviorist	artist	only isco
single	behaviorist	collection	only sumo
single	behaviorist	copywriter	only isco
single	behaviorist	developer	only isco
single	behaviorist	educator	only isco
single	behaviorist	engineer	only isco
single	behaviorist	epidemiologist	only isco
single	behaviorist	expert	only isco
single	behaviorist	group	only sumo
single	behaviorist	hearer	only isco
single	behaviorist	immunologist	only isco
single	behaviorist	organism	only wordnet
single	behaviorist	people	only sumo
single	behaviorist	person	only wordnet
single	behaviorist	physical-object	only wordnet
single	behaviorist	professional	only isco
single	behaviorist	psychologist	only wordnet
single	behaviorist	research-worker	only isco
single	behaviorist	school-class	only sumo
single	behaviorist	specialist	only isco
single	behaviorist	surveyor	only isco
single	behaviorist	systems-analyst	only isco
single	behaviorist	toxicologist	only isco
single	behaviorist	worker	only isco
single	behaviorist	writer	only isco
single	bell-ringer	adviser	only isco
single	bell-ringer	agent	only wordnet
single	bell-ringer	analyst.person	only isco
single	bell-ringer	architect	only isco
single	bell-ringer	attribute	only sumo
single	bell-ringer	copywriter	only isco
single	bell-ringer	developer	only isco
single	bell-ringer	editor	only isco
single	bell-ringer	educator	only isco
single	bell-ringer	engineer	only isco
single	bell-ringer	epidemiologist	only isco
single	bell-ringer	expert	only isco
single	bell-ringer	hearer	only isco
single	bell-ringer	immunologist	only isco
single	bell-ringer	musician	only wikidata
single	bell-ringer	organism	only wordnet
single	bell-ringer	percussionist	only wikidata
single	bell-ringer	performer	only wordnet
single	bell-ringer	physical-object	only wordnet
single	bell-ringer	professional	only isco
single	bell-ringer	property	only sumo
single	bell-ringer	reporter	only isco
single	bell-ringer	research-worker	only isco
single	bell-ringer	scientist	only isco
single	bell-ringer	specialist	only isco
single	bell-ringer	sports-announcer	only isco
single	bell-ringer	systems-analyst	only isco
single	bell-ringer	translator	only isco
single	bell-ringer	worker	only isco
single	bell-ringer	writer	only isco
single	bellboy	agent	only wordnet
single	bellboy	animal-trainer	only isco
single	bellboy	assistant	only wordnet
single	bellboy	girl	only isco
single	bellboy	hired-hand	only isco
single	bellboy	human	only opencyc
single	bellboy	laborer	only isco
single	bellboy	male-child	only isco
single	bellboy	mammal	only opencyc
single	bellboy	organism	only wordnet
single	bellboy	person	only wordnet
single	bellboy	physical-object	only wordnet
single	bellboy	picker	only isco
single	bellboy	remover	only isco
single	bellboy	stacker	only isco
single	bellboy	stevedore	only isco
single	bellboy	structure	only opencyc
single	bellboy	sweeper	only isco
single	bellboy	system	only opencyc
single	bellboy	vertebrate	only opencyc
single	bellboy	washer.person	only isco
single	bellboy	window-washer	only isco
single	bill-poster	agent	only wordnet
single	bill-poster	animal-trainer	only isco
single	bill-poster	attribute	only sumo
single	bill-poster	girl	only isco
single	bill-poster	hired-hand	only isco
single	bill-poster	laborer	only isco
single	bill-poster	male-child	only isco
single	bill-poster	organism	only wordnet
single	bill-poster	person	only wordnet
single	bill-poster	physical-object	only wordnet
single	bill-poster	picker	only isco
single	bill-poster	porter	only isco
single	bill-poster	property	only sumo
single	bill-poster	remover	only isco
single	bill-poster	stacker	only isco
single	bill-poster	stevedore	only isco
single	bill-poster	sweeper	only isco
single	bill-poster	washer.person	only isco
single	bill-poster	window-washer	only isco
single	biochemist	adult	only opencyc
single	biochemist	adviser	only isco
single	biochemist	agent	only wordnet
single	biochemist	analyst.person	only isco
single	biochemist	architect	only isco
single	biochemist	artist	only isco
single	biochemist	copywriter	only isco
single	biochemist	developer	only isco
single	biochemist	educator	only isco
single	biochemist	engineer	only isco
single	biochemist	epidemiologist	only isco
single	biochemist	expert	only isco
single	biochemist	hearer	only isco
single	biochemist	human	only opencyc
single	biochemist	immunologist	only isco
single	biochemist	mammal	only opencyc
single	biochemist	organism	only wordnet
single	biochemist	person	only wordnet
single	biochemist	physical-object	only wordnet
single	biochemist	professional	only isco
single	biochemist	specialist	only isco
single	biochemist	structure	only opencyc
single	biochemist	surveyor	only isco
single	biochemist	system	only opencyc
single	biochemist	systems-analyst	only isco
single	biochemist	toxicologist	only isco
single	biochemist	vertebrate	only opencyc
single	biochemist	writer	only isco
single	biographer	adviser	only isco
single	biographer	analyst.person	only isco
single	biographer	animal	only sumo
single	biographer	architect	only isco
single	biographer	body	only sumo
single	biographer	copywriter	only isco
single	biographer	developer	only isco
single	biographer	editor	only isco
single	biographer	educator	only isco
single	biographer	engineer	only isco
single	biographer	epidemiologist	only isco
single	biographer	expert	only isco
single	biographer	hearer	only isco
single	biographer	historian	only wikidata
single	biographer	immunologist	only isco
single	biographer	populace	only sumo
single	biographer	professional	only isco
single	biographer	reporter	only isco
single	biographer	research-worker	only isco
single	biographer	scientist	only isco
single	biographer	self	only sumo
single	biographer	specialist	only isco
single	biographer	species	only sumo
single	biographer	sports-announcer	only isco
single	biographer	structure	only opencyc
single	biographer	system	only opencyc
single	biographer	systems-analyst	only isco
single	biographer	translator	only isco
single	biophysicist	adviser	only isco
single	biophysicist	agent	only wordnet
single	biophysicist	analyst.person	only isco
single	biophysicist	architect	only isco
single	biophysicist	artist	only isco
single	biophysicist	copywriter	only isco
single	biophysicist	developer	only isco
single	biophysicist	educator	only isco
single	biophysicist	engineer	only isco
single	biophysicist	epidemiologist	only isco
single	biophysicist	expert	only isco
single	biophysicist	hearer	only isco
single	biophysicist	immunologist	only isco
single	biophysicist	organism	only wordnet
single	biophysicist	person	only wordnet
single	biophysicist	physical-object	only wordnet
single	biophysicist	professional	only isco
single	biophysicist	specialist	only isco
single	biophysicist	surveyor	only isco
single	biophysicist	systems-analyst	only isco
single	biophysicist	toxicologist	only isco
single	biophysicist	worker	only isco
single	biophysicist	writer	only isco
single	bishop	analyst.person	only isco
single	bishop	copywriter	only isco
single	bishop	developer	only isco
single	bishop	editor	only isco
single	bishop	educator	only isco
single	bishop	epidemiologist	only isco
single	bishop	hearer	only isco
single	bishop	immunologist	only isco
single	bishop	priest	only wordnet
single	bishop	sports-announcer	only isco
single	bishop	systems-analyst	only isco
single	bishop	translator	only isco
single	blacksmith	agent	only wordnet
single	blacksmith	attribute	only sumo
single	blacksmith	beater	only isco
single	blacksmith	blaster	only isco
single	blacksmith	bodybuilder	only isco
single	blacksmith	cabinetmaker	only isco
single	blacksmith	caster.person	only isco
single	blacksmith	compositor	only isco
single	blacksmith	engraver	only isco
single	blacksmith	fitter	only isco
single	blacksmith	glassworker	only isco
single	blacksmith	ironworker	only isco
single	blacksmith	machinist	only isco
single	blacksmith	maker	only isco
single	blacksmith	mender	only isco
single	blacksmith	organism	only wordnet
single	blacksmith	painter	only isco
single	blacksmith	physical-object	only wordnet
single	blacksmith	property	only sumo
single	blacksmith	refinisher	only isco
single	blacksmith	rigger	only isco
single	blacksmith	shipwright	only isco
single	blacksmith	skilled-worker	only wordnet
single	blacksmith	smith	only isco
single	blacksmith	splitter	only isco
single	blacksmith	sprayer	only isco
single	blacksmith	stonecutter	only isco
single	blacksmith	tuner	only isco
single	blacksmith	varnisher	only isco
single	blacksmith	welder	only isco
single	blacksmith	woodcarver	only isco
single	blaster	agent	only wordnet
single	blaster	attribute	only sumo
single	blaster	employee	only wordnet
single	blaster	organism	only wordnet
single	blaster	person	only wordnet
single	blaster	physical-object	only wordnet
single	blaster	property	only sumo
single	bleacher	animal	only sumo
single	bleacher	artifact	only opencyc
single	bleacher	beater	only isco
single	bleacher	blaster	only isco
single	bleacher	body	only sumo
single	bleacher	bodybuilder	only isco
single	bleacher	cabinetmaker	only isco
single	bleacher	caster.person	only isco
single	bleacher	compositor	only isco
single	bleacher	craftsman	only isco
single	bleacher	device	only opencyc
single	bleacher	engraver	only isco
single	bleacher	etcher	only isco
single	bleacher	fitter	only isco
single	bleacher	glassworker	only isco
single	bleacher	human	only sumo
single	bleacher	ironworker	only isco
single	bleacher	machinist	only isco
single	bleacher	maker	only isco
single	bleacher	mammal	only sumo
single	bleacher	mender	only isco
single	bleacher	mounter	only isco
single	bleacher	painter	only isco
single	bleacher	populace	only sumo
single	bleacher	refinisher	only isco
single	bleacher	rigger	only isco
single	bleacher	self	only sumo
single	bleacher	shipwright	only isco
single	bleacher	smith	only isco
single	bleacher	species	only sumo
single	bleacher	splitter	only isco
single	bleacher	sprayer	only isco
single	bleacher	stamper	only isco
single	bleacher	stonecutter	only isco
single	bleacher	transferer	only isco
single	bleacher	tuner	only isco
single	bleacher	varnisher	only isco
single	bleacher	vertebrate	only sumo
single	bleacher	weaver	only isco
single	bleacher	welder	only isco
single	bleacher	woodcarver	only isco
single	blogger	adviser	only isco
single	blogger	analyst.person	only isco
single	blogger	animal	only sumo
single	blogger	architect	only isco
single	blogger	artist	only isco
single	blogger	body	only sumo
single	blogger	copywriter	only isco
single	blogger	developer	only isco
single	blogger	editor	only isco
single	blogger	educator	only isco
single	blogger	engineer	only isco
single	blogger	epidemiologist	only isco
single	blogger	expert	only isco
single	blogger	hearer	only isco
single	blogger	human	only sumo
single	blogger	immunologist	only isco
single	blogger	mammal	only sumo
single	blogger	populace	only sumo
single	blogger	professional	only isco
single	blogger	reporter	only isco
single	blogger	research-worker	only isco
single	blogger	scientist	only isco
single	blogger	self	only sumo
single	blogger	specialist	only isco
single	blogger	species	only sumo
single	blogger	sports-announcer	only isco
single	blogger	systems-analyst	only isco
single	blogger	translator	only isco
single	blogger	vertebrate	only sumo
single	blogger	worker	only isco
single	blogger	writer	only isco
single	board-member	associate	only wordnet
single	board-member	chairman	only isco
single	board-member	chancellor-of-the-exchequer	only isco
single	board-member	chief	only isco
single	board-member	collection	only sumo
single	board-member	general-manager	only isco
single	board-member	governor	only isco
single	board-member	group	only sumo
single	board-member	manager	only isco
single	board-member	organism	only wordnet
single	board-member	peer	only wordnet
single	board-member	people	only sumo
single	board-member	person	only wordnet
single	board-member	physical-object	only wordnet
single	board-member	president.person	only isco
single	board-member	school-class	only sumo
single	board-member	worker	only isco
single	boatman	animal	only sumo
single	boatman	body	only sumo
single	boatman	digger	only isco
single	boatman	driver	only isco
single	boatman	human	only sumo
single	boatman	mammal	only sumo
single	boatman	operator	only isco
single	boatman	populace	only sumo
single	boatman	self	only sumo
single	boatman	species	only sumo
single	boatman	teamster	only isco
single	boatman	vertebrate	only sumo
single	bodybuilder	animal	only sumo
single	bodybuilder	body	only sumo
single	bodybuilder	human	only sumo
single	bodybuilder	mammal	only sumo
single	bodybuilder	populace	only sumo
single	bodybuilder	self	only sumo
single	bodybuilder	species	only sumo
single	bodybuilder	vertebrate	only sumo
single	bodybuilder	worker	only isco
single	bodyguard	agent	only wordnet
single	bodyguard	attribute	only sumo
single	bodyguard	human	only opencyc
single	bodyguard	mammal	only opencyc
single	bodyguard	organism	only wordnet
single	bodyguard	person	only wordnet
single	bodyguard	physical-object	only wordnet
single	bodyguard	property	only sumo
single	bodyguard	structure	only opencyc
single	bodyguard	system	only opencyc
single	bodyguard	vertebrate	only opencyc
single	bookbinder	agent	only wordnet
single	bookbinder	attribute	only sumo
single	bookbinder	beater	only isco
single	bookbinder	blaster	only isco
single	bookbinder	bodybuilder	only isco
single	bookbinder	cabinetmaker	only isco
single	bookbinder	caster.person	only isco
single	bookbinder	compositor	only isco
single	bookbinder	engraver	only isco
single	bookbinder	etcher	only isco
single	bookbinder	fitter	only isco
single	bookbinder	glassworker	only isco
single	bookbinder	ironworker	only isco
single	bookbinder	machinist	only isco
single	bookbinder	maker	only isco
single	bookbinder	mender	only isco
single	bookbinder	mounter	only isco
single	bookbinder	organism	only wordnet
single	bookbinder	painter	only isco
single	bookbinder	person	only wordnet
single	bookbinder	physical-object	only wordnet
single	bookbinder	pressman	only isco
single	bookbinder	property	only sumo
single	bookbinder	refinisher	only isco
single	bookbinder	rigger	only isco
single	bookbinder	shipwright	only isco
single	bookbinder	skilled-worker	only wordnet
single	bookbinder	smith	only isco
single	bookbinder	splitter	only isco
single	bookbinder	sprayer	only isco
single	bookbinder	stamper	only isco
single	bookbinder	stonecutter	only isco
single	bookbinder	transferer	only isco
single	bookbinder	tuner	only isco
single	bookbinder	varnisher	only isco
single	bookbinder	welder	only isco
single	bookbinder	woodcarver	only isco
single	booker	agent	only wordnet
single	booker	attribute	only sumo
single	booker	broker	only wikidata
single	booker	businessman	only wikidata
single	booker	clerk	only isco
single	booker	communicator	only wordnet
single	booker	interviewer	only isco
single	booker	organism	only wordnet
single	booker	person	only wordnet
single	booker	physical-object	only wordnet
single	booker	property	only sumo
single	booker	receptionist	only isco
single	booker	representative	only wordnet
single	booker	representative-agent	only wordnet
single	bookmaker	agent	only wordnet
single	bookmaker	attribute	only sumo
single	bookmaker	clerk	only isco
single	bookmaker	maker	only wordnet
single	bookmaker	organism	only wordnet
single	bookmaker	physical-object	only wordnet
single	bookmaker	property	only sumo
single	bookmaker	worker	only isco
single	botanist	adult	only opencyc
single	botanist	adviser	only isco
single	botanist	agent	only wordnet
single	botanist	analyst.person	only isco
single	botanist	architect	only isco
single	botanist	artist	only isco
single	botanist	copywriter	only isco
single	botanist	developer	only isco
single	botanist	educator	only isco
single	botanist	engineer	only isco
single	botanist	epidemiologist	only isco
single	botanist	expert	only isco
single	botanist	hearer	only isco
single	botanist	human	only opencyc
single	botanist	immunologist	only isco
single	botanist	mammal	only opencyc
single	botanist	organism	only wordnet
single	botanist	person	only wordnet
single	botanist	physical-object	only wordnet
single	botanist	professional	only isco
single	botanist	specialist	only isco
single	botanist	structure	only opencyc
single	botanist	surveyor	only isco
single	botanist	system	only opencyc
single	botanist	systems-analyst	only isco
single	botanist	toxicologist	only isco
single	botanist	vertebrate	only opencyc
single	botanist	writer	only isco
single	bouncer	adjutant	only isco
single	bouncer	adult	only opencyc
single	bouncer	agent	only wordnet
single	bouncer	attribute	only sumo
single	bouncer	bodyguard	only isco
single	bouncer	concierge	only isco
single	bouncer	host	only isco
single	bouncer	hostess	only isco
single	bouncer	human	only opencyc
single	bouncer	mammal	only opencyc
single	bouncer	man	only opencyc
single	bouncer	organism	only wordnet
single	bouncer	person	only wordnet
single	bouncer	physical-object	only wordnet
single	bouncer	property	only sumo
single	bouncer	structure	only opencyc
single	bouncer	system	only opencyc
single	bouncer	vertebrate	only opencyc
single	breaker	adjutant	only isco
single	breaker	agent	only wordnet
single	breaker	attribute	only sumo
single	breaker	bodyguard	only isco
single	breaker	concierge	only isco
single	breaker	guard	only isco
single	breaker	host	only isco
single	breaker	hostess	only isco
single	breaker	organism	only wordnet
single	breaker	person	only wordnet
single	breaker	physical-object	only wordnet
single	breaker	property	only sumo
single	breaker	quarryman	only wordnet
single	breaker	stewardess	only isco
single	breeder	agent	only wordnet
single	breeder	agriculturist	only isco
single	breeder	attribute	only sumo
single	breeder	farmhand	only isco
single	breeder	fisherman	only isco
single	breeder	forester	only isco
single	breeder	gardener	only isco
single	breeder	human	only opencyc
single	breeder	hunter	only isco
single	breeder	mammal	only opencyc
single	breeder	organism	only wordnet
single	breeder	person	only wordnet
single	breeder	physical-object	only wordnet
single	breeder	property	only sumo
single	breeder	structure	only opencyc
single	breeder	system	only opencyc
single	breeder	trapper	only isco
single	breeder	vertebrate	only opencyc
single	breeder	worker	only isco
single	brewer	agent	only wordnet
single	brewer	attribute	only sumo
single	brewer	beater	only isco
single	brewer	blaster	only isco
single	brewer	bodybuilder	only isco
single	brewer	cabinetmaker	only isco
single	brewer	caster.person	only isco
single	brewer	compositor	only isco
single	brewer	engraver	only isco
single	brewer	fitter	only isco
single	brewer	glassworker	only isco
single	brewer	human	only opencyc
single	brewer	ironworker	only isco
single	brewer	machinist	only isco
single	brewer	mammal	only opencyc
single	brewer	mender	only isco
single	brewer	organism	only wordnet
single	brewer	painter	only isco
single	brewer	physical-object	only wordnet
single	brewer	property	only sumo
single	brewer	refinisher	only isco
single	brewer	rigger	only isco
single	brewer	shipwright	only isco
single	brewer	smith	only isco
single	brewer	splitter	only isco
single	brewer	sprayer	only isco
single	brewer	stainer	only isco
single	brewer	stonecutter	only isco
single	brewer	structure	only opencyc
single	brewer	system	only opencyc
single	brewer	tuner	only isco
single	brewer	varnisher	only isco
single	brewer	vertebrate	only opencyc
single	brewer	welder	only isco
single	brewer	woodcarver	only isco
single	bricklayer	agent	only wordnet
single	bricklayer	attribute	only sumo
single	bricklayer	beater	only isco
single	bricklayer	blaster	only isco
single	bricklayer	bodybuilder	only isco
single	bricklayer	cabinetmaker	only isco
single	bricklayer	caster.person	only isco
single	bricklayer	compositor	only isco
single	bricklayer	engraver	only isco
single	bricklayer	fitter	only isco
single	bricklayer	glassworker	only isco
single	bricklayer	ironworker	only isco
single	bricklayer	machinist	only isco
single	bricklayer	maker	only isco
single	bricklayer	mason	only isco
single	bricklayer	mender	only isco
single	bricklayer	organism	only wordnet
single	bricklayer	painter	only isco
single	bricklayer	physical-object	only wordnet
single	bricklayer	property	only sumo
single	bricklayer	refinisher	only isco
single	bricklayer	rigger	only isco
single	bricklayer	shipwright	only isco
single	bricklayer	skilled-worker	only wordnet
single	bricklayer	smith	only isco
single	bricklayer	splitter	only isco
single	bricklayer	sprayer	only isco
single	bricklayer	stonecutter	only isco
single	bricklayer	tuner	only isco
single	bricklayer	varnisher	only isco
single	bricklayer	welder	only isco
single	bricklayer	woodcarver	only isco
single	bride	associate	only wordnet
single	broker	adult	only opencyc
single	broker	agent	only wordnet
single	broker	businessman	only wikidata
single	broker	cameraman	only isco
single	broker	detective	only isco
single	broker	human	only opencyc
single	broker	inspector	only isco
single	broker	mammal	only opencyc
single	broker	man	only isco
single	broker	organism	only wordnet
single	broker	paralegal	only isco
single	broker	person	only wordnet
single	broker	physical-object	only wordnet
single	broker	professional	only opencyc
single	broker	promoter	only isco
single	broker	skilled-worker	only opencyc
single	broker	structure	only opencyc
single	broker	supervisor	only isco
single	broker	system	only opencyc
single	broker	technician	only isco
single	broker	vertebrate	only opencyc
single	broker	woman	only isco
single	brother	cameraman	only isco
single	brother	inspector	only isco
single	brother	paralegal	only isco
single	brother	promoter	only isco
single	brother	technician	only isco
single	businessman	skilled-worker	only opencyc
single	busman	agent	only wordnet
single	busman	attribute	only sumo
single	busman	digger	only isco
single	busman	property	only sumo
single	busman	teamster	only isco
single	busman	worker	only isco
single	butcher	agent	only wordnet
single	butcher	attribute	only sumo
single	butcher	beater	only isco
single	butcher	blaster	only isco
single	butcher	bodybuilder	only isco
single	butcher	cabinetmaker	only isco
single	butcher	caster.person	only isco
single	butcher	compositor	only isco
single	butcher	craftsman	only isco
single	butcher	engraver	only isco
single	butcher	fitter	only isco
single	butcher	glassworker	only isco
single	butcher	human	only opencyc
single	butcher	ironworker	only isco
single	butcher	machinist	only isco
single	butcher	maker	only isco
single	butcher	mammal	only opencyc
single	butcher	mender	only isco
single	butcher	organism	only wordnet
single	butcher	painter	only isco
single	butcher	person	only wordnet
single	butcher	physical-object	only wordnet
single	butcher	property	only sumo
single	butcher	refinisher	only isco
single	butcher	rigger	only isco
single	butcher	shipwright	only isco
single	butcher	skilled-worker	only wordnet
single	butcher	smith	only isco
single	butcher	splitter	only isco
single	butcher	sprayer	only isco
single	butcher	stainer	only isco
single	butcher	stonecutter	only isco
single	butcher	structure	only opencyc
single	butcher	system	only opencyc
single	butcher	tuner	only isco
single	butcher	varnisher	only isco
single	butcher	vertebrate	only opencyc
single	butcher	welder	only isco
single	butcher	woodcarver	only isco
single	butler	adjutant	only isco
single	butler	agent	only wordnet
single	butler	attribute	only sumo
single	butler	bodyguard	only isco
single	butler	concierge	only isco
single	butler	guard	only isco
single	butler	host	only isco
single	butler	hostess	only isco
single	butler	housekeeper	only isco
single	butler	human	only opencyc
single	butler	mammal	only opencyc
single	butler	manservant	only wordnet
single	butler	organism	only wordnet
single	butler	person	only wordnet
single	butler	physical-object	only wordnet
single	butler	property	only sumo
single	butler	skilled-worker	only opencyc
single	butler	stewardess	only isco
single	butler	structure	only opencyc
single	butler	system	only opencyc
single	butler	vertebrate	only opencyc
single	buyer	animal	only sumo
single	buyer	body	only sumo
single	buyer	broker	only isco
single	buyer	cameraman	only isco
single	buyer	consumer	only wordnet
single	buyer	customer	only wordnet
single	buyer	detective	only isco
single	buyer	human	only sumo
single	buyer	inspector	only isco
single	buyer	investment-banker	only isco
single	buyer	mammal	only sumo
single	buyer	man	only isco
single	buyer	paralegal	only isco
single	buyer	party	only wikidata
single	buyer	populace	only sumo
single	buyer	promoter	only isco
single	buyer	self	only sumo
single	buyer	species	only sumo
single	buyer	supervisor	only isco
single	buyer	technician	only isco
single	buyer	trader	only isco
single	buyer	user	only wordnet
single	buyer	vertebrate	only sumo
single	buyer	woman	only isco
single	buyer	worker	only isco
single	cabinetmaker	agent	only wordnet
single	cabinetmaker	attribute	only sumo
single	cabinetmaker	organism	only wordnet
single	cabinetmaker	physical-object	only wordnet
single	cabinetmaker	property	only sumo
single	cabinetmaker	skilled-worker	only wordnet
single	caddie	agent	only wordnet
single	caddie	animal-trainer	only isco
single	caddie	assistant	only wordnet
single	caddie	attribute	only sumo
single	caddie	girl	only isco
single	caddie	hired-hand	only isco
single	caddie	laborer	only isco
single	caddie	male-child	only isco
single	caddie	organism	only wordnet
single	caddie	person	only wordnet
single	caddie	physical-object	only wordnet
single	caddie	picker	only isco
single	caddie	porter	only isco
single	caddie	property	only sumo
single	caddie	remover	only isco
single	caddie	stacker	only isco
single	caddie	stevedore	only isco
single	caddie	sweeper	only isco
single	caddie	washer.person	only isco
single	caddie	window-washer	only isco
single	calligrapher	animal	only sumo
single	calligrapher	artist	only wikidata
single	calligrapher	beater	only isco
single	calligrapher	blaster	only isco
single	calligrapher	body	only sumo
single	calligrapher	bodybuilder	only isco
single	calligrapher	cabinetmaker	only isco
single	calligrapher	caster.person	only isco
single	calligrapher	compositor	only isco
single	calligrapher	craftsman	only isco
single	calligrapher	engraver	only isco
single	calligrapher	etcher	only isco
single	calligrapher	fitter	only isco
single	calligrapher	glassworker	only isco
single	calligrapher	human	only sumo
single	calligrapher	ironworker	only isco
single	calligrapher	machinist	only isco
single	calligrapher	maker	only isco
single	calligrapher	mammal	only sumo
single	calligrapher	mender	only isco
single	calligrapher	mounter	only isco
single	calligrapher	painter	only isco
single	calligrapher	populace	only sumo
single	calligrapher	refinisher	only isco
single	calligrapher	rigger	only isco
single	calligrapher	self	only sumo
single	calligrapher	shipwright	only isco
single	calligrapher	skilled-worker	only wordnet
single	calligrapher	smith	only isco
single	calligrapher	species	only sumo
single	calligrapher	splitter	only isco
single	calligrapher	sprayer	only isco
single	calligrapher	stamper	only isco
single	calligrapher	stonecutter	only isco
single	calligrapher	transferer	only isco
single	calligrapher	tuner	only isco
single	calligrapher	varnisher	only isco
single	calligrapher	vertebrate	only sumo
single	calligrapher	weaver	only isco
single	calligrapher	welder	only isco
single	calligrapher	woodcarver	only isco
single	cameraman	agent	only wordnet
single	cameraman	artist	only wordnet
single	cameraman	attribute	only sumo
single	cameraman	operator	only wikidata
single	cameraman	organism	only wordnet
single	cameraman	person	only wordnet
single	cameraman	physical-object	only wordnet
single	cameraman	property	only sumo
single	canon	adviser	only isco
single	canon	analyst.person	only isco
single	canon	animal	only sumo
single	canon	architect	only isco
single	canon	artist	only isco
single	canon	attribute	only wordnet
single	canon	body	only sumo
single	canon	copywriter	only isco
single	canon	developer	only isco
single	canon	editor	only isco
single	canon	educator	only isco
single	canon	engineer	only isco
single	canon	epidemiologist	only isco
single	canon	expert	only isco
single	canon	hearer	only isco
single	canon	human	only sumo
single	canon	immunologist	only isco
single	canon	leader	only wordnet
single	canon	mammal	only sumo
single	canon	populace	only sumo
single	canon	priest	only wordnet
single	canon	professional	only isco
single	canon	reporter	only isco
single	canon	research-worker	only isco
single	canon	scientist	only isco
single	canon	self	only sumo
single	canon	specialist	only isco
single	canon	species	only sumo
single	canon	sports-announcer	only isco
single	canon	state	only wordnet
single	canon	status	only wordnet
single	canon	systems-analyst	only isco
single	canon	translator	only isco
single	canon	vertebrate	only sumo
single	canon	worker	only isco
single	canon	writer	only isco
single	captain	skilled-worker	only wordnet
single	caricaturist	adviser	only isco
single	caricaturist	analyst.person	only isco
single	caricaturist	animal	only sumo
single	caricaturist	architect	only isco
single	caricaturist	artist	only isco
single	caricaturist	body	only sumo
single	caricaturist	copywriter	only isco
single	caricaturist	developer	only isco
single	caricaturist	editor	only isco
single	caricaturist	educator	only isco
single	caricaturist	engineer	only isco
single	caricaturist	epidemiologist	only isco
single	caricaturist	expert	only isco
single	caricaturist	hearer	only isco
single	caricaturist	human	only sumo
single	caricaturist	immunologist	only isco
single	caricaturist	mammal	only sumo
single	caricaturist	populace	only sumo
single	caricaturist	professional	only isco
single	caricaturist	reporter	only isco
single	caricaturist	research-worker	only isco
single	caricaturist	scientist	only isco
single	caricaturist	self	only sumo
single	caricaturist	specialist	only isco
single	caricaturist	species	only sumo
single	caricaturist	sports-announcer	only isco
single	caricaturist	systems-analyst	only isco
single	caricaturist	translator	only isco
single	caricaturist	vertebrate	only sumo
single	caricaturist	worker	only isco
single	caricaturist	writer	only isco
single	carpenter	agent	only wordnet
single	carpenter	beater	only isco
single	carpenter	blaster	only isco
single	carpenter	bodybuilder	only isco
single	carpenter	cabinetmaker	only isco
single	carpenter	caster.person	only isco
single	carpenter	compositor	only isco
single	carpenter	engraver	only isco
single	carpenter	fitter	only isco
single	carpenter	glassworker	only isco
single	carpenter	human	only opencyc
single	carpenter	ironworker	only isco
single	carpenter	machinist	only isco
single	carpenter	maker	only isco
single	carpenter	mammal	only opencyc
single	carpenter	mason	only isco
single	carpenter	mender	only isco
single	carpenter	organism	only wordnet
single	carpenter	painter	only isco
single	carpenter	physical-object	only wordnet
single	carpenter	refinisher	only isco
single	carpenter	rigger	only isco
single	carpenter	shipwright	only isco
single	carpenter	skilled-worker	only wordnet
single	carpenter	smith	only isco
single	carpenter	splitter	only isco
single	carpenter	sprayer	only isco
single	carpenter	stonecutter	only isco
single	carpenter	structure	only opencyc
single	carpenter	system	only opencyc
single	carpenter	tuner	only isco
single	carpenter	varnisher	only isco
single	carpenter	vertebrate	only opencyc
single	carpenter	welder	only isco
single	carpenter	woodcarver	only isco
single	carpenter	woodworker	only wordnet
single	cartographer	adviser	only isco
single	cartographer	agent	only wordnet
single	cartographer	analyst.person	only isco
single	cartographer	architect	only isco
single	cartographer	artist	only isco
single	cartographer	attribute	only sumo
single	cartographer	copywriter	only isco
single	cartographer	developer	only isco
single	cartographer	educator	only isco
single	cartographer	engineer	only isco
single	cartographer	epidemiologist	only isco
single	cartographer	hearer	only isco
single	cartographer	immunologist	only isco
single	cartographer	organism	only wordnet
single	cartographer	person	only wordnet
single	cartographer	physical-object	only wordnet
single	cartographer	professional	only isco
single	cartographer	property	only sumo
single	cartographer	research-worker	only isco
single	cartographer	scientist	only isco
single	cartographer	specialist	only isco
single	cartographer	surveyor	only isco
single	cartographer	systems-analyst	only isco
single	cartographer	worker	only isco
single	cartographer	writer	only isco
single	cartoonist	adviser	only isco
single	cartoonist	agent	only wordnet
single	cartoonist	analyst.person	only isco
single	cartoonist	architect	only isco
single	cartoonist	copywriter	only isco
single	cartoonist	developer	only isco
single	cartoonist	editor	only isco
single	cartoonist	educator	only isco
single	cartoonist	engineer	only isco
single	cartoonist	epidemiologist	only isco
single	cartoonist	expert	only isco
single	cartoonist	hearer	only isco
single	cartoonist	human	only opencyc
single	cartoonist	immunologist	only isco
single	cartoonist	mammal	only opencyc
single	cartoonist	organism	only wordnet
single	cartoonist	person	only wordnet
single	cartoonist	physical-object	only wordnet
single	cartoonist	professional	only isco
single	cartoonist	reporter	only isco
single	cartoonist	research-worker	only isco
single	cartoonist	scientist	only isco
single	cartoonist	specialist	only isco
single	cartoonist	sports-announcer	only isco
single	cartoonist	structure	only opencyc
single	cartoonist	system	only opencyc
single	cartoonist	systems-analyst	only isco
single	cartoonist	translator	only isco
single	cartoonist	vertebrate	only opencyc
single	cartoonist	writer	only isco
single	cartwright	agent	only wordnet
single	cartwright	attribute	only sumo
single	cartwright	beater	only isco
single	cartwright	blaster	only isco
single	cartwright	bodybuilder	only isco
single	cartwright	cabinetmaker	only isco
single	cartwright	caster.person	only isco
single	cartwright	compositor	only isco
single	cartwright	engraver	only isco
single	cartwright	fitter	only isco
single	cartwright	glassworker	only isco
single	cartwright	ironworker	only isco
single	cartwright	machinist	only isco
single	cartwright	maker	only isco
single	cartwright	mender	only isco
single	cartwright	organism	only wordnet
single	cartwright	painter	only isco
single	cartwright	person	only wordnet
single	cartwright	physical-object	only wordnet
single	cartwright	property	only sumo
single	cartwright	refinisher	only isco
single	cartwright	rigger	only isco
single	cartwright	shipwright	only isco
single	cartwright	skilled-worker	only wordnet
single	cartwright	smith	only isco
single	cartwright	splitter	only isco
single	cartwright	sprayer	only isco
single	cartwright	stainer	only isco
single	cartwright	stonecutter	only isco
single	cartwright	tuner	only isco
single	cartwright	varnisher	only isco
single	cartwright	welder	only isco
single	cartwright	woodcarver	only isco
single	cartwright	woodworker	only isco
single	caster.person	animal	only sumo
single	caster.person	body	only sumo
single	caster.person	human	only sumo
single	caster.person	mammal	only sumo
single	caster.person	populace	only sumo
single	caster.person	self	only sumo
single	caster.person	species	only sumo
single	caster.person	vertebrate	only sumo
single	cataloger	adult	only wordnet
single	cataloger	adviser	only isco
single	cataloger	agent	only wordnet
single	cataloger	analyst.person	only isco
single	cataloger	architect	only isco
single	cataloger	artist	only isco
single	cataloger	attribute	only sumo
single	cataloger	copywriter	only isco
single	cataloger	developer	only isco
single	cataloger	editor	only isco
single	cataloger	educator	only isco
single	cataloger	engineer	only isco
single	cataloger	epidemiologist	only isco
single	cataloger	expert	only isco
single	cataloger	hearer	only isco
single	cataloger	immunologist	only isco
single	cataloger	organism	only wordnet
single	cataloger	person	only wordnet
single	cataloger	physical-object	only wordnet
single	cataloger	property	only sumo
single	cataloger	reporter	only isco
single	cataloger	research-worker	only isco
single	cataloger	scientist	only isco
single	cataloger	specialist	only isco
single	cataloger	sports-announcer	only isco
single	cataloger	systems-analyst	only isco
single	cataloger	translator	only isco
single	cataloger	worker	only isco
single	cataloger	writer	only isco
single	cellist	adviser	only isco
single	cellist	agent	only wordnet
single	cellist	analyst.person	only isco
single	cellist	architect	only isco
single	cellist	copywriter	only isco
single	cellist	developer	only isco
single	cellist	editor	only isco
single	cellist	educator	only isco
single	cellist	engineer	only isco
single	cellist	epidemiologist	only isco
single	cellist	expert	only isco
single	cellist	hearer	only isco
single	cellist	human	only opencyc
single	cellist	immunologist	only isco
single	cellist	mammal	only opencyc
single	cellist	organism	only wordnet
single	cellist	performer	only wordnet
single	cellist	physical-object	only wordnet
single	cellist	reporter	only isco
single	cellist	research-worker	only isco
single	cellist	scientist	only isco
single	cellist	skilled-worker	only opencyc
single	cellist	specialist	only isco
single	cellist	sports-announcer	only isco
single	cellist	structure	only opencyc
single	cellist	system	only opencyc
single	cellist	systems-analyst	only isco
single	cellist	translator	only isco
single	cellist	vertebrate	only opencyc
single	cellist	writer	only isco
single	chairman	general-manager	only isco
single	chambermaid	agent	only wordnet
single	chambermaid	animal-trainer	only isco
single	chambermaid	girl	only isco
single	chambermaid	hired-hand	only isco
single	chambermaid	laborer	only isco
single	chambermaid	male-child	only isco
single	chambermaid	organism	only wordnet
single	chambermaid	person	only wordnet
single	chambermaid	physical-object	only wordnet
single	chambermaid	picker	only isco
single	chambermaid	porter	only isco
single	chambermaid	remover	only isco
single	chambermaid	servant	only wordnet
single	chambermaid	stacker	only isco
single	chambermaid	stevedore	only isco
single	chambermaid	sweeper	only isco
single	chambermaid	washer.person	only isco
single	chambermaid	window-washer	only isco
single	chancellor-of-the-exchequer	administrator	only wordnet
single	chancellor-of-the-exchequer	agent	only wordnet
single	chancellor-of-the-exchequer	attribute	only sumo
single	chancellor-of-the-exchequer	executive-director	only wordnet
single	chancellor-of-the-exchequer	general-manager	only isco
single	chancellor-of-the-exchequer	governor	only isco
single	chancellor-of-the-exchequer	leader	only wordnet
single	chancellor-of-the-exchequer	manager	only isco
single	chancellor-of-the-exchequer	organism	only wordnet
single	chancellor-of-the-exchequer	person	only wordnet
single	chancellor-of-the-exchequer	physical-object	only wordnet
single	chancellor-of-the-exchequer	property	only sumo
single	chancellor-of-the-exchequer	worker	only isco
single	changer	animal	only sumo
single	changer	body	only sumo
single	changer	clerk	only isco
single	changer	human	only sumo
single	changer	mammal	only sumo
single	changer	populace	only sumo
single	changer	self	only sumo
single	changer	species	only sumo
single	changer	vertebrate	only sumo
single	changer	worker	only isco
single	chaplain	adult	only opencyc
single	chaplain	adviser	only isco
single	chaplain	agent	only wordnet
single	chaplain	analyst.person	only isco
single	chaplain	architect	only isco
single	chaplain	artist	only isco
single	chaplain	copywriter	only isco
single	chaplain	developer	only isco
single	chaplain	editor	only isco
single	chaplain	educator	only isco
single	chaplain	engineer	only isco
single	chaplain	epidemiologist	only isco
single	chaplain	expert	only isco
single	chaplain	hearer	only isco
single	chaplain	human	only opencyc
single	chaplain	immunologist	only isco
single	chaplain	leader	only wordnet
single	chaplain	mammal	only opencyc
single	chaplain	organism	only wordnet
single	chaplain	person	only wordnet
single	chaplain	physical-object	only wordnet
single	chaplain	reporter	only isco
single	chaplain	research-worker	only isco
single	chaplain	scientist	only isco
single	chaplain	skilled-worker	only opencyc
single	chaplain	specialist	only isco
single	chaplain	sports-announcer	only isco
single	chaplain	structure	only opencyc
single	chaplain	system	only opencyc
single	chaplain	systems-analyst	only isco
single	chaplain	translator	only isco
single	chaplain	vertebrate	only opencyc
single	chaplain	writer	only isco
single	charcoal-burner	agent	only wordnet
single	charcoal-burner	agriculturist	only isco
single	charcoal-burner	attribute	only sumo
single	charcoal-burner	cowboy	only isco
single	charcoal-burner	farmer	only isco
single	charcoal-burner	farmhand	only isco
single	charcoal-burner	fisherman	only isco
single	charcoal-burner	forester	only isco
single	charcoal-burner	gardener	only isco
single	charcoal-burner	goat-herder	only isco
single	charcoal-burner	hunter	only isco
single	charcoal-burner	organism	only wordnet
single	charcoal-burner	person	only wordnet
single	charcoal-burner	physical-object	only wordnet
single	charcoal-burner	property	only sumo
single	charcoal-burner	shepherd	only isco
single	charcoal-burner	trapper	only isco
single	chauffeur	agent	only wordnet
single	chauffeur	attribute	only sumo
single	chauffeur	digger	only isco
single	chauffeur	human	only opencyc
single	chauffeur	mammal	only opencyc
single	chauffeur	property	only sumo
single	chauffeur	skilled-worker	only opencyc
single	chauffeur	structure	only opencyc
single	chauffeur	system	only opencyc
single	chauffeur	taxidriver	only isco
single	chauffeur	teamster	only isco
single	chauffeur	vertebrate	only opencyc
single	chef	agent	only wordnet
single	chef	cameraman	only isco
single	chef	craftsman	only wikidata
single	chef	detective	only isco
single	chef	human	only opencyc
single	chef	inspector	only isco
single	chef	mammal	only opencyc
single	chef	man	only isco
single	chef	manager	only wikidata
single	chef	organism	only wordnet
single	chef	paralegal	only isco
single	chef	physical-object	only wordnet
single	chef	promoter	only isco
single	chef	skilled-worker	only wordnet
single	chef	structure	only opencyc
single	chef	supervisor	only isco
single	chef	system	only opencyc
single	chef	technician	only isco
single	chef	vertebrate	only opencyc
single	chef	woman	only isco
single	chief-executive-officer	administrator	only wordnet
single	chief-executive-officer	adult	only opencyc
single	chief-executive-officer	agent	only wordnet
single	chief-executive-officer	attribute	only sumo
single	chief-executive-officer	chairman	only isco
single	chief-executive-officer	chancellor-of-the-exchequer	only isco
single	chief-executive-officer	general-manager	only isco
single	chief-executive-officer	governor	only isco
single	chief-executive-officer	human	only opencyc
single	chief-executive-officer	leader	only wordnet
single	chief-executive-officer	mammal	only opencyc
single	chief-executive-officer	manager	only isco
single	chief-executive-officer	organism	only wordnet
single	chief-executive-officer	person	only wordnet
single	chief-executive-officer	physical-object	only wordnet
single	chief-executive-officer	president.person	only isco
single	chief-executive-officer	professional	only opencyc
single	chief-executive-officer	property	only sumo
single	chief-executive-officer	skilled-worker	only opencyc
single	chief-executive-officer	structure	only opencyc
single	chief-executive-officer	system	only opencyc
single	chief-executive-officer	vertebrate	only opencyc
single	chief-financial-officer	administrator	only wordnet
single	chief-financial-officer	agent	only wordnet
single	chief-financial-officer	attribute	only sumo
single	chief-financial-officer	businessman	only wikidata
single	chief-financial-officer	executive-director	only wordnet
single	chief-financial-officer	general-manager	only isco
single	chief-financial-officer	governor	only isco
single	chief-financial-officer	leader	only wordnet
single	chief-financial-officer	manager	only isco
single	chief-financial-officer	organism	only wordnet
single	chief-financial-officer	person	only wordnet
single	chief-financial-officer	physical-object	only wordnet
single	chief-financial-officer	property	only sumo
single	chief-justice	adviser	only isco
single	chief-justice	agent	only wordnet
single	chief-justice	analyst.person	only isco
single	chief-justice	architect	only isco
single	chief-justice	artist	only isco
single	chief-justice	copywriter	only isco
single	chief-justice	developer	only isco
single	chief-justice	editor	only isco
single	chief-justice	educator	only isco
single	chief-justice	engineer	only isco
single	chief-justice	epidemiologist	only isco
single	chief-justice	expert	only isco
single	chief-justice	hearer	only isco
single	chief-justice	immunologist	only isco
single	chief-justice	judge	only wordnet
single	chief-justice	jurist	only isco
single	chief-justice	official	only wordnet
single	chief-justice	organism	only wordnet
single	chief-justice	person	only wordnet
single	chief-justice	physical-object	only wordnet
single	chief-justice	professional	only isco
single	chief-justice	reporter	only isco
single	chief-justice	research-worker	only isco
single	chief-justice	scientist	only isco
single	chief-justice	skilled-worker	only wordnet
single	chief-justice	specialist	only isco
single	chief-justice	sports-announcer	only isco
single	chief-justice	systems-analyst	only isco
single	chief-justice	translator	only isco
single	chief-justice	writer	only isco
single	chimneysweeper	agent	only wordnet
single	chimneysweeper	attribute	only sumo
single	chimneysweeper	beater	only isco
single	chimneysweeper	blaster	only isco
single	chimneysweeper	bodybuilder	only isco
single	chimneysweeper	cabinetmaker	only isco
single	chimneysweeper	caster.person	only isco
single	chimneysweeper	compositor	only isco
single	chimneysweeper	craftsman	only isco
single	chimneysweeper	employee	only wordnet
single	chimneysweeper	engraver	only isco
single	chimneysweeper	fitter	only isco
single	chimneysweeper	glassworker	only isco
single	chimneysweeper	ironworker	only isco
single	chimneysweeper	laborer	only wordnet
single	chimneysweeper	machinist	only isco
single	chimneysweeper	maker	only isco
single	chimneysweeper	mason	only isco
single	chimneysweeper	mender	only isco
single	chimneysweeper	organism	only wordnet
single	chimneysweeper	painter	only isco
single	chimneysweeper	person	only wordnet
single	chimneysweeper	physical-object	only wordnet
single	chimneysweeper	property	only sumo
single	chimneysweeper	refinisher	only isco
single	chimneysweeper	rigger	only isco
single	chimneysweeper	shipwright	only isco
single	chimneysweeper	smith	only isco
single	chimneysweeper	splitter	only isco
single	chimneysweeper	sprayer	only isco
single	chimneysweeper	stonecutter	only isco
single	chimneysweeper	tuner	only isco
single	chimneysweeper	varnisher	only isco
single	chimneysweeper	welder	only isco
single	chimneysweeper	woodcarver	only isco
single	chiropractor	adviser	only isco
single	chiropractor	agent	only wordnet
single	chiropractor	analyst.person	only isco
single	chiropractor	architect	only isco
single	chiropractor	artist	only isco
single	chiropractor	attribute	only sumo
single	chiropractor	copywriter	only isco
single	chiropractor	developer	only isco
single	chiropractor	doctor	only isco
single	chiropractor	educator	only isco
single	chiropractor	engineer	only isco
single	chiropractor	epidemiologist	only isco
single	chiropractor	hearer	only isco
single	chiropractor	immunologist	only isco
single	chiropractor	organism	only wordnet
single	chiropractor	person	only wordnet
single	chiropractor	physical-object	only wordnet
single	chiropractor	professional	only isco
single	chiropractor	property	only sumo
single	chiropractor	research-worker	only isco
single	chiropractor	scientist	only isco
single	chiropractor	specialist	only isco
single	chiropractor	surgeon	only isco
single	chiropractor	systems-analyst	only isco
single	chiropractor	therapist	only wordnet
single	chiropractor	worker	only isco
single	chiropractor	writer	only isco
single	choirmaster	adviser	only isco
single	choirmaster	agent	only wordnet
single	choirmaster	analyst.person	only isco
single	choirmaster	architect	only isco
single	choirmaster	attribute	only sumo
single	choirmaster	copywriter	only isco
single	choirmaster	developer	only isco
single	choirmaster	editor	only isco
single	choirmaster	educator	only isco
single	choirmaster	engineer	only isco
single	choirmaster	epidemiologist	only isco
single	choirmaster	expert	only isco
single	choirmaster	hearer	only isco
single	choirmaster	immunologist	only isco
single	choirmaster	musician	only wordnet
single	choirmaster	organism	only wordnet
single	choirmaster	person	only wordnet
single	choirmaster	physical-object	only wordnet
single	choirmaster	professional	only isco
single	choirmaster	property	only sumo
single	choirmaster	reporter	only isco
single	choirmaster	research-worker	only isco
single	choirmaster	scientist	only isco
single	choirmaster	specialist	only isco
single	choirmaster	sports-announcer	only isco
single	choirmaster	systems-analyst	only isco
single	choirmaster	translator	only isco
single	choirmaster	worker	only isco
single	choirmaster	writer	only isco
single	choreographer	adviser	only isco
single	choreographer	agent	only wordnet
single	choreographer	analyst.person	only isco
single	choreographer	architect	only isco
single	choreographer	attribute	only sumo
single	choreographer	copywriter	only isco
single	choreographer	developer	only isco
single	choreographer	director	only wikidata
single	choreographer	editor	only isco
single	choreographer	educator	only isco
single	choreographer	engineer	only isco
single	choreographer	epidemiologist	only isco
single	choreographer	expert	only isco
single	choreographer	hearer	only isco
single	choreographer	human	only opencyc
single	choreographer	immunologist	only isco
single	choreographer	mammal	only opencyc
single	choreographer	manager	only wikidata
single	choreographer	organism	only wordnet
single	choreographer	physical-object	only wordnet
single	choreographer	professional	only isco
single	choreographer	property	only sumo
single	choreographer	reporter	only isco
single	choreographer	research-worker	only isco
single	choreographer	scientist	only isco
single	choreographer	specialist	only isco
single	choreographer	sports-announcer	only isco
single	choreographer	structure	only opencyc
single	choreographer	system	only opencyc
single	choreographer	systems-analyst	only isco
single	choreographer	translator	only isco
single	choreographer	vertebrate	only opencyc
single	choreographer	writer	only isco
single	city-editor	adviser	only isco
single	city-editor	agent	only wordnet
single	city-editor	analyst.person	only isco
single	city-editor	architect	only isco
single	city-editor	artist	only isco
single	city-editor	attribute	only sumo
single	city-editor	copywriter	only isco
single	city-editor	developer	only isco
single	city-editor	educator	only isco
single	city-editor	engineer	only isco
single	city-editor	epidemiologist	only isco
single	city-editor	expert	only isco
single	city-editor	hearer	only isco
single	city-editor	immunologist	only isco
single	city-editor	organism	only wordnet
single	city-editor	person	only wordnet
single	city-editor	physical-object	only wordnet
single	city-editor	professional	only isco
single	city-editor	property	only sumo
single	city-editor	reporter	only isco
single	city-editor	research-worker	only isco
single	city-editor	scientist	only isco
single	city-editor	skilled-worker	only wordnet
single	city-editor	specialist	only isco
single	city-editor	sports-announcer	only isco
single	city-editor	systems-analyst	only isco
single	city-editor	translator	only isco
single	city-editor	writer	only isco
single	civil-engineer	adult	only opencyc
single	civil-engineer	adviser	only isco
single	civil-engineer	agent	only wordnet
single	civil-engineer	analyst.person	only isco
single	civil-engineer	architect	only isco
single	civil-engineer	artist	only isco
single	civil-engineer	copywriter	only isco
single	civil-engineer	developer	only isco
single	civil-engineer	educator	only isco
single	civil-engineer	epidemiologist	only isco
single	civil-engineer	expert	only isco
single	civil-engineer	hearer	only isco
single	civil-engineer	human	only opencyc
single	civil-engineer	immunologist	only isco
single	civil-engineer	mammal	only opencyc
single	civil-engineer	organism	only wordnet
single	civil-engineer	person	only wordnet
single	civil-engineer	physical-object	only wordnet
single	civil-engineer	research-worker	only isco
single	civil-engineer	scientist	only isco
single	civil-engineer	skilled-worker	only opencyc
single	civil-engineer	specialist	only isco
single	civil-engineer	structure	only opencyc
single	civil-engineer	surveyor	only isco
single	civil-engineer	system	only opencyc
single	civil-engineer	systems-analyst	only isco
single	civil-engineer	vertebrate	only opencyc
single	civil-engineer	writer	only isco
single	climatologist	adviser	only isco
single	climatologist	agent	only wordnet
single	climatologist	amateur	only sumo
single	climatologist	ambiance	only sumo
single	climatologist	analyst.person	only isco
single	climatologist	architect	only isco
single	climatologist	artist	only isco
single	climatologist	attribute	only sumo
single	climatologist	circumstance	only sumo
single	climatologist	civilisation	only sumo
single	climatologist	copywriter	only isco
single	climatologist	crowd	only sumo
single	climatologist	custom	only sumo
single	climatologist	danger	only sumo
single	climatologist	developer	only isco
single	climatologist	educator	only isco
single	climatologist	engineer	only isco
single	climatologist	epidemiologist	only isco
single	climatologist	freedom	only sumo
single	climatologist	geologist	only wikidata
single	climatologist	geophysicist	only wikidata
single	climatologist	hearer	only isco
single	climatologist	hero	only sumo
single	climatologist	immunologist	only isco
single	climatologist	lap	only sumo
single	climatologist	literary-works	only sumo
single	climatologist	normal	only sumo
single	climatologist	organism	only wordnet
single	climatologist	person	only wordnet
single	climatologist	physical-object	only wordnet
single	climatologist	point-of-view	only sumo
single	climatologist	practice	only sumo
single	climatologist	professional	only isco
single	climatologist	property	only sumo
single	climatologist	society	only sumo
single	climatologist	specialist	only isco
single	climatologist	status	only sumo
single	climatologist	surveyor	only isco
single	climatologist	systems-analyst	only isco
single	climatologist	tension	only sumo
single	climatologist	way	only sumo
single	climatologist	worker	only isco
single	climatologist	writer	only isco
single	cloakmaker	agent	only wordnet
single	cloakmaker	attribute	only sumo
single	cloakmaker	beater	only isco
single	cloakmaker	blaster	only isco
single	cloakmaker	bodybuilder	only isco
single	cloakmaker	cabinetmaker	only isco
single	cloakmaker	caster.person	only isco
single	cloakmaker	compositor	only isco
single	cloakmaker	dressmaker	only isco
single	cloakmaker	engraver	only isco
single	cloakmaker	fitter	only isco
single	cloakmaker	glassworker	only isco
single	cloakmaker	ironworker	only isco
single	cloakmaker	machinist	only isco
single	cloakmaker	mender	only isco
single	cloakmaker	organism	only wordnet
single	cloakmaker	painter	only isco
single	cloakmaker	physical-object	only wordnet
single	cloakmaker	property	only sumo
single	cloakmaker	refinisher	only isco
single	cloakmaker	rigger	only isco
single	cloakmaker	shipwright	only isco
single	cloakmaker	smith	only isco
single	cloakmaker	splitter	only isco
single	cloakmaker	sprayer	only isco
single	cloakmaker	stainer	only isco
single	cloakmaker	stonecutter	only isco
single	cloakmaker	tailor	only wikidata
single	cloakmaker	tuner	only isco
single	cloakmaker	varnisher	only isco
single	cloakmaker	welder	only isco
single	cloakmaker	woodcarver	only isco
single	cloakmaker	worker	only isco
single	clocksmith	agent	only wordnet
single	clocksmith	attribute	only sumo
single	clocksmith	beater	only isco
single	clocksmith	blaster	only isco
single	clocksmith	bodybuilder	only isco
single	clocksmith	cabinetmaker	only isco
single	clocksmith	caster.person	only isco
single	clocksmith	compositor	only isco
single	clocksmith	engraver	only isco
single	clocksmith	etcher	only isco
single	clocksmith	fitter	only isco
single	clocksmith	glassworker	only isco
single	clocksmith	ironworker	only isco
single	clocksmith	machinist	only isco
single	clocksmith	maker	only isco
single	clocksmith	mender	only isco
single	clocksmith	mounter	only isco
single	clocksmith	organism	only wordnet
single	clocksmith	painter	only isco
single	clocksmith	person	only wordnet
single	clocksmith	physical-object	only wordnet
single	clocksmith	property	only sumo
single	clocksmith	refinisher	only isco
single	clocksmith	rigger	only isco
single	clocksmith	shipwright	only isco
single	clocksmith	skilled-worker	only wordnet
single	clocksmith	smith	only isco
single	clocksmith	splitter	only isco
single	clocksmith	sprayer	only isco
single	clocksmith	stamper	only isco
single	clocksmith	stonecutter	only isco
single	clocksmith	transferer	only isco
single	clocksmith	tuner	only isco
single	clocksmith	varnisher	only isco
single	clocksmith	weaver	only isco
single	clocksmith	welder	only isco
single	clocksmith	woodcarver	only isco
single	clown	adviser	only isco
single	clown	analyst.person	only isco
single	clown	animal	only sumo
single	clown	architect	only isco
single	clown	body	only sumo
single	clown	comedian	only opencyc
single	clown	copywriter	only isco
single	clown	developer	only isco
single	clown	editor	only isco
single	clown	educator	only isco
single	clown	engineer	only isco
single	clown	epidemiologist	only isco
single	clown	expert	only isco
single	clown	fool	only wordnet
single	clown	hearer	only isco
single	clown	immunologist	only isco
single	clown	populace	only sumo
single	clown	reporter	only isco
single	clown	research-worker	only isco
single	clown	scientist	only isco
single	clown	self	only sumo
single	clown	skilled-worker	only opencyc
single	clown	specialist	only isco
single	clown	species	only sumo
single	clown	sports-announcer	only isco
single	clown	structure	only opencyc
single	clown	system	only opencyc
single	clown	systems-analyst	only isco
single	clown	translator	only isco
single	clown	writer	only isco
single	coach	analyst.person	only isco
single	coach	copywriter	only isco
single	coach	developer	only isco
single	coach	epidemiologist	only isco
single	coach	hearer	only isco
single	coach	immunologist	only isco
single	coach	skilled-worker	only opencyc
single	coach	systems-analyst	only isco
single	coal-miner	agent	only wordnet
single	coal-miner	attribute	only sumo
single	coal-miner	digger	only isco
single	coal-miner	employee	only wordnet
single	coal-miner	laborer	only wordnet
single	coal-miner	operator	only isco
single	coal-miner	organism	only wordnet
single	coal-miner	person	only wordnet
single	coal-miner	physical-object	only wordnet
single	coal-miner	property	only sumo
single	coalman	agent	only wordnet
single	coalman	animal-trainer	only isco
single	coalman	attribute	only sumo
single	coalman	employee	only wordnet
single	coalman	girl	only isco
single	coalman	hired-hand	only isco
single	coalman	laborer	only isco
single	coalman	male-child	only isco
single	coalman	organism	only wordnet
single	coalman	packer	only isco
single	coalman	person	only wordnet
single	coalman	physical-object	only wordnet
single	coalman	picker	only isco
single	coalman	porter	only isco
single	coalman	property	only sumo
single	coalman	remover	only isco
single	coalman	stacker	only isco
single	coalman	stevedore	only isco
single	coalman	sweeper	only isco
single	coalman	washer.person	only isco
single	coalman	window-washer	only isco
single	cobbler	agent	only wordnet
single	cobbler	attribute	only sumo
single	cobbler	beater	only isco
single	cobbler	blaster	only isco
single	cobbler	bodybuilder	only isco
single	cobbler	cabinetmaker	only isco
single	cobbler	caster.person	only isco
single	cobbler	compositor	only isco
single	cobbler	craftsman	only isco
single	cobbler	dressmaker	only isco
single	cobbler	engraver	only isco
single	cobbler	fitter	only isco
single	cobbler	glassworker	only isco
single	cobbler	ironworker	only isco
single	cobbler	machinist	only isco
single	cobbler	mender	only isco
single	cobbler	organism	only wordnet
single	cobbler	painter	only isco
single	cobbler	person	only wordnet
single	cobbler	physical-object	only wordnet
single	cobbler	property	only sumo
single	cobbler	refinisher	only isco
single	cobbler	rigger	only isco
single	cobbler	shipwright	only isco
single	cobbler	smith	only isco
single	cobbler	splitter	only isco
single	cobbler	sprayer	only isco
single	cobbler	stainer	only isco
single	cobbler	stonecutter	only isco
single	cobbler	tuner	only isco
single	cobbler	varnisher	only isco
single	cobbler	welder	only isco
single	cobbler	woodcarver	only isco
single	cobbler	worker	only isco
single	colleague	associate	only wordnet
single	columnist	adviser	only isco
single	columnist	agent	only wordnet
single	columnist	analyst.person	only isco
single	columnist	architect	only isco
single	columnist	artist	only isco
single	columnist	attribute	only sumo
single	columnist	communicator	only wordnet
single	columnist	copywriter	only isco
single	columnist	developer	only isco
single	columnist	editor	only isco
single	columnist	educator	only isco
single	columnist	engineer	only isco
single	columnist	epidemiologist	only isco
single	columnist	expert	only isco
single	columnist	hearer	only isco
single	columnist	immunologist	only isco
single	columnist	organism	only wordnet
single	columnist	person	only wordnet
single	columnist	physical-object	only wordnet
single	columnist	professional	only isco
single	columnist	property	only sumo
single	columnist	reporter	only isco
single	columnist	research-worker	only isco
single	columnist	scientist	only isco
single	columnist	specialist	only isco
single	columnist	sports-announcer	only isco
single	columnist	systems-analyst	only isco
single	columnist	translator	only isco
single	columnist	worker	only isco
single	comber	agent	only wordnet
single	comber	attribute	only sumo
single	comber	beater	only isco
single	comber	blaster	only isco
single	comber	bodybuilder	only isco
single	comber	cabinetmaker	only isco
single	comber	caster.person	only isco
single	comber	compositor	only isco
single	comber	craftsman	only isco
single	comber	engraver	only isco
single	comber	etcher	only isco
single	comber	fitter	only isco
single	comber	glassworker	only isco
single	comber	ironworker	only isco
single	comber	machinist	only isco
single	comber	maker	only isco
single	comber	mender	only isco
single	comber	mounter	only isco
single	comber	organism	only wordnet
single	comber	painter	only isco
single	comber	person	only wordnet
single	comber	physical-object	only wordnet
single	comber	property	only sumo
single	comber	refinisher	only isco
single	comber	rigger	only isco
single	comber	shipwright	only isco
single	comber	smith	only isco
single	comber	splitter	only isco
single	comber	sprayer	only isco
single	comber	stamper	only isco
single	comber	stonecutter	only isco
single	comber	transferer	only isco
single	comber	tuner	only isco
single	comber	varnisher	only isco
single	comber	weaver	only isco
single	comber	welder	only isco
single	comber	woodcarver	only isco
single	comedian	adviser	only isco
single	comedian	agent	only wordnet
single	comedian	analyst.person	only isco
single	comedian	architect	only isco
single	comedian	copywriter	only isco
single	comedian	developer	only isco
single	comedian	editor	only isco
single	comedian	educator	only isco
single	comedian	engineer	only isco
single	comedian	epidemiologist	only isco
single	comedian	expert	only isco
single	comedian	hearer	only isco
single	comedian	human	only opencyc
single	comedian	immunologist	only isco
single	comedian	mammal	only opencyc
single	comedian	organism	only wordnet
single	comedian	performer	only wordnet
single	comedian	physical-object	only wordnet
single	comedian	reporter	only isco
single	comedian	research-worker	only isco
single	comedian	scientist	only isco
single	comedian	skilled-worker	only opencyc
single	comedian	specialist	only isco
single	comedian	sports-announcer	only isco
single	comedian	structure	only opencyc
single	comedian	system	only opencyc
single	comedian	systems-analyst	only isco
single	comedian	translator	only isco
single	comedian	vertebrate	only opencyc
single	comedian	writer	only isco
single	commercial-artist	adviser	only isco
single	commercial-artist	agent	only wordnet
single	commercial-artist	analyst.person	only isco
single	commercial-artist	architect	only isco
single	commercial-artist	copywriter	only isco
single	commercial-artist	developer	only isco
single	commercial-artist	educator	only isco
single	commercial-artist	engineer	only isco
single	commercial-artist	epidemiologist	only isco
single	commercial-artist	expert	only isco
single	commercial-artist	hearer	only isco
single	commercial-artist	illustrator	only wordnet
single	commercial-artist	immunologist	only isco
single	commercial-artist	organism	only wordnet
single	commercial-artist	physical-object	only wordnet
single	commercial-artist	professional	only isco
single	commercial-artist	research-worker	only isco
single	commercial-artist	scientist	only isco
single	commercial-artist	specialist	only isco
single	commercial-artist	surveyor	only isco
single	commercial-artist	systems-analyst	only isco
single	commercial-artist	worker	only isco
single	commercial-artist	writer	only isco
single	commissioner	agent	only wordnet
single	commissioner	attribute	only sumo
single	commissioner	chairman	only isco
single	commissioner	chancellor-of-the-exchequer	only isco
single	commissioner	general-manager	only isco
single	commissioner	government-administrator	only wordnet
single	commissioner	governor	only isco
single	commissioner	leader	only wordnet
single	commissioner	manager	only isco
single	commissioner	member	only isco
single	commissioner	organism	only wordnet
single	commissioner	person	only wordnet
single	commissioner	physical-object	only wordnet
single	commissioner	president.person	only isco
single	commissioner	property	only sumo
single	commissioner	secretary-general	only isco
single	commissioner	worker	only isco
single	communicator	adviser	only isco
single	communicator	analyst.person	only isco
single	communicator	animal	only sumo
single	communicator	architect	only isco
single	communicator	artist	only isco
single	communicator	body	only sumo
single	communicator	copywriter	only isco
single	communicator	developer	only isco
single	communicator	editor	only isco
single	communicator	educator	only isco
single	communicator	engineer	only isco
single	communicator	epidemiologist	only isco
single	communicator	expert	only isco
single	communicator	hearer	only isco
single	communicator	immunologist	only isco
single	communicator	populace	only sumo
single	communicator	professional	only isco
single	communicator	research-worker	only isco
single	communicator	scientist	only isco
single	communicator	self	only sumo
single	communicator	specialist	only isco
single	communicator	species	only sumo
single	communicator	structure	only opencyc
single	communicator	system	only opencyc
single	communicator	systems-analyst	only isco
single	communicator	translator	only isco
single	communicator	worker	only isco
single	compiler.person	agent	only wordnet
single	compiler.person	attribute	only sumo
single	compiler.person	clerk	only isco
single	compiler.person	communicator	only wordnet
single	compiler.person	organism	only wordnet
single	compiler.person	physical-object	only wordnet
single	compiler.person	property	only sumo
single	compiler.person	worker	only isco
single	compiler.person	writer	only wordnet
single	composer	analyst.person	only isco
single	composer	copywriter	only isco
single	composer	developer	only isco
single	composer	editor	only isco
single	composer	educator	only isco
single	composer	epidemiologist	only isco
single	composer	hearer	only isco
single	composer	immunologist	only isco
single	composer	instrumentalist	only wikidata
single	composer	sports-announcer	only isco
single	composer	systems-analyst	only isco
single	composer	translator	only isco
single	compositor	agent	only wordnet
single	compositor	attribute	only sumo
single	compositor	organism	only wordnet
single	compositor	person	only wordnet
single	compositor	physical-object	only wordnet
single	compositor	property	only sumo
single	compositor	skilled-worker	only wordnet
single	computer-scientist	adult	only opencyc
single	computer-scientist	adviser	only isco
single	computer-scientist	agent	only wordnet
single	computer-scientist	analyst.person	only isco
single	computer-scientist	architect	only isco
single	computer-scientist	artist	only isco
single	computer-scientist	copywriter	only isco
single	computer-scientist	developer	only isco
single	computer-scientist	educator	only isco
single	computer-scientist	engineer	only isco
single	computer-scientist	epidemiologist	only isco
single	computer-scientist	expert	only isco
single	computer-scientist	hearer	only isco
single	computer-scientist	human	only opencyc
single	computer-scientist	immunologist	only isco
single	computer-scientist	mammal	only opencyc
single	computer-scientist	organism	only wordnet
single	computer-scientist	person	only wordnet
single	computer-scientist	physical-object	only wordnet
single	computer-scientist	professional	only isco
single	computer-scientist	specialist	only isco
single	computer-scientist	structure	only opencyc
single	computer-scientist	system	only opencyc
single	computer-scientist	systems-analyst	only isco
single	computer-scientist	vertebrate	only opencyc
single	computer-scientist	writer	only isco
single	concierge	agent	only wordnet
single	concierge	employee	only wikidata
single	concierge	human	only opencyc
single	concierge	mammal	only opencyc
single	concierge	organism	only wordnet
single	concierge	person	only wordnet
single	concierge	physical-object	only wordnet
single	concierge	structure	only opencyc
single	concierge	system	only opencyc
single	concierge	vertebrate	only opencyc
single	conciliator	adviser	only isco
single	conciliator	analyst.person	only isco
single	conciliator	animal	only sumo
single	conciliator	architect	only isco
single	conciliator	artist	only isco
single	conciliator	body	only sumo
single	conciliator	communicator	only wordnet
single	conciliator	copywriter	only isco
single	conciliator	developer	only isco
single	conciliator	educator	only isco
single	conciliator	engineer	only isco
single	conciliator	epidemiologist	only isco
single	conciliator	expert	only isco
single	conciliator	hearer	only isco
single	conciliator	human	only sumo
single	conciliator	immunologist	only isco
single	conciliator	mammal	only sumo
single	conciliator	mediator	only wordnet
single	conciliator	populace	only sumo
single	conciliator	professional	only isco
single	conciliator	research-worker	only isco
single	conciliator	scientist	only isco
single	conciliator	self	only sumo
single	conciliator	specialist	only isco
single	conciliator	species	only sumo
single	conciliator	systems-analyst	only isco
single	conciliator	vertebrate	only sumo
single	conciliator	worker	only isco
single	conciliator	writer	only isco
single	conductor	skilled-worker	only opencyc
single	confectioner	agent	only wordnet
single	confectioner	attribute	only sumo
single	confectioner	beater	only isco
single	confectioner	blaster	only isco
single	confectioner	bodybuilder	only isco
single	confectioner	cabinetmaker	only isco
single	confectioner	caster.person	only isco
single	confectioner	compositor	only isco
single	confectioner	engraver	only isco
single	confectioner	fitter	only isco
single	confectioner	glassworker	only isco
single	confectioner	human	only opencyc
single	confectioner	ironworker	only isco
single	confectioner	machinist	only isco
single	confectioner	mammal	only opencyc
single	confectioner	mender	only isco
single	confectioner	organism	only wordnet
single	confectioner	painter	only isco
single	confectioner	physical-object	only wordnet
single	confectioner	property	only sumo
single	confectioner	refinisher	only isco
single	confectioner	rigger	only isco
single	confectioner	shipwright	only isco
single	confectioner	smith	only isco
single	confectioner	splitter	only isco
single	confectioner	sprayer	only isco
single	confectioner	stainer	only isco
single	confectioner	stonecutter	only isco
single	confectioner	structure	only opencyc
single	confectioner	system	only opencyc
single	confectioner	tuner	only isco
single	confectioner	varnisher	only isco
single	confectioner	vertebrate	only opencyc
single	confectioner	welder	only isco
single	confectioner	woodcarver	only isco
single	congressman	chancellor-of-the-exchequer	only isco
single	congressman	general-manager	only isco
single	congressman	president.person	only isco
single	congressman	secretary-general	only isco
single	contortionist	adviser	only isco
single	contortionist	analyst.person	only isco
single	contortionist	animal	only sumo
single	contortionist	architect	only isco
single	contortionist	athlete	only wordnet
single	contortionist	body	only sumo
single	contortionist	copywriter	only isco
single	contortionist	developer	only isco
single	contortionist	editor	only isco
single	contortionist	educator	only isco
single	contortionist	engineer	only isco
single	contortionist	epidemiologist	only isco
single	contortionist	expert	only isco
single	contortionist	hearer	only isco
single	contortionist	immunologist	only isco
single	contortionist	populace	only sumo
single	contortionist	reporter	only isco
single	contortionist	research-worker	only isco
single	contortionist	scientist	only isco
single	contortionist	self	only sumo
single	contortionist	skilled-worker	only opencyc
single	contortionist	specialist	only isco
single	contortionist	species	only sumo
single	contortionist	sports-announcer	only isco
single	contortionist	structure	only opencyc
single	contortionist	system	only opencyc
single	contortionist	systems-analyst	only isco
single	contortionist	translator	only isco
single	contortionist	writer	only isco
single	contralto	adviser	only isco
single	contralto	analyst.person	only isco
single	contralto	animal	only sumo
single	contralto	architect	only isco
single	contralto	artist	only isco
single	contralto	body	only sumo
single	contralto	copywriter	only isco
single	contralto	developer	only isco
single	contralto	editor	only isco
single	contralto	educator	only isco
single	contralto	engineer	only isco
single	contralto	epidemiologist	only isco
single	contralto	expert	only isco
single	contralto	hearer	only isco
single	contralto	human	only sumo
single	contralto	immunologist	only isco
single	contralto	instrumentalist	only wordnet
single	contralto	lady	only sumo
single	contralto	mammal	only sumo
single	contralto	performer	only wordnet
single	contralto	populace	only sumo
single	contralto	professional	only isco
single	contralto	reporter	only isco
single	contralto	research-worker	only isco
single	contralto	scientist	only isco
single	contralto	self	only sumo
single	contralto	singer	only wordnet
single	contralto	specialist	only isco
single	contralto	species	only sumo
single	contralto	sports-announcer	only isco
single	contralto	systems-analyst	only isco
single	contralto	translator	only isco
single	contralto	vertebrate	only sumo
single	contralto	woman	only sumo
single	contralto	worker	only isco
single	contralto	writer	only isco
single	cook	skilled-worker	only wordnet
single	cooper	agent	only wordnet
single	cooper	attribute	only sumo
single	cooper	beater	only isco
single	cooper	blaster	only isco
single	cooper	bodybuilder	only isco
single	cooper	cabinetmaker	only isco
single	cooper	caster.person	only isco
single	cooper	compositor	only isco
single	cooper	engraver	only isco
single	cooper	fitter	only isco
single	cooper	glassworker	only isco
single	cooper	ironworker	only isco
single	cooper	machinist	only isco
single	cooper	maker	only isco
single	cooper	mender	only isco
single	cooper	organism	only wordnet
single	cooper	painter	only isco
single	cooper	physical-object	only wordnet
single	cooper	property	only sumo
single	cooper	refinisher	only isco
single	cooper	rigger	only isco
single	cooper	shipwright	only isco
single	cooper	skilled-worker	only wordnet
single	cooper	smith	only isco
single	cooper	splitter	only isco
single	cooper	sprayer	only isco
single	cooper	stainer	only isco
single	cooper	stonecutter	only isco
single	cooper	tuner	only isco
single	cooper	varnisher	only isco
single	cooper	welder	only isco
single	cooper	woodcarver	only isco
single	cooper	woodworker	only isco
single	cooper	workplace	only wikidata
single	cooper	workshop	only wikidata
single	coppersmith	agent	only wordnet
single	coppersmith	attribute	only sumo
single	coppersmith	beater	only isco
single	coppersmith	blaster	only isco
single	coppersmith	bodybuilder	only isco
single	coppersmith	cabinetmaker	only isco
single	coppersmith	caster.person	only isco
single	coppersmith	compositor	only isco
single	coppersmith	engraver	only isco
single	coppersmith	fitter	only isco
single	coppersmith	glassworker	only isco
single	coppersmith	ironworker	only isco
single	coppersmith	machinist	only isco
single	coppersmith	maker	only isco
single	coppersmith	mender	only isco
single	coppersmith	organism	only wordnet
single	coppersmith	painter	only isco
single	coppersmith	physical-object	only wordnet
single	coppersmith	property	only sumo
single	coppersmith	refinisher	only isco
single	coppersmith	rigger	only isco
single	coppersmith	shipwright	only isco
single	coppersmith	skilled-worker	only wordnet
single	coppersmith	smith	only isco
single	coppersmith	splitter	only isco
single	coppersmith	sprayer	only isco
single	coppersmith	stonecutter	only isco
single	coppersmith	tuner	only isco
single	coppersmith	varnisher	only isco
single	coppersmith	welder	only isco
single	coppersmith	woodcarver	only isco
single	copy-editor	adviser	only isco
single	copy-editor	agent	only wordnet
single	copy-editor	analyst.person	only isco
single	copy-editor	architect	only isco
single	copy-editor	artist	only isco
single	copy-editor	attribute	only sumo
single	copy-editor	copywriter	only isco
single	copy-editor	developer	only isco
single	copy-editor	educator	only isco
single	copy-editor	engineer	only isco
single	copy-editor	epidemiologist	only isco
single	copy-editor	expert	only isco
single	copy-editor	hearer	only isco
single	copy-editor	immunologist	only isco
single	copy-editor	organism	only wordnet
single	copy-editor	person	only wordnet
single	copy-editor	physical-object	only wordnet
single	copy-editor	professional	only isco
single	copy-editor	property	only sumo
single	copy-editor	reporter	only isco
single	copy-editor	research-worker	only isco
single	copy-editor	scientist	only isco
single	copy-editor	skilled-worker	only wordnet
single	copy-editor	specialist	only isco
single	copy-editor	sports-announcer	only isco
single	copy-editor	systems-analyst	only isco
single	copy-editor	translator	only isco
single	copy-editor	writer	only isco
single	copyist	agent	only wordnet
single	copyist	artist	only opencyc
single	copyist	beater	only isco
single	copyist	blaster	only isco
single	copyist	bodybuilder	only isco
single	copyist	cabinetmaker	only isco
single	copyist	caster.person	only isco
single	copyist	communicator	only opencyc
single	copyist	compositor	only isco
single	copyist	craftsman	only isco
single	copyist	dressmaker	only isco
single	copyist	employee	only wordnet
single	copyist	engraver	only isco
single	copyist	fitter	only isco
single	copyist	glassworker	only isco
single	copyist	human	only opencyc
single	copyist	ironworker	only isco
single	copyist	machinist	only isco
single	copyist	maker	only isco
single	copyist	mammal	only opencyc
single	copyist	mender	only isco
single	copyist	organism	only wordnet
single	copyist	painter	only isco
single	copyist	person	only wordnet
single	copyist	physical-object	only wordnet
single	copyist	refinisher	only isco
single	copyist	rigger	only isco
single	copyist	shipwright	only isco
single	copyist	smith	only isco
single	copyist	splitter	only isco
single	copyist	sprayer	only isco
single	copyist	stainer	only isco
single	copyist	stonecutter	only isco
single	copyist	structure	only opencyc
single	copyist	system	only opencyc
single	copyist	tuner	only isco
single	copyist	varnisher	only isco
single	copyist	vertebrate	only opencyc
single	copyist	welder	only isco
single	copyist	woodcarver	only isco
single	copywriter	agent	only wordnet
single	copywriter	artist	only wikidata
single	copywriter	employee	only wordnet
single	copywriter	organism	only wordnet
single	copywriter	physical-object	only wordnet
single	copywriter	writer	only wikidata
single	coroner	adviser	only isco
single	coroner	agent	only wordnet
single	coroner	analyst.person	only isco
single	coroner	architect	only isco
single	coroner	artist	only isco
single	coroner	copywriter	only isco
single	coroner	developer	only isco
single	coroner	editor	only isco
single	coroner	educator	only isco
single	coroner	engineer	only isco
single	coroner	epidemiologist	only isco
single	coroner	hearer	only isco
single	coroner	immunologist	only isco
single	coroner	investigator	only wordnet
single	coroner	jurist	only isco
single	coroner	organism	only wordnet
single	coroner	person	only wordnet
single	coroner	physical-object	only wordnet
single	coroner	professional	only isco
single	coroner	reporter	only isco
single	coroner	research-worker	only isco
single	coroner	scientist	only isco
single	coroner	specialist	only isco
single	coroner	sports-announcer	only isco
single	coroner	systems-analyst	only isco
single	coroner	translator	only isco
single	coroner	worker	only isco
single	coroner	writer	only isco
single	correspondent	adult	only opencyc
single	correspondent	adviser	only isco
single	correspondent	analyst.person	only isco
single	correspondent	animal	only sumo
single	correspondent	architect	only isco
single	correspondent	body	only sumo
single	correspondent	copywriter	only isco
single	correspondent	developer	only isco
single	correspondent	editor	only isco
single	correspondent	educator	only isco
single	correspondent	engineer	only isco
single	correspondent	epidemiologist	only isco
single	correspondent	expert	only isco
single	correspondent	hearer	only isco
single	correspondent	immunologist	only isco
single	correspondent	populace	only sumo
single	correspondent	reporter	only isco
single	correspondent	research-worker	only isco
single	correspondent	scientist	only isco
single	correspondent	self	only sumo
single	correspondent	skilled-worker	only opencyc
single	correspondent	specialist	only isco
single	correspondent	species	only sumo
single	correspondent	sports-announcer	only isco
single	correspondent	structure	only opencyc
single	correspondent	system	only opencyc
single	correspondent	systems-analyst	only isco
single	correspondent	translator	only isco
single	correspondent	writer	only isco
single	cosmetologist	adjutant	only isco
single	cosmetologist	animal	only sumo
single	cosmetologist	body	only sumo
single	cosmetologist	bodyguard	only isco
single	cosmetologist	concierge	only isco
single	cosmetologist	expert	only wordnet
single	cosmetologist	guard	only isco
single	cosmetologist	host	only isco
single	cosmetologist	hostess	only isco
single	cosmetologist	human	only sumo
single	cosmetologist	mammal	only sumo
single	cosmetologist	populace	only sumo
single	cosmetologist	self	only sumo
single	cosmetologist	species	only sumo
single	cosmetologist	stewardess	only isco
single	cosmetologist	vertebrate	only sumo
single	cosmetologist	worker	only isco
single	costumier	adviser	only isco
single	costumier	agent	only wordnet
single	costumier	analyst.person	only isco
single	costumier	architect	only isco
single	costumier	artist	only isco
single	costumier	attribute	only sumo
single	costumier	copywriter	only isco
single	costumier	couturier	only wordnet
single	costumier	craftsman	only wikidata
single	costumier	developer	only isco
single	costumier	educator	only isco
single	costumier	engineer	only isco
single	costumier	epidemiologist	only isco
single	costumier	expert	only isco
single	costumier	hearer	only isco
single	costumier	immunologist	only isco
single	costumier	organism	only wordnet
single	costumier	physical-object	only wordnet
single	costumier	professional	only isco
single	costumier	property	only sumo
single	costumier	research-worker	only isco
single	costumier	scientist	only isco
single	costumier	specialist	only isco
single	costumier	surveyor	only isco
single	costumier	systems-analyst	only isco
single	costumier	tailor	only wikidata
single	costumier	worker	only isco
single	costumier	writer	only isco
single	council-member	animal	only sumo
single	council-member	associate	only wordnet
single	council-member	body	only sumo
single	council-member	chairman	only isco
single	council-member	chancellor-of-the-exchequer	only isco
single	council-member	chief	only isco
single	council-member	general-manager	only isco
single	council-member	governor	only isco
single	council-member	human	only sumo
single	council-member	mammal	only sumo
single	council-member	manager	only isco
single	council-member	peer	only wordnet
single	council-member	populace	only sumo
single	council-member	president.person	only isco
single	council-member	secretary-general	only isco
single	council-member	self	only sumo
single	council-member	species	only sumo
single	council-member	vertebrate	only sumo
single	council-member	worker	only isco
single	counsel	adult	only wordnet
single	counsel	adviser	only isco
single	counsel	agent	only wordnet
single	counsel	analyst.person	only isco
single	counsel	architect	only isco
single	counsel	artist	only isco
single	counsel	copywriter	only isco
single	counsel	developer	only isco
single	counsel	editor	only isco
single	counsel	educator	only isco
single	counsel	engineer	only isco
single	counsel	epidemiologist	only isco
single	counsel	expert	only isco
single	counsel	hearer	only isco
single	counsel	immunologist	only isco
single	counsel	organism	only wordnet
single	counsel	person	only wordnet
single	counsel	physical-object	only wordnet
single	counsel	reporter	only isco
single	counsel	research-worker	only isco
single	counsel	scientist	only isco
single	counsel	sports-announcer	only isco
single	counsel	systems-analyst	only isco
single	counsel	translator	only isco
single	counsel	writer	only isco
single	counterspy	communicator	only wordnet
single	couturier	analyst.person	only isco
single	couturier	copywriter	only isco
single	couturier	developer	only isco
single	couturier	educator	only isco
single	couturier	epidemiologist	only isco
single	couturier	hearer	only isco
single	couturier	immunologist	only isco
single	couturier	surveyor	only isco
single	couturier	systems-analyst	only isco
single	cowboy	agent	only wordnet
single	cowboy	employee	only wordnet
single	cowboy	farmer	only wikidata
single	cowboy	hired-hand	only wordnet
single	cowboy	human	only opencyc
single	cowboy	laborer	only wordnet
single	cowboy	mammal	only opencyc
single	cowboy	organism	only wordnet
single	cowboy	peasant	only wikidata
single	cowboy	person	only wordnet
single	cowboy	physical-object	only wordnet
single	cowboy	structure	only opencyc
single	cowboy	system	only opencyc
single	cowboy	vertebrate	only opencyc
single	cowgirl	agent	only wordnet
single	cowgirl	agriculturist	only isco
single	cowgirl	employee	only wordnet
single	cowgirl	farmhand	only isco
single	cowgirl	fisherman	only isco
single	cowgirl	forester	only isco
single	cowgirl	gardener	only isco
single	cowgirl	goat-herder	only isco
single	cowgirl	herder	only wikidata
single	cowgirl	hired-hand	only wordnet
single	cowgirl	hunter	only isco
single	cowgirl	laborer	only wordnet
single	cowgirl	organism	only wordnet
single	cowgirl	peasant	only wikidata
single	cowgirl	person	only wordnet
single	cowgirl	physical-object	only wordnet
single	cowgirl	ranch-hand	only wordnet
single	cowgirl	rancher	only wikidata
single	cowgirl	shepherd	only isco
single	cowgirl	trapper	only isco
single	craftsman	skilled-worker	only wordnet
single	credit-analyst	agent	only wordnet
single	credit-analyst	amateur	only sumo
single	credit-analyst	ambiance	only sumo
single	credit-analyst	attribute	only sumo
single	credit-analyst	broker	only isco
single	credit-analyst	cameraman	only isco
single	credit-analyst	circumstance	only sumo
single	credit-analyst	civilisation	only sumo
single	credit-analyst	crowd	only sumo
single	credit-analyst	custom	only sumo
single	credit-analyst	danger	only sumo
single	credit-analyst	detective	only isco
single	credit-analyst	freedom	only sumo
single	credit-analyst	hero	only sumo
single	credit-analyst	inspector	only isco
single	credit-analyst	investment-banker	only isco
single	credit-analyst	lap	only sumo
single	credit-analyst	literary-works	only sumo
single	credit-analyst	man	only isco
single	credit-analyst	normal	only sumo
single	credit-analyst	organism	only wordnet
single	credit-analyst	paralegal	only isco
single	credit-analyst	person	only wordnet
single	credit-analyst	physical-object	only wordnet
single	credit-analyst	point-of-view	only sumo
single	credit-analyst	practice	only sumo
single	credit-analyst	promoter	only isco
single	credit-analyst	property	only sumo
single	credit-analyst	society	only sumo
single	credit-analyst	status	only sumo
single	credit-analyst	supervisor	only isco
single	credit-analyst	tax-assessor	only isco
single	credit-analyst	technician	only isco
single	credit-analyst	tension	only sumo
single	credit-analyst	trader	only isco
single	credit-analyst	way	only sumo
single	credit-analyst	woman	only isco
single	credit-analyst	worker	only isco
single	cricketer	agent	only wordnet
single	cricketer	cameraman	only isco
single	cricketer	detective	only isco
single	cricketer	human	only opencyc
single	cricketer	inspector	only isco
single	cricketer	mammal	only opencyc
single	cricketer	man	only isco
single	cricketer	organism	only wordnet
single	cricketer	paralegal	only isco
single	cricketer	person	only wordnet
single	cricketer	physical-object	only wordnet
single	cricketer	promoter	only isco
single	cricketer	structure	only opencyc
single	cricketer	supervisor	only isco
single	cricketer	system	only opencyc
single	cricketer	technician	only isco
single	cricketer	vertebrate	only opencyc
single	cricketer	woman	only isco
single	cricketer	worker	only isco
single	criminologist	adult	only opencyc
single	criminologist	adviser	only isco
single	criminologist	agent	only wordnet
single	criminologist	analyst.person	only isco
single	criminologist	architect	only isco
single	criminologist	artist	only isco
single	criminologist	attribute	only sumo
single	criminologist	copywriter	only isco
single	criminologist	developer	only isco
single	criminologist	editor	only isco
single	criminologist	educator	only isco
single	criminologist	engineer	only isco
single	criminologist	epidemiologist	only isco
single	criminologist	hearer	only isco
single	criminologist	human	only opencyc
single	criminologist	immunologist	only isco
single	criminologist	mammal	only opencyc
single	criminologist	organism	only wordnet
single	criminologist	person	only wordnet
single	criminologist	physical-object	only wordnet
single	criminologist	professional	only isco
single	criminologist	property	only sumo
single	criminologist	psychologist	only opencyc
single	criminologist	reporter	only isco
single	criminologist	research-worker	only isco
single	criminologist	sports-announcer	only isco
single	criminologist	structure	only opencyc
single	criminologist	system	only opencyc
single	criminologist	systems-analyst	only isco
single	criminologist	translator	only isco
single	criminologist	vertebrate	only opencyc
single	criminologist	writer	only isco
single	critic	analyst.person	only isco
single	critic	copywriter	only isco
single	critic	developer	only isco
single	critic	editor	only isco
single	critic	educator	only isco
single	critic	epidemiologist	only isco
single	critic	hearer	only isco
single	critic	immunologist	only isco
single	critic	systems-analyst	only isco
single	critic	translator	only isco
single	crystallographer	adviser	only isco
single	crystallographer	agent	only wordnet
single	crystallographer	analyst.person	only isco
single	crystallographer	architect	only isco
single	crystallographer	artist	only isco
single	crystallographer	attribute	only sumo
single	crystallographer	copywriter	only isco
single	crystallographer	developer	only isco
single	crystallographer	educator	only isco
single	crystallographer	engineer	only isco
single	crystallographer	epidemiologist	only isco
single	crystallographer	geologist	only wikidata
single	crystallographer	hearer	only isco
single	crystallographer	immunologist	only isco
single	crystallographer	mineralogist	only wikidata
single	crystallographer	organism	only wordnet
single	crystallographer	person	only wordnet
single	crystallographer	physical-object	only wordnet
single	crystallographer	professional	only isco
single	crystallographer	property	only sumo
single	crystallographer	surveyor	only isco
single	crystallographer	systems-analyst	only isco
single	crystallographer	worker	only isco
single	crystallographer	writer	only isco
single	currier	agent	only wordnet
single	currier	attribute	only sumo
single	currier	beater	only isco
single	currier	blaster	only isco
single	currier	bodybuilder	only isco
single	currier	cabinetmaker	only isco
single	currier	caster.person	only isco
single	currier	compositor	only isco
single	currier	dressmaker	only isco
single	currier	engraver	only isco
single	currier	fitter	only isco
single	currier	glassworker	only isco
single	currier	ironworker	only isco
single	currier	machinist	only isco
single	currier	maker	only isco
single	currier	mender	only isco
single	currier	organism	only wordnet
single	currier	painter	only isco
single	currier	person	only wordnet
single	currier	physical-object	only wordnet
single	currier	property	only sumo
single	currier	refinisher	only isco
single	currier	rigger	only isco
single	currier	shipwright	only isco
single	currier	skilled-worker	only wordnet
single	currier	smith	only isco
single	currier	splitter	only isco
single	currier	sprayer	only isco
single	currier	stainer	only isco
single	currier	stonecutter	only isco
single	currier	tanner	only wikidata
single	currier	tuner	only isco
single	currier	varnisher	only isco
single	currier	welder	only isco
single	currier	woodcarver	only isco
single	cytologist	adviser	only isco
single	cytologist	agent	only wordnet
single	cytologist	analyst.person	only isco
single	cytologist	architect	only isco
single	cytologist	artist	only isco
single	cytologist	copywriter	only isco
single	cytologist	developer	only isco
single	cytologist	educator	only isco
single	cytologist	engineer	only isco
single	cytologist	epidemiologist	only isco
single	cytologist	expert	only isco
single	cytologist	hearer	only isco
single	cytologist	immunologist	only isco
single	cytologist	organism	only wordnet
single	cytologist	person	only wordnet
single	cytologist	physical-object	only wordnet
single	cytologist	professional	only isco
single	cytologist	specialist	only isco
single	cytologist	surveyor	only isco
single	cytologist	systems-analyst	only isco
single	cytologist	toxicologist	only isco
single	cytologist	worker	only isco
single	cytologist	writer	only isco
single	dairymaid	agent	only wordnet
single	dairymaid	agriculturist	only isco
single	dairymaid	breeder	only isco
single	dairymaid	cowboy	only isco
single	dairymaid	employee	only wordnet
single	dairymaid	fisherman	only isco
single	dairymaid	forester	only isco
single	dairymaid	gardener	only isco
single	dairymaid	goat-herder	only isco
single	dairymaid	hired-hand	only wordnet
single	dairymaid	hunter	only isco
single	dairymaid	laborer	only wordnet
single	dairymaid	organism	only wordnet
single	dairymaid	peasant	only wikidata
single	dairymaid	person	only wordnet
single	dairymaid	physical-object	only wordnet
single	dairymaid	servant	only wikidata
single	dairymaid	shepherd	only isco
single	dairymaid	trapper	only isco
single	dairyman	agent	only wordnet
single	dairyman	agriculturist	only isco
single	dairyman	attribute	only sumo
single	dairyman	breeder	only isco
single	dairyman	cowboy	only isco
single	dairyman	farmhand	only isco
single	dairyman	fisherman	only isco
single	dairyman	forester	only isco
single	dairyman	gardener	only isco
single	dairyman	goat-herder	only isco
single	dairyman	hunter	only isco
single	dairyman	organism	only wordnet
single	dairyman	person	only wordnet
single	dairyman	physical-object	only wordnet
single	dairyman	property	only sumo
single	dairyman	shepherd	only isco
single	dairyman	trapper	only isco
single	dairyman	worker	only isco
single	dancer	adviser	only isco
single	dancer	agent	only wordnet
single	dancer	analyst.person	only isco
single	dancer	architect	only isco
single	dancer	copywriter	only isco
single	dancer	developer	only isco
single	dancer	editor	only isco
single	dancer	educator	only isco
single	dancer	engineer	only isco
single	dancer	epidemiologist	only isco
single	dancer	expert	only isco
single	dancer	hearer	only isco
single	dancer	human	only opencyc
single	dancer	immunologist	only isco
single	dancer	mammal	only opencyc
single	dancer	organism	only wordnet
single	dancer	performer	only wordnet
single	dancer	person	only wordnet
single	dancer	physical-object	only wordnet
single	dancer	reporter	only isco
single	dancer	research-worker	only isco
single	dancer	scientist	only isco
single	dancer	skilled-worker	only opencyc
single	dancer	specialist	only isco
single	dancer	sports-announcer	only isco
single	dancer	structure	only opencyc
single	dancer	system	only opencyc
single	dancer	systems-analyst	only isco
single	dancer	translator	only isco
single	dancer	vertebrate	only opencyc
single	dancer	writer	only isco
single	dancing-partner	adjutant	only isco
single	dancing-partner	agent	only wordnet
single	dancing-partner	associate	only wordnet
single	dancing-partner	bodyguard	only isco
single	dancing-partner	concierge	only isco
single	dancing-partner	guard	only isco
single	dancing-partner	host	only isco
single	dancing-partner	hostess	only isco
single	dancing-partner	organism	only wordnet
single	dancing-partner	peer	only wordnet
single	dancing-partner	physical-object	only wordnet
single	dancing-partner	stewardess	only isco
single	dancing-partner	worker	only isco
single	dawdler	animal	only sumo
single	dawdler	beater	only isco
single	dawdler	blaster	only isco
single	dawdler	body	only sumo
single	dawdler	bodybuilder	only isco
single	dawdler	cabinetmaker	only isco
single	dawdler	caster.person	only isco
single	dawdler	compositor	only isco
single	dawdler	craftsman	only isco
single	dawdler	engraver	only isco
single	dawdler	fitter	only isco
single	dawdler	glassworker	only isco
single	dawdler	human	only sumo
single	dawdler	ironworker	only isco
single	dawdler	machinist	only isco
single	dawdler	maker	only isco
single	dawdler	mammal	only sumo
single	dawdler	mason	only isco
single	dawdler	mender	only isco
single	dawdler	painter	only isco
single	dawdler	populace	only sumo
single	dawdler	refinisher	only isco
single	dawdler	rigger	only isco
single	dawdler	self	only sumo
single	dawdler	shipwright	only isco
single	dawdler	smith	only isco
single	dawdler	species	only sumo
single	dawdler	splitter	only isco
single	dawdler	sprayer	only isco
single	dawdler	stonecutter	only isco
single	dawdler	tiler	only isco
single	dawdler	tuner	only isco
single	dawdler	varnisher	only isco
single	dawdler	vertebrate	only sumo
single	dawdler	welder	only isco
single	dawdler	woodcarver	only isco
single	dawdler	worker	only isco
single	deacon	adviser	only isco
single	deacon	agent	only wordnet
single	deacon	analyst.person	only isco
single	deacon	architect	only isco
single	deacon	artist	only isco
single	deacon	copywriter	only isco
single	deacon	developer	only isco
single	deacon	editor	only isco
single	deacon	educator	only isco
single	deacon	engineer	only isco
single	deacon	epidemiologist	only isco
single	deacon	expert	only isco
single	deacon	hearer	only isco
single	deacon	immunologist	only isco
single	deacon	official	only wordnet
single	deacon	organism	only wordnet
single	deacon	person	only wordnet
single	deacon	physical-object	only wordnet
single	deacon	professional	only isco
single	deacon	reporter	only isco
single	deacon	research-worker	only isco
single	deacon	scientist	only isco
single	deacon	skilled-worker	only wordnet
single	deacon	specialist	only isco
single	deacon	sports-announcer	only isco
single	deacon	systems-analyst	only isco
single	deacon	translator	only isco
single	deacon	writer	only isco
single	dean	administrator	only wordnet
single	dean	adult	only opencyc
single	dean	agent	only wordnet
single	dean	attribute	only sumo
single	dean	general-manager	only isco
single	dean	governor	only isco
single	dean	human	only opencyc
single	dean	leader	only wordnet
single	dean	mammal	only opencyc
single	dean	manager	only isco
single	dean	matron	only isco
single	dean	member	only opencyc
single	dean	organism	only wordnet
single	dean	person	only wordnet
single	dean	physical-object	only wordnet
single	dean	property	only sumo
single	dean	structure	only opencyc
single	dean	system	only opencyc
single	dean	vertebrate	only opencyc
single	deckhand	agent	only wordnet
single	deckhand	attribute	only sumo
single	deckhand	digger	only isco
single	deckhand	driver	only isco
single	deckhand	operator	only isco
single	deckhand	organism	only wordnet
single	deckhand	person	only wordnet
single	deckhand	physical-object	only wordnet
single	deckhand	property	only sumo
single	deckhand	sailor	only wordnet
single	deckhand	skilled-worker	only wordnet
single	deckhand	teamster	only isco
single	delegate	communicator	only wordnet
single	demographer	adviser	only isco
single	demographer	agent	only wordnet
single	demographer	analyst.person	only isco
single	demographer	architect	only isco
single	demographer	artist	only isco
single	demographer	attribute	only sumo
single	demographer	copywriter	only isco
single	demographer	developer	only isco
single	demographer	educator	only isco
single	demographer	engineer	only isco
single	demographer	epidemiologist	only isco
single	demographer	expert	only isco
single	demographer	hearer	only isco
single	demographer	human	only opencyc
single	demographer	immunologist	only isco
single	demographer	mammal	only opencyc
single	demographer	organism	only wordnet
single	demographer	person	only wordnet
single	demographer	physical-object	only wordnet
single	demographer	professional	only isco
single	demographer	property	only sumo
single	demographer	skilled-worker	only opencyc
single	demographer	social-scientist	only wordnet
single	demographer	sociologist	only wordnet
single	demographer	specialist	only isco
single	demographer	structure	only opencyc
single	demographer	surveyor	only isco
single	demographer	system	only opencyc
single	demographer	systems-analyst	only isco
single	demographer	vertebrate	only opencyc
single	demographer	writer	only isco
single	dental-assistant	agent	only wordnet
single	dental-assistant	assistant	only wordnet
single	dental-assistant	attribute	only sumo
single	dental-assistant	cameraman	only isco
single	dental-assistant	detective	only isco
single	dental-assistant	inspector	only isco
single	dental-assistant	man	only isco
single	dental-assistant	organism	only wordnet
single	dental-assistant	paralegal	only isco
single	dental-assistant	person	only wordnet
single	dental-assistant	physical-object	only wordnet
single	dental-assistant	promoter	only isco
single	dental-assistant	property	only sumo
single	dental-assistant	supervisor	only isco
single	dental-assistant	technician	only isco
single	dental-assistant	woman	only isco
single	dental-hygienist	adult	only opencyc
single	dental-hygienist	agent	only wordnet
single	dental-hygienist	attribute	only sumo
single	dental-hygienist	cameraman	only isco
single	dental-hygienist	detective	only isco
single	dental-hygienist	human	only opencyc
single	dental-hygienist	inspector	only isco
single	dental-hygienist	mammal	only opencyc
single	dental-hygienist	man	only isco
single	dental-hygienist	organism	only wordnet
single	dental-hygienist	paralegal	only isco
single	dental-hygienist	person	only wordnet
single	dental-hygienist	physical-object	only wordnet
single	dental-hygienist	professional	only opencyc
single	dental-hygienist	promoter	only isco
single	dental-hygienist	property	only sumo
single	dental-hygienist	structure	only opencyc
single	dental-hygienist	supervisor	only isco
single	dental-hygienist	system	only opencyc
single	dental-hygienist	vertebrate	only opencyc
single	dental-hygienist	woman	only isco
single	dental-technician	agent	only wordnet
single	dental-technician	attribute	only sumo
single	dental-technician	cameraman	only isco
single	dental-technician	detective	only isco
single	dental-technician	inspector	only isco
single	dental-technician	man	only isco
single	dental-technician	organism	only wordnet
single	dental-technician	paralegal	only isco
single	dental-technician	person	only wordnet
single	dental-technician	physical-object	only wordnet
single	dental-technician	promoter	only isco
single	dental-technician	property	only sumo
single	dental-technician	skilled-worker	only wordnet
single	dental-technician	supervisor	only isco
single	dental-technician	woman	only isco
single	dentist	analyst.person	only isco
single	dentist	copywriter	only isco
single	dentist	developer	only isco
single	dentist	educator	only isco
single	dentist	epidemiologist	only isco
single	dentist	hearer	only isco
single	dentist	immunologist	only isco
single	dentist	skilled-worker	only opencyc
single	dentist	systems-analyst	only isco
single	deputy	communicator	only wordnet
single	deputy	legislator	only wikidata
single	developer	animal	only sumo
single	developer	body	only sumo
single	developer	populace	only sumo
single	developer	self	only sumo
single	developer	species	only sumo
single	developer	structure	only opencyc
single	developer	system	only opencyc
single	developer	worker	only isco
single	diemaker	agent	only wordnet
single	diemaker	attribute	only sumo
single	diemaker	beater	only isco
single	diemaker	blaster	only isco
single	diemaker	bodybuilder	only isco
single	diemaker	cabinetmaker	only isco
single	diemaker	caster.person	only isco
single	diemaker	compositor	only isco
single	diemaker	engraver	only isco
single	diemaker	fitter	only isco
single	diemaker	glassworker	only isco
single	diemaker	ironworker	only isco
single	diemaker	machinist	only isco
single	diemaker	maker	only isco
single	diemaker	mender	only isco
single	diemaker	organism	only wordnet
single	diemaker	painter	only isco
single	diemaker	person	only wordnet
single	diemaker	physical-object	only wordnet
single	diemaker	property	only sumo
single	diemaker	refinisher	only isco
single	diemaker	rigger	only isco
single	diemaker	shipwright	only isco
single	diemaker	skilled-worker	only wordnet
single	diemaker	smith	only isco
single	diemaker	splitter	only isco
single	diemaker	sprayer	only isco
single	diemaker	stonecutter	only isco
single	diemaker	tuner	only isco
single	diemaker	varnisher	only isco
single	diemaker	welder	only isco
single	diemaker	woodcarver	only isco
single	dietician	adviser	only isco
single	dietician	agent	only wordnet
single	dietician	analyst.person	only isco
single	dietician	architect	only isco
single	dietician	artist	only isco
single	dietician	attribute	only sumo
single	dietician	copywriter	only isco
single	dietician	developer	only isco
single	dietician	doctor	only isco
single	dietician	educator	only isco
single	dietician	engineer	only isco
single	dietician	epidemiologist	only isco
single	dietician	hearer	only isco
single	dietician	immunologist	only isco
single	dietician	organism	only wordnet
single	dietician	person	only wordnet
single	dietician	physical-object	only wordnet
single	dietician	professional	only isco
single	dietician	property	only sumo
single	dietician	research-worker	only isco
single	dietician	scientist	only isco
single	dietician	surgeon	only isco
single	dietician	systems-analyst	only isco
single	dietician	worker	only isco
single	dietician	writer	only isco
single	digger	agent	only wordnet
single	digger	attribute	only sumo
single	digger	laborer	only wordnet
single	digger	organism	only wordnet
single	digger	person	only wordnet
single	digger	physical-object	only wordnet
single	digger	property	only sumo
single	digger	soldier	only wikidata
single	digger	warrior	only wikidata
single	director	associate	only wordnet
single	director	executive-director	only opencyc
single	dishwasher.person	agent	only wordnet
single	dishwasher.person	animal-trainer	only isco
single	dishwasher.person	attribute	only sumo
single	dishwasher.person	employee	only wordnet
single	dishwasher.person	girl	only isco
single	dishwasher.person	hired-hand	only isco
single	dishwasher.person	male-child	only isco
single	dishwasher.person	organism	only wordnet
single	dishwasher.person	person	only wordnet
single	dishwasher.person	physical-object	only wordnet
single	dishwasher.person	picker	only isco
single	dishwasher.person	porter	only isco
single	dishwasher.person	property	only sumo
single	dishwasher.person	remover	only isco
single	dishwasher.person	stacker	only isco
single	dishwasher.person	stevedore	only isco
single	dishwasher.person	sweeper	only isco
single	dishwasher.person	washer.person	only isco
single	dishwasher.person	window-washer	only isco
single	disk-jockey	adviser	only isco
single	disk-jockey	agent	only wordnet
single	disk-jockey	analyst.person	only isco
single	disk-jockey	architect	only isco
single	disk-jockey	attribute	only sumo
single	disk-jockey	communicator	only wordnet
single	disk-jockey	copywriter	only isco
single	disk-jockey	developer	only isco
single	disk-jockey	editor	only isco
single	disk-jockey	educator	only isco
single	disk-jockey	engineer	only isco
single	disk-jockey	epidemiologist	only isco
single	disk-jockey	expert	only isco
single	disk-jockey	hearer	only isco
single	disk-jockey	immunologist	only isco
single	disk-jockey	instrumentalist	only wikidata
single	disk-jockey	musician	only wikidata
single	disk-jockey	organism	only wordnet
single	disk-jockey	physical-object	only wordnet
single	disk-jockey	professional	only isco
single	disk-jockey	property	only sumo
single	disk-jockey	reporter	only isco
single	disk-jockey	research-worker	only isco
single	disk-jockey	scientist	only isco
single	disk-jockey	specialist	only isco
single	disk-jockey	sports-announcer	only isco
single	disk-jockey	systems-analyst	only isco
single	disk-jockey	translator	only isco
single	disk-jockey	worker	only isco
single	disk-jockey	writer	only isco
single	dispatch-rider	agent	only wordnet
single	dispatch-rider	attribute	only sumo
single	dispatch-rider	digger	only isco
single	dispatch-rider	driver	only isco
single	dispatch-rider	employee	only wikidata
single	dispatch-rider	operator	only isco
single	dispatch-rider	organism	only wordnet
single	dispatch-rider	person	only wordnet
single	dispatch-rider	physical-object	only wordnet
single	dispatch-rider	property	only sumo
single	dispatch-rider	soldier	only wikidata
single	dispatch-rider	taxidriver	only isco
single	dispatch-rider	teamster	only isco
single	dispatch-rider	traveler	only wordnet
single	dispatch-rider	warrior	only wikidata
single	dispatcher	agent	only wordnet
single	dispatcher	attribute	only sumo
single	dispatcher	clerk	only isco
single	dispatcher	human	only opencyc
single	dispatcher	mammal	only opencyc
single	dispatcher	organism	only wordnet
single	dispatcher	person	only wordnet
single	dispatcher	physical-object	only wordnet
single	dispatcher	property	only sumo
single	dispatcher	structure	only opencyc
single	dispatcher	system	only opencyc
single	dispatcher	vertebrate	only opencyc
single	diver	animal	only sumo
single	diver	athlete	only opencyc
single	diver	beater	only isco
single	diver	blaster	only isco
single	diver	body	only sumo
single	diver	bodybuilder	only isco
single	diver	cabinetmaker	only isco
single	diver	caster.person	only isco
single	diver	compositor	only isco
single	diver	craftsman	only isco
single	diver	engraver	only isco
single	diver	fitter	only isco
single	diver	glassworker	only isco
single	diver	ironworker	only isco
single	diver	machinist	only isco
single	diver	maker	only isco
single	diver	mender	only isco
single	diver	painter	only isco
single	diver	populace	only sumo
single	diver	refinisher	only isco
single	diver	rigger	only isco
single	diver	self	only sumo
single	diver	shipwright	only isco
single	diver	smith	only isco
single	diver	species	only sumo
single	diver	splitter	only isco
single	diver	sprayer	only isco
single	diver	stainer	only isco
single	diver	stonecutter	only isco
single	diver	structure	only opencyc
single	diver	system	only opencyc
single	diver	tuner	only isco
single	diver	varnisher	only isco
single	diver	welder	only isco
single	diver	woodcarver	only isco
single	doctor	analyst.person	only isco
single	doctor	copywriter	only isco
single	doctor	developer	only isco
single	doctor	educator	only isco
single	doctor	hearer	only isco
single	doctor	skilled-worker	only opencyc
single	doctor	systems-analyst	only isco
single	doorkeeper	adjutant	only isco
single	doorkeeper	agent	only wordnet
single	doorkeeper	bodyguard	only isco
single	doorkeeper	concierge	only isco
single	doorkeeper	host	only isco
single	doorkeeper	hostess	only isco
single	doorkeeper	organism	only wordnet
single	doorkeeper	person	only wordnet
single	doorkeeper	physical-object	only wordnet
single	doorkeeper	worker	only isco
single	drafter	adviser	only isco
single	drafter	agent	only wordnet
single	drafter	analyst.person	only isco
single	drafter	architect	only isco
single	drafter	artist	only isco
single	drafter	communicator	only wordnet
single	drafter	copywriter	only isco
single	drafter	craftsman	only wikidata
single	drafter	developer	only isco
single	drafter	editor	only isco
single	drafter	educator	only isco
single	drafter	engineer	only isco
single	drafter	epidemiologist	only isco
single	drafter	expert	only isco
single	drafter	hearer	only isco
single	drafter	immunologist	only isco
single	drafter	jurist	only isco
single	drafter	organism	only wordnet
single	drafter	physical-object	only wordnet
single	drafter	professional	only isco
single	drafter	reporter	only isco
single	drafter	research-worker	only isco
single	drafter	scientist	only isco
single	drafter	specialist	only isco
single	drafter	sports-announcer	only isco
single	drafter	systems-analyst	only isco
single	drafter	translator	only isco
single	drafter	worker	only isco
single	dramatist	adviser	only isco
single	dramatist	agent	only wordnet
single	dramatist	analyst.person	only isco
single	dramatist	architect	only isco
single	dramatist	attribute	only sumo
single	dramatist	copywriter	only isco
single	dramatist	developer	only isco
single	dramatist	editor	only isco
single	dramatist	educator	only isco
single	dramatist	engineer	only isco
single	dramatist	epidemiologist	only isco
single	dramatist	expert	only isco
single	dramatist	hearer	only isco
single	dramatist	human	only opencyc
single	dramatist	immunologist	only isco
single	dramatist	mammal	only opencyc
single	dramatist	organism	only wordnet
single	dramatist	person	only wordnet
single	dramatist	physical-object	only wordnet
single	dramatist	professional	only isco
single	dramatist	property	only sumo
single	dramatist	reporter	only isco
single	dramatist	research-worker	only isco
single	dramatist	scientist	only isco
single	dramatist	specialist	only isco
single	dramatist	sports-announcer	only isco
single	dramatist	structure	only opencyc
single	dramatist	system	only opencyc
single	dramatist	systems-analyst	only isco
single	dramatist	translator	only isco
single	dramatist	vertebrate	only opencyc
single	dressmaker	agent	only wordnet
single	dressmaker	beater	only isco
single	dressmaker	blaster	only isco
single	dressmaker	bodybuilder	only isco
single	dressmaker	cabinetmaker	only isco
single	dressmaker	caster.person	only isco
single	dressmaker	compositor	only isco
single	dressmaker	craftsman	only isco
single	dressmaker	engraver	only isco
single	dressmaker	fitter	only isco
single	dressmaker	glassworker	only isco
single	dressmaker	human	only opencyc
single	dressmaker	ironworker	only isco
single	dressmaker	machinist	only isco
single	dressmaker	mammal	only opencyc
single	dressmaker	mender	only isco
single	dressmaker	organism	only wordnet
single	dressmaker	painter	only isco
single	dressmaker	person	only wordnet
single	dressmaker	physical-object	only wordnet
single	dressmaker	refinisher	only isco
single	dressmaker	rigger	only isco
single	dressmaker	shipwright	only isco
single	dressmaker	skilled-worker	only opencyc
single	dressmaker	smith	only isco
single	dressmaker	splitter	only isco
single	dressmaker	sprayer	only isco
single	dressmaker	stainer	only isco
single	dressmaker	stonecutter	only isco
single	dressmaker	structure	only opencyc
single	dressmaker	system	only opencyc
single	dressmaker	tuner	only isco
single	dressmaker	varnisher	only isco
single	dressmaker	vertebrate	only opencyc
single	dressmaker	welder	only isco
single	dressmaker	woodcarver	only isco
single	driver	digger	only isco
single	drudge	agent	only wordnet
single	drudge	animal	only wikidata
single	drudge	animal-trainer	only isco
single	drudge	attribute	only sumo
single	drudge	employee	only wordnet
single	drudge	girl	only isco
single	drudge	hired-hand	only isco
single	drudge	male-child	only isco
single	drudge	packer	only isco
single	drudge	person	only wordnet
single	drudge	picker	only isco
single	drudge	porter	only isco
single	drudge	property	only sumo
single	drudge	remover	only isco
single	drudge	stacker	only isco
single	drudge	stevedore	only isco
single	drudge	sweeper	only isco
single	drudge	washer.person	only isco
single	drudge	window-washer	only isco
single	drummer	adviser	only isco
single	drummer	agent	only wordnet
single	drummer	analyst.person	only isco
single	drummer	architect	only isco
single	drummer	copywriter	only isco
single	drummer	developer	only isco
single	drummer	editor	only isco
single	drummer	educator	only isco
single	drummer	engineer	only isco
single	drummer	epidemiologist	only isco
single	drummer	expert	only isco
single	drummer	hearer	only isco
single	drummer	immunologist	only isco
single	drummer	musician	only wikidata
single	drummer	organism	only wordnet
single	drummer	performer	only wordnet
single	drummer	physical-object	only wordnet
single	drummer	professional	only isco
single	drummer	reporter	only isco
single	drummer	research-worker	only isco
single	drummer	scientist	only isco
single	drummer	specialist	only isco
single	drummer	sports-announcer	only isco
single	drummer	systems-analyst	only isco
single	drummer	translator	only isco
single	drummer	worker	only isco
single	drummer	writer	only isco
single	dyer	animal	only sumo
single	dyer	beater	only isco
single	dyer	blaster	only isco
single	dyer	body	only sumo
single	dyer	bodybuilder	only isco
single	dyer	cabinetmaker	only isco
single	dyer	caster.person	only isco
single	dyer	compositor	only isco
single	dyer	dressmaker	only isco
single	dyer	engraver	only isco
single	dyer	fitter	only isco
single	dyer	glassworker	only isco
single	dyer	human	only sumo
single	dyer	ironworker	only isco
single	dyer	machinist	only isco
single	dyer	maker	only isco
single	dyer	mammal	only sumo
single	dyer	mender	only isco
single	dyer	painter	only isco
single	dyer	populace	only sumo
single	dyer	refinisher	only isco
single	dyer	rigger	only isco
single	dyer	self	only sumo
single	dyer	shipwright	only isco
single	dyer	skilled-worker	only wordnet
single	dyer	smith	only isco
single	dyer	species	only sumo
single	dyer	splitter	only isco
single	dyer	sprayer	only isco
single	dyer	stainer	only isco
single	dyer	stonecutter	only isco
single	dyer	tuner	only isco
single	dyer	varnisher	only isco
single	dyer	vertebrate	only sumo
single	dyer	welder	only isco
single	dyer	woodcarver	only isco
single	ecologist	adviser	only isco
single	ecologist	agent	only wordnet
single	ecologist	analyst.person	only isco
single	ecologist	architect	only isco
single	ecologist	artist	only isco
single	ecologist	copywriter	only isco
single	ecologist	developer	only isco
single	ecologist	educator	only isco
single	ecologist	engineer	only isco
single	ecologist	epidemiologist	only isco
single	ecologist	expert	only isco
single	ecologist	hearer	only isco
single	ecologist	immunologist	only isco
single	ecologist	organism	only wordnet
single	ecologist	person	only wordnet
single	ecologist	physical-object	only wordnet
single	ecologist	professional	only isco
single	ecologist	specialist	only isco
single	ecologist	surveyor	only isco
single	ecologist	systems-analyst	only isco
single	ecologist	toxicologist	only isco
single	ecologist	worker	only isco
single	ecologist	writer	only isco
single	econometrician	adult	only opencyc
single	econometrician	adviser	only isco
single	econometrician	agent	only wordnet
single	econometrician	analyst.person	only isco
single	econometrician	architect	only isco
single	econometrician	artist	only isco
single	econometrician	attribute	only sumo
single	econometrician	copywriter	only isco
single	econometrician	developer	only isco
single	econometrician	editor	only isco
single	econometrician	educator	only isco
single	econometrician	engineer	only isco
single	econometrician	epidemiologist	only isco
single	econometrician	expert	only isco
single	econometrician	hearer	only isco
single	econometrician	human	only opencyc
single	econometrician	immunologist	only isco
single	econometrician	mammal	only opencyc
single	econometrician	organism	only wordnet
single	econometrician	person	only wordnet
single	econometrician	physical-object	only wordnet
single	econometrician	property	only sumo
single	econometrician	reporter	only isco
single	econometrician	skilled-worker	only opencyc
single	econometrician	specialist	only isco
single	econometrician	sports-announcer	only isco
single	econometrician	structure	only opencyc
single	econometrician	system	only opencyc
single	econometrician	systems-analyst	only isco
single	econometrician	translator	only isco
single	econometrician	vertebrate	only opencyc
single	econometrician	writer	only isco
single	economist	analyst.person	only isco
single	economist	copywriter	only isco
single	economist	developer	only isco
single	economist	editor	only isco
single	economist	educator	only isco
single	economist	epidemiologist	only isco
single	economist	hearer	only isco
single	economist	immunologist	only isco
single	economist	sports-announcer	only isco
single	economist	systems-analyst	only isco
single	economist	translator	only isco
single	editor	adviser	only isco
single	editor	agent	only wordnet
single	editor	analyst.person	only isco
single	editor	architect	only isco
single	editor	artist	only isco
single	editor	attribute	only sumo
single	editor	copywriter	only isco
single	editor	developer	only isco
single	editor	educator	only isco
single	editor	engineer	only isco
single	editor	epidemiologist	only isco
single	editor	expert	only isco
single	editor	hearer	only isco
single	editor	human	only opencyc
single	editor	immunologist	only isco
single	editor	mammal	only opencyc
single	editor	organism	only wordnet
single	editor	physical-object	only wordnet
single	editor	professional	only isco
single	editor	property	only sumo
single	editor	research-worker	only isco
single	editor	scientist	only isco
single	editor	skilled-worker	only wordnet
single	editor	specialist	only isco
single	editor	structure	only opencyc
single	editor	system	only opencyc
single	editor	systems-analyst	only isco
single	editor	vertebrate	only opencyc
single	editor	writer	only isco
single	educator	adult	only wordnet
single	educator	agent	only wordnet
single	educator	human	only opencyc
single	educator	mammal	only opencyc
single	educator	organism	only wordnet
single	educator	person	only wordnet
single	educator	physical-object	only wordnet
single	educator	professional	only wordnet
single	educator	structure	only opencyc
single	educator	system	only opencyc
single	educator	vertebrate	only opencyc
single	elder	adult	only wordnet
single	elder	animal	only sumo
single	elder	body	only sumo
single	elder	chairman	only isco
single	elder	chancellor-of-the-exchequer	only isco
single	elder	chief	only isco
single	elder	general-manager	only isco
single	elder	governor	only isco
single	elder	human	only sumo
single	elder	mammal	only sumo
single	elder	manager	only isco
single	elder	member	only isco
single	elder	populace	only sumo
single	elder	president.person	only isco
single	elder	secretary-general	only isco
single	elder	self	only sumo
single	elder	species	only sumo
single	elder	vertebrate	only sumo
single	elder	worker	only isco
single	electrical-engineer	adult	only opencyc
single	electrical-engineer	adviser	only isco
single	electrical-engineer	agent	only wordnet
single	electrical-engineer	analyst.person	only isco
single	electrical-engineer	architect	only isco
single	electrical-engineer	artist	only isco
single	electrical-engineer	copywriter	only isco
single	electrical-engineer	developer	only isco
single	electrical-engineer	educator	only isco
single	electrical-engineer	epidemiologist	only isco
single	electrical-engineer	expert	only isco
single	electrical-engineer	hearer	only isco
single	electrical-engineer	human	only opencyc
single	electrical-engineer	immunologist	only isco
single	electrical-engineer	mammal	only opencyc
single	electrical-engineer	organism	only wordnet
single	electrical-engineer	person	only wordnet
single	electrical-engineer	physical-object	only wordnet
single	electrical-engineer	research-worker	only isco
single	electrical-engineer	scientist	only isco
single	electrical-engineer	skilled-worker	only opencyc
single	electrical-engineer	specialist	only isco
single	electrical-engineer	structure	only opencyc
single	electrical-engineer	surveyor	only isco
single	electrical-engineer	system	only opencyc
single	electrical-engineer	systems-analyst	only isco
single	electrical-engineer	vertebrate	only opencyc
single	electrical-engineer	writer	only isco
single	electrician	agent	only wordnet
single	electrician	attribute	only sumo
single	electrician	beater	only isco
single	electrician	blaster	only isco
single	electrician	bodybuilder	only isco
single	electrician	cabinetmaker	only isco
single	electrician	caster.person	only isco
single	electrician	compositor	only isco
single	electrician	craftsman	only isco
single	electrician	engraver	only isco
single	electrician	fitter	only isco
single	electrician	glassworker	only isco
single	electrician	human	only opencyc
single	electrician	ironworker	only isco
single	electrician	line-worker	only isco
single	electrician	machinist	only isco
single	electrician	maker	only isco
single	electrician	mammal	only opencyc
single	electrician	mender	only isco
single	electrician	organism	only wordnet
single	electrician	organization	only schemaorg
single	electrician	painter	only isco
single	electrician	person	only wordnet
single	electrician	physical-object	only wordnet
single	electrician	place	only schemaorg
single	electrician	property	only sumo
single	electrician	refinisher	only isco
single	electrician	rigger	only isco
single	electrician	shipwright	only isco
single	electrician	skilled-worker	only wordnet
single	electrician	smith	only isco
single	electrician	splitter	only isco
single	electrician	sprayer	only isco
single	electrician	stonecutter	only isco
single	electrician	structure	only opencyc
single	electrician	system	only opencyc
single	electrician	tuner	only isco
single	electrician	varnisher	only isco
single	electrician	vertebrate	only opencyc
single	electrician	welder	only isco
single	electrician	woodcarver	only isco
single	electroplater	agent	only wordnet
single	electroplater	attribute	only sumo
single	electroplater	digger	only isco
single	electroplater	operator	only isco
single	electroplater	organism	only wordnet
single	electroplater	person	only wordnet
single	electroplater	physical-object	only wordnet
single	electroplater	plater	only wordnet
single	electroplater	property	only sumo
single	electroplater	skilled-worker	only wordnet
single	elevator-operator	agent	only wordnet
single	elevator-operator	attribute	only sumo
single	elevator-operator	digger	only isco
single	elevator-operator	driver	only isco
single	elevator-operator	human	only opencyc
single	elevator-operator	mammal	only opencyc
single	elevator-operator	property	only sumo
single	elevator-operator	structure	only opencyc
single	elevator-operator	system	only opencyc
single	elevator-operator	teamster	only isco
single	elevator-operator	vertebrate	only opencyc
single	embalmer	adjutant	only isco
single	embalmer	agent	only wordnet
single	embalmer	attribute	only sumo
single	embalmer	bodyguard	only isco
single	embalmer	concierge	only isco
single	embalmer	guard	only isco
single	embalmer	host	only isco
single	embalmer	hostess	only isco
single	embalmer	mortician	only wordnet
single	embalmer	organism	only wordnet
single	embalmer	person	only wordnet
single	embalmer	physical-object	only wordnet
single	embalmer	property	only sumo
single	embalmer	skilled-worker	only wordnet
single	embalmer	stewardess	only isco
single	embroiderer	agent	only wordnet
single	embroiderer	attribute	only sumo
single	embroiderer	beater	only isco
single	embroiderer	blaster	only isco
single	embroiderer	bodybuilder	only isco
single	embroiderer	cabinetmaker	only isco
single	embroiderer	caster.person	only isco
single	embroiderer	compositor	only isco
single	embroiderer	craftsman	only isco
single	embroiderer	dressmaker	only isco
single	embroiderer	engraver	only isco
single	embroiderer	fitter	only isco
single	embroiderer	glassworker	only isco
single	embroiderer	ironworker	only isco
single	embroiderer	machinist	only isco
single	embroiderer	mender	only isco
single	embroiderer	organism	only wordnet
single	embroiderer	painter	only isco
single	embroiderer	person	only wordnet
single	embroiderer	physical-object	only wordnet
single	embroiderer	property	only sumo
single	embroiderer	refinisher	only isco
single	embroiderer	rigger	only isco
single	embroiderer	shipwright	only isco
single	embroiderer	smith	only isco
single	embroiderer	splitter	only isco
single	embroiderer	sprayer	only isco
single	embroiderer	stainer	only isco
single	embroiderer	stonecutter	only isco
single	embroiderer	tuner	only isco
single	embroiderer	varnisher	only isco
single	embroiderer	welder	only isco
single	embroiderer	woodcarver	only isco
single	embroiderer	worker	only isco
single	energizer	adviser	only isco
single	energizer	analyst.person	only isco
single	energizer	animal	only sumo
single	energizer	architect	only isco
single	energizer	artist	only isco
single	energizer	body	only sumo
single	energizer	copywriter	only isco
single	energizer	developer	only isco
single	energizer	educator	only isco
single	energizer	engineer	only isco
single	energizer	epidemiologist	only isco
single	energizer	expert	only isco
single	energizer	hearer	only isco
single	energizer	human	only sumo
single	energizer	immunologist	only isco
single	energizer	mammal	only sumo
single	energizer	populace	only sumo
single	energizer	professional	only isco
single	energizer	research-worker	only isco
single	energizer	scientist	only isco
single	energizer	self	only sumo
single	energizer	specialist	only isco
single	energizer	species	only sumo
single	energizer	surveyor	only isco
single	energizer	systems-analyst	only isco
single	energizer	vertebrate	only sumo
single	energizer	worker	only isco
single	energizer	writer	only isco
single	engineer	skilled-worker	only opencyc
single	engraver	agent	only wordnet
single	engraver	attribute	only sumo
single	engraver	craftsman	only wikidata
single	engraver	organism	only wordnet
single	engraver	physical-object	only wordnet
single	engraver	property	only sumo
single	engraver	skilled-worker	only wordnet
single	enologist	adviser	only isco
single	enologist	agent	only wordnet
single	enologist	analyst.person	only isco
single	enologist	architect	only isco
single	enologist	artist	only isco
single	enologist	attribute	only sumo
single	enologist	copywriter	only isco
single	enologist	developer	only isco
single	enologist	educator	only isco
single	enologist	engineer	only isco
single	enologist	epidemiologist	only isco
single	enologist	hearer	only isco
single	enologist	immunologist	only isco
single	enologist	organism	only wordnet
single	enologist	person	only wordnet
single	enologist	physical-object	only wordnet
single	enologist	professional	only isco
single	enologist	property	only sumo
single	enologist	research-worker	only isco
single	enologist	scientist	only isco
single	enologist	surveyor	only isco
single	enologist	systems-analyst	only isco
single	enologist	worker	only isco
single	enologist	writer	only isco
single	entomologist	adviser	only isco
single	entomologist	agent	only wordnet
single	entomologist	analyst.person	only isco
single	entomologist	architect	only isco
single	entomologist	artist	only isco
single	entomologist	attribute	only sumo
single	entomologist	copywriter	only isco
single	entomologist	developer	only isco
single	entomologist	educator	only isco
single	entomologist	engineer	only isco
single	entomologist	epidemiologist	only isco
single	entomologist	expert	only isco
single	entomologist	hearer	only isco
single	entomologist	immunologist	only isco
single	entomologist	organism	only wordnet
single	entomologist	person	only wordnet
single	entomologist	physical-object	only wordnet
single	entomologist	professional	only isco
single	entomologist	property	only sumo
single	entomologist	specialist	only isco
single	entomologist	surveyor	only isco
single	entomologist	systems-analyst	only isco
single	entomologist	toxicologist	only isco
single	entomologist	worker	only isco
single	entomologist	writer	only isco
single	environmentalist	adviser	only isco
single	environmentalist	analyst.person	only isco
single	environmentalist	architect	only isco
single	environmentalist	artist	only isco
single	environmentalist	collection	only sumo
single	environmentalist	copywriter	only isco
single	environmentalist	developer	only isco
single	environmentalist	educator	only isco
single	environmentalist	engineer	only isco
single	environmentalist	epidemiologist	only isco
single	environmentalist	expert	only isco
single	environmentalist	group	only sumo
single	environmentalist	hearer	only isco
single	environmentalist	human	only opencyc
single	environmentalist	immunologist	only isco
single	environmentalist	mammal	only opencyc
single	environmentalist	organism	only wordnet
single	environmentalist	people	only sumo
single	environmentalist	person	only wordnet
single	environmentalist	physical-object	only wordnet
single	environmentalist	professional	only isco
single	environmentalist	research-worker	only isco
single	environmentalist	school-class	only sumo
single	environmentalist	scientist	only isco
single	environmentalist	specialist	only isco
single	environmentalist	structure	only opencyc
single	environmentalist	surveyor	only isco
single	environmentalist	system	only opencyc
single	environmentalist	systems-analyst	only isco
single	environmentalist	toxicologist	only isco
single	environmentalist	vertebrate	only opencyc
single	environmentalist	worker	only isco
single	environmentalist	writer	only isco
single	epidemiologist	adult	only opencyc
single	epidemiologist	agent	only wordnet
single	epidemiologist	attribute	only sumo
single	epidemiologist	human	only opencyc
single	epidemiologist	mammal	only opencyc
single	epidemiologist	organism	only wordnet
single	epidemiologist	person	only wordnet
single	epidemiologist	physical-object	only wordnet
single	epidemiologist	professional	only opencyc
single	epidemiologist	property	only sumo
single	epidemiologist	research-worker	only wikidata
single	epidemiologist	scientist	only wordnet
single	epidemiologist	skilled-worker	only opencyc
single	epidemiologist	structure	only opencyc
single	epidemiologist	system	only opencyc
single	epidemiologist	vertebrate	only opencyc
single	essayist	adviser	only isco
single	essayist	agent	only wordnet
single	essayist	analyst.person	only isco
single	essayist	architect	only isco
single	essayist	artist	only isco
single	essayist	communicator	only wordnet
single	essayist	copywriter	only isco
single	essayist	developer	only isco
single	essayist	editor	only isco
single	essayist	educator	only isco
single	essayist	engineer	only isco
single	essayist	epidemiologist	only isco
single	essayist	expert	only isco
single	essayist	hearer	only isco
single	essayist	immunologist	only isco
single	essayist	organism	only wordnet
single	essayist	person	only wordnet
single	essayist	physical-object	only wordnet
single	essayist	professional	only isco
single	essayist	reporter	only isco
single	essayist	research-worker	only isco
single	essayist	scientist	only isco
single	essayist	specialist	only isco
single	essayist	sports-announcer	only isco
single	essayist	systems-analyst	only isco
single	essayist	translator	only isco
single	essayist	worker	only isco
single	etcher	animal	only sumo
single	etcher	artist	only wordnet
single	etcher	beater	only isco
single	etcher	blaster	only isco
single	etcher	body	only sumo
single	etcher	bodybuilder	only isco
single	etcher	cabinetmaker	only isco
single	etcher	caster.person	only isco
single	etcher	compositor	only isco
single	etcher	craftsman	only isco
single	etcher	engraver	only isco
single	etcher	fitter	only isco
single	etcher	glassworker	only isco
single	etcher	human	only sumo
single	etcher	ironworker	only isco
single	etcher	machinist	only isco
single	etcher	maker	only isco
single	etcher	mammal	only sumo
single	etcher	mender	only isco
single	etcher	painter	only isco
single	etcher	populace	only sumo
single	etcher	refinisher	only isco
single	etcher	rigger	only isco
single	etcher	self	only sumo
single	etcher	shipwright	only isco
single	etcher	smith	only isco
single	etcher	species	only sumo
single	etcher	splitter	only isco
single	etcher	sprayer	only isco
single	etcher	stonecutter	only isco
single	etcher	tuner	only isco
single	etcher	varnisher	only isco
single	etcher	vertebrate	only sumo
single	etcher	welder	only isco
single	etcher	woodcarver	only isco
single	etcher	worker	only isco
single	ethnologist	adviser	only isco
single	ethnologist	agent	only wordnet
single	ethnologist	analyst.person	only isco
single	ethnologist	architect	only isco
single	ethnologist	artist	only isco
single	ethnologist	copywriter	only isco
single	ethnologist	developer	only isco
single	ethnologist	editor	only isco
single	ethnologist	educator	only isco
single	ethnologist	engineer	only isco
single	ethnologist	epidemiologist	only isco
single	ethnologist	expert	only isco
single	ethnologist	hearer	only isco
single	ethnologist	immunologist	only isco
single	ethnologist	organism	only wordnet
single	ethnologist	person	only wordnet
single	ethnologist	physical-object	only wordnet
single	ethnologist	professional	only isco
single	ethnologist	reporter	only isco
single	ethnologist	specialist	only isco
single	ethnologist	sports-announcer	only isco
single	ethnologist	systems-analyst	only isco
single	ethnologist	translator	only isco
single	ethnologist	worker	only isco
single	ethnologist	writer	only isco
single	etymologist	adviser	only isco
single	etymologist	agent	only wordnet
single	etymologist	analyst.person	only isco
single	etymologist	architect	only isco
single	etymologist	artist	only isco
single	etymologist	attribute	only sumo
single	etymologist	communicator	only wordnet
single	etymologist	compiler.person	only wordnet
single	etymologist	copywriter	only isco
single	etymologist	developer	only isco
single	etymologist	editor	only isco
single	etymologist	educator	only isco
single	etymologist	engineer	only isco
single	etymologist	epidemiologist	only isco
single	etymologist	expert	only isco
single	etymologist	hearer	only isco
single	etymologist	immunologist	only isco
single	etymologist	lexicographer	only wordnet
single	etymologist	organism	only wordnet
single	etymologist	person	only wordnet
single	etymologist	physical-object	only wordnet
single	etymologist	professional	only isco
single	etymologist	property	only sumo
single	etymologist	reporter	only isco
single	etymologist	research-worker	only isco
single	etymologist	specialist	only isco
single	etymologist	sports-announcer	only isco
single	etymologist	systems-analyst	only isco
single	etymologist	translator	only isco
single	etymologist	worker	only isco
single	executive-director	administrator	only wordnet
single	executive-director	adviser	only isco
single	executive-director	agent	only wordnet
single	executive-director	analyst.person	only isco
single	executive-director	architect	only isco
single	executive-director	artist	only isco
single	executive-director	board-member	only wikidata
single	executive-director	chief	only wordnet
single	executive-director	copywriter	only isco
single	executive-director	developer	only isco
single	executive-director	educator	only isco
single	executive-director	engineer	only isco
single	executive-director	epidemiologist	only isco
single	executive-director	expert	only isco
single	executive-director	hearer	only isco
single	executive-director	human	only opencyc
single	executive-director	immunologist	only isco
single	executive-director	leader	only wordnet
single	executive-director	mammal	only opencyc
single	executive-director	organism	only wordnet
single	executive-director	person	only wordnet
single	executive-director	physical-object	only wordnet
single	executive-director	professional	only isco
single	executive-director	research-worker	only isco
single	executive-director	scientist	only isco
single	executive-director	specialist	only isco
single	executive-director	structure	only opencyc
single	executive-director	system	only opencyc
single	executive-director	systems-analyst	only isco
single	executive-director	vertebrate	only opencyc
single	executive-director	writer	only isco
single	executive-secretary	agent	only wordnet
single	executive-secretary	assistant	only wordnet
single	executive-secretary	attribute	only sumo
single	executive-secretary	broker	only isco
single	executive-secretary	cameraman	only isco
single	executive-secretary	detective	only isco
single	executive-secretary	inspector	only isco
single	executive-secretary	investment-banker	only isco
single	executive-secretary	man	only isco
single	executive-secretary	organism	only wordnet
single	executive-secretary	paralegal	only isco
single	executive-secretary	person	only wordnet
single	executive-secretary	physical-object	only wordnet
single	executive-secretary	promoter	only isco
single	executive-secretary	property	only sumo
single	executive-secretary	secretary	only wordnet
single	executive-secretary	supervisor	only isco
single	executive-secretary	technician	only isco
single	executive-secretary	trader	only isco
single	executive-secretary	woman	only isco
single	facilitator	adviser	only isco
single	facilitator	analyst.person	only isco
single	facilitator	animal	only sumo
single	facilitator	architect	only isco
single	facilitator	artist	only isco
single	facilitator	assistant	only wordnet
single	facilitator	body	only sumo
single	facilitator	copywriter	only isco
single	facilitator	developer	only isco
single	facilitator	educator	only isco
single	facilitator	engineer	only isco
single	facilitator	epidemiologist	only isco
single	facilitator	expert	only isco
single	facilitator	hearer	only isco
single	facilitator	immunologist	only isco
single	facilitator	populace	only sumo
single	facilitator	professional	only isco
single	facilitator	research-worker	only isco
single	facilitator	scientist	only isco
single	facilitator	self	only sumo
single	facilitator	specialist	only isco
single	facilitator	species	only sumo
single	facilitator	structure	only opencyc
single	facilitator	system	only opencyc
single	facilitator	systems-analyst	only isco
single	facilitator	writer	only isco
single	farmhand	agent	only wordnet
single	farmhand	employee	only wordnet
single	farmhand	hired-hand	only wordnet
single	farmhand	laborer	only wordnet
single	farmhand	organism	only wordnet
single	farmhand	person	only wordnet
single	farmhand	physical-object	only wordnet
single	farrier	agent	only wordnet
single	farrier	attribute	only sumo
single	farrier	beater	only isco
single	farrier	blaster	only isco
single	farrier	bodybuilder	only isco
single	farrier	cabinetmaker	only isco
single	farrier	caster.person	only isco
single	farrier	compositor	only isco
single	farrier	engraver	only isco
single	farrier	fitter	only isco
single	farrier	glassworker	only isco
single	farrier	ironworker	only isco
single	farrier	machinist	only isco
single	farrier	maker	only isco
single	farrier	mender	only isco
single	farrier	organism	only wordnet
single	farrier	painter	only isco
single	farrier	physical-object	only wordnet
single	farrier	property	only sumo
single	farrier	refinisher	only isco
single	farrier	rigger	only isco
single	farrier	shipwright	only isco
single	farrier	skilled-worker	only wordnet
single	farrier	smith	only isco
single	farrier	splitter	only isco
single	farrier	sprayer	only isco
single	farrier	stonecutter	only isco
single	farrier	tuner	only isco
single	farrier	varnisher	only isco
single	farrier	welder	only isco
single	farrier	woodcarver	only isco
single	federal-agent	skilled-worker	only wordnet
single	fellow	animal	only sumo
single	fellow	animal-trainer	only isco
single	fellow	body	only sumo
single	fellow	girl	only isco
single	fellow	hired-hand	only isco
single	fellow	human	only sumo
single	fellow	laborer	only isco
single	fellow	male-child	only isco
single	fellow	mammal	only sumo
single	fellow	man	only sumo
single	fellow	picker	only isco
single	fellow	populace	only sumo
single	fellow	porter	only isco
single	fellow	remover	only isco
single	fellow	self	only sumo
single	fellow	species	only sumo
single	fellow	stacker	only isco
single	fellow	stevedore	only isco
single	fellow	sweeper	only isco
single	fellow	vertebrate	only sumo
single	fellow	washer.person	only isco
single	fellow	window-washer	only isco
single	fellow	worker	only isco
single	field-grade-officer	agent	only wordnet
single	field-grade-officer	clerk	only isco
single	field-grade-officer	employee	only wikidata
single	field-grade-officer	interviewer	only isco
single	field-grade-officer	organism	only wordnet
single	field-grade-officer	person	only wordnet
single	field-grade-officer	physical-object	only wordnet
single	field-grade-officer	receptionist	only isco
single	field-grade-officer	skilled-worker	only wordnet
single	field-grade-officer	warrior	only wikidata
single	file-clerk	agent	only wordnet
single	file-clerk	attribute	only sumo
single	file-clerk	employee	only wordnet
single	file-clerk	organism	only wordnet
single	file-clerk	person	only wordnet
single	file-clerk	physical-object	only wordnet
single	file-clerk	property	only sumo
single	film-director	adviser	only isco
single	film-director	agent	only wordnet
single	film-director	analyst.person	only isco
single	film-director	architect	only isco
single	film-director	copywriter	only isco
single	film-director	developer	only isco
single	film-director	director	only wikidata
single	film-director	editor	only isco
single	film-director	educator	only isco
single	film-director	engineer	only isco
single	film-director	epidemiologist	only isco
single	film-director	expert	only isco
single	film-director	hearer	only isco
single	film-director	human	only opencyc
single	film-director	immunologist	only isco
single	film-director	mammal	only opencyc
single	film-director	manager	only wikidata
single	film-director	organism	only wordnet
single	film-director	physical-object	only wordnet
single	film-director	producer	only wordnet
single	film-director	professional	only isco
single	film-director	reporter	only isco
single	film-director	research-worker	only isco
single	film-director	scientist	only isco
single	film-director	specialist	only isco
single	film-director	sports-announcer	only isco
single	film-director	structure	only opencyc
single	film-director	system	only opencyc
single	film-director	systems-analyst	only isco
single	film-director	translator	only isco
single	film-director	vertebrate	only opencyc
single	film-director	writer	only isco
single	financial-analyst	adult	only opencyc
single	financial-analyst	adviser	only isco
single	financial-analyst	agent	only wordnet
single	financial-analyst	amateur	only sumo
single	financial-analyst	ambiance	only sumo
single	financial-analyst	analyst	only opencyc
single	financial-analyst	analyst.person	only isco
single	financial-analyst	architect	only isco
single	financial-analyst	artist	only isco
single	financial-analyst	attribute	only sumo
single	financial-analyst	businessman	only wikidata
single	financial-analyst	circumstance	only sumo
single	financial-analyst	civilisation	only sumo
single	financial-analyst	copywriter	only isco
single	financial-analyst	crowd	only sumo
single	financial-analyst	custom	only sumo
single	financial-analyst	danger	only sumo
single	financial-analyst	developer	only isco
single	financial-analyst	educator	only isco
single	financial-analyst	engineer	only isco
single	financial-analyst	epidemiologist	only isco
single	financial-analyst	freedom	only sumo
single	financial-analyst	hearer	only isco
single	financial-analyst	hero	only sumo
single	financial-analyst	human	only opencyc
single	financial-analyst	immunologist	only isco
single	financial-analyst	lap	only sumo
single	financial-analyst	literary-works	only sumo
single	financial-analyst	mammal	only opencyc
single	financial-analyst	normal	only sumo
single	financial-analyst	organism	only wordnet
single	financial-analyst	person	only wordnet
single	financial-analyst	physical-object	only wordnet
single	financial-analyst	point-of-view	only sumo
single	financial-analyst	practice	only sumo
single	financial-analyst	property	only sumo
single	financial-analyst	research-worker	only isco
single	financial-analyst	scientist	only isco
single	financial-analyst	skilled-worker	only opencyc
single	financial-analyst	society	only sumo
single	financial-analyst	specialist	only isco
single	financial-analyst	status	only sumo
single	financial-analyst	structure	only opencyc
single	financial-analyst	system	only opencyc
single	financial-analyst	systems-analyst	only isco
single	financial-analyst	tension	only sumo
single	financial-analyst	vertebrate	only opencyc
single	financial-analyst	way	only sumo
single	financial-analyst	writer	only isco
single	fireman	adjutant	only isco
single	fireman	bodyguard	only isco
single	fireman	concierge	only isco
single	fireman	hostess	only isco
single	fitter	agent	only wordnet
single	fitter	craftsman	only wikidata
single	fitter	employee	only wikidata
single	fitter	human	only opencyc
single	fitter	laborer	only wikidata
single	fitter	maker	only wordnet
single	fitter	mammal	only opencyc
single	fitter	organism	only wordnet
single	fitter	physical-object	only wordnet
single	fitter	structure	only opencyc
single	fitter	system	only opencyc
single	fitter	vertebrate	only opencyc
single	flight-engineer	agent	only wordnet
single	flight-engineer	attribute	only sumo
single	flight-engineer	cameraman	only isco
single	flight-engineer	detective	only isco
single	flight-engineer	engineer	only wikidata
single	flight-engineer	inspector	only isco
single	flight-engineer	man	only isco
single	flight-engineer	organism	only wordnet
single	flight-engineer	paralegal	only isco
single	flight-engineer	person	only wordnet
single	flight-engineer	physical-object	only wordnet
single	flight-engineer	pilot	only isco
single	flight-engineer	promoter	only isco
single	flight-engineer	property	only sumo
single	flight-engineer	sailing-master	only isco
single	flight-engineer	skilled-worker	only wordnet
single	flight-engineer	supervisor	only isco
single	flight-engineer	technician	only isco
single	flight-engineer	woman	only isco
single	flutist	adviser	only isco
single	flutist	agent	only wordnet
single	flutist	analyst.person	only isco
single	flutist	architect	only isco
single	flutist	attribute	only sumo
single	flutist	copywriter	only isco
single	flutist	developer	only isco
single	flutist	editor	only isco
single	flutist	educator	only isco
single	flutist	engineer	only isco
single	flutist	epidemiologist	only isco
single	flutist	expert	only isco
single	flutist	hearer	only isco
single	flutist	immunologist	only isco
single	flutist	musician	only wikidata
single	flutist	organism	only wordnet
single	flutist	performer	only wordnet
single	flutist	physical-object	only wordnet
single	flutist	professional	only isco
single	flutist	property	only sumo
single	flutist	reporter	only isco
single	flutist	research-worker	only isco
single	flutist	scientist	only isco
single	flutist	specialist	only isco
single	flutist	sports-announcer	only isco
single	flutist	systems-analyst	only isco
single	flutist	translator	only isco
single	flutist	worker	only isco
single	flutist	writer	only isco
single	football-player	agent	only wordnet
single	football-player	cameraman	only isco
single	football-player	detective	only isco
single	football-player	human	only opencyc
single	football-player	inspector	only isco
single	football-player	mammal	only opencyc
single	football-player	man	only isco
single	football-player	organism	only wordnet
single	football-player	paralegal	only isco
single	football-player	person	only wordnet
single	football-player	physical-object	only wordnet
single	football-player	player	only wordnet
single	football-player	promoter	only isco
single	football-player	structure	only opencyc
single	football-player	supervisor	only isco
single	football-player	system	only opencyc
single	football-player	technician	only isco
single	football-player	vertebrate	only opencyc
single	football-player	woman	only isco
single	forecaster	adviser	only isco
single	forecaster	analyst.person	only isco
single	forecaster	animal	only sumo
single	forecaster	architect	only isco
single	forecaster	artist	only isco
single	forecaster	body	only sumo
single	forecaster	copywriter	only isco
single	forecaster	developer	only isco
single	forecaster	educator	only isco
single	forecaster	engineer	only isco
single	forecaster	epidemiologist	only isco
single	forecaster	expert	only isco
single	forecaster	hearer	only isco
single	forecaster	immunologist	only isco
single	forecaster	intellect	only opencyc
single	forecaster	populace	only sumo
single	forecaster	professional	only isco
single	forecaster	research-worker	only isco
single	forecaster	scientist	only isco
single	forecaster	self	only sumo
single	forecaster	specialist	only isco
single	forecaster	species	only sumo
single	forecaster	structure	only opencyc
single	forecaster	surveyor	only isco
single	forecaster	system	only opencyc
single	forecaster	systems-analyst	only isco
single	forecaster	worker	only isco
single	forecaster	writer	only isco
single	foreigner	traveler	only wordnet
single	foreman	cameraman	only isco
single	foreman	electrician	only wikidata
single	foreman	inspector	only isco
single	foreman	paralegal	only isco
single	foreman	promoter	only isco
single	foreman	technician	only isco
single	forester	adult	only opencyc
single	forester	agent	only wordnet
single	forester	attribute	only sumo
single	forester	farmer	only wordnet
single	forester	human	only opencyc
single	forester	mammal	only opencyc
single	forester	organism	only wordnet
single	forester	person	only wordnet
single	forester	physical-object	only wordnet
single	forester	professional	only opencyc
single	forester	property	only sumo
single	forester	structure	only opencyc
single	forester	system	only opencyc
single	forester	vertebrate	only opencyc
single	forger	animal	only sumo
single	forger	beater	only isco
single	forger	blaster	only isco
single	forger	body	only sumo
single	forger	bodybuilder	only isco
single	forger	cabinetmaker	only isco
single	forger	caster.person	only isco
single	forger	compositor	only isco
single	forger	craftsman	only isco
single	forger	engraver	only isco
single	forger	fitter	only isco
single	forger	glassworker	only isco
single	forger	human	only sumo
single	forger	ironworker	only isco
single	forger	machinist	only isco
single	forger	maker	only isco
single	forger	mammal	only sumo
single	forger	mender	only isco
single	forger	painter	only isco
single	forger	populace	only sumo
single	forger	refinisher	only isco
single	forger	rigger	only isco
single	forger	self	only sumo
single	forger	shipwright	only isco
single	forger	skilled-worker	only wordnet
single	forger	smith	only isco
single	forger	species	only sumo
single	forger	splitter	only isco
single	forger	sprayer	only isco
single	forger	stonecutter	only isco
single	forger	tuner	only isco
single	forger	varnisher	only isco
single	forger	vertebrate	only sumo
single	forger	welder	only isco
single	forger	woodcarver	only isco
single	fortuneteller	adjutant	only isco
single	fortuneteller	animal	only sumo
single	fortuneteller	body	only sumo
single	fortuneteller	bodyguard	only isco
single	fortuneteller	concierge	only isco
single	fortuneteller	forecaster	only wordnet
single	fortuneteller	guard	only isco
single	fortuneteller	host	only isco
single	fortuneteller	hostess	only isco
single	fortuneteller	human	only sumo
single	fortuneteller	mammal	only sumo
single	fortuneteller	populace	only sumo
single	fortuneteller	self	only sumo
single	fortuneteller	species	only sumo
single	fortuneteller	stewardess	only isco
single	fortuneteller	vertebrate	only sumo
single	fortuneteller	visionary	only wordnet
single	fortuneteller	worker	only isco
single	framer	animal	only sumo
single	framer	beater	only isco
single	framer	blaster	only isco
single	framer	body	only sumo
single	framer	bodybuilder	only isco
single	framer	cabinetmaker	only isco
single	framer	caster.person	only isco
single	framer	compositor	only isco
single	framer	craftsman	only isco
single	framer	engraver	only isco
single	framer	fitter	only isco
single	framer	glassworker	only isco
single	framer	human	only sumo
single	framer	ironworker	only isco
single	framer	machinist	only isco
single	framer	maker	only isco
single	framer	mammal	only sumo
single	framer	mason	only isco
single	framer	mender	only isco
single	framer	painter	only isco
single	framer	populace	only sumo
single	framer	refinisher	only isco
single	framer	rigger	only isco
single	framer	self	only sumo
single	framer	shipwright	only isco
single	framer	skilled-worker	only wordnet
single	framer	smith	only isco
single	framer	species	only sumo
single	framer	splitter	only isco
single	framer	sprayer	only isco
single	framer	stonecutter	only isco
single	framer	tuner	only isco
single	framer	varnisher	only isco
single	framer	vertebrate	only sumo
single	framer	welder	only isco
single	framer	woodcarver	only isco
single	friar	association	only sumo
single	friar	cameraman	only isco
single	friar	collection	only sumo
single	friar	detective	only isco
single	friar	group	only sumo
single	friar	inspector	only isco
single	friar	man	only isco
single	friar	monk	only wikidata
single	friar	organism	only wordnet
single	friar	organization	only sumo
single	friar	paralegal	only isco
single	friar	people	only sumo
single	friar	person	only wordnet
single	friar	physical-object	only wordnet
single	friar	promoter	only isco
single	friar	school-class	only sumo
single	friar	supervisor	only isco
single	friar	team	only sumo
single	friar	technician	only isco
single	friar	woman	only isco
single	friar	worker	only isco
single	friend	associate	only wordnet
single	fumigator	animal	only sumo
single	fumigator	beater	only isco
single	fumigator	blaster	only isco
single	fumigator	body	only sumo
single	fumigator	bodybuilder	only isco
single	fumigator	cabinetmaker	only isco
single	fumigator	caster.person	only isco
single	fumigator	compositor	only isco
single	fumigator	craftsman	only isco
single	fumigator	engraver	only isco
single	fumigator	fitter	only isco
single	fumigator	glassworker	only isco
single	fumigator	human	only sumo
single	fumigator	ironworker	only isco
single	fumigator	machinist	only isco
single	fumigator	maker	only isco
single	fumigator	mammal	only sumo
single	fumigator	mender	only isco
single	fumigator	painter	only isco
single	fumigator	populace	only sumo
single	fumigator	refinisher	only isco
single	fumigator	rigger	only isco
single	fumigator	self	only sumo
single	fumigator	shipwright	only isco
single	fumigator	skilled-worker	only wordnet
single	fumigator	smith	only isco
single	fumigator	species	only sumo
single	fumigator	splitter	only isco
single	fumigator	sprayer	only isco
single	fumigator	stainer	only isco
single	fumigator	stonecutter	only isco
single	fumigator	tuner	only isco
single	fumigator	varnisher	only isco
single	fumigator	vertebrate	only sumo
single	fumigator	welder	only isco
single	fumigator	woodcarver	only isco
single	gambler	animal	only sumo
single	gambler	body	only sumo
single	gambler	cameraman	only isco
single	gambler	detective	only isco
single	gambler	human	only sumo
single	gambler	inspector	only isco
single	gambler	mammal	only sumo
single	gambler	man	only isco
single	gambler	paralegal	only isco
single	gambler	populace	only sumo
single	gambler	promoter	only isco
single	gambler	self	only sumo
single	gambler	species	only sumo
single	gambler	supervisor	only isco
single	gambler	technician	only isco
single	gambler	vertebrate	only sumo
single	gambler	woman	only isco
single	gambler	worker	only isco
single	garbage-man	agent	only wordnet
single	garbage-man	animal-trainer	only isco
single	garbage-man	attribute	only sumo
single	garbage-man	girl	only isco
single	garbage-man	hired-hand	only isco
single	garbage-man	laborer	only isco
single	garbage-man	male-child	only isco
single	garbage-man	organism	only wordnet
single	garbage-man	physical-object	only wordnet
single	garbage-man	picker	only isco
single	garbage-man	porter	only isco
single	garbage-man	property	only sumo
single	garbage-man	remover	only isco
single	garbage-man	stacker	only isco
single	garbage-man	stevedore	only isco
single	garbage-man	sweeper	only isco
single	garbage-man	washer.person	only isco
single	garbage-man	window-washer	only isco
single	garbage-man	worker	only isco
single	gardener	agronomist	only wikidata
single	gardener	animal	only sumo
single	gardener	body	only sumo
single	gardener	engineer	only wikidata
single	gardener	expert	only wordnet
single	gardener	farmer	only wikidata
single	gardener	populace	only sumo
single	gardener	research-worker	only wikidata
single	gardener	scientist	only wikidata
single	gardener	self	only sumo
single	gardener	species	only sumo
single	gardener	structure	only opencyc
single	gardener	system	only opencyc
single	garment-cutter	agent	only wordnet
single	garment-cutter	attribute	only sumo
single	garment-cutter	beater	only isco
single	garment-cutter	blaster	only isco
single	garment-cutter	bodybuilder	only isco
single	garment-cutter	cabinetmaker	only isco
single	garment-cutter	caster.person	only isco
single	garment-cutter	compositor	only isco
single	garment-cutter	craftsman	only isco
single	garment-cutter	dressmaker	only isco
single	garment-cutter	engraver	only isco
single	garment-cutter	fitter	only isco
single	garment-cutter	glassworker	only isco
single	garment-cutter	ironworker	only isco
single	garment-cutter	machinist	only isco
single	garment-cutter	maker	only isco
single	garment-cutter	mender	only isco
single	garment-cutter	organism	only wordnet
single	garment-cutter	painter	only isco
single	garment-cutter	person	only wordnet
single	garment-cutter	physical-object	only wordnet
single	garment-cutter	property	only sumo
single	garment-cutter	refinisher	only isco
single	garment-cutter	rigger	only isco
single	garment-cutter	shipwright	only isco
single	garment-cutter	skilled-worker	only wordnet
single	garment-cutter	smith	only isco
single	garment-cutter	splitter	only isco
single	garment-cutter	sprayer	only isco
single	garment-cutter	stainer	only isco
single	garment-cutter	stonecutter	only isco
single	garment-cutter	tuner	only isco
single	garment-cutter	varnisher	only isco
single	garment-cutter	welder	only isco
single	garment-cutter	woodcarver	only isco
single	gas-fitter	agent	only wordnet
single	gas-fitter	attribute	only sumo
single	gas-fitter	beater	only isco
single	gas-fitter	blaster	only isco
single	gas-fitter	bodybuilder	only isco
single	gas-fitter	cabinetmaker	only isco
single	gas-fitter	caster.person	only isco
single	gas-fitter	compositor	only isco
single	gas-fitter	employee	only wordnet
single	gas-fitter	engraver	only isco
single	gas-fitter	fitter	only isco
single	gas-fitter	glassworker	only isco
single	gas-fitter	ironworker	only isco
single	gas-fitter	machinist	only isco
single	gas-fitter	maker	only isco
single	gas-fitter	mason	only isco
single	gas-fitter	mender	only isco
single	gas-fitter	organism	only wordnet
single	gas-fitter	painter	only isco
single	gas-fitter	physical-object	only wordnet
single	gas-fitter	professional	only wikidata
single	gas-fitter	property	only sumo
single	gas-fitter	refinisher	only isco
single	gas-fitter	rigger	only isco
single	gas-fitter	shipwright	only isco
single	gas-fitter	smith	only isco
single	gas-fitter	specialist	only wikidata
single	gas-fitter	splitter	only isco
single	gas-fitter	sprayer	only isco
single	gas-fitter	stonecutter	only isco
single	gas-fitter	technician	only wikidata
single	gas-fitter	tiler	only isco
single	gas-fitter	tuner	only isco
single	gas-fitter	varnisher	only isco
single	gas-fitter	welder	only isco
single	gas-fitter	woodcarver	only isco
single	genealogist	adviser	only isco
single	genealogist	agent	only wordnet
single	genealogist	analyst.person	only isco
single	genealogist	architect	only isco
single	genealogist	artist	only isco
single	genealogist	attribute	only sumo
single	genealogist	copywriter	only isco
single	genealogist	developer	only isco
single	genealogist	editor	only isco
single	genealogist	educator	only isco
single	genealogist	engineer	only isco
single	genealogist	epidemiologist	only isco
single	genealogist	hearer	only isco
single	genealogist	historian	only wikidata
single	genealogist	immunologist	only isco
single	genealogist	organism	only wordnet
single	genealogist	person	only wordnet
single	genealogist	physical-object	only wordnet
single	genealogist	professional	only isco
single	genealogist	property	only sumo
single	genealogist	reporter	only isco
single	genealogist	research-worker	only isco
single	genealogist	scientist	only isco
single	genealogist	specialist	only isco
single	genealogist	sports-announcer	only isco
single	genealogist	systems-analyst	only isco
single	genealogist	translator	only isco
single	genealogist	worker	only isco
single	genealogist	writer	only isco
single	general	skilled-worker	only wordnet
single	general-manager	adult	only opencyc
single	general-manager	agent	only wordnet
single	general-manager	attribute	only sumo
single	general-manager	chief	only wordnet
single	general-manager	human	only opencyc
single	general-manager	leader	only wordnet
single	general-manager	mammal	only opencyc
single	general-manager	manager	only opencyc
single	general-manager	organism	only wordnet
single	general-manager	person	only wordnet
single	general-manager	physical-object	only wordnet
single	general-manager	property	only sumo
single	general-manager	structure	only opencyc
single	general-manager	system	only opencyc
single	general-manager	vertebrate	only opencyc
single	geneticist	adult	only opencyc
single	geneticist	adviser	only isco
single	geneticist	agent	only wordnet
single	geneticist	analyst.person	only isco
single	geneticist	architect	only isco
single	geneticist	artist	only isco
single	geneticist	copywriter	only isco
single	geneticist	developer	only isco
single	geneticist	educator	only isco
single	geneticist	engineer	only isco
single	geneticist	epidemiologist	only isco
single	geneticist	expert	only isco
single	geneticist	hearer	only isco
single	geneticist	human	only opencyc
single	geneticist	immunologist	only isco
single	geneticist	mammal	only opencyc
single	geneticist	organism	only wordnet
single	geneticist	person	only wordnet
single	geneticist	physical-object	only wordnet
single	geneticist	professional	only isco
single	geneticist	specialist	only isco
single	geneticist	structure	only opencyc
single	geneticist	surveyor	only isco
single	geneticist	system	only opencyc
single	geneticist	systems-analyst	only isco
single	geneticist	toxicologist	only isco
single	geneticist	vertebrate	only opencyc
single	geneticist	writer	only isco
single	geographer	adviser	only isco
single	geographer	agent	only wordnet
single	geographer	analyst.person	only isco
single	geographer	architect	only isco
single	geographer	artist	only isco
single	geographer	copywriter	only isco
single	geographer	developer	only isco
single	geographer	editor	only isco
single	geographer	educator	only isco
single	geographer	engineer	only isco
single	geographer	epidemiologist	only isco
single	geographer	hearer	only isco
single	geographer	immunologist	only isco
single	geographer	organism	only wordnet
single	geographer	person	only wordnet
single	geographer	physical-object	only wordnet
single	geographer	professional	only isco
single	geographer	reporter	only isco
single	geographer	research-worker	only isco
single	geographer	scientist	only isco
single	geographer	specialist	only isco
single	geographer	sports-announcer	only isco
single	geographer	systems-analyst	only isco
single	geographer	translator	only isco
single	geographer	worker	only isco
single	geographer	writer	only isco
single	geologist	adult	only opencyc
single	geologist	adviser	only isco
single	geologist	agent	only wordnet
single	geologist	analyst.person	only isco
single	geologist	architect	only isco
single	geologist	artist	only isco
single	geologist	copywriter	only isco
single	geologist	developer	only isco
single	geologist	educator	only isco
single	geologist	engineer	only isco
single	geologist	epidemiologist	only isco
single	geologist	expert	only isco
single	geologist	hearer	only isco
single	geologist	human	only opencyc
single	geologist	immunologist	only isco
single	geologist	mammal	only opencyc
single	geologist	organism	only wordnet
single	geologist	person	only wordnet
single	geologist	physical-object	only wordnet
single	geologist	professional	only isco
single	geologist	research-worker	only isco
single	geologist	specialist	only isco
single	geologist	structure	only opencyc
single	geologist	surveyor	only isco
single	geologist	system	only opencyc
single	geologist	systems-analyst	only isco
single	geologist	vertebrate	only opencyc
single	geologist	writer	only isco
single	geophysicist	adult	only opencyc
single	geophysicist	adviser	only isco
single	geophysicist	agent	only wordnet
single	geophysicist	analyst.person	only isco
single	geophysicist	architect	only isco
single	geophysicist	artist	only isco
single	geophysicist	attribute	only sumo
single	geophysicist	copywriter	only isco
single	geophysicist	developer	only isco
single	geophysicist	educator	only isco
single	geophysicist	engineer	only isco
single	geophysicist	epidemiologist	only isco
single	geophysicist	expert	only isco
single	geophysicist	hearer	only isco
single	geophysicist	human	only opencyc
single	geophysicist	immunologist	only isco
single	geophysicist	mammal	only opencyc
single	geophysicist	organism	only wordnet
single	geophysicist	person	only wordnet
single	geophysicist	physical-object	only wordnet
single	geophysicist	professional	only isco
single	geophysicist	property	only sumo
single	geophysicist	specialist	only isco
single	geophysicist	structure	only opencyc
single	geophysicist	surveyor	only isco
single	geophysicist	system	only opencyc
single	geophysicist	systems-analyst	only isco
single	geophysicist	vertebrate	only opencyc
single	geophysicist	writer	only isco
single	ghostwriter	communicator	only wordnet
single	gilder	agent	only wordnet
single	gilder	attribute	only sumo
single	gilder	beater	only isco
single	gilder	blaster	only isco
single	gilder	bodybuilder	only isco
single	gilder	cabinetmaker	only isco
single	gilder	caster.person	only isco
single	gilder	compositor	only isco
single	gilder	engraver	only isco
single	gilder	etcher	only isco
single	gilder	fitter	only isco
single	gilder	glassworker	only isco
single	gilder	ironworker	only isco
single	gilder	machinist	only isco
single	gilder	maker	only isco
single	gilder	mender	only isco
single	gilder	mounter	only isco
single	gilder	organism	only wordnet
single	gilder	painter	only isco
single	gilder	physical-object	only wordnet
single	gilder	pressman	only isco
single	gilder	property	only sumo
single	gilder	refinisher	only isco
single	gilder	rigger	only isco
single	gilder	shipwright	only isco
single	gilder	skilled-worker	only wordnet
single	gilder	smith	only isco
single	gilder	splitter	only isco
single	gilder	sprayer	only isco
single	gilder	stamper	only isco
single	gilder	stonecutter	only isco
single	gilder	transferer	only isco
single	gilder	tuner	only isco
single	gilder	varnisher	only isco
single	gilder	welder	only isco
single	gilder	woodcarver	only isco
single	girl	adult	only wordnet
single	girl	animal	only sumo
single	girl	body	only sumo
single	girl	human	only sumo
single	girl	lady	only sumo
single	girl	mammal	only sumo
single	girl	populace	only sumo
single	girl	self	only sumo
single	girl	species	only sumo
single	girl	vertebrate	only sumo
single	girl	worker	only isco
single	glass-cutter.person	agent	only wordnet
single	glass-cutter.person	attribute	only sumo
single	glass-cutter.person	beater	only isco
single	glass-cutter.person	blaster	only isco
single	glass-cutter.person	bodybuilder	only isco
single	glass-cutter.person	cabinetmaker	only isco
single	glass-cutter.person	caster.person	only isco
single	glass-cutter.person	compositor	only isco
single	glass-cutter.person	etcher	only isco
single	glass-cutter.person	fitter	only isco
single	glass-cutter.person	ironworker	only isco
single	glass-cutter.person	machinist	only isco
single	glass-cutter.person	maker	only isco
single	glass-cutter.person	mender	only isco
single	glass-cutter.person	mounter	only isco
single	glass-cutter.person	organism	only wordnet
single	glass-cutter.person	painter	only isco
single	glass-cutter.person	physical-object	only wordnet
single	glass-cutter.person	property	only sumo
single	glass-cutter.person	refinisher	only isco
single	glass-cutter.person	rigger	only isco
single	glass-cutter.person	shipwright	only isco
single	glass-cutter.person	skilled-worker	only wordnet
single	glass-cutter.person	smith	only isco
single	glass-cutter.person	splitter	only isco
single	glass-cutter.person	sprayer	only isco
single	glass-cutter.person	stamper	only isco
single	glass-cutter.person	stonecutter	only isco
single	glass-cutter.person	transferer	only isco
single	glass-cutter.person	tuner	only isco
single	glass-cutter.person	varnisher	only isco
single	glass-cutter.person	weaver	only isco
single	glass-cutter.person	welder	only isco
single	glass-cutter.person	woodcarver	only isco
single	glassblower	agent	only wordnet
single	glassblower	attribute	only sumo
single	glassblower	beater	only isco
single	glassblower	blaster	only isco
single	glassblower	bodybuilder	only isco
single	glassblower	cabinetmaker	only isco
single	glassblower	caster.person	only isco
single	glassblower	compositor	only isco
single	glassblower	engraver	only isco
single	glassblower	etcher	only isco
single	glassblower	fitter	only isco
single	glassblower	glassworker	only isco
single	glassblower	ironworker	only isco
single	glassblower	machinist	only isco
single	glassblower	maker	only isco
single	glassblower	mender	only isco
single	glassblower	mounter	only isco
single	glassblower	organism	only wordnet
single	glassblower	painter	only isco
single	glassblower	person	only wordnet
single	glassblower	physical-object	only wordnet
single	glassblower	property	only sumo
single	glassblower	refinisher	only isco
single	glassblower	rigger	only isco
single	glassblower	shipwright	only isco
single	glassblower	skilled-worker	only wordnet
single	glassblower	smith	only isco
single	glassblower	splitter	only isco
single	glassblower	sprayer	only isco
single	glassblower	stamper	only isco
single	glassblower	stonecutter	only isco
single	glassblower	transferer	only isco
single	glassblower	tuner	only isco
single	glassblower	varnisher	only isco
single	glassblower	weaver	only isco
single	glassblower	welder	only isco
single	glassblower	woodcarver	only isco
single	glassworker	agent	only wordnet
single	glassworker	attribute	only sumo
single	glassworker	organism	only wordnet
single	glassworker	physical-object	only wordnet
single	glassworker	property	only sumo
single	glassworker	skilled-worker	only wordnet
single	goalkeeper	cameraman	only isco
single	goalkeeper	hockey-player	only wordnet
single	goalkeeper	inspector	only isco
single	goalkeeper	paralegal	only isco
single	goalkeeper	promoter	only isco
single	goalkeeper	technician	only isco
single	goat-herder	agent	only wordnet
single	goat-herder	attribute	only sumo
single	goat-herder	employee	only wordnet
single	goat-herder	farmer	only wikidata
single	goat-herder	hired-hand	only wordnet
single	goat-herder	laborer	only wordnet
single	goat-herder	organism	only wordnet
single	goat-herder	peasant	only wikidata
single	goat-herder	person	only wordnet
single	goat-herder	physical-object	only wordnet
single	goat-herder	property	only sumo
single	gold-miner	agent	only wordnet
single	gold-miner	attribute	only sumo
single	gold-miner	digger	only isco
single	gold-miner	employee	only wordnet
single	gold-miner	laborer	only wordnet
single	gold-miner	operator	only isco
single	gold-miner	organism	only wordnet
single	gold-miner	physical-object	only wordnet
single	gold-miner	property	only sumo
single	gold-miner	traveler	only wikidata
single	goldbeater	agent	only wordnet
single	goldbeater	attribute	only sumo
single	goldbeater	beater	only isco
single	goldbeater	blaster	only isco
single	goldbeater	bodybuilder	only isco
single	goldbeater	cabinetmaker	only isco
single	goldbeater	caster.person	only isco
single	goldbeater	compositor	only isco
single	goldbeater	engraver	only isco
single	goldbeater	etcher	only isco
single	goldbeater	fitter	only isco
single	goldbeater	glassworker	only isco
single	goldbeater	ironworker	only isco
single	goldbeater	machinist	only isco
single	goldbeater	maker	only isco
single	goldbeater	mender	only isco
single	goldbeater	mounter	only isco
single	goldbeater	organism	only wordnet
single	goldbeater	painter	only isco
single	goldbeater	physical-object	only wordnet
single	goldbeater	property	only sumo
single	goldbeater	refinisher	only isco
single	goldbeater	rigger	only isco
single	goldbeater	shipwright	only isco
single	goldbeater	skilled-worker	only wordnet
single	goldbeater	smith	only isco
single	goldbeater	splitter	only isco
single	goldbeater	sprayer	only isco
single	goldbeater	stamper	only isco
single	goldbeater	stonecutter	only isco
single	goldbeater	transferer	only isco
single	goldbeater	tuner	only isco
single	goldbeater	varnisher	only isco
single	goldbeater	weaver	only isco
single	goldbeater	welder	only isco
single	goldbeater	woodcarver	only isco
single	goldsmith	agent	only wordnet
single	goldsmith	attribute	only sumo
single	goldsmith	beater	only isco
single	goldsmith	blaster	only isco
single	goldsmith	bodybuilder	only isco
single	goldsmith	businessman	only wikidata
single	goldsmith	cabinetmaker	only isco
single	goldsmith	caster.person	only isco
single	goldsmith	compositor	only isco
single	goldsmith	craftsman	only isco
single	goldsmith	engraver	only isco
single	goldsmith	etcher	only isco
single	goldsmith	fitter	only isco
single	goldsmith	glassworker	only isco
single	goldsmith	human	only opencyc
single	goldsmith	ironworker	only isco
single	goldsmith	machinist	only isco
single	goldsmith	mammal	only opencyc
single	goldsmith	mender	only isco
single	goldsmith	merchant	only wikidata
single	goldsmith	mounter	only isco
single	goldsmith	organism	only wordnet
single	goldsmith	painter	only isco
single	goldsmith	person	only wordnet
single	goldsmith	physical-object	only wordnet
single	goldsmith	property	only sumo
single	goldsmith	refinisher	only isco
single	goldsmith	rigger	only isco
single	goldsmith	shipwright	only isco
single	goldsmith	smith	only isco
single	goldsmith	splitter	only isco
single	goldsmith	sprayer	only isco
single	goldsmith	stamper	only isco
single	goldsmith	stonecutter	only isco
single	goldsmith	structure	only opencyc
single	goldsmith	system	only opencyc
single	goldsmith	transferer	only isco
single	goldsmith	tuner	only isco
single	goldsmith	varnisher	only isco
single	goldsmith	vertebrate	only opencyc
single	goldsmith	weaver	only isco
single	goldsmith	welder	only isco
single	goldsmith	woodcarver	only isco
single	golfer	agent	only wordnet
single	golfer	cameraman	only isco
single	golfer	detective	only isco
single	golfer	human	only opencyc
single	golfer	inspector	only isco
single	golfer	mammal	only opencyc
single	golfer	man	only isco
single	golfer	organism	only wordnet
single	golfer	paralegal	only isco
single	golfer	person	only wordnet
single	golfer	physical-object	only wordnet
single	golfer	player	only wordnet
single	golfer	promoter	only isco
single	golfer	structure	only opencyc
single	golfer	supervisor	only isco
single	golfer	system	only opencyc
single	golfer	technician	only isco
single	golfer	vertebrate	only opencyc
single	golfer	woman	only isco
single	governess	adjutant	only isco
single	governess	adult	only wordnet
single	governess	agent	only wordnet
single	governess	attribute	only sumo
single	governess	ayah	only isco
single	governess	bodyguard	only isco
single	governess	concierge	only isco
single	governess	educator	only wordnet
single	governess	guard	only isco
single	governess	host	only isco
single	governess	hostess	only isco
single	governess	organism	only wordnet
single	governess	person	only wordnet
single	governess	physical-object	only wordnet
single	governess	professional	only wordnet
single	governess	property	only sumo
single	governess	servant	only wikidata
single	governess	teacher	only wordnet
single	governor-general	agent	only wordnet
single	governor-general	chairman	only isco
single	governor-general	chancellor-of-the-exchequer	only isco
single	governor-general	chief	only isco
single	governor-general	general-manager	only isco
single	governor-general	manager	only isco
single	governor-general	member	only isco
single	governor-general	organism	only wordnet
single	governor-general	physical-object	only wordnet
single	governor-general	president.person	only isco
single	governor-general	secretary-general	only isco
single	governor-general	worker	only isco
single	graphic-designer	adviser	only isco
single	graphic-designer	agent	only wordnet
single	graphic-designer	analyst.person	only isco
single	graphic-designer	architect	only isco
single	graphic-designer	artist	only isco
single	graphic-designer	copywriter	only isco
single	graphic-designer	developer	only isco
single	graphic-designer	educator	only isco
single	graphic-designer	engineer	only isco
single	graphic-designer	epidemiologist	only isco
single	graphic-designer	hearer	only isco
single	graphic-designer	immunologist	only isco
single	graphic-designer	organism	only wordnet
single	graphic-designer	person	only wordnet
single	graphic-designer	physical-object	only wordnet
single	graphic-designer	professional	only isco
single	graphic-designer	research-worker	only isco
single	graphic-designer	scientist	only isco
single	graphic-designer	surveyor	only isco
single	graphic-designer	systems-analyst	only isco
single	graphic-designer	worker	only isco
single	graphic-designer	writer	only isco
single	graphologist	adviser	only isco
single	graphologist	agent	only wordnet
single	graphologist	analyst.person	only isco
single	graphologist	architect	only isco
single	graphologist	artist	only isco
single	graphologist	attribute	only sumo
single	graphologist	copywriter	only isco
single	graphologist	developer	only isco
single	graphologist	editor	only isco
single	graphologist	educator	only isco
single	graphologist	engineer	only isco
single	graphologist	epidemiologist	only isco
single	graphologist	hearer	only isco
single	graphologist	immunologist	only isco
single	graphologist	organism	only wordnet
single	graphologist	person	only wordnet
single	graphologist	physical-object	only wordnet
single	graphologist	professional	only isco
single	graphologist	property	only sumo
single	graphologist	reporter	only isco
single	graphologist	research-worker	only isco
single	graphologist	scientist	only isco
single	graphologist	sports-announcer	only isco
single	graphologist	systems-analyst	only isco
single	graphologist	translator	only isco
single	graphologist	worker	only isco
single	graphologist	writer	only isco
single	grazier	agent	only wordnet
single	grazier	agriculturist	only isco
single	grazier	attribute	only sumo
single	grazier	breeder	only isco
single	grazier	cowboy	only isco
single	grazier	farmhand	only isco
single	grazier	fisherman	only isco
single	grazier	forester	only isco
single	grazier	gardener	only isco
single	grazier	goat-herder	only isco
single	grazier	hunter	only isco
single	grazier	organism	only wordnet
single	grazier	person	only wordnet
single	grazier	physical-object	only wordnet
single	grazier	property	only sumo
single	grazier	rancher	only wordnet
single	grazier	shepherd	only isco
single	grazier	trapper	only isco
single	grazier	worker	only isco
single	grip.person	animal	only sumo
single	grip.person	beater	only isco
single	grip.person	blaster	only isco
single	grip.person	body	only sumo
single	grip.person	bodybuilder	only isco
single	grip.person	cabinetmaker	only isco
single	grip.person	caster.person	only isco
single	grip.person	compositor	only isco
single	grip.person	craftsman	only isco
single	grip.person	engraver	only isco
single	grip.person	fitter	only isco
single	grip.person	glassworker	only isco
single	grip.person	human	only sumo
single	grip.person	ironworker	only isco
single	grip.person	machinist	only isco
single	grip.person	maker	only isco
single	grip.person	mammal	only sumo
single	grip.person	mender	only isco
single	grip.person	painter	only isco
single	grip.person	populace	only sumo
single	grip.person	refinisher	only isco
single	grip.person	rigger	only isco
single	grip.person	self	only sumo
single	grip.person	shipwright	only isco
single	grip.person	skilled-worker	only wordnet
single	grip.person	smith	only isco
single	grip.person	species	only sumo
single	grip.person	splitter	only isco
single	grip.person	sprayer	only isco
single	grip.person	stonecutter	only isco
single	grip.person	tuner	only isco
single	grip.person	varnisher	only isco
single	grip.person	vertebrate	only sumo
single	grip.person	welder	only isco
single	grip.person	woodcarver	only isco
single	groom	adult	only wikidata
single	groom	agent	only wordnet
single	groom	animal	only wikidata
single	groom	animal-trainer	only isco
single	groom	associate	only wordnet
single	groom	girl	only isco
single	groom	hired-hand	only isco
single	groom	human	only opencyc
single	groom	laborer	only isco
single	groom	male-child	only isco
single	groom	mammal	only opencyc
single	groom	man	only wikidata
single	groom	participant	only wordnet
single	groom	peer	only wordnet
single	groom	person	only wordnet
single	groom	picker	only isco
single	groom	porter	only isco
single	groom	remover	only isco
single	groom	stacker	only isco
single	groom	stevedore	only isco
single	groom	structure	only opencyc
single	groom	sweeper	only isco
single	groom	system	only opencyc
single	groom	vertebrate	only opencyc
single	groom	washer.person	only isco
single	groom	window-washer	only isco
single	groom	worker	only isco
single	groundsman	agent	only wordnet
single	groundsman	agriculturist	only isco
single	groundsman	agronomist	only wikidata
single	groundsman	artist	only wikidata
single	groundsman	attribute	only sumo
single	groundsman	cowboy	only isco
single	groundsman	employee	only wordnet
single	groundsman	engineer	only wikidata
single	groundsman	farmhand	only isco
single	groundsman	fisherman	only isco
single	groundsman	forester	only isco
single	groundsman	goat-herder	only isco
single	groundsman	hunter	only isco
single	groundsman	organism	only wordnet
single	groundsman	physical-object	only wordnet
single	groundsman	property	only sumo
single	groundsman	research-worker	only wikidata
single	groundsman	scientist	only wikidata
single	groundsman	shepherd	only isco
single	groundsman	trapper	only isco
single	guard	football-player	only opencyc
single	guerrilla	skilled-worker	only opencyc
single	guest	traveler	only wordnet
single	guitarist	adviser	only isco
single	guitarist	agent	only wordnet
single	guitarist	analyst.person	only isco
single	guitarist	architect	only isco
single	guitarist	copywriter	only isco
single	guitarist	developer	only isco
single	guitarist	editor	only isco
single	guitarist	educator	only isco
single	guitarist	engineer	only isco
single	guitarist	epidemiologist	only isco
single	guitarist	expert	only isco
single	guitarist	hearer	only isco
single	guitarist	human	only opencyc
single	guitarist	immunologist	only isco
single	guitarist	instrumentalist	only wordnet
single	guitarist	mammal	only opencyc
single	guitarist	musician	only opencyc
single	guitarist	organism	only wordnet
single	guitarist	performer	only wordnet
single	guitarist	person	only wordnet
single	guitarist	physical-object	only wordnet
single	guitarist	reporter	only isco
single	guitarist	research-worker	only isco
single	guitarist	scientist	only isco
single	guitarist	skilled-worker	only opencyc
single	guitarist	specialist	only isco
single	guitarist	sports-announcer	only isco
single	guitarist	structure	only opencyc
single	guitarist	system	only opencyc
single	guitarist	systems-analyst	only isco
single	guitarist	translator	only isco
single	guitarist	vertebrate	only opencyc
single	guitarist	writer	only isco
single	gunsmith	agent	only wordnet
single	gunsmith	attribute	only sumo
single	gunsmith	beater	only isco
single	gunsmith	blaster	only isco
single	gunsmith	bodybuilder	only isco
single	gunsmith	cabinetmaker	only isco
single	gunsmith	caster.person	only isco
single	gunsmith	compositor	only isco
single	gunsmith	engraver	only isco
single	gunsmith	fitter	only isco
single	gunsmith	glassworker	only isco
single	gunsmith	ironworker	only isco
single	gunsmith	machinist	only isco
single	gunsmith	maker	only isco
single	gunsmith	mender	only isco
single	gunsmith	organism	only wordnet
single	gunsmith	painter	only isco
single	gunsmith	physical-object	only wordnet
single	gunsmith	property	only sumo
single	gunsmith	refinisher	only isco
single	gunsmith	rigger	only isco
single	gunsmith	shipwright	only isco
single	gunsmith	skilled-worker	only wordnet
single	gunsmith	splitter	only isco
single	gunsmith	sprayer	only isco
single	gunsmith	stonecutter	only isco
single	gunsmith	tuner	only isco
single	gunsmith	varnisher	only isco
single	gunsmith	welder	only isco
single	gunsmith	woodcarver	only isco
single	hairdresser	adjutant	only isco
single	hairdresser	agent	only wordnet
single	hairdresser	attribute	only sumo
single	hairdresser	bodyguard	only isco
single	hairdresser	concierge	only isco
single	hairdresser	craftsman	only wordnet
single	hairdresser	guard	only isco
single	hairdresser	host	only isco
single	hairdresser	hostess	only isco
single	hairdresser	organism	only wordnet
single	hairdresser	person	only wordnet
single	hairdresser	physical-object	only wordnet
single	hairdresser	property	only sumo
single	hairdresser	skilled-worker	only wordnet
single	hairdresser	stewardess	only isco
single	handyman	agent	only wordnet
single	handyman	animal-trainer	only isco
single	handyman	attribute	only sumo
single	handyman	girl	only isco
single	handyman	hired-hand	only isco
single	handyman	human	only opencyc
single	handyman	laborer	only isco
single	handyman	male-child	only isco
single	handyman	mammal	only opencyc
single	handyman	mender	only wordnet
single	handyman	organism	only wordnet
single	handyman	person	only wordnet
single	handyman	physical-object	only wordnet
single	handyman	picker	only isco
single	handyman	porter	only isco
single	handyman	property	only sumo
single	handyman	remover	only isco
single	handyman	skilled-worker	only wordnet
single	handyman	stacker	only isco
single	handyman	stevedore	only isco
single	handyman	structure	only opencyc
single	handyman	sweeper	only isco
single	handyman	system	only opencyc
single	handyman	vertebrate	only opencyc
single	handyman	washer.person	only isco
single	handyman	window-washer	only isco
single	hanger.person	animal	only sumo
single	hanger.person	beater	only isco
single	hanger.person	blaster	only isco
single	hanger.person	body	only sumo
single	hanger.person	bodybuilder	only isco
single	hanger.person	cabinetmaker	only isco
single	hanger.person	caster.person	only isco
single	hanger.person	compositor	only isco
single	hanger.person	craftsman	only isco
single	hanger.person	engraver	only isco
single	hanger.person	fitter	only isco
single	hanger.person	glassworker	only isco
single	hanger.person	human	only sumo
single	hanger.person	ironworker	only isco
single	hanger.person	machinist	only isco
single	hanger.person	maker	only isco
single	hanger.person	mammal	only sumo
single	hanger.person	mason	only isco
single	hanger.person	mender	only isco
single	hanger.person	painter	only isco
single	hanger.person	populace	only sumo
single	hanger.person	refinisher	only isco
single	hanger.person	rigger	only isco
single	hanger.person	self	only sumo
single	hanger.person	shipwright	only isco
single	hanger.person	smith	only isco
single	hanger.person	species	only sumo
single	hanger.person	splitter	only isco
single	hanger.person	sprayer	only isco
single	hanger.person	stonecutter	only isco
single	hanger.person	tuner	only isco
single	hanger.person	varnisher	only isco
single	hanger.person	vertebrate	only sumo
single	hanger.person	welder	only isco
single	hanger.person	woodcarver	only isco
single	harpooner	agent	only wordnet
single	harpooner	agriculturist	only isco
single	harpooner	attribute	only sumo
single	harpooner	cowboy	only isco
single	harpooner	farmer	only isco
single	harpooner	farmhand	only isco
single	harpooner	fisherman	only isco
single	harpooner	forester	only isco
single	harpooner	gardener	only isco
single	harpooner	goat-herder	only isco
single	harpooner	hunter	only isco
single	harpooner	organism	only wordnet
single	harpooner	person	only wordnet
single	harpooner	physical-object	only wordnet
single	harpooner	property	only sumo
single	harpooner	shepherd	only isco
single	harpooner	skilled-worker	only wordnet
single	harpooner	skipper	only isco
single	harpooner	trapper	only isco
single	head-of-state	adult	only opencyc
single	head-of-state	agent	only wordnet
single	head-of-state	attribute	only sumo
single	head-of-state	chairman	only isco
single	head-of-state	chancellor-of-the-exchequer	only isco
single	head-of-state	chief	only isco
single	head-of-state	communicator	only wordnet
single	head-of-state	general-manager	only isco
single	head-of-state	governor	only isco
single	head-of-state	human	only opencyc
single	head-of-state	leader	only wikidata
single	head-of-state	mammal	only opencyc
single	head-of-state	manager	only isco
single	head-of-state	member	only isco
single	head-of-state	occupation	only yago
single	head-of-state	organism	only wordnet
single	head-of-state	physical-object	only wordnet
single	head-of-state	president.person	only isco
single	head-of-state	professional	only wikidata
single	head-of-state	property	only sumo
single	head-of-state	representative	only wordnet
single	head-of-state	secretary-general	only isco
single	head-of-state	specialist	only wikidata
single	head-of-state	structure	only opencyc
single	head-of-state	system	only opencyc
single	head-of-state	vertebrate	only opencyc
single	headhunter	adult	only opencyc
single	headhunter	adviser	only isco
single	headhunter	analyst.person	only isco
single	headhunter	animal	only sumo
single	headhunter	architect	only isco
single	headhunter	artist	only isco
single	headhunter	body	only sumo
single	headhunter	copywriter	only isco
single	headhunter	developer	only isco
single	headhunter	educator	only isco
single	headhunter	engineer	only isco
single	headhunter	epidemiologist	only isco
single	headhunter	expert	only isco
single	headhunter	hearer	only isco
single	headhunter	immunologist	only isco
single	headhunter	populace	only sumo
single	headhunter	research-worker	only isco
single	headhunter	scientist	only isco
single	headhunter	self	only sumo
single	headhunter	skilled-worker	only opencyc
single	headhunter	specialist	only isco
single	headhunter	species	only sumo
single	headhunter	structure	only opencyc
single	headhunter	system	only opencyc
single	headhunter	systems-analyst	only isco
single	headhunter	writer	only isco
single	headwaiter	adjutant	only isco
single	headwaiter	agent	only wordnet
single	headwaiter	attribute	only sumo
single	headwaiter	bodyguard	only isco
single	headwaiter	concierge	only isco
single	headwaiter	employee	only wordnet
single	headwaiter	guard	only isco
single	headwaiter	host	only isco
single	headwaiter	hostess	only isco
single	headwaiter	human	only opencyc
single	headwaiter	mammal	only opencyc
single	headwaiter	organism	only wordnet
single	headwaiter	person	only wordnet
single	headwaiter	physical-object	only wordnet
single	headwaiter	property	only sumo
single	headwaiter	stewardess	only isco
single	headwaiter	structure	only opencyc
single	headwaiter	system	only opencyc
single	headwaiter	vertebrate	only opencyc
single	hearer	animal	only sumo
single	hearer	body	only sumo
single	hearer	human	only sumo
single	hearer	mammal	only sumo
single	hearer	perceiver	only wordnet
single	hearer	populace	only sumo
single	hearer	self	only sumo
single	hearer	species	only sumo
single	hearer	vertebrate	only sumo
single	hearer	worker	only isco
single	herder	agent	only wordnet
single	herder	agriculturist	only isco
single	herder	attribute	only sumo
single	herder	employee	only wordnet
single	herder	farmhand	only isco
single	herder	fisherman	only isco
single	herder	forester	only isco
single	herder	gardener	only isco
single	herder	hired-hand	only wordnet
single	herder	human	only opencyc
single	herder	hunter	only isco
single	herder	laborer	only wordnet
single	herder	mammal	only opencyc
single	herder	organism	only wordnet
single	herder	peasant	only wikidata
single	herder	person	only wordnet
single	herder	physical-object	only wordnet
single	herder	property	only sumo
single	herder	rancher	only wikidata
single	herder	structure	only opencyc
single	herder	system	only opencyc
single	herder	trapper	only isco
single	herder	vertebrate	only opencyc
single	herpetologist	adviser	only isco
single	herpetologist	agent	only wordnet
single	herpetologist	analyst.person	only isco
single	herpetologist	architect	only isco
single	herpetologist	artist	only isco
single	herpetologist	attribute	only sumo
single	herpetologist	copywriter	only isco
single	herpetologist	developer	only isco
single	herpetologist	educator	only isco
single	herpetologist	engineer	only isco
single	herpetologist	epidemiologist	only isco
single	herpetologist	expert	only isco
single	herpetologist	hearer	only isco
single	herpetologist	immunologist	only isco
single	herpetologist	organism	only wordnet
single	herpetologist	person	only wordnet
single	herpetologist	physical-object	only wordnet
single	herpetologist	professional	only isco
single	herpetologist	property	only sumo
single	herpetologist	research-worker	only isco
single	herpetologist	specialist	only isco
single	herpetologist	surveyor	only isco
single	herpetologist	systems-analyst	only isco
single	herpetologist	toxicologist	only isco
single	herpetologist	worker	only isco
single	herpetologist	writer	only isco
single	herpetologist	zoologist	only wordnet
single	high-commissioner	agent	only wordnet
single	high-commissioner	ambassador	only wikidata
single	high-commissioner	attribute	only sumo
single	high-commissioner	chairman	only isco
single	high-commissioner	chancellor-of-the-exchequer	only isco
single	high-commissioner	chief	only isco
single	high-commissioner	diplomat	only wordnet
single	high-commissioner	general-manager	only isco
single	high-commissioner	governor	only isco
single	high-commissioner	manager	only isco
single	high-commissioner	member	only isco
single	high-commissioner	official	only wordnet
single	high-commissioner	organism	only wordnet
single	high-commissioner	person	only wordnet
single	high-commissioner	physical-object	only wordnet
single	high-commissioner	president.person	only isco
single	high-commissioner	property	only sumo
single	high-commissioner	secretary-general	only isco
single	high-commissioner	skilled-worker	only wordnet
single	histologist	adviser	only isco
single	histologist	agent	only wordnet
single	histologist	analyst.person	only isco
single	histologist	anatomist	only wordnet
single	histologist	architect	only isco
single	histologist	artist	only isco
single	histologist	attribute	only sumo
single	histologist	copywriter	only isco
single	histologist	developer	only isco
single	histologist	doctor	only wikidata
single	histologist	educator	only isco
single	histologist	engineer	only isco
single	histologist	epidemiologist	only isco
single	histologist	hearer	only isco
single	histologist	immunologist	only isco
single	histologist	organism	only wordnet
single	histologist	person	only wordnet
single	histologist	physical-object	only wordnet
single	histologist	professional	only isco
single	histologist	property	only sumo
single	histologist	research-worker	only isco
single	histologist	scientist	only isco
single	histologist	specialist	only isco
single	histologist	surveyor	only isco
single	histologist	systems-analyst	only isco
single	histologist	toxicologist	only isco
single	histologist	worker	only isco
single	histologist	writer	only isco
single	historian	analyst.person	only isco
single	historian	copywriter	only isco
single	historian	developer	only isco
single	historian	editor	only isco
single	historian	educator	only isco
single	historian	epidemiologist	only isco
single	historian	hearer	only isco
single	historian	immunologist	only isco
single	historian	sports-announcer	only isco
single	historian	systems-analyst	only isco
single	historian	translator	only isco
single	hockey-player	agent	only wordnet
single	hockey-player	cameraman	only isco
single	hockey-player	detective	only isco
single	hockey-player	human	only opencyc
single	hockey-player	inspector	only isco
single	hockey-player	mammal	only opencyc
single	hockey-player	man	only isco
single	hockey-player	organism	only wordnet
single	hockey-player	paralegal	only isco
single	hockey-player	person	only wordnet
single	hockey-player	physical-object	only wordnet
single	hockey-player	player	only wordnet
single	hockey-player	promoter	only isco
single	hockey-player	structure	only opencyc
single	hockey-player	supervisor	only isco
single	hockey-player	system	only opencyc
single	hockey-player	technician	only isco
single	hockey-player	vertebrate	only opencyc
single	hockey-player	woman	only isco
single	hod-carrier	agent	only wordnet
single	hod-carrier	animal-trainer	only isco
single	hod-carrier	attribute	only sumo
single	hod-carrier	employee	only wordnet
single	hod-carrier	girl	only isco
single	hod-carrier	hired-hand	only isco
single	hod-carrier	male-child	only isco
single	hod-carrier	organism	only wordnet
single	hod-carrier	packer	only isco
single	hod-carrier	person	only wordnet
single	hod-carrier	physical-object	only wordnet
single	hod-carrier	picker	only isco
single	hod-carrier	porter	only isco
single	hod-carrier	property	only sumo
single	hod-carrier	remover	only isco
single	hod-carrier	stacker	only isco
single	hod-carrier	stevedore	only isco
single	hod-carrier	sweeper	only isco
single	hod-carrier	washer.person	only isco
single	hod-carrier	window-washer	only isco
single	homeopath	adult	only wordnet
single	homeopath	adviser	only isco
single	homeopath	agent	only wordnet
single	homeopath	analyst.person	only isco
single	homeopath	architect	only isco
single	homeopath	artist	only isco
single	homeopath	attribute	only sumo
single	homeopath	copywriter	only isco
single	homeopath	developer	only isco
single	homeopath	doctor	only isco
single	homeopath	educator	only isco
single	homeopath	engineer	only isco
single	homeopath	epidemiologist	only isco
single	homeopath	expert	only isco
single	homeopath	hearer	only isco
single	homeopath	immunologist	only isco
single	homeopath	organism	only wordnet
single	homeopath	person	only wordnet
single	homeopath	physical-object	only wordnet
single	homeopath	property	only sumo
single	homeopath	research-worker	only isco
single	homeopath	scientist	only isco
single	homeopath	specialist	only isco
single	homeopath	surgeon	only isco
single	homeopath	systems-analyst	only isco
single	homeopath	worker	only isco
single	homeopath	writer	only isco
single	horticulturist	agent	only wordnet
single	horticulturist	agriculturist	only isco
single	horticulturist	agronomist	only wikidata
single	horticulturist	attribute	only sumo
single	horticulturist	cowboy	only isco
single	horticulturist	engineer	only wikidata
single	horticulturist	expert	only wordnet
single	horticulturist	farmhand	only isco
single	horticulturist	fisherman	only isco
single	horticulturist	forester	only isco
single	horticulturist	goat-herder	only isco
single	horticulturist	hunter	only isco
single	horticulturist	organism	only wordnet
single	horticulturist	person	only wordnet
single	horticulturist	physical-object	only wordnet
single	horticulturist	property	only sumo
single	horticulturist	research-worker	only wikidata
single	horticulturist	scientist	only wikidata
single	horticulturist	shepherd	only isco
single	horticulturist	trapper	only isco
single	hostess	actor	only wikidata
single	hostess	adult	only wordnet
single	hostess	agent	only wordnet
single	hostess	host	only wordnet
single	hostess	organism	only wordnet
single	hostess	physical-object	only wordnet
single	hostess	worker	only isco
single	hotelier	administrator	only wordnet
single	hotelier	agent	only wordnet
single	hotelier	attribute	only sumo
single	hotelier	businessman	only wikidata
single	hotelier	general-manager	only isco
single	hotelier	governor	only isco
single	hotelier	human	only opencyc
single	hotelier	leader	only wordnet
single	hotelier	mammal	only opencyc
single	hotelier	manager	only isco
single	hotelier	organism	only wordnet
single	hotelier	person	only wordnet
single	hotelier	physical-object	only wordnet
single	hotelier	property	only sumo
single	hotelier	structure	only opencyc
single	hotelier	system	only opencyc
single	hotelier	vertebrate	only opencyc
single	house-painter	agent	only wordnet
single	house-painter	attribute	only sumo
single	house-painter	beater	only isco
single	house-painter	blaster	only isco
single	house-painter	bodybuilder	only isco
single	house-painter	cabinetmaker	only isco
single	house-painter	caster.person	only isco
single	house-painter	compositor	only isco
single	house-painter	craftsman	only isco
single	house-painter	engraver	only isco
single	house-painter	fitter	only isco
single	house-painter	glassworker	only isco
single	house-painter	human	only opencyc
single	house-painter	ironworker	only isco
single	house-painter	machinist	only isco
single	house-painter	maker	only isco
single	house-painter	mammal	only opencyc
single	house-painter	mason	only isco
single	house-painter	mender	only isco
single	house-painter	organism	only wordnet
single	house-painter	organization	only schemaorg
single	house-painter	painter	only isco
single	house-painter	person	only wordnet
single	house-painter	physical-object	only wordnet
single	house-painter	place	only schemaorg
single	house-painter	property	only sumo
single	house-painter	refinisher	only isco
single	house-painter	rigger	only isco
single	house-painter	shipwright	only isco
single	house-painter	skilled-worker	only wordnet
single	house-painter	smith	only isco
single	house-painter	splitter	only isco
single	house-painter	sprayer	only isco
single	house-painter	stonecutter	only isco
single	house-painter	structure	only opencyc
single	house-painter	system	only opencyc
single	house-painter	tuner	only isco
single	house-painter	varnisher	only isco
single	house-painter	vertebrate	only opencyc
single	house-painter	welder	only isco
single	house-painter	woodcarver	only isco
single	housekeeper	adjutant	only isco
single	housekeeper	agent	only wordnet
single	housekeeper	bodyguard	only isco
single	housekeeper	concierge	only isco
single	housekeeper	guard	only isco
single	housekeeper	host	only isco
single	housekeeper	hostess	only isco
single	housekeeper	human	only opencyc
single	housekeeper	mammal	only opencyc
single	housekeeper	organism	only wordnet
single	housekeeper	person	only wordnet
single	housekeeper	physical-object	only wordnet
single	housekeeper	stewardess	only isco
single	housekeeper	structure	only opencyc
single	housekeeper	system	only opencyc
single	housekeeper	vertebrate	only opencyc
single	hydrologist	adviser	only isco
single	hydrologist	agent	only wordnet
single	hydrologist	analyst.person	only isco
single	hydrologist	architect	only isco
single	hydrologist	artist	only isco
single	hydrologist	attribute	only sumo
single	hydrologist	copywriter	only isco
single	hydrologist	developer	only isco
single	hydrologist	educator	only isco
single	hydrologist	engineer	only isco
single	hydrologist	epidemiologist	only isco
single	hydrologist	expert	only isco
single	hydrologist	geologist	only wordnet
single	hydrologist	hearer	only isco
single	hydrologist	immunologist	only isco
single	hydrologist	organism	only wordnet
single	hydrologist	person	only wordnet
single	hydrologist	physical-object	only wordnet
single	hydrologist	professional	only isco
single	hydrologist	property	only sumo
single	hydrologist	research-worker	only isco
single	hydrologist	specialist	only isco
single	hydrologist	surveyor	only isco
single	hydrologist	systems-analyst	only isco
single	hydrologist	worker	only isco
single	hydrologist	writer	only isco
single	hypnotist	adviser	only isco
single	hypnotist	agent	only wordnet
single	hypnotist	analyst.person	only isco
single	hypnotist	architect	only isco
single	hypnotist	artist	only isco
single	hypnotist	attribute	only sumo
single	hypnotist	copywriter	only isco
single	hypnotist	developer	only isco
single	hypnotist	editor	only isco
single	hypnotist	educator	only isco
single	hypnotist	engineer	only isco
single	hypnotist	epidemiologist	only isco
single	hypnotist	expert	only isco
single	hypnotist	hearer	only isco
single	hypnotist	immunologist	only isco
single	hypnotist	organism	only wordnet
single	hypnotist	person	only wordnet
single	hypnotist	physical-object	only wordnet
single	hypnotist	professional	only isco
single	hypnotist	property	only sumo
single	hypnotist	reporter	only isco
single	hypnotist	research-worker	only isco
single	hypnotist	specialist	only isco
single	hypnotist	sports-announcer	only isco
single	hypnotist	systems-analyst	only isco
single	hypnotist	translator	only isco
single	hypnotist	worker	only isco
single	hypnotist	writer	only isco
single	ichthyologist	adviser	only isco
single	ichthyologist	agent	only wordnet
single	ichthyologist	analyst.person	only isco
single	ichthyologist	architect	only isco
single	ichthyologist	artist	only isco
single	ichthyologist	attribute	only sumo
single	ichthyologist	copywriter	only isco
single	ichthyologist	developer	only isco
single	ichthyologist	educator	only isco
single	ichthyologist	engineer	only isco
single	ichthyologist	epidemiologist	only isco
single	ichthyologist	expert	only isco
single	ichthyologist	hearer	only isco
single	ichthyologist	immunologist	only isco
single	ichthyologist	organism	only wordnet
single	ichthyologist	person	only wordnet
single	ichthyologist	physical-object	only wordnet
single	ichthyologist	professional	only isco
single	ichthyologist	property	only sumo
single	ichthyologist	research-worker	only isco
single	ichthyologist	specialist	only isco
single	ichthyologist	surveyor	only isco
single	ichthyologist	systems-analyst	only isco
single	ichthyologist	toxicologist	only isco
single	ichthyologist	worker	only isco
single	ichthyologist	writer	only isco
single	ichthyologist	zoologist	only wordnet
single	illustrator	agent	only wordnet
single	illustrator	cameraman	only isco
single	illustrator	detective	only isco
single	illustrator	human	only opencyc
single	illustrator	inspector	only isco
single	illustrator	mammal	only opencyc
single	illustrator	man	only isco
single	illustrator	organism	only wordnet
single	illustrator	paralegal	only isco
single	illustrator	person	only wordnet
single	illustrator	physical-object	only wordnet
single	illustrator	promoter	only isco
single	illustrator	reckoner	only isco
single	illustrator	structure	only opencyc
single	illustrator	supervisor	only isco
single	illustrator	system	only opencyc
single	illustrator	technician	only isco
single	illustrator	vertebrate	only opencyc
single	illustrator	woman	only isco
single	imam	adult	only opencyc
single	imam	adviser	only isco
single	imam	agent	only wordnet
single	imam	analyst.person	only isco
single	imam	architect	only isco
single	imam	artist	only isco
single	imam	attribute	only sumo
single	imam	copywriter	only isco
single	imam	developer	only isco
single	imam	editor	only isco
single	imam	educator	only isco
single	imam	engineer	only isco
single	imam	epidemiologist	only isco
single	imam	expert	only isco
single	imam	hearer	only isco
single	imam	human	only opencyc
single	imam	immunologist	only isco
single	imam	leader	only wordnet
single	imam	mammal	only opencyc
single	imam	organism	only wordnet
single	imam	person	only wordnet
single	imam	physical-object	only wordnet
single	imam	property	only sumo
single	imam	reporter	only isco
single	imam	research-worker	only isco
single	imam	scientist	only isco
single	imam	skilled-worker	only opencyc
single	imam	specialist	only isco
single	imam	sports-announcer	only isco
single	imam	structure	only opencyc
single	imam	system	only opencyc
single	imam	systems-analyst	only isco
single	imam	translator	only isco
single	imam	vertebrate	only opencyc
single	imam	writer	only isco
single	immigrant	traveler	only wordnet
single	immunologist	adult	only opencyc
single	immunologist	agent	only wordnet
single	immunologist	attribute	only sumo
single	immunologist	human	only opencyc
single	immunologist	mammal	only opencyc
single	immunologist	organism	only wordnet
single	immunologist	person	only wordnet
single	immunologist	physical-object	only wordnet
single	immunologist	professional	only opencyc
single	immunologist	property	only sumo
single	immunologist	research-worker	only wikidata
single	immunologist	skilled-worker	only opencyc
single	immunologist	structure	only opencyc
single	immunologist	system	only opencyc
single	immunologist	vertebrate	only opencyc
single	imp	animal	only sumo
single	imp	beater	only isco
single	imp	blaster	only isco
single	imp	body	only sumo
single	imp	bodybuilder	only isco
single	imp	cabinetmaker	only isco
single	imp	caster.person	only isco
single	imp	compositor	only isco
single	imp	craftsman	only isco
single	imp	engraver	only isco
single	imp	fitter	only isco
single	imp	glassworker	only isco
single	imp	human	only sumo
single	imp	ironworker	only isco
single	imp	machinist	only isco
single	imp	maker	only isco
single	imp	mammal	only sumo
single	imp	mender	only isco
single	imp	painter	only isco
single	imp	populace	only sumo
single	imp	refinisher	only isco
single	imp	rigger	only isco
single	imp	self	only sumo
single	imp	shipwright	only isco
single	imp	smith	only isco
single	imp	species	only sumo
single	imp	splitter	only isco
single	imp	sprayer	only isco
single	imp	stainer	only isco
single	imp	stonecutter	only isco
single	imp	tuner	only isco
single	imp	varnisher	only isco
single	imp	vertebrate	only sumo
single	imp	welder	only isco
single	imp	woodcarver	only isco
single	imp	worker	only isco
single	impersonator	adviser	only isco
single	impersonator	analyst.person	only isco
single	impersonator	animal	only sumo
single	impersonator	architect	only isco
single	impersonator	body	only sumo
single	impersonator	comedian	only wikidata
single	impersonator	copywriter	only isco
single	impersonator	developer	only isco
single	impersonator	editor	only isco
single	impersonator	educator	only isco
single	impersonator	engineer	only isco
single	impersonator	epidemiologist	only isco
single	impersonator	expert	only isco
single	impersonator	hearer	only isco
single	impersonator	human	only sumo
single	impersonator	immunologist	only isco
single	impersonator	mammal	only sumo
single	impersonator	populace	only sumo
single	impersonator	professional	only isco
single	impersonator	reporter	only isco
single	impersonator	research-worker	only isco
single	impersonator	scientist	only isco
single	impersonator	self	only sumo
single	impersonator	specialist	only isco
single	impersonator	species	only sumo
single	impersonator	sports-announcer	only isco
single	impersonator	systems-analyst	only isco
single	impersonator	translator	only isco
single	impersonator	vertebrate	only sumo
single	impersonator	worker	only isco
single	impersonator	writer	only isco
single	impersonator	wrongdoer	only wordnet
single	indexer	adviser	only isco
single	indexer	agent	only wordnet
single	indexer	analyst.person	only isco
single	indexer	architect	only isco
single	indexer	artist	only isco
single	indexer	attribute	only sumo
single	indexer	copywriter	only isco
single	indexer	developer	only isco
single	indexer	editor	only isco
single	indexer	educator	only isco
single	indexer	engineer	only isco
single	indexer	epidemiologist	only isco
single	indexer	expert	only isco
single	indexer	hearer	only isco
single	indexer	immunologist	only isco
single	indexer	organism	only wordnet
single	indexer	person	only wordnet
single	indexer	physical-object	only wordnet
single	indexer	professional	only isco
single	indexer	property	only sumo
single	indexer	reporter	only isco
single	indexer	research-worker	only isco
single	indexer	scientist	only isco
single	indexer	skilled-worker	only wordnet
single	indexer	specialist	only isco
single	indexer	sports-announcer	only isco
single	indexer	systems-analyst	only isco
single	indexer	translator	only isco
single	indexer	writer	only isco
single	informant	communicator	only wordnet
single	insider	executive-director	only wordnet
single	inspector	agent	only wordnet
single	inspector	organism	only wordnet
single	inspector	person	only wordnet
single	inspector	physical-object	only wordnet
single	inspector	worker	only isco
single	inspector-general	adult	only opencyc
single	inspector-general	agent	only wordnet
single	inspector-general	attribute	only sumo
single	inspector-general	chairman	only isco
single	inspector-general	chancellor-of-the-exchequer	only isco
single	inspector-general	chief	only isco
single	inspector-general	general-manager	only isco
single	inspector-general	governor	only isco
single	inspector-general	human	only opencyc
single	inspector-general	mammal	only opencyc
single	inspector-general	manager	only isco
single	inspector-general	member	only isco
single	inspector-general	organism	only wordnet
single	inspector-general	person	only wordnet
single	inspector-general	physical-object	only wordnet
single	inspector-general	president.person	only isco
single	inspector-general	professional	only opencyc
single	inspector-general	property	only sumo
single	inspector-general	secretary-general	only isco
single	inspector-general	structure	only opencyc
single	inspector-general	system	only opencyc
single	inspector-general	vertebrate	only opencyc
single	instrumentalist	adviser	only isco
single	instrumentalist	agent	only wordnet
single	instrumentalist	analyst.person	only isco
single	instrumentalist	architect	only isco
single	instrumentalist	attribute	only sumo
single	instrumentalist	copywriter	only isco
single	instrumentalist	developer	only isco
single	instrumentalist	editor	only isco
single	instrumentalist	educator	only isco
single	instrumentalist	engineer	only isco
single	instrumentalist	epidemiologist	only isco
single	instrumentalist	expert	only isco
single	instrumentalist	hearer	only isco
single	instrumentalist	immunologist	only isco
single	instrumentalist	organism	only wordnet
single	instrumentalist	physical-object	only wordnet
single	instrumentalist	professional	only isco
single	instrumentalist	property	only sumo
single	instrumentalist	reporter	only isco
single	instrumentalist	research-worker	only isco
single	instrumentalist	scientist	only isco
single	instrumentalist	specialist	only isco
single	instrumentalist	sports-announcer	only isco
single	instrumentalist	systems-analyst	only isco
single	instrumentalist	translator	only isco
single	instrumentalist	worker	only isco
single	instrumentalist	writer	only isco
single	insurance-broker	agent	only wordnet
single	insurance-broker	businessman	only wikidata
single	insurance-broker	cameraman	only isco
single	insurance-broker	detective	only isco
single	insurance-broker	inspector	only isco
single	insurance-broker	investment-banker	only isco
single	insurance-broker	man	only isco
single	insurance-broker	organism	only wordnet
single	insurance-broker	paralegal	only isco
single	insurance-broker	person	only wordnet
single	insurance-broker	physical-object	only wordnet
single	insurance-broker	promoter	only isco
single	insurance-broker	supervisor	only isco
single	insurance-broker	technician	only isco
single	insurance-broker	trader	only isco
single	insurance-broker	woman	only isco
single	intelligence-analyst	adult	only opencyc
single	intelligence-analyst	adviser	only isco
single	intelligence-analyst	agent	only wordnet
single	intelligence-analyst	analyst	only opencyc
single	intelligence-analyst	architect	only isco
single	intelligence-analyst	artist	only isco
single	intelligence-analyst	attribute	only sumo
single	intelligence-analyst	copywriter	only isco
single	intelligence-analyst	developer	only isco
single	intelligence-analyst	educator	only isco
single	intelligence-analyst	engineer	only isco
single	intelligence-analyst	epidemiologist	only isco
single	intelligence-analyst	hearer	only isco
single	intelligence-analyst	human	only opencyc
single	intelligence-analyst	immunologist	only isco
single	intelligence-analyst	mammal	only opencyc
single	intelligence-analyst	organism	only wordnet
single	intelligence-analyst	person	only wordnet
single	intelligence-analyst	physical-object	only wordnet
single	intelligence-analyst	professional	only isco
single	intelligence-analyst	property	only sumo
single	intelligence-analyst	research-worker	only isco
single	intelligence-analyst	scientist	only isco
single	intelligence-analyst	specialist	only isco
single	intelligence-analyst	structure	only opencyc
single	intelligence-analyst	system	only opencyc
single	intelligence-analyst	systems-analyst	only isco
single	intelligence-analyst	vertebrate	only opencyc
single	intelligence-analyst	writer	only isco
single	interviewer	animal	only sumo
single	interviewer	body	only sumo
single	interviewer	clerk	only isco
single	interviewer	communicator	only wordnet
single	interviewer	human	only sumo
single	interviewer	mammal	only sumo
single	interviewer	populace	only sumo
single	interviewer	self	only sumo
single	interviewer	speaker	only wordnet
single	interviewer	species	only sumo
single	interviewer	vertebrate	only sumo
single	interviewer	worker	only isco
single	investment-adviser	agent	only wordnet
single	investment-adviser	analyst.person	only isco
single	investment-adviser	architect	only isco
single	investment-adviser	artist	only isco
single	investment-adviser	attribute	only sumo
single	investment-adviser	authority	only wordnet
single	investment-adviser	copywriter	only isco
single	investment-adviser	developer	only isco
single	investment-adviser	educator	only isco
single	investment-adviser	engineer	only isco
single	investment-adviser	epidemiologist	only isco
single	investment-adviser	hearer	only isco
single	investment-adviser	immunologist	only isco
single	investment-adviser	organism	only wordnet
single	investment-adviser	person	only wordnet
single	investment-adviser	physical-object	only wordnet
single	investment-adviser	professional	only isco
single	investment-adviser	property	only sumo
single	investment-adviser	research-worker	only isco
single	investment-adviser	scientist	only isco
single	investment-adviser	specialist	only isco
single	investment-adviser	systems-analyst	only isco
single	investment-adviser	worker	only isco
single	investment-adviser	writer	only isco
single	investment-banker	agent	only wordnet
single	investment-banker	banker	only wikidata
single	investment-banker	broker	only wordnet
single	investment-banker	businessman	only wikidata
single	investment-banker	cameraman	only isco
single	investment-banker	detective	only isco
single	investment-banker	inspector	only isco
single	investment-banker	man	only isco
single	investment-banker	organism	only wordnet
single	investment-banker	paralegal	only isco
single	investment-banker	person	only wordnet
single	investment-banker	physical-object	only wordnet
single	investment-banker	promoter	only isco
single	investment-banker	supervisor	only isco
single	investment-banker	technician	only isco
single	investment-banker	woman	only isco
single	ironworker	agent	only wordnet
single	ironworker	attribute	only sumo
single	ironworker	craftsman	only wikidata
single	ironworker	maker	only wordnet
single	ironworker	organism	only wordnet
single	ironworker	physical-object	only wordnet
single	ironworker	property	only sumo
single	janitor	adjutant	only isco
single	janitor	agent	only wordnet
single	janitor	attribute	only sumo
single	janitor	bodyguard	only isco
single	janitor	concierge	only isco
single	janitor	guard	only isco
single	janitor	host	only isco
single	janitor	hostess	only isco
single	janitor	housekeeper	only isco
single	janitor	human	only opencyc
single	janitor	mammal	only opencyc
single	janitor	organism	only wordnet
single	janitor	person	only wordnet
single	janitor	physical-object	only wordnet
single	janitor	property	only sumo
single	janitor	stewardess	only isco
single	janitor	structure	only opencyc
single	janitor	system	only opencyc
single	janitor	vertebrate	only opencyc
single	jester	comedian	only wordnet
single	jewelry-maker	agent	only wordnet
single	jewelry-maker	attribute	only sumo
single	jewelry-maker	beater	only isco
single	jewelry-maker	blaster	only isco
single	jewelry-maker	bodybuilder	only isco
single	jewelry-maker	businessman	only wikidata
single	jewelry-maker	cabinetmaker	only isco
single	jewelry-maker	caster.person	only isco
single	jewelry-maker	compositor	only isco
single	jewelry-maker	craftsman	only isco
single	jewelry-maker	engraver	only isco
single	jewelry-maker	etcher	only isco
single	jewelry-maker	fitter	only isco
single	jewelry-maker	glassworker	only isco
single	jewelry-maker	ironworker	only isco
single	jewelry-maker	machinist	only isco
single	jewelry-maker	mender	only isco
single	jewelry-maker	merchant	only wikidata
single	jewelry-maker	mounter	only isco
single	jewelry-maker	organism	only wordnet
single	jewelry-maker	painter	only isco
single	jewelry-maker	person	only wordnet
single	jewelry-maker	physical-object	only wordnet
single	jewelry-maker	property	only sumo
single	jewelry-maker	refinisher	only isco
single	jewelry-maker	rigger	only isco
single	jewelry-maker	shipwright	only isco
single	jewelry-maker	smith	only isco
single	jewelry-maker	splitter	only isco
single	jewelry-maker	sprayer	only isco
single	jewelry-maker	stamper	only isco
single	jewelry-maker	stonecutter	only isco
single	jewelry-maker	transferer	only isco
single	jewelry-maker	tuner	only isco
single	jewelry-maker	varnisher	only isco
single	jewelry-maker	weaver	only isco
single	jewelry-maker	welder	only isco
single	jewelry-maker	woodcarver	only isco
single	jockey	traveler	only wordnet
single	jogger	animal	only sumo
single	jogger	beater	only isco
single	jogger	blaster	only isco
single	jogger	body	only sumo
single	jogger	bodybuilder	only isco
single	jogger	cabinetmaker	only isco
single	jogger	caster.person	only isco
single	jogger	compositor	only isco
single	jogger	craftsman	only isco
single	jogger	engraver	only isco
single	jogger	etcher	only isco
single	jogger	fitter	only isco
single	jogger	glassworker	only isco
single	jogger	ironworker	only isco
single	jogger	machinist	only isco
single	jogger	maker	only isco
single	jogger	mender	only isco
single	jogger	mounter	only isco
single	jogger	painter	only isco
single	jogger	populace	only sumo
single	jogger	pressman	only isco
single	jogger	refinisher	only isco
single	jogger	rigger	only isco
single	jogger	self	only sumo
single	jogger	shipwright	only isco
single	jogger	smith	only isco
single	jogger	species	only sumo
single	jogger	splitter	only isco
single	jogger	sprayer	only isco
single	jogger	stamper	only isco
single	jogger	stonecutter	only isco
single	jogger	structure	only opencyc
single	jogger	system	only opencyc
single	jogger	transferer	only isco
single	jogger	traveler	only wordnet
single	jogger	tuner	only isco
single	jogger	varnisher	only isco
single	jogger	welder	only isco
single	jogger	woodcarver	only isco
single	jogger	worker	only isco
single	joiner	animal	only sumo
single	joiner	associate	only wordnet
single	joiner	beater	only isco
single	joiner	blaster	only isco
single	joiner	body	only sumo
single	joiner	bodybuilder	only isco
single	joiner	caster.person	only isco
single	joiner	compositor	only isco
single	joiner	engraver	only isco
single	joiner	fitter	only isco
single	joiner	glassworker	only isco
single	joiner	human	only sumo
single	joiner	ironworker	only isco
single	joiner	machinist	only isco
single	joiner	maker	only isco
single	joiner	mammal	only sumo
single	joiner	mason	only isco
single	joiner	member	only wordnet
single	joiner	mender	only isco
single	joiner	painter	only isco
single	joiner	peer	only wordnet
single	joiner	populace	only sumo
single	joiner	refinisher	only isco
single	joiner	rigger	only isco
single	joiner	self	only sumo
single	joiner	shipwright	only isco
single	joiner	smith	only isco
single	joiner	species	only sumo
single	joiner	splitter	only isco
single	joiner	sprayer	only isco
single	joiner	stonecutter	only isco
single	joiner	tuner	only isco
single	joiner	varnisher	only isco
single	joiner	vertebrate	only sumo
single	joiner	welder	only isco
single	joiner	woodcarver	only isco
single	joiner	worker	only isco
single	judge	analyst.person	only isco
single	judge	copywriter	only isco
single	judge	developer	only isco
single	judge	editor	only isco
single	judge	educator	only isco
single	judge	epidemiologist	only isco
single	judge	hearer	only isco
single	judge	immunologist	only isco
single	judge	sports-announcer	only isco
single	judge	systems-analyst	only isco
single	judge	translator	only isco
single	jumper	animal	only sumo
single	jumper	artifact	only opencyc
single	jumper	automaton	only wikidata
single	jumper	body	only sumo
single	jumper	cameraman	only isco
single	jumper	clothing	only opencyc
single	jumper	detective	only isco
single	jumper	device	only opencyc
single	jumper	dress	only opencyc
single	jumper	garment	only opencyc
single	jumper	human	only sumo
single	jumper	inspector	only isco
single	jumper	machine	only wikidata
single	jumper	mammal	only sumo
single	jumper	man	only isco
single	jumper	paralegal	only isco
single	jumper	populace	only sumo
single	jumper	promoter	only isco
single	jumper	self	only sumo
single	jumper	species	only sumo
single	jumper	supervisor	only isco
single	jumper	technician	only isco
single	jumper	vertebrate	only sumo
single	jumper	woman	only isco
single	jumper	worker	only isco
single	jurist	adviser	only isco
single	jurist	agent	only wordnet
single	jurist	analyst.person	only isco
single	jurist	architect	only isco
single	jurist	artist	only isco
single	jurist	copywriter	only isco
single	jurist	developer	only isco
single	jurist	editor	only isco
single	jurist	educator	only isco
single	jurist	engineer	only isco
single	jurist	epidemiologist	only isco
single	jurist	hearer	only isco
single	jurist	immunologist	only isco
single	jurist	organism	only wordnet
single	jurist	person	only wordnet
single	jurist	physical-object	only wordnet
single	jurist	reporter	only isco
single	jurist	research-worker	only isco
single	jurist	scientist	only isco
single	jurist	sports-announcer	only isco
single	jurist	systems-analyst	only isco
single	jurist	translator	only isco
single	jurist	writer	only isco
single	justice-of-the-peace	adult	only opencyc
single	justice-of-the-peace	agent	only wordnet
single	justice-of-the-peace	attribute	only sumo
single	justice-of-the-peace	cameraman	only isco
single	justice-of-the-peace	detective	only isco
single	justice-of-the-peace	human	only opencyc
single	justice-of-the-peace	inspector	only isco
single	justice-of-the-peace	judge	only wordnet
single	justice-of-the-peace	magistrate	only wordnet
single	justice-of-the-peace	mammal	only opencyc
single	justice-of-the-peace	man	only isco
single	justice-of-the-peace	official	only wordnet
single	justice-of-the-peace	organism	only wordnet
single	justice-of-the-peace	paralegal	only isco
single	justice-of-the-peace	person	only wordnet
single	justice-of-the-peace	physical-object	only wordnet
single	justice-of-the-peace	promoter	only isco
single	justice-of-the-peace	property	only sumo
single	justice-of-the-peace	skilled-worker	only wordnet
single	justice-of-the-peace	structure	only opencyc
single	justice-of-the-peace	supervisor	only isco
single	justice-of-the-peace	system	only opencyc
single	justice-of-the-peace	technician	only isco
single	justice-of-the-peace	vertebrate	only opencyc
single	justice-of-the-peace	woman	only isco
single	king	communicator	only wordnet
single	king	head-of-state	only wordnet
single	knacker	agent	only wordnet
single	knacker	attribute	only sumo
single	knacker	beater	only isco
single	knacker	blaster	only isco
single	knacker	bodybuilder	only isco
single	knacker	cabinetmaker	only isco
single	knacker	caster.person	only isco
single	knacker	compositor	only isco
single	knacker	craftsman	only isco
single	knacker	employee	only wordnet
single	knacker	engraver	only isco
single	knacker	fitter	only isco
single	knacker	glassworker	only isco
single	knacker	ironworker	only isco
single	knacker	laborer	only wordnet
single	knacker	machinist	only isco
single	knacker	maker	only isco
single	knacker	mender	only isco
single	knacker	occupation	only wikidata
single	knacker	organism	only wordnet
single	knacker	organization	only wikidata
single	knacker	painter	only isco
single	knacker	person	only wordnet
single	knacker	physical-object	only wordnet
single	knacker	property	only sumo
single	knacker	refinisher	only isco
single	knacker	rigger	only isco
single	knacker	shipwright	only isco
single	knacker	smith	only isco
single	knacker	splitter	only isco
single	knacker	sprayer	only isco
single	knacker	stainer	only isco
single	knacker	stonecutter	only isco
single	knacker	tuner	only isco
single	knacker	varnisher	only isco
single	knacker	welder	only isco
single	knacker	woodcarver	only isco
single	knacker	wrecker	only wordnet
single	knitter	animal	only sumo
single	knitter	beater	only isco
single	knitter	blaster	only isco
single	knitter	body	only sumo
single	knitter	bodybuilder	only isco
single	knitter	cabinetmaker	only isco
single	knitter	caster.person	only isco
single	knitter	compositor	only isco
single	knitter	craftsman	only isco
single	knitter	engraver	only isco
single	knitter	etcher	only isco
single	knitter	fitter	only isco
single	knitter	glassworker	only isco
single	knitter	human	only sumo
single	knitter	ironworker	only isco
single	knitter	machinist	only isco
single	knitter	mammal	only sumo
single	knitter	mender	only isco
single	knitter	mounter	only isco
single	knitter	painter	only isco
single	knitter	populace	only sumo
single	knitter	refinisher	only isco
single	knitter	rigger	only isco
single	knitter	self	only sumo
single	knitter	shipwright	only isco
single	knitter	smith	only isco
single	knitter	species	only sumo
single	knitter	splitter	only isco
single	knitter	sprayer	only isco
single	knitter	stamper	only isco
single	knitter	stonecutter	only isco
single	knitter	transferer	only isco
single	knitter	tuner	only isco
single	knitter	varnisher	only isco
single	knitter	vertebrate	only sumo
single	knitter	weaver	only isco
single	knitter	welder	only isco
single	knitter	woodcarver	only isco
single	knitter	worker	only isco
single	lacer	agent	only wordnet
single	lacer	attribute	only sumo
single	lacer	digger	only isco
single	lacer	employee	only wordnet
single	lacer	operator	only isco
single	lacer	organism	only wordnet
single	lacer	person	only wordnet
single	lacer	physical-object	only wordnet
single	lacer	property	only sumo
single	lady's-maid	adjutant	only isco
single	lady's-maid	agent	only wordnet
single	lady's-maid	bodyguard	only isco
single	lady's-maid	concierge	only isco
single	lady's-maid	guard	only isco
single	lady's-maid	host	only isco
single	lady's-maid	hostess	only isco
single	lady's-maid	maid	only wordnet
single	lady's-maid	organism	only wordnet
single	lady's-maid	person	only wordnet
single	lady's-maid	physical-object	only wordnet
single	lady's-maid	stewardess	only isco
single	lass	adult	only wordnet
single	lass	animal-trainer	only isco
single	lass	body	only sumo
single	lass	child	only wikidata
single	lass	childhood	only wikidata
single	lass	hired-hand	only isco
single	lass	human	only sumo
single	lass	laborer	only isco
single	lass	lady	only sumo
single	lass	male-child	only isco
single	lass	mammal	only sumo
single	lass	picker	only isco
single	lass	populace	only sumo
single	lass	porter	only isco
single	lass	remover	only isco
single	lass	self	only sumo
single	lass	species	only sumo
single	lass	stacker	only isco
single	lass	stevedore	only isco
single	lass	sweeper	only isco
single	lass	vertebrate	only sumo
single	lass	washer.person	only isco
single	lass	window-washer	only isco
single	lass	worker	only isco
single	lawyer	analyst.person	only isco
single	lawyer	copywriter	only isco
single	lawyer	developer	only isco
single	lawyer	editor	only isco
single	lawyer	educator	only isco
single	lawyer	epidemiologist	only isco
single	lawyer	hearer	only isco
single	lawyer	immunologist	only isco
single	lawyer	skilled-worker	only opencyc
single	lawyer	sports-announcer	only isco
single	lawyer	systems-analyst	only isco
single	lawyer	translator	only isco
single	lector	adult	only wordnet
single	lector	adviser	only isco
single	lector	agent	only wordnet
single	lector	analyst.person	only isco
single	lector	architect	only isco
single	lector	artist	only isco
single	lector	attribute	only sumo
single	lector	copywriter	only isco
single	lector	developer	only isco
single	lector	engineer	only isco
single	lector	epidemiologist	only isco
single	lector	expert	only isco
single	lector	hearer	only isco
single	lector	immunologist	only isco
single	lector	organism	only wordnet
single	lector	person	only wordnet
single	lector	physical-object	only wordnet
single	lector	property	only sumo
single	lector	research-worker	only isco
single	lector	scientist	only isco
single	lector	specialist	only isco
single	lector	systems-analyst	only isco
single	lector	worker	only isco
single	lector	writer	only isco
single	legislator	adult	only opencyc
single	legislator	agent	only wordnet
single	legislator	chairman	only isco
single	legislator	chancellor-of-the-exchequer	only isco
single	legislator	chief	only isco
single	legislator	general-manager	only isco
single	legislator	governor	only isco
single	legislator	human	only opencyc
single	legislator	leader	only wordnet
single	legislator	mammal	only opencyc
single	legislator	manager	only isco
single	legislator	member	only isco
single	legislator	organism	only wordnet
single	legislator	person	only wordnet
single	legislator	physical-object	only wordnet
single	legislator	president.person	only isco
single	legislator	professional	only wikidata
single	legislator	secretary-general	only isco
single	legislator	specialist	only wikidata
single	legislator	structure	only opencyc
single	legislator	system	only opencyc
single	legislator	vertebrate	only opencyc
single	lepidopterist	adviser	only isco
single	lepidopterist	agent	only wordnet
single	lepidopterist	analyst.person	only isco
single	lepidopterist	architect	only isco
single	lepidopterist	artist	only isco
single	lepidopterist	attribute	only sumo
single	lepidopterist	copywriter	only isco
single	lepidopterist	developer	only isco
single	lepidopterist	educator	only isco
single	lepidopterist	engineer	only isco
single	lepidopterist	epidemiologist	only isco
single	lepidopterist	expert	only isco
single	lepidopterist	hearer	only isco
single	lepidopterist	immunologist	only isco
single	lepidopterist	organism	only wordnet
single	lepidopterist	person	only wordnet
single	lepidopterist	physical-object	only wordnet
single	lepidopterist	professional	only isco
single	lepidopterist	property	only sumo
single	lepidopterist	specialist	only isco
single	lepidopterist	surveyor	only isco
single	lepidopterist	systems-analyst	only isco
single	lepidopterist	toxicologist	only isco
single	lepidopterist	worker	only isco
single	lepidopterist	writer	only isco
single	letterer	agent	only wordnet
single	letterer	attribute	only sumo
single	letterer	beater	only isco
single	letterer	blaster	only isco
single	letterer	bodybuilder	only isco
single	letterer	cabinetmaker	only isco
single	letterer	caster.person	only isco
single	letterer	compositor	only isco
single	letterer	craftsman	only isco
single	letterer	engraver	only isco
single	letterer	etcher	only isco
single	letterer	fitter	only isco
single	letterer	glassworker	only isco
single	letterer	ironworker	only isco
single	letterer	machinist	only isco
single	letterer	maker	only isco
single	letterer	mender	only isco
single	letterer	mounter	only isco
single	letterer	organism	only wordnet
single	letterer	painter	only isco
single	letterer	person	only wordnet
single	letterer	physical-object	only wordnet
single	letterer	property	only sumo
single	letterer	refinisher	only isco
single	letterer	rigger	only isco
single	letterer	shipwright	only isco
single	letterer	skilled-worker	only wordnet
single	letterer	smith	only isco
single	letterer	splitter	only isco
single	letterer	sprayer	only isco
single	letterer	stamper	only isco
single	letterer	stonecutter	only isco
single	letterer	transferer	only isco
single	letterer	tuner	only isco
single	letterer	varnisher	only isco
single	letterer	weaver	only isco
single	letterer	welder	only isco
single	letterer	woodcarver	only isco
single	lexicographer	adult	only opencyc
single	lexicographer	adviser	only isco
single	lexicographer	agent	only wordnet
single	lexicographer	analyst.person	only isco
single	lexicographer	architect	only isco
single	lexicographer	artist	only isco
single	lexicographer	communicator	only wordnet
single	lexicographer	compiler.person	only wordnet
single	lexicographer	copywriter	only isco
single	lexicographer	developer	only isco
single	lexicographer	editor	only isco
single	lexicographer	educator	only isco
single	lexicographer	engineer	only isco
single	lexicographer	epidemiologist	only isco
single	lexicographer	expert	only isco
single	lexicographer	hearer	only isco
single	lexicographer	human	only opencyc
single	lexicographer	immunologist	only isco
single	lexicographer	linguist	only wordnet
single	lexicographer	mammal	only opencyc
single	lexicographer	organism	only wordnet
single	lexicographer	person	only wordnet
single	lexicographer	physical-object	only wordnet
single	lexicographer	professional	only isco
single	lexicographer	reporter	only isco
single	lexicographer	research-worker	only isco
single	lexicographer	specialist	only isco
single	lexicographer	sports-announcer	only isco
single	lexicographer	structure	only opencyc
single	lexicographer	system	only opencyc
single	lexicographer	systems-analyst	only isco
single	lexicographer	translator	only isco
single	lexicographer	vertebrate	only opencyc
single	libertine	agent	only wordnet
single	libertine	animal	only wikidata
single	libertine	attribute	only sumo
single	libertine	beater	only isco
single	libertine	blaster	only isco
single	libertine	bodybuilder	only isco
single	libertine	cabinetmaker	only isco
single	libertine	caster.person	only isco
single	libertine	compositor	only isco
single	libertine	craftsman	only isco
single	libertine	dressmaker	only isco
single	libertine	engraver	only isco
single	libertine	fitter	only isco
single	libertine	glassworker	only isco
single	libertine	ironworker	only isco
single	libertine	machinist	only isco
single	libertine	maker	only isco
single	libertine	mender	only isco
single	libertine	painter	only isco
single	libertine	person	only wordnet
single	libertine	property	only sumo
single	libertine	refinisher	only isco
single	libertine	rigger	only isco
single	libertine	shipwright	only isco
single	libertine	smith	only isco
single	libertine	splitter	only isco
single	libertine	sprayer	only isco
single	libertine	stainer	only isco
single	libertine	stonecutter	only isco
single	libertine	tuner	only isco
single	libertine	varnisher	only isco
single	libertine	welder	only isco
single	libertine	woodcarver	only isco
single	libertine	worker	only isco
single	lifeguard	adjutant	only isco
single	lifeguard	agent	only wordnet
single	lifeguard	assistant	only wordnet
single	lifeguard	attribute	only sumo
single	lifeguard	bodyguard	only isco
single	lifeguard	concierge	only isco
single	lifeguard	guard	only isco
single	lifeguard	host	only isco
single	lifeguard	hostess	only isco
single	lifeguard	human	only opencyc
single	lifeguard	mammal	only opencyc
single	lifeguard	organism	only wordnet
single	lifeguard	person	only wordnet
single	lifeguard	physical-object	only wordnet
single	lifeguard	property	only sumo
single	lifeguard	structure	only opencyc
single	lifeguard	system	only opencyc
single	lifeguard	vertebrate	only opencyc
single	lighterman	agent	only wordnet
single	lighterman	attribute	only sumo
single	lighterman	digger	only isco
single	lighterman	driver	only isco
single	lighterman	operator	only isco
single	lighterman	organism	only wordnet
single	lighterman	person	only wordnet
single	lighterman	physical-object	only wordnet
single	lighterman	property	only sumo
single	lighterman	sailor	only wordnet
single	lighterman	skilled-worker	only wordnet
single	lighterman	teamster	only isco
single	limnologist	adviser	only isco
single	limnologist	agent	only wordnet
single	limnologist	analyst.person	only isco
single	limnologist	architect	only isco
single	limnologist	artist	only isco
single	limnologist	attribute	only sumo
single	limnologist	copywriter	only isco
single	limnologist	developer	only isco
single	limnologist	educator	only isco
single	limnologist	engineer	only isco
single	limnologist	epidemiologist	only isco
single	limnologist	hearer	only isco
single	limnologist	immunologist	only isco
single	limnologist	organism	only wordnet
single	limnologist	person	only wordnet
single	limnologist	physical-object	only wordnet
single	limnologist	professional	only isco
single	limnologist	property	only sumo
single	limnologist	research-worker	only isco
single	limnologist	scientist	only isco
single	limnologist	surveyor	only isco
single	limnologist	systems-analyst	only isco
single	limnologist	toxicologist	only isco
single	limnologist	worker	only isco
single	limnologist	writer	only isco
single	line-worker	agent	only wordnet
single	line-worker	beater	only isco
single	line-worker	blaster	only isco
single	line-worker	bodybuilder	only isco
single	line-worker	cabinetmaker	only isco
single	line-worker	caster.person	only isco
single	line-worker	compositor	only isco
single	line-worker	craftsman	only isco
single	line-worker	employee	only wordnet
single	line-worker	engraver	only isco
single	line-worker	fitter	only isco
single	line-worker	glassworker	only isco
single	line-worker	ironworker	only isco
single	line-worker	machinist	only isco
single	line-worker	maker	only isco
single	line-worker	mender	only isco
single	line-worker	organism	only wordnet
single	line-worker	painter	only isco
single	line-worker	person	only wordnet
single	line-worker	physical-object	only wordnet
single	line-worker	refinisher	only isco
single	line-worker	rigger	only isco
single	line-worker	shipwright	only isco
single	line-worker	smith	only isco
single	line-worker	splitter	only isco
single	line-worker	sprayer	only isco
single	line-worker	stonecutter	only isco
single	line-worker	tuner	only isco
single	line-worker	varnisher	only isco
single	line-worker	welder	only isco
single	line-worker	woodcarver	only isco
single	linguist	adviser	only isco
single	linguist	agent	only wordnet
single	linguist	analyst.person	only isco
single	linguist	architect	only isco
single	linguist	artist	only isco
single	linguist	copywriter	only isco
single	linguist	developer	only isco
single	linguist	editor	only isco
single	linguist	educator	only isco
single	linguist	engineer	only isco
single	linguist	epidemiologist	only isco
single	linguist	expert	only isco
single	linguist	hearer	only isco
single	linguist	immunologist	only isco
single	linguist	organism	only wordnet
single	linguist	person	only wordnet
single	linguist	physical-object	only wordnet
single	linguist	professional	only isco
single	linguist	reporter	only isco
single	linguist	research-worker	only isco
single	linguist	specialist	only isco
single	linguist	sports-announcer	only isco
single	linguist	systems-analyst	only isco
single	linguist	translator	only isco
single	linguist	worker	only isco
single	linguist	writer	only isco
single	literary-agent	agent	only wordnet
single	literary-agent	attribute	only sumo
single	literary-agent	booker	only wikidata
single	literary-agent	businessman	only wikidata
single	literary-agent	cameraman	only isco
single	literary-agent	communicator	only wordnet
single	literary-agent	detective	only isco
single	literary-agent	inspector	only isco
single	literary-agent	investment-banker	only isco
single	literary-agent	man	only isco
single	literary-agent	organism	only wordnet
single	literary-agent	paralegal	only isco
single	literary-agent	person	only wordnet
single	literary-agent	physical-object	only wordnet
single	literary-agent	promoter	only isco
single	literary-agent	property	only sumo
single	literary-agent	representative	only wordnet
single	literary-agent	representative-agent	only wordnet
single	literary-agent	supervisor	only isco
single	literary-agent	technician	only isco
single	literary-agent	trader	only isco
single	literary-agent	woman	only isco
single	litigant	adviser	only isco
single	litigant	agent	only wordnet
single	litigant	analyst.person	only isco
single	litigant	architect	only isco
single	litigant	artist	only isco
single	litigant	attribute	only sumo
single	litigant	copywriter	only isco
single	litigant	developer	only isco
single	litigant	editor	only isco
single	litigant	educator	only isco
single	litigant	engineer	only isco
single	litigant	epidemiologist	only isco
single	litigant	expert	only isco
single	litigant	hearer	only isco
single	litigant	immunologist	only isco
single	litigant	jurist	only isco
single	litigant	organism	only wordnet
single	litigant	party	only wikidata
single	litigant	physical-object	only wordnet
single	litigant	professional	only isco
single	litigant	property	only sumo
single	litigant	reporter	only isco
single	litigant	research-worker	only isco
single	litigant	scientist	only isco
single	litigant	specialist	only isco
single	litigant	sports-announcer	only isco
single	litigant	systems-analyst	only isco
single	litigant	translator	only isco
single	litigant	worker	only isco
single	litigant	writer	only isco
single	lobbyist	adult	only opencyc
single	lobbyist	adviser	only isco
single	lobbyist	agent	only wordnet
single	lobbyist	analyst.person	only isco
single	lobbyist	architect	only isco
single	lobbyist	artist	only isco
single	lobbyist	attribute	only sumo
single	lobbyist	communicator	only wordnet
single	lobbyist	copywriter	only isco
single	lobbyist	developer	only isco
single	lobbyist	educator	only isco
single	lobbyist	engineer	only isco
single	lobbyist	epidemiologist	only isco
single	lobbyist	executive-director	only isco
single	lobbyist	expert	only isco
single	lobbyist	hearer	only isco
single	lobbyist	human	only opencyc
single	lobbyist	immunologist	only isco
single	lobbyist	mammal	only opencyc
single	lobbyist	organism	only wordnet
single	lobbyist	person	only wordnet
single	lobbyist	physical-object	only wordnet
single	lobbyist	property	only sumo
single	lobbyist	research-worker	only isco
single	lobbyist	scientist	only isco
single	lobbyist	skilled-worker	only opencyc
single	lobbyist	specialist	only isco
single	lobbyist	structure	only opencyc
single	lobbyist	system	only opencyc
single	lobbyist	systems-analyst	only isco
single	lobbyist	vertebrate	only opencyc
single	lobbyist	writer	only isco
single	lockmaster	agent	only wordnet
single	lockmaster	attribute	only sumo
single	lockmaster	digger	only isco
single	lockmaster	driver	only isco
single	lockmaster	operator	only isco
single	lockmaster	organism	only wordnet
single	lockmaster	person	only wordnet
single	lockmaster	physical-object	only wordnet
single	lockmaster	property	only sumo
single	lockmaster	skilled-worker	only wordnet
single	lockmaster	teamster	only isco
single	locksmith	agent	only wordnet
single	locksmith	attribute	only sumo
single	locksmith	beater	only isco
single	locksmith	blaster	only isco
single	locksmith	bodybuilder	only isco
single	locksmith	cabinetmaker	only isco
single	locksmith	caster.person	only isco
single	locksmith	compositor	only isco
single	locksmith	craftsman	only isco
single	locksmith	engraver	only isco
single	locksmith	fitter	only isco
single	locksmith	glassworker	only isco
single	locksmith	human	only opencyc
single	locksmith	ironworker	only isco
single	locksmith	machinist	only isco
single	locksmith	maker	only isco
single	locksmith	mammal	only opencyc
single	locksmith	mender	only isco
single	locksmith	organism	only wordnet
single	locksmith	organization	only schemaorg
single	locksmith	painter	only isco
single	locksmith	person	only wordnet
single	locksmith	physical-object	only wordnet
single	locksmith	place	only schemaorg
single	locksmith	property	only sumo
single	locksmith	refinisher	only isco
single	locksmith	rigger	only isco
single	locksmith	shipwright	only isco
single	locksmith	skilled-worker	only wordnet
single	locksmith	splitter	only isco
single	locksmith	sprayer	only isco
single	locksmith	stonecutter	only isco
single	locksmith	structure	only opencyc
single	locksmith	system	only opencyc
single	locksmith	tuner	only isco
single	locksmith	varnisher	only isco
single	locksmith	vertebrate	only opencyc
single	locksmith	welder	only isco
single	locksmith	woodcarver	only isco
single	lookout	watchman	only wordnet
single	lumberman	agent	only wordnet
single	lumberman	agriculturist	only isco
single	lumberman	attribute	only sumo
single	lumberman	cowboy	only isco
single	lumberman	employee	only wordnet
single	lumberman	farmer	only isco
single	lumberman	farmhand	only isco
single	lumberman	fisherman	only isco
single	lumberman	forester	only isco
single	lumberman	gardener	only isco
single	lumberman	goat-herder	only isco
single	lumberman	hunter	only isco
single	lumberman	laborer	only wordnet
single	lumberman	organism	only wordnet
single	lumberman	person	only wordnet
single	lumberman	physical-object	only wordnet
single	lumberman	property	only sumo
single	lumberman	shepherd	only isco
single	lumberman	trapper	only isco
single	lyricist	adviser	only isco
single	lyricist	analyst.person	only isco
single	lyricist	animal	only sumo
single	lyricist	architect	only isco
single	lyricist	body	only sumo
single	lyricist	communicator	only wordnet
single	lyricist	copywriter	only isco
single	lyricist	developer	only isco
single	lyricist	editor	only isco
single	lyricist	educator	only isco
single	lyricist	engineer	only isco
single	lyricist	epidemiologist	only isco
single	lyricist	expert	only isco
single	lyricist	hearer	only isco
single	lyricist	human	only sumo
single	lyricist	immunologist	only isco
single	lyricist	mammal	only sumo
single	lyricist	populace	only sumo
single	lyricist	professional	only isco
single	lyricist	reporter	only isco
single	lyricist	research-worker	only isco
single	lyricist	scientist	only isco
single	lyricist	self	only sumo
single	lyricist	specialist	only isco
single	lyricist	species	only sumo
single	lyricist	sports-announcer	only isco
single	lyricist	systems-analyst	only isco
single	lyricist	translator	only isco
single	lyricist	vertebrate	only sumo
single	lyricist	worker	only isco
single	machinist	agent	only wordnet
single	machinist	attribute	only sumo
single	machinist	craftsman	only wordnet
single	machinist	organism	only wordnet
single	machinist	person	only wordnet
single	machinist	physical-object	only wordnet
single	machinist	property	only sumo
single	machinist	skilled-worker	only wordnet
single	macroeconomist	adviser	only isco
single	macroeconomist	analyst.person	only isco
single	macroeconomist	animal	only sumo
single	macroeconomist	architect	only isco
single	macroeconomist	artist	only isco
single	macroeconomist	body	only sumo
single	macroeconomist	copywriter	only isco
single	macroeconomist	developer	only isco
single	macroeconomist	economist	only wordnet
single	macroeconomist	editor	only isco
single	macroeconomist	educator	only isco
single	macroeconomist	engineer	only isco
single	macroeconomist	epidemiologist	only isco
single	macroeconomist	expert	only isco
single	macroeconomist	hearer	only isco
single	macroeconomist	human	only sumo
single	macroeconomist	immunologist	only isco
single	macroeconomist	mammal	only sumo
single	macroeconomist	populace	only sumo
single	macroeconomist	professional	only isco
single	macroeconomist	reporter	only isco
single	macroeconomist	research-worker	only isco
single	macroeconomist	self	only sumo
single	macroeconomist	social-scientist	only wordnet
single	macroeconomist	specialist	only isco
single	macroeconomist	species	only sumo
single	macroeconomist	sports-announcer	only isco
single	macroeconomist	systems-analyst	only isco
single	macroeconomist	translator	only isco
single	macroeconomist	vertebrate	only sumo
single	macroeconomist	worker	only isco
single	macroeconomist	writer	only isco
single	magician	adviser	only isco
single	magician	agent	only wordnet
single	magician	analyst.person	only isco
single	magician	architect	only isco
single	magician	copywriter	only isco
single	magician	developer	only isco
single	magician	editor	only isco
single	magician	educator	only isco
single	magician	engineer	only isco
single	magician	epidemiologist	only isco
single	magician	expert	only isco
single	magician	hearer	only isco
single	magician	human	only opencyc
single	magician	immunologist	only isco
single	magician	mammal	only opencyc
single	magician	organism	only wordnet
single	magician	performer	only wordnet
single	magician	person	only wordnet
single	magician	physical-object	only wordnet
single	magician	reporter	only isco
single	magician	research-worker	only isco
single	magician	scientist	only isco
single	magician	skilled-worker	only opencyc
single	magician	specialist	only isco
single	magician	sports-announcer	only isco
single	magician	structure	only opencyc
single	magician	system	only opencyc
single	magician	systems-analyst	only isco
single	magician	translator	only isco
single	magician	vertebrate	only opencyc
single	magician	writer	only isco
single	magistrate	adviser	only isco
single	magistrate	agent	only wordnet
single	magistrate	analyst.person	only isco
single	magistrate	architect	only isco
single	magistrate	artist	only isco
single	magistrate	copywriter	only isco
single	magistrate	developer	only isco
single	magistrate	editor	only isco
single	magistrate	educator	only isco
single	magistrate	engineer	only isco
single	magistrate	epidemiologist	only isco
single	magistrate	expert	only isco
single	magistrate	hearer	only isco
single	magistrate	immunologist	only isco
single	magistrate	judge	only wordnet
single	magistrate	official	only wordnet
single	magistrate	organism	only wordnet
single	magistrate	person	only wordnet
single	magistrate	physical-object	only wordnet
single	magistrate	reporter	only isco
single	magistrate	research-worker	only isco
single	magistrate	scientist	only isco
single	magistrate	skilled-worker	only wordnet
single	magistrate	sports-announcer	only isco
single	magistrate	systems-analyst	only isco
single	magistrate	translator	only isco
single	magistrate	writer	only isco
single	mahout	agent	only wordnet
single	mahout	animal-trainer	only isco
single	mahout	attribute	only sumo
single	mahout	girl	only isco
single	mahout	hired-hand	only isco
single	mahout	laborer	only isco
single	mahout	male-child	only isco
single	mahout	organism	only wordnet
single	mahout	packer	only isco
single	mahout	person	only wordnet
single	mahout	physical-object	only wordnet
single	mahout	picker	only isco
single	mahout	porter	only isco
single	mahout	property	only sumo
single	mahout	remover	only isco
single	mahout	stacker	only isco
single	mahout	stevedore	only isco
single	mahout	sweeper	only isco
single	mahout	washer.person	only isco
single	mahout	window-washer	only isco
single	maid	animal-trainer	only isco
single	maid	girl	only isco
single	maid	housekeeper	only opencyc
single	maid	picker	only isco
single	maid	remover	only isco
single	maid	stacker	only isco
single	maid	stevedore	only isco
single	maid	sweeper	only isco
single	maid	washer.person	only isco
single	maid	window-washer	only isco
single	mailman	postal-clerk	only wikidata
single	maker	animal	only sumo
single	maker	body	only sumo
single	maker	populace	only sumo
single	maker	self	only sumo
single	maker	species	only sumo
single	maker	structure	only opencyc
single	maker	system	only opencyc
single	maker	worker	only isco
single	maltster	agent	only wordnet
single	maltster	attribute	only sumo
single	maltster	brewer	only wikidata
single	maltster	craftsman	only wikidata
single	maltster	digger	only isco
single	maltster	maker	only wordnet
single	maltster	operator	only isco
single	maltster	organism	only wordnet
single	maltster	physical-object	only wordnet
single	maltster	property	only sumo
single	maltster	worker	only isco
single	mammalogist	adviser	only isco
single	mammalogist	agent	only wordnet
single	mammalogist	analyst.person	only isco
single	mammalogist	architect	only isco
single	mammalogist	artist	only isco
single	mammalogist	attribute	only sumo
single	mammalogist	copywriter	only isco
single	mammalogist	developer	only isco
single	mammalogist	educator	only isco
single	mammalogist	engineer	only isco
single	mammalogist	epidemiologist	only isco
single	mammalogist	expert	only isco
single	mammalogist	hearer	only isco
single	mammalogist	immunologist	only isco
single	mammalogist	organism	only wordnet
single	mammalogist	person	only wordnet
single	mammalogist	physical-object	only wordnet
single	mammalogist	professional	only isco
single	mammalogist	property	only sumo
single	mammalogist	research-worker	only isco
single	mammalogist	specialist	only isco
single	mammalogist	surveyor	only isco
single	mammalogist	systems-analyst	only isco
single	mammalogist	toxicologist	only isco
single	mammalogist	worker	only isco
single	mammalogist	writer	only isco
single	mammalogist	zoologist	only wordnet
single	management-consultant	agent	only wordnet
single	management-consultant	analyst.person	only isco
single	management-consultant	architect	only isco
single	management-consultant	artist	only isco
single	management-consultant	attribute	only sumo
single	management-consultant	authority	only wordnet
single	management-consultant	copywriter	only isco
single	management-consultant	developer	only isco
single	management-consultant	educator	only isco
single	management-consultant	engineer	only isco
single	management-consultant	epidemiologist	only isco
single	management-consultant	hearer	only isco
single	management-consultant	immunologist	only isco
single	management-consultant	organism	only wordnet
single	management-consultant	person	only wordnet
single	management-consultant	physical-object	only wordnet
single	management-consultant	professional	only isco
single	management-consultant	property	only sumo
single	management-consultant	research-worker	only isco
single	management-consultant	scientist	only isco
single	management-consultant	specialist	only isco
single	management-consultant	systems-analyst	only isco
single	management-consultant	worker	only isco
single	management-consultant	writer	only isco
single	manicurist	adjutant	only isco
single	manicurist	agent	only wordnet
single	manicurist	attribute	only sumo
single	manicurist	beautician	only wordnet
single	manicurist	bodyguard	only isco
single	manicurist	concierge	only isco
single	manicurist	craftsman	only wordnet
single	manicurist	guard	only isco
single	manicurist	host	only isco
single	manicurist	hostess	only isco
single	manicurist	organism	only wordnet
single	manicurist	person	only wordnet
single	manicurist	physical-object	only wordnet
single	manicurist	property	only sumo
single	manicurist	skilled-worker	only wordnet
single	manicurist	stewardess	only isco
single	mannequin	adjutant	only isco
single	mannequin	bodyguard	only isco
single	mannequin	concierge	only isco
single	mannequin	hostess	only isco
single	manservant	adjutant	only isco
single	manservant	agent	only wordnet
single	manservant	attribute	only sumo
single	manservant	bodyguard	only isco
single	manservant	concierge	only isco
single	manservant	guard	only isco
single	manservant	host	only isco
single	manservant	hostess	only isco
single	manservant	organism	only wordnet
single	manservant	person	only wordnet
single	manservant	physical-object	only wordnet
single	manservant	property	only sumo
single	manservant	stewardess	only isco
single	manufacturer	maker	only wordnet
single	marine-engineer	adviser	only isco
single	marine-engineer	agent	only wordnet
single	marine-engineer	analyst.person	only isco
single	marine-engineer	architect	only isco
single	marine-engineer	artist	only isco
single	marine-engineer	copywriter	only isco
single	marine-engineer	developer	only isco
single	marine-engineer	educator	only isco
single	marine-engineer	epidemiologist	only isco
single	marine-engineer	expert	only isco
single	marine-engineer	hearer	only isco
single	marine-engineer	immunologist	only isco
single	marine-engineer	organism	only wordnet
single	marine-engineer	person	only wordnet
single	marine-engineer	physical-object	only wordnet
single	marine-engineer	professional	only isco
single	marine-engineer	research-worker	only isco
single	marine-engineer	scientist	only isco
single	marine-engineer	specialist	only isco
single	marine-engineer	surveyor	only isco
single	marine-engineer	systems-analyst	only isco
single	marine-engineer	worker	only isco
single	marine-engineer	writer	only isco
single	market-analyst	adviser	only isco
single	market-analyst	agent	only wordnet
single	market-analyst	analyst.person	only isco
single	market-analyst	architect	only isco
single	market-analyst	artist	only isco
single	market-analyst	attribute	only sumo
single	market-analyst	copywriter	only isco
single	market-analyst	developer	only isco
single	market-analyst	educator	only isco
single	market-analyst	engineer	only isco
single	market-analyst	epidemiologist	only isco
single	market-analyst	executive-director	only isco
single	market-analyst	hearer	only isco
single	market-analyst	immunologist	only isco
single	market-analyst	organism	only wordnet
single	market-analyst	person	only wordnet
single	market-analyst	physical-object	only wordnet
single	market-analyst	professional	only isco
single	market-analyst	property	only sumo
single	market-analyst	research-worker	only isco
single	market-analyst	scientist	only isco
single	market-analyst	specialist	only isco
single	market-analyst	systems-analyst	only isco
single	market-analyst	worker	only isco
single	market-analyst	writer	only isco
single	mason	agent	only wordnet
single	mason	attribute	only sumo
single	mason	beater	only isco
single	mason	blaster	only isco
single	mason	bodybuilder	only isco
single	mason	cabinetmaker	only isco
single	mason	caster.person	only isco
single	mason	compositor	only isco
single	mason	engraver	only isco
single	mason	fitter	only isco
single	mason	glassworker	only isco
single	mason	ironworker	only isco
single	mason	machinist	only isco
single	mason	maker	only isco
single	mason	mender	only isco
single	mason	organism	only wordnet
single	mason	painter	only isco
single	mason	person	only wordnet
single	mason	physical-object	only wordnet
single	mason	property	only sumo
single	mason	refinisher	only isco
single	mason	rigger	only isco
single	mason	shipwright	only isco
single	mason	skilled-worker	only wordnet
single	mason	smith	only isco
single	mason	splitter	only isco
single	mason	sprayer	only isco
single	mason	stonecutter	only isco
single	mason	tuner	only isco
single	mason	varnisher	only isco
single	mason	welder	only isco
single	mason	woodcarver	only isco
single	mate	agent	only wordnet
single	mate	cameraman	only isco
single	mate	detective	only isco
single	mate	employee	only wikidata
single	mate	inspector	only isco
single	mate	man	only isco
single	mate	organism	only wordnet
single	mate	paralegal	only isco
single	mate	person	only wordnet
single	mate	physical-object	only wordnet
single	mate	pilot	only isco
single	mate	promoter	only isco
single	mate	sailing-master	only isco
single	mate	sailor	only wordnet
single	mate	skilled-worker	only wordnet
single	mate	supervisor	only isco
single	mate	technician	only isco
single	mate	warrior	only wikidata
single	mate	woman	only isco
single	matron	adult	only wordnet
single	matron	animal	only sumo
single	matron	body	only sumo
single	matron	chief	only isco
single	matron	general-manager	only isco
single	matron	governor	only isco
single	matron	human	only sumo
single	matron	lady	only sumo
single	matron	mammal	only sumo
single	matron	manager	only isco
single	matron	populace	only sumo
single	matron	relative	only wordnet
single	matron	self	only sumo
single	matron	species	only sumo
single	matron	spouse	only wordnet
single	matron	vertebrate	only sumo
single	matron	wife	only wordnet
single	matron	worker	only isco
single	mayor	chancellor-of-the-exchequer	only isco
single	mayor	general-manager	only isco
single	mayor	president.person	only isco
single	mayor	secretary-general	only isco
single	mechanical-engineer	adult	only opencyc
single	mechanical-engineer	adviser	only isco
single	mechanical-engineer	agent	only wordnet
single	mechanical-engineer	analyst.person	only isco
single	mechanical-engineer	architect	only isco
single	mechanical-engineer	artist	only isco
single	mechanical-engineer	attribute	only sumo
single	mechanical-engineer	copywriter	only isco
single	mechanical-engineer	developer	only isco
single	mechanical-engineer	educator	only isco
single	mechanical-engineer	epidemiologist	only isco
single	mechanical-engineer	expert	only isco
single	mechanical-engineer	hearer	only isco
single	mechanical-engineer	human	only opencyc
single	mechanical-engineer	immunologist	only isco
single	mechanical-engineer	mammal	only opencyc
single	mechanical-engineer	organism	only wordnet
single	mechanical-engineer	person	only wordnet
single	mechanical-engineer	physical-object	only wordnet
single	mechanical-engineer	property	only sumo
single	mechanical-engineer	research-worker	only isco
single	mechanical-engineer	scientist	only isco
single	mechanical-engineer	skilled-worker	only opencyc
single	mechanical-engineer	specialist	only isco
single	mechanical-engineer	structure	only opencyc
single	mechanical-engineer	surveyor	only isco
single	mechanical-engineer	system	only opencyc
single	mechanical-engineer	systems-analyst	only isco
single	mechanical-engineer	vertebrate	only opencyc
single	mechanical-engineer	writer	only isco
single	mediator	adviser	only isco
single	mediator	agent	only wordnet
single	mediator	analyst.person	only isco
single	mediator	architect	only isco
single	mediator	artist	only isco
single	mediator	attribute	only sumo
single	mediator	communicator	only wordnet
single	mediator	copywriter	only isco
single	mediator	developer	only isco
single	mediator	educator	only isco
single	mediator	engineer	only isco
single	mediator	epidemiologist	only isco
single	mediator	expert	only isco
single	mediator	hearer	only isco
single	mediator	immunologist	only isco
single	mediator	judge	only wikidata
single	mediator	jurist	only wikidata
single	mediator	organism	only wordnet
single	mediator	person	only wordnet
single	mediator	physical-object	only wordnet
single	mediator	property	only sumo
single	mediator	research-worker	only isco
single	mediator	scientist	only isco
single	mediator	systems-analyst	only isco
single	mediator	writer	only isco
single	medical-scientist	adviser	only isco
single	medical-scientist	agent	only wordnet
single	medical-scientist	analyst.person	only isco
single	medical-scientist	architect	only isco
single	medical-scientist	artist	only isco
single	medical-scientist	attribute	only sumo
single	medical-scientist	copywriter	only isco
single	medical-scientist	developer	only isco
single	medical-scientist	educator	only isco
single	medical-scientist	engineer	only isco
single	medical-scientist	expert	only isco
single	medical-scientist	hearer	only isco
single	medical-scientist	organism	only wordnet
single	medical-scientist	person	only wordnet
single	medical-scientist	physical-object	only wordnet
single	medical-scientist	professional	only isco
single	medical-scientist	property	only sumo
single	medical-scientist	specialist	only isco
single	medical-scientist	surveyor	only isco
single	medical-scientist	systems-analyst	only isco
single	medical-scientist	worker	only isco
single	medical-scientist	writer	only isco
single	member	associate	only wordnet
single	member	general-manager	only isco
single	mender	agent	only wordnet
single	mender	attribute	only sumo
single	mender	organism	only wordnet
single	mender	person	only wordnet
single	mender	physical-object	only wordnet
single	mender	property	only sumo
single	mender	skilled-worker	only wordnet
single	metallurgist	adviser	only isco
single	metallurgist	agent	only wordnet
single	metallurgist	analyst.person	only isco
single	metallurgist	architect	only isco
single	metallurgist	artist	only isco
single	metallurgist	copywriter	only isco
single	metallurgist	developer	only isco
single	metallurgist	educator	only isco
single	metallurgist	epidemiologist	only isco
single	metallurgist	expert	only isco
single	metallurgist	hearer	only isco
single	metallurgist	immunologist	only isco
single	metallurgist	organism	only wordnet
single	metallurgist	person	only wordnet
single	metallurgist	physical-object	only wordnet
single	metallurgist	professional	only isco
single	metallurgist	research-worker	only isco
single	metallurgist	scientist	only isco
single	metallurgist	specialist	only isco
single	metallurgist	surveyor	only isco
single	metallurgist	systems-analyst	only isco
single	metallurgist	worker	only isco
single	metallurgist	writer	only isco
single	meteorologist	adult	only opencyc
single	meteorologist	adviser	only isco
single	meteorologist	agent	only wordnet
single	meteorologist	analyst.person	only isco
single	meteorologist	architect	only isco
single	meteorologist	artist	only isco
single	meteorologist	attribute	only sumo
single	meteorologist	copywriter	only isco
single	meteorologist	developer	only isco
single	meteorologist	educator	only isco
single	meteorologist	engineer	only isco
single	meteorologist	epidemiologist	only isco
single	meteorologist	hearer	only isco
single	meteorologist	human	only opencyc
single	meteorologist	immunologist	only isco
single	meteorologist	mammal	only opencyc
single	meteorologist	organism	only wordnet
single	meteorologist	person	only wordnet
single	meteorologist	physical-object	only wordnet
single	meteorologist	professional	only isco
single	meteorologist	property	only sumo
single	meteorologist	research-worker	only isco
single	meteorologist	structure	only opencyc
single	meteorologist	surveyor	only isco
single	meteorologist	system	only opencyc
single	meteorologist	systems-analyst	only isco
single	meteorologist	vertebrate	only opencyc
single	meteorologist	writer	only isco
single	microbiologist	adult	only opencyc
single	microbiologist	adviser	only isco
single	microbiologist	agent	only wordnet
single	microbiologist	analyst.person	only isco
single	microbiologist	architect	only isco
single	microbiologist	artist	only isco
single	microbiologist	copywriter	only isco
single	microbiologist	developer	only isco
single	microbiologist	educator	only isco
single	microbiologist	engineer	only isco
single	microbiologist	epidemiologist	only isco
single	microbiologist	expert	only isco
single	microbiologist	hearer	only isco
single	microbiologist	human	only opencyc
single	microbiologist	immunologist	only isco
single	microbiologist	mammal	only opencyc
single	microbiologist	organism	only wordnet
single	microbiologist	person	only wordnet
single	microbiologist	physical-object	only wordnet
single	microbiologist	professional	only isco
single	microbiologist	specialist	only isco
single	microbiologist	structure	only opencyc
single	microbiologist	surveyor	only isco
single	microbiologist	system	only opencyc
single	microbiologist	systems-analyst	only isco
single	microbiologist	toxicologist	only isco
single	microbiologist	vertebrate	only opencyc
single	microbiologist	writer	only isco
single	middleman	communicator	only wordnet
single	millwright	agent	only wordnet
single	millwright	attribute	only sumo
single	millwright	beater	only isco
single	millwright	blaster	only isco
single	millwright	bodybuilder	only isco
single	millwright	cabinetmaker	only isco
single	millwright	caster.person	only isco
single	millwright	compositor	only isco
single	millwright	engraver	only isco
single	millwright	fitter	only isco
single	millwright	glassworker	only isco
single	millwright	ironworker	only isco
single	millwright	machinist	only isco
single	millwright	maker	only isco
single	millwright	mender	only isco
single	millwright	organism	only wordnet
single	millwright	painter	only isco
single	millwright	person	only wordnet
single	millwright	physical-object	only wordnet
single	millwright	property	only sumo
single	millwright	refinisher	only isco
single	millwright	rigger	only isco
single	millwright	shipwright	only isco
single	millwright	skilled-worker	only wordnet
single	millwright	smith	only isco
single	millwright	splitter	only isco
single	millwright	sprayer	only isco
single	millwright	stonecutter	only isco
single	millwright	tuner	only isco
single	millwright	varnisher	only isco
single	millwright	welder	only isco
single	millwright	woodcarver	only isco
single	mime	analyst.person	only isco
single	mime	copywriter	only isco
single	mime	developer	only isco
single	mime	editor	only isco
single	mime	educator	only isco
single	mime	epidemiologist	only isco
single	mime	hearer	only isco
single	mime	immunologist	only isco
single	mime	skilled-worker	only opencyc
single	mime	sports-announcer	only isco
single	mime	systems-analyst	only isco
single	mime	translator	only isco
single	miner	digger	only isco
single	miner	operator	only isco
single	miner	skilled-worker	only opencyc
single	mineralogist	adviser	only isco
single	mineralogist	agent	only wordnet
single	mineralogist	analyst.person	only isco
single	mineralogist	architect	only isco
single	mineralogist	artist	only isco
single	mineralogist	attribute	only sumo
single	mineralogist	copywriter	only isco
single	mineralogist	developer	only isco
single	mineralogist	educator	only isco
single	mineralogist	engineer	only isco
single	mineralogist	epidemiologist	only isco
single	mineralogist	expert	only isco
single	mineralogist	geologist	only wikidata
single	mineralogist	hearer	only isco
single	mineralogist	immunologist	only isco
single	mineralogist	organism	only wordnet
single	mineralogist	person	only wordnet
single	mineralogist	physical-object	only wordnet
single	mineralogist	professional	only isco
single	mineralogist	property	only sumo
single	mineralogist	research-worker	only isco
single	mineralogist	specialist	only isco
single	mineralogist	surveyor	only isco
single	mineralogist	systems-analyst	only isco
single	mineralogist	worker	only isco
single	mineralogist	writer	only isco
single	mining-engineer	adviser	only isco
single	mining-engineer	agent	only wordnet
single	mining-engineer	analyst.person	only isco
single	mining-engineer	architect	only isco
single	mining-engineer	artist	only isco
single	mining-engineer	copywriter	only isco
single	mining-engineer	developer	only isco
single	mining-engineer	educator	only isco
single	mining-engineer	epidemiologist	only isco
single	mining-engineer	expert	only isco
single	mining-engineer	hearer	only isco
single	mining-engineer	immunologist	only isco
single	mining-engineer	organism	only wordnet
single	mining-engineer	person	only wordnet
single	mining-engineer	physical-object	only wordnet
single	mining-engineer	professional	only isco
single	mining-engineer	research-worker	only isco
single	mining-engineer	scientist	only isco
single	mining-engineer	specialist	only isco
single	mining-engineer	surveyor	only isco
single	mining-engineer	systems-analyst	only isco
single	mining-engineer	writer	only isco
single	minister	executive-director	only wordnet
single	minister	general-manager	only isco
single	minister	president.person	only isco
single	minister	secretary-general	only isco
single	minister	skilled-worker	only opencyc
single	missionary	adult	only wordnet
single	missionary	adviser	only isco
single	missionary	agent	only wordnet
single	missionary	analyst.person	only isco
single	missionary	architect	only isco
single	missionary	artist	only isco
single	missionary	attribute	only sumo
single	missionary	copywriter	only isco
single	missionary	developer	only isco
single	missionary	editor	only isco
single	missionary	engineer	only isco
single	missionary	epidemiologist	only isco
single	missionary	expert	only isco
single	missionary	hearer	only isco
single	missionary	immunologist	only isco
single	missionary	organism	only wordnet
single	missionary	person	only wordnet
single	missionary	physical-object	only wordnet
single	missionary	property	only sumo
single	missionary	reporter	only isco
single	missionary	research-worker	only isco
single	missionary	scientist	only isco
single	missionary	specialist	only isco
single	missionary	sports-announcer	only isco
single	missionary	systems-analyst	only isco
single	missionary	teacher	only wordnet
single	missionary	translator	only isco
single	missionary	worker	only isco
single	missionary	writer	only isco
single	molecular-biologist	adviser	only isco
single	molecular-biologist	agent	only wordnet
single	molecular-biologist	analyst.person	only isco
single	molecular-biologist	architect	only isco
single	molecular-biologist	artist	only isco
single	molecular-biologist	copywriter	only isco
single	molecular-biologist	developer	only isco
single	molecular-biologist	educator	only isco
single	molecular-biologist	engineer	only isco
single	molecular-biologist	epidemiologist	only isco
single	molecular-biologist	expert	only isco
single	molecular-biologist	hearer	only isco
single	molecular-biologist	immunologist	only isco
single	molecular-biologist	organism	only wordnet
single	molecular-biologist	person	only wordnet
single	molecular-biologist	physical-object	only wordnet
single	molecular-biologist	professional	only isco
single	molecular-biologist	specialist	only isco
single	molecular-biologist	surveyor	only isco
single	molecular-biologist	systems-analyst	only isco
single	molecular-biologist	toxicologist	only isco
single	molecular-biologist	worker	only isco
single	molecular-biologist	writer	only isco
single	monk	cameraman	only isco
single	monk	inspector	only isco
single	monk	paralegal	only isco
single	monk	promoter	only isco
single	monk	technician	only isco
single	monsignor	adviser	only isco
single	monsignor	agent	only wordnet
single	monsignor	analyst.person	only isco
single	monsignor	architect	only isco
single	monsignor	artist	only isco
single	monsignor	copywriter	only isco
single	monsignor	developer	only isco
single	monsignor	editor	only isco
single	monsignor	educator	only isco
single	monsignor	engineer	only isco
single	monsignor	epidemiologist	only isco
single	monsignor	expert	only isco
single	monsignor	hearer	only isco
single	monsignor	human	only opencyc
single	monsignor	immunologist	only isco
single	monsignor	leader	only wordnet
single	monsignor	mammal	only opencyc
single	monsignor	organism	only wordnet
single	monsignor	person	only wordnet
single	monsignor	physical-object	only wordnet
single	monsignor	priest	only wordnet
single	monsignor	professional	only isco
single	monsignor	property	only sumo
single	monsignor	reporter	only isco
single	monsignor	research-worker	only isco
single	monsignor	scientist	only isco
single	monsignor	specialist	only isco
single	monsignor	sports-announcer	only isco
single	monsignor	state	only wordnet
single	monsignor	status	only wordnet
single	monsignor	structure	only opencyc
single	monsignor	system	only opencyc
single	monsignor	systems-analyst	only isco
single	monsignor	translator	only isco
single	monsignor	vertebrate	only opencyc
single	monsignor	worker	only isco
single	monsignor	writer	only isco
single	mortician	adjutant	only isco
single	mortician	agent	only wordnet
single	mortician	attribute	only sumo
single	mortician	bodyguard	only isco
single	mortician	concierge	only isco
single	mortician	guard	only isco
single	mortician	host	only isco
single	mortician	hostess	only isco
single	mortician	organism	only wordnet
single	mortician	person	only wordnet
single	mortician	physical-object	only wordnet
single	mortician	property	only sumo
single	mortician	skilled-worker	only wordnet
single	mortician	stewardess	only isco
single	mother	analyst.person	only isco
single	mother	copywriter	only isco
single	mother	developer	only isco
single	mother	editor	only isco
single	mother	educator	only isco
single	mother	epidemiologist	only isco
single	mother	hearer	only isco
single	mother	immunologist	only isco
single	mother	sports-announcer	only isco
single	mother	systems-analyst	only isco
single	mother	translator	only isco
single	motorist	operator	only wordnet
single	mounter	animal	only sumo
single	mounter	beater	only isco
single	mounter	blaster	only isco
single	mounter	body	only sumo
single	mounter	bodybuilder	only isco
single	mounter	cabinetmaker	only isco
single	mounter	caster.person	only isco
single	mounter	compositor	only isco
single	mounter	craftsman	only isco
single	mounter	engraver	only isco
single	mounter	fitter	only isco
single	mounter	glassworker	only isco
single	mounter	human	only sumo
single	mounter	ironworker	only isco
single	mounter	machinist	only isco
single	mounter	maker	only isco
single	mounter	mammal	only sumo
single	mounter	mender	only isco
single	mounter	painter	only isco
single	mounter	populace	only sumo
single	mounter	refinisher	only isco
single	mounter	rigger	only isco
single	mounter	self	only sumo
single	mounter	shipwright	only isco
single	mounter	skilled-worker	only wordnet
single	mounter	smith	only isco
single	mounter	species	only sumo
single	mounter	splitter	only isco
single	mounter	sprayer	only isco
single	mounter	stonecutter	only isco
single	mounter	tuner	only isco
single	mounter	varnisher	only isco
single	mounter	vertebrate	only sumo
single	mounter	welder	only isco
single	mounter	woodcarver	only isco
single	mover	agent	only wordnet
single	mover	animal	only wikidata
single	mover	animal-trainer	only isco
single	mover	attribute	only sumo
single	mover	employee	only wordnet
single	mover	girl	only isco
single	mover	hired-hand	only isco
single	mover	human	only opencyc
single	mover	laborer	only isco
single	mover	male-child	only isco
single	mover	mammal	only opencyc
single	mover	packer	only isco
single	mover	person	only wordnet
single	mover	picker	only isco
single	mover	porter	only isco
single	mover	property	only sumo
single	mover	stacker	only isco
single	mover	stevedore	only isco
single	mover	structure	only opencyc
single	mover	sweeper	only isco
single	mover	system	only opencyc
single	mover	vertebrate	only opencyc
single	mover	washer.person	only isco
single	mover	window-washer	only isco
single	mufti	adult	only opencyc
single	mufti	adviser	only isco
single	mufti	agent	only wordnet
single	mufti	analyst.person	only isco
single	mufti	architect	only isco
single	mufti	artist	only isco
single	mufti	attribute	only sumo
single	mufti	copywriter	only isco
single	mufti	developer	only isco
single	mufti	editor	only isco
single	mufti	educator	only isco
single	mufti	engineer	only isco
single	mufti	epidemiologist	only isco
single	mufti	hearer	only isco
single	mufti	human	only opencyc
single	mufti	immunologist	only isco
single	mufti	judge	only opencyc
single	mufti	jurist	only wordnet
single	mufti	mammal	only opencyc
single	mufti	organism	only wordnet
single	mufti	person	only wordnet
single	mufti	physical-object	only wordnet
single	mufti	property	only sumo
single	mufti	reporter	only isco
single	mufti	research-worker	only isco
single	mufti	scientist	only isco
single	mufti	skilled-worker	only opencyc
single	mufti	specialist	only isco
single	mufti	sports-announcer	only isco
single	mufti	structure	only opencyc
single	mufti	system	only opencyc
single	mufti	systems-analyst	only isco
single	mufti	translator	only isco
single	mufti	vertebrate	only opencyc
single	mufti	writer	only isco
single	murderer	accomplishment	only sumo
single	murderer	act	only sumo
single	murderer	activity	only sumo
single	murderer	adviser	only isco
single	murderer	agent	only wordnet
single	murderer	analyst.person	only isco
single	murderer	architect	only isco
single	murderer	artist	only isco
single	murderer	copywriter	only isco
single	murderer	destruction	only sumo
single	murderer	developer	only isco
single	murderer	educator	only isco
single	murderer	engineer	only isco
single	murderer	epidemiologist	only isco
single	murderer	event	only sumo
single	murderer	expert	only isco
single	murderer	hearer	only isco
single	murderer	human	only opencyc
single	murderer	immunologist	only isco
single	murderer	killer	only wordnet
single	murderer	mammal	only opencyc
single	murderer	organism	only wordnet
single	murderer	physical-object	only wordnet
single	murderer	procedure	only sumo
single	murderer	professional	only isco
single	murderer	research-worker	only isco
single	murderer	scientist	only isco
single	murderer	specialist	only isco
single	murderer	structure	only opencyc
single	murderer	system	only opencyc
single	murderer	systems-analyst	only isco
single	murderer	vertebrate	only opencyc
single	murderer	volition	only sumo
single	murderer	writer	only isco
single	music-director	adjutant	only isco
single	music-director	bodyguard	only isco
single	music-director	concierge	only isco
single	music-director	hostess	only isco
single	music-director	instrumentalist	only wikidata
single	music-director	stewardess	only isco
single	music-teacher	adult	only wordnet
single	music-teacher	adviser	only isco
single	music-teacher	agent	only wordnet
single	music-teacher	analyst.person	only isco
single	music-teacher	architect	only isco
single	music-teacher	artist	only isco
single	music-teacher	attribute	only sumo
single	music-teacher	coach	only isco
single	music-teacher	copywriter	only isco
single	music-teacher	developer	only isco
single	music-teacher	engineer	only isco
single	music-teacher	epidemiologist	only isco
single	music-teacher	expert	only isco
single	music-teacher	hearer	only isco
single	music-teacher	immunologist	only isco
single	music-teacher	lector	only isco
single	music-teacher	organism	only wordnet
single	music-teacher	person	only wordnet
single	music-teacher	physical-object	only wordnet
single	music-teacher	property	only sumo
single	music-teacher	research-worker	only isco
single	music-teacher	schoolmarm	only isco
single	music-teacher	scientist	only isco
single	music-teacher	specialist	only isco
single	music-teacher	systems-analyst	only isco
single	music-teacher	worker	only isco
single	music-teacher	writer	only isco
single	musicologist	adviser	only isco
single	musicologist	analyst.person	only isco
single	musicologist	animal	only sumo
single	musicologist	architect	only isco
single	musicologist	artist	only isco
single	musicologist	body	only sumo
single	musicologist	copywriter	only isco
single	musicologist	developer	only isco
single	musicologist	editor	only isco
single	musicologist	educator	only isco
single	musicologist	engineer	only isco
single	musicologist	epidemiologist	only isco
single	musicologist	expert	only isco
single	musicologist	hearer	only isco
single	musicologist	human	only sumo
single	musicologist	immunologist	only isco
single	musicologist	mammal	only sumo
single	musicologist	populace	only sumo
single	musicologist	professional	only isco
single	musicologist	reporter	only isco
single	musicologist	research-worker	only isco
single	musicologist	scholar	only wordnet
single	musicologist	scientist	only isco
single	musicologist	self	only sumo
single	musicologist	specialist	only isco
single	musicologist	species	only sumo
single	musicologist	sports-announcer	only isco
single	musicologist	systems-analyst	only isco
single	musicologist	translator	only isco
single	musicologist	vertebrate	only sumo
single	musicologist	worker	only isco
single	musicologist	writer	only isco
single	mycologist	adviser	only isco
single	mycologist	agent	only wordnet
single	mycologist	analyst.person	only isco
single	mycologist	architect	only isco
single	mycologist	artist	only isco
single	mycologist	attribute	only sumo
single	mycologist	copywriter	only isco
single	mycologist	developer	only isco
single	mycologist	educator	only isco
single	mycologist	engineer	only isco
single	mycologist	epidemiologist	only isco
single	mycologist	expert	only isco
single	mycologist	hearer	only isco
single	mycologist	immunologist	only isco
single	mycologist	organism	only wordnet
single	mycologist	person	only wordnet
single	mycologist	physical-object	only wordnet
single	mycologist	professional	only isco
single	mycologist	property	only sumo
single	mycologist	specialist	only isco
single	mycologist	surveyor	only isco
single	mycologist	systems-analyst	only isco
single	mycologist	toxicologist	only isco
single	mycologist	worker	only isco
single	mycologist	writer	only isco
single	nailer	animal	only sumo
single	nailer	beater	only isco
single	nailer	blacksmith	only wikidata
single	nailer	blaster	only isco
single	nailer	body	only sumo
single	nailer	bodybuilder	only isco
single	nailer	cabinetmaker	only isco
single	nailer	caster.person	only isco
single	nailer	compositor	only isco
single	nailer	dressmaker	only isco
single	nailer	engraver	only isco
single	nailer	fitter	only isco
single	nailer	glassworker	only isco
single	nailer	human	only sumo
single	nailer	ironworker	only isco
single	nailer	machinist	only isco
single	nailer	maker	only isco
single	nailer	mammal	only sumo
single	nailer	mender	only isco
single	nailer	painter	only isco
single	nailer	populace	only sumo
single	nailer	refinisher	only isco
single	nailer	rigger	only isco
single	nailer	self	only sumo
single	nailer	shipwright	only isco
single	nailer	smith	only isco
single	nailer	species	only sumo
single	nailer	splitter	only isco
single	nailer	sprayer	only isco
single	nailer	stainer	only isco
single	nailer	stonecutter	only isco
single	nailer	tuner	only isco
single	nailer	varnisher	only isco
single	nailer	vertebrate	only sumo
single	nailer	welder	only isco
single	nailer	woodcarver	only isco
single	nanny	adjutant	only isco
single	nanny	adult	only wordnet
single	nanny	agent	only wordnet
single	nanny	ayah	only isco
single	nanny	bodyguard	only isco
single	nanny	concierge	only isco
single	nanny	guard	only isco
single	nanny	host	only isco
single	nanny	hostess	only isco
single	nanny	human	only opencyc
single	nanny	maid	only wikidata
single	nanny	mammal	only opencyc
single	nanny	organism	only wordnet
single	nanny	person	only wordnet
single	nanny	physical-object	only wordnet
single	nanny	servant	only wikidata
single	nanny	structure	only opencyc
single	nanny	system	only opencyc
single	nanny	vertebrate	only opencyc
single	nanny	woman	only wordnet
single	narrator	adviser	only isco
single	narrator	analyst.person	only isco
single	narrator	animal	only sumo
single	narrator	architect	only isco
single	narrator	body	only sumo
single	narrator	communicator	only wordnet
single	narrator	copywriter	only isco
single	narrator	developer	only isco
single	narrator	editor	only isco
single	narrator	educator	only isco
single	narrator	engineer	only isco
single	narrator	epidemiologist	only isco
single	narrator	expert	only isco
single	narrator	hearer	only isco
single	narrator	immunologist	only isco
single	narrator	populace	only sumo
single	narrator	reporter	only isco
single	narrator	research-worker	only isco
single	narrator	scientist	only isco
single	narrator	self	only sumo
single	narrator	skilled-worker	only opencyc
single	narrator	speaker	only wordnet
single	narrator	specialist	only isco
single	narrator	species	only sumo
single	narrator	sports-announcer	only isco
single	narrator	structure	only opencyc
single	narrator	system	only opencyc
single	narrator	systems-analyst	only isco
single	narrator	translator	only isco
single	narrator	writer	only isco
single	naturopath	adviser	only isco
single	naturopath	agent	only wordnet
single	naturopath	analyst.person	only isco
single	naturopath	architect	only isco
single	naturopath	artist	only isco
single	naturopath	attribute	only sumo
single	naturopath	copywriter	only isco
single	naturopath	developer	only isco
single	naturopath	doctor	only isco
single	naturopath	educator	only isco
single	naturopath	engineer	only isco
single	naturopath	epidemiologist	only isco
single	naturopath	hearer	only isco
single	naturopath	immunologist	only isco
single	naturopath	organism	only wordnet
single	naturopath	person	only wordnet
single	naturopath	physical-object	only wordnet
single	naturopath	professional	only isco
single	naturopath	property	only sumo
single	naturopath	research-worker	only isco
single	naturopath	scientist	only isco
single	naturopath	specialist	only isco
single	naturopath	surgeon	only isco
single	naturopath	systems-analyst	only isco
single	naturopath	therapist	only wordnet
single	naturopath	worker	only isco
single	naturopath	writer	only isco
single	newcomer	traveler	only wordnet
single	notary	adviser	only isco
single	notary	agent	only wordnet
single	notary	analyst.person	only isco
single	notary	architect	only isco
single	notary	artist	only isco
single	notary	copywriter	only isco
single	notary	developer	only isco
single	notary	editor	only isco
single	notary	educator	only isco
single	notary	engineer	only isco
single	notary	epidemiologist	only isco
single	notary	expert	only isco
single	notary	hearer	only isco
single	notary	immunologist	only isco
single	notary	jurist	only isco
single	notary	official	only wordnet
single	notary	organism	only wordnet
single	notary	organization	only schemaorg
single	notary	person	only wordnet
single	notary	physical-object	only wordnet
single	notary	place	only schemaorg
single	notary	reporter	only isco
single	notary	research-worker	only isco
single	notary	scientist	only isco
single	notary	skilled-worker	only wordnet
single	notary	sports-announcer	only isco
single	notary	systems-analyst	only isco
single	notary	translator	only isco
single	notary	writer	only isco
single	novelist	adviser	only isco
single	novelist	agent	only wordnet
single	novelist	analyst.person	only isco
single	novelist	architect	only isco
single	novelist	attribute	only sumo
single	novelist	copywriter	only isco
single	novelist	developer	only isco
single	novelist	editor	only isco
single	novelist	educator	only isco
single	novelist	engineer	only isco
single	novelist	epidemiologist	only isco
single	novelist	expert	only isco
single	novelist	hearer	only isco
single	novelist	human	only opencyc
single	novelist	immunologist	only isco
single	novelist	mammal	only opencyc
single	novelist	organism	only wordnet
single	novelist	physical-object	only wordnet
single	novelist	professional	only isco
single	novelist	property	only sumo
single	novelist	reporter	only isco
single	novelist	research-worker	only isco
single	novelist	scientist	only isco
single	novelist	specialist	only isco
single	novelist	sports-announcer	only isco
single	novelist	structure	only opencyc
single	novelist	system	only opencyc
single	novelist	systems-analyst	only isco
single	novelist	translator	only isco
single	novelist	vertebrate	only opencyc
single	nuclear-physicist	adviser	only isco
single	nuclear-physicist	agent	only wordnet
single	nuclear-physicist	analyst.person	only isco
single	nuclear-physicist	architect	only isco
single	nuclear-physicist	artist	only isco
single	nuclear-physicist	copywriter	only isco
single	nuclear-physicist	developer	only isco
single	nuclear-physicist	educator	only isco
single	nuclear-physicist	engineer	only isco
single	nuclear-physicist	epidemiologist	only isco
single	nuclear-physicist	expert	only isco
single	nuclear-physicist	hearer	only isco
single	nuclear-physicist	immunologist	only isco
single	nuclear-physicist	organism	only wordnet
single	nuclear-physicist	person	only wordnet
single	nuclear-physicist	physical-object	only wordnet
single	nuclear-physicist	professional	only isco
single	nuclear-physicist	specialist	only isco
single	nuclear-physicist	surveyor	only isco
single	nuclear-physicist	systems-analyst	only isco
single	nuclear-physicist	worker	only isco
single	nuclear-physicist	writer	only isco
single	numerologist	adjutant	only isco
single	numerologist	animal	only sumo
single	numerologist	body	only sumo
single	numerologist	bodyguard	only isco
single	numerologist	concierge	only isco
single	numerologist	guard	only isco
single	numerologist	host	only isco
single	numerologist	hostess	only isco
single	numerologist	human	only sumo
single	numerologist	mammal	only sumo
single	numerologist	populace	only sumo
single	numerologist	self	only sumo
single	numerologist	species	only sumo
single	numerologist	stewardess	only isco
single	numerologist	vertebrate	only sumo
single	numerologist	worker	only isco
single	nun	cameraman	only isco
single	nun	inspector	only isco
single	nun	paralegal	only isco
single	nun	promoter	only isco
single	nun	technician	only isco
single	nurse	analyst.person	only isco
single	nurse	copywriter	only isco
single	nurse	developer	only isco
single	nurse	educator	only isco
single	nurse	epidemiologist	only isco
single	nurse	hearer	only isco
single	nurse	immunologist	only isco
single	nurse	skilled-worker	only opencyc
single	nurse	systems-analyst	only isco
single	nursing-aide	adjutant	only isco
single	nursing-aide	agent	only wordnet
single	nursing-aide	aide	only wordnet
single	nursing-aide	assistant	only wordnet
single	nursing-aide	attribute	only sumo
single	nursing-aide	ayah	only isco
single	nursing-aide	bodyguard	only isco
single	nursing-aide	concierge	only isco
single	nursing-aide	guard	only isco
single	nursing-aide	host	only isco
single	nursing-aide	hostess	only isco
single	nursing-aide	organism	only wordnet
single	nursing-aide	person	only wordnet
single	nursing-aide	physical-object	only wordnet
single	nursing-aide	property	only sumo
single	observer	adviser	only isco
single	observer	analyst.person	only isco
single	observer	animal	only sumo
single	observer	architect	only isco
single	observer	artist	only isco
single	observer	body	only sumo
single	observer	copywriter	only isco
single	observer	critic	only wikidata
single	observer	developer	only isco
single	observer	editor	only isco
single	observer	educator	only isco
single	observer	engineer	only isco
single	observer	epidemiologist	only isco
single	observer	hearer	only isco
single	observer	immunologist	only isco
single	observer	populace	only sumo
single	observer	professional	only isco
single	observer	reporter	only isco
single	observer	research-worker	only isco
single	observer	scientist	only isco
single	observer	self	only sumo
single	observer	specialist	only isco
single	observer	species	only sumo
single	observer	structure	only opencyc
single	observer	system	only opencyc
single	observer	systems-analyst	only isco
single	observer	translator	only isco
single	observer	writer	only isco
single	oceanographer	adult	only opencyc
single	oceanographer	adviser	only isco
single	oceanographer	agent	only wordnet
single	oceanographer	analyst.person	only isco
single	oceanographer	architect	only isco
single	oceanographer	artist	only isco
single	oceanographer	attribute	only sumo
single	oceanographer	copywriter	only isco
single	oceanographer	developer	only isco
single	oceanographer	educator	only isco
single	oceanographer	engineer	only isco
single	oceanographer	epidemiologist	only isco
single	oceanographer	expert	only isco
single	oceanographer	hearer	only isco
single	oceanographer	human	only opencyc
single	oceanographer	immunologist	only isco
single	oceanographer	mammal	only opencyc
single	oceanographer	organism	only wordnet
single	oceanographer	person	only wordnet
single	oceanographer	physical-object	only wordnet
single	oceanographer	professional	only isco
single	oceanographer	property	only sumo
single	oceanographer	research-worker	only isco
single	oceanographer	specialist	only isco
single	oceanographer	structure	only opencyc
single	oceanographer	surveyor	only isco
single	oceanographer	system	only opencyc
single	oceanographer	systems-analyst	only isco
single	oceanographer	vertebrate	only opencyc
single	oceanographer	writer	only isco
single	official	skilled-worker	only wordnet
single	operator	adult	only opencyc
single	operator	agent	only wordnet
single	operator	attribute	only sumo
single	operator	human	only opencyc
single	operator	mammal	only opencyc
single	operator	property	only sumo
single	operator	structure	only opencyc
single	operator	system	only opencyc
single	operator	vertebrate	only opencyc
single	optician	adult	only opencyc
single	optician	agent	only wordnet
single	optician	attribute	only sumo
single	optician	cameraman	only isco
single	optician	detective	only isco
single	optician	human	only opencyc
single	optician	inspector	only isco
single	optician	mammal	only opencyc
single	optician	man	only isco
single	optician	organism	only wordnet
single	optician	paralegal	only isco
single	optician	person	only wordnet
single	optician	physical-object	only wordnet
single	optician	professional	only opencyc
single	optician	promoter	only isco
single	optician	property	only sumo
single	optician	structure	only opencyc
single	optician	supervisor	only isco
single	optician	system	only opencyc
single	optician	technician	only isco
single	optician	vertebrate	only opencyc
single	optician	woman	only isco
single	optician	workplace	only wikidata
single	optometrist	adult	only opencyc
single	optometrist	adviser	only isco
single	optometrist	agent	only wordnet
single	optometrist	analyst.person	only isco
single	optometrist	architect	only isco
single	optometrist	artist	only isco
single	optometrist	attribute	only sumo
single	optometrist	copywriter	only isco
single	optometrist	developer	only isco
single	optometrist	doctor	only isco
single	optometrist	educator	only isco
single	optometrist	engineer	only isco
single	optometrist	epidemiologist	only isco
single	optometrist	hearer	only isco
single	optometrist	human	only opencyc
single	optometrist	immunologist	only isco
single	optometrist	mammal	only opencyc
single	optometrist	organism	only wordnet
single	optometrist	person	only wordnet
single	optometrist	physical-object	only wordnet
single	optometrist	property	only sumo
single	optometrist	research-worker	only isco
single	optometrist	scientist	only isco
single	optometrist	skilled-worker	only opencyc
single	optometrist	structure	only opencyc
single	optometrist	surgeon	only isco
single	optometrist	system	only opencyc
single	optometrist	systems-analyst	only isco
single	optometrist	vertebrate	only opencyc
single	optometrist	writer	only isco
single	orchestrator	adviser	only isco
single	orchestrator	agent	only wordnet
single	orchestrator	analyst.person	only isco
single	orchestrator	architect	only isco
single	orchestrator	attribute	only sumo
single	orchestrator	copywriter	only isco
single	orchestrator	developer	only isco
single	orchestrator	editor	only isco
single	orchestrator	educator	only isco
single	orchestrator	engineer	only isco
single	orchestrator	epidemiologist	only isco
single	orchestrator	expert	only isco
single	orchestrator	hearer	only isco
single	orchestrator	immunologist	only isco
single	orchestrator	instrumentalist	only wikidata
single	orchestrator	organism	only wordnet
single	orchestrator	physical-object	only wordnet
single	orchestrator	professional	only isco
single	orchestrator	property	only sumo
single	orchestrator	reporter	only isco
single	orchestrator	research-worker	only isco
single	orchestrator	scientist	only isco
single	orchestrator	specialist	only isco
single	orchestrator	sports-announcer	only isco
single	orchestrator	systems-analyst	only isco
single	orchestrator	translator	only isco
single	orchestrator	worker	only isco
single	orchestrator	writer	only isco
single	orderly	adjutant	only isco
single	orderly	agent	only wordnet
single	orderly	assistant	only wordnet
single	orderly	ayah	only isco
single	orderly	bodyguard	only isco
single	orderly	concierge	only isco
single	orderly	guard	only isco
single	orderly	host	only isco
single	orderly	hostess	only isco
single	orderly	nursing-aide	only isco
single	orderly	organism	only wordnet
single	orderly	physical-object	only wordnet
single	orderly.person	adjutant	only isco
single	orderly.person	agent	only wordnet
single	orderly.person	assistant	only wordnet
single	orderly.person	attribute	only sumo
single	orderly.person	ayah	only isco
single	orderly.person	bodyguard	only isco
single	orderly.person	concierge	only isco
single	orderly.person	guard	only isco
single	orderly.person	host	only isco
single	orderly.person	hostess	only isco
single	orderly.person	nursing-aide	only isco
single	orderly.person	organism	only wordnet
single	orderly.person	person	only wordnet
single	orderly.person	physical-object	only wordnet
single	orderly.person	property	only sumo
single	orderly.person	skilled-worker	only wordnet
single	orderly.person	soldier	only wordnet
single	organist	adviser	only isco
single	organist	agent	only wordnet
single	organist	analyst.person	only isco
single	organist	architect	only isco
single	organist	attribute	only sumo
single	organist	copywriter	only isco
single	organist	developer	only isco
single	organist	editor	only isco
single	organist	educator	only isco
single	organist	engineer	only isco
single	organist	epidemiologist	only isco
single	organist	expert	only isco
single	organist	hearer	only isco
single	organist	human	only opencyc
single	organist	immunologist	only isco
single	organist	mammal	only opencyc
single	organist	organism	only wordnet
single	organist	performer	only wordnet
single	organist	physical-object	only wordnet
single	organist	property	only sumo
single	organist	reporter	only isco
single	organist	research-worker	only isco
single	organist	scientist	only isco
single	organist	skilled-worker	only opencyc
single	organist	specialist	only isco
single	organist	sports-announcer	only isco
single	organist	structure	only opencyc
single	organist	system	only opencyc
single	organist	systems-analyst	only isco
single	organist	translator	only isco
single	organist	vertebrate	only opencyc
single	organist	writer	only isco
single	ornithologist	adult	only opencyc
single	ornithologist	adviser	only isco
single	ornithologist	agent	only wordnet
single	ornithologist	analyst.person	only isco
single	ornithologist	architect	only isco
single	ornithologist	artist	only isco
single	ornithologist	attribute	only sumo
single	ornithologist	copywriter	only isco
single	ornithologist	developer	only isco
single	ornithologist	educator	only isco
single	ornithologist	engineer	only isco
single	ornithologist	epidemiologist	only isco
single	ornithologist	expert	only isco
single	ornithologist	hearer	only isco
single	ornithologist	human	only opencyc
single	ornithologist	immunologist	only isco
single	ornithologist	mammal	only opencyc
single	ornithologist	organism	only wordnet
single	ornithologist	person	only wordnet
single	ornithologist	physical-object	only wordnet
single	ornithologist	professional	only isco
single	ornithologist	property	only sumo
single	ornithologist	specialist	only isco
single	ornithologist	structure	only opencyc
single	ornithologist	surveyor	only isco
single	ornithologist	system	only opencyc
single	ornithologist	systems-analyst	only isco
single	ornithologist	toxicologist	only isco
single	ornithologist	vertebrate	only opencyc
single	ornithologist	writer	only isco
single	orthoepist	adviser	only isco
single	orthoepist	agent	only wordnet
single	orthoepist	analyst.person	only isco
single	orthoepist	architect	only isco
single	orthoepist	artist	only isco
single	orthoepist	attribute	only sumo
single	orthoepist	copywriter	only isco
single	orthoepist	developer	only isco
single	orthoepist	doctor	only isco
single	orthoepist	educator	only isco
single	orthoepist	engineer	only isco
single	orthoepist	epidemiologist	only isco
single	orthoepist	expert	only isco
single	orthoepist	hearer	only isco
single	orthoepist	immunologist	only isco
single	orthoepist	linguist	only wordnet
single	orthoepist	organism	only wordnet
single	orthoepist	person	only wordnet
single	orthoepist	phonologist	only wordnet
single	orthoepist	physical-object	only wordnet
single	orthoepist	professional	only isco
single	orthoepist	property	only sumo
single	orthoepist	research-worker	only isco
single	orthoepist	specialist	only isco
single	orthoepist	surgeon	only isco
single	orthoepist	systems-analyst	only isco
single	orthoepist	worker	only isco
single	orthoepist	writer	only isco
single	osteopath	adviser	only isco
single	osteopath	agent	only wordnet
single	osteopath	analyst.person	only isco
single	osteopath	architect	only isco
single	osteopath	artist	only isco
single	osteopath	attribute	only sumo
single	osteopath	copywriter	only isco
single	osteopath	developer	only isco
single	osteopath	doctor	only isco
single	osteopath	educator	only isco
single	osteopath	engineer	only isco
single	osteopath	epidemiologist	only isco
single	osteopath	hearer	only isco
single	osteopath	immunologist	only isco
single	osteopath	organism	only wordnet
single	osteopath	person	only wordnet
single	osteopath	physical-object	only wordnet
single	osteopath	professional	only isco
single	osteopath	property	only sumo
single	osteopath	research-worker	only isco
single	osteopath	scientist	only isco
single	osteopath	specialist	only isco
single	osteopath	surgeon	only isco
single	osteopath	systems-analyst	only isco
single	osteopath	therapist	only wordnet
single	osteopath	worker	only isco
single	osteopath	writer	only isco
single	packer	agent	only wordnet
single	packer	animal-trainer	only isco
single	packer	attribute	only sumo
single	packer	employee	only wordnet
single	packer	girl	only isco
single	packer	hired-hand	only isco
single	packer	laborer	only isco
single	packer	male-child	only isco
single	packer	organism	only wordnet
single	packer	person	only wordnet
single	packer	physical-object	only wordnet
single	packer	picker	only isco
single	packer	porter	only isco
single	packer	property	only sumo
single	packer	remover	only isco
single	packer	stacker	only isco
single	packer	stevedore	only isco
single	packer	sweeper	only isco
single	packer	washer.person	only isco
single	packer	window-washer	only isco
single	paleontologist	adult	only opencyc
single	paleontologist	adviser	only isco
single	paleontologist	agent	only wordnet
single	paleontologist	analyst.person	only isco
single	paleontologist	architect	only isco
single	paleontologist	artist	only isco
single	paleontologist	copywriter	only isco
single	paleontologist	developer	only isco
single	paleontologist	educator	only isco
single	paleontologist	engineer	only isco
single	paleontologist	epidemiologist	only isco
single	paleontologist	expert	only isco
single	paleontologist	geologist	only wikidata
single	paleontologist	hearer	only isco
single	paleontologist	human	only opencyc
single	paleontologist	immunologist	only isco
single	paleontologist	mammal	only opencyc
single	paleontologist	organism	only wordnet
single	paleontologist	person	only wordnet
single	paleontologist	physical-object	only wordnet
single	paleontologist	professional	only isco
single	paleontologist	specialist	only isco
single	paleontologist	structure	only opencyc
single	paleontologist	surveyor	only isco
single	paleontologist	system	only opencyc
single	paleontologist	systems-analyst	only isco
single	paleontologist	vertebrate	only opencyc
single	paleontologist	writer	only isco
single	palmist	adjutant	only isco
single	palmist	animal	only sumo
single	palmist	body	only sumo
single	palmist	bodyguard	only isco
single	palmist	concierge	only isco
single	palmist	forecaster	only wordnet
single	palmist	fortuneteller	only wordnet
single	palmist	guard	only isco
single	palmist	host	only isco
single	palmist	hostess	only isco
single	palmist	human	only sumo
single	palmist	mammal	only sumo
single	palmist	populace	only sumo
single	palmist	self	only sumo
single	palmist	species	only sumo
single	palmist	stewardess	only isco
single	palmist	vertebrate	only sumo
single	palmist	visionary	only wordnet
single	palmist	worker	only isco
single	paperhanger	animal	only sumo
single	paperhanger	beater	only isco
single	paperhanger	blaster	only isco
single	paperhanger	body	only sumo
single	paperhanger	bodybuilder	only isco
single	paperhanger	cabinetmaker	only isco
single	paperhanger	caster.person	only isco
single	paperhanger	compositor	only isco
single	paperhanger	engraver	only isco
single	paperhanger	fitter	only isco
single	paperhanger	glassworker	only isco
single	paperhanger	human	only sumo
single	paperhanger	ironworker	only isco
single	paperhanger	machinist	only isco
single	paperhanger	maker	only isco
single	paperhanger	mammal	only sumo
single	paperhanger	mason	only isco
single	paperhanger	mender	only isco
single	paperhanger	painter	only isco
single	paperhanger	populace	only sumo
single	paperhanger	refinisher	only isco
single	paperhanger	rigger	only isco
single	paperhanger	self	only sumo
single	paperhanger	shipwright	only isco
single	paperhanger	smith	only isco
single	paperhanger	species	only sumo
single	paperhanger	splitter	only isco
single	paperhanger	sprayer	only isco
single	paperhanger	stonecutter	only isco
single	paperhanger	tuner	only isco
single	paperhanger	varnisher	only isco
single	paperhanger	vertebrate	only sumo
single	paperhanger	welder	only isco
single	paperhanger	woodcarver	only isco
single	paperhanger	wrongdoer	only wordnet
single	paralegal	adult	only opencyc
single	paralegal	agent	only wordnet
single	paralegal	assistant	only wordnet
single	paralegal	attribute	only sumo
single	paralegal	human	only opencyc
single	paralegal	mammal	only opencyc
single	paralegal	organism	only wordnet
single	paralegal	person	only wordnet
single	paralegal	physical-object	only wordnet
single	paralegal	property	only sumo
single	paralegal	skilled-worker	only opencyc
single	paralegal	specialist	only wikidata
single	paralegal	structure	only opencyc
single	paralegal	system	only opencyc
single	paralegal	vertebrate	only opencyc
single	parlormaid	agent	only wordnet
single	parlormaid	animal-trainer	only isco
single	parlormaid	girl	only isco
single	parlormaid	hired-hand	only isco
single	parlormaid	laborer	only isco
single	parlormaid	male-child	only isco
single	parlormaid	organism	only wordnet
single	parlormaid	person	only wordnet
single	parlormaid	physical-object	only wordnet
single	parlormaid	picker	only isco
single	parlormaid	porter	only isco
single	parlormaid	remover	only isco
single	parlormaid	servant	only wordnet
single	parlormaid	stacker	only isco
single	parlormaid	stevedore	only isco
single	parlormaid	sweeper	only isco
single	parlormaid	washer.person	only isco
single	parlormaid	window-washer	only isco
single	participant	associate	only wordnet
single	partner	associate	only opencyc
single	passenger	traveler	only wordnet
single	pastry-cook	agent	only wordnet
single	pastry-cook	attribute	only sumo
single	pastry-cook	beater	only isco
single	pastry-cook	blaster	only isco
single	pastry-cook	bodybuilder	only isco
single	pastry-cook	cabinetmaker	only isco
single	pastry-cook	caster.person	only isco
single	pastry-cook	chef	only wordnet
single	pastry-cook	compositor	only isco
single	pastry-cook	cook	only wordnet
single	pastry-cook	craftsman	only isco
single	pastry-cook	engraver	only isco
single	pastry-cook	fitter	only isco
single	pastry-cook	glassworker	only isco
single	pastry-cook	ironworker	only isco
single	pastry-cook	machinist	only isco
single	pastry-cook	maker	only isco
single	pastry-cook	mender	only isco
single	pastry-cook	organism	only wordnet
single	pastry-cook	painter	only isco
single	pastry-cook	person	only wordnet
single	pastry-cook	physical-object	only wordnet
single	pastry-cook	property	only sumo
single	pastry-cook	refinisher	only isco
single	pastry-cook	rigger	only isco
single	pastry-cook	shipwright	only isco
single	pastry-cook	skilled-worker	only wordnet
single	pastry-cook	smith	only isco
single	pastry-cook	splitter	only isco
single	pastry-cook	sprayer	only isco
single	pastry-cook	stainer	only isco
single	pastry-cook	stonecutter	only isco
single	pastry-cook	tuner	only isco
single	pastry-cook	varnisher	only isco
single	pastry-cook	welder	only isco
single	pastry-cook	woodcarver	only isco
single	pearl-diver	agent	only wordnet
single	pearl-diver	attribute	only sumo
single	pearl-diver	beater	only isco
single	pearl-diver	blaster	only isco
single	pearl-diver	bodybuilder	only isco
single	pearl-diver	businessman	only wikidata
single	pearl-diver	cabinetmaker	only isco
single	pearl-diver	caster.person	only isco
single	pearl-diver	compositor	only isco
single	pearl-diver	diver	only wordnet
single	pearl-diver	engraver	only isco
single	pearl-diver	fitter	only isco
single	pearl-diver	glassworker	only isco
single	pearl-diver	ironworker	only isco
single	pearl-diver	machinist	only isco
single	pearl-diver	maker	only isco
single	pearl-diver	mender	only isco
single	pearl-diver	merchant	only wikidata
single	pearl-diver	organism	only wordnet
single	pearl-diver	painter	only isco
single	pearl-diver	physical-object	only wordnet
single	pearl-diver	property	only sumo
single	pearl-diver	refinisher	only isco
single	pearl-diver	rigger	only isco
single	pearl-diver	sailing-master	only wikidata
single	pearl-diver	shipwright	only isco
single	pearl-diver	smith	only isco
single	pearl-diver	splitter	only isco
single	pearl-diver	sprayer	only isco
single	pearl-diver	stainer	only isco
single	pearl-diver	stonecutter	only isco
single	pearl-diver	tuner	only isco
single	pearl-diver	varnisher	only isco
single	pearl-diver	welder	only isco
single	pearl-diver	woodcarver	only isco
single	pedestrian	traveler	only wordnet
single	penologist	adviser	only isco
single	penologist	agent	only wordnet
single	penologist	analyst.person	only isco
single	penologist	architect	only isco
single	penologist	artist	only isco
single	penologist	attribute	only sumo
single	penologist	copywriter	only isco
single	penologist	developer	only isco
single	penologist	editor	only isco
single	penologist	educator	only isco
single	penologist	engineer	only isco
single	penologist	epidemiologist	only isco
single	penologist	expert	only isco
single	penologist	hearer	only isco
single	penologist	immunologist	only isco
single	penologist	organism	only wordnet
single	penologist	person	only wordnet
single	penologist	physical-object	only wordnet
single	penologist	professional	only isco
single	penologist	property	only sumo
single	penologist	reporter	only isco
single	penologist	research-worker	only isco
single	penologist	social-scientist	only wordnet
single	penologist	specialist	only isco
single	penologist	sports-announcer	only isco
single	penologist	systems-analyst	only isco
single	penologist	translator	only isco
single	penologist	worker	only isco
single	penologist	writer	only isco
single	percussionist	adviser	only isco
single	percussionist	agent	only wordnet
single	percussionist	analyst.person	only isco
single	percussionist	architect	only isco
single	percussionist	attribute	only sumo
single	percussionist	copywriter	only isco
single	percussionist	developer	only isco
single	percussionist	editor	only isco
single	percussionist	educator	only isco
single	percussionist	engineer	only isco
single	percussionist	epidemiologist	only isco
single	percussionist	expert	only isco
single	percussionist	hearer	only isco
single	percussionist	immunologist	only isco
single	percussionist	musician	only wikidata
single	percussionist	organism	only wordnet
single	percussionist	performer	only wordnet
single	percussionist	physical-object	only wordnet
single	percussionist	professional	only isco
single	percussionist	property	only sumo
single	percussionist	reporter	only isco
single	percussionist	research-worker	only isco
single	percussionist	scientist	only isco
single	percussionist	specialist	only isco
single	percussionist	sports-announcer	only isco
single	percussionist	systems-analyst	only isco
single	percussionist	translator	only isco
single	percussionist	worker	only isco
single	percussionist	writer	only isco
single	philosopher	analyst.person	only isco
single	philosopher	copywriter	only isco
single	philosopher	developer	only isco
single	philosopher	editor	only isco
single	philosopher	educator	only isco
single	philosopher	epidemiologist	only isco
single	philosopher	hearer	only isco
single	philosopher	immunologist	only isco
single	philosopher	skilled-worker	only opencyc
single	philosopher	sports-announcer	only isco
single	philosopher	systems-analyst	only isco
single	philosopher	translator	only isco
single	phlebotomist	adjutant	only isco
single	phlebotomist	animal	only sumo
single	phlebotomist	ayah	only isco
single	phlebotomist	body	only sumo
single	phlebotomist	bodyguard	only isco
single	phlebotomist	concierge	only isco
single	phlebotomist	guard	only isco
single	phlebotomist	host	only isco
single	phlebotomist	hostess	only isco
single	phlebotomist	human	only sumo
single	phlebotomist	mammal	only sumo
single	phlebotomist	nursing-aide	only isco
single	phlebotomist	populace	only sumo
single	phlebotomist	self	only sumo
single	phlebotomist	skilled-worker	only wordnet
single	phlebotomist	species	only sumo
single	phlebotomist	vertebrate	only sumo
single	phonologist	adult	only opencyc
single	phonologist	adviser	only isco
single	phonologist	agent	only wordnet
single	phonologist	analyst.person	only isco
single	phonologist	architect	only isco
single	phonologist	artist	only isco
single	phonologist	attribute	only sumo
single	phonologist	copywriter	only isco
single	phonologist	developer	only isco
single	phonologist	editor	only isco
single	phonologist	educator	only isco
single	phonologist	engineer	only isco
single	phonologist	epidemiologist	only isco
single	phonologist	expert	only isco
single	phonologist	hearer	only isco
single	phonologist	human	only opencyc
single	phonologist	immunologist	only isco
single	phonologist	mammal	only opencyc
single	phonologist	organism	only wordnet
single	phonologist	person	only wordnet
single	phonologist	physical-object	only wordnet
single	phonologist	professional	only isco
single	phonologist	property	only sumo
single	phonologist	reporter	only isco
single	phonologist	research-worker	only isco
single	phonologist	specialist	only isco
single	phonologist	sports-announcer	only isco
single	phonologist	structure	only opencyc
single	phonologist	system	only opencyc
single	phonologist	systems-analyst	only isco
single	phonologist	translator	only isco
single	phonologist	vertebrate	only opencyc
single	phonologist	writer	only isco
single	photographer	inspector	only isco
single	photographer	paralegal	only isco
single	photographer	promoter	only isco
single	photographer	skilled-worker	only opencyc
single	photographer	technician	only isco
single	photojournalist	agent	only wordnet
single	photojournalist	cameraman	only isco
single	photojournalist	communicator	only wordnet
single	photojournalist	detective	only isco
single	photojournalist	inspector	only isco
single	photojournalist	man	only isco
single	photojournalist	organism	only wordnet
single	photojournalist	paralegal	only isco
single	photojournalist	physical-object	only wordnet
single	photojournalist	promoter	only isco
single	photojournalist	supervisor	only isco
single	photojournalist	technician	only isco
single	photojournalist	woman	only isco
single	photojournalist	worker	only isco
single	photojournalist	writer	only wordnet
single	physical-therapist	adult	only opencyc
single	physical-therapist	adviser	only isco
single	physical-therapist	agent	only wordnet
single	physical-therapist	analyst.person	only isco
single	physical-therapist	architect	only isco
single	physical-therapist	artist	only isco
single	physical-therapist	attribute	only sumo
single	physical-therapist	copywriter	only isco
single	physical-therapist	developer	only isco
single	physical-therapist	doctor	only isco
single	physical-therapist	educator	only isco
single	physical-therapist	engineer	only isco
single	physical-therapist	epidemiologist	only isco
single	physical-therapist	hearer	only isco
single	physical-therapist	human	only opencyc
single	physical-therapist	immunologist	only isco
single	physical-therapist	mammal	only opencyc
single	physical-therapist	organism	only wordnet
single	physical-therapist	person	only wordnet
single	physical-therapist	physical-object	only wordnet
single	physical-therapist	property	only sumo
single	physical-therapist	research-worker	only isco
single	physical-therapist	scientist	only isco
single	physical-therapist	skilled-worker	only opencyc
single	physical-therapist	specialist	only isco
single	physical-therapist	structure	only opencyc
single	physical-therapist	surgeon	only isco
single	physical-therapist	system	only opencyc
single	physical-therapist	systems-analyst	only isco
single	physical-therapist	therapist	only wordnet
single	physical-therapist	vertebrate	only opencyc
single	physical-therapist	writer	only isco
single	physiologist	adult	only opencyc
single	physiologist	adviser	only isco
single	physiologist	agent	only wordnet
single	physiologist	analyst.person	only isco
single	physiologist	architect	only isco
single	physiologist	artist	only isco
single	physiologist	copywriter	only isco
single	physiologist	developer	only isco
single	physiologist	educator	only isco
single	physiologist	engineer	only isco
single	physiologist	epidemiologist	only isco
single	physiologist	expert	only isco
single	physiologist	hearer	only isco
single	physiologist	human	only opencyc
single	physiologist	immunologist	only isco
single	physiologist	mammal	only opencyc
single	physiologist	organism	only wordnet
single	physiologist	person	only wordnet
single	physiologist	physical-object	only wordnet
single	physiologist	professional	only isco
single	physiologist	specialist	only isco
single	physiologist	structure	only opencyc
single	physiologist	surveyor	only isco
single	physiologist	system	only opencyc
single	physiologist	systems-analyst	only isco
single	physiologist	toxicologist	only isco
single	physiologist	vertebrate	only opencyc
single	physiologist	writer	only isco
single	pianist	adviser	only isco
single	pianist	agent	only wordnet
single	pianist	analyst.person	only isco
single	pianist	architect	only isco
single	pianist	copywriter	only isco
single	pianist	developer	only isco
single	pianist	editor	only isco
single	pianist	educator	only isco
single	pianist	engineer	only isco
single	pianist	epidemiologist	only isco
single	pianist	expert	only isco
single	pianist	hearer	only isco
single	pianist	human	only opencyc
single	pianist	immunologist	only isco
single	pianist	mammal	only opencyc
single	pianist	organism	only wordnet
single	pianist	performer	only wordnet
single	pianist	physical-object	only wordnet
single	pianist	reporter	only isco
single	pianist	research-worker	only isco
single	pianist	scientist	only isco
single	pianist	skilled-worker	only opencyc
single	pianist	specialist	only isco
single	pianist	sports-announcer	only isco
single	pianist	structure	only opencyc
single	pianist	system	only opencyc
single	pianist	systems-analyst	only isco
single	pianist	translator	only isco
single	pianist	vertebrate	only opencyc
single	pianist	writer	only isco
single	piano-maker	animal	only sumo
single	piano-maker	beater	only isco
single	piano-maker	blaster	only isco
single	piano-maker	body	only sumo
single	piano-maker	bodybuilder	only isco
single	piano-maker	cabinetmaker	only isco
single	piano-maker	caster.person	only isco
single	piano-maker	compositor	only isco
single	piano-maker	craftsman	only isco
single	piano-maker	engraver	only isco
single	piano-maker	etcher	only isco
single	piano-maker	fitter	only isco
single	piano-maker	glassworker	only isco
single	piano-maker	human	only sumo
single	piano-maker	ironworker	only isco
single	piano-maker	machinist	only isco
single	piano-maker	mammal	only sumo
single	piano-maker	mender	only isco
single	piano-maker	mounter	only isco
single	piano-maker	painter	only isco
single	piano-maker	populace	only sumo
single	piano-maker	refinisher	only isco
single	piano-maker	rigger	only isco
single	piano-maker	self	only sumo
single	piano-maker	shipwright	only isco
single	piano-maker	smith	only isco
single	piano-maker	species	only sumo
single	piano-maker	splitter	only isco
single	piano-maker	sprayer	only isco
single	piano-maker	stamper	only isco
single	piano-maker	stonecutter	only isco
single	piano-maker	transferer	only isco
single	piano-maker	tuner	only isco
single	piano-maker	varnisher	only isco
single	piano-maker	vertebrate	only sumo
single	piano-maker	weaver	only isco
single	piano-maker	welder	only isco
single	piano-maker	woodcarver	only isco
single	piano-maker	worker	only isco
single	piano-teacher	adult	only wordnet
single	piano-teacher	adviser	only isco
single	piano-teacher	agent	only wordnet
single	piano-teacher	analyst.person	only isco
single	piano-teacher	architect	only isco
single	piano-teacher	attribute	only sumo
single	piano-teacher	coach	only isco
single	piano-teacher	copywriter	only isco
single	piano-teacher	developer	only isco
single	piano-teacher	engineer	only isco
single	piano-teacher	epidemiologist	only isco
single	piano-teacher	expert	only isco
single	piano-teacher	hearer	only isco
single	piano-teacher	immunologist	only isco
single	piano-teacher	instrumentalist	only wikidata
single	piano-teacher	lector	only isco
single	piano-teacher	musician	only wikidata
single	piano-teacher	organism	only wordnet
single	piano-teacher	physical-object	only wordnet
single	piano-teacher	pianist	only wikidata
single	piano-teacher	property	only sumo
single	piano-teacher	research-worker	only isco
single	piano-teacher	schoolmarm	only isco
single	piano-teacher	scientist	only isco
single	piano-teacher	specialist	only isco
single	piano-teacher	systems-analyst	only isco
single	piano-teacher	worker	only isco
single	piano-teacher	writer	only isco
single	picker	animal	only sumo
single	picker	body	only sumo
single	picker	human	only sumo
single	picker	mammal	only sumo
single	picker	populace	only sumo
single	picker	self	only sumo
single	picker	species	only sumo
single	picker	vertebrate	only sumo
single	picker	worker	only isco
single	pilot	cameraman	only isco
single	pilot	inspector	only isco
single	pilot	paralegal	only isco
single	pilot	promoter	only isco
single	pilot	skilled-worker	only wordnet
single	pilot	technician	only isco
single	plasterer	agent	only wordnet
single	plasterer	attribute	only sumo
single	plasterer	beater	only isco
single	plasterer	blaster	only isco
single	plasterer	bodybuilder	only isco
single	plasterer	cabinetmaker	only isco
single	plasterer	caster.person	only isco
single	plasterer	compositor	only isco
single	plasterer	engraver	only isco
single	plasterer	fitter	only isco
single	plasterer	glassworker	only isco
single	plasterer	ironworker	only isco
single	plasterer	machinist	only isco
single	plasterer	maker	only isco
single	plasterer	mason	only isco
single	plasterer	mender	only isco
single	plasterer	organism	only wordnet
single	plasterer	painter	only isco
single	plasterer	physical-object	only wordnet
single	plasterer	property	only sumo
single	plasterer	refinisher	only isco
single	plasterer	rigger	only isco
single	plasterer	shipwright	only isco
single	plasterer	skilled-worker	only wordnet
single	plasterer	smith	only isco
single	plasterer	splitter	only isco
single	plasterer	sprayer	only isco
single	plasterer	stonecutter	only isco
single	plasterer	tiler	only isco
single	plasterer	tuner	only isco
single	plasterer	varnisher	only isco
single	plasterer	welder	only isco
single	plasterer	woodcarver	only isco
single	plater	animal	only sumo
single	plater	beater	only isco
single	plater	blaster	only isco
single	plater	body	only sumo
single	plater	bodybuilder	only isco
single	plater	cabinetmaker	only isco
single	plater	caster.person	only isco
single	plater	compositor	only isco
single	plater	craftsman	only isco
single	plater	engraver	only isco
single	plater	fitter	only isco
single	plater	glassworker	only isco
single	plater	human	only sumo
single	plater	ironworker	only isco
single	plater	machinist	only isco
single	plater	maker	only isco
single	plater	mammal	only sumo
single	plater	mender	only isco
single	plater	painter	only isco
single	plater	populace	only sumo
single	plater	refinisher	only isco
single	plater	rigger	only isco
single	plater	self	only sumo
single	plater	shipwright	only isco
single	plater	skilled-worker	only wordnet
single	plater	smith	only isco
single	plater	species	only sumo
single	plater	splitter	only isco
single	plater	sprayer	only isco
single	plater	stonecutter	only isco
single	plater	tuner	only isco
single	plater	varnisher	only isco
single	plater	vertebrate	only sumo
single	plater	welder	only isco
single	plater	woodcarver	only isco
single	player	cameraman	only isco
single	player	inspector	only isco
single	player	paralegal	only isco
single	player	promoter	only isco
single	player	technician	only isco
single	plumber	agent	only wordnet
single	plumber	beater	only isco
single	plumber	blaster	only isco
single	plumber	bodybuilder	only isco
single	plumber	cabinetmaker	only isco
single	plumber	caster.person	only isco
single	plumber	compositor	only isco
single	plumber	engraver	only isco
single	plumber	fitter	only isco
single	plumber	glassworker	only isco
single	plumber	human	only opencyc
single	plumber	ironworker	only isco
single	plumber	machinist	only isco
single	plumber	maker	only isco
single	plumber	mammal	only opencyc
single	plumber	mason	only isco
single	plumber	mender	only isco
single	plumber	organism	only wordnet
single	plumber	organization	only schemaorg
single	plumber	painter	only isco
single	plumber	physical-object	only wordnet
single	plumber	place	only schemaorg
single	plumber	professional	only wikidata
single	plumber	refinisher	only isco
single	plumber	rigger	only isco
single	plumber	shipwright	only isco
single	plumber	skilled-worker	only wordnet
single	plumber	smith	only isco
single	plumber	specialist	only wikidata
single	plumber	splitter	only isco
single	plumber	sprayer	only isco
single	plumber	stonecutter	only isco
single	plumber	structure	only opencyc
single	plumber	system	only opencyc
single	plumber	technician	only wikidata
single	plumber	tiler	only isco
single	plumber	tuner	only isco
single	plumber	varnisher	only isco
single	plumber	vertebrate	only opencyc
single	plumber	welder	only isco
single	plumber	woodcarver	only isco
single	poet	adviser	only isco
single	poet	agent	only wordnet
single	poet	analyst.person	only isco
single	poet	architect	only isco
single	poet	copywriter	only isco
single	poet	developer	only isco
single	poet	editor	only isco
single	poet	educator	only isco
single	poet	engineer	only isco
single	poet	epidemiologist	only isco
single	poet	expert	only isco
single	poet	hearer	only isco
single	poet	human	only opencyc
single	poet	immunologist	only isco
single	poet	mammal	only opencyc
single	poet	organism	only wordnet
single	poet	physical-object	only wordnet
single	poet	professional	only isco
single	poet	reporter	only isco
single	poet	research-worker	only isco
single	poet	scientist	only isco
single	poet	specialist	only isco
single	poet	sports-announcer	only isco
single	poet	structure	only opencyc
single	poet	system	only opencyc
single	poet	systems-analyst	only isco
single	poet	translator	only isco
single	poet	vertebrate	only opencyc
single	police-commissioner	agent	only wordnet
single	police-commissioner	attribute	only sumo
single	police-commissioner	chairman	only isco
single	police-commissioner	chancellor-of-the-exchequer	only isco
single	police-commissioner	commissioner	only wordnet
single	police-commissioner	general-manager	only isco
single	police-commissioner	government-administrator	only wordnet
single	police-commissioner	governor	only isco
single	police-commissioner	leader	only wordnet
single	police-commissioner	manager	only isco
single	police-commissioner	member	only isco
single	police-commissioner	organism	only wordnet
single	police-commissioner	person	only wordnet
single	police-commissioner	physical-object	only wordnet
single	police-commissioner	policeman	only wikidata
single	police-commissioner	president.person	only isco
single	police-commissioner	property	only sumo
single	police-commissioner	secretary-general	only isco
single	police-commissioner	worker	only isco
single	police-matron	adjutant	only isco
single	police-matron	association	only sumo
single	police-matron	bodyguard	only isco
single	police-matron	collection	only sumo
single	police-matron	concierge	only isco
single	police-matron	government	only sumo
single	police-matron	group	only sumo
single	police-matron	guard	only isco
single	police-matron	host	only isco
single	police-matron	hostess	only isco
single	police-matron	organism	only wordnet
single	police-matron	organization	only sumo
single	police-matron	person	only wordnet
single	police-matron	physical-object	only wordnet
single	police-matron	policeman	only wordnet
single	police-matron	team	only sumo
single	police-matron	worker	only isco
single	police-sergeant	adjutant	only isco
single	police-sergeant	adult	only opencyc
single	police-sergeant	agent	only wordnet
single	police-sergeant	bodyguard	only isco
single	police-sergeant	concierge	only isco
single	police-sergeant	employee	only wikidata
single	police-sergeant	guard	only isco
single	police-sergeant	host	only isco
single	police-sergeant	hostess	only isco
single	police-sergeant	human	only opencyc
single	police-sergeant	mammal	only opencyc
single	police-sergeant	organism	only wordnet
single	police-sergeant	person	only wordnet
single	police-sergeant	physical-object	only wordnet
single	police-sergeant	structure	only opencyc
single	police-sergeant	system	only opencyc
single	police-sergeant	vertebrate	only opencyc
single	police-sergeant	warrior	only wikidata
single	policeman	adjutant	only isco
single	policeman	bodyguard	only isco
single	policeman	concierge	only isco
single	policeman	hostess	only isco
single	political-scientist	adviser	only isco
single	political-scientist	agent	only wordnet
single	political-scientist	analyst.person	only isco
single	political-scientist	architect	only isco
single	political-scientist	artist	only isco
single	political-scientist	copywriter	only isco
single	political-scientist	developer	only isco
single	political-scientist	editor	only isco
single	political-scientist	educator	only isco
single	political-scientist	engineer	only isco
single	political-scientist	epidemiologist	only isco
single	political-scientist	expert	only isco
single	political-scientist	hearer	only isco
single	political-scientist	immunologist	only isco
single	political-scientist	organism	only wordnet
single	political-scientist	person	only wordnet
single	political-scientist	physical-object	only wordnet
single	political-scientist	professional	only isco
single	political-scientist	reporter	only isco
single	political-scientist	specialist	only isco
single	political-scientist	sports-announcer	only isco
single	political-scientist	systems-analyst	only isco
single	political-scientist	translator	only isco
single	political-scientist	worker	only isco
single	political-scientist	writer	only isco
single	pomologist	adviser	only isco
single	pomologist	agent	only wordnet
single	pomologist	agronomist	only wikidata
single	pomologist	analyst.person	only isco
single	pomologist	architect	only isco
single	pomologist	artist	only isco
single	pomologist	copywriter	only isco
single	pomologist	developer	only isco
single	pomologist	educator	only isco
single	pomologist	epidemiologist	only isco
single	pomologist	expert	only isco
single	pomologist	farmer	only wikidata
single	pomologist	gardener	only wikidata
single	pomologist	hearer	only isco
single	pomologist	immunologist	only isco
single	pomologist	organism	only wordnet
single	pomologist	person	only wordnet
single	pomologist	physical-object	only wordnet
single	pomologist	professional	only isco
single	pomologist	specialist	only isco
single	pomologist	surveyor	only isco
single	pomologist	systems-analyst	only isco
single	pomologist	toxicologist	only isco
single	pomologist	writer	only isco
single	portraitist	adviser	only isco
single	portraitist	agent	only wordnet
single	portraitist	analyst.person	only isco
single	portraitist	architect	only isco
single	portraitist	copywriter	only isco
single	portraitist	developer	only isco
single	portraitist	editor	only isco
single	portraitist	educator	only isco
single	portraitist	engineer	only isco
single	portraitist	epidemiologist	only isco
single	portraitist	expert	only isco
single	portraitist	hearer	only isco
single	portraitist	immunologist	only isco
single	portraitist	organism	only wordnet
single	portraitist	person	only wordnet
single	portraitist	physical-object	only wordnet
single	portraitist	professional	only isco
single	portraitist	reporter	only isco
single	portraitist	research-worker	only isco
single	portraitist	scientist	only isco
single	portraitist	specialist	only isco
single	portraitist	sports-announcer	only isco
single	portraitist	systems-analyst	only isco
single	portraitist	translator	only isco
single	portraitist	worker	only isco
single	portraitist	writer	only isco
single	poser	adjutant	only isco
single	poser	bodyguard	only isco
single	poser	concierge	only isco
single	poser	hostess	only isco
single	postal-clerk	agent	only wordnet
single	postal-clerk	attribute	only sumo
single	postal-clerk	organism	only wordnet
single	postal-clerk	person	only wordnet
single	postal-clerk	physical-object	only wordnet
single	postal-clerk	property	only sumo
single	postmaster	agent	only wordnet
single	postmaster	attribute	only sumo
single	postmaster	chief	only isco
single	postmaster	employee	only wikidata
single	postmaster	employer	only wordnet
single	postmaster	general-manager	only isco
single	postmaster	governor	only isco
single	postmaster	leader	only wordnet
single	postmaster	manager	only isco
single	postmaster	organism	only wordnet
single	postmaster	person	only wordnet
single	postmaster	physical-object	only wordnet
single	postmaster	postal-clerk	only wikidata
single	postmaster	property	only sumo
single	postmaster-general	agent	only wordnet
single	postmaster-general	attribute	only sumo
single	postmaster-general	chairman	only isco
single	postmaster-general	chancellor-of-the-exchequer	only isco
single	postmaster-general	chief	only isco
single	postmaster-general	general-manager	only isco
single	postmaster-general	governor	only isco
single	postmaster-general	manager	only isco
single	postmaster-general	member	only isco
single	postmaster-general	official	only wordnet
single	postmaster-general	organism	only wordnet
single	postmaster-general	person	only wordnet
single	postmaster-general	physical-object	only wordnet
single	postmaster-general	president.person	only isco
single	postmaster-general	property	only sumo
single	postmaster-general	secretary-general	only isco
single	postmaster-general	skilled-worker	only wordnet
single	powder-monkey	agent	only wordnet
single	powder-monkey	animal	only wikidata
single	powder-monkey	assistant	only wordnet
single	powder-monkey	attribute	only sumo
single	powder-monkey	beater	only isco
single	powder-monkey	blaster	only isco
single	powder-monkey	bodybuilder	only isco
single	powder-monkey	cabinetmaker	only isco
single	powder-monkey	caster.person	only isco
single	powder-monkey	child	only wikidata
single	powder-monkey	childhood	only wikidata
single	powder-monkey	compositor	only isco
single	powder-monkey	craftsman	only isco
single	powder-monkey	engraver	only isco
single	powder-monkey	fitter	only isco
single	powder-monkey	glassworker	only isco
single	powder-monkey	ironworker	only isco
single	powder-monkey	machinist	only isco
single	powder-monkey	maker	only isco
single	powder-monkey	male-child	only wikidata
single	powder-monkey	mender	only isco
single	powder-monkey	painter	only isco
single	powder-monkey	person	only wordnet
single	powder-monkey	property	only sumo
single	powder-monkey	refinisher	only isco
single	powder-monkey	rigger	only isco
single	powder-monkey	shipwright	only isco
single	powder-monkey	smith	only isco
single	powder-monkey	splitter	only isco
single	powder-monkey	sprayer	only isco
single	powder-monkey	stainer	only isco
single	powder-monkey	stonecutter	only isco
single	powder-monkey	tuner	only isco
single	powder-monkey	varnisher	only isco
single	powder-monkey	welder	only isco
single	powder-monkey	woodcarver	only isco
single	preacher	agent	only wordnet
single	preacher	cameraman	only isco
single	preacher	detective	only isco
single	preacher	inspector	only isco
single	preacher	leader	only wordnet
single	preacher	man	only isco
single	preacher	organism	only wordnet
single	preacher	paralegal	only isco
single	preacher	physical-object	only wordnet
single	preacher	promoter	only isco
single	preacher	speaker	only wikidata
single	preacher	supervisor	only isco
single	preacher	technician	only isco
single	preacher	woman	only isco
single	preacher	worker	only isco
single	president	communicator	only wordnet
single	president-of-the-united-states	agent	only wordnet
single	president-of-the-united-states	chairman	only isco
single	president-of-the-united-states	chancellor-of-the-exchequer	only isco
single	president-of-the-united-states	chief	only isco
single	president-of-the-united-states	communicator	only wordnet
single	president-of-the-united-states	general-manager	only isco
single	president-of-the-united-states	governor	only isco
single	president-of-the-united-states	leader	only wikidata
single	president-of-the-united-states	manager	only isco
single	president-of-the-united-states	member	only isco
single	president-of-the-united-states	organism	only wordnet
single	president-of-the-united-states	physical-object	only wordnet
single	president-of-the-united-states	politician	only wikidata
single	president-of-the-united-states	president.person	only isco
single	president-of-the-united-states	professional	only wikidata
single	president-of-the-united-states	representative	only wordnet
single	president-of-the-united-states	specialist	only wikidata
single	president.person	administrator	only wordnet
single	president.person	agent	only wordnet
single	president.person	attribute	only sumo
single	president.person	general-manager	only isco
single	president.person	governor	only isco
single	president.person	leader	only wordnet
single	president.person	manager	only isco
single	president.person	organism	only wordnet
single	president.person	person	only wordnet
single	president.person	physical-object	only wordnet
single	president.person	property	only sumo
single	president.person	worker	only isco
single	pressman	agent	only wordnet
single	pressman	attribute	only sumo
single	pressman	beater	only isco
single	pressman	blaster	only isco
single	pressman	bodybuilder	only isco
single	pressman	cabinetmaker	only isco
single	pressman	caster.person	only isco
single	pressman	craftsman	only isco
single	pressman	engraver	only isco
single	pressman	etcher	only isco
single	pressman	fitter	only isco
single	pressman	glassworker	only isco
single	pressman	ironworker	only isco
single	pressman	machinist	only isco
single	pressman	maker	only isco
single	pressman	mender	only isco
single	pressman	mounter	only isco
single	pressman	organism	only wordnet
single	pressman	painter	only isco
single	pressman	person	only wordnet
single	pressman	physical-object	only wordnet
single	pressman	property	only sumo
single	pressman	refinisher	only isco
single	pressman	rigger	only isco
single	pressman	shipwright	only isco
single	pressman	skilled-worker	only wordnet
single	pressman	smith	only isco
single	pressman	splitter	only isco
single	pressman	sprayer	only isco
single	pressman	stamper	only isco
single	pressman	stonecutter	only isco
single	pressman	transferer	only isco
single	pressman	tuner	only isco
single	pressman	varnisher	only isco
single	pressman	welder	only isco
single	pressman	woodcarver	only isco
single	priest	adult	only opencyc
single	priest	adviser	only isco
single	priest	agent	only wordnet
single	priest	analyst.person	only isco
single	priest	architect	only isco
single	priest	artist	only isco
single	priest	attribute	only wordnet
single	priest	copywriter	only isco
single	priest	developer	only isco
single	priest	editor	only isco
single	priest	educator	only isco
single	priest	engineer	only isco
single	priest	epidemiologist	only isco
single	priest	expert	only isco
single	priest	hearer	only isco
single	priest	human	only opencyc
single	priest	immunologist	only isco
single	priest	leader	only wordnet
single	priest	mammal	only opencyc
single	priest	organism	only wordnet
single	priest	physical-object	only wordnet
single	priest	reporter	only isco
single	priest	research-worker	only isco
single	priest	scientist	only isco
single	priest	skilled-worker	only opencyc
single	priest	specialist	only isco
single	priest	sports-announcer	only isco
single	priest	state	only wordnet
single	priest	status	only wordnet
single	priest	structure	only opencyc
single	priest	system	only opencyc
single	priest	systems-analyst	only isco
single	priest	translator	only isco
single	priest	vertebrate	only opencyc
single	priest	writer	only isco
single	printmaker	adviser	only isco
single	printmaker	agent	only wordnet
single	printmaker	analyst.person	only isco
single	printmaker	architect	only isco
single	printmaker	copywriter	only isco
single	printmaker	developer	only isco
single	printmaker	editor	only isco
single	printmaker	educator	only isco
single	printmaker	engineer	only isco
single	printmaker	epidemiologist	only isco
single	printmaker	expert	only isco
single	printmaker	hearer	only isco
single	printmaker	immunologist	only isco
single	printmaker	organism	only wordnet
single	printmaker	person	only wordnet
single	printmaker	physical-object	only wordnet
single	printmaker	professional	only isco
single	printmaker	reporter	only isco
single	printmaker	research-worker	only isco
single	printmaker	scientist	only isco
single	printmaker	specialist	only isco
single	printmaker	sports-announcer	only isco
single	printmaker	systems-analyst	only isco
single	printmaker	translator	only isco
single	printmaker	worker	only isco
single	printmaker	writer	only isco
single	prison-guard	adjutant	only isco
single	prison-guard	agent	only wordnet
single	prison-guard	attribute	only sumo
single	prison-guard	bodyguard	only isco
single	prison-guard	concierge	only isco
single	prison-guard	guard	only isco
single	prison-guard	host	only isco
single	prison-guard	hostess	only isco
single	prison-guard	human	only opencyc
single	prison-guard	mammal	only opencyc
single	prison-guard	organism	only wordnet
single	prison-guard	person	only wordnet
single	prison-guard	physical-object	only wordnet
single	prison-guard	policeman	only wikidata
single	prison-guard	property	only sumo
single	prison-guard	skilled-worker	only opencyc
single	prison-guard	structure	only opencyc
single	prison-guard	system	only opencyc
single	prison-guard	vertebrate	only opencyc
single	professional	skilled-worker	only opencyc
single	professor	analyst.person	only isco
single	professor	copywriter	only isco
single	professor	developer	only isco
single	professor	epidemiologist	only isco
single	professor	hearer	only isco
single	professor	immunologist	only isco
single	professor	lector	only isco
single	professor	schoolmarm	only isco
single	professor	skilled-worker	only opencyc
single	professor	systems-analyst	only isco
single	projectionist	agent	only wordnet
single	projectionist	attribute	only sumo
single	projectionist	cameraman	only isco
single	projectionist	detective	only isco
single	projectionist	human	only opencyc
single	projectionist	inspector	only isco
single	projectionist	mammal	only opencyc
single	projectionist	man	only isco
single	projectionist	operator	only wikidata
single	projectionist	organism	only wordnet
single	projectionist	paralegal	only isco
single	projectionist	person	only wordnet
single	projectionist	physical-object	only wordnet
single	projectionist	promoter	only isco
single	projectionist	property	only sumo
single	projectionist	skilled-worker	only wordnet
single	projectionist	structure	only opencyc
single	projectionist	supervisor	only isco
single	projectionist	system	only opencyc
single	projectionist	technician	only isco
single	projectionist	vertebrate	only opencyc
single	projectionist	woman	only isco
single	promoter	agent	only wordnet
single	promoter	attribute	only sumo
single	promoter	businessman	only wikidata
single	promoter	communicator	only wordnet
single	promoter	organism	only wordnet
single	promoter	person	only wordnet
single	promoter	physical-object	only wordnet
single	promoter	property	only sumo
single	prompter	agent	only wordnet
single	prompter	assistant	only wordnet
single	prompter	attribute	only sumo
single	prompter	cameraman	only isco
single	prompter	detective	only isco
single	prompter	inspector	only isco
single	prompter	man	only isco
single	prompter	organism	only wordnet
single	prompter	paralegal	only isco
single	prompter	person	only wordnet
single	prompter	physical-object	only wordnet
single	prompter	professional	only wikidata
single	prompter	promoter	only isco
single	prompter	property	only sumo
single	prompter	specialist	only wikidata
single	prompter	supervisor	only isco
single	prompter	technician	only isco
single	prompter	woman	only isco
single	proofreader	agent	only wordnet
single	proofreader	attribute	only sumo
single	proofreader	clerk	only isco
single	proofreader	organism	only wordnet
single	proofreader	person	only wordnet
single	proofreader	physical-object	only wordnet
single	proofreader	pressman	only wordnet
single	proofreader	professional	only wikidata
single	proofreader	property	only sumo
single	proofreader	skilled-worker	only wordnet
single	proofreader	specialist	only wikidata
single	proofreader	workplace	only wikidata
single	property-man	agent	only wordnet
single	property-man	attribute	only sumo
single	property-man	cameraman	only isco
single	property-man	detective	only isco
single	property-man	employee	only wordnet
single	property-man	inspector	only isco
single	property-man	man	only isco
single	property-man	organism	only wordnet
single	property-man	paralegal	only isco
single	property-man	person	only wordnet
single	property-man	physical-object	only wordnet
single	property-man	promoter	only isco
single	property-man	property	only sumo
single	property-man	supervisor	only isco
single	property-man	technician	only isco
single	property-man	woman	only isco
single	prosecutor	adviser	only isco
single	prosecutor	agent	only wordnet
single	prosecutor	analyst.person	only isco
single	prosecutor	architect	only isco
single	prosecutor	artist	only isco
single	prosecutor	copywriter	only isco
single	prosecutor	developer	only isco
single	prosecutor	editor	only isco
single	prosecutor	educator	only isco
single	prosecutor	engineer	only isco
single	prosecutor	epidemiologist	only isco
single	prosecutor	expert	only isco
single	prosecutor	hearer	only isco
single	prosecutor	human	only opencyc
single	prosecutor	immunologist	only isco
single	prosecutor	jurist	only isco
single	prosecutor	mammal	only opencyc
single	prosecutor	official	only wordnet
single	prosecutor	organism	only wordnet
single	prosecutor	person	only wordnet
single	prosecutor	physical-object	only wordnet
single	prosecutor	reporter	only isco
single	prosecutor	research-worker	only isco
single	prosecutor	scientist	only isco
single	prosecutor	specialist	only isco
single	prosecutor	sports-announcer	only isco
single	prosecutor	structure	only opencyc
single	prosecutor	system	only opencyc
single	prosecutor	systems-analyst	only isco
single	prosecutor	translator	only isco
single	prosecutor	vertebrate	only opencyc
single	prosecutor	writer	only isco
single	psychologist	analyst.person	only isco
single	psychologist	copywriter	only isco
single	psychologist	developer	only isco
single	psychologist	editor	only isco
single	psychologist	educator	only isco
single	psychologist	epidemiologist	only isco
single	psychologist	hearer	only isco
single	psychologist	immunologist	only isco
single	psychologist	sports-announcer	only isco
single	psychologist	systems-analyst	only isco
single	psychologist	translator	only isco
single	psychotherapist	adult	only opencyc
single	psychotherapist	adviser	only isco
single	psychotherapist	agent	only wordnet
single	psychotherapist	analyst.person	only isco
single	psychotherapist	architect	only isco
single	psychotherapist	artist	only isco
single	psychotherapist	attribute	only sumo
single	psychotherapist	copywriter	only isco
single	psychotherapist	developer	only isco
single	psychotherapist	editor	only isco
single	psychotherapist	educator	only isco
single	psychotherapist	engineer	only isco
single	psychotherapist	epidemiologist	only isco
single	psychotherapist	hearer	only isco
single	psychotherapist	human	only opencyc
single	psychotherapist	immunologist	only isco
single	psychotherapist	mammal	only opencyc
single	psychotherapist	organism	only wordnet
single	psychotherapist	person	only wordnet
single	psychotherapist	physical-object	only wordnet
single	psychotherapist	professional	only isco
single	psychotherapist	property	only sumo
single	psychotherapist	psychologist	only opencyc
single	psychotherapist	reporter	only isco
single	psychotherapist	research-worker	only isco
single	psychotherapist	specialist	only isco
single	psychotherapist	sports-announcer	only isco
single	psychotherapist	structure	only opencyc
single	psychotherapist	system	only opencyc
single	psychotherapist	systems-analyst	only isco
single	psychotherapist	therapist	only wordnet
single	psychotherapist	translator	only isco
single	psychotherapist	vertebrate	only opencyc
single	psychotherapist	writer	only isco
single	publisher	skilled-worker	only opencyc
single	purchasing-agent	adult	only opencyc
single	purchasing-agent	agent	only wordnet
single	purchasing-agent	attribute	only sumo
single	purchasing-agent	broker	only isco
single	purchasing-agent	buyer	only wikidata
single	purchasing-agent	cameraman	only isco
single	purchasing-agent	communicator	only wordnet
single	purchasing-agent	detective	only isco
single	purchasing-agent	human	only opencyc
single	purchasing-agent	inspector	only isco
single	purchasing-agent	investment-banker	only isco
single	purchasing-agent	mammal	only opencyc
single	purchasing-agent	man	only isco
single	purchasing-agent	organism	only wordnet
single	purchasing-agent	paralegal	only isco
single	purchasing-agent	party	only wikidata
single	purchasing-agent	physical-object	only wordnet
single	purchasing-agent	professional	only opencyc
single	purchasing-agent	promoter	only isco
single	purchasing-agent	property	only sumo
single	purchasing-agent	representative	only wordnet
single	purchasing-agent	representative-agent	only wordnet
single	purchasing-agent	skilled-worker	only opencyc
single	purchasing-agent	structure	only opencyc
single	purchasing-agent	supervisor	only isco
single	purchasing-agent	system	only opencyc
single	purchasing-agent	technician	only isco
single	purchasing-agent	trader	only isco
single	purchasing-agent	vertebrate	only opencyc
single	purchasing-agent	woman	only isco
single	quarryman	agent	only wordnet
single	quarryman	attribute	only sumo
single	quarryman	digger	only isco
single	quarryman	operator	only isco
single	quarryman	organism	only wordnet
single	quarryman	person	only wordnet
single	quarryman	physical-object	only wordnet
single	quarryman	property	only sumo
single	rabbi	adult	only opencyc
single	rabbi	adviser	only isco
single	rabbi	agent	only wordnet
single	rabbi	analyst.person	only isco
single	rabbi	architect	only isco
single	rabbi	artist	only isco
single	rabbi	copywriter	only isco
single	rabbi	developer	only isco
single	rabbi	editor	only isco
single	rabbi	educator	only isco
single	rabbi	engineer	only isco
single	rabbi	epidemiologist	only isco
single	rabbi	expert	only isco
single	rabbi	hearer	only isco
single	rabbi	human	only opencyc
single	rabbi	immunologist	only isco
single	rabbi	leader	only wordnet
single	rabbi	mammal	only opencyc
single	rabbi	organism	only wordnet
single	rabbi	physical-object	only wordnet
single	rabbi	reporter	only isco
single	rabbi	research-worker	only isco
single	rabbi	scientist	only isco
single	rabbi	skilled-worker	only opencyc
single	rabbi	specialist	only isco
single	rabbi	sports-announcer	only isco
single	rabbi	structure	only opencyc
single	rabbi	system	only opencyc
single	rabbi	systems-analyst	only isco
single	rabbi	translator	only isco
single	rabbi	vertebrate	only opencyc
single	rabbi	writer	only isco
single	ranch-hand	agent	only wordnet
single	ranch-hand	agriculturist	only isco
single	ranch-hand	attribute	only sumo
single	ranch-hand	breeder	only isco
single	ranch-hand	employee	only wordnet
single	ranch-hand	farmer	only isco
single	ranch-hand	farmhand	only isco
single	ranch-hand	fisherman	only isco
single	ranch-hand	forester	only isco
single	ranch-hand	gardener	only isco
single	ranch-hand	goat-herder	only isco
single	ranch-hand	hired-hand	only wordnet
single	ranch-hand	hunter	only isco
single	ranch-hand	laborer	only wordnet
single	ranch-hand	organism	only wordnet
single	ranch-hand	person	only wordnet
single	ranch-hand	physical-object	only wordnet
single	ranch-hand	property	only sumo
single	ranch-hand	shepherd	only isco
single	ranch-hand	trapper	only isco
single	rancher	agent	only wordnet
single	rancher	agriculturist	only isco
single	rancher	attribute	only sumo
single	rancher	farmhand	only isco
single	rancher	fisherman	only isco
single	rancher	forester	only isco
single	rancher	gardener	only isco
single	rancher	human	only opencyc
single	rancher	hunter	only isco
single	rancher	mammal	only opencyc
single	rancher	organism	only wordnet
single	rancher	person	only wordnet
single	rancher	physical-object	only wordnet
single	rancher	property	only sumo
single	rancher	structure	only opencyc
single	rancher	system	only opencyc
single	rancher	trapper	only isco
single	rancher	vertebrate	only opencyc
single	real-estate-broker	adult	only opencyc
single	real-estate-broker	agent	only wordnet
single	real-estate-broker	attribute	only sumo
single	real-estate-broker	businessman	only wikidata
single	real-estate-broker	cameraman	only isco
single	real-estate-broker	detective	only isco
single	real-estate-broker	human	only opencyc
single	real-estate-broker	inspector	only isco
single	real-estate-broker	investment-banker	only isco
single	real-estate-broker	mammal	only opencyc
single	real-estate-broker	man	only isco
single	real-estate-broker	organism	only wordnet
single	real-estate-broker	paralegal	only isco
single	real-estate-broker	person	only wordnet
single	real-estate-broker	physical-object	only wordnet
single	real-estate-broker	professional	only opencyc
single	real-estate-broker	promoter	only isco
single	real-estate-broker	property	only sumo
single	real-estate-broker	skilled-worker	only opencyc
single	real-estate-broker	structure	only opencyc
single	real-estate-broker	supervisor	only isco
single	real-estate-broker	system	only opencyc
single	real-estate-broker	technician	only isco
single	real-estate-broker	trader	only isco
single	real-estate-broker	vertebrate	only opencyc
single	real-estate-broker	woman	only isco
single	realtor	agent	only wordnet
single	realtor	attribute	only sumo
single	realtor	cameraman	only isco
single	realtor	detective	only isco
single	realtor	inspector	only isco
single	realtor	investment-banker	only isco
single	realtor	man	only isco
single	realtor	organism	only wordnet
single	realtor	paralegal	only isco
single	realtor	person	only wordnet
single	realtor	physical-object	only wordnet
single	realtor	promoter	only isco
single	realtor	property	only sumo
single	realtor	real-estate-broker	only wordnet
single	realtor	supervisor	only isco
single	realtor	technician	only isco
single	realtor	trader	only isco
single	realtor	woman	only isco
single	realtor	worker	only isco
single	receptionist	adult	only opencyc
single	receptionist	agent	only wordnet
single	receptionist	assistant	only wordnet
single	receptionist	clerk	only isco
single	receptionist	human	only opencyc
single	receptionist	mammal	only opencyc
single	receptionist	organism	only wordnet
single	receptionist	person	only wordnet
single	receptionist	physical-object	only wordnet
single	receptionist	secretary	only wordnet
single	receptionist	structure	only opencyc
single	receptionist	system	only opencyc
single	receptionist	vertebrate	only opencyc
single	reckoner	animal	only sumo
single	reckoner	body	only sumo
single	reckoner	cameraman	only isco
single	reckoner	clerk	only wikidata
single	reckoner	detective	only isco
single	reckoner	expert	only wordnet
single	reckoner	human	only sumo
single	reckoner	inspector	only isco
single	reckoner	mammal	only sumo
single	reckoner	man	only isco
single	reckoner	paralegal	only isco
single	reckoner	populace	only sumo
single	reckoner	promoter	only isco
single	reckoner	self	only sumo
single	reckoner	species	only sumo
single	reckoner	supervisor	only isco
single	reckoner	technician	only isco
single	reckoner	vertebrate	only sumo
single	reckoner	woman	only isco
single	reckoner	worker	only isco
single	referee	skilled-worker	only opencyc
single	refiner	agent	only wordnet
single	refiner	attribute	only sumo
single	refiner	digger	only isco
single	refiner	operator	only isco
single	refiner	organism	only wordnet
single	refiner	person	only wordnet
single	refiner	physical-object	only wordnet
single	refiner	property	only sumo
single	refiner	skilled-worker	only wordnet
single	refinisher	agent	only wordnet
single	refinisher	attribute	only sumo
single	refinisher	craftsman	only wikidata
single	refinisher	human	only opencyc
single	refinisher	mammal	only opencyc
single	refinisher	organism	only wordnet
single	refinisher	physical-object	only wordnet
single	refinisher	property	only sumo
single	refinisher	skilled-worker	only wordnet
single	refinisher	structure	only opencyc
single	refinisher	system	only opencyc
single	refinisher	vertebrate	only opencyc
single	refugee	traveler	only wordnet
single	registrar	adviser	only isco
single	registrar	agent	only wordnet
single	registrar	analyst.person	only isco
single	registrar	architect	only isco
single	registrar	artist	only isco
single	registrar	copywriter	only isco
single	registrar	developer	only isco
single	registrar	doctor	only isco
single	registrar	educator	only isco
single	registrar	employee	only wordnet
single	registrar	engineer	only isco
single	registrar	epidemiologist	only isco
single	registrar	expert	only isco
single	registrar	hearer	only isco
single	registrar	immunologist	only isco
single	registrar	organism	only wordnet
single	registrar	person	only wordnet
single	registrar	physical-object	only wordnet
single	registrar	professional	only isco
single	registrar	research-worker	only isco
single	registrar	scientist	only isco
single	registrar	specialist	only isco
single	registrar	surgeon	only isco
single	registrar	systems-analyst	only isco
single	registrar	writer	only isco
single	regulator.person	agent	only wordnet
single	regulator.person	attribute	only sumo
single	regulator.person	beater	only isco
single	regulator.person	blaster	only isco
single	regulator.person	bodybuilder	only isco
single	regulator.person	cabinetmaker	only isco
single	regulator.person	caster.person	only isco
single	regulator.person	compositor	only isco
single	regulator.person	craftsman	only isco
single	regulator.person	engraver	only isco
single	regulator.person	etcher	only isco
single	regulator.person	fitter	only isco
single	regulator.person	glassworker	only isco
single	regulator.person	ironworker	only isco
single	regulator.person	machinist	only isco
single	regulator.person	maker	only isco
single	regulator.person	mender	only isco
single	regulator.person	mounter	only isco
single	regulator.person	official	only wordnet
single	regulator.person	organism	only wordnet
single	regulator.person	painter	only isco
single	regulator.person	person	only wordnet
single	regulator.person	physical-object	only wordnet
single	regulator.person	property	only sumo
single	regulator.person	refinisher	only isco
single	regulator.person	rigger	only isco
single	regulator.person	shipwright	only isco
single	regulator.person	skilled-worker	only wordnet
single	regulator.person	smith	only isco
single	regulator.person	splitter	only isco
single	regulator.person	sprayer	only isco
single	regulator.person	stamper	only isco
single	regulator.person	stonecutter	only isco
single	regulator.person	transferer	only isco
single	regulator.person	tuner	only isco
single	regulator.person	varnisher	only isco
single	regulator.person	weaver	only isco
single	regulator.person	welder	only isco
single	regulator.person	woodcarver	only isco
single	remover	agent	only wordnet
single	remover	attribute	only sumo
single	remover	employee	only wordnet
single	remover	organism	only wordnet
single	remover	person	only wordnet
single	remover	physical-object	only wordnet
single	remover	property	only sumo
single	rent-collector	agent	only wordnet
single	rent-collector	attribute	only sumo
single	rent-collector	clerk	only isco
single	rent-collector	organism	only wordnet
single	rent-collector	person	only wordnet
single	rent-collector	physical-object	only wordnet
single	rent-collector	property	only sumo
single	reporter	analyst.person	only isco
single	reporter	copywriter	only isco
single	reporter	developer	only isco
single	reporter	educator	only isco
single	reporter	epidemiologist	only isco
single	reporter	hearer	only isco
single	reporter	immunologist	only isco
single	reporter	systems-analyst	only isco
single	representative	communicator	only wordnet
single	representative-agent	communicator	only wordnet
single	resident	analyst.person	only isco
single	resident	copywriter	only isco
single	resident	developer	only isco
single	resident	educator	only isco
single	resident	epidemiologist	only isco
single	resident	hearer	only isco
single	resident	immunologist	only isco
single	resident	skilled-worker	only opencyc
single	resident	systems-analyst	only isco
single	restaurateur	agent	only wordnet
single	restaurateur	attribute	only sumo
single	restaurateur	chief	only isco
single	restaurateur	general-manager	only isco
single	restaurateur	governor	only isco
single	restaurateur	human	only opencyc
single	restaurateur	mammal	only opencyc
single	restaurateur	manager	only isco
single	restaurateur	organism	only wordnet
single	restaurateur	owner	only wordnet
single	restaurateur	person	only wordnet
single	restaurateur	physical-object	only wordnet
single	restaurateur	property	only sumo
single	restaurateur	structure	only opencyc
single	restaurateur	system	only opencyc
single	restaurateur	vertebrate	only opencyc
single	retailer	adjutant	only isco
single	retailer	bodyguard	only isco
single	retailer	concierge	only isco
single	retailer	hostess	only isco
single	rider	traveler	only wordnet
single	rigger	agent	only wordnet
single	rigger	attribute	only sumo
single	rigger	craftsman	only wordnet
single	rigger	organism	only wordnet
single	rigger	person	only wordnet
single	rigger	physical-object	only wordnet
single	rigger	property	only sumo
single	rigger	skilled-worker	only wordnet
single	riveter	agent	only wordnet
single	riveter	attribute	only sumo
single	riveter	beater	only isco
single	riveter	blaster	only isco
single	riveter	bodybuilder	only isco
single	riveter	cabinetmaker	only isco
single	riveter	caster.person	only isco
single	riveter	compositor	only isco
single	riveter	craftsman	only isco
single	riveter	engraver	only isco
single	riveter	fitter	only isco
single	riveter	glassworker	only isco
single	riveter	ironworker	only isco
single	riveter	machinist	only isco
single	riveter	maker	only isco
single	riveter	mender	only isco
single	riveter	organism	only wordnet
single	riveter	painter	only isco
single	riveter	person	only wordnet
single	riveter	physical-object	only wordnet
single	riveter	property	only sumo
single	riveter	refinisher	only isco
single	riveter	rigger	only isco
single	riveter	shipwright	only isco
single	riveter	skilled-worker	only wordnet
single	riveter	smith	only isco
single	riveter	splitter	only isco
single	riveter	sprayer	only isco
single	riveter	stonecutter	only isco
single	riveter	tuner	only isco
single	riveter	varnisher	only isco
single	riveter	welder	only isco
single	riveter	woodcarver	only isco
single	roofer	agent	only wordnet
single	roofer	attribute	only sumo
single	roofer	beater	only isco
single	roofer	blaster	only isco
single	roofer	bodybuilder	only isco
single	roofer	cabinetmaker	only isco
single	roofer	caster.person	only isco
single	roofer	compositor	only isco
single	roofer	engraver	only isco
single	roofer	fitter	only isco
single	roofer	glassworker	only isco
single	roofer	human	only opencyc
single	roofer	ironworker	only isco
single	roofer	machinist	only isco
single	roofer	maker	only isco
single	roofer	mammal	only opencyc
single	roofer	mason	only isco
single	roofer	mender	only isco
single	roofer	organism	only wordnet
single	roofer	painter	only isco
single	roofer	physical-object	only wordnet
single	roofer	property	only sumo
single	roofer	refinisher	only isco
single	roofer	rigger	only isco
single	roofer	shipwright	only isco
single	roofer	skilled-worker	only wordnet
single	roofer	smith	only isco
single	roofer	splitter	only isco
single	roofer	sprayer	only isco
single	roofer	stonecutter	only isco
single	roofer	structure	only opencyc
single	roofer	system	only opencyc
single	roofer	tiler	only isco
single	roofer	tuner	only isco
single	roofer	varnisher	only isco
single	roofer	vertebrate	only opencyc
single	roofer	welder	only isco
single	roofer	woodcarver	only isco
single	saddler	agent	only wordnet
single	saddler	attribute	only sumo
single	saddler	beater	only isco
single	saddler	blaster	only isco
single	saddler	bodybuilder	only isco
single	saddler	cabinetmaker	only isco
single	saddler	caster.person	only isco
single	saddler	compositor	only isco
single	saddler	craftsman	only isco
single	saddler	dressmaker	only isco
single	saddler	engraver	only isco
single	saddler	fitter	only isco
single	saddler	glassworker	only isco
single	saddler	ironworker	only isco
single	saddler	machinist	only isco
single	saddler	mender	only isco
single	saddler	organism	only wordnet
single	saddler	painter	only isco
single	saddler	person	only wordnet
single	saddler	physical-object	only wordnet
single	saddler	property	only sumo
single	saddler	refinisher	only isco
single	saddler	rigger	only isco
single	saddler	shipwright	only isco
single	saddler	smith	only isco
single	saddler	splitter	only isco
single	saddler	sprayer	only isco
single	saddler	stainer	only isco
single	saddler	stonecutter	only isco
single	saddler	tuner	only isco
single	saddler	varnisher	only isco
single	saddler	welder	only isco
single	saddler	woodcarver	only isco
single	saddler	worker	only isco
single	sailing-master	agent	only wordnet
single	sailing-master	attribute	only sumo
single	sailing-master	cameraman	only isco
single	sailing-master	detective	only isco
single	sailing-master	inspector	only isco
single	sailing-master	man	only isco
single	sailing-master	organism	only wordnet
single	sailing-master	paralegal	only isco
single	sailing-master	person	only wordnet
single	sailing-master	physical-object	only wordnet
single	sailing-master	promoter	only isco
single	sailing-master	property	only sumo
single	sailing-master	sailor	only wordnet
single	sailing-master	skilled-worker	only wordnet
single	sailing-master	supervisor	only isco
single	sailing-master	technician	only isco
single	sailing-master	woman	only isco
single	sailmaker	agent	only wordnet
single	sailmaker	attribute	only sumo
single	sailmaker	beater	only isco
single	sailmaker	blaster	only isco
single	sailmaker	bodybuilder	only isco
single	sailmaker	cabinetmaker	only isco
single	sailmaker	caster.person	only isco
single	sailmaker	compositor	only isco
single	sailmaker	dressmaker	only isco
single	sailmaker	engraver	only isco
single	sailmaker	fitter	only isco
single	sailmaker	glassworker	only isco
single	sailmaker	ironworker	only isco
single	sailmaker	machinist	only isco
single	sailmaker	mender	only isco
single	sailmaker	organism	only wordnet
single	sailmaker	painter	only isco
single	sailmaker	physical-object	only wordnet
single	sailmaker	property	only sumo
single	sailmaker	refinisher	only isco
single	sailmaker	rigger	only isco
single	sailmaker	shipwright	only isco
single	sailmaker	smith	only isco
single	sailmaker	splitter	only isco
single	sailmaker	sprayer	only isco
single	sailmaker	stainer	only isco
single	sailmaker	stonecutter	only isco
single	sailmaker	tuner	only isco
single	sailmaker	varnisher	only isco
single	sailmaker	welder	only isco
single	sailmaker	woodcarver	only isco
single	sailmaker	worker	only isco
single	sailor	skilled-worker	only wordnet
single	sales-demonstrator	adjutant	only isco
single	sales-demonstrator	agent	only wordnet
single	sales-demonstrator	attribute	only sumo
single	sales-demonstrator	bodyguard	only isco
single	sales-demonstrator	concierge	only isco
single	sales-demonstrator	employee	only wordnet
single	sales-demonstrator	guard	only isco
single	sales-demonstrator	host	only isco
single	sales-demonstrator	hostess	only isco
single	sales-demonstrator	organism	only wordnet
single	sales-demonstrator	person	only wordnet
single	sales-demonstrator	physical-object	only wordnet
single	sales-demonstrator	property	only sumo
single	sales-demonstrator	salesclerk	only isco
single	sales-demonstrator	seller	only isco
single	salesclerk	adjutant	only isco
single	salesclerk	bodyguard	only isco
single	salesclerk	concierge	only isco
single	salesclerk	hostess	only isco
single	salter	agent	only wordnet
single	salter	attribute	only sumo
single	salter	beater	only isco
single	salter	blaster	only isco
single	salter	bodybuilder	only isco
single	salter	cabinetmaker	only isco
single	salter	caster.person	only isco
single	salter	compositor	only isco
single	salter	cook	only wordnet
single	salter	craftsman	only isco
single	salter	engraver	only isco
single	salter	fitter	only isco
single	salter	glassworker	only isco
single	salter	ironworker	only isco
single	salter	machinist	only isco
single	salter	maker	only isco
single	salter	mender	only isco
single	salter	organism	only wordnet
single	salter	painter	only isco
single	salter	person	only wordnet
single	salter	physical-object	only wordnet
single	salter	property	only sumo
single	salter	refinisher	only isco
single	salter	rigger	only isco
single	salter	shipwright	only isco
single	salter	skilled-worker	only wordnet
single	salter	smith	only isco
single	salter	splitter	only isco
single	salter	sprayer	only isco
single	salter	stainer	only isco
single	salter	stonecutter	only isco
single	salter	tuner	only isco
single	salter	varnisher	only isco
single	salter	welder	only isco
single	salter	woodcarver	only isco
single	saxophonist	adviser	only isco
single	saxophonist	agent	only wordnet
single	saxophonist	analyst.person	only isco
single	saxophonist	architect	only isco
single	saxophonist	copywriter	only isco
single	saxophonist	developer	only isco
single	saxophonist	editor	only isco
single	saxophonist	educator	only isco
single	saxophonist	engineer	only isco
single	saxophonist	epidemiologist	only isco
single	saxophonist	expert	only isco
single	saxophonist	hearer	only isco
single	saxophonist	human	only opencyc
single	saxophonist	immunologist	only isco
single	saxophonist	instrumentalist	only wordnet
single	saxophonist	mammal	only opencyc
single	saxophonist	musician	only opencyc
single	saxophonist	organism	only wordnet
single	saxophonist	performer	only wordnet
single	saxophonist	person	only wordnet
single	saxophonist	physical-object	only wordnet
single	saxophonist	reporter	only isco
single	saxophonist	research-worker	only isco
single	saxophonist	scientist	only isco
single	saxophonist	skilled-worker	only opencyc
single	saxophonist	specialist	only isco
single	saxophonist	sports-announcer	only isco
single	saxophonist	structure	only opencyc
single	saxophonist	system	only opencyc
single	saxophonist	systems-analyst	only isco
single	saxophonist	translator	only isco
single	saxophonist	vertebrate	only opencyc
single	saxophonist	writer	only isco
single	schoolmarm	adult	only wordnet
single	schoolmarm	adviser	only isco
single	schoolmarm	agent	only wordnet
single	schoolmarm	analyst.person	only isco
single	schoolmarm	architect	only isco
single	schoolmarm	artist	only isco
single	schoolmarm	copywriter	only isco
single	schoolmarm	developer	only isco
single	schoolmarm	engineer	only isco
single	schoolmarm	epidemiologist	only isco
single	schoolmarm	expert	only isco
single	schoolmarm	hearer	only isco
single	schoolmarm	immunologist	only isco
single	schoolmarm	organism	only wordnet
single	schoolmarm	person	only wordnet
single	schoolmarm	physical-object	only wordnet
single	schoolmarm	research-worker	only isco
single	schoolmarm	scientist	only isco
single	schoolmarm	specialist	only isco
single	schoolmarm	systems-analyst	only isco
single	schoolmarm	teacher	only wordnet
single	schoolmarm	worker	only isco
single	schoolmarm	writer	only isco
single	scourer	agent	only wordnet
single	scourer	attribute	only sumo
single	scourer	beater	only isco
single	scourer	blaster	only isco
single	scourer	bodybuilder	only isco
single	scourer	cabinetmaker	only isco
single	scourer	caster.person	only isco
single	scourer	compositor	only isco
single	scourer	craftsman	only isco
single	scourer	employee	only wordnet
single	scourer	engraver	only isco
single	scourer	etcher	only isco
single	scourer	fitter	only isco
single	scourer	glassworker	only isco
single	scourer	ironworker	only isco
single	scourer	laborer	only wordnet
single	scourer	machinist	only isco
single	scourer	maker	only isco
single	scourer	mender	only isco
single	scourer	mounter	only isco
single	scourer	organism	only wordnet
single	scourer	painter	only isco
single	scourer	person	only wordnet
single	scourer	physical-object	only wordnet
single	scourer	property	only sumo
single	scourer	refinisher	only isco
single	scourer	rigger	only isco
single	scourer	shipwright	only isco
single	scourer	smith	only isco
single	scourer	splitter	only isco
single	scourer	sprayer	only isco
single	scourer	stamper	only isco
single	scourer	stonecutter	only isco
single	scourer	transferer	only isco
single	scourer	tuner	only isco
single	scourer	varnisher	only isco
single	scourer	weaver	only isco
single	scourer	welder	only isco
single	scourer	woodcarver	only isco
single	screener	agent	only wordnet
single	screener	attribute	only sumo
single	screener	beater	only isco
single	screener	blaster	only isco
single	screener	bodybuilder	only isco
single	screener	cabinetmaker	only isco
single	screener	caster.person	only isco
single	screener	compositor	only isco
single	screener	craftsman	only isco
single	screener	engraver	only isco
single	screener	fitter	only isco
single	screener	glassworker	only isco
single	screener	guard	only wordnet
single	screener	human	only opencyc
single	screener	ironworker	only isco
single	screener	machinist	only isco
single	screener	maker	only isco
single	screener	mammal	only opencyc
single	screener	mender	only isco
single	screener	organism	only wordnet
single	screener	painter	only isco
single	screener	person	only wordnet
single	screener	physical-object	only wordnet
single	screener	property	only sumo
single	screener	refinisher	only isco
single	screener	rigger	only isco
single	screener	shipwright	only isco
single	screener	smith	only isco
single	screener	splitter	only isco
single	screener	sprayer	only isco
single	screener	stainer	only isco
single	screener	stonecutter	only isco
single	screener	structure	only opencyc
single	screener	system	only opencyc
single	screener	tuner	only isco
single	screener	varnisher	only isco
single	screener	vertebrate	only opencyc
single	screener	welder	only isco
single	screener	woodcarver	only isco
single	scribe	agent	only wordnet
single	scribe	artist	only wikidata
single	scribe	attribute	only sumo
single	scribe	clerk	only isco
single	scribe	communicator	only wordnet
single	scribe	organism	only wordnet
single	scribe	physical-object	only wordnet
single	scribe	property	only sumo
single	scribe	worker	only isco
single	scribe	writer	only wordnet
single	scriptwriter	adviser	only isco
single	scriptwriter	agent	only wordnet
single	scriptwriter	analyst.person	only isco
single	scriptwriter	architect	only isco
single	scriptwriter	attribute	only sumo
single	scriptwriter	communicator	only wordnet
single	scriptwriter	copywriter	only isco
single	scriptwriter	developer	only isco
single	scriptwriter	editor	only isco
single	scriptwriter	educator	only isco
single	scriptwriter	engineer	only isco
single	scriptwriter	epidemiologist	only isco
single	scriptwriter	expert	only isco
single	scriptwriter	hearer	only isco
single	scriptwriter	immunologist	only isco
single	scriptwriter	organism	only wordnet
single	scriptwriter	physical-object	only wordnet
single	scriptwriter	professional	only isco
single	scriptwriter	property	only sumo
single	scriptwriter	reporter	only isco
single	scriptwriter	research-worker	only isco
single	scriptwriter	scientist	only isco
single	scriptwriter	specialist	only isco
single	scriptwriter	sports-announcer	only isco
single	scriptwriter	systems-analyst	only isco
single	scriptwriter	translator	only isco
single	scriptwriter	worker	only isco
single	sculptor	adviser	only isco
single	sculptor	agent	only wordnet
single	sculptor	analyst.person	only isco
single	sculptor	architect	only isco
single	sculptor	copywriter	only isco
single	sculptor	developer	only isco
single	sculptor	editor	only isco
single	sculptor	educator	only isco
single	sculptor	engineer	only isco
single	sculptor	epidemiologist	only isco
single	sculptor	expert	only isco
single	sculptor	hearer	only isco
single	sculptor	human	only opencyc
single	sculptor	immunologist	only isco
single	sculptor	mammal	only opencyc
single	sculptor	organism	only wordnet
single	sculptor	person	only wordnet
single	sculptor	physical-object	only wordnet
single	sculptor	professional	only isco
single	sculptor	reporter	only isco
single	sculptor	research-worker	only isco
single	sculptor	scientist	only isco
single	sculptor	specialist	only isco
single	sculptor	sports-announcer	only isco
single	sculptor	structure	only opencyc
single	sculptor	system	only opencyc
single	sculptor	systems-analyst	only isco
single	sculptor	translator	only isco
single	sculptor	vertebrate	only opencyc
single	sculptor	writer	only isco
single	seasoner	animal	only sumo
single	seasoner	beater	only isco
single	seasoner	blaster	only isco
single	seasoner	body	only sumo
single	seasoner	bodybuilder	only isco
single	seasoner	cabinetmaker	only isco
single	seasoner	caster.person	only isco
single	seasoner	compositor	only isco
single	seasoner	cook	only wordnet
single	seasoner	craftsman	only isco
single	seasoner	engraver	only isco
single	seasoner	fitter	only isco
single	seasoner	glassworker	only isco
single	seasoner	human	only sumo
single	seasoner	ironworker	only isco
single	seasoner	machinist	only isco
single	seasoner	maker	only isco
single	seasoner	mammal	only sumo
single	seasoner	mender	only isco
single	seasoner	painter	only isco
single	seasoner	populace	only sumo
single	seasoner	refinisher	only isco
single	seasoner	rigger	only isco
single	seasoner	self	only sumo
single	seasoner	shipwright	only isco
single	seasoner	skilled-worker	only wordnet
single	seasoner	smith	only isco
single	seasoner	species	only sumo
single	seasoner	splitter	only isco
single	seasoner	sprayer	only isco
single	seasoner	stainer	only isco
single	seasoner	stonecutter	only isco
single	seasoner	tuner	only isco
single	seasoner	varnisher	only isco
single	seasoner	vertebrate	only sumo
single	seasoner	welder	only isco
single	seasoner	woodcarver	only isco
single	seasoner	woodworker	only isco
single	secretary	broker	only isco
single	secretary	cameraman	only isco
single	secretary	inspector	only isco
single	secretary	investment-banker	only isco
single	secretary	paralegal	only isco
single	secretary	promoter	only isco
single	secretary	technician	only isco
single	secretary-general	agent	only wordnet
single	secretary-general	attribute	only sumo
single	secretary-general	chancellor-of-the-exchequer	only isco
single	secretary-general	general-manager	only isco
single	secretary-general	government-administrator	only wordnet
single	secretary-general	governor	only isco
single	secretary-general	leader	only wordnet
single	secretary-general	member	only isco
single	secretary-general	organism	only wordnet
single	secretary-general	physical-object	only wordnet
single	secretary-general	president.person	only isco
single	secretary-general	property	only sumo
single	secretary-general	worker	only isco
single	secretary-of-state	adult	only opencyc
single	secretary-of-state	agent	only wordnet
single	secretary-of-state	attribute	only sumo
single	secretary-of-state	chairman	only isco
single	secretary-of-state	chancellor-of-the-exchequer	only isco
single	secretary-of-state	general-manager	only isco
single	secretary-of-state	governor	only isco
single	secretary-of-state	human	only opencyc
single	secretary-of-state	leader	only wordnet
single	secretary-of-state	mammal	only opencyc
single	secretary-of-state	manager	only isco
single	secretary-of-state	member	only isco
single	secretary-of-state	organism	only wordnet
single	secretary-of-state	person	only wordnet
single	secretary-of-state	physical-object	only wordnet
single	secretary-of-state	president.person	only isco
single	secretary-of-state	property	only sumo
single	secretary-of-state	secretary-general	only isco
single	secretary-of-state	structure	only opencyc
single	secretary-of-state	system	only opencyc
single	secretary-of-state	vertebrate	only opencyc
single	seismologist	adviser	only isco
single	seismologist	agent	only wordnet
single	seismologist	analyst.person	only isco
single	seismologist	architect	only isco
single	seismologist	artist	only isco
single	seismologist	attribute	only sumo
single	seismologist	copywriter	only isco
single	seismologist	developer	only isco
single	seismologist	educator	only isco
single	seismologist	engineer	only isco
single	seismologist	epidemiologist	only isco
single	seismologist	expert	only isco
single	seismologist	hearer	only isco
single	seismologist	immunologist	only isco
single	seismologist	organism	only wordnet
single	seismologist	person	only wordnet
single	seismologist	physical-object	only wordnet
single	seismologist	professional	only isco
single	seismologist	property	only sumo
single	seismologist	specialist	only isco
single	seismologist	surveyor	only isco
single	seismologist	systems-analyst	only isco
single	seismologist	worker	only isco
single	seismologist	writer	only isco
single	seller	adjutant	only isco
single	seller	bodyguard	only isco
single	seller	concierge	only isco
single	seller	hostess	only isco
single	senator	agent	only wordnet
single	senator	attribute	only sumo
single	senator	chairman	only isco
single	senator	chancellor-of-the-exchequer	only isco
single	senator	chief	only isco
single	senator	general-manager	only isco
single	senator	governor	only isco
single	senator	human	only opencyc
single	senator	leader	only wordnet
single	senator	legislator	only wordnet
single	senator	mammal	only opencyc
single	senator	manager	only isco
single	senator	member	only isco
single	senator	organism	only wordnet
single	senator	person	only wordnet
single	senator	physical-object	only wordnet
single	senator	politician	only wikidata
single	senator	president.person	only isco
single	senator	professional	only wikidata
single	senator	property	only sumo
single	senator	secretary-general	only isco
single	senator	specialist	only wikidata
single	senator	structure	only opencyc
single	senator	system	only opencyc
single	senator	vertebrate	only opencyc
single	sexton	adjutant	only isco
single	sexton	agent	only wordnet
single	sexton	attribute	only sumo
single	sexton	bodyguard	only isco
single	sexton	concierge	only isco
single	sexton	guard	only isco
single	sexton	host	only isco
single	sexton	hostess	only isco
single	sexton	housekeeper	only isco
single	sexton	official	only wordnet
single	sexton	organism	only wordnet
single	sexton	person	only wordnet
single	sexton	physical-object	only wordnet
single	sexton	property	only sumo
single	sexton	skilled-worker	only wordnet
single	sexton	stewardess	only isco
single	shaver	adult	only wordnet
single	shaver	animal	only sumo
single	shaver	beater	only isco
single	shaver	blaster	only isco
single	shaver	body	only sumo
single	shaver	bodybuilder	only isco
single	shaver	cabinetmaker	only isco
single	shaver	caster.person	only isco
single	shaver	compositor	only isco
single	shaver	craftsman	only isco
single	shaver	dressmaker	only isco
single	shaver	engraver	only isco
single	shaver	fitter	only isco
single	shaver	glassworker	only isco
single	shaver	human	only sumo
single	shaver	ironworker	only isco
single	shaver	kitchen-appliance	only gpt
single	shaver	machinist	only isco
single	shaver	maker	only isco
single	shaver	mammal	only sumo
single	shaver	mender	only isco
single	shaver	painter	only isco
single	shaver	populace	only sumo
single	shaver	refinisher	only isco
single	shaver	rigger	only isco
single	shaver	self	only sumo
single	shaver	shipwright	only isco
single	shaver	smith	only isco
single	shaver	species	only sumo
single	shaver	splitter	only isco
single	shaver	sprayer	only isco
single	shaver	stainer	only isco
single	shaver	stonecutter	only isco
single	shaver	tuner	only isco
single	shaver	varnisher	only isco
single	shaver	vertebrate	only sumo
single	shaver	welder	only isco
single	shaver	woodcarver	only isco
single	shaver	worker	only isco
single	shearer	agent	only wordnet
single	shearer	agriculturist	only isco
single	shearer	attribute	only sumo
single	shearer	breeder	only isco
single	shearer	cowboy	only isco
single	shearer	employee	only wordnet
single	shearer	farmer	only isco
single	shearer	farmhand	only isco
single	shearer	fisherman	only isco
single	shearer	forester	only isco
single	shearer	gardener	only isco
single	shearer	goat-herder	only isco
single	shearer	hunter	only isco
single	shearer	organism	only wordnet
single	shearer	person	only wordnet
single	shearer	physical-object	only wordnet
single	shearer	property	only sumo
single	shearer	shepherd	only isco
single	shearer	trapper	only isco
single	shepherd	agent	only wordnet
single	shepherd	attribute	only sumo
single	shepherd	farmer	only wikidata
single	shepherd	human	only opencyc
single	shepherd	leader	only wordnet
single	shepherd	mammal	only opencyc
single	shepherd	organism	only wordnet
single	shepherd	peasant	only wikidata
single	shepherd	person	only wordnet
single	shepherd	physical-object	only wordnet
single	shepherd	property	only sumo
single	shepherd	structure	only opencyc
single	shepherd	system	only opencyc
single	shepherd	vertebrate	only opencyc
single	shipping-agent	agent	only wordnet
single	shipping-agent	attribute	only sumo
single	shipping-agent	businessman	only wikidata
single	shipping-agent	cameraman	only isco
single	shipping-agent	communicator	only wordnet
single	shipping-agent	detective	only isco
single	shipping-agent	inspector	only isco
single	shipping-agent	investment-banker	only isco
single	shipping-agent	man	only isco
single	shipping-agent	organism	only wordnet
single	shipping-agent	paralegal	only isco
single	shipping-agent	person	only wordnet
single	shipping-agent	physical-object	only wordnet
single	shipping-agent	promoter	only isco
single	shipping-agent	property	only sumo
single	shipping-agent	representative	only wordnet
single	shipping-agent	representative-agent	only wordnet
single	shipping-agent	supervisor	only isco
single	shipping-agent	technician	only isco
single	shipping-agent	trader	only isco
single	shipping-agent	woman	only isco
single	shipwright	agent	only wordnet
single	shipwright	attribute	only sumo
single	shipwright	businessman	only wikidata
single	shipwright	organism	only wordnet
single	shipwright	physical-object	only wordnet
single	shipwright	property	only sumo
single	shipwright	skilled-worker	only wordnet
single	shirtmaker	agent	only wordnet
single	shirtmaker	attribute	only sumo
single	shirtmaker	beater	only isco
single	shirtmaker	blaster	only isco
single	shirtmaker	bodybuilder	only isco
single	shirtmaker	cabinetmaker	only isco
single	shirtmaker	caster.person	only isco
single	shirtmaker	compositor	only isco
single	shirtmaker	dressmaker	only isco
single	shirtmaker	engraver	only isco
single	shirtmaker	fitter	only isco
single	shirtmaker	glassworker	only isco
single	shirtmaker	ironworker	only isco
single	shirtmaker	machinist	only isco
single	shirtmaker	mender	only isco
single	shirtmaker	organism	only wordnet
single	shirtmaker	painter	only isco
single	shirtmaker	physical-object	only wordnet
single	shirtmaker	property	only sumo
single	shirtmaker	refinisher	only isco
single	shirtmaker	rigger	only isco
single	shirtmaker	shipwright	only isco
single	shirtmaker	smith	only isco
single	shirtmaker	splitter	only isco
single	shirtmaker	sprayer	only isco
single	shirtmaker	stainer	only isco
single	shirtmaker	stonecutter	only isco
single	shirtmaker	tuner	only isco
single	shirtmaker	varnisher	only isco
single	shirtmaker	welder	only isco
single	shirtmaker	woodcarver	only isco
single	shirtmaker	worker	only isco
single	shooter	animal	only sumo
single	shooter	body	only sumo
single	shooter	cameraman	only isco
single	shooter	detective	only isco
single	shooter	expert	only wordnet
single	shooter	human	only sumo
single	shooter	inspector	only isco
single	shooter	mammal	only sumo
single	shooter	man	only isco
single	shooter	paralegal	only isco
single	shooter	populace	only sumo
single	shooter	promoter	only isco
single	shooter	reckoner	only isco
single	shooter	self	only sumo
single	shooter	species	only sumo
single	shooter	supervisor	only isco
single	shooter	technician	only isco
single	shooter	vertebrate	only sumo
single	shooter	woman	only isco
single	shooter	worker	only isco
single	shoveler	animal	only sumo
single	shoveler	animal-trainer	only isco
single	shoveler	body	only sumo
single	shoveler	girl	only isco
single	shoveler	hired-hand	only isco
single	shoveler	human	only sumo
single	shoveler	laborer	only isco
single	shoveler	male-child	only isco
single	shoveler	mammal	only sumo
single	shoveler	packer	only isco
single	shoveler	picker	only isco
single	shoveler	populace	only sumo
single	shoveler	porter	only isco
single	shoveler	remover	only isco
single	shoveler	self	only sumo
single	shoveler	species	only sumo
single	shoveler	stacker	only isco
single	shoveler	stevedore	only isco
single	shoveler	sweeper	only isco
single	shoveler	vertebrate	only sumo
single	shoveler	washer.person	only isco
single	shoveler	window-washer	only isco
single	showman	adviser	only isco
single	showman	agent	only wordnet
single	showman	analyst.person	only isco
single	showman	architect	only isco
single	showman	artist	only isco
single	showman	attribute	only sumo
single	showman	booker	only wordnet
single	showman	businessman	only wikidata
single	showman	communicator	only wordnet
single	showman	copywriter	only isco
single	showman	developer	only isco
single	showman	editor	only isco
single	showman	educator	only isco
single	showman	engineer	only isco
single	showman	epidemiologist	only isco
single	showman	expert	only isco
single	showman	hearer	only isco
single	showman	immunologist	only isco
single	showman	organism	only wordnet
single	showman	person	only wordnet
single	showman	physical-object	only wordnet
single	showman	producer	only wikidata
single	showman	professional	only isco
single	showman	property	only sumo
single	showman	reporter	only isco
single	showman	representative	only wordnet
single	showman	representative-agent	only wordnet
single	showman	research-worker	only isco
single	showman	scientist	only isco
single	showman	specialist	only isco
single	showman	sports-announcer	only isco
single	showman	systems-analyst	only isco
single	showman	translator	only isco
single	showman	writer	only isco
single	silversmith	agent	only wordnet
single	silversmith	attribute	only sumo
single	silversmith	beater	only isco
single	silversmith	blaster	only isco
single	silversmith	bodybuilder	only isco
single	silversmith	cabinetmaker	only isco
single	silversmith	caster.person	only isco
single	silversmith	compositor	only isco
single	silversmith	engraver	only isco
single	silversmith	etcher	only isco
single	silversmith	fitter	only isco
single	silversmith	glassworker	only isco
single	silversmith	human	only opencyc
single	silversmith	ironworker	only isco
single	silversmith	jewelry-maker	only wordnet
single	silversmith	machinist	only isco
single	silversmith	mammal	only opencyc
single	silversmith	mender	only isco
single	silversmith	mounter	only isco
single	silversmith	organism	only wordnet
single	silversmith	painter	only isco
single	silversmith	physical-object	only wordnet
single	silversmith	property	only sumo
single	silversmith	refinisher	only isco
single	silversmith	rigger	only isco
single	silversmith	shipwright	only isco
single	silversmith	smith	only isco
single	silversmith	splitter	only isco
single	silversmith	sprayer	only isco
single	silversmith	stamper	only isco
single	silversmith	stonecutter	only isco
single	silversmith	structure	only opencyc
single	silversmith	system	only opencyc
single	silversmith	transferer	only isco
single	silversmith	tuner	only isco
single	silversmith	varnisher	only isco
single	silversmith	vertebrate	only opencyc
single	silversmith	weaver	only isco
single	silversmith	welder	only isco
single	silversmith	woodcarver	only isco
single	singer	analyst.person	only isco
single	singer	copywriter	only isco
single	singer	developer	only isco
single	singer	editor	only isco
single	singer	educator	only isco
single	singer	epidemiologist	only isco
single	singer	hearer	only isco
single	singer	immunologist	only isco
single	singer	skilled-worker	only opencyc
single	singer	sports-announcer	only isco
single	singer	systems-analyst	only isco
single	singer	translator	only isco
single	sitter	adjutant	only isco
single	sitter	agent	only sumo
single	sitter	automaton	only wikidata
single	sitter	ayah	only isco
single	sitter	bodyguard	only isco
single	sitter	concierge	only isco
single	sitter	guard	only isco
single	sitter	host	only isco
single	sitter	hostess	only isco
single	sitter	human	only opencyc
single	sitter	machine	only wikidata
single	sitter	mammal	only opencyc
single	sitter	species	only sumo
single	sitter	structure	only opencyc
single	sitter	system	only opencyc
single	sitter	vertebrate	only opencyc
single	skier	animal	only sumo
single	skier	body	only sumo
single	skier	cameraman	only isco
single	skier	detective	only isco
single	skier	inspector	only isco
single	skier	man	only isco
single	skier	paralegal	only isco
single	skier	populace	only sumo
single	skier	promoter	only isco
single	skier	self	only sumo
single	skier	species	only sumo
single	skier	structure	only opencyc
single	skier	supervisor	only isco
single	skier	system	only opencyc
single	skier	technician	only isco
single	skier	woman	only isco
single	skilled-worker	agent	only wordnet
single	skilled-worker	agriculturist	only isco
single	skilled-worker	attribute	only sumo
single	skilled-worker	cowboy	only isco
single	skilled-worker	farmer	only isco
single	skilled-worker	farmhand	only isco
single	skilled-worker	gardener	only isco
single	skilled-worker	goat-herder	only isco
single	skilled-worker	human	only opencyc
single	skilled-worker	mammal	only opencyc
single	skilled-worker	organism	only wordnet
single	skilled-worker	physical-object	only wordnet
single	skilled-worker	property	only sumo
single	skilled-worker	shepherd	only isco
single	skilled-worker	structure	only opencyc
single	skilled-worker	system	only opencyc
single	skilled-worker	vertebrate	only opencyc
single	skinner	animal	only sumo
single	skinner	beater	only isco
single	skinner	blaster	only isco
single	skinner	body	only sumo
single	skinner	bodybuilder	only isco
single	skinner	cabinetmaker	only isco
single	skinner	caster.person	only isco
single	skinner	compositor	only isco
single	skinner	craftsman	only isco
single	skinner	engraver	only isco
single	skinner	fitter	only isco
single	skinner	glassworker	only isco
single	skinner	human	only sumo
single	skinner	ironworker	only isco
single	skinner	machinist	only isco
single	skinner	maker	only isco
single	skinner	mammal	only sumo
single	skinner	mender	only isco
single	skinner	painter	only isco
single	skinner	populace	only sumo
single	skinner	refinisher	only isco
single	skinner	rigger	only isco
single	skinner	self	only sumo
single	skinner	shipwright	only isco
single	skinner	skilled-worker	only wordnet
single	skinner	smith	only isco
single	skinner	species	only sumo
single	skinner	splitter	only isco
single	skinner	sprayer	only isco
single	skinner	stainer	only isco
single	skinner	stonecutter	only isco
single	skinner	tuner	only isco
single	skinner	varnisher	only isco
single	skinner	vertebrate	only sumo
single	skinner	welder	only isco
single	skinner	woodcarver	only isco
single	skipper	agriculturist	only isco
single	skipper	animal	only sumo
single	skipper	body	only sumo
single	skipper	captain	only wikidata
single	skipper	cowboy	only isco
single	skipper	farmer	only isco
single	skipper	farmhand	only isco
single	skipper	fisherman	only isco
single	skipper	forester	only isco
single	skipper	gardener	only isco
single	skipper	goat-herder	only isco
single	skipper	human	only sumo
single	skipper	hunter	only isco
single	skipper	mammal	only sumo
single	skipper	populace	only sumo
single	skipper	self	only sumo
single	skipper	shepherd	only isco
single	skipper	species	only sumo
single	skipper	student	only wordnet
single	skipper	trapper	only isco
single	skipper	vertebrate	only sumo
single	skipper	worker	only isco
single	smasher	adult	only wordnet
single	smasher	animal	only sumo
single	smasher	beater	only isco
single	smasher	blaster	only isco
single	smasher	body	only sumo
single	smasher	bodybuilder	only isco
single	smasher	cabinetmaker	only isco
single	smasher	caster.person	only isco
single	smasher	compositor	only isco
single	smasher	craftsman	only isco
single	smasher	engraver	only isco
single	smasher	fitter	only isco
single	smasher	glassworker	only isco
single	smasher	human	only sumo
single	smasher	ironworker	only isco
single	smasher	lady	only sumo
single	smasher	machinist	only isco
single	smasher	maker	only isco
single	smasher	mammal	only sumo
single	smasher	mender	only isco
single	smasher	painter	only isco
single	smasher	populace	only sumo
single	smasher	refinisher	only isco
single	smasher	rigger	only isco
single	smasher	self	only sumo
single	smasher	shipwright	only isco
single	smasher	smith	only isco
single	smasher	species	only sumo
single	smasher	splitter	only isco
single	smasher	sprayer	only isco
single	smasher	stainer	only isco
single	smasher	stonecutter	only isco
single	smasher	tuner	only isco
single	smasher	varnisher	only isco
single	smasher	vertebrate	only sumo
single	smasher	welder	only isco
single	smasher	woodcarver	only isco
single	smasher	worker	only isco
single	smith	agent	only wordnet
single	smith	attribute	only sumo
single	smith	organism	only wordnet
single	smith	person	only wordnet
single	smith	physical-object	only wordnet
single	smith	property	only sumo
single	smith	skilled-worker	only wordnet
single	smuggler	agent	only wordnet
single	smuggler	animal-trainer	only isco
single	smuggler	attribute	only sumo
single	smuggler	girl	only isco
single	smuggler	hired-hand	only isco
single	smuggler	human	only opencyc
single	smuggler	laborer	only isco
single	smuggler	male-child	only isco
single	smuggler	mammal	only opencyc
single	smuggler	organism	only wordnet
single	smuggler	person	only wordnet
single	smuggler	physical-object	only wordnet
single	smuggler	picker	only isco
single	smuggler	porter	only isco
single	smuggler	property	only sumo
single	smuggler	remover	only isco
single	smuggler	stacker	only isco
single	smuggler	stevedore	only isco
single	smuggler	structure	only opencyc
single	smuggler	sweeper	only isco
single	smuggler	system	only opencyc
single	smuggler	vertebrate	only opencyc
single	smuggler	washer.person	only isco
single	smuggler	window-washer	only isco
single	smuggler	wrongdoer	only wordnet
single	social-climber	agriculturist	only isco
single	social-climber	animal	only sumo
single	social-climber	body	only sumo
single	social-climber	cowboy	only isco
single	social-climber	farmer	only isco
single	social-climber	farmhand	only isco
single	social-climber	fisherman	only isco
single	social-climber	forester	only isco
single	social-climber	gardener	only isco
single	social-climber	goat-herder	only isco
single	social-climber	human	only sumo
single	social-climber	hunter	only isco
single	social-climber	mammal	only sumo
single	social-climber	populace	only sumo
single	social-climber	self	only sumo
single	social-climber	shepherd	only isco
single	social-climber	species	only sumo
single	social-climber	trapper	only isco
single	social-climber	vertebrate	only sumo
single	social-climber	worker	only isco
single	social-scientist	adult	only opencyc
single	social-scientist	adviser	only isco
single	social-scientist	agent	only wordnet
single	social-scientist	analyst.person	only isco
single	social-scientist	architect	only isco
single	social-scientist	artist	only isco
single	social-scientist	attribute	only sumo
single	social-scientist	copywriter	only isco
single	social-scientist	developer	only isco
single	social-scientist	editor	only isco
single	social-scientist	educator	only isco
single	social-scientist	engineer	only isco
single	social-scientist	epidemiologist	only isco
single	social-scientist	expert	only isco
single	social-scientist	hearer	only isco
single	social-scientist	human	only opencyc
single	social-scientist	immunologist	only isco
single	social-scientist	mammal	only opencyc
single	social-scientist	organism	only wordnet
single	social-scientist	person	only wordnet
single	social-scientist	physical-object	only wordnet
single	social-scientist	professional	only isco
single	social-scientist	property	only sumo
single	social-scientist	reporter	only isco
single	social-scientist	specialist	only isco
single	social-scientist	sports-announcer	only isco
single	social-scientist	structure	only opencyc
single	social-scientist	system	only opencyc
single	social-scientist	systems-analyst	only isco
single	social-scientist	translator	only isco
single	social-scientist	vertebrate	only opencyc
single	social-scientist	writer	only isco
single	social-worker	adult	only opencyc
single	social-worker	adviser	only isco
single	social-worker	agent	only wordnet
single	social-worker	analyst.person	only isco
single	social-worker	architect	only isco
single	social-worker	artist	only isco
single	social-worker	attribute	only sumo
single	social-worker	copywriter	only isco
single	social-worker	developer	only isco
single	social-worker	editor	only isco
single	social-worker	educator	only isco
single	social-worker	employee	only wordnet
single	social-worker	engineer	only isco
single	social-worker	epidemiologist	only isco
single	social-worker	expert	only isco
single	social-worker	hearer	only isco
single	social-worker	human	only opencyc
single	social-worker	immunologist	only isco
single	social-worker	mammal	only opencyc
single	social-worker	organism	only wordnet
single	social-worker	person	only wordnet
single	social-worker	physical-object	only wordnet
single	social-worker	property	only sumo
single	social-worker	reporter	only isco
single	social-worker	research-worker	only isco
single	social-worker	scientist	only isco
single	social-worker	skilled-worker	only opencyc
single	social-worker	specialist	only isco
single	social-worker	sports-announcer	only isco
single	social-worker	structure	only opencyc
single	social-worker	system	only opencyc
single	social-worker	systems-analyst	only isco
single	social-worker	translator	only isco
single	social-worker	vertebrate	only opencyc
single	social-worker	writer	only isco
single	sociologist	adviser	only isco
single	sociologist	agent	only wordnet
single	sociologist	analyst.person	only isco
single	sociologist	architect	only isco
single	sociologist	artist	only isco
single	sociologist	copywriter	only isco
single	sociologist	developer	only isco
single	sociologist	editor	only isco
single	sociologist	educator	only isco
single	sociologist	engineer	only isco
single	sociologist	epidemiologist	only isco
single	sociologist	expert	only isco
single	sociologist	hearer	only isco
single	sociologist	immunologist	only isco
single	sociologist	organism	only wordnet
single	sociologist	physical-object	only wordnet
single	sociologist	professional	only isco
single	sociologist	reporter	only isco
single	sociologist	skilled-worker	only wikidata
single	sociologist	specialist	only isco
single	sociologist	sports-announcer	only isco
single	sociologist	systems-analyst	only isco
single	sociologist	translator	only isco
single	sociologist	worker	only isco
single	sociologist	writer	only isco
single	solderer	animal	only sumo
single	solderer	beater	only isco
single	solderer	blaster	only isco
single	solderer	body	only sumo
single	solderer	bodybuilder	only isco
single	solderer	cabinetmaker	only isco
single	solderer	caster.person	only isco
single	solderer	compositor	only isco
single	solderer	craftsman	only isco
single	solderer	engraver	only isco
single	solderer	fitter	only isco
single	solderer	glassworker	only isco
single	solderer	human	only sumo
single	solderer	ironworker	only isco
single	solderer	machinist	only isco
single	solderer	maker	only isco
single	solderer	mammal	only sumo
single	solderer	mender	only isco
single	solderer	painter	only isco
single	solderer	populace	only sumo
single	solderer	refinisher	only isco
single	solderer	rigger	only isco
single	solderer	self	only sumo
single	solderer	shipwright	only isco
single	solderer	smith	only isco
single	solderer	species	only sumo
single	solderer	splitter	only isco
single	solderer	sprayer	only isco
single	solderer	stonecutter	only isco
single	solderer	tuner	only isco
single	solderer	varnisher	only isco
single	solderer	vertebrate	only sumo
single	solderer	welder	only isco
single	solderer	woodcarver	only isco
single	sommelier	adjutant	only isco
single	sommelier	agent	only wordnet
single	sommelier	attribute	only sumo
single	sommelier	bodyguard	only isco
single	sommelier	concierge	only isco
single	sommelier	employee	only wordnet
single	sommelier	guard	only isco
single	sommelier	host	only isco
single	sommelier	hostess	only isco
single	sommelier	organism	only wordnet
single	sommelier	person	only wordnet
single	sommelier	physical-object	only wordnet
single	sommelier	property	only sumo
single	sommelier	stewardess	only isco
single	sommelier	waiter	only wordnet
single	songwriter	adviser	only isco
single	songwriter	agent	only wordnet
single	songwriter	analyst.person	only isco
single	songwriter	architect	only isco
single	songwriter	communicator	only opencyc
single	songwriter	copywriter	only isco
single	songwriter	developer	only isco
single	songwriter	editor	only isco
single	songwriter	educator	only isco
single	songwriter	engineer	only isco
single	songwriter	epidemiologist	only isco
single	songwriter	expert	only isco
single	songwriter	hearer	only isco
single	songwriter	human	only opencyc
single	songwriter	immunologist	only isco
single	songwriter	instrumentalist	only wikidata
single	songwriter	mammal	only opencyc
single	songwriter	organism	only wordnet
single	songwriter	physical-object	only wordnet
single	songwriter	professional	only isco
single	songwriter	reporter	only isco
single	songwriter	research-worker	only isco
single	songwriter	scientist	only isco
single	songwriter	singer	only wikidata
single	songwriter	specialist	only isco
single	songwriter	sports-announcer	only isco
single	songwriter	structure	only opencyc
single	songwriter	system	only opencyc
single	songwriter	systems-analyst	only isco
single	songwriter	translator	only isco
single	songwriter	vertebrate	only opencyc
single	songwriter	writer	only isco
single	soprano	skilled-worker	only opencyc
single	soprano.person	adviser	only isco
single	soprano.person	analyst.person	only isco
single	soprano.person	animal	only sumo
single	soprano.person	architect	only isco
single	soprano.person	artist	only isco
single	soprano.person	body	only sumo
single	soprano.person	copywriter	only isco
single	soprano.person	developer	only isco
single	soprano.person	editor	only isco
single	soprano.person	educator	only isco
single	soprano.person	engineer	only isco
single	soprano.person	epidemiologist	only isco
single	soprano.person	expert	only isco
single	soprano.person	hearer	only isco
single	soprano.person	human	only sumo
single	soprano.person	immunologist	only isco
single	soprano.person	instrumentalist	only wordnet
single	soprano.person	lady	only sumo
single	soprano.person	mammal	only sumo
single	soprano.person	performer	only wordnet
single	soprano.person	populace	only sumo
single	soprano.person	professional	only isco
single	soprano.person	reporter	only isco
single	soprano.person	research-worker	only isco
single	soprano.person	scientist	only isco
single	soprano.person	self	only sumo
single	soprano.person	singer	only wordnet
single	soprano.person	specialist	only isco
single	soprano.person	species	only sumo
single	soprano.person	sports-announcer	only isco
single	soprano.person	systems-analyst	only isco
single	soprano.person	translator	only isco
single	soprano.person	vertebrate	only sumo
single	soprano.person	woman	only sumo
single	soprano.person	worker	only isco
single	soprano.person	writer	only isco
single	sovereign	communicator	only wordnet
single	sovereign	head-of-state	only wordnet
single	speaker	chancellor-of-the-exchequer	only isco
single	speaker	communicator	only wordnet
single	speaker	general-manager	only isco
single	speaker	president.person	only isco
single	speaker	secretary-general	only isco
single	speech-therapist	adviser	only isco
single	speech-therapist	agent	only wordnet
single	speech-therapist	analyst.person	only isco
single	speech-therapist	architect	only isco
single	speech-therapist	artist	only isco
single	speech-therapist	attribute	only sumo
single	speech-therapist	copywriter	only isco
single	speech-therapist	developer	only isco
single	speech-therapist	doctor	only isco
single	speech-therapist	educator	only isco
single	speech-therapist	engineer	only isco
single	speech-therapist	epidemiologist	only isco
single	speech-therapist	hearer	only isco
single	speech-therapist	immunologist	only isco
single	speech-therapist	organism	only wordnet
single	speech-therapist	person	only wordnet
single	speech-therapist	physical-object	only wordnet
single	speech-therapist	professional	only isco
single	speech-therapist	property	only sumo
single	speech-therapist	research-worker	only isco
single	speech-therapist	scientist	only isco
single	speech-therapist	specialist	only isco
single	speech-therapist	surgeon	only isco
single	speech-therapist	systems-analyst	only isco
single	speech-therapist	therapist	only wordnet
single	speech-therapist	worker	only isco
single	speech-therapist	writer	only isco
single	speechwriter	adviser	only isco
single	speechwriter	agent	only wordnet
single	speechwriter	analyst.person	only isco
single	speechwriter	architect	only isco
single	speechwriter	attribute	only sumo
single	speechwriter	communicator	only wordnet
single	speechwriter	copywriter	only isco
single	speechwriter	developer	only isco
single	speechwriter	editor	only isco
single	speechwriter	educator	only isco
single	speechwriter	engineer	only isco
single	speechwriter	epidemiologist	only isco
single	speechwriter	expert	only isco
single	speechwriter	hearer	only isco
single	speechwriter	immunologist	only isco
single	speechwriter	organism	only wordnet
single	speechwriter	physical-object	only wordnet
single	speechwriter	professional	only isco
single	speechwriter	property	only sumo
single	speechwriter	reporter	only isco
single	speechwriter	research-worker	only isco
single	speechwriter	scientist	only isco
single	speechwriter	specialist	only isco
single	speechwriter	sports-announcer	only isco
single	speechwriter	systems-analyst	only isco
single	speechwriter	translator	only isco
single	speechwriter	worker	only isco
single	splicer	agent	only wordnet
single	splicer	attribute	only sumo
single	splicer	beater	only isco
single	splicer	blaster	only isco
single	splicer	bodybuilder	only isco
single	splicer	cabinetmaker	only isco
single	splicer	caster.person	only isco
single	splicer	compositor	only isco
single	splicer	engraver	only isco
single	splicer	fitter	only isco
single	splicer	glassworker	only isco
single	splicer	ironworker	only isco
single	splicer	machinist	only isco
single	splicer	maker	only isco
single	splicer	mender	only isco
single	splicer	organism	only wordnet
single	splicer	painter	only isco
single	splicer	person	only wordnet
single	splicer	physical-object	only wordnet
single	splicer	property	only sumo
single	splicer	refinisher	only isco
single	splicer	rigger	only isco
single	splicer	shipwright	only isco
single	splicer	skilled-worker	only wordnet
single	splicer	smith	only isco
single	splicer	splitter	only isco
single	splicer	sprayer	only isco
single	splicer	stonecutter	only isco
single	splicer	tuner	only isco
single	splicer	varnisher	only isco
single	splicer	welder	only isco
single	splicer	woodcarver	only isco
single	splicer	woodworker	only wordnet
single	splitter	animal	only sumo
single	splitter	body	only sumo
single	splitter	human	only sumo
single	splitter	mammal	only sumo
single	splitter	populace	only sumo
single	splitter	self	only sumo
single	splitter	species	only sumo
single	splitter	vertebrate	only sumo
single	sports-announcer	adult	only opencyc
single	sports-announcer	adviser	only isco
single	sports-announcer	agent	only wordnet
single	sports-announcer	analyst.person	only isco
single	sports-announcer	architect	only isco
single	sports-announcer	artist	only isco
single	sports-announcer	attribute	only sumo
single	sports-announcer	copywriter	only isco
single	sports-announcer	developer	only isco
single	sports-announcer	educator	only isco
single	sports-announcer	engineer	only isco
single	sports-announcer	epidemiologist	only isco
single	sports-announcer	expert	only isco
single	sports-announcer	hearer	only isco
single	sports-announcer	hostess	only wikidata
single	sports-announcer	human	only opencyc
single	sports-announcer	immunologist	only isco
single	sports-announcer	mammal	only opencyc
single	sports-announcer	organism	only wordnet
single	sports-announcer	physical-object	only wordnet
single	sports-announcer	property	only sumo
single	sports-announcer	research-worker	only isco
single	sports-announcer	scientist	only isco
single	sports-announcer	skilled-worker	only opencyc
single	sports-announcer	specialist	only isco
single	sports-announcer	structure	only opencyc
single	sports-announcer	system	only opencyc
single	sports-announcer	systems-analyst	only isco
single	sports-announcer	vertebrate	only opencyc
single	sports-announcer	writer	only isco
single	sports-editor	adviser	only isco
single	sports-editor	agent	only wordnet
single	sports-editor	analyst.person	only isco
single	sports-editor	architect	only isco
single	sports-editor	artist	only isco
single	sports-editor	attribute	only sumo
single	sports-editor	copywriter	only isco
single	sports-editor	developer	only isco
single	sports-editor	educator	only isco
single	sports-editor	engineer	only isco
single	sports-editor	epidemiologist	only isco
single	sports-editor	expert	only isco
single	sports-editor	hearer	only isco
single	sports-editor	immunologist	only isco
single	sports-editor	organism	only wordnet
single	sports-editor	person	only wordnet
single	sports-editor	physical-object	only wordnet
single	sports-editor	professional	only isco
single	sports-editor	property	only sumo
single	sports-editor	reporter	only isco
single	sports-editor	research-worker	only isco
single	sports-editor	scientist	only isco
single	sports-editor	skilled-worker	only wordnet
single	sports-editor	specialist	only isco
single	sports-editor	sports-announcer	only isco
single	sports-editor	systems-analyst	only isco
single	sports-editor	translator	only isco
single	sports-editor	writer	only isco
single	sports-writer	adviser	only isco
single	sports-writer	agent	only wordnet
single	sports-writer	analyst.person	only isco
single	sports-writer	architect	only isco
single	sports-writer	artist	only isco
single	sports-writer	attribute	only sumo
single	sports-writer	communicator	only wordnet
single	sports-writer	copywriter	only isco
single	sports-writer	developer	only isco
single	sports-writer	editor	only isco
single	sports-writer	educator	only isco
single	sports-writer	engineer	only isco
single	sports-writer	epidemiologist	only isco
single	sports-writer	expert	only isco
single	sports-writer	hearer	only isco
single	sports-writer	immunologist	only isco
single	sports-writer	organism	only wordnet
single	sports-writer	physical-object	only wordnet
single	sports-writer	professional	only isco
single	sports-writer	property	only sumo
single	sports-writer	reporter	only isco
single	sports-writer	research-worker	only isco
single	sports-writer	scientist	only isco
single	sports-writer	specialist	only isco
single	sports-writer	systems-analyst	only isco
single	sports-writer	translator	only isco
single	sports-writer	worker	only isco
single	spotter	agent	only wordnet
single	spotter	animal-trainer	only isco
single	spotter	employee	only wordnet
single	spotter	girl	only isco
single	spotter	hired-hand	only isco
single	spotter	laborer	only isco
single	spotter	male-child	only isco
single	spotter	organism	only wordnet
single	spotter	person	only wordnet
single	spotter	physical-object	only wordnet
single	spotter	picker	only isco
single	spotter	porter	only isco
single	spotter	remover	only isco
single	spotter	stacker	only isco
single	spotter	stevedore	only isco
single	spotter	sweeper	only isco
single	spotter	washer.person	only isco
single	spotter	window-washer	only isco
single	sprayer	agent	only wordnet
single	sprayer	attribute	only sumo
single	sprayer	employee	only wordnet
single	sprayer	laborer	only wordnet
single	sprayer	organism	only wordnet
single	sprayer	person	only wordnet
single	sprayer	physical-object	only wordnet
single	sprayer	plumbing	only gpt
single	sprayer	property	only sumo
single	spy	communicator	only wordnet
single	stacker	agent	only wordnet
single	stacker	attribute	only sumo
single	stacker	employee	only wordnet
single	stacker	laborer	only wordnet
single	stacker	machine	only wikidata
single	stacker	organism	only wordnet
single	stacker	person	only wordnet
single	stacker	physical-object	only wordnet
single	stacker	property	only sumo
single	stage-director	adviser	only isco
single	stage-director	agent	only wordnet
single	stage-director	analyst.person	only isco
single	stage-director	architect	only isco
single	stage-director	attribute	only sumo
single	stage-director	copywriter	only isco
single	stage-director	developer	only isco
single	stage-director	director	only wikidata
single	stage-director	editor	only isco
single	stage-director	educator	only isco
single	stage-director	engineer	only isco
single	stage-director	epidemiologist	only isco
single	stage-director	expert	only isco
single	stage-director	hearer	only isco
single	stage-director	immunologist	only isco
single	stage-director	leader	only wordnet
single	stage-director	manager	only wikidata
single	stage-director	organism	only wordnet
single	stage-director	physical-object	only wordnet
single	stage-director	professional	only isco
single	stage-director	property	only sumo
single	stage-director	reporter	only isco
single	stage-director	research-worker	only isco
single	stage-director	scientist	only isco
single	stage-director	specialist	only isco
single	stage-director	sports-announcer	only isco
single	stage-director	supervisor	only wordnet
single	stage-director	systems-analyst	only isco
single	stage-director	translator	only isco
single	stage-director	worker	only isco
single	stage-director	writer	only isco
single	stage-manager	agent	only wordnet
single	stage-manager	attribute	only sumo
single	stage-manager	cameraman	only isco
single	stage-manager	detective	only isco
single	stage-manager	inspector	only isco
single	stage-manager	leader	only wordnet
single	stage-manager	man	only isco
single	stage-manager	organism	only wordnet
single	stage-manager	paralegal	only isco
single	stage-manager	person	only wordnet
single	stage-manager	physical-object	only wordnet
single	stage-manager	promoter	only isco
single	stage-manager	property	only sumo
single	stage-manager	technician	only isco
single	stage-manager	woman	only isco
single	stage-manager	worker	only isco
single	stainer	animal	only sumo
single	stainer	beater	only isco
single	stainer	blaster	only isco
single	stainer	body	only sumo
single	stainer	bodybuilder	only isco
single	stainer	cabinetmaker	only isco
single	stainer	caster.person	only isco
single	stainer	compositor	only isco
single	stainer	craftsman	only isco
single	stainer	engraver	only isco
single	stainer	fitter	only isco
single	stainer	glassworker	only isco
single	stainer	human	only sumo
single	stainer	ironworker	only isco
single	stainer	machinist	only isco
single	stainer	maker	only isco
single	stainer	mammal	only sumo
single	stainer	mender	only isco
single	stainer	painter	only isco
single	stainer	populace	only sumo
single	stainer	refinisher	only isco
single	stainer	rigger	only isco
single	stainer	self	only sumo
single	stainer	shipwright	only isco
single	stainer	smith	only isco
single	stainer	species	only sumo
single	stainer	splitter	only isco
single	stainer	sprayer	only isco
single	stainer	stonecutter	only isco
single	stainer	tuner	only isco
single	stainer	varnisher	only isco
single	stainer	vertebrate	only sumo
single	stainer	welder	only isco
single	stainer	woodcarver	only isco
single	stamper	agent	only wordnet
single	stamper	attribute	only sumo
single	stamper	beater	only isco
single	stamper	blaster	only isco
single	stamper	bodybuilder	only isco
single	stamper	cabinetmaker	only isco
single	stamper	caster.person	only isco
single	stamper	compositor	only isco
single	stamper	craftsman	only isco
single	stamper	employee	only wordnet
single	stamper	engraver	only isco
single	stamper	fitter	only isco
single	stamper	glassworker	only isco
single	stamper	ironworker	only isco
single	stamper	machinist	only isco
single	stamper	maker	only isco
single	stamper	mender	only isco
single	stamper	organism	only wordnet
single	stamper	painter	only isco
single	stamper	person	only wordnet
single	stamper	physical-object	only wordnet
single	stamper	property	only sumo
single	stamper	refinisher	only isco
single	stamper	rigger	only isco
single	stamper	shipwright	only isco
single	stamper	smith	only isco
single	stamper	splitter	only isco
single	stamper	sprayer	only isco
single	stamper	stonecutter	only isco
single	stamper	tuner	only isco
single	stamper	varnisher	only isco
single	stamper	welder	only isco
single	stamper	woodcarver	only isco
single	statistician	adviser	only isco
single	statistician	agent	only wordnet
single	statistician	analyst.person	only isco
single	statistician	architect	only isco
single	statistician	artist	only isco
single	statistician	copywriter	only isco
single	statistician	developer	only isco
single	statistician	educator	only isco
single	statistician	engineer	only isco
single	statistician	epidemiologist	only isco
single	statistician	expert	only isco
single	statistician	hearer	only isco
single	statistician	immunologist	only isco
single	statistician	organism	only wordnet
single	statistician	person	only wordnet
single	statistician	physical-object	only wordnet
single	statistician	professional	only isco
single	statistician	research-worker	only isco
single	statistician	specialist	only isco
single	statistician	surveyor	only isco
single	statistician	systems-analyst	only isco
single	statistician	worker	only isco
single	statistician	writer	only isco
single	steeplejack	agent	only wordnet
single	steeplejack	attribute	only sumo
single	steeplejack	beater	only isco
single	steeplejack	blaster	only isco
single	steeplejack	bodybuilder	only isco
single	steeplejack	cabinetmaker	only isco
single	steeplejack	caster.person	only isco
single	steeplejack	compositor	only isco
single	steeplejack	craftsman	only isco
single	steeplejack	employee	only wordnet
single	steeplejack	engraver	only isco
single	steeplejack	fitter	only isco
single	steeplejack	glassworker	only isco
single	steeplejack	ironworker	only isco
single	steeplejack	laborer	only wordnet
single	steeplejack	machinist	only isco
single	steeplejack	maker	only isco
single	steeplejack	mason	only isco
single	steeplejack	mender	only isco
single	steeplejack	organism	only wordnet
single	steeplejack	painter	only isco
single	steeplejack	person	only wordnet
single	steeplejack	physical-object	only wordnet
single	steeplejack	property	only sumo
single	steeplejack	refinisher	only isco
single	steeplejack	shipwright	only isco
single	steeplejack	smith	only isco
single	steeplejack	splitter	only isco
single	steeplejack	sprayer	only isco
single	steeplejack	stonecutter	only isco
single	steeplejack	tuner	only isco
single	steeplejack	varnisher	only isco
single	steeplejack	welder	only isco
single	steeplejack	woodcarver	only isco
single	stevedore	agent	only wordnet
single	stevedore	attribute	only sumo
single	stevedore	employee	only wordnet
single	stevedore	laborer	only wordnet
single	stevedore	organism	only wordnet
single	stevedore	person	only wordnet
single	stevedore	physical-object	only wordnet
single	stevedore	property	only sumo
single	steward	adjutant	only isco
single	steward	bodyguard	only isco
single	steward	concierge	only isco
single	steward	hostess	only isco
single	stewardess	adjutant	only isco
single	stewardess	agent	only wordnet
single	stewardess	assistant	only wordnet
single	stewardess	bodyguard	only isco
single	stewardess	concierge	only isco
single	stewardess	guard	only isco
single	stewardess	host	only isco
single	stewardess	hostess	only isco
single	stewardess	organism	only wordnet
single	stewardess	person	only wordnet
single	stewardess	physical-object	only wordnet
single	stockbroker	agent	only wordnet
single	stockbroker	businessman	only wikidata
single	stockbroker	cameraman	only isco
single	stockbroker	detective	only isco
single	stockbroker	inspector	only isco
single	stockbroker	investment-banker	only isco
single	stockbroker	man	only isco
single	stockbroker	merchant	only wikidata
single	stockbroker	organism	only wordnet
single	stockbroker	paralegal	only isco
single	stockbroker	person	only wordnet
single	stockbroker	physical-object	only wordnet
single	stockbroker	promoter	only isco
single	stockbroker	supervisor	only isco
single	stockbroker	tax-assessor	only isco
single	stockbroker	technician	only isco
single	stockbroker	woman	only isco
single	stockman	agent	only wordnet
single	stockman	agriculturist	only isco
single	stockman	attribute	only sumo
single	stockman	cowboy	only isco
single	stockman	farmhand	only isco
single	stockman	fisherman	only isco
single	stockman	forester	only isco
single	stockman	gardener	only isco
single	stockman	goat-herder	only isco
single	stockman	hunter	only isco
single	stockman	organism	only wordnet
single	stockman	person	only wordnet
single	stockman	physical-object	only wordnet
single	stockman	property	only sumo
single	stockman	shepherd	only isco
single	stockman	trapper	only isco
single	stockman	worker	only isco
single	stonecutter	agent	only wordnet
single	stonecutter	attribute	only sumo
single	stonecutter	organism	only wordnet
single	stonecutter	person	only wordnet
single	stonecutter	physical-object	only wordnet
single	stonecutter	property	only sumo
single	stonecutter	quarryman	only wordnet
single	strategist	adviser	only isco
single	strategist	analyst.person	only isco
single	strategist	animal	only sumo
single	strategist	architect	only isco
single	strategist	artist	only isco
single	strategist	body	only sumo
single	strategist	copywriter	only isco
single	strategist	developer	only isco
single	strategist	educator	only isco
single	strategist	engineer	only isco
single	strategist	epidemiologist	only isco
single	strategist	expert	only isco
single	strategist	hearer	only isco
single	strategist	human	only sumo
single	strategist	immunologist	only isco
single	strategist	mammal	only sumo
single	strategist	populace	only sumo
single	strategist	professional	only isco
single	strategist	research-worker	only isco
single	strategist	scientist	only isco
single	strategist	self	only sumo
single	strategist	specialist	only isco
single	strategist	species	only sumo
single	strategist	systems-analyst	only isco
single	strategist	vertebrate	only sumo
single	strategist	worker	only isco
single	strategist	writer	only isco
single	street-cleaner	agent	only wordnet
single	street-cleaner	animal-trainer	only isco
single	street-cleaner	attribute	only sumo
single	street-cleaner	employee	only wordnet
single	street-cleaner	girl	only isco
single	street-cleaner	hired-hand	only isco
single	street-cleaner	male-child	only isco
single	street-cleaner	organism	only wordnet
single	street-cleaner	person	only wordnet
single	street-cleaner	physical-object	only wordnet
single	street-cleaner	picker	only isco
single	street-cleaner	porter	only isco
single	street-cleaner	property	only sumo
single	street-cleaner	remover	only isco
single	street-cleaner	stacker	only isco
single	street-cleaner	stevedore	only isco
single	street-cleaner	sweeper	only isco
single	street-cleaner	washer.person	only isco
single	street-cleaner	window-washer	only isco
single	stunt-man	cameraman	only isco
single	stunt-man	inspector	only isco
single	stunt-man	paralegal	only isco
single	stunt-man	promoter	only isco
single	stunt-man	technician	only isco
single	subeditor	adviser	only isco
single	subeditor	agent	only wordnet
single	subeditor	analyst.person	only isco
single	subeditor	architect	only isco
single	subeditor	artist	only isco
single	subeditor	attribute	only sumo
single	subeditor	copywriter	only isco
single	subeditor	developer	only isco
single	subeditor	educator	only isco
single	subeditor	engineer	only isco
single	subeditor	epidemiologist	only isco
single	subeditor	expert	only isco
single	subeditor	hearer	only isco
single	subeditor	immunologist	only isco
single	subeditor	organism	only wordnet
single	subeditor	person	only wordnet
single	subeditor	physical-object	only wordnet
single	subeditor	professional	only isco
single	subeditor	property	only sumo
single	subeditor	reporter	only isco
single	subeditor	research-worker	only isco
single	subeditor	scientist	only isco
single	subeditor	skilled-worker	only wordnet
single	subeditor	specialist	only isco
single	subeditor	sports-announcer	only isco
single	subeditor	systems-analyst	only isco
single	subeditor	translator	only isco
single	subeditor	writer	only isco
single	supervisor	skilled-worker	only opencyc
single	supply-officer	agent	only wordnet
single	supply-officer	attribute	only sumo
single	supply-officer	broker	only isco
single	supply-officer	cameraman	only isco
single	supply-officer	detective	only isco
single	supply-officer	inspector	only isco
single	supply-officer	investment-banker	only isco
single	supply-officer	man	only isco
single	supply-officer	organism	only wordnet
single	supply-officer	paralegal	only isco
single	supply-officer	person	only wordnet
single	supply-officer	physical-object	only wordnet
single	supply-officer	promoter	only isco
single	supply-officer	property	only sumo
single	supply-officer	skilled-worker	only wordnet
single	supply-officer	supervisor	only isco
single	supply-officer	technician	only isco
single	supply-officer	trader	only isco
single	supply-officer	woman	only isco
single	surgeon	analyst.person	only isco
single	surgeon	copywriter	only isco
single	surgeon	developer	only isco
single	surgeon	educator	only isco
single	surgeon	epidemiologist	only isco
single	surgeon	hearer	only isco
single	surgeon	immunologist	only isco
single	surgeon	skilled-worker	only opencyc
single	surgeon	systems-analyst	only isco
single	surveyor	adviser	only isco
single	surveyor	agent	only wordnet
single	surveyor	analyst.person	only isco
single	surveyor	architect	only isco
single	surveyor	artist	only isco
single	surveyor	copywriter	only isco
single	surveyor	developer	only isco
single	surveyor	educator	only isco
single	surveyor	epidemiologist	only isco
single	surveyor	expert	only isco
single	surveyor	hearer	only isco
single	surveyor	immunologist	only isco
single	surveyor	organism	only wordnet
single	surveyor	person	only wordnet
single	surveyor	physical-object	only wordnet
single	surveyor	professional	only isco
single	surveyor	research-worker	only isco
single	surveyor	scientist	only isco
single	surveyor	specialist	only isco
single	surveyor	systems-analyst	only isco
single	surveyor	worker	only isco
single	surveyor	writer	only isco
single	sweeper	agent	only wordnet
single	sweeper	employee	only wordnet
single	sweeper	organism	only wordnet
single	sweeper	person	only wordnet
single	sweeper	physical-object	only wordnet
single	systems-analyst	adult	only opencyc
single	systems-analyst	agent	only wordnet
single	systems-analyst	analyst.person	only wordnet
single	systems-analyst	attribute	only sumo
single	systems-analyst	developer	only opencyc
single	systems-analyst	expert	only wordnet
single	systems-analyst	human	only opencyc
single	systems-analyst	mammal	only opencyc
single	systems-analyst	organism	only wordnet
single	systems-analyst	person	only wordnet
single	systems-analyst	physical-object	only wordnet
single	systems-analyst	professional	only opencyc
single	systems-analyst	property	only sumo
single	systems-analyst	skilled-worker	only opencyc
single	systems-analyst	structure	only opencyc
single	systems-analyst	system	only opencyc
single	systems-analyst	vertebrate	only opencyc
single	tailor	agent	only wordnet
single	tailor	beater	only isco
single	tailor	blaster	only isco
single	tailor	bodybuilder	only isco
single	tailor	cabinetmaker	only isco
single	tailor	caster.person	only isco
single	tailor	compositor	only isco
single	tailor	dressmaker	only isco
single	tailor	engraver	only isco
single	tailor	glassworker	only isco
single	tailor	human	only opencyc
single	tailor	ironworker	only isco
single	tailor	machinist	only isco
single	tailor	mammal	only opencyc
single	tailor	mender	only isco
single	tailor	organism	only wordnet
single	tailor	painter	only isco
single	tailor	physical-object	only wordnet
single	tailor	refinisher	only isco
single	tailor	rigger	only isco
single	tailor	shipwright	only isco
single	tailor	skilled-worker	only opencyc
single	tailor	smith	only isco
single	tailor	splitter	only isco
single	tailor	sprayer	only isco
single	tailor	stainer	only isco
single	tailor	stonecutter	only isco
single	tailor	structure	only opencyc
single	tailor	system	only opencyc
single	tailor	tuner	only isco
single	tailor	varnisher	only isco
single	tailor	vertebrate	only opencyc
single	tailor	welder	only isco
single	tailor	woodcarver	only isco
single	tallyman	agent	only wordnet
single	tallyman	attribute	only sumo
single	tallyman	employee	only wordnet
single	tallyman	organism	only wordnet
single	tallyman	person	only wordnet
single	tallyman	physical-object	only wordnet
single	tallyman	property	only sumo
single	tanner	agent	only wordnet
single	tanner	attribute	only sumo
single	tanner	beater	only isco
single	tanner	blaster	only isco
single	tanner	bodybuilder	only isco
single	tanner	cabinetmaker	only isco
single	tanner	caster.person	only isco
single	tanner	compositor	only isco
single	tanner	dressmaker	only isco
single	tanner	engraver	only isco
single	tanner	fitter	only isco
single	tanner	glassworker	only isco
single	tanner	ironworker	only isco
single	tanner	machinist	only isco
single	tanner	maker	only isco
single	tanner	mender	only isco
single	tanner	organism	only wordnet
single	tanner	painter	only isco
single	tanner	person	only wordnet
single	tanner	physical-object	only wordnet
single	tanner	property	only sumo
single	tanner	refinisher	only isco
single	tanner	rigger	only isco
single	tanner	shipwright	only isco
single	tanner	skilled-worker	only wordnet
single	tanner	smith	only isco
single	tanner	splitter	only isco
single	tanner	sprayer	only isco
single	tanner	stainer	only isco
single	tanner	stonecutter	only isco
single	tanner	tuner	only isco
single	tanner	varnisher	only isco
single	tanner	welder	only isco
single	tanner	woodcarver	only isco
single	tap-dancer	adviser	only isco
single	tap-dancer	agent	only wordnet
single	tap-dancer	analyst.person	only isco
single	tap-dancer	architect	only isco
single	tap-dancer	artist	only isco
single	tap-dancer	copywriter	only isco
single	tap-dancer	developer	only isco
single	tap-dancer	editor	only isco
single	tap-dancer	educator	only isco
single	tap-dancer	engineer	only isco
single	tap-dancer	epidemiologist	only isco
single	tap-dancer	expert	only isco
single	tap-dancer	hearer	only isco
single	tap-dancer	immunologist	only isco
single	tap-dancer	organism	only wordnet
single	tap-dancer	performer	only wordnet
single	tap-dancer	person	only wordnet
single	tap-dancer	physical-object	only wordnet
single	tap-dancer	professional	only isco
single	tap-dancer	reporter	only isco
single	tap-dancer	research-worker	only isco
single	tap-dancer	scientist	only isco
single	tap-dancer	specialist	only isco
single	tap-dancer	sports-announcer	only isco
single	tap-dancer	systems-analyst	only isco
single	tap-dancer	translator	only isco
single	tap-dancer	worker	only isco
single	tap-dancer	writer	only isco
single	tapster	agent	only wordnet
single	tapster	agriculturist	only isco
single	tapster	attribute	only sumo
single	tapster	cowboy	only isco
single	tapster	employee	only wordnet
single	tapster	farmer	only isco
single	tapster	farmhand	only isco
single	tapster	fisherman	only isco
single	tapster	forester	only isco
single	tapster	gardener	only isco
single	tapster	goat-herder	only isco
single	tapster	hunter	only isco
single	tapster	organism	only wordnet
single	tapster	person	only wordnet
single	tapster	physical-object	only wordnet
single	tapster	property	only sumo
single	tapster	shepherd	only isco
single	tapster	trapper	only isco
single	tapster	waiter	only wikidata
single	tapster	waitress	only wikidata
single	tax-assessor	agent	only wordnet
single	tax-assessor	attribute	only sumo
single	tax-assessor	broker	only isco
single	tax-assessor	cameraman	only isco
single	tax-assessor	detective	only isco
single	tax-assessor	inspector	only isco
single	tax-assessor	investment-banker	only isco
single	tax-assessor	jurist	only wikidata
single	tax-assessor	magistrate	only wikidata
single	tax-assessor	man	only isco
single	tax-assessor	official	only wordnet
single	tax-assessor	organism	only wordnet
single	tax-assessor	paralegal	only isco
single	tax-assessor	person	only wordnet
single	tax-assessor	physical-object	only wordnet
single	tax-assessor	professional	only wikidata
single	tax-assessor	promoter	only isco
single	tax-assessor	property	only sumo
single	tax-assessor	skilled-worker	only wordnet
single	tax-assessor	specialist	only wikidata
single	tax-assessor	supervisor	only isco
single	tax-assessor	technician	only isco
single	tax-assessor	trader	only isco
single	tax-assessor	woman	only isco
single	tax-collector	agent	only wordnet
single	tax-collector	attribute	only sumo
single	tax-collector	broker	only isco
single	tax-collector	cameraman	only isco
single	tax-collector	detective	only isco
single	tax-collector	inspector	only isco
single	tax-collector	investment-banker	only isco
single	tax-collector	man	only isco
single	tax-collector	official	only wordnet
single	tax-collector	organism	only wordnet
single	tax-collector	paralegal	only isco
single	tax-collector	person	only wordnet
single	tax-collector	physical-object	only wordnet
single	tax-collector	promoter	only isco
single	tax-collector	property	only sumo
single	tax-collector	skilled-worker	only wordnet
single	tax-collector	supervisor	only isco
single	tax-collector	technician	only isco
single	tax-collector	trader	only isco
single	tax-collector	woman	only isco
single	taxidermist	agent	only wordnet
single	taxidermist	artist	only wikidata
single	taxidermist	attribute	only sumo
single	taxidermist	cameraman	only isco
single	taxidermist	craftsman	only wordnet
single	taxidermist	detective	only isco
single	taxidermist	inspector	only isco
single	taxidermist	man	only isco
single	taxidermist	organism	only wordnet
single	taxidermist	paralegal	only isco
single	taxidermist	physical-object	only wordnet
single	taxidermist	promoter	only isco
single	taxidermist	property	only sumo
single	taxidermist	research-worker	only wikidata
single	taxidermist	scientist	only wikidata
single	taxidermist	skilled-worker	only wordnet
single	taxidermist	supervisor	only isco
single	taxidermist	technician	only isco
single	taxidermist	woman	only isco
single	taxidermist	zoologist	only wikidata
single	taxidriver	agent	only wordnet
single	taxidriver	attribute	only sumo
single	taxidriver	digger	only isco
single	taxidriver	property	only sumo
single	taxidriver	teamster	only isco
single	taxidriver	worker	only isco
single	taxonomist	adviser	only isco
single	taxonomist	agent	only wordnet
single	taxonomist	analyst.person	only isco
single	taxonomist	architect	only isco
single	taxonomist	artist	only isco
single	taxonomist	copywriter	only isco
single	taxonomist	developer	only isco
single	taxonomist	educator	only isco
single	taxonomist	engineer	only isco
single	taxonomist	epidemiologist	only isco
single	taxonomist	expert	only isco
single	taxonomist	hearer	only isco
single	taxonomist	immunologist	only isco
single	taxonomist	organism	only wordnet
single	taxonomist	person	only wordnet
single	taxonomist	physical-object	only wordnet
single	taxonomist	professional	only isco
single	taxonomist	specialist	only isco
single	taxonomist	surveyor	only isco
single	taxonomist	systems-analyst	only isco
single	taxonomist	toxicologist	only isco
single	taxonomist	worker	only isco
single	taxonomist	writer	only isco
single	teacher	analyst.person	only isco
single	teacher	copywriter	only isco
single	teacher	developer	only isco
single	teacher	epidemiologist	only isco
single	teacher	hearer	only isco
single	teacher	immunologist	only isco
single	teacher	systems-analyst	only isco
single	teamster	agent	only wordnet
single	teamster	attribute	only sumo
single	teamster	digger	only isco
single	teamster	driver	only wordnet
single	teamster	property	only sumo
single	teamster	worker	only isco
single	teaser	animal	only sumo
single	teaser	beater	only isco
single	teaser	blaster	only isco
single	teaser	body	only sumo
single	teaser	bodybuilder	only isco
single	teaser	cabinetmaker	only isco
single	teaser	caster.person	only isco
single	teaser	compositor	only isco
single	teaser	craftsman	only isco
single	teaser	engraver	only isco
single	teaser	etcher	only isco
single	teaser	fitter	only isco
single	teaser	glassworker	only isco
single	teaser	human	only sumo
single	teaser	ironworker	only isco
single	teaser	machinist	only isco
single	teaser	maker	only isco
single	teaser	mammal	only sumo
single	teaser	mender	only isco
single	teaser	mounter	only isco
single	teaser	painter	only isco
single	teaser	populace	only sumo
single	teaser	refinisher	only isco
single	teaser	rigger	only isco
single	teaser	self	only sumo
single	teaser	shipwright	only isco
single	teaser	smith	only isco
single	teaser	species	only sumo
single	teaser	splitter	only isco
single	teaser	sprayer	only isco
single	teaser	stamper	only isco
single	teaser	stonecutter	only isco
single	teaser	transferer	only isco
single	teaser	tuner	only isco
single	teaser	varnisher	only isco
single	teaser	vertebrate	only sumo
single	teaser	weaver	only isco
single	teaser	welder	only isco
single	teaser	woodcarver	only isco
single	technician	adult	only opencyc
single	technician	agent	only wordnet
single	technician	attribute	only sumo
single	technician	human	only opencyc
single	technician	mammal	only opencyc
single	technician	organism	only wordnet
single	technician	person	only wordnet
single	technician	physical-object	only wordnet
single	technician	property	only sumo
single	technician	specialist	only wikidata
single	technician	structure	only opencyc
single	technician	system	only opencyc
single	technician	vertebrate	only opencyc
single	teller	adjutant	only isco
single	teller	agent	only wordnet
single	teller	attribute	only sumo
single	teller	banker	only wordnet
single	teller	bodyguard	only isco
single	teller	businessman	only wikidata
single	teller	concierge	only isco
single	teller	guard	only isco
single	teller	host	only isco
single	teller	hostess	only isco
single	teller	merchant	only wikidata
single	teller	organism	only wordnet
single	teller	person	only wordnet
single	teller	physical-object	only wordnet
single	teller	property	only sumo
single	teller	salesclerk	only isco
single	teller	seller	only isco
single	tennis-player	agent	only wordnet
single	tennis-player	attribute	only sumo
single	tennis-player	cameraman	only isco
single	tennis-player	detective	only isco
single	tennis-player	human	only opencyc
single	tennis-player	inspector	only isco
single	tennis-player	mammal	only opencyc
single	tennis-player	man	only isco
single	tennis-player	organism	only wordnet
single	tennis-player	paralegal	only isco
single	tennis-player	person	only wordnet
single	tennis-player	physical-object	only wordnet
single	tennis-player	player	only wordnet
single	tennis-player	promoter	only isco
single	tennis-player	property	only sumo
single	tennis-player	structure	only opencyc
single	tennis-player	supervisor	only isco
single	tennis-player	system	only opencyc
single	tennis-player	technician	only isco
single	tennis-player	vertebrate	only opencyc
single	tennis-player	woman	only isco
single	tenor	adviser	only isco
single	tenor	analyst.person	only isco
single	tenor	animal	only sumo
single	tenor	architect	only isco
single	tenor	body	only sumo
single	tenor	copywriter	only isco
single	tenor	developer	only isco
single	tenor	editor	only isco
single	tenor	educator	only isco
single	tenor	engineer	only isco
single	tenor	epidemiologist	only isco
single	tenor	expert	only isco
single	tenor	hearer	only isco
single	tenor	immunologist	only isco
single	tenor	man	only sumo
single	tenor	performer	only wordnet
single	tenor	populace	only sumo
single	tenor	reporter	only isco
single	tenor	research-worker	only isco
single	tenor	scientist	only isco
single	tenor	self	only sumo
single	tenor	skilled-worker	only opencyc
single	tenor	specialist	only isco
single	tenor	species	only sumo
single	tenor	sports-announcer	only isco
single	tenor	structure	only opencyc
single	tenor	system	only opencyc
single	tenor	systems-analyst	only isco
single	tenor	translator	only isco
single	tenor	writer	only isco
single	tentmaker	agent	only wordnet
single	tentmaker	attribute	only sumo
single	tentmaker	beater	only isco
single	tentmaker	blaster	only isco
single	tentmaker	bodybuilder	only isco
single	tentmaker	cabinetmaker	only isco
single	tentmaker	caster.person	only isco
single	tentmaker	compositor	only isco
single	tentmaker	craftsman	only isco
single	tentmaker	dressmaker	only isco
single	tentmaker	engraver	only isco
single	tentmaker	fitter	only isco
single	tentmaker	glassworker	only isco
single	tentmaker	ironworker	only isco
single	tentmaker	machinist	only isco
single	tentmaker	mender	only isco
single	tentmaker	organism	only wordnet
single	tentmaker	painter	only isco
single	tentmaker	person	only wordnet
single	tentmaker	physical-object	only wordnet
single	tentmaker	property	only sumo
single	tentmaker	refinisher	only isco
single	tentmaker	rigger	only isco
single	tentmaker	shipwright	only isco
single	tentmaker	smith	only isco
single	tentmaker	splitter	only isco
single	tentmaker	sprayer	only isco
single	tentmaker	stainer	only isco
single	tentmaker	stonecutter	only isco
single	tentmaker	tuner	only isco
single	tentmaker	varnisher	only isco
single	tentmaker	welder	only isco
single	tentmaker	woodcarver	only isco
single	tentmaker	worker	only isco
single	test-pilot	adult	only opencyc
single	test-pilot	agent	only wordnet
single	test-pilot	cameraman	only isco
single	test-pilot	detective	only isco
single	test-pilot	human	only opencyc
single	test-pilot	inspector	only isco
single	test-pilot	mammal	only opencyc
single	test-pilot	man	only isco
single	test-pilot	organism	only wordnet
single	test-pilot	paralegal	only isco
single	test-pilot	person	only wordnet
single	test-pilot	physical-object	only wordnet
single	test-pilot	professional	only opencyc
single	test-pilot	promoter	only isco
single	test-pilot	sailing-master	only isco
single	test-pilot	structure	only opencyc
single	test-pilot	supervisor	only isco
single	test-pilot	system	only opencyc
single	test-pilot	technician	only isco
single	test-pilot	vertebrate	only opencyc
single	test-pilot	woman	only isco
single	thatcher	agent	only wordnet
single	thatcher	attribute	only sumo
single	thatcher	beater	only isco
single	thatcher	blaster	only isco
single	thatcher	bodybuilder	only isco
single	thatcher	cabinetmaker	only isco
single	thatcher	caster.person	only isco
single	thatcher	compositor	only isco
single	thatcher	engraver	only isco
single	thatcher	fitter	only isco
single	thatcher	glassworker	only isco
single	thatcher	ironworker	only isco
single	thatcher	machinist	only isco
single	thatcher	maker	only isco
single	thatcher	mason	only isco
single	thatcher	mender	only isco
single	thatcher	organism	only wordnet
single	thatcher	painter	only isco
single	thatcher	person	only wordnet
single	thatcher	physical-object	only wordnet
single	thatcher	property	only sumo
single	thatcher	refinisher	only isco
single	thatcher	rigger	only isco
single	thatcher	roofer	only wordnet
single	thatcher	shipwright	only isco
single	thatcher	skilled-worker	only wordnet
single	thatcher	smith	only isco
single	thatcher	splitter	only isco
single	thatcher	sprayer	only isco
single	thatcher	stonecutter	only isco
single	thatcher	tiler	only isco
single	thatcher	tuner	only isco
single	thatcher	varnisher	only isco
single	thatcher	welder	only isco
single	thatcher	woodcarver	only isco
single	theologian	adult	only opencyc
single	theologian	adviser	only isco
single	theologian	agent	only wordnet
single	theologian	analyst.person	only isco
single	theologian	architect	only isco
single	theologian	artist	only isco
single	theologian	copywriter	only isco
single	theologian	developer	only isco
single	theologian	editor	only isco
single	theologian	educator	only isco
single	theologian	engineer	only isco
single	theologian	epidemiologist	only isco
single	theologian	expert	only isco
single	theologian	hearer	only isco
single	theologian	human	only opencyc
single	theologian	immunologist	only isco
single	theologian	intellect	only opencyc
single	theologian	mammal	only opencyc
single	theologian	organism	only wordnet
single	theologian	person	only wordnet
single	theologian	philosopher	only opencyc
single	theologian	physical-object	only wordnet
single	theologian	reporter	only isco
single	theologian	research-worker	only isco
single	theologian	scholar	only wordnet
single	theologian	scientist	only isco
single	theologian	skilled-worker	only opencyc
single	theologian	specialist	only isco
single	theologian	sports-announcer	only isco
single	theologian	structure	only opencyc
single	theologian	system	only opencyc
single	theologian	systems-analyst	only isco
single	theologian	translator	only isco
single	theologian	vertebrate	only opencyc
single	theologian	writer	only isco
single	throwster	agent	only wordnet
single	throwster	attribute	only sumo
single	throwster	beater	only isco
single	throwster	blaster	only isco
single	throwster	bodybuilder	only isco
single	throwster	cabinetmaker	only isco
single	throwster	caster.person	only isco
single	throwster	compositor	only isco
single	throwster	craftsman	only isco
single	throwster	engraver	only isco
single	throwster	etcher	only isco
single	throwster	fitter	only isco
single	throwster	glassworker	only isco
single	throwster	ironworker	only isco
single	throwster	machinist	only isco
single	throwster	maker	only isco
single	throwster	mender	only isco
single	throwster	mounter	only isco
single	throwster	organism	only wordnet
single	throwster	painter	only isco
single	throwster	person	only wordnet
single	throwster	physical-object	only wordnet
single	throwster	property	only sumo
single	throwster	refinisher	only isco
single	throwster	rigger	only isco
single	throwster	shipwright	only isco
single	throwster	smith	only isco
single	throwster	splitter	only isco
single	throwster	sprayer	only isco
single	throwster	stamper	only isco
single	throwster	stonecutter	only isco
single	throwster	transferer	only isco
single	throwster	tuner	only isco
single	throwster	varnisher	only isco
single	throwster	weaver	only isco
single	throwster	welder	only isco
single	throwster	woodcarver	only isco
single	tiler	animal	only sumo
single	tiler	beater	only isco
single	tiler	blaster	only isco
single	tiler	body	only sumo
single	tiler	bodybuilder	only isco
single	tiler	cabinetmaker	only isco
single	tiler	caster.person	only isco
single	tiler	compositor	only isco
single	tiler	engraver	only isco
single	tiler	fitter	only isco
single	tiler	glassworker	only isco
single	tiler	human	only sumo
single	tiler	ironworker	only isco
single	tiler	machinist	only isco
single	tiler	maker	only isco
single	tiler	mammal	only sumo
single	tiler	mason	only isco
single	tiler	mender	only isco
single	tiler	painter	only isco
single	tiler	populace	only sumo
single	tiler	refinisher	only isco
single	tiler	rigger	only isco
single	tiler	self	only sumo
single	tiler	shipwright	only isco
single	tiler	smith	only isco
single	tiler	species	only sumo
single	tiler	splitter	only isco
single	tiler	sprayer	only isco
single	tiler	stonecutter	only isco
single	tiler	tuner	only isco
single	tiler	varnisher	only isco
single	tiler	vertebrate	only sumo
single	tiler	welder	only isco
single	tiler	woodcarver	only isco
single	tinker	agent	only wordnet
single	tinker	animal-trainer	only isco
single	tinker	attribute	only sumo
single	tinker	coppersmith	only wikidata
single	tinker	craftsman	only wikidata
single	tinker	girl	only isco
single	tinker	hired-hand	only isco
single	tinker	laborer	only isco
single	tinker	male-child	only isco
single	tinker	organism	only wordnet
single	tinker	physical-object	only wordnet
single	tinker	picker	only isco
single	tinker	porter	only isco
single	tinker	property	only sumo
single	tinker	remover	only isco
single	tinker	stacker	only isco
single	tinker	stevedore	only isco
single	tinker	sweeper	only isco
single	tinker	washer.person	only isco
single	tinker	window-washer	only isco
single	tinsmith	agent	only wordnet
single	tinsmith	attribute	only sumo
single	tinsmith	beater	only isco
single	tinsmith	blaster	only isco
single	tinsmith	bodybuilder	only isco
single	tinsmith	cabinetmaker	only isco
single	tinsmith	caster.person	only isco
single	tinsmith	compositor	only isco
single	tinsmith	engraver	only isco
single	tinsmith	fitter	only isco
single	tinsmith	glassworker	only isco
single	tinsmith	ironworker	only isco
single	tinsmith	machinist	only isco
single	tinsmith	maker	only isco
single	tinsmith	mender	only isco
single	tinsmith	organism	only wordnet
single	tinsmith	painter	only isco
single	tinsmith	physical-object	only wordnet
single	tinsmith	property	only sumo
single	tinsmith	refinisher	only isco
single	tinsmith	rigger	only isco
single	tinsmith	shipwright	only isco
single	tinsmith	skilled-worker	only wordnet
single	tinsmith	splitter	only isco
single	tinsmith	sprayer	only isco
single	tinsmith	stonecutter	only isco
single	tinsmith	tuner	only isco
single	tinsmith	varnisher	only isco
single	tinsmith	welder	only isco
single	tinsmith	woodcarver	only isco
single	tollkeeper	adjutant	only isco
single	tollkeeper	agent	only wordnet
single	tollkeeper	bodyguard	only isco
single	tollkeeper	concierge	only isco
single	tollkeeper	employee	only wordnet
single	tollkeeper	guard	only isco
single	tollkeeper	host	only isco
single	tollkeeper	hostess	only isco
single	tollkeeper	organism	only wordnet
single	tollkeeper	person	only wordnet
single	tollkeeper	physical-object	only wordnet
single	tollkeeper	salesclerk	only isco
single	tollkeeper	seller	only isco
single	toolmaker	agent	only wordnet
single	toolmaker	attribute	only sumo
single	toolmaker	beater	only isco
single	toolmaker	blaster	only isco
single	toolmaker	bodybuilder	only isco
single	toolmaker	cabinetmaker	only isco
single	toolmaker	caster.person	only isco
single	toolmaker	compositor	only isco
single	toolmaker	craftsman	only isco
single	toolmaker	engraver	only isco
single	toolmaker	fitter	only isco
single	toolmaker	glassworker	only isco
single	toolmaker	ironworker	only isco
single	toolmaker	machinist	only isco
single	toolmaker	mender	only isco
single	toolmaker	organism	only wordnet
single	toolmaker	painter	only isco
single	toolmaker	person	only wordnet
single	toolmaker	physical-object	only wordnet
single	toolmaker	property	only sumo
single	toolmaker	refinisher	only isco
single	toolmaker	rigger	only isco
single	toolmaker	shipwright	only isco
single	toolmaker	smith	only isco
single	toolmaker	splitter	only isco
single	toolmaker	sprayer	only isco
single	toolmaker	stonecutter	only isco
single	toolmaker	tuner	only isco
single	toolmaker	varnisher	only isco
single	toolmaker	welder	only isco
single	toolmaker	woodcarver	only isco
single	toolmaker	worker	only isco
single	topper	agriculturist	only isco
single	topper	animal	only sumo
single	topper	body	only sumo
single	topper	cowboy	only isco
single	topper	farmer	only isco
single	topper	farmhand	only isco
single	topper	fisherman	only isco
single	topper	forester	only isco
single	topper	gardener	only isco
single	topper	goat-herder	only isco
single	topper	human	only sumo
single	topper	hunter	only isco
single	topper	mammal	only sumo
single	topper	populace	only sumo
single	topper	self	only sumo
single	topper	shepherd	only isco
single	topper	species	only sumo
single	topper	trapper	only isco
single	topper	vertebrate	only sumo
single	tour-guide	adjutant	only isco
single	tour-guide	agent	only wordnet
single	tour-guide	attribute	only sumo
single	tour-guide	bodyguard	only isco
single	tour-guide	concierge	only isco
single	tour-guide	expert	only wikidata
single	tour-guide	guard	only isco
single	tour-guide	host	only isco
single	tour-guide	hostess	only isco
single	tour-guide	human	only opencyc
single	tour-guide	leader	only wordnet
single	tour-guide	mammal	only opencyc
single	tour-guide	organism	only wordnet
single	tour-guide	physical-object	only wordnet
single	tour-guide	property	only sumo
single	tour-guide	stewardess	only isco
single	tour-guide	structure	only opencyc
single	tour-guide	system	only opencyc
single	tour-guide	traveler	only wikidata
single	tour-guide	usher	only wikidata
single	tour-guide	vertebrate	only opencyc
single	tourist	traveler	only wordnet
single	toxicologist	adult	only opencyc
single	toxicologist	adviser	only isco
single	toxicologist	agent	only wordnet
single	toxicologist	analyst.person	only isco
single	toxicologist	architect	only isco
single	toxicologist	artist	only isco
single	toxicologist	attribute	only sumo
single	toxicologist	copywriter	only isco
single	toxicologist	developer	only isco
single	toxicologist	doctor	only wikidata
single	toxicologist	educator	only isco
single	toxicologist	engineer	only isco
single	toxicologist	epidemiologist	only isco
single	toxicologist	expert	only isco
single	toxicologist	hearer	only isco
single	toxicologist	human	only opencyc
single	toxicologist	immunologist	only isco
single	toxicologist	mammal	only opencyc
single	toxicologist	organism	only wordnet
single	toxicologist	person	only wordnet
single	toxicologist	physical-object	only wordnet
single	toxicologist	professional	only isco
single	toxicologist	property	only sumo
single	toxicologist	research-worker	only isco
single	toxicologist	specialist	only isco
single	toxicologist	structure	only opencyc
single	toxicologist	surveyor	only isco
single	toxicologist	system	only opencyc
single	toxicologist	systems-analyst	only isco
single	toxicologist	vertebrate	only opencyc
single	toxicologist	writer	only isco
single	trader	cameraman	only isco
single	trader	inspector	only isco
single	trader	paralegal	only isco
single	trader	promoter	only isco
single	trader	skilled-worker	only opencyc
single	trader	technician	only isco
single	transferer	animal	only sumo
single	transferer	beater	only isco
single	transferer	blaster	only isco
single	transferer	body	only sumo
single	transferer	bodybuilder	only isco
single	transferer	cabinetmaker	only isco
single	transferer	caster.person	only isco
single	transferer	compositor	only isco
single	transferer	craftsman	only isco
single	transferer	engraver	only isco
single	transferer	fitter	only isco
single	transferer	glassworker	only isco
single	transferer	human	only sumo
single	transferer	ironworker	only isco
single	transferer	machinist	only isco
single	transferer	maker	only isco
single	transferer	mammal	only sumo
single	transferer	mender	only isco
single	transferer	painter	only isco
single	transferer	populace	only sumo
single	transferer	refinisher	only isco
single	transferer	rigger	only isco
single	transferer	self	only sumo
single	transferer	shipwright	only isco
single	transferer	smith	only isco
single	transferer	species	only sumo
single	transferer	splitter	only isco
single	transferer	sprayer	only isco
single	transferer	stonecutter	only isco
single	transferer	traveler	only wordnet
single	transferer	tuner	only isco
single	transferer	varnisher	only isco
single	transferer	vertebrate	only sumo
single	transferer	welder	only isco
single	transferer	woodcarver	only isco
single	transferer	worker	only isco
single	translator	adult	only opencyc
single	translator	adviser	only isco
single	translator	agent	only wordnet
single	translator	analyst.person	only isco
single	translator	architect	only isco
single	translator	artist	only isco
single	translator	attribute	only sumo
single	translator	copywriter	only isco
single	translator	developer	only isco
single	translator	educator	only isco
single	translator	engineer	only isco
single	translator	epidemiologist	only isco
single	translator	expert	only isco
single	translator	hearer	only isco
single	translator	human	only opencyc
single	translator	immunologist	only isco
single	translator	mammal	only opencyc
single	translator	organism	only wordnet
single	translator	physical-object	only wordnet
single	translator	professional	only isco
single	translator	property	only sumo
single	translator	research-worker	only isco
single	translator	skilled-worker	only opencyc
single	translator	specialist	only isco
single	translator	structure	only opencyc
single	translator	system	only opencyc
single	translator	systems-analyst	only isco
single	translator	vertebrate	only opencyc
single	translator	writer	only isco
single	trapper	agent	only wordnet
single	trapper	attribute	only sumo
single	trapper	hunter	only wordnet
single	trapper	organism	only wordnet
single	trapper	person	only wordnet
single	trapper	physical-object	only wordnet
single	trapper	property	only sumo
single	travel-agent	adult	only opencyc
single	travel-agent	agent	only wordnet
single	travel-agent	broker	only wordnet
single	travel-agent	clerk	only isco
single	travel-agent	human	only opencyc
single	travel-agent	interviewer	only isco
single	travel-agent	mammal	only opencyc
single	travel-agent	organism	only wordnet
single	travel-agent	person	only wordnet
single	travel-agent	physical-object	only wordnet
single	travel-agent	professional	only opencyc
single	travel-agent	receptionist	only isco
single	travel-agent	skilled-worker	only opencyc
single	travel-agent	structure	only opencyc
single	travel-agent	system	only opencyc
single	travel-agent	vertebrate	only opencyc
single	traveler	animal	only sumo
single	traveler	body	only sumo
single	traveler	broker	only isco
single	traveler	cameraman	only isco
single	traveler	detective	only isco
single	traveler	human	only sumo
single	traveler	inspector	only isco
single	traveler	investment-banker	only isco
single	traveler	mammal	only sumo
single	traveler	man	only isco
single	traveler	paralegal	only isco
single	traveler	populace	only sumo
single	traveler	promoter	only isco
single	traveler	self	only sumo
single	traveler	species	only sumo
single	traveler	supervisor	only isco
single	traveler	technician	only isco
single	traveler	trader	only isco
single	traveler	vertebrate	only sumo
single	traveler	woman	only isco
single	traveler	worker	only isco
single	traveling-salesman	adult	only opencyc
single	traveling-salesman	advocate	only wordnet
single	traveling-salesman	agent	only wordnet
single	traveling-salesman	attribute	only sumo
single	traveling-salesman	broker	only isco
single	traveling-salesman	cameraman	only isco
single	traveling-salesman	detective	only isco
single	traveling-salesman	employee	only wordnet
single	traveling-salesman	human	only opencyc
single	traveling-salesman	inspector	only isco
single	traveling-salesman	investment-banker	only isco
single	traveling-salesman	mammal	only opencyc
single	traveling-salesman	man	only isco
single	traveling-salesman	organism	only wordnet
single	traveling-salesman	paralegal	only isco
single	traveling-salesman	person	only wordnet
single	traveling-salesman	physical-object	only wordnet
single	traveling-salesman	professional	only opencyc
single	traveling-salesman	promoter	only isco
single	traveling-salesman	property	only sumo
single	traveling-salesman	skilled-worker	only opencyc
single	traveling-salesman	spokesperson	only wordnet
single	traveling-salesman	structure	only opencyc
single	traveling-salesman	supervisor	only isco
single	traveling-salesman	system	only opencyc
single	traveling-salesman	technician	only isco
single	traveling-salesman	trader	only isco
single	traveling-salesman	vertebrate	only opencyc
single	traveling-salesman	woman	only isco
single	treasurer	general-manager	only isco
single	trumpeter	adviser	only isco
single	trumpeter	agent	only wordnet
single	trumpeter	analyst.person	only isco
single	trumpeter	architect	only isco
single	trumpeter	attribute	only sumo
single	trumpeter	copywriter	only isco
single	trumpeter	developer	only isco
single	trumpeter	editor	only isco
single	trumpeter	educator	only isco
single	trumpeter	engineer	only isco
single	trumpeter	epidemiologist	only isco
single	trumpeter	expert	only isco
single	trumpeter	hearer	only isco
single	trumpeter	human	only opencyc
single	trumpeter	immunologist	only isco
single	trumpeter	instrumentalist	only wordnet
single	trumpeter	mammal	only opencyc
single	trumpeter	musician	only opencyc
single	trumpeter	organism	only wordnet
single	trumpeter	performer	only wordnet
single	trumpeter	person	only wordnet
single	trumpeter	physical-object	only wordnet
single	trumpeter	property	only sumo
single	trumpeter	reporter	only isco
single	trumpeter	research-worker	only isco
single	trumpeter	scientist	only isco
single	trumpeter	skilled-worker	only opencyc
single	trumpeter	specialist	only isco
single	trumpeter	sports-announcer	only isco
single	trumpeter	structure	only opencyc
single	trumpeter	system	only opencyc
single	trumpeter	systems-analyst	only isco
single	trumpeter	translator	only isco
single	trumpeter	vertebrate	only opencyc
single	trumpeter	writer	only isco
single	trustee	analyst.person	only isco
single	trustee	copywriter	only isco
single	trustee	developer	only isco
single	trustee	educator	only isco
single	trustee	epidemiologist	only isco
single	trustee	hearer	only isco
single	trustee	immunologist	only isco
single	trustee	systems-analyst	only isco
single	tumbler.person	adviser	only isco
single	tumbler.person	analyst.person	only isco
single	tumbler.person	animal	only sumo
single	tumbler.person	architect	only isco
single	tumbler.person	artist	only isco
single	tumbler.person	athlete	only wordnet
single	tumbler.person	body	only sumo
single	tumbler.person	copywriter	only isco
single	tumbler.person	developer	only isco
single	tumbler.person	editor	only isco
single	tumbler.person	educator	only isco
single	tumbler.person	engineer	only isco
single	tumbler.person	epidemiologist	only isco
single	tumbler.person	expert	only isco
single	tumbler.person	hearer	only isco
single	tumbler.person	human	only sumo
single	tumbler.person	immunologist	only isco
single	tumbler.person	mammal	only sumo
single	tumbler.person	populace	only sumo
single	tumbler.person	professional	only isco
single	tumbler.person	reporter	only isco
single	tumbler.person	research-worker	only isco
single	tumbler.person	scientist	only isco
single	tumbler.person	self	only sumo
single	tumbler.person	specialist	only isco
single	tumbler.person	species	only sumo
single	tumbler.person	sports-announcer	only isco
single	tumbler.person	systems-analyst	only isco
single	tumbler.person	translator	only isco
single	tumbler.person	vertebrate	only sumo
single	tumbler.person	worker	only isco
single	tumbler.person	writer	only isco
single	tuner	agent	only wordnet
single	tuner	artifact	only opencyc
single	tuner	attribute	only sumo
single	tuner	device	only opencyc
single	tuner	organism	only wordnet
single	tuner	part	only opencyc
single	tuner	person	only wordnet
single	tuner	physical-object	only wordnet
single	tuner	property	only sumo
single	tuner	skilled-worker	only wordnet
single	tympanist	adviser	only isco
single	tympanist	agent	only wordnet
single	tympanist	analyst.person	only isco
single	tympanist	architect	only isco
single	tympanist	attribute	only sumo
single	tympanist	copywriter	only isco
single	tympanist	developer	only isco
single	tympanist	drummer	only wordnet
single	tympanist	editor	only isco
single	tympanist	educator	only isco
single	tympanist	engineer	only isco
single	tympanist	epidemiologist	only isco
single	tympanist	expert	only isco
single	tympanist	hearer	only isco
single	tympanist	immunologist	only isco
single	tympanist	musician	only wikidata
single	tympanist	organism	only wordnet
single	tympanist	performer	only wordnet
single	tympanist	physical-object	only wordnet
single	tympanist	professional	only isco
single	tympanist	property	only sumo
single	tympanist	reporter	only isco
single	tympanist	research-worker	only isco
single	tympanist	scientist	only isco
single	tympanist	specialist	only isco
single	tympanist	sports-announcer	only isco
single	tympanist	systems-analyst	only isco
single	tympanist	translator	only isco
single	tympanist	worker	only isco
single	tympanist	writer	only isco
single	typist	agent	only wordnet
single	typist	clerk	only isco
single	typist	employee	only wordnet
single	typist	organism	only wordnet
single	typist	person	only wordnet
single	typist	physical-object	only wordnet
single	undoer	animal	only sumo
single	undoer	beater	only isco
single	undoer	blaster	only isco
single	undoer	body	only sumo
single	undoer	bodybuilder	only isco
single	undoer	cabinetmaker	only isco
single	undoer	caster.person	only isco
single	undoer	compositor	only isco
single	undoer	craftsman	only isco
single	undoer	engraver	only isco
single	undoer	etcher	only isco
single	undoer	fitter	only isco
single	undoer	glassworker	only isco
single	undoer	human	only sumo
single	undoer	ironworker	only isco
single	undoer	machinist	only isco
single	undoer	maker	only isco
single	undoer	mammal	only sumo
single	undoer	mender	only isco
single	undoer	mounter	only isco
single	undoer	painter	only isco
single	undoer	populace	only sumo
single	undoer	refinisher	only isco
single	undoer	rigger	only isco
single	undoer	self	only sumo
single	undoer	shipwright	only isco
single	undoer	smith	only isco
single	undoer	species	only sumo
single	undoer	splitter	only isco
single	undoer	sprayer	only isco
single	undoer	stamper	only isco
single	undoer	stonecutter	only isco
single	undoer	transferer	only isco
single	undoer	tuner	only isco
single	undoer	varnisher	only isco
single	undoer	vertebrate	only sumo
single	undoer	weaver	only isco
single	undoer	welder	only isco
single	undoer	woodcarver	only isco
single	undoer	worker	only isco
single	upholsterer	agent	only wordnet
single	upholsterer	attribute	only sumo
single	upholsterer	beater	only isco
single	upholsterer	blaster	only isco
single	upholsterer	bodybuilder	only isco
single	upholsterer	cabinetmaker	only isco
single	upholsterer	caster.person	only isco
single	upholsterer	compositor	only isco
single	upholsterer	dressmaker	only isco
single	upholsterer	engraver	only isco
single	upholsterer	fitter	only isco
single	upholsterer	glassworker	only isco
single	upholsterer	human	only opencyc
single	upholsterer	ironworker	only isco
single	upholsterer	machinist	only isco
single	upholsterer	maker	only isco
single	upholsterer	mammal	only opencyc
single	upholsterer	mender	only isco
single	upholsterer	organism	only wordnet
single	upholsterer	painter	only isco
single	upholsterer	physical-object	only wordnet
single	upholsterer	property	only sumo
single	upholsterer	refinisher	only isco
single	upholsterer	rigger	only isco
single	upholsterer	shipwright	only isco
single	upholsterer	skilled-worker	only wordnet
single	upholsterer	smith	only isco
single	upholsterer	splitter	only isco
single	upholsterer	sprayer	only isco
single	upholsterer	stainer	only isco
single	upholsterer	stonecutter	only isco
single	upholsterer	structure	only opencyc
single	upholsterer	system	only opencyc
single	upholsterer	tuner	only isco
single	upholsterer	varnisher	only isco
single	upholsterer	vertebrate	only opencyc
single	upholsterer	welder	only isco
single	upholsterer	woodcarver	only isco
single	usher	adjutant	only isco
single	usher	agent	only wordnet
single	usher	assistant	only wordnet
single	usher	attribute	only sumo
single	usher	bodyguard	only isco
single	usher	concierge	only isco
single	usher	expert	only wikidata
single	usher	guard	only isco
single	usher	host	only isco
single	usher	hostess	only isco
single	usher	human	only opencyc
single	usher	mammal	only opencyc
single	usher	organism	only wordnet
single	usher	physical-object	only wordnet
single	usher	property	only sumo
single	usher	stewardess	only isco
single	usher	structure	only opencyc
single	usher	system	only opencyc
single	usher	vertebrate	only opencyc
single	usher.person	adjutant	only isco
single	usher.person	agent	only wordnet
single	usher.person	attribute	only sumo
single	usher.person	bodyguard	only isco
single	usher.person	concierge	only isco
single	usher.person	guard	only isco
single	usher.person	host	only isco
single	usher.person	hostess	only isco
single	usher.person	official	only wordnet
single	usher.person	organism	only wordnet
single	usher.person	person	only wordnet
single	usher.person	physical-object	only wordnet
single	usher.person	property	only sumo
single	usher.person	skilled-worker	only wordnet
single	varnisher	agent	only wordnet
single	varnisher	attribute	only sumo
single	varnisher	organism	only wordnet
single	varnisher	person	only wordnet
single	varnisher	physical-object	only wordnet
single	varnisher	property	only sumo
single	varnisher	skilled-worker	only wordnet
single	verger	adjutant	only isco
single	verger	agent	only wordnet
single	verger	attribute	only sumo
single	verger	bodyguard	only isco
single	verger	concierge	only isco
single	verger	guard	only isco
single	verger	host	only isco
single	verger	hostess	only isco
single	verger	housekeeper	only isco
single	verger	official	only wordnet
single	verger	organism	only wordnet
single	verger	person	only wordnet
single	verger	physical-object	only wordnet
single	verger	property	only sumo
single	verger	skilled-worker	only wordnet
single	verger	stewardess	only isco
single	veteran	skilled-worker	only wordnet
single	vicar	adviser	only isco
single	vicar	agent	only wordnet
single	vicar	analyst.person	only isco
single	vicar	architect	only isco
single	vicar	artist	only isco
single	vicar	copywriter	only isco
single	vicar	developer	only isco
single	vicar	editor	only isco
single	vicar	educator	only isco
single	vicar	engineer	only isco
single	vicar	epidemiologist	only isco
single	vicar	expert	only isco
single	vicar	hearer	only isco
single	vicar	immunologist	only isco
single	vicar	leader	only wordnet
single	vicar	organism	only wordnet
single	vicar	person	only wordnet
single	vicar	physical-object	only wordnet
single	vicar	priest	only wordnet
single	vicar	professional	only isco
single	vicar	property	only sumo
single	vicar	reporter	only isco
single	vicar	research-worker	only isco
single	vicar	scientist	only isco
single	vicar	specialist	only isco
single	vicar	sports-announcer	only isco
single	vicar	state	only wordnet
single	vicar	status	only wordnet
single	vicar	systems-analyst	only isco
single	vicar	translator	only isco
single	vicar	worker	only isco
single	vicar	writer	only isco
single	vice-chancellor	administrator	only wordnet
single	vice-chancellor	agent	only wordnet
single	vice-chancellor	attribute	only sumo
single	vice-chancellor	chairman	only isco
single	vice-chancellor	chancellor-of-the-exchequer	only isco
single	vice-chancellor	general-manager	only isco
single	vice-chancellor	governor	only isco
single	vice-chancellor	leader	only wordnet
single	vice-chancellor	member	only isco
single	vice-chancellor	organism	only wordnet
single	vice-chancellor	physical-object	only wordnet
single	vice-chancellor	president.person	only isco
single	vice-chancellor	property	only sumo
single	vice-chancellor	worker	only isco
single	violin-maker	animal	only sumo
single	violin-maker	beater	only isco
single	violin-maker	blaster	only isco
single	violin-maker	body	only sumo
single	violin-maker	bodybuilder	only isco
single	violin-maker	cabinetmaker	only isco
single	violin-maker	caster.person	only isco
single	violin-maker	compositor	only isco
single	violin-maker	craftsman	only isco
single	violin-maker	engraver	only isco
single	violin-maker	etcher	only isco
single	violin-maker	fitter	only isco
single	violin-maker	glassworker	only isco
single	violin-maker	human	only sumo
single	violin-maker	ironworker	only isco
single	violin-maker	machinist	only isco
single	violin-maker	mammal	only sumo
single	violin-maker	mender	only isco
single	violin-maker	mounter	only isco
single	violin-maker	painter	only isco
single	violin-maker	populace	only sumo
single	violin-maker	refinisher	only isco
single	violin-maker	rigger	only isco
single	violin-maker	self	only sumo
single	violin-maker	shipwright	only isco
single	violin-maker	smith	only isco
single	violin-maker	species	only sumo
single	violin-maker	splitter	only isco
single	violin-maker	sprayer	only isco
single	violin-maker	stamper	only isco
single	violin-maker	stonecutter	only isco
single	violin-maker	transferer	only isco
single	violin-maker	tuner	only isco
single	violin-maker	varnisher	only isco
single	violin-maker	vertebrate	only sumo
single	violin-maker	weaver	only isco
single	violin-maker	welder	only isco
single	violin-maker	woodcarver	only isco
single	violin-maker	worker	only isco
single	violinist	adviser	only isco
single	violinist	agent	only wordnet
single	violinist	analyst.person	only isco
single	violinist	architect	only isco
single	violinist	copywriter	only isco
single	violinist	developer	only isco
single	violinist	editor	only isco
single	violinist	educator	only isco
single	violinist	engineer	only isco
single	violinist	epidemiologist	only isco
single	violinist	expert	only isco
single	violinist	hearer	only isco
single	violinist	human	only opencyc
single	violinist	immunologist	only isco
single	violinist	mammal	only opencyc
single	violinist	organism	only wordnet
single	violinist	performer	only wordnet
single	violinist	physical-object	only wordnet
single	violinist	reporter	only isco
single	violinist	research-worker	only isco
single	violinist	scientist	only isco
single	violinist	skilled-worker	only opencyc
single	violinist	specialist	only isco
single	violinist	sports-announcer	only isco
single	violinist	structure	only opencyc
single	violinist	system	only opencyc
single	violinist	systems-analyst	only isco
single	violinist	translator	only isco
single	violinist	vertebrate	only opencyc
single	violinist	writer	only isco
single	virgin	lass	only wikidata
single	visionary	adviser	only isco
single	visionary	analyst.person	only isco
single	visionary	animal	only sumo
single	visionary	architect	only isco
single	visionary	artist	only isco
single	visionary	body	only sumo
single	visionary	copywriter	only isco
single	visionary	developer	only isco
single	visionary	editor	only isco
single	visionary	educator	only isco
single	visionary	engineer	only isco
single	visionary	epidemiologist	only isco
single	visionary	expert	only isco
single	visionary	hearer	only isco
single	visionary	immunologist	only isco
single	visionary	intellect	only opencyc
single	visionary	populace	only sumo
single	visionary	professional	only isco
single	visionary	reporter	only isco
single	visionary	research-worker	only isco
single	visionary	scientist	only isco
single	visionary	self	only sumo
single	visionary	specialist	only isco
single	visionary	species	only sumo
single	visionary	sports-announcer	only isco
single	visionary	structure	only opencyc
single	visionary	system	only opencyc
single	visionary	systems-analyst	only isco
single	visionary	translator	only isco
single	visionary	worker	only isco
single	visionary	writer	only isco
single	visitor	traveler	only wordnet
single	viticulturist	animal	only sumo
single	viticulturist	body	only sumo
single	viticulturist	cowboy	only isco
single	viticulturist	farmhand	only isco
single	viticulturist	fisherman	only isco
single	viticulturist	forester	only isco
single	viticulturist	gardener	only isco
single	viticulturist	goat-herder	only isco
single	viticulturist	human	only sumo
single	viticulturist	hunter	only isco
single	viticulturist	mammal	only sumo
single	viticulturist	populace	only sumo
single	viticulturist	self	only sumo
single	viticulturist	shepherd	only isco
single	viticulturist	species	only sumo
single	viticulturist	trapper	only isco
single	viticulturist	vertebrate	only sumo
single	viticulturist	worker	only isco
single	voicer	animal	only sumo
single	voicer	beater	only isco
single	voicer	blaster	only isco
single	voicer	body	only sumo
single	voicer	bodybuilder	only isco
single	voicer	cabinetmaker	only isco
single	voicer	caster.person	only isco
single	voicer	compositor	only isco
single	voicer	craftsman	only isco
single	voicer	engraver	only isco
single	voicer	etcher	only isco
single	voicer	fitter	only isco
single	voicer	glassworker	only isco
single	voicer	human	only sumo
single	voicer	ironworker	only isco
single	voicer	machinist	only isco
single	voicer	maker	only isco
single	voicer	mammal	only sumo
single	voicer	mender	only isco
single	voicer	mounter	only isco
single	voicer	painter	only isco
single	voicer	populace	only sumo
single	voicer	refinisher	only isco
single	voicer	rigger	only isco
single	voicer	self	only sumo
single	voicer	shipwright	only isco
single	voicer	skilled-worker	only wordnet
single	voicer	smith	only isco
single	voicer	species	only sumo
single	voicer	splitter	only isco
single	voicer	sprayer	only isco
single	voicer	stamper	only isco
single	voicer	stonecutter	only isco
single	voicer	transferer	only isco
single	voicer	tuner	only isco
single	voicer	varnisher	only isco
single	voicer	vertebrate	only sumo
single	voicer	weaver	only isco
single	voicer	welder	only isco
single	voicer	woodcarver	only isco
single	vulcanizer	animal	only sumo
single	vulcanizer	body	only sumo
single	vulcanizer	digger	only isco
single	vulcanizer	human	only sumo
single	vulcanizer	mammal	only sumo
single	vulcanizer	operator	only isco
single	vulcanizer	populace	only sumo
single	vulcanizer	self	only sumo
single	vulcanizer	skilled-worker	only wordnet
single	vulcanizer	species	only sumo
single	vulcanizer	vertebrate	only sumo
single	waiter	adjutant	only isco
single	waiter	bodyguard	only isco
single	waiter	concierge	only isco
single	waiter	hostess	only isco
single	waiter	stewardess	only isco
single	waitress	adjutant	only isco
single	waitress	agent	only wordnet
single	waitress	bodyguard	only isco
single	waitress	concierge	only isco
single	waitress	employee	only wordnet
single	waitress	guard	only isco
single	waitress	host	only isco
single	waitress	hostess	only isco
single	waitress	human	only opencyc
single	waitress	mammal	only opencyc
single	waitress	organism	only wordnet
single	waitress	person	only wordnet
single	waitress	physical-object	only wordnet
single	waitress	stewardess	only isco
single	waitress	structure	only opencyc
single	waitress	system	only opencyc
single	waitress	vertebrate	only opencyc
single	waitress	waiter	only wordnet
single	warrior	skilled-worker	only opencyc
single	washer.person	agent	only wordnet
single	washer.person	attribute	only sumo
single	washer.person	organism	only wordnet
single	washer.person	person	only wordnet
single	washer.person	physical-object	only wordnet
single	washer.person	property	only sumo
single	watchmaker	agent	only wordnet
single	watchmaker	attribute	only sumo
single	watchmaker	beater	only isco
single	watchmaker	blaster	only isco
single	watchmaker	bodybuilder	only isco
single	watchmaker	cabinetmaker	only isco
single	watchmaker	caster.person	only isco
single	watchmaker	clocksmith	only wikidata
single	watchmaker	compositor	only isco
single	watchmaker	craftsman	only isco
single	watchmaker	engraver	only isco
single	watchmaker	etcher	only isco
single	watchmaker	fitter	only isco
single	watchmaker	glassworker	only isco
single	watchmaker	ironworker	only isco
single	watchmaker	machinist	only isco
single	watchmaker	mender	only isco
single	watchmaker	mounter	only isco
single	watchmaker	organism	only wordnet
single	watchmaker	painter	only isco
single	watchmaker	person	only wordnet
single	watchmaker	physical-object	only wordnet
single	watchmaker	property	only sumo
single	watchmaker	refinisher	only isco
single	watchmaker	rigger	only isco
single	watchmaker	shipwright	only isco
single	watchmaker	smith	only isco
single	watchmaker	splitter	only isco
single	watchmaker	sprayer	only isco
single	watchmaker	stamper	only isco
single	watchmaker	stonecutter	only isco
single	watchmaker	transferer	only isco
single	watchmaker	tuner	only isco
single	watchmaker	varnisher	only isco
single	watchmaker	weaver	only isco
single	watchmaker	welder	only isco
single	watchmaker	woodcarver	only isco
single	watchmaker	worker	only isco
single	watchman	adjutant	only isco
single	watchman	agent	only wordnet
single	watchman	attribute	only sumo
single	watchman	bodyguard	only isco
single	watchman	concierge	only isco
single	watchman	host	only isco
single	watchman	hostess	only isco
single	watchman	organism	only wordnet
single	watchman	person	only wordnet
single	watchman	physical-object	only wordnet
single	watchman	property	only sumo
single	watchman	worker	only isco
single	weatherman	actor	only wikidata
single	weatherman	adviser	only isco
single	weatherman	agent	only wordnet
single	weatherman	analyst.person	only isco
single	weatherman	architect	only isco
single	weatherman	artist	only isco
single	weatherman	attribute	only sumo
single	weatherman	copywriter	only isco
single	weatherman	developer	only isco
single	weatherman	educator	only isco
single	weatherman	engineer	only isco
single	weatherman	epidemiologist	only isco
single	weatherman	hearer	only isco
single	weatherman	hostess	only wikidata
single	weatherman	immunologist	only isco
single	weatherman	meteorologist	only wordnet
single	weatherman	organism	only wordnet
single	weatherman	physical-object	only wordnet
single	weatherman	professional	only isco
single	weatherman	property	only sumo
single	weatherman	research-worker	only isco
single	weatherman	scientist	only isco
single	weatherman	surveyor	only isco
single	weatherman	systems-analyst	only isco
single	weatherman	worker	only isco
single	weatherman	writer	only isco
single	weaver	animal	only sumo
single	weaver	beater	only isco
single	weaver	blaster	only isco
single	weaver	body	only sumo
single	weaver	bodybuilder	only isco
single	weaver	cabinetmaker	only isco
single	weaver	caster.person	only isco
single	weaver	compositor	only isco
single	weaver	engraver	only isco
single	weaver	etcher	only isco
single	weaver	fitter	only isco
single	weaver	glassworker	only isco
single	weaver	human	only sumo
single	weaver	ironworker	only isco
single	weaver	machinist	only isco
single	weaver	maker	only isco
single	weaver	mammal	only sumo
single	weaver	mender	only isco
single	weaver	mounter	only isco
single	weaver	painter	only isco
single	weaver	populace	only sumo
single	weaver	refinisher	only isco
single	weaver	rigger	only isco
single	weaver	self	only sumo
single	weaver	shipwright	only isco
single	weaver	skilled-worker	only wordnet
single	weaver	smith	only isco
single	weaver	species	only sumo
single	weaver	splitter	only isco
single	weaver	sprayer	only isco
single	weaver	stamper	only isco
single	weaver	stonecutter	only isco
single	weaver	transferer	only isco
single	weaver	tuner	only isco
single	weaver	varnisher	only isco
single	weaver	vertebrate	only sumo
single	weaver	welder	only isco
single	weaver	woodcarver	only isco
single	webmaster	agent	only wordnet
single	webmaster	attribute	only sumo
single	webmaster	cameraman	only isco
single	webmaster	detective	only isco
single	webmaster	inspector	only isco
single	webmaster	man	only isco
single	webmaster	organism	only wordnet
single	webmaster	paralegal	only isco
single	webmaster	person	only wordnet
single	webmaster	physical-object	only wordnet
single	webmaster	promoter	only isco
single	webmaster	property	only sumo
single	webmaster	skilled-worker	only wordnet
single	webmaster	supervisor	only isco
single	webmaster	woman	only isco
single	welder	agent	only wordnet
single	welder	attribute	only sumo
single	welder	metallurgist	only wikidata
single	welder	organism	only wordnet
single	welder	physical-object	only wordnet
single	welder	professional	only wikidata
single	welder	property	only sumo
single	welder	skilled-worker	only wordnet
single	welder	specialist	only wikidata
single	welder	technician	only wikidata
single	wheelwright	agent	only wordnet
single	wheelwright	attribute	only sumo
single	wheelwright	beater	only isco
single	wheelwright	blaster	only isco
single	wheelwright	bodybuilder	only isco
single	wheelwright	cabinetmaker	only isco
single	wheelwright	caster.person	only isco
single	wheelwright	compositor	only isco
single	wheelwright	engraver	only isco
single	wheelwright	fitter	only isco
single	wheelwright	glassworker	only isco
single	wheelwright	ironworker	only isco
single	wheelwright	machinist	only isco
single	wheelwright	maker	only isco
single	wheelwright	mender	only isco
single	wheelwright	organism	only wordnet
single	wheelwright	painter	only isco
single	wheelwright	physical-object	only wordnet
single	wheelwright	property	only sumo
single	wheelwright	refinisher	only isco
single	wheelwright	rigger	only isco
single	wheelwright	shipwright	only isco
single	wheelwright	skilled-worker	only wordnet
single	wheelwright	smith	only isco
single	wheelwright	splitter	only isco
single	wheelwright	sprayer	only isco
single	wheelwright	stainer	only isco
single	wheelwright	stonecutter	only isco
single	wheelwright	tuner	only isco
single	wheelwright	varnisher	only isco
single	wheelwright	welder	only isco
single	wheelwright	woodcarver	only isco
single	wheelwright	woodworker	only isco
single	wigmaker	agent	only wordnet
single	wigmaker	attribute	only sumo
single	wigmaker	beater	only isco
single	wigmaker	blaster	only isco
single	wigmaker	bodybuilder	only isco
single	wigmaker	cabinetmaker	only isco
single	wigmaker	caster.person	only isco
single	wigmaker	compositor	only isco
single	wigmaker	craftsman	only isco
single	wigmaker	dressmaker	only isco
single	wigmaker	engraver	only isco
single	wigmaker	fitter	only isco
single	wigmaker	glassworker	only isco
single	wigmaker	ironworker	only isco
single	wigmaker	machinist	only isco
single	wigmaker	mender	only isco
single	wigmaker	organism	only wordnet
single	wigmaker	painter	only isco
single	wigmaker	person	only wordnet
single	wigmaker	physical-object	only wordnet
single	wigmaker	property	only sumo
single	wigmaker	refinisher	only isco
single	wigmaker	rigger	only isco
single	wigmaker	shipwright	only isco
single	wigmaker	smith	only isco
single	wigmaker	splitter	only isco
single	wigmaker	sprayer	only isco
single	wigmaker	stainer	only isco
single	wigmaker	stonecutter	only isco
single	wigmaker	tuner	only isco
single	wigmaker	varnisher	only isco
single	wigmaker	welder	only isco
single	wigmaker	woodcarver	only isco
single	wigmaker	worker	only isco
single	window-cleaner	agent	only wordnet
single	window-cleaner	animal-trainer	only isco
single	window-cleaner	attribute	only sumo
single	window-cleaner	employee	only wordnet
single	window-cleaner	girl	only isco
single	window-cleaner	hired-hand	only isco
single	window-cleaner	male-child	only isco
single	window-cleaner	organism	only wordnet
single	window-cleaner	person	only wordnet
single	window-cleaner	physical-object	only wordnet
single	window-cleaner	picker	only isco
single	window-cleaner	porter	only isco
single	window-cleaner	property	only sumo
single	window-cleaner	remover	only isco
single	window-cleaner	stacker	only isco
single	window-cleaner	stevedore	only isco
single	window-cleaner	sweeper	only isco
single	window-cleaner	washer.person	only isco
single	window-cleaner	window-washer	only isco
single	window-dresser	agent	only wordnet
single	window-dresser	attribute	only sumo
single	window-dresser	cameraman	only isco
single	window-dresser	craftsman	only wordnet
single	window-dresser	detective	only isco
single	window-dresser	inspector	only isco
single	window-dresser	man	only isco
single	window-dresser	organism	only wordnet
single	window-dresser	paralegal	only isco
single	window-dresser	person	only wordnet
single	window-dresser	physical-object	only wordnet
single	window-dresser	promoter	only isco
single	window-dresser	property	only sumo
single	window-dresser	skilled-worker	only wordnet
single	window-dresser	supervisor	only isco
single	window-dresser	technician	only isco
single	window-dresser	woman	only isco
single	window-washer	agent	only wordnet
single	window-washer	attribute	only sumo
single	window-washer	human	only opencyc
single	window-washer	mammal	only opencyc
single	window-washer	organism	only wordnet
single	window-washer	person	only wordnet
single	window-washer	physical-object	only wordnet
single	window-washer	property	only sumo
single	window-washer	structure	only opencyc
single	window-washer	system	only opencyc
single	window-washer	vertebrate	only opencyc
single	window-washer	washer.person	only wordnet
single	wine-taster	animal	only sumo
single	wine-taster	authority	only wordnet
single	wine-taster	beater	only isco
single	wine-taster	blaster	only isco
single	wine-taster	body	only sumo
single	wine-taster	bodybuilder	only isco
single	wine-taster	cabinetmaker	only isco
single	wine-taster	caster.person	only isco
single	wine-taster	compositor	only isco
single	wine-taster	craftsman	only isco
single	wine-taster	engraver	only isco
single	wine-taster	expert	only wordnet
single	wine-taster	fitter	only isco
single	wine-taster	glassworker	only isco
single	wine-taster	human	only sumo
single	wine-taster	ironworker	only isco
single	wine-taster	machinist	only isco
single	wine-taster	maker	only isco
single	wine-taster	mammal	only sumo
single	wine-taster	mender	only isco
single	wine-taster	painter	only isco
single	wine-taster	populace	only sumo
single	wine-taster	refinisher	only isco
single	wine-taster	rigger	only isco
single	wine-taster	self	only sumo
single	wine-taster	shipwright	only isco
single	wine-taster	smith	only isco
single	wine-taster	species	only sumo
single	wine-taster	splitter	only isco
single	wine-taster	sprayer	only isco
single	wine-taster	stainer	only isco
single	wine-taster	stonecutter	only isco
single	wine-taster	tuner	only isco
single	wine-taster	varnisher	only isco
single	wine-taster	vertebrate	only sumo
single	wine-taster	welder	only isco
single	wine-taster	woodcarver	only isco
single	wine-taster	worker	only isco
single	woodcarver	agent	only wordnet
single	woodcarver	attribute	only sumo
single	woodcarver	organism	only wordnet
single	woodcarver	physical-object	only wordnet
single	woodcarver	property	only sumo
single	woodcarver	skilled-worker	only wordnet
single	woodcutter	agent	only wordnet
single	woodcutter	agriculturist	only isco
single	woodcutter	attribute	only sumo
single	woodcutter	cowboy	only isco
single	woodcutter	employee	only wordnet
single	woodcutter	farmer	only isco
single	woodcutter	farmhand	only isco
single	woodcutter	fisherman	only isco
single	woodcutter	forester	only isco
single	woodcutter	gardener	only isco
single	woodcutter	goat-herder	only isco
single	woodcutter	hunter	only isco
single	woodcutter	laborer	only wordnet
single	woodcutter	organism	only wordnet
single	woodcutter	person	only wordnet
single	woodcutter	physical-object	only wordnet
single	woodcutter	property	only sumo
single	woodcutter	shepherd	only isco
single	woodcutter	trapper	only isco
single	woodworker	agent	only wordnet
single	woodworker	attribute	only sumo
single	woodworker	beater	only isco
single	woodworker	blaster	only isco
single	woodworker	bodybuilder	only isco
single	woodworker	caster.person	only isco
single	woodworker	compositor	only isco
single	woodworker	engraver	only isco
single	woodworker	fitter	only isco
single	woodworker	glassworker	only isco
single	woodworker	ironworker	only isco
single	woodworker	joiner	only wikidata
single	woodworker	machinist	only isco
single	woodworker	maker	only isco
single	woodworker	mender	only isco
single	woodworker	organism	only wordnet
single	woodworker	painter	only isco
single	woodworker	physical-object	only wordnet
single	woodworker	property	only sumo
single	woodworker	refinisher	only isco
single	woodworker	rigger	only isco
single	woodworker	shipwright	only isco
single	woodworker	skilled-worker	only wordnet
single	woodworker	smith	only isco
single	woodworker	splitter	only isco
single	woodworker	sprayer	only isco
single	woodworker	stainer	only isco
single	woodworker	stonecutter	only isco
single	woodworker	tuner	only isco
single	woodworker	varnisher	only isco
single	woodworker	welder	only isco
single	wrecker	agent	only wordnet
single	wrecker	artifact	only opencyc
single	wrecker	attribute	only sumo
single	wrecker	beater	only isco
single	wrecker	blaster	only isco
single	wrecker	bodybuilder	only isco
single	wrecker	cabinetmaker	only isco
single	wrecker	caster.person	only isco
single	wrecker	compositor	only isco
single	wrecker	container	only opencyc
single	wrecker	craftsman	only isco
single	wrecker	device	only opencyc
single	wrecker	employee	only wordnet
single	wrecker	engraver	only isco
single	wrecker	fitter	only isco
single	wrecker	glassworker	only isco
single	wrecker	ironworker	only isco
single	wrecker	laborer	only wordnet
single	wrecker	land-vehicle	only opencyc
single	wrecker	machinist	only isco
single	wrecker	maker	only isco
single	wrecker	mason	only isco
single	wrecker	mender	only isco
single	wrecker	motor-vehicle	only opencyc
single	wrecker	organism	only wordnet
single	wrecker	painter	only isco
single	wrecker	person	only wordnet
single	wrecker	physical-object	only wordnet
single	wrecker	property	only sumo
single	wrecker	refinisher	only isco
single	wrecker	rigger	only isco
single	wrecker	shipwright	only isco
single	wrecker	smith	only isco
single	wrecker	splitter	only isco
single	wrecker	sprayer	only isco
single	wrecker	stonecutter	only isco
single	wrecker	truck	only opencyc
single	wrecker	tuner	only isco
single	wrecker	varnisher	only isco
single	wrecker	welder	only isco
single	wrecker	woodcarver	only isco
single	wrestler	agent	only wordnet
single	wrestler	attribute	only sumo
single	wrestler	cameraman	only isco
single	wrestler	detective	only isco
single	wrestler	human	only opencyc
single	wrestler	inspector	only isco
single	wrestler	mammal	only opencyc
single	wrestler	man	only isco
single	wrestler	organism	only wordnet
single	wrestler	paralegal	only isco
single	wrestler	person	only wordnet
single	wrestler	physical-object	only wordnet
single	wrestler	promoter	only isco
single	wrestler	property	only sumo
single	wrestler	structure	only opencyc
single	wrestler	supervisor	only isco
single	wrestler	system	only opencyc
single	wrestler	technician	only isco
single	wrestler	vertebrate	only opencyc
single	wrestler	woman	only isco
single	yardmaster	agent	only wordnet
single	yardmaster	attribute	only sumo
single	yardmaster	clerk	only isco
single	yardmaster	employee	only wordnet
single	yardmaster	organism	only wordnet
single	yardmaster	person	only wordnet
single	yardmaster	physical-object	only wordnet
single	yardmaster	property	only sumo
single	zoologist	adult	only opencyc
single	zoologist	adviser	only isco
single	zoologist	agent	only wordnet
single	zoologist	analyst.person	only isco
single	zoologist	architect	only isco
single	zoologist	artist	only isco
single	zoologist	copywriter	only isco
single	zoologist	developer	only isco
single	zoologist	educator	only isco
single	zoologist	engineer	only isco
single	zoologist	epidemiologist	only isco
single	zoologist	expert	only isco
single	zoologist	hearer	only isco
single	zoologist	human	only opencyc
single	zoologist	immunologist	only isco
single	zoologist	mammal	only opencyc
single	zoologist	organism	only wordnet
single	zoologist	person	only wordnet
single	zoologist	physical-object	only wordnet
single	zoologist	professional	only isco
single	zoologist	specialist	only isco
single	zoologist	structure	only opencyc
single	zoologist	surveyor	only isco
single	zoologist	system	only opencyc
single	zoologist	systems-analyst	only isco
single	zoologist	toxicologist	only isco
single	zoologist	vertebrate	only opencyc
single	zoologist	writer	only isco
unplaced	abbess	adviser agent analyst.person architect artist attribute copywriter developer	no accepted parent reaches a root
unplaced	abbot	adviser agent analyst.person architect artist copywriter developer editor	no accepted parent reaches a root
unplaced	account-executive	adviser agent analyst.person architect artist attribute copywriter developer	no accepted parent reaches a root
unplaced	actor's-agent	agent attribute broker cameraman communicator detective inquiry-agent inspector	no accepted parent reaches a root
unplaced	alderman	agent attribute chairman chancellor-of-the-exchequer chief communicator council-member department-head	no accepted parent reaches a root
unplaced	archdeacon	adviser agent analyst.person architect artist attribute copywriter deacon	no accepted parent reaches a root
unplaced	assignee	adviser agent analyst.person architect artist attribute copywriter developer	no accepted parent reaches a root
unplaced	babysitter	adjutant agent attribute ayah bodyguard companion concierge gamekeeper	no accepted parent reaches a root
unplaced	balancer	acrobat agent athlete attribute beater blaster bodybuilder builder	no accepted parent reaches a root
unplaced	bassoonist	adviser agent analyst.person architect artist attribute copywriter developer	no accepted parent reaches a root
unplaced	bearer	agent attribute organism person physical-object property traveler worker	no accepted parent reaches a root
unplaced	beauty-consultant	adjutant adviser agent attribute authority bodyguard companion concierge	no accepted parent reaches a root
unplaced	bibliographer	adviser agent analyst.person architect artist attribute copywriter developer	no accepted parent reaches a root
unplaced	blocker	agent athlete attribute digger drawer.person football-player operator organism	no accepted parent reaches a root
unplaced	boatbuilder	agent attribute beater blaster bodybuilder builder cabinetmaker caster.person	no accepted parent reaches a root
unplaced	bookkeeper	accountant agent attribute broker cameraman detective inquiry-agent inspector	no accepted parent reaches a root
unplaced	boxer	agent cameraman detective inquiry-agent inspector man organism paralegal	no accepted parent reaches a root
unplaced	builder	agent attribute organism person physical-object property worker	no accepted parent reaches a root
unplaced	bursar	adviser agent analyst.person architect artist attribute copywriter developer	no accepted parent reaches a root
unplaced	caretaker	adjutant agent attribute bodyguard companion concierge gamekeeper guard	no accepted parent reaches a root
unplaced	censor	adviser agent analyst.person architect artist attribute copywriter developer	no accepted parent reaches a root
unplaced	chartered-accountant	accountant adviser agent analyst.person architect artist attribute copywriter	no accepted parent reaches a root
unplaced	chess-player	agent athlete cameraman detective inquiry-agent inspector man organism	no accepted parent reaches a root
unplaced	chief-constable	agent chairman chancellor-of-the-exchequer chief department-head general-manager governor manager	no accepted parent reaches a root
unplaced	clarinetist	adviser agent analyst.person architect artist attribute copywriter developer	no accepted parent reaches a root
unplaced	classifier	agent attribute digger drawer.person operator organism person physical-object	no accepted parent reaches a root
unplaced	closer	agent athlete attribute organism person physical-object player property	no accepted parent reaches a root
unplaced	companion	agent attribute normal organism person physical-object property worker	no accepted parent reaches a root
unplaced	crossing-guard	adjutant agent attribute bodyguard companion concierge flatfoot gamekeeper	no accepted parent reaches a root
unplaced	croupier	agent attribute clerk gambler organism person physical-object property	no accepted parent reaches a root
unplaced	curator	adviser agent analyst.person architect artist attribute copywriter developer	no accepted parent reaches a root
unplaced	department-head	agent attribute chief leader organism person physical-object property	no accepted parent reaches a root
unplaced	deputy-sheriff	agent cameraman detective inquiry-agent inspector man organism paralegal	no accepted parent reaches a root
unplaced	dispenser.person	agent attribute cameraman detective inquiry-agent inspector man organism	no accepted parent reaches a root
unplaced	docent	adjutant adult agent bodyguard companion concierge educator gamekeeper	no accepted parent reaches a root
unplaced	drawer.person	agent attribute digger operator organism person physical-object property	no accepted parent reaches a root
unplaced	electrotherapist	agent attribute cameraman detective expert inquiry-agent inspector man	no accepted parent reaches a root
unplaced	employment-agent	agent attribute broker cameraman communicator detective inquiry-agent inspector	no accepted parent reaches a root
unplaced	evangelist	agent attribute cameraman detective human inquiry-agent inspector leader	no accepted parent reaches a root
unplaced	exchanger	agent attribute clerk organism person physical-object property worker	no accepted parent reaches a root
unplaced	exterminator	agent attribute beater blaster bodybuilder builder cabinetmaker caster.person	no accepted parent reaches a root
unplaced	filer	agent attribute clerk litigant organism person physical-object property	no accepted parent reaches a root
unplaced	fixer	adult agent attribute beater blaster bodybuilder builder cabinetmaker	no accepted parent reaches a root
unplaced	flatfoot	adjutant agent bodyguard companion concierge gamekeeper guard host	no accepted parent reaches a root
unplaced	gamekeeper	agent attribute organism person physical-object property worker	no accepted parent reaches a root
unplaced	grader	agent attribute authority expert organism person physical-object property	no accepted parent reaches a root
unplaced	harpist	adviser agent analyst.person architect artist attribute copywriter developer	no accepted parent reaches a root
unplaced	headhunter.person	adviser agent analyst.person architect artist attribute copywriter developer	no accepted parent reaches a root
unplaced	headmistress	adult agent chief department-head educator general-manager governor manager	no accepted parent reaches a root
unplaced	homebuilder	agent attribute beater blaster bodybuilder builder cabinetmaker caster.person	no accepted parent reaches a root
unplaced	hunter-gatherer	agent agriculturist attribute cowboy farmer farmhand fisherman forester	no accepted parent reaches a root
unplaced	innkeeper	agent attribute businessman chief department-head general-manager governor manager	no accepted parent reaches a root
unplaced	inquiry-agent	agent attribute expert investigator organism person physical-object private-detective	no accepted parent reaches a root
unplaced	invigilator	adjutant agent attribute ayah bodyguard companion concierge gamekeeper	no accepted parent reaches a root
unplaced	juggler	adviser agent analyst.person architect artist copywriter developer editor	no accepted parent reaches a root
unplaced	keeper	agent attribute organism person physical-object property worker	no accepted parent reaches a root
unplaced	lapidary	agent attribute beater blaster bodybuilder builder cabinetmaker caster.person	no accepted parent reaches a root
unplaced	lender	agent clerk organism person physical-object worker	no accepted parent reaches a root
unplaced	lighthouse-keeper	agent attribute digger driver operator organism person physical-object	no accepted parent reaches a root
unplaced	liquidator	adviser agent analyst.person architect artist attribute copywriter developer	no accepted parent reaches a root
unplaced	magpie	agent animal-trainer attribute bearer girl hired-hand laborer male-child	no accepted parent reaches a root
unplaced	masseur	agent attribute cameraman detective expert inquiry-agent inspector man	no accepted parent reaches a root
unplaced	masseuse	agent attribute cameraman detective expert inquiry-agent inspector man	no accepted parent reaches a root
unplaced	matchmaker	agent attribute beater blaster bodybuilder builder cabinetmaker caster.person	no accepted parent reaches a root
unplaced	messenger-boy	agent attribute organism person physical-object property traveler worker	no accepted parent reaches a root
unplaced	mezzo-soprano	adviser agent analyst.person architect artist attribute copywriter developer	no accepted parent reaches a root
unplaced	muezzin	agent announcer attribute cameraman communicator detective inquiry-agent inspector	no accepted parent reaches a root
unplaced	mullah	adviser agent analyst.person architect artist attribute copywriter developer	no accepted parent reaches a root
unplaced	oboist	adviser agent analyst.person architect artist attribute copywriter developer	no accepted parent reaches a root
unplaced	ostiary	adjutant agent attribute bodyguard companion concierge flatfoot gamekeeper	no accepted parent reaches a root
unplaced	parliamentarian	agent attribute chairman chancellor-of-the-exchequer chief department-head general-manager governor	no accepted parent reaches a root
unplaced	party-whip	agent attribute chairman chancellor-of-the-exchequer chief department-head general-manager governor	no accepted parent reaches a root
unplaced	patternmaker	agent attribute maker organism person physical-object property worker	no accepted parent reaches a root
unplaced	pawnbroker	adult agent attribute clerk lender organism person physical-object	no accepted parent reaches a root
unplaced	phenomenon		no accepted parent reaches a root
unplaced	philologist	adviser agent analyst.person architect artist attribute copywriter developer	no accepted parent reaches a root
unplaced	plantation-owner	agent farmer landowner organism person physical-object worker	no accepted parent reaches a root
unplaced	politician.person	agent chairman chancellor-of-the-exchequer chief department-head general-manager governor leader	no accepted parent reaches a root
unplaced	practitioner	adult agent attribute organism person physical-object professional property	no accepted parent reaches a root
unplaced	press-photographer	agent artist cameraman detective inquiry-agent inspector man organism	no accepted parent reaches a root
unplaced	prime-minister	agent chairman chancellor-of-the-exchequer chief communicator department-head general-manager governor	no accepted parent reaches a root
unplaced	principal	adult agent attribute chief department-head educator general-manager governor	no accepted parent reaches a root
unplaced	prior	adviser agent analyst.person architect artist attribute copywriter developer	no accepted parent reaches a root
unplaced	private-detective	agent cameraman detective expert inquiry-agent inspector investigator man	no accepted parent reaches a root
unplaced	prosthetist	agent attribute cameraman detective expert inquiry-agent inspector man	no accepted parent reaches a root
unplaced	prostitute	adjutant adult agent attribute bodyguard companion concierge gamekeeper	no accepted parent reaches a root
unplaced	publicist	account-executive adviser agent analyst.person architect artist attribute communicator	no accepted parent reaches a root
unplaced	puppeteer	adviser agent analyst.person architect artist copywriter developer editor	no accepted parent reaches a root
unplaced	racer	agent attribute cameraman detective driver inquiry-agent inspector man	no accepted parent reaches a root
unplaced	radio-announcer	adviser agent analyst.person announcer architect artist attribute communicator	no accepted parent reaches a root
unplaced	raiser	agent agriculturist associate attribute cowboy farmer farmhand fisherman	no accepted parent reaches a root
unplaced	research-director	agent attribute chief department-head general-manager governor leader manager	no accepted parent reaches a root
unplaced	robber	agent attribute criminal digger drawer.person operator organism person	no accepted parent reaches a root
unplaced	secret-agent	adviser agent analyst.person architect artist attribute communicator copywriter	no accepted parent reaches a root
unplaced	security-consultant	adviser agent attribute authority expert organism person physical-object	no accepted parent reaches a root
unplaced	seeker	agent attribute cameraman detective inquiry-agent inspector man organism	no accepted parent reaches a root
unplaced	sericulturist	agent agriculturist attribute breeder cowboy farmer farmhand fisherman	no accepted parent reaches a root
unplaced	sewer	agent artifact attribute container device maker organism person	no accepted parent reaches a root
unplaced	shipmate	agent associate attribute cameraman detective inquiry-agent inspector man	no accepted parent reaches a root
unplaced	signaler	agent attribute communicator digger driver operator organism person	no accepted parent reaches a root
unplaced	signified		no accepted parent reaches a root
unplaced	slicer	agent beater blaster bodybuilder builder cabinetmaker caster.person closer	no accepted parent reaches a root
unplaced	spinster	agent attribute maker organism person physical-object property worker	no accepted parent reaches a root
unplaced	sportsman	agent athlete attribute cameraman detective inquiry-agent inspector man	no accepted parent reaches a root
unplaced	stationmaster	agent attribute chief department-head employer general-manager governor leader	no accepted parent reaches a root
unplaced	steward.person	adjutant agent attribute bodyguard companion concierge gamekeeper guard	no accepted parent reaches a root
unplaced	store-detective	agent attribute cameraman detective expert inquiry-agent inspector investigator	no accepted parent reaches a root
unplaced	striker	agent animal-trainer athlete attribute bearer girl hired-hand laborer	no accepted parent reaches a root
unplaced	stringer	agent attribute beater blaster bodybuilder builder cabinetmaker caster.person	no accepted parent reaches a root
unplaced	stylist	adjutant agent artist bodyguard companion concierge gamekeeper guard	no accepted parent reaches a root
unplaced	superior	adviser agent analyst.person architect artist attribute copywriter developer	no accepted parent reaches a root
unplaced	telegrapher	accomplishment act activity agent cameraman communication detective event	no accepted parent reaches a root
unplaced	ticket-collector	agent animal-trainer attribute bearer doorkeeper girl guard hired-hand	no accepted parent reaches a root
unplaced	toller	adviser agent analyst.person architect artist attribute communicator copywriter	no accepted parent reaches a root
unplaced	tracer	agent beater blaster bodybuilder builder cabinetmaker caster.person closer	no accepted parent reaches a root
unplaced	trombonist	adviser agent analyst.person architect artist attribute copywriter developer	no accepted parent reaches a root
unplaced	turner	agent athlete attribute organism person physical-object property tumbler.person	no accepted parent reaches a root
unplaced	tv-announcer	adviser agent analyst.person architect artist attribute communicator copywriter	no accepted parent reaches a root
unplaced	umpire	agent attribute cameraman detective inquiry-agent inspector man organism	no accepted parent reaches a root
unplaced	universe		no accepted parent reaches a root
unplaced	usurer	agent attribute clerk lender organism person physical-object property	no accepted parent reaches a root
unplaced	valuer	agent appraiser attribute authority broker cameraman detective expert	no accepted parent reaches a root
unplaced	ventriloquist	adviser agent analyst.person architect artist copywriter developer editor	no accepted parent reaches a root
unplaced	vintner	adviser agent analyst.person architect artist attribute copywriter developer	no accepted parent reaches a root
unplaced	wanderer	agent attribute beater blaster bodybuilder builder cabinetmaker caster.person	no accepted parent reaches a root
unplaced	warder	adjutant agent attribute bodyguard companion concierge flatfoot gamekeeper	no accepted parent reaches a root
unplaced	witch-doctor	agent attribute cameraman detective inquiry-agent inspector man organism	no accepted parent reaches a root
unplaced	woodsman	agent agriculturist attribute cowboy farmer farmhand fisherman forester	no accepted parent reaches a root
unplaced	zoo-keeper	adjutant agent attribute bodyguard companion concierge gamekeeper guard	no accepted parent reaches a root
