name	wordnet	sumo	sumo_rel	schemaorg	yago	wikidata	opencyc	bfo	dolce	dul	gloss	origin
abbey	02667379	Abbey	=		Abbey	Q160742	Mx4rGphw-inAQdiM5KzBxwwzkw				a monastery ruled by an abbot	core
abdomen	05556943	Abdomen	=			Q1029907	Mx4rvVjgyZwpEbGdrcN5Y29ycA				the region of the body of a vertebrate between the thorax and the pelvis	core
aberration	11420139	RadiatingLight	+			Q186634					an optical phenomenon resulting from the failure of a lens or mirror to produce a good ima	core
ability	05200169	Attribute	+				Mx4rvh57iJwpEbGdrcN5Y29ycA				the quality of being able to perform; a quality that permits or facilitates achievement or	core
abortion	00230324	Destruction	+								termination of pregnancy	core
absence	01234345	Process	+								failure to be present	core
absorption	13423922	Wetting	+			Q332828					(chemistry) a process in which one substance permeates another; a fluid permeates or is di	core
abuse	06715223	Expressing	+								"a rude expression intended to offend or hurt; ""when a student made a stupid mistake he spa"	core
academic-degree	06697331	AcademicDegree	=		Academic_degree						an award conferred by a college or university signifying that the recipient has satisfacto	core
academy	02669885	EducationalOrganization	+		Academy	Q162633	Mx4rpo0ncHqGQdeOwLvZU0r7Hw				a learned establishment for the advancement of knowledge	core
accelerator	02670683	GasPedal	=			Q961356					"a pedal that controls the throttle valve; ""he stepped on the gas"""	core
access	05175467	NormativeAttribute	+			Q494852					the right to obtain or make use of or take advantage of something (as services or membersh	core
accident	07301336	Process	+		Accident	Q171558	Mx4rvViib5wpEbGdrcN5Y29ycA				an unfortunate mishap; especially one causing damage or injury	core
accomplishment	00035189	IntentionalProcess	=						accomplishment		the action of accomplishing something	core
account	13354985	FinancialText	+				Mx4rTXWNgDjCEd2AAADggVbxzQ				"a statement of recent transactions and the resulting balance; ""they send me an accounting "	core
accountant	09761403	Accountant	+			Q471066					someone who maintains and audits business accounts	core
accretion	13424865	Increasing	+								an increase by natural growth or addition	core
accusation	06730780	Stating	+								"an assertion that someone is guilty of a fault or offence; ""the newspaper published charge"	core
ace	09762509	Human	+			Q378907					someone who is dazzlingly skilled in any field	core
acid	14607521	ChemicalAcid	=		Acid	Q11158					any of various water-soluble compounds having a sour taste and capable of turning litmus r	core
acknowledgment	14411981	SubjectiveAssessmentAttribute	+				Mx4rvVkMQZwpEbGdrcN5Y29ycA				"the state or quality of being recognized or acknowledged; ""the partners were delighted wit"	core
acquaintance	09763784	SocialRole	+			Q28008277					"a person with whom you are acquainted; ""I have trouble remembering the names of all my acq"	core
acquired-knowledge	05984287	EducationalProcess	=								"knowledge acquired by learning and instruction; ""it was clear that he had a very broad edu"	core
acquisition	13253255	Getting	+				Mx4rg_O_VFaUQdiKWM5U7IxE6A				"something acquired; ""a recent acquisition by the museum"""	core
act	00030358	IntentionalProcess	=			Q421744					something that people do or cause to happen	core
act-of-play	07009640	PerformanceAct	=								a subdivision of a play or opera or ballet	core
action	06373513	Proposition	+	schema:Action		Q3678445	Mx4rvVioQZwpEbGdrcN5Y29ycA			Action	"the series of events that form a plot; ""his novels always have a lot of action"""	core
activeness	04635104	BiologicalAttribute	+								"the trait of being active; moving or acting rapidly and energetically; ""the level of activ"	core
activity	00407535	IntentionalProcess	=				Mx4rlgRwgoDjQ2Wo8XdS2_fXuw				"any specific behavior; ""they avoided all recreational activity"""	core
actor	09765278	Actor	=			Q33999	Mx4rvVjaHZwpEbGdrcN5Y29ycA				a theatrical performer	core
ad	07248801	Advertising	=			Q37038					a public promotion of some product or service	core
adaptation	06408779	Text	+			Q483921	Mx4rz8Y1HDAEQdieyelU0gk2PQ				"a written work (as a novel) that has been recast in a new form; ""the play is an adaptation"	core
addiction	14062725	DiseaseOrSyndrome	+			Q12029					being abnormally tolerant to and dependent on something that is psychologically or physica	core
addition	02679415	Putting	+			Q32043					"a component that is added to something to improve it; ""the addition of a bathroom was a ma"	core
address	08491027	PostalPlace	=				Mx4rkGMnxHtwEd2AAABQjYGu0g				the place where a person or organization can be found or communicated with	core
adeptness	05642175	PsychologicalAttribute	+								"skillful performance or ability without difficulty; ""his quick adeptness was a product of "	core
administrative-division	08220714	Organization	+								an administrative unit in government or business	core
administrator	09770949	Position	+								someone who administers a business	core
admiration	07500741	EmotionalState	+				Mx4rvViyC5wpEbGdrcN5Y29ycA				a feeling of delighted approval and liking	core
admission	07215948	Stating	+			Q904175	Mx4rvcBbxpwpEbGdrcN5Y29ycA				an acknowledgment of the truth of something	core
admonition	06672297	NormativeAttribute	+			Q4683829					cautionary advice about something imminent (especially imminent danger or other unpleasant	core
adolescent	09772029	Teenager	=			Q1492760					a juvenile between the onset of puberty and maturity	core
adoption	00180413	Getting	+			Q180472					"the act of accepting with approval; favorable reception; ""its adoption by society""; ""the p"	core
adult	09605289	HumanAdult	=			Q9584157	Mx4rwQBnMZwpEbGdrcN5Y29ycA				a fully developed person from maturity onward	core
advance	13375891	CreditAccount	+								an amount paid before it is earned	core
advancement	00249501	SubjectiveAssessmentAttribute	+			Q2351730					"gradual improvement or growth or development; ""advancement of knowledge""; ""great progress "	core
advantage	05142863	SubjectiveAssessmentAttribute	+								"benefit resulting from some event or action; ""it turned out to my advantage""; ""reaping the"	core
adventure	00796315	SubjectiveAssessmentAttribute	+			Q1436734					a wild and exciting undertaking (not necessarily lawful)	core
adversary	09773245	Human	+			Q12829182					someone who offers opposition	core
adversity	14475661	SubjectiveAssessmentAttribute	+								"a state of misfortune or affliction; ""debt-ridden farmers struggling with adversity""; ""a l"	core
advice	06671484	Requesting	=				Mx4rv16ko5wpEbGdrcN5Y29ycA				a proposal for an appropriate course of action	core
adviser	09774266	SocialRole	+								"an expert who gives advice; ""an adviser helped students select their courses""; ""the United"	core
advocate	09774783	Human	+			Q380075					a person who pleads for a cause or propounds an idea	core
affair	13931889	SocialInteraction	+								a usually secretive or illicit sexual relationship	core
affiliation	13930385	SocialInteraction	+								"a social or business relationship; ""a valuable financial affiliation""; ""he was sorry he ha"	core
affinity	04688648	SubjectiveAssessmentAttribute	+				Mx4rFhNT5DAIQdiT5uThdT9q3A				"a natural attraction or feeling of kinship; ""an affinity for politics""; ""the mysterious af"	core
affinity.relation	13811410	SocialInteraction	+								a close connection marked by community of interests or similarity in nature or character; 	core
affirmation	07203126	Stating	=				Mx4rBy_4XF3fEdaAAABQ2sS97g				the act of affirming or asserting or stating something	core
afternoon	15166191	Afternoon	=				Mx4rvViGOpwpEbGdrcN5Y29ycA				"the part of the day between noon and evening; ""he spent a quiet afternoon in the park"""	core
age	04924103	Attribute	+								"how long something has existed; ""it was replaced because of its age"""	core
agency	08057206	TravelAgencies	=			Q3951828					a business that serves other businesses	core
agenda	06485261	Text	+			Q4174106					a list of matters to be taken up (as at a meeting)	core
agent	00007347	AutonomousAgent	=			Q392648				Agent	any entity that produces an effect or is responsible for events or results	core
aggression	00964569	ViolentContest	+								violent action that is hostile and usually unprovoked	core
agitation	00554300	SubjectiveAssessmentAttribute	+								disturbance usually in protest	core
agony	07495551	EmotionalState	+				Mx4rhZjNsB62QdiECZQD_tmZAw				"intense feelings of suffering; acute mental or physical pain; ""an agony of doubt""; ""the to"	core
agreement	13971065	Cooperation	+								"harmony of people's opinions or actions or characters; ""the two parties were in agreement"""	core
aid	13265904	Funding	+			Q2827815					money to support a worthy person or cause	core
aids	14127782	AcquiredImmunoDeficiencySyndrome	=			Q12199	Mx4rwP1LGpwpEbGdrcN5Y29ycA				a serious (often fatal) disease of the immune system transmitted through blood products es	core
air	14841267	Air	=				Mx4rvVjADJwpEbGdrcN5Y29ycA				a mixture of gases (especially oxygen) required for breathing; the stuff that the wind con	core
aircraft	02686568	Aircraft	=		Aircraft	Q11436	Mx4rvViuUJwpEbGdrcN5Y29ycA				a vehicle that can fly	core
aircraft-wing	04592741	WingDevice	+			Q20078304					one of the horizontal airfoils on either side of the fuselage of an airplane	core
airline	02690081	Airline	=	schema:Airline	Airline	Q46970	Mx4rvViq7pwpEbGdrcN5Y29ycA				a commercial enterprise that provides scheduled flights for passengers	core
airplane	02691156	Airplane	=		Airplane	Q197	Mx4rvViCi5wpEbGdrcN5Y29ycA				"an aircraft that has a fixed wing and is powered by propellers or jets; ""the flight was de"	core
airport	02692232	Airport	=	schema:Airport	Airport	Q1248784					an airfield equipped with control tower and hangars as well as accommodations for passenge	core
aisle	02694045	LandTransitway	+			Q939723	Mx4rwP1KR5wpEbGdrcN5Y29ycA				part of a church divided laterally from the nave proper by rows of pillars or columns	core
alarm	02694426	SecurityAlarm	+								a device that signals the occurrence of some undesirable event	core
alarm-clock	02694662	AlarmClock	=			Q212758	Mx4r9gzS1MJsEdmAAACQJw5drg				a clock that wakes a sleeper at some preset time	core
album	02695079	Book	+			Q1173065					a book of blank pages with pockets or envelopes; for organizing photographs or stamp colle	core
alcohol	07884567	AlcoholicBeverage	+		Alcohol	Q154	Mx4rvVim-JwpEbGdrcN5Y29ycA				"a liquor or brew containing alcohol as the active agent; ""alcohol (or drink) ruined him"""	core
alimony	13283620	Giving	+								court-ordered support paid by one spouse to another after they are separated	core
alliance	13792183	Relation	+		Alliance	Q878249	Mx4r-GjensiWEdmAAAACs6hRjg				"a connection based on kinship or marriage or common interest; ""the shifting alliances with"	core
allotment	13289467	Entity	+				Mx4rrgDAIK6SQdiUL5E1hbfyaw				a share set aside for a specific purpose	core
allowance	13286254	Entity	+			Q2364815	Mx4r1wuYRkPeQdmNxIu5Qhs3SQ				"an amount allowed or granted (as during a given period); ""travel allowance""; ""my weekly al"	core
ally	08305942	Nation	+								a friendly nation	core
aloofness	07505871	PsychologicalAttribute	+								"indifference by personal withdrawal; ""emotional distance"""	core
altar	02699494	Artifact	+		Altar	Q101687	Mx4rvViUsJwpEbGdrcN5Y29ycA				a raised structure on which gifts or sacrifices to a god are made	core
altitude	05131647	AltitudeMeasure	=								"elevation especially above sea level or above the earth's surface; ""the altitude gave her "	core
aluminum	14627820	Aluminum	=			Q663					a silvery ductile metallic element found primarily in bauxite	core
alumnus	09786338	SocialRole	+			Q508719					a person who has received a degree from a school (high school or college or university)	core
amateur	09786585	SubjectiveAssessmentAttribute	=			Q455595	Mx8NhB4rwP1IC5wpEbGdrcN5Y29ycB4rvsaaeJwpEbGdrcN5Y29ycB4rsCN6vMCfEdmAAACQJw5drh4rHIBS0h_TEdaAAABQ2rksLw				someone who pursues a study or sport as a pastime	core
ambiance	14524849	SubjectiveAssessmentAttribute	=								"a particular environment or surrounding influence; ""there was an atmosphere of excitement"""	core
ambiguity	04825114	Attribute	+			Q1140419					unclearness by virtue of having more than one meaning	core
ambition	04836268	PsychologicalAttribute	+								a strong drive for success	core
ambulance	02701002	Ambulance	+			Q180481	Mx4rvViM0pwpEbGdrcN5Y29ycA				a vehicle that takes people to and from hospitals	core
amendment	06723635	Stating	+		Amendment		Mx4rxom0dBbwQdiPupwJcaCIdA				a statement that is added to or revises or improves a proposal or document (a bill or cons	core
amphetamine	02704153	Stimulant	+			Q179452	Mx4rwP1bk5wpEbGdrcN5Y29ycA				a central nervous system stimulant that increases energy and decreases appetite; used to t	core
amphibian	01627424	Amphibian	=			Q10908	Mx4rvVjgJJwpEbGdrcN5Y29ycA				cold-blooded vertebrate typically living on land but breeding in water; aquatic larvae und	core
analogue	04746430	SubjectiveAssessmentAttribute	+								something having the property of being analogous to something else	core
analogy	05780339	Reasoning	+								an inference that if things agree in some respects they probably agree in others	core
analyst	09790278	Position	+				Mx4rvViq2JwpEbGdrcN5Y29ycA				a licensed practitioner of psychoanalysis	core
ancestor	09792555	BiologicalAttribute	+			Q402152					someone from whom you are descended (but usually more remote than a grandparent)	core
angel	09538915	Angel	=		Angel	Q235113	Mx4rwQBmFJwpEbGdrcN5Y29ycA				spiritual being attendant upon God	core
anger	07516354	Anger	=			Q79871	Mx4rvVjESJwpEbGdrcN5Y29ycA				a strong emotion; a feeling that is oriented toward some real or supposed grievance	core
angle	13887509	TwoDimensionalAngle	=			Q11352					the space between two lines or planes that intersect; the inclination of one line to anoth	core
animal	00015388	Animal	=			Q729					a living organism characterized by voluntary movement	core
animal-pack	07994941	GroupOfAnimals	+			Q1758639					a group of hunting animals	core
ankle	05578442	Ankle	+			Q168002	Mx4rvVi-R5wpEbGdrcN5Y29ycA				a gliding joint between the distal ends of the tibia and fibula and the proximal end of th	core
annex	02713594	Room	+				Mx4rly8RpiqlQdiS787W5uNgVg				an addition that extends a main building	core
anniversary	15249799	Day	+		Anniversary	Q1062856					the date on which an event occurred in some previous year (or the celebration of it)	core
annotation	06763273	Text	+			Q857525	Mx4rvVjSCJwpEbGdrcN5Y29ycA				"a comment or instruction (usually added); ""his notes were appended at the end of the artic"	core
announcement	06726158	Disseminating	+			Q1572600					"a formal public statement; ""the government made an announcement about changes in the drug "	core
answer	07200527	Answering	=	schema:Answer		Q1920566					the speech act of replying to a question	core
ant	02219486	AntInsect	+			Q7386	Mx4rvVjecpwpEbGdrcN5Y29ycA				social insect living in organized colonies; characteristically the males and fertile queen	core
anteroom	02715513	Room	+			Q240854					a large entrance or reception room or area	core
anticipation	07511080	EmotionalState	+			Q255266					an expectation	core
anxiety	14374432	Anxiety	=			Q154430					(psychiatry) a relatively permanent state of worry and nervousness occurring in a variety 	core
apartment	02726305	ApartmentUnit	=	schema:Apartment	Apartment	Q188507	Mx4rvVixF5wpEbGdrcN5Y29ycA				a suite of rooms usually on one floor of an apartment house	core
apathy	07483622	PsychologicalAttribute	+			Q309406					an absence of emotion or enthusiasm	core
apology	06633363	Expressing	+			Q273668					"an expression of regret at having caused trouble for someone; ""he wrote a letter of apolog"	core
apparatus	02727825	Device	+			Q620681					equipment designed to serve a specific function	core
apparel	02728440	Clothing	+								"clothing in general; ""she was refined in her choice of apparel""; ""he always bought his clo"	core
appeal	04687333	SubjectiveAssessmentAttribute	+			Q329777					"attractiveness that interests or pleases or stimulates; ""his smile was part of his appeal "	core
appearance	04673965	SubjectiveAssessmentAttribute	+				Mx4rwJZJIZwpEbGdrcN5Y29ycA				outward or visible aspect of a person or thing	core
appendix	05537576	BodyPart	+			Q9656	Mx4rPXNN8iQNQdeZzd0BRieWGw				a vestigial process that extends from the lower end of the cecum and that resembles a smal	core
appetite	07485626	PsychologicalAttribute	+			Q28578	Mx4r0wITiCzsQdiQ-51ndcJW8w				"a feeling of craving something; ""an appetite for life""; ""the object of life is to satisfy "	core
apple	07739125	Apple	=			Q89	Mx8Ngh4rvVipdpwpEbGdrcN5Y29ycB4rvVjBnZwpEbGdrcN5Y29ycA				fruit with red or yellow or green skin and sweet to tart crisp whitish flesh	core
appliance	02729965	Device	+			Q339084					a device or control that is very useful for a particular job	core
applicant	09607280	SocialRole	+				Mx4rZisceCthQdiJGZT_4gMiZg				a person who requests or seeks something such as assistance or employment or admission	core
application	06570110	ComputerProgram	+			Q166142	Mx4rvViM8ZwpEbGdrcN5Y29ycA				a program that gives a computer instructions that provide the user with tools to accomplis	core
appointment	00586105	Declaring	+				Mx4rvVieKpwpEbGdrcN5Y29ycA				"the job to which you are (or hope to be) appointed; ""he applied for an appointment in the "	core
appraisal	05733583	Comparing	+				Mx4rvWotk5wpEbGdrcN5Y29ycA				the classification of someone or something with respect to its worth	core
appraisal-report	06528783	Certificate	+				Mx4rwOD_GpwpEbGdrcN5Y29ycA				a document appraising the value of something (as for insurance or taxation)	core
aquarium	02732072	FishTank	=	schema:Aquarium	Aquarium	Q45782					a tank or pool or bowl filled with water for keeping live fish and underwater animals	core
arachnid	01769347	Arachnid	=			Q1358	Mx4rvVifK5wpEbGdrcN5Y29ycA				air-breathing arthropods characterized by simple eyes and four pairs of legs	core
arch	02734217	StationaryArtifact	+		Arch	Q12277	Mx4rero7lCTVQdeAWbti1baqSw				"a passageway under a curved masonry construction; ""they built a triumphal arch to memorial"	core
architect	09805475	Designer	=			Q42973	Mx4rwQxF25wpEbGdrcN5Y29ycA				someone who creates plans to be used in making something (such as buildings)	core
architecture	06123363	Architecture	=		Architecture	Q12271	Mx8Ngh4rwQrxJ5wpEbGdrcN5Y29ycB4rvVjNP5wpEbGdrcN5Y29ycA				the discipline dealing with the principles of design and construction and ornamentation of	core
archive	02735086	EducationalOrganization	+			Q166118	Mx8Ngh4rwP1_U5wpEbGdrcN5Y29ycB4rvVj2rJwpEbGdrcN5Y29ycA				a depository containing historical records and documents	core
ardor	07481375	EmotionalState	+								"feelings of great warmth and intensity; ""he spoke with great ardor"""	core
arena	08497107	StationaryArtifact	+		Arena						the central area of an ancient Roman amphitheater where contests and spectacles were held;	core
argument	07140978	Debating	=		Argument	Q179875					"a discussion in which reasons are advanced for and against some proposition or proposal; """	core
argumentation	05773049	Reasoning	+								a course of reasoning aimed at demonstrating a truth or falsehood; the methodical process 	core
arm	05563770	Arm	=			Q43471	Mx4rvVjp5ZwpEbGdrcN5Y29ycA				a human limb; technically the part of the superior limb between the shoulder and the elbow	core
armchair	02738535	Chair	+				Mx4rvVii15wpEbGdrcN5Y29ycA				chair with a support on each side for arms	core
army	08191230	Army	+		Army						a permanent organization of the military land forces of a nation or state	core
army-division	08213205	MilitaryOrganization	+				Mx4rcmh5hJmhEdaAAAACs1uxFw				"an army unit large enough to sustain combat; ""two infantry divisions were held in reserve"""	core
arrangement-scheme	05728678	SpatialRelation	=								"an arrangement scheme; ""the awkward design of the keyboard made operation difficult""; ""it "	core
arrow	02742753	ArrowProjectile	=			Q45922	Mx4rvViIy5wpEbGdrcN5Y29ycA				a projectile with a straight thin shaft and an arrowhead on one end and stabilizing vanes 	core
art					Art	Q735						core
article	06268096	Report	=	schema:Article	Article	Q191067	Mx4rwPkghJwpEbGdrcN5Y29ycA				nonfictional prose forming an independent part of a publication	core
articulation	05595083	BodyJoint	+			Q9644					(anatomy) the point of connection between two bones or elements of a skeleton (especially 	core
artifact	00021939	Artifact	=			Q8205328	Mx4rvVkH_ZwpEbGdrcN5Y29ycA				a man-made object taken as a whole	core
artillery-shell	04190464	Grenade	+				Mx4rvvM2ZJwpEbGdrcN5Y29ycA				ammunition consisting of a cylindrical metal casing containing an explosive charge and a p	core
artist	09812338	Artist	=			Q483501	Mx4rwMcZI5wpEbGdrcN5Y29ycA				a person whose creative work shows sensitivity and imagination	core
artistic-creation	00933420	ArtWork	+			Q735					"the creation of beautiful or significant things; ""art does not need to be innovative to be"	core
ash	14769160	Substance	+			Q152079					the residue that remains when something is burned	core
ash-grey	04962062	GrayColor	+			Q317802					a light shade of grey	core
aspect	05850624	Attribute	+								"a distinct feature or element in a problem; ""he studied every facet of the question"""	core
aspiration	07484547	PsychologicalAttribute	+								"a cherished desire; ""his ambition is to own his own business"""	core
assault	00767826	ViolentContest	+		Assault	Q2911369					a threatened or attempted physical attack by someone who appears to be able to cause bodil	core
assembly-hall	03478907	Room	+		Assembly_hall	Q1940809					"a large room for gatherings or entertainment; ""lecture hall""; ""pool hall"""	core
assertion	06729499	Stating	+								a declaration that is made emphatically (as if no supporting evidence were necessary)	core
asset	05154517	PropertyFn	+								a useful or valuable quality	core
assignment	00796586	IntentionalProcess	+								an undertaking that you have been assigned to do (as by an instructor)	core
assimilation	13434878	SocialInteraction	+								the social process of absorbing one cultural group into harmony with another	core
assist	01207609	Cooperation	+								the activity of contributing to the fulfillment of a need or furtherance of an effort or p	core
assistant	09815790	Human	+			Q2070313	Mx4rQlXXKHAvEduAAAACs2IKfQ				a person who contributes to the fulfillment of a need or furtherance of an effort or purpo	core
association	08049401	Organization	=			Q12818739	Mx4rwH-3XJwpEbGdrcN5Y29ycA				"a formal organization of people or groups of people; ""he joined the Modern Language Associ"	core
assurance	07227406	Committing	+								"a statement intended to inspire confidence; ""the President's assurances were not respected"	core
asterisk	06828389	Character	+								a star-shaped character * used in printing	core
astronomy	06095022	Astronomy	=		Astronomy	Q333					the branch of physics that studies celestial bodies and the universe as a whole	core
athlete	09820263	FootballerSoccer	=		Athlete	Q2066131	Mx4rvVi--5wpEbGdrcN5Y29ycA				a person trained to compete in sports	core
atmosphere	09210604	Atmosphere	=		Atmosphere	Q8104	Mx4rvVjVGpwpEbGdrcN5Y29ycA				the envelope of gases surrounding any celestial body	core
atom	14619225	Atom	=			Q9121	Mx4rvViR75wpEbGdrcN5Y29ycA				(physics and chemistry) the smallest component of an element having the chemical propertie	core
attachment	02755244	Artifact	+				Mx4rvWOV6JwpEbGdrcN5Y29ycA				a supplementary part or accessory	core
attack	00972621	Attack	=								"(military) an offensive against an enemy (using weapons); ""the attack began at dawn"""	core
attempt	00786195	IntentionalProcess	+								"earnest and conscientious activity intended to do or accomplish something; ""made an effort"	core
attention	05650579	PsychologicalAttribute	+			Q6501338	Mx4rf3--8LctEdmFRAACs6hRjg				"the faculty or power of mental concentration; ""keeping track of all the details requires y"	core
attitude	06193203	PropositionalAttitude	+								a complex mental state involving beliefs and feelings and values and dispositions to act i	core
attraction	04688246	SubjectiveAssessmentAttribute	+			Q4818701					"the quality of arousing interest; being attractive or something that attracts; ""her person"	core
attractive-force	11426530	Process	+								the force by which one object attracts another	core
attribute	00024264	Attribute	=				Mx4rqs8mVL8bEdmAAAACs6hRjg				an abstraction belonging to or characteristic of an entity	core
auction	00092366	Auctioning	=			Q177923	Mx4rvotkAJwpEbGdrcN5Y29ycA				the public sale of something to the highest bidder	core
audience	08221897	Perception	+	schema:Audience		Q211198					"a gathering of spectators or listeners at a (usually public) performance; ""the audience ap"	core
audio	04262678	AudioRecording	=			Q5057302					a recording of acoustic signals	core
auditor	09823153	Human	+			Q10949665	Mx4rvVjiBJwpEbGdrcN5Y29ycA				a student who attends a course but does not take it for credit	core
augury	07286014	SubjectiveAssessmentAttribute	+			Q1120735					"an event that is experienced as indicating important things to come; ""he hoped it was an a"	core
aunt	09823502	BiologicalAttribute	+			Q41805477					the sister of your father or mother; the wife of your uncle	core
authorities	09824609	SocialRole	+								"(usually plural) persons who exercise (administrative) control over others; ""the authoriti"	core
authority	09824361	Human	+								"an expert whose views are taken as definitive; ""he is an authority on corporate law"""	core
automaton	02761392	Device	+			Q11012					a mechanism that can move automatically	core
automobile-horn	02761834	ElectricDevice	+			Q1146163					a device on an automobile for making a warning noise	core
autonomy	14001031	Attribute	+								personal independence	core
avant-garde	08465558	Group	+			Q102932					any creative group active in the innovation and application of new concepts and techniques	core
avenue	02763472	StationaryArtifact	+			Q7543083	Mx4r_FvEphlJQdiJV5A37qwXrA				a wide street or thoroughfare	core
average	06021761	Quantity	+		Average						"a statistic describing the location of a distribution; ""it set the norm for American homes"	core
aviation	08067218	FlyingAircraft	+		Aviation	Q765633					the operation of aircraft to provide transportation	core
avocation	00432689	RecreationOrExercise	+			Q1267055					an auxiliary activity	core
axis	02764614	EngineeringComponent	+			Q792567	Mx4rvVjqj5wpEbGdrcN5Y29ycA				the center around which something rotates	core
baby	09827683	HumanBaby	=			Q998					"a very young child (birth to 1 year) who has not yet begun to walk or talk; ""the baby bega"	core
baby-buggy	02766534	UnpoweredVehicle	+								a small vehicle with four wheels in which a baby or child is pushed around	core
background	04921417	PastFn	+								"a person's social heritage: previous experience or training; ""he is a lawyer with a sports"	core
backlog	13368052	Keeping	+			Q2710737					something kept back or saved for future use or a special purpose	core
bacon	07670433	Bacon	=			Q11106	Mx4rvWKeipwpEbGdrcN5Y29ycA				back and sides of a hog salted and dried or smoked; usually sliced thin and fried	core
bacterium	01348530	Bacterium	=			Q10876	Mx4rvVjU-5wpEbGdrcN5Y29ycA				(microbiology) single-celled or noncellular spherical or spiral or rod-shaped organisms la	core
bag	02773838	TravelContainer	+		Bag	Q200814					"a portable rectangular container for carrying clothes; ""he carried his small bag onto the "	core
bail	05903445	Procedure	+			Q162351					the legal system that allows an accused person to be temporarily released from custody (us	core
bail-bond	13350976	CurrencyMeasure	+								(criminal law) money that must be forfeited by the bondsman if an accused person fails to 	core
bait	05695232	SubjectiveAssessmentAttribute	+								anything that serves as an enticement	core
balance	13408980	Attribute	+			Q1530280					equality between the totals of the credit and debit sides of an account	core
balcony	02777734	Balcony	=		Balcony	Q170552					a platform projecting from the wall of a building and surrounded by a balustrade or railin	core
ball	02778669	Ball	=			Q2356340					"round object that is hit or thrown or kicked in games; ""the ball travelled 90 mph on his s"	core
ballet	00528667	Dancing	+		Ballet	Q41425	Mx4rvYkGtJwpEbGdrcN5Y29ycA				a theatrical representation of a story that is performed to music by trained dancers	core
balloon	02782329	Balloon	=			Q643435	Mx4rvVjsl5wpEbGdrcN5Y29ycA				small thin inflatable rubber bag with narrow neck	core
ballot	06470922	Ballot	=				Mx4rqg-zgDoYQdeOY6ItKBOryg				a document listing the alternatives that is used in voting	core
banana	07753592	Banana	=				Mx8Ngh4rvVipdpwpEbGdrcN5Y29ycB4rvViwXZwpEbGdrcN5Y29ycA				elongated crescent-shaped yellow fruit with soft sweet flesh	core
band	02784732	Fabric	+			Q4902580	Mx4rvgEZGJwpEbGdrcN5Y29ycA				an adornment consisting of a strip of a contrasting color or material	core
bandage	02785648	Fabric	+				Mx4rwP1cE5wpEbGdrcN5Y29ycA				a piece of soft material that covers and protects an injured part of the body	core
bang	07376257	RadiatingSound	+								a sudden very loud noise	core
bank	09213565	RiverBank	=		Bank		Mx4rqKcF-iTVQdefD8zuIYgMZQ				"sloping land (especially the slope beside a body of water); ""they pulled the canoe up on t"	core
bank-check	13381734	Check	=			Q80042					"a written order directing a bank to pay money; ""he paid all his bills by check"""	core
bankruptcy	01186397	RegulatoryProcess	+				Mx4rx-XW1nS8EdaAAACgyZzFrg				a legal process intended to insure equality among the creditors of a corporation declared 	core
banner	02788021	Fabric	+		Banner						long strip of cloth or paper used for decoration or advertising	core
banquet	08253640	Meeting	+			Q626066	Mx4rq1dx7FxXEdqAAAACs71DGQ				a ceremonial dinner party for many people	core
bar	02788689	Metal	+		Bar						"a rigid piece of metal or wood; usually used as a fastening or obstruction or weapon; ""the"	core
bargain	06771159	Agreement	+				Mx4rVxAb6kPxQdmVXaHI2HF6WQ				an agreement between parties (usually arrived at after discussion) fixing obligations of e	core
bark	13162297	BodyPart	+			Q184453	Mx4rvV7CdJwpEbGdrcN5Y29ycA				tough protective covering of the woody stems and roots of trees and other woody plants	core
baron	09840217	BusinessPerson	+		Baron	Q911554	Mx4rwNcrupwpEbGdrcN5Y29ycA				"a very wealthy or powerful businessman; ""an oil baron"""	core
barrel	02795169	Cask	=			Q10289	Mx4rwP4DlJwpEbGdrcN5Y29ycA				a cylindrical container that holds liquids	core
barrel-shape	13901211	ShapeAttribute	+								a bulging cylindrical shape; hollow with flat ends	core
barrier	09214581	Barrier	=								anything serving to maintain separation by obstructing vision or access	core
barroom	02796995	Tavern	+			Q147268					"a room or establishment where alcoholic drinks are served over a counter; ""he drowned his "	core
barter	01109687	Transaction	+			Q484830	Mx4rvViy4JwpEbGdrcN5Y29ycA				"an equal exchange; ""we had no money so we had to live by barter"""	core
base	02797692	EngineeringComponent	+			Q683906					"a support or foundation; ""the base of the lamp"""	core
baseball	00471613	Baseball	=				Mx4rvViKuJwpEbGdrcN5Y29ycA				a ball game played with a bat and ball between two teams of nine players; teams take turns	core
basement	02800497	Basement	+		Basement	Q234852					the lowermost portion of a structure partly or wholly below ground level; often used for s	core
basis	05793554	Proposition	+				Mx4razP5lB7QQdiFcpsxpJ2QiQ				the fundamental assumptions from which something is begun or developed or calculated or ex	core
basket	02801938	Container	+		Basket	Q201097	Mx4rwQrno5wpEbGdrcN5Y29ycA				a container that is usually woven and has handles	core
basketball	00480993	Basketball	=			Q5372	Mx4rvVjym5wpEbGdrcN5Y29ycA				a game played on a court by two opposing teams of 5 players; points are scored by throwing	core
bat	02139199	Mammal	+			Q28425					nocturnal mouselike mammal with forelimbs modified to form membranous wings and anatomical	core
batch	13774404	SubjectiveAssessmentAttribute	+								"(often followed by `of') a large number or amount or extent; ""a batch of letters""; ""a deal"	core
bathroom	02807731	Bathroom	=			Q190771	Mx4rj_TbOCmDQdecrvhdjRWehQ				a room (as in a residence) containing a bathtub or shower and usually a washbasin and toil	core
bathtub	02808440	BathTub	=			Q152095	Mx4rvVibtpwpEbGdrcN5Y29ycA				a relatively large open container that you fill with water and use to wash the body	core
battery	00768203	ViolentContest	+			Q267298	Mx4rvVicrpwpEbGdrcN5Y29ycA				an assault in which the assailant makes physical contact	core
battle	00953559	Battle	=		Battle	Q178561					"a hostile meeting of opposing military forces in the course of a war; ""Grant won a decisiv"	core
battlefield	08506641	MilitaryFront	+		Battlefield	Q4895508	Mx4rI67BIqUgQdiGzOBoxWmzTA				"a region where a battle is being (or has been) fought; ""they made a tour of Civil War batt"	core
battlefront	08573674	MilitaryFront	+			Q842332					the line along which opposing armies face each other	core
bay	09215664	Bay	=		Bay	Q9258947	Mx4rvVi1YJwpEbGdrcN5Y29ycA				an indentation of a shoreline larger than a cove but smaller than a gulf	core
beach	09217230	ShoreArea	=	schema:Beach	Beach	Q40080	Mx4rvVjvKZwpEbGdrcN5Y29ycA				an area of sand sloping down to the water of a sea or lake	core
beak	01758308	BodyPart	+			Q31528					horny projecting mouth of a bird	core
beam	02815950	BoardOrBlock	+			Q3705329	Mx4rvViQJpwpEbGdrcN5Y29ycA				long thick piece of wood or metal or concrete, etc., used in construction	core
beam-of-light	11428023	RadiatingLight	+								a column of light (as from a beacon)	core
bean	07724943	Bean	=			Q379813					any of various edible seeds of plants of the family Leguminosae used for food	core
bear	02131653	Bear	=			Q30090244					massive plantigrade carnivorous or omnivorous mammals with long shaggy coats and strong cl	core
beard	05261566	FacialHair	+			Q42804	Mx4rvViDgZwpEbGdrcN5Y29ycA				the hair growing on the lower part of a man's face	core
bearing	04910377	TraitAttribute	+								dignified manner or conduct	core
bed	02818832	Bed	=			Q42177	Mx4rvVjeFJwpEbGdrcN5Y29ycA				"a piece of furniture that provides a place to sleep; ""he sat on the edge of the bed""; ""the"	core
bedroom	02821627	Bedroom	+			Q193837	Mx4rvVjQqZwpEbGdrcN5Y29ycA				a room used primarily for sleeping	core
bee	02206856	Bee	=			Q102857	Mx4rvVkHLZwpEbGdrcN5Y29ycA				any of numerous hairy-bodied insects including social and solitary species	core
beef	07663592	Beef	=			Q192628					meat from an adult domestic bovine	core
beer	07886849	Beer	=		Beer	Q44	Mx4rvVjRpZwpEbGdrcN5Y29ycA				a general name for alcoholic beverages made by fermenting a cereal (or mixture of cereals)	core
beginning	05868051	Entity	+								"the first part or section of something; ""`It was a dark and stormy night' is a hackneyed b"	core
behavior	01220984	BodyMotion	+		Behavior						manner of acting or controlling yourself	core
belief	05941423	Proposition	+		Belief						any cognitive content held as true	core
belongings	13244109	Attribute	+								"something owned; any tangible or intangible possession that is owned by someone; ""that hat"	core
beloved	09849598	Human	+								a beloved person; used as terms of endearment	core
belt	02827606	Belt	+			Q134560					a band to tie or buckle around the body (usually at the waist)	core
bench	02828884	Seat	+			Q204776					a long seat for more than one person	core
bend	02829696	Transitway	+			Q671288	Mx4ruPw7jCTVQdeI1qUMHt4iEw				curved segment (of a road or river or railroad track etc.)	core
beneficiary	09850121	SocialRole	+				Mx8NhB4rvcD6KJwpEbGdrcN5Y29ycB4rvsaaeJwpEbGdrcN5Y29ycB4rvViQ5ZwpEbGdrcN5Y29ycB4rvViADZwpEbGdrcN5Y29ycA				the recipient of funds or other benefits	core
benefit	05142641	SubjectiveAssessmentAttribute	+								"something that aids or promotes well-being; ""for the benefit of all"""	core
benefit-performance	06892534	Performance	+								a performance to raise money for a charitable cause	core
berry	07742704	FruitOrVegetable	+			Q16128920					any of numerous small and pulpy edible fruits; used as desserts or in making jams and jell	core
bet	00506658	Betting	=								"the act of gambling; ""he did it on a bet"""	core
betrothal	07228211	Committing	+			Q157512	Mx4rvVkFYJwpEbGdrcN5Y29ycA				a mutual promise to marry	core
bias	06201908	IntentionalRelation	+								a partiality that prevents objective consideration of an issue or situation	core
bible	06431740	ChristianBible	+			Q1845	Mx4rvfMBiZwpEbGdrcN5Y29ycA				"the sacred writings of the Christian religions; ""he went to carry the Word to the heathen"""	core
bicycle	02834778	Bicycle	=		Bicycle	Q11442	Mx4rvVjo0JwpEbGdrcN5Y29ycA				a wheeled vehicle that has two wheels and is moved by foot pedals	core
bid	07168131	Ordering	=								an authoritative direction or instruction to do something	core
bill	13393762	CurrencyBill	+			Q47433					"a piece of paper money (especially one issued by a central bank); ""he peeled off five one-"	core
bin	02839910	Container	+								a container; usually has a lid	core
biography	06515827	Biography	+		Biography	Q36279					an account of the series of events making up a person's life	core
biology	06037666	Biology	@			Q420					the science that studies living organisms	core
biota	07993109	Organism	+								all the plant and animal life of a particular region	core
bird	01503061	Bird	=			Q5113	Mx4rvVi8SJwpEbGdrcN5Y29ycA				warm-blooded egg-laying vertebrates characterized by feathers and forelimbs modified as wi	core
birdcall	06796642	AnimalLanguage	+			Q1126556					"the characteristic sound produced by a bird; ""a bird will not learn its song unless it hea"	core
birth	07320302	Birth	=			Q14819852	Mx4rvVizDJwpEbGdrcN5Y29ycA				"the event of being born; ""they celebrated the birth of their first child"""	core
birthday	15250178	Day	+		Birthday	Q47223					an anniversary of the day on which a person was born (or the celebration of it)	core
bishop	09857200	Bishop	=		Bishop	Q29182					a senior member of the Christian clergy having spiritual and administrative authority; app	core
bit	09222051	Object	+			Q830004					"a small fragment of something broken off from the whole; ""a bit of rock caught him in the "	core
bite	07577374	Meal	+			Q96748570					a light informal meal	core
blackmail	00784598	CriminalAction	+			Q34284	Mx4rwJvJepwpEbGdrcN5Y29ycA				extortion of money by threats to divulge discrediting information	core
blade	02848216	Blade	=				Mx4rvVjLipwpEbGdrcN5Y29ycA				the flat part of a tool or weapon that (usually) has a cutting edge	core
blanket	02849154	Blanket	+			Q1762457	Mx4rvVjTspwpEbGdrcN5Y29ycA				"bedding that keeps a person warm in bed; ""he pulled the covers over his head and went to s"	core
blast	07408171	Motion	+								an explosion (as of dynamite)	core
blessing	01215392	Helping	+				Mx4rGcLIBDAHQdiIo_4bdZWqgw				"the formal act of approving; ""he gave the project his blessing""; ""his decision merited the"	core
blink-of-an-eye	15247110	SubjectiveAssessmentAttribute	+								"a very short time (as the time it takes the eye to blink or the heart to beat); ""if I had "	core
block	08642145	CityBlock	+			Q1348006	Mx4rwwfziB5sQdeF8uYL1bPzcw				a rectangular area in a city surrounded by streets and usually containing several building	core
blood	05399847	Blood	=			Q7873	Mx4rvVjI8JwpEbGdrcN5Y29ycA				the fluid (red in vertebrates) that is pumped through the body by the heart and contains p	core
bloodshed	00221178	Killing	+				Mx4r7aWypub8R_-Xa9XHTcIuMQ				"the shedding of blood resulting in murder; ""he avenged the bloodshed of his kinsmen"""	core
blow	01173038	Impacting	=								"a powerful stroke with the fist or a weapon; ""a blow on the head"""	core
blue	04968895	Blue	+			Q1088	Mx4rSZ2UjHS_EdaAAACgyZzFrg				"blue color or pigment; resembling the color of the clear sky in the daytime; ""he had eyes "	core
board	02857023	Device	+			Q123421533					"a flat portable surface (usually rectangular) designed for board games; ""he got out the bo"	core
board-of-directors	08322981	OrganizationalBoard	=		Board_of_directors	Q188628	Mx4rvVkI1ZwpEbGdrcN5Y29ycA				"a committee having supervisory powers; ""the board has seven members"""	core
boat	02858304	WaterVehicle	=		Boat	Q35872	Mx4rIDj6hi6jEdqAAAACs71DGQ				a small vessel for travel on water	core
body	05216365	Animal	=								"the entire structure of an organism (an animal, plant, or human being); ""he felt as if his"	core
body-of-water	09225146	WaterArea	=	schema:BodyOfWater	BodyOfWater		Mx4rvViE_JwpEbGdrcN5Y29ycA				"the part of the earth's surface covered with water (such as a river or lake or ocean); ""th"	core
body-part	05220461	BodyPart	=				Mx4rvViAHJwpEbGdrcN5Y29ycA				any part of an organism such as an organ or extremity	core
boldness	04838210	TraitAttribute	+								"impudent aggressiveness; ""I couldn't believe her boldness""; ""he had the effrontery to ques"	core
bolt	02865665	Bolt	=			Q1147806	Mx4rvVjxrJwpEbGdrcN5Y29ycA				a screw that screws into a nut to form a fastener	core
bomb	02866578	Bomb	+		Bomb	Q127197	Mx4rwQriRZwpEbGdrcN5Y29ycA				an explosive device fused to explode under specific conditions	core
bomber	02867715	Bomber	+		Bomber	Q170877					a military aircraft that drops bombs during flight	core
bone	05269901	Bone	=	schema:Bone	Bone	Q265868	Mx4rvVkCG5wpEbGdrcN5Y29ycA				rigid connective tissue that makes up the skeleton of vertebrates	core
book	06410904	Book	=	schema:Book	Book	Q571					"a written work or composition that has been published (printed on pages bound together); """	core
book-appendix	06399337	Text	+								supplementary material that is collected and appended at the back of a book	core
book-copy	02870092	Book	+								"physical objects consisting of a number of pages bound together; ""he used a large book as "	core
book-index	06491786	Text	+								an alphabetical listing of names and topics along with page numbers where they are discuss	core
book-volume	06413666	SeriesVolumeFn	+			Q1238720					"a publication that is one of a set of several similar publications; ""the third volume was "	core
booklet	06413889	Book	+			Q190399					a small book usually having a paper cover	core
boom	14488813	SubjectiveAssessmentAttribute	+			Q811491					a state of economic prosperity	core
boot	02872752	Shoe	=			Q190868	Mx4rvVisaJwpEbGdrcN5Y29ycA				footwear that covers the whole foot and lower leg	core
booth	02873839	Room	+			Q16556730					small area set off by walls for special use	core
bosom	05919263	SubjectiveAssessmentAttribute	+								"the locus of feelings and intuitions; ""in your heart you know it is true""; ""her story woul"	core
botanical-fruit	13134947	FruitOrVegetable	=			Q1364					the ripened reproductive body of a seed plant	core
bottle	02876657	Bottle	=		Bottle	Q80228	Mx4rvVjslpwpEbGdrcN5Y29ycA				a glass or plastic vessel used for storing drinks or other liquids; typically cylindrical 	core
bottle-cap	02954938	Device	+			Q1440281					a top (as for a bottle)	core
bottom	02878222	CargoShip	+			Q105999	Mx4rvVjWc5wpEbGdrcN5Y29ycA				"a cargo ship; ""they did much of their overseas trade in foreign bottoms"""	core
boundary-line	08512736	Region	+			Q921099	Mx4rd7-FiskjEdmAAAACs6hRjg				a line that indicates a boundary	core
bow	02879718	Weapon	+			Q46311					a weapon for shooting arrows, composed of a curved piece of resilient wood with a taut cor	core
bowl	02881193	Artifact	+		Bowl	Q153988	Mx4rvVjsMZwpEbGdrcN5Y29ycA				a round vessel that is open at the top; used chiefly for holding food or liquids;	core
box	02883344	Box	=		Box	Q188075	Mx4rvVjQXpwpEbGdrcN5Y29ycA				"a (usually rectangular) container; may have a lid; ""he rummaged through a box of spare par"	core
boxing-ring	04092959	Region	+			Q2290113	Mx4rvViXbJwpEbGdrcN5Y29ycA				a platform usually marked off by ropes in which contestants box or wrestle	core
bracket	06842452	Character	+			Q2465790					either of two punctuation marks (`<' or `>') used in computer programming and sometimes us	core
bracket-category	08006094	IntervalFn	=								a category falling within certain defined limits	core
braid	05259512	Hair	+			Q320809					a hairdo formed by braiding or twisting the hair	core
brain	05481095	Brain	+			Q1073	Mx4rvVjT65wpEbGdrcN5Y29ycA				that part of the central nervous system that includes all the higher nervous centers; encl	core
brake	02889425	Brake	=			Q1534839	Mx4rvViFqJwpEbGdrcN5Y29ycA				a restraint used to slow or stop a vehicle	core
branch	13163250	PlantBranch	=			Q2923673	Mx4rvWYI25wpEbGdrcN5Y29ycA				a division of a stem, or secondary stem arising from the main stem of a plant	core
brand	05845140	Class	+	schema:Brand	Brand						"a recognizable kind; ""there's a new brand of hero in the movies now""; ""what make of car is"	core
bread	07679356	BreadOrBiscuit	+		Bread	Q7802	Mx4rvVjMeZwpEbGdrcN5Y29ycA				food made from dough of flour or meal and usually raised with yeast or baking powder and t	core
breakdown	07421316	NormativeAttribute	+								"a cessation of normal operation; ""there was a power breakdown"""	core
breakfast	07574602	Breakfast	=			Q80973	Mx4rvVjUAJwpEbGdrcN5Y29ycA				the first meal of the day (usually in the morning)	core
breast	05554405	Organ	+			Q131597964	Mx4rvVjV7ZwpEbGdrcN5Y29ycA				either of two soft fleshy milk-secreting glandular organs on the chest of a woman	core
breeze	11431754	Wind	+				Mx4rllzDMjADQdidro70qhpN5g				"a slight wind (usually refreshing); ""the breeze was cooled by the lake""; ""as he waited he "	core
brewery	02897237	BeerBrewery	=	schema:Brewery	Brewery	Q131734	Mx4rvVjzRJwpEbGdrcN5Y29ycA				a plant where beer is brewed by fermentation	core
brick	02897820	Brick	+			Q40089	Mx4rvVj-spwpEbGdrcN5Y29ycA				rectangular block of clay baked by the sun or in a kiln; used as a building or paving mate	core
bride	09874725	Woman	+			Q353673	Mx8NhB4rvcD6KJwpEbGdrcN5Y29ycB4rvVjW5ZwpEbGdrcN5Y29ycB8Ngh4rFKDxAmNZEdqAAAACs71DGR4rvVjs1ZwpEbGdrcN5Y29ycB4rwBnD3ZwpEbGdrcN5Y29ycA				a woman participant in her own marriage ceremony	core
bridge	02898711	Bridge	=	schema:Bridge	Bridge	Q12280	Mx4rvgD1IZwpEbGdrcN5Y29ycA				a structure that allows people or vehicles to cross an obstacle such as a river or canal o	core
brilliance	05619743	PsychologicalAttribute	+								unusual mental ability	core
brim	02902250	Artifact	+								the top edge of a vessel or other container	core
brink	13903738	Region	+								a region marking a boundary	core
broadcast	06254007	Message	+								message that is transmitted by radio or television	core
broccoli	07714990	Broccoli	=			Q47722					branched green undeveloped flower heads	core
bronze	02906175	ArtWork	+			Q4390114					a sculpture made of bronze	core
brother	09876454	BiologicalAttribute	+			Q10861465	Mx8NhB4rvcD6KJwpEbGdrcN5Y29ycB4rvVjpQ5wpEbGdrcN5Y29ycB4rvVjTgJwpEbGdrcN5Y29ycB4rvViwMZwpEbGdrcN5Y29ycA				"a male with the same parents as someone else; ""my brother still lives with our parents"""	core
brow	05602548	BodyPart	+			Q41055					the part of the face above the eyes	core
brush	02908217	BrushOrComb	=			Q614467	Mx4rvVjkhJwpEbGdrcN5Y29ycA				an implement that has hairs or bristles firmly set into a handle	core
bubble	09229709	Bubble	+			Q75794	Mx4rc0n4Oi9IQdiJuZpQwHgN5Q				a hollow globule of gas (e.g., air or carbon dioxide)	core
bucket	02909870	Container	+		Bucket	Q47107	Mx4rvVi285wpEbGdrcN5Y29ycA				a roughly cylindrical vessel that is open at the top	core
budget	13421832	CurrencyMeasure	+								"a sum of money allocated for a particular purpose; ""the laboratory runs on a budget of a m"	core
buffet	07576182	Buffet	=		Buffet	Q847462	Mx4rvWgSJpwpEbGdrcN5Y29ycA				a meal set out on a buffet at which guests help themselves	core
building	02913152	Building	=		Building	Q41176					"a structure that has a roof and walls and stands more or less permanently in one place; ""t"	core
bulb	13134059	BodyPart	+			Q188748	Mx4rvVjxSJwpEbGdrcN5Y29ycA				a modified bud consisting of a thickened globular underground stem serving as a reproducti	core
bullet	02916350	Bullet	=			Q174583					a projectile that is fired from a gun	core
bulletin	06682290	Text	+								a brief report (especially an official statement issued for immediate publication or broad	core
bun	07680932	BreadOrBiscuit	+			Q23004					small rounded bread either plain or sweet	core
bunch	07959943	Collection	+			Q206637					"a grouping of a number of similar things; ""a bunch of trees""; ""a cluster of admirers"""	core
bundle	02919414	Collection	+								a package of several things tied together for carrying or storing	core
bungalow	02919792	House	+		Bungalow	Q5783996					a small house with a single story	core
bureaucracy	08009659	SocialRole	+			Q72468	Mx4rvguIoZwpEbGdrcN5Y29ycA				any organization in which action is obstructed by insistence on unnecessary procedures and	core
burial	07451687	Entombing	+		Burial	Q331055					the ritual placing of a corpse in a grave	core
burn	14289590	Injuring	+			Q170518	Mx4rwP1OdJwpEbGdrcN5Y29ycA				an injury caused by exposure to heat or chemicals or radiation	core
bus	02924116	PassengerVehicle	+			Q1062861	Mx4rvVi0v5wpEbGdrcN5Y29ycA				"a vehicle carrying many passengers; used for public transport; ""he always rode the bus to "	core
bus-ticket	06519846	Ticket	+				Mx4raD56EC9uEdqAAAACs71DGQ				a ticket good for a ride on a bus	core
business-deal	01110274	FinancialTransaction	+								"a particular instance of buying or selling; ""it was a package deal""; ""I had no further tra"	core
business-operation	01095966	Corporation	+								"a business especially one run on a large scale; ""a large-scale farming operation""; ""a mult"	core
business-studies												core
businessman	09882007	Position	+			Q43845	Mx8Ngh4rwQwVUJwpEbGdrcN5Y29ycB4rwPzQ6pwpEbGdrcN5Y29ycA				a person engaged in commercial or industrial business (especially an owner or executive)	core
bustle	00555138	SubjectiveAssessmentAttribute	+			Q535576					a rapid active commotion	core
butter	07848338	Butter	=			Q34172	Mx4rvVj3aZwpEbGdrcN5Y29ycA				an edible emulsion of fat globules made by churning milk or cream; for cooking and table u	core
butterfly	02274259	Butterfly	=			Q11946202					diurnal insect typically having a slender body with knobbed antennae and broad colorful wi	core
buttocks	05559256	BodyPart	+			Q42165					"the fleshy part of the human body that you sit on; ""he deserves a good kick in the butt""; "	core
button	02928608	Button	+			Q160464					a round fastener sewn to shirts and coats etc to fit through buttonholes	core
cab	02930766	Taxicab	+			Q82650	Mx4rwQCX9JwpEbGdrcN5Y29ycA				a car driven by a person whose job is to take passengers where they want to go in exchange	core
cabaret	02931417	NightClub	+		Cabaret	Q131183					a spot that is open late at night and that provides entertainment (as singers or dancers) 	core
cabin	02932019	Artifact	+			Q1416670	Mx4rvaD63JwpEbGdrcN5Y29ycA				the enclosed compartment of an aircraft or spacecraft where passengers are carried	core
cabinet	02933112	ChestOrCabinet	+			Q2741056					a piece of furniture resembling a cupboard with doors and shelves and drawers; for storage	core
cable	02933842	StationaryArtifact	+			Q552034	Mx4rwQCNY5wpEbGdrcN5Y29ycA				a very strong thick rope made of twisted hemp or steel wire	core
cadaver	05218119	HumanCorpse	=			Q48422					"the dead body of a human being; ""the cadaver was intended for dissection""; ""the end of the"	core
cafe	02935658	Coffeeshop	=			Q30022					a small restaurant where drinks and snacks are sold	core
cage	02936714	TrapOrCage	+			Q129211	Mx4rvVjYypwpEbGdrcN5Y29ycA				an enclosure made or wire or metal bars in which birds or animals can be kept	core
cake	07628870	PreparedFood	+		Cake	Q13276					baked goods made from or based on a mixture of flour, sugar, eggs, and fat	core
calamity	07314838	SubjectiveAssessmentAttribute	+			Q3839081					"an event resulting in great loss and misfortune; ""the whole city was affected by the irrem"	core
calculation	05802185	Calculating	=								problem solving that involves numbers or quantities	core
calendar	15173479	UnitOfMeasure	+		Calendar	Q12132					a system of timekeeping that defines the beginning and length and divisions of the year	core
calendar-month	15209413	Month	=								"one of the twelve divisions of the calendar year; ""he paid the bill last month"""	core
calf	01887896	Calf	=			Q2935					young of domestic cattle	core
call	01055954	Meeting	+				Mx8Ngx4ro1LCQHnqQdiMHajiy73AGx8Ngx4rj8qOgHbmQdiTr4JtS3CS_h4rlntv-M4EEdmAAAACs6hRjg-tcG9sbEV4ZWN1dGlvbk10Rm9yVGFza3NGcm9tSHVtYW5DeWNsaXN0c190YXNrlw				"a brief social visit; ""senior professors' wives no longer make afternoon calls on newcomer"	core
calling-card	06633205	Text	+								a printed or written greeting that is left to indicate that you have visited	core
camera	02942699	Camera	=		Camera	Q15328	Mx4rvWAmAJwpEbGdrcN5Y29ycA				equipment for taking photographs (usually consisting of a lightproof box with a lens at on	core
camp	02945379	Organization	+								"a penal institution (often for forced labor); ""China has many camps for political prisoner"	core
campaign	00968155	War	+				Mx4rvmTaQZwpEbGdrcN5Y29ycA				several related operations aimed at achieving a particular goal (usually within geographic	core
campaigner	09889691	Position	+								a politician who is running for public office	core
can	02946921	Can	=			Q1121690	Mx4rvVj-85wpEbGdrcN5Y29ycA				airtight sealed metal container for food or drink or paint etc.	core
cancer	14239918	Cancer	=								any malignant growth or tumor caused by abnormal and uncontrolled cell division; it may sp	core
candle	02948072	Candle	=			Q12888135	Mx4rvVikZ5wpEbGdrcN5Y29ycA				stick of wax with a wick in the middle	core
cane	02949202	WalkingCane	=			Q1494444	Mx4rwP1jUpwpEbGdrcN5Y29ycA				a stick that people can lean on to help them walk	core
canvas	02953673	CottonFabric	+			Q4259259	Mx4rvVkB8pwpEbGdrcN5Y29ycA				a heavy, closely woven fabric (used for clothing or chairs or sails or tents)	core
cap	02954340	Hat	=			Q795738	Mx4rvgHnapwpEbGdrcN5Y29ycA				a tight-fitting headdress	core
capacity	13779374	VolumeMeasure	+			Q3656646					"the amount that can be contained; ""the gas tank has a capacity of 12 gallons"""	core
capital	13353607	PropertyFn	+			Q193893					wealth in the form of money or property owned by a person or business and human resources 	core
capital-city	08518505	LandArea	+		Capital_city	Q5119	Mx4rvVjylZwpEbGdrcN5Y29ycA				a seat of government	core
capital-letter	06824227	Character	+								one of the large alphabetic characters used as the first letter in writing or printing pro	core
capitalism	08364143	CapitalistEconomy	=			Q6206					an economic system based on private ownership of capital	core
caprice	07490579	EmotionalState	+								"a sudden desire; ""he bought it on an impulse"""	core
captain	09892831	USMilitaryRankO6	+			Q849424					the naval officer in command of a military ship	core
caption	06346891	Text	+				Mx4rqVRdICa7QdiLM-vXo1D9xA				brief description accompanying an illustration	core
caput	05538625	Head	=			Q23640					the upper part of the human body or the front part of the body in animals; contains the fa	core
car	02958343	Automobile	=	schema:Car	Car	Q1420	Mx4rvViVwZwpEbGdrcN5Y29ycA				"a motor vehicle with four wheels; usually propelled by an internal combustion engine; ""he "	core
carbon	14633206	Carbon	=			Q623	Mx4rvVjIQpwpEbGdrcN5Y29ycA				an abundant nonmetallic tetravalent element occurring in three allotropic forms: amorphous	core
card	02962545	PlayingCard	+			Q5038191	Mx4rwP1Fb5wpEbGdrcN5Y29ycA				one of a set of small pieces of stiff paper marked in various ways and used for playing ga	core
card-hand	07956887	Collection	+			Q40742					"the cards held in a card game by a given player at any given time; ""I didn't hold a good h"	core
care	00267522	Maintaining	=			Q1043452	Mx4reUQ2ULycEdmAAAACs6hRjg				"activity involved in maintaining something in good working order; ""he wrote the manual on "	core
career	00583246	SkilledOccupation	+								the particular occupation for which you are trained	core
carnival	00519333	Corporation	+		Carnival	Q1808937					a traveling show; having sideshows and rides and games of skill etc.	core
carriage	05002822	SubjectiveAssessmentAttribute	+		Carriage	Q235356					"characteristic way of bearing one's body; ""stood with good posture"""	core
carrot	12937678	FruitOrVegetable	+			Q81					deep orange edible root of the cultivated carrot plant	core
carrying-out	00097504	IntentionalProcess	+								the act of performing; of doing something successfully; using knowledge as distinguished f	core
cartoon	06780678	Icon	+		Cartoon	Q627603					a humorous or satirical drawing published in a newspaper or magazine	core
case	02975212	Container	+			Q3561331	Mx4rwRZOgJwpEbGdrcN5Y29ycA				a glass container used to store and display items in a shop or museum or home	core
cash	13386614	Currency	=				Mx4rcYfM1hVWQdiCDK9QZHqOFw				"money in the form of bills or coins; ""there is a desperate shortage of hard cash"""	core
cash-register	02977438	Device	+			Q235041	Mx4rvVjzsZwpEbGdrcN5Y29ycA				a cashbox with an adding machine to register transactions; used in shops to add up the bil	core
cassette	02978881	TapeCassette	=								a container that holds a magnetic tape used for recording or playing sound or video	core
cast	02979836	Device	+								bandage consisting of a firm covering (often made of plaster of Paris) that immobilizes br	core
cast-of-characters	08237863	DramaticCast	+			Q849891					the actors in a play	core
castle	02980441	Building	+		Castle	Q751876	Mx4rvgEGtpwpEbGdrcN5Y29ycA				a large building formerly occupied by a ruler and fortified against attack	core
casualty	09899782	Human	+			Q1056901					someone injured or killed or captured or missing in a military engagement	core
cat	02121620	Feline	+		Cat	Q146	Mx4rvVkFc5wpEbGdrcN5Y29ycA				feline mammal usually having thick soft fur and no ability to roar: domestic cats; wildcat	core
catalog	06416206	Catalog	=			Q2352616					"a book or pamphlet containing an enumeration of things; ""he found it in the Sears catalog"""	core
catch	05164673	SubjectiveAssessmentAttribute	+								"a drawback or difficulty that is not readily evident; ""it sounds good but what's the catch"	core
category	05838765	Class	=			Q4118499					a general concept that marks divisions or coordinations in a conceptual scheme	core
cathedral	02984061	ChurchBuilding	+		Cathedral	Q2977	Mx4rvVigPpwpEbGdrcN5Y29ycA				any large and important church	core
cattle	02402425	Cow	=			Q19610691					"domesticated bovine animals as a group regardless of sex or age; ""so many head of cattle"";"	core
cause	00798245	PoliticalProcess	+			Q5124698					"a series of actions advancing a principle or tending toward a particular end; ""he supporte"	core
caution	05615869	PsychologicalAttribute	+								"judiciousness in avoiding harm or danger; ""he exercised caution in opening the door""; ""he "	core
cave	09238926	Cave	=		Cave	Q35509	Mx4rvViDMJwpEbGdrcN5Y29ycA				a geological formation consisting of an underground enclosure with access from the surface	core
cavity	09393108	Hole	+			Q65088045	Mx4rvViRqJwpEbGdrcN5Y29ycA				"a sizeable hole (usually in the ground); ""they dug a pit to bury the body"""	core
ceiling	02990373	Ceiling	=		Ceiling	Q221706	Mx4rvVj3Q5wpEbGdrcN5Y29ycA				"the overhead upper surface of a covered space; ""he hated painting the ceiling"""	core
ceiling.communication	06657646	ConstantQuantity	+								"an upper limit on what is allowed; ""he put a ceiling on the number of women who worked for"	core
celebration	00428000	SocialParty	+								any joyous diversion	core
celestial-body	09239740	AstronomicalBody	=								natural objects visible in the sky	core
cell	00006484	Cell	=			Q7868					(biology) the basic structural and functional unit of all organisms; they may exist as ind	core
cell-culture	00920510	Growth	+				Mx4r6RKgXpCpTEWNg8wHjb19cw				"(biology) the growing of microorganisms in a nutrient medium (such as gelatin or agar); ""t"	core
cellular-telephone	02992529	MobileCellPhone	=			Q17517					a hand-held mobile radiotelephone for use in an area divided into small sections, each wit	core
celluloid	06262567	MotionPicture	=			Q6293					"a medium that disseminates moving pictures; ""theater pieces transferred to celluloid""; ""th"	core
cemetery	08521623	Cemetery	+	schema:Cemetery	Cemetery	Q39614					a tract of land used for burials	core
censoring	00397347	Removing	+			Q543					deleting parts of publications or correspondence or theatrical performances	core
census	00653388	Counting	+		Census	Q39825	Mx4rCbB68i9DQdiKK7a7tRjq7Q				a periodic count of the population	core
center	02993546	Organization	+								"a building dedicated to a particular activity; ""they were raising money to build a new cen"	core
central-area	08523483	Region	+								"an area that is approximately central within some larger region; ""it is in the center of t"	core
centre	08521816	Region	+			Q2583758					a point equidistant from the ends of a line or the extremities of a figure	core
century	15205532	CenturyDuration	=		Century	Q1416541					a period of 100 years	core
cereal	07702796	Food	+			Q327115					a breakfast food prepared from grain	core
cerebral-hemisphere	05476915	BodyPart	+			Q551808	Mx4rvigx5ZwpEbGdrcN5Y29ycA				either half of the cerebrum	core
ceremony	07450842	Ceremony	+		Ceremony	Q2627975					"a formal event performed on a special occasion; ""a ceremony commemorating Pearl Harbor"""	core
certificate	06471345	FactualText	+				Mx4rwIf81JwpEbGdrcN5Y29ycA				a document attesting to the truth of certain stated facts	core
chaff	14805899	BodyPart	+			Q14524280					material consisting of seed coverings and small pieces of stem or leaves that have been se	core
chain	02999410	Chain	=			Q5754749					a series of (usually metal) rings or links fitted into one another to make a flexible liga	core
chain-of-stores	08057816	RetailStoreChain	=			Q507619					(business) a number of similar establishments (stores or restaurants or banks or hotels or	core
chair	03001627	Chair	=		Chair	Q15026	Mx4rvVjo_ZwpEbGdrcN5Y29ycA				"a seat for one person, with a support for the back; ""he put his coat over the back of the "	core
chairman	10468962	Chairman	+			Q140686					"the officer who presides at the meetings of an organization; ""address your remarks to the "	core
chalk	03003091	Device	+			Q147690					a piece of calcite or a similar substance, usually in the shape of a crayon, that is used 	core
challenge	07193405	Questioning	+				Mx4rW04NOBPJQdiKSpqnqI6juA				"questioning a statement and demanding an explanation; ""his challenge of the assumption tha"	core
challenging-situation	13932948	SubjectiveAssessmentAttribute	+								"a demanding or stimulating situation; ""they reacted irrationally to the challenge of Russi"	core
champagne	07893642	Champagne	=			Q134862	Mx4rvVjaeZwpEbGdrcN5Y29ycA				a white sparkling wine either produced in Champagne or resembling that produced there	core
champion	09906704	Human	+			Q852061					someone who has won first place in a competition	core
championship	13948912	SubjectiveAssessmentAttribute	+		Championship		Mx4rv0BTRpwpEbGdrcN5Y29ycA				"the status of being a champion; ""he held the title for two years"""	core
chance-event	07300960	Process	+								"anything that happens suddenly or by chance without an apparent cause; ""winning the lotter"	core
change	07296428	Process	+			Q10384942					"an event that occurs when something passes from one state or phase to another; ""the change"	core
channel	03006398	StationaryArtifact	+				Mx4r35-YRJKVQdmKwIXakc9wLA				"a television station and its programs; ""a satellite TV channel""; ""surfing through the chan"	core
chaos	13976322	SubjectiveAssessmentAttribute	+			Q131090					a state of extreme confusion and disorder	core
chapter	06396142	Chapter	=	schema:Chapter	Chapter	Q216285	Mx4rvpKfXpwpEbGdrcN5Y29ycA				"a subdivision of a written work; usually numbered and titled; ""he read a chapter every nig"	core
character	06818970	Character	=			Q132971					"a written symbol that is used to represent speech; ""the Greek alphabet has 24 characters"""	core
characteristic	04731497	Attribute	+			Q836088					a distinguishing quality	core
charge	07190941	Requesting	+								"request for payment of a debt; ""they submitted their charges at the end of each month"""	core
charitable-organization	08055824	Organization	+		Charitable_organization						an institution set up to provide help to the needy	core
charity	01089635	UnilateralGiving	+			Q1077064	Mx4rvWVLEZwpEbGdrcN5Y29ycA				an activity or gift that benefits the public at large	core
charm	03009633	SubjectiveAssessmentAttribute	+			Q2639620					something believed to bring good luck	core
chart	03009920	ContentBearingObject	+		Chart	Q728502	Mx4rCzxjfGEUEdqAAAACs71DGQ				a map designed to assist navigation by air or sea	core
charter	06471737	Certificate	+		Charter	Q727002	Mx4roZ59_s30EdmAAAACs6hRjg				a document incorporating an institution and specifying its rights; includes the articles o	core
chat-message												core
chauvinist	09912075	BeliefGroup	+								a person with a prejudiced belief in the superiority of his or her own kind	core
check	00167446	Maneuver	+			Q842046					(chess) a direct attack on an opponent's king	core
check-mark	06818747	Icon	+								"a mark indicating that something has been noted or completed etc.; ""as he called the role "	core
cheek	05602835	Face	=			Q47038	Mx4rvVi5WZwpEbGdrcN5Y29ycA				either side of the face below the eyes	core
cheese	07850329	Cheese	=		Cheese	Q10943	Mx4rvVjOAZwpEbGdrcN5Y29ycA				a solid food prepared from the pressed curd of milk	core
chemical	14806838	Substance	+			Q79529					material produced by or used in a reaction involving changes in atoms or molecules	core
chemical-element	14622893	ElementalSubstance	=		Chemical_element	Q11344					any of the more than 100 known substances (of which 92 occur naturally) that cannot be sep	core
chemical-reaction	13447361	ChemicalProcess	+		Chemical_reaction	Q36534	Mx4rvVibyJwpEbGdrcN5Y29ycA				"(chemistry) a process in which one or more substances are changed into others; ""there was "	core
chemical-solution	14589223	Solution	=			Q146654					a homogeneous mixture of two or more substances; frequently (but not necessarily) a liquid	core
chemistry	06084469	Chemistry	@			Q2329					the science of matter; the branch of the natural sciences dealing with the composition of 	core
cherry	07757132	FruitOrVegetable	+			Q196	Mx8Ngh4rvVipdpwpEbGdrcN5Y29ycB4rwPvUq5wpEbGdrcN5Y29ycA				a red fruit with a single hard stone	core
chess-king	03618101	GamePiece	+			Q138					(chess) the weakest but the most important piece	core
chest-of-drawers	03015254	ChestOrCabinet	+			Q17055495					furniture with drawers for keeping clothes	core
chicken	01791625	Chicken	=			Q184774					a domestic fowl bred for flesh or eggs; believed to have been developed from the red jungl	core
chief	10162991	SocialRole	+								"a person who is in charge; ""the head of the whole operation"""	core
child	09918248	HumanChild	=			Q7569					"a human offspring (son or daughter) of any age; ""they had three children""; ""they were able"	core
child-adoption	01185292	RegulatoryProcess	+			Q180472					a legal proceeding that creates a parent-child relation between persons not related by blo	core
childhood	15147097	TimeInterval	+			Q7569					the time of person's life when they are a child	core
chimney	03017428	Chimney	=		Chimney	Q170477	Mx4rQUU4BC-MEdqAAAACs71DGQ				a vertical flue that provides a path through which smoke from a fire is carried away throu	core
chin	05599617	Chin	+			Q82714	Mx4rvVjm7ZwpEbGdrcN5Y29ycA				the protruding part of the lower jaw	core
chip	03020034	ComputerHardware	+			Q80831	Mx4rvViEfZwpEbGdrcN5Y29ycA				electronic equipment consisting of a small crystal of a silicon semiconductor fabricated t	core
chit	06517942	FinancialBill	+								"the bill in a restaurant; ""he asked the waiter for the check"""	core
chocolate	07601999	Chocolate	=			Q195	Mx4rvVjMWJwpEbGdrcN5Y29ycA				a food made from roasted ground cacao beans	core
chord	06869951	Music	+			Q170439					a combination of three or more notes that blend harmoniously when sounded together	core
chorus	08187837	Choir	=			Q131186					a group of people assembled to sing together	core
chronicle	06514093	HistoricalAccount	+		Chronicle						"a record or narrative description of past events; ""a history of France""; ""he gave an inacc"	core
church	03028079	ChurchBuilding	+	schema:Church	Church	Q16970	Mx4r9X3JKB5sQdeJgPo6IIltRQ				"a place for public (especially Christian) worship; ""the church was empty"""	core
chute	03029603	Artifact	+								sloping channel through which things can descend	core
cigarette	03030663	CigarOrCigarette	+			Q1578	Mx4rwPzxnJwpEbGdrcN5Y29ycA				finely ground tobacco wrapped in paper; for smoking	core
cinema	03032252	StationaryArtifact	+			Q41253					a theater where films are shown	core
circle	13873502	Circle	=			Q17278					ellipse in which the two axes are of equal length; a plane curve generated by one point mo	core
circular	07250339	Advertising	+			Q4264067					an advertisement (usually printed on a page or in a leaflet) intended for wide distributio	core
circulation	11439031	OrganismProcess	+								movement through a circuit; especially the movement of blood through the heart and blood v	core
circumstance	05822746	SubjectiveAssessmentAttribute	=								"information that should be kept in mind when making a decision; ""another consideration is "	core
citation	06763681	Text	+			Q206287					"a short note recognizing a source of information or of a quoted passage; ""the student's es"	core
citizen	09923673	GroupOfPeople	+			Q1020994	Mx8NhB4rvcD6KJwpEbGdrcN5Y29ycB4rvViAkpwpEbGdrcN5Y29ycB4rvViACJwpEbGdrcN5Y29ycB4rvVjl2pwpEbGdrcN5Y29ycA				a native or naturalized member of a state or other political community	core
city	08524735	City	=	schema:City	City	Q200250	Mx4rvVjnZ5wpEbGdrcN5Y29ycA				a large and densely populated urban area; may include several independent administrative d	core
city-ward	08672397	GeopoliticalArea	+								a district into which a city or town is divided for the purpose of administration and elec	core
civilian	09924742	Civilian	=			Q206887	Mx4rwQCE1JwpEbGdrcN5Y29ycA				a nonmilitary citizen	core
civilisation	08287844	SubjectiveAssessmentAttribute	=			Q1363442					"a particular society at a particular time and place; ""early Mayan civilization"""	core
civilization	08111783	SubjectiveAssessmentAttribute	+		Civilization	Q8432					a society in an advanced state of social development (e.g., with complex legal and politic	core
claim	06730563	Stating	+	schema:Claim							"an assertion that something is true or factual; ""his claim that he was innocent""; ""evidenc"	core
clash	13981137	Contest	+								a state of conflict between persons	core
class	07974025	Group	+	schema:Class		Q187588	Mx4rwQr9J5wpEbGdrcN5Y29ycA				"people having the same social, economic, or educational status; ""the working class""; ""an e"	core
classroom	03038685	Classroom	+			Q621114	Mx4rvVjwX5wpEbGdrcN5Y29ycA				a room in a school where lessons take place	core
clay	14813182	Clay	=			Q42302					a very fine-grained soil that is plastic when moist but hard when fired	core
clemency	01071411	SubjectiveAssessmentAttribute	+			Q336392	Mx4rj5n80yzGEdiUgwAH6RYvSQ				leniency and compassion shown toward offenders by a person or agency charged with administ	core
clerk	09928451	ClericalSecretary	+			Q738142					an employee who performs clerical work (e.g., keeps records or accounts)	core
cliff	09246464	Cliff	=		Cliff	Q107679	Mx4rvVjU5pwpEbGdrcN5Y29ycA				"a steep high face of rock; ""he stood on a high cliff overlooking the town""; ""a steep drop"""	core
climate	14519366	Attribute	+		Climate	Q7937					"the weather in some location averaged over some long period of time; ""the dank climate of "	core
clinic	08054076	Organization	+			Q1774898					a medical establishment run by a group of medical specialists	core
clipping	06612649	Text	+			Q5134391	Mx4riW6uIDGSQdiAMPVXmw2S3Q				"an excerpt cut from a newspaper or magazine; ""he searched through piles of letters and cli"	core
clique	08240633	Group	+			Q761631					an exclusive circle of people with a common purpose	core
clock	03046257	Clock	=		Clock	Q376	Mx4rvVjz8pwpEbGdrcN5Y29ycA				a timepiece that shows the time of day	core
clock-time	15129927	TimePosition	+								"a reading of a point in time as given by a clock; ""do you know what time it is?""; ""the tim"	core
clod	07961016	SelfConnectedObject	+								"a compact mass; ""a ball of mud caught him on the shoulder"""	core
closure	05789089	Selecting	+			Q17083837					"something settled or resolved; the outcome of decision making; ""they finally reached a set"	core
clothing	03051540	Clothing	=		Clothing	Q11460	Mx4rvk3sS5wpEbGdrcN5Y29ycA				a covering designed to be worn on a person's body	core
cloud	09247410	Cloud	=			Q8074					a visible mass of water or ice particles suspended at a considerable altitude	core
club	03053474	WalkingCane	+			Q1543881					"stout stick that is larger at one end; ""he carried a club in self defense""; ""he felt as if"	core
club-card	03053788	Artifact	+			Q1788166					"a playing card in the minor suit that has one or more black trefoils on it; ""he led a smal"	core
clue	06643763	Entity	+			Q123900396					evidence that helps to solve a problem	core
coach	09931418	Position	+			Q901222	Mx4rvVjlaJwpEbGdrcN5Y29ycA				a person who gives private instruction (as in singing, acting, etc.)	core
coal	14814616	Coal	=			Q732607	Mx4rwPRtHpwpEbGdrcN5Y29ycA				fossil fuel consisting of carbonized vegetable matter deposited in the Carboniferous perio	core
coalescence	00382109	Combining	+			Q2071902					the union of diverse things into one body or form or group; the growing together of parts	core
coat	03057021	Coat	=		Coat	Q152574	Mx4rvVjhHpwpEbGdrcN5Y29ycA				an outer garment that has sleeves and covers the body from shoulder down; worn outdoors	core
coating	03058107	CorpuscularObject	+				Mx4rt8VLALJtEdmAhAACs6hRjg				"a thin layer covering something; ""a second coat of paint"""	core
code	06355894	ComputerProgram	=	schema:Code	Code	Q4994879					(computer science) the symbolic arrangement of data or instructions in a computer program 	core
coevals	08369406	AgeGroup	+								all the people living at the same time or of approximately the same age	core
coffee	07929519	Coffee	=			Q8486					"a beverage consisting of an infusion of ground coffee beans; ""he ordered a cup of coffee"""	core
coffin	03064758	Coffin	+		Coffin	Q184418	Mx4rwPzb-ZwpEbGdrcN5Y29ycA				box in which a corpse is buried or cremated	core
cognition	00023271	PsychologicalAttribute	+				Mx4r2wb56Mb4EdmAAAACs6hRjg				the psychological result of perception and learning and reasoning	core
coin	13388245	CurrencyCoin	=		Coin	Q41207	Mx4rvViJ0pwpEbGdrcN5Y29ycA				a flat metal piece (usually a disc) used as money	core
coincidence	07316999	Process	+			Q2308809					an event that might have been arranged although it was really accidental	core
cold	14145501	ViralDisease	+			Q12125					"a mild viral infection involving the nose and respiratory passages (but not the lungs); ""w"	core
coldness	05015117	TemperatureMeasure	+			Q270952					"the absence of heat; ""the coldness made our breath visible""; ""come in out of the cold""; ""c"	core
collapse	07477945	Decreasing	+								a sudden large decline of business or the prices of stocks (especially one that causes add	core
collar	03068486	Artifact	+			Q152523	Mx4rvVjnnJwpEbGdrcN5Y29ycA				a band of leather or rope that is placed around an animal's neck as a harness or to identi	core
colleague	09936215	SocialRole	+			Q12840987					an associate that one works with	core
collection	07951464	Collection	=	schema:Collection	Collection	Q2668072				Collection	several things grouped together or considered as a whole	core
college	08278324	College	=		College	Q189004	Mx4rwUHx0JwpEbGdrcN5Y29ycA				an institution of higher education created to educate and grant degrees; often a part of a	core
colon	05535869	BodyPart	+			Q11083	Mx4rvgLEM5wpEbGdrcN5Y29ycA				the part of the large intestine between the cecum and the rectum; it extracts moisture fro	core
colony	08499840	DependencyOrSpecialSovereigntyArea	+		Colony	Q133156					a geographical area politically controlled by a distant country	core
color	04674968	SubjectiveAssessmentAttribute	+		Color	Q1075	Mx4rr19QJHStEdaAAACgyZzFrg				the appearance of objects (or light sources) described in terms of a person's perception o	core
column	03073977	StationaryArtifact	+		Column	Q335297	Mx4rKEA0BEPcQdmYVKUGS7IK3Q				(architecture) a tall vertical cylindrical structure standing upright and used to support 	core
column.group	08433575	List	+								"a vertical array of numbers or other information; ""he added a column of numbers"""	core
coma	05680193	Unconscious	+			Q159557	Mx4rMfIY4VklEdaN7ABgCEAsSQ				a state of deep and often prolonged unconsciousness; usually the result of disease or inju	core
combination	07963711	Combining	=		Combination						a collection of things that have been combined; an assemblage of separate parts or qualiti	core
comedy	07015510	DramaticPlay	=		Comedy	Q40831	Mx4r39RA-HS7EdaAAACgyZzFrg				light and humorous drama with a happy ending	core
comet	09251407	AstronomicalBody	+		Comet	Q3559					(astronomy) a relatively small extraterrestrial body consisting of a frozen mass that trav	core
comfort	14445379	EmotionalState	+								"a state of being relaxed and feeling no pain; ""he is a man who enjoys his comfort""; ""she l"	core
comic-strip	07003352	ContentBearingObject	+		Comic_strip	Q838795	Mx4rvWsP2pwpEbGdrcN5Y29ycA				a sequence of drawings telling a story in a newspaper or comic book	core
coming-together	01230965	Meeting	=								"the social act of assembling for some common purpose; ""his meeting with the salesmen was t"	core
command	05641959	PsychologicalAttribute	+								"great skillfulness and knowledge of some subject or activity; ""a good command of French"""	core
commemoration	06688522	Expressing	+			Q5003624					a recognition of meritorious service	core
commencement	15265518	TimePosition	+								"the time at which something is supposed to begin; ""they got an early start""; ""she knew fro"	core
commerce	01090446	CommercialService	+								transactions (sales and purchases) having the objective of supplying commodities (goods an	core
commercial-enterprise	01094725	CommercialService	+								the activity of providing goods and services involving financial and commercial and indust	core
commission	13320860	CurrencyMeasure	+								a fee for services rendered based on a percentage of an amount received or collected or ag	core
commitment	01206153	SubjectiveAssessmentAttribute	+				Mx4riIdgZm-GQdeMf6g4pY3ONA				"the act of binding yourself (intellectually or emotionally) to a course of action; ""his lo"	core
committee	08324514	Commission	=		Committee	Q865588	Mx4rvaG5hJwpEbGdrcN5Y29ycA				"a special group delegated to consider some matter; ""a committee is a group that keeps minu"	core
commodity	03076708	Product	=			Q317088	Mx4rvViSe5wpEbGdrcN5Y29ycA				articles of commerce	core
common-sense	05614657	PsychologicalAttribute	+			Q332880	Mx4rQS6kemBsEdqAAACQJw5drg				"sound practical judgment; ""Common sense is not so common""; ""he hasn't got the sense God ga"	core
communication	06252138	Communication	=				Mx4rPRIjqlmVRG2VbbBIKAOvvg				"the activity of communicating; the activity of conveying information; ""they could not act "	core
communicative-contact	07279285	Communication	+								"a communicative interaction; ""the pilot made contact with the base""; ""he got in touch with"	core
communist	09945603	Communist	=			Q28528560					a member of the communist party	core
community	08223802	GroupOfPeople	+		Community	Q177634	Mx4rvdFcWZwpEbGdrcN5Y29ycA			Community	"a group of people living in a particular local area; ""the team is drawn from all parts of "	core
compact	03079136	Automobile	+			Q946808					a small and economical car	core
companionship	13929588	Meeting	+								"the state of being with someone; ""he missed their company""; ""he enjoyed the society of his"	core
company	08058098	Corporation	=		Company	Q783794					"an institution created to conduct business; ""he only invests in large well-established com"	core
comparison	13853808	Comparing	=		Comparison	Q141122952	Mx4rC0gL-sCwEdmAAAACs6hRjg				relation based on similarities and differences	core
compartment	03080309	Region	+				Mx4rfQdsPieJQdiVxIu49YksIw				a space into which an area is subdivided	core
compassion	04829550	TraitAttribute	+			Q1412160					the humane quality of understanding the suffering of others and wanting to do something ab	core
competence	05153520	SubjectiveAssessmentAttribute	+				Mx4rvVit4JwpEbGdrcN5Y29ycA				the quality of being adequately or well qualified physically and intellectually	core
competition	01168569	Contest	+		Competition	Q319676	Mx4rvViAGpwpEbGdrcN5Y29ycA				"the act of competing as for profit or a prize; ""the teams were in fierce contention for fi"	core
competition-jury	08414807	Group	+								a committee appointed to judge a competition	core
competitive-edge	05158857	SubjectiveAssessmentAttribute	+								"a slight competitive advantage; ""he had an edge on the competition"""	core
competitive-lead	05157143	SubjectiveAssessmentAttribute	+								"an advantage held by a competitor in a race; ""he took the lead at the last turn"""	core
complication	13933221	SubjectiveAssessmentAttribute	+			Q1346149	Mx4rFBo7_i85QdiZ78b5I7iLiQ				"a situation or condition that is complex or confused; ""her coming was a serious complicati"	core
component	03081021	EngineeringComponent	=				Mx4rwUTJ_JwpEbGdrcN5Y29ycA				an artifact that is one of the individual parts of which a composite entity is made up; es	core
composer	09947232	Composer	=		Composer	Q36834	Mx4rvVjp3ZwpEbGdrcN5Y29ycA				someone who composes music as a profession	core
composition	06409752	Article	+								"an essay (especially one written as an assignment); ""he got an A on his composition"""	core
compound	14818238	CompoundSubstance	=			Q5156823					(chemistry) a substance formed by chemical union of two or more elements or ingredients in	core
compromise	07179342	Committing	+			Q726686	Mx4rBYhUVjATQdiCTa5OBT7H4A				"an accommodation in which both sides make concessions; ""the newly elected congressmen reje"	core
computer	03082979	Computer	=		Computer	Q68	Mx4rvVjXzZwpEbGdrcN5Y29ycA				a machine for performing calculations automatically	core
computer-memory	03744276	ComputerMemory	=			Q5830907	Mx4rZKar3id_Qriu4gcmrd_H1Q				"an electronic memory device; ""a memory and the CPU form the central part of a computer to "	core
computer-menu	06493392	ComputerMenu	=			Q846925					(computer science) a list of options available to a computer user	core
computer-mouse	03793489	ComputerMouse	=		Computer_mouse	Q7987	Mx4rvVjLo5wpEbGdrcN5Y29ycA				a hand-operated electronic device that controls the coordinates of a cursor on your comput	core
computer-program	06568978	ComputerProgram	=		Computer_program	Q40056					"(computer science) a sequence of instructions that a computer can interpret and execute; """	core
computer-science	06128570	ComputerScience	=			Q179310					the branch of engineering science that studies (with the aid of computers) computable proc	core
computer-virus	06585816	ComputerProgram	+		Computer_virus		Mx4rvViKVpwpEbGdrcN5Y29ycA				a software program capable of reproducing itself and usually capable of causing great harm	core
computer-worm	06586098	ComputerProgram	+		Computer_worm	Q180712					a software program capable of reproducing itself that can spread from one computer to the 	core
comrade	09877124	Man	+			Q632316					"used as a term of address for those male persons engaged in the same movement; ""Greetings,"	core
concentration	05038593	DensityFn	+								the strength of a solution; number of molecules of a substance in a given volume	core
concept	05835747	Proposition	+		Concept	Q151885	Mx4rcAmbiMb8EdmAAAACs6hRjg			Concept	an abstract or general idea inferred or derived from specific instances	core
conception	00844847	SexualReproduction	+			Q2666904					the act of becoming pregnant; fertilization of an ovum by a spermatozoon	core
concern	07524529	Anxiety	+				Mx4rvViT8JwpEbGdrcN5Y29ycA				"an anxious feeling; ""care had aged him""; ""they hushed it up out of fear of public reaction"	core
concern.cognition	05670710	Proposition	+								"something that interests you because it is important or affects you; ""the safety of the sh"	core
concert	06892775	MusicalPerformance	+			Q182832					a performance of music by players or singers not involving theatrical staging	core
concession	07216412	Committing	+				Mx4r7nNaphxgQdiTFOb5_1OC1g				"a point conceded or yielded; ""they won all the concessions they asked for"""	core
conclusion	06398401	Communication	+			Q43338988					"the last section of a communication; ""in conclusion I want to say..."""	core
concrete	14820180	Concrete	=		Concrete	Q22657	Mx4rvVkDYJwpEbGdrcN5Y29ycA				a strong hard building material composed of sand and gravel and cement and water	core
condition	13920835	Attribute	+								"a state at a particular time; ""a condition (or state) of disrepair""; ""the current status o"	core
conductor	09953052	Position	+			Q2962041	Mx4rvVjXipwpEbGdrcN5Y29ycA				the person who collects fares on a public conveyance	core
confederacy	09050244	ConfederateStatesOfAmerica	=			Q81931					the southern states that seceded from the United States in 1861	core
confederation	08303275	PoliticalOrganization	+		Confederation						a union of political organizations	core
conference	08308497	FormalMeeting	=				Mx4rvVjlEJwpEbGdrcN5Y29ycA				a prearranged meeting for consultation or exchange of information or discussion (especiall	core
confession	07216083	Stating	+			Q1207595	Mx4rmU3JTjABQdiVL9HjE0SSnA				an admission of misdeeds or faults	core
confidence	07526505	PsychologicalAttribute	+			Q4116378	Mx4rvVici5wpEbGdrcN5Y29ycA				"a feeling of trust (in someone or something); ""I have confidence in our team""; ""confidence"	core
confirmation	05825245	Reasoning	+			Q214802					additional proof that something that was believed (some fact or hypothesis or theory) is c	core
conflict	13980845	Contest	+				Mx4rvyEmy5wpEbGdrcN5Y29ycA				"a state of opposition between persons or ideas or interests; ""his conflict of interest mad"	core
conformity	01203676	NormativeAttribute	+				Mx4r8YFlssCrEdmAAAACs6hRjg				"acting according to certain accepted standards; ""their financial statements are in conform"	core
confrontation	07181713	Contest	+			Q65089988					discord resulting from a clash of ideas or opinions	core
confusion	00072473	PsychologicalProcess	+			Q5157911	Mx4rvcJtEZwpEbGdrcN5Y29ycA				"a mistake that results from taking one thing to be another; ""he changed his name in order "	core
conglomerate	08058937	Corporation	+			Q191704					a group of diverse companies under common ownership and run as a single organization	core
congress	08318691	LegislativeOrganization	+		Congress	Q643412					a national legislative assembly	core
congressman	09955781	PoliticalFigure	+			Q14761450					a member of the United States House of Representatives	core
connectedness	14419164	Attribute	+								"the state of being connected; ""the connection between church and state is inescapable"""	core
connection	00316989	Motion	+								"shifting from one form of transportation to another; ""the plane was late and he missed his"	core
conscience	09184136	PsychologicalAttribute	+			Q193526	Mx4rP9i8ESwaEdiUggAH6RYvSQ				motivation deriving logically from ethical or moral principles that govern a person's thou	core
consciousness	05675130	ConsciousnessAttribute	=			Q7087	Mx4rv9Dgb5wpEbGdrcN5Y29ycA				"an alert cognitive state in which you are aware of yourself and your situation; ""he lost c"	core
conscription	01157850	Ordering	+			Q580750					compulsory military service	core
consensus	13971901	Cooperation	+				Mx4rvViQRJwpEbGdrcN5Y29ycA				"agreement in the judgment or opinion reached by a group as a whole; ""the lack of consensus"	core
consequence	11410625	Process	+								"a phenomenon that follows and is caused by some previous phenomenon; ""the magnetic effect "	core
conservation	00819274	Maintaining	+								the preservation and careful management of the environment and of natural resources	core
consideration	04841358	PsychologicalAttribute	+			Q831637					"kind and considerate regard for others; ""he showed no consideration for her feelings"""	core
consolation	01211667	Helping	+			Q1990010					"the act of consoling; giving relief in affliction; ""his presence was a consolation to her"""	core
conspiracy	05908882	Plan	+		Conspiracy	Q930164					a plot to carry out some harmful or illegal act (especially a political plot)	core
constellation	09252970	AstronomicalBody	+		Constellation	Q8928	Mx4rwPuslJwpEbGdrcN5Y29ycA				a configuration of stars as seen from the earth	core
constituency	08238156	Group	+								the body of voters who elect a representative for their area	core
constituent-state	08654360	StateOrProvince	=	schema:State	State	Q34876					"the territory occupied by one of the constituent administrative districts of a nation; ""hi"	core
constitution	04933544	Attribute	+		Constitution	Q7755					the way in which someone or something is composed	core
constraint	13998781	NormativeAttribute	+								"the state of being physically constrained; ""dogs should be kept under restraint"""	core
consultation	07143137	Meeting	+			Q4014799					"a conference between two or more people to consider a particular question; ""frequent consu"	core
consumer	09612848	Consumer	=			Q22855	Mx4rwJYlw5wpEbGdrcN5Y29ycA				a person who uses goods or services	core
consumption	00838098	Ingesting	=								the process of taking food into the body through the mouth (as by eating)	core
contact	00039297	Communication	+								"close interaction; ""they kept in daily contact""; ""they claimed that they had been in conta"	core
container	03094503	ShipContainer	=		Container	Q187956	Mx4rvVjOGJwpEbGdrcN5Y29ycA				any object that can be used to hold things (especially a large metal boxlike object of sta	core
contamination	00276987	Pollution	+								the act of contaminating or polluting; including (either intentionally or accidentally) un	core
contemporary	09960417	AgeGroup	=								a person of nearly the same age as another	core
contempt	07502980	Contempt	=			Q5338825	Mx4rvVill5wpEbGdrcN5Y29ycA				"lack of respect accompanied by a feeling of intense dislike; ""he was held in contempt""; ""t"	core
contest	07456188	Contest	=								an occasion on which a winner is selected from among two or more contestants	core
context	14512817	Proposition	+				Mx4rvViA1ZwpEbGdrcN5Y29ycA				"the set of facts or circumstances that surround a situation or event; ""the historical cont"	core
continent	09254614	Continent	=	schema:Continent	Continent	Q5107	Mx4rrUePtGV9Ed2AAABQjYGu0g				"one of the large landmasses of the earth; ""there are seven continents""; ""pioneers had to c"	core
contract	06520944	Contract	=		Contract		Mx4rvZvacpwpEbGdrcN5Y29ycA			Contract	a binding agreement between two or more persons that is enforceable by law	core
contract-condition	06770875	Text	=								"(usually plural) a statement of what is required as part of an agreement; ""the contract se"	core
contraction	00369802	OrganOrTissueProcess	+			Q127006					(physiology) a shortening or tensing of a part or organ (especially of a muscle or muscle 	core
contradiction	07206887	Proposition	+			Q363948					"(logic) a statement that is necessarily false; ""the statement `he is brave and he is not b"	core
contrary	13858270	Entity	+								"exact opposition; ""public opinion to the contrary he is not guilty"""	core
contrast	13855627	Entity	+			Q690182					"the opposition or dissimilarity of things that are compared; ""in contrast to"", ""by contras"	core
contribution	01089778	UnilateralGiving	+			Q1124860					act of giving in common with others for a common purpose especially to a charity	core
control-stick	04317976	VehicleController	+			Q178805					a lever used by a pilot to control the ailerons and elevators of an airplane	core
convalescence	13452347	PhysiologicProcess	+			Q1891441					gradual healing (through rest) after sickness or injury	core
conventionality	04801532	SubjectiveAssessmentAttribute	+								orthodoxy as a consequence of being conventional	core
conversation	07133701	Speaking	=	schema:Conversation			Mx4rvgD6CpwpEbGdrcN5Y29ycA				the use of speech for informal exchange of views or ideas or information etc.	core
conversion	07415730	Process	+			Q2603777	Mx4rvrlPMZwpEbGdrcN5Y29ycA				an event that results in a transformation	core
conviction	05942888	Proposition	+								an unshakable belief in something without need for proof or evidence	core
cook	09963320	Human	+			Q156839					someone who cooks food	core
cookie	07635155	PreparedFood	+			Q13266					any of various small flat sweet cakes (`biscuit' is the British term)	core
cooking-pan	03880531	PotOrPan	=								cooking utensil consisting of a wide metal vessel	core
cooking-pot	03990474	PotOrPan	+								metal or earthenware cooking vessel that is usually round and deep; often has a handle and	core
cooperation	00411384	Cooperation	=		Cooperation						"the practice of cooperating; ""economic cooperation""; ""they agreed on a policy of cooperati"	core
copper	14635722	Copper	=			Q753					a ductile malleable reddish-brown corrosion-resistant diamagnetic metallic element; occurs	core
copy	03104594	Artifact	+			Q1637891	Mx8NhB4rvcD6KJwpEbGdrcN5Y29ycB4rvkNufpwpEbGdrcN5Y29ycB4rvWStbZwpEbGdrcN5Y29ycB4rvWYG5pwpEbGdrcN5Y29ycA				"a thing made to be similar or identical to another thing; ""she made a copy of the designer"	core
copyright	06473168	Certificate	+				Mx4rvViz-JwpEbGdrcN5Y29ycA				a document granting exclusive right to publish and sell literary or musical or artistic wo	core
cord	03106722	Fabric	+			Q1132110	Mx4rsMFskBRKEdaKEwCQJ5pcGA				a cut pile fabric with vertical ribs; usually made of cotton	core
cordial-reception	06631506	Expressing	+			Q815825					kindness in welcoming guests or strangers	core
core	08524262	GeographicArea	+			Q23595					"the center of an object; ""the ball has a titanium core"""	core
corn	07731952	MaizeGrain	=			Q25618328					ears of corn that can be prepared and served for human food	core
corner	08659993	Region	+								"the point where three areas or surfaces meet or intersect; ""the corners of a cube"""	core
correction	00258854	SubjectiveAssessmentAttribute	+								the act of offering an improvement to replace a mistake; setting right	core
correlation	13841651	Relation	+			Q186290					a reciprocal relation between two or more things	core
correspondence	06623614	Corresponding	+								communication by the exchange of letters	core
corruption	00159396	Process	+		Corruption	Q366	Mx4rvqwYUZwpEbGdrcN5Y29ycA				inducement (as of a public official) by improper means (as bribery) to violate duty (as by	core
cost-estimate	06783598	Stating	+								"a statement indicating the likely cost of some job; ""he got an estimate from the car repai"	core
costume	03113657	Clothing	+		Costume	Q9053464	Mx4rvVkDhJwpEbGdrcN5Y29ycA				"the attire worn in a play or at a fancy dress ball; ""he won the prize for best costume"""	core
cotton	03115180	CottonFabric	=			Q11457	Mx4rwP1Vy5wpEbGdrcN5Y29ycA				fabric woven from cotton fibers	core
council	08310949	OrganizationalBoard	+		Council	Q4358176	Mx4rtWvackq1EdiedwAH6RYvSQ				"a body serving in an administrative capacity; ""student council"""	core
counter	03116530	Table	+			Q599007					table consisting of a horizontal surface over which business is transacted	core
counterspy	09970192	Position	+			Q501700					a spy who works against enemy espionage	core
country	08168978	Nation	=	schema:Country	Country	Q6256	Mx4rvViIeZwpEbGdrcN5Y29ycA				"a politically organized body of people under a single government; ""the state has elected a"	core
countryside	08645033	Rural	+			Q175185	Mx4rvViEg5wpEbGdrcN5Y29ycA				rural regions	core
coup-d'etat	01145015	PoliticalProcess	+				Mx8NhB4rkxkgaNzqEdmAAAACs6M1Wg-LY291cCBkJ2V0YXQeK71Yg-GcKRGxna3DeWNvcnAPpDM0MGZhZjkyLWY0ZWQtMTFkOS05YmVhLTAwMDJiM2E4NWIwYg				a sudden and decisive change of government illegally or by force	core
couple	07985628	GroupOfPeople	+				Mx4rKdOBCHazQ7mnmLZffc08tQ				"a pair who associate with one another; ""the engaged couple""; ""an inseparable twosome"""	core
coupon	06518068	Certificate	+			Q689044					a negotiable certificate that can be detached and redeemed as needed	core
courage	04857083	TraitAttribute	+			Q208160	Mx4rvViEA5wpEbGdrcN5Y29ycA				a quality of spirit that enables you to face danger or pain without showing fear	core
course	00038262	IntentionalProcess	+	schema:Course	Course		Mx4rvViVQ5wpEbGdrcN5Y29ycA				"a mode of action; ""if you persist in that course you will surely fail""; ""once a nation is "	core
course-credit	00065855	ContestAttribute	+								recognition by a college or university that a course of studies has been successfully comp	core
course-drift	13469674	Motion	+								the gradual departure from an intended course due to external influences (as a ship or pla	core
course-of-instruction	00884466	EducationalProcess	+								"education imparted in a series of lessons or meetings; ""he took a course in basket weaving"	core
course-of-study	06676416	NormativeAttribute	+			Q207137	Mx4rvVi4T5wpEbGdrcN5Y29ycA				"an integrated course of academic studies; ""he was admitted to a new program at the univers"	core
court	03120198	Courtyard	=		Court	Q1255269	Mx4rwIt59JwpEbGdrcN5Y29ycA				"an area wholly or partly surrounded by walls or buildings; ""the house was built around an "	core
courtesy	01228245	SubjectiveAssessmentAttribute	+				Mx4rj5qZEizGEdiUgwAH6RYvSQ				a courteous or respectful or considerate act	core
courtship	07188685	SocialInteraction	+			Q376596	Mx4rNwYcKC_tQdiIRsN2zc1CxA				a man's courting of a woman; seeking the affections of a woman (usually with the hope of m	core
cousin	09972010	BiologicalAttribute	+			Q23009870					the child of your aunt or uncle	core
couturier	09972157	SkilledOccupation	+								someone who designs clothing	core
coverage	06683784	Disseminating	+								"the news as presented by reporters for newspapers or radio or television; ""they accused th"	core
cow	02403454	FemaleCow	=								"female of domestic cattle: ""`moo-cow' is a child's term"""	core
crack	09258715	Hole	+			Q330694					a long narrow opening	core
crack-up	14066492	DiseaseOrSyndrome	+								a mental or physical breakdown	core
crackpot	09974496	Human	+			Q1138434					a whimsically eccentric person	core
craft	05621178	PsychologicalAttribute	+		Craft		Mx4rv3YRB5wpEbGdrcN5Y29ycA				shrewdness as demonstrated by being skilled in deception	core
craftsman	09974648	OccupationalTrade	+			Q1294787	Mx4rvVie_pwpEbGdrcN5Y29ycA				a skilled worker who practices some trade or handicraft	core
craftsmanship	05638063	Proposition	+			Q8035029					skill in an occupation or trade	core
crash	07301950	Impacting	+				Mx4r3lYWvnOsQdmZ6ZV5MizB3Q				"a serious accident (usually involving one or more vehicles); ""they are still investigating"	core
cream	07847198	Cream	=			Q13228					the part of milk containing the butterfat	core
creation	00908492	Making	=								the human act of creating	core
credibility	04782878	ProbabilityRelation	+			Q1530061	Mx4rBO0NBL-uQdifi_ksjOSg2w				the quality of being believable or trustworthy	core
credit	13378518	CurrencyMeasure	+			Q182076					money available for a client to borrow	core
credit-card	13376012	CreditCard	=	schema:CreditCard	Credit_card	Q1436963	Mx4rvVjO6pwpEbGdrcN5Y29ycA				a card (usually plastic) that assures a seller that the person using it has a satisfactory	core
creed	05959954	Proposition	+				Mx4rm0jUMCy7QdicDL-y_RmcRg				any system of principles or beliefs	core
crevice	13907272	ShapeAttribute	+								a long narrow depression in a surface	core
crew	08273167	ShipCrew	=			Q345844					the men and women who man a vehicle (ship, aircraft, etc.)	core
cricket	02229544	Insect	+			Q27711	Mx4rvVkApZwpEbGdrcN5Y29ycA				leaping insect; male makes chirping noises by rubbing the forewings together	core
crime	00766234	NormativeAttribute	+		Crime	Q83267					"(criminal law) an act punishable by law; usually considered an evil act; ""a long record of"	core
criminal	09977660	Criminal	=			Q217731	Mx4rvVjIu5wpEbGdrcN5Y29ycA				someone who has committed a crime or has been legally convicted of a crime	core
criminal-record	06490173	Text	+								"a list of crimes for which an accused person has been previously convicted; ""he ruled that"	core
crisis	13933560	SubjectiveAssessmentAttribute	+		Crisis	Q381072	Mx4rPp_CThrWQdiMu6ktNJrpLw				"an unstable situation of extreme danger or difficulty; ""they went bankrupt during the econ"	core
crisp	07712559	Food	+			Q173265					a thin crisp slice of potato fried in deep fat	core
critic	09979589	ArtCritic	+			Q6430706	Mx4rxLwPEBPHQdiOxIH5gWCidg				a person who is professionally engaged in the analysis and interpretation of works of art	core
criticism	06710546	Stating	+		Criticism	Q1789540					"disapproval expressed by pointing out faults or shortcomings; ""the senator received severe"	core
critique	06410391	Text	+				Mx4rowZidLkHEdaAAAACs1uxFw				an essay or article that gives a critical evaluation (as of a book or play)	core
crook	13869327	ShapeAttribute	+								"a circular segment of a curve; ""a bend in the road""; ""a crook in the path"""	core
crop	13085864	FruitOrVegetable	+			Q213753	Mx4rvXdCPZwpEbGdrcN5Y29ycA				the yield from plants in a single growing season	core
cross	03135532	Artifact	+		Cross	Q40843	Mx4rwQBn0ZwpEbGdrcN5Y29ycA				a wooden structure consisting of an upright post with a transverse piece	core
crossing	03137228	Region	+			Q8010	Mx4rvzl6RJwpEbGdrcN5Y29ycA				a path (often marked) where something (as a street or railroad) can be crossed to get from	core
crowd	08182379	SubjectiveAssessmentAttribute	=			Q13430821	Mx4rwPzWJ5wpEbGdrcN5Y29ycA				"a large number of things or people considered together; ""a crowd of insects assembled arou"	core
crown	03138669	Clothing	+			Q170984	Mx4rvW19gpwpEbGdrcN5Y29ycA				an ornamental jeweled headdress signifying sovereignty	core
cruelty	07506382	PsychologicalAttribute	+			Q1936750					feelings of extreme heartlessness	core
cruise	00312932	Transportation	+								an ocean trip taken for pleasure	core
crutch	03141823	Device	+			Q268828	Mx4rvVjMQ5wpEbGdrcN5Y29ycA				a wooden or metal staff that fits under the armpit and reaches to the ground; used by disa	core
cry	07120524	Expressing	+			Q471379					"a loud utterance; often in protest or opposition; ""the speaker was interrupted by loud cri"	core
crystal	03142834	Artifact	+		Crystal	Q43533					glassware made of quartz	core
cube	13914608	ShapeAttribute	+				Mx4rwP4qT5wpEbGdrcN5Y29ycA				a three-dimensional shape with six square or rectangular sides	core
cubicle	02991555	Room	+			Q1776533	Mx4rkTK1rJUNEdaAAACgycbRww				small room in which a monk or nun lives	core
cucumber	07718472	Cucumber	=			Q2735883					cylindrical green fruit with thin green rind and white flesh eaten as a vegetable; related	core
culture	06194409	PropositionalAttitude	+		Culture	Q11042					the attitudes and behavior that are characteristic of a particular social group or organiz	core
cup	03147509	Cup	=		Cup	Q81727	Mx4rGHQaMkC6EdqAAAACs71DGQ				"a small open container usually used for drinking; usually has a handle; ""he put the cup ba"	core
cupboard	03148324	Closet	+			Q1723368	Mx4rvVj1HJwpEbGdrcN5Y29ycA				a small room (or recess) or cabinet used for storage space	core
cupful	13766733	Cup	+			Q81707					"the quantity a cup will hold; ""he drank a cup of coffee""; ""he borrowed a cup of sugar"""	core
curate	09983572	Cleric	+			Q1753370					"a person authorized to conduct religious worship; ""clergymen are usually called ministers "	core
curl	05257737	Hair	+			Q206310					a strand or cluster of hair	core
currency	13385913	Currency	=		Currency	Q8142	Mx4rvVjMQpwpEbGdrcN5Y29ycA				the metal or paper medium of exchange that is presently used	core
current	11443532	Radiating	+			Q11651	Mx4rvVjhJ5wpEbGdrcN5Y29ycA				"a flow of electricity through a conductor; ""the current was measured in amperes"""	core
curtain	03151077	Curtain	+		Curtain	Q49005	Mx4rvVicuJwpEbGdrcN5Y29ycA				hanging cloth used as a blind (especially for a window)	core
curve	07000941	TwoDimensionalFigure	=		Curve	Q161973					a line on a graph representing data	core
curved-shape	13867641	TwoDimensionalFigure	+								the trace of a point whose direction of motion changes	core
cushion	03151500	Artifact	+		Cushion	Q10971235	Mx4rvVijGJwpEbGdrcN5Y29ycA				a soft bag filled with air or a mass of padding such as feathers or foam rubber etc.	core
custody	01147347	Confining	+								"holding by the police; ""the suspect is in custody"""	core
custom	05667404	SubjectiveAssessmentAttribute	=			Q82821	Mx4rmd2JElCEEdqAAAACs6hbjw				a specific practice of long standing	core
customer	09984659	Human	+			Q247797	Mx8NhB4rvcD6KJwpEbGdrcN5Y29ycB4rvsaaeJwpEbGdrcN5Y29ycB4rvVjK1JwpEbGdrcN5Y29ycB4rvsaaeJwpEbGdrcN5Y29ycA				someone who pays for goods or services	core
cut	00352331	Process	+				Mx4r_-dbKgS-QdiFIu-p6Bu3NA				"the act of reducing the amount or number; ""the mayor proposed extensive cuts in the city b"	core
cut-rate-sale	01117723	Selling	+								"an occasion (usually brief) for buying at specially reduced prices; ""they held a sale to r"	core
cycle	07342495	Process	+			Q245595	Mx4rCGbRkO18EdyAAAACs6hbjw				"a periodically repeated sequence of events; ""a cycle of reprisal and retaliation"""	core
cylinder	13865298	Cylinder	=			Q34132	Mx4rwQBgIZwpEbGdrcN5Y29ycA				a solid bounded by a cylindrical surface and two parallel planes (the bases)	core
dad	09988063	Man	+								an informal term for a father; probably derived from baby talk	core
dairy	03159535	StationaryArtifact	+		Dairy	Q637776	Mx4rvViv05wpEbGdrcN5Y29ycA				a farm where dairy products are produced	core
dairy-product	07843775	DairyArtifact	=			Q185217	Mx4rvVjM3ZwpEbGdrcN5Y29ycA				milk and butter and cheese	core
damage	07420770	SubjectiveAssessmentAttribute	+								the occurrence of a change for the worse	core
danger	14540765	SubjectiveAssessmentAttribute	=								"the condition of being susceptible to harm or injury; ""you are in no danger""; ""there was w"	core
dark	13983515	Unilluminated	=			Q204170					absence of light or illumination	core
dark-blue	04969703	ColorAttribute	+			Q5975887					a dark shade of blue	core
darling	09991867	Favorite	+								a special loved one	core
dash	04812871	SubjectiveAssessmentAttribute	+								"distinctive and stylish elegance; ""he wooed her with the confident dash of a cavalry offic"	core
data-chart	06999802	GraphDiagram	+								a visual display of information	core
data-file	06508816	FactualText	=			Q82753					a set of related records (either written or electronic) kept together	core
dataset				schema:Dataset	Dataset							core
date	07765073	DateFruit	=			Q1652093					sweet edible fruit of the date palm with a single long woody seed	core
daughter	09992837	BiologicalAttribute	+			Q308194					"a female human offspring; ""her daughter cared for her in her old age"""	core
dawn	15168790	Sunrise	+			Q193294					"the first light of day; ""we got up before dawn""; ""they talked until morning"""	core
day	15155220	Day	=		Day						"time for Earth to make a complete rotation on its axis; ""two days later they left""; ""they "	core
day-of-the-month	15159583	Day	+				Mx4rvVjiZ5wpEbGdrcN5Y29ycA				"the specified day of the month; ""what is the date today?"""	core
daylight	11444038	RadiatingLight	+			Q16491	Mx4rvVjiKZwpEbGdrcN5Y29ycA				light during the daytime	core
daze	05684561	PsychologicalAttribute	+								confusion characterized by lack of clarity	core
dead-body	05217859	HumanCorpse	=								"a natural object consisting of a dead animal or person; ""they found the body in the lake"""	core
deadline	15180082	TimePosition	+								the point in time at which something must be completed	core
deal	01085337	Giving	+								"the act of distributing playing cards; ""the deal was passed around the table clockwise"""	core
dearth	14449865	SubjectiveAssessmentAttribute	+			Q123493179					an acute insufficiency	core
death	07355491	Death	=		Death	Q4	Mx4rvVkJU5wpEbGdrcN5Y29ycA				"the event of dying or departure from life; ""her death came as a terrible shock""; ""upon you"	core
debate	07242104	Stating	+		Debate	Q179875					the formal presentation of a stated proposition and the opposition to it (usually followed	core
debt	13397174	CurrencyMeasure	+								money or goods or services owed by one person to another	core
decade	15204983	Decade	+		Decade	Q39911	Mx4rvVi5N5wpEbGdrcN5Y29ycA				a period of 10 years	core
decay	11444643	ChemicalDecomposition	+			Q339062					the organic phenomenon of rotting	core
deck	03167666	BoatDeck	+			Q208123					any of various platforms built into a vessel	core
declaration	06725877	Stating	+			Q2620826					a statement that is emphatic and explicit (spoken or written)	core
declivity	09265620	LandArea	+								a downward slope or bend	core
decoration	03169390	ArtWork	+			Q335261					something used to beautify	core
decorative-design	03178782	ArtWork	+			Q2083958					"a decorative or artistic work; ""the coach had a design on the doors"""	core
decrease	07355887	Decreasing	+				Mx4rvisLnJwpEbGdrcN5Y29ycA				"a change downward; ""there was a decrease in his temperature as the fever subsided""; ""there"	core
decree	06539770	Law	+		Decree		Mx4rYbkfnCtWQdiW04rIM4H--g				a legally binding command or decision entered on the court record (as if issued by a court	core
deed	06545137	Title	=		Deed	Q705914	Mx4rwSgEeJwpEbGdrcN5Y29ycA				a legal document signed and sealed and delivered to effect a transfer of property and to s	core
deer	02430045	Deer	=			Q23390	Mx4rvVi-jpwpEbGdrcN5Y29ycA				distinguished from Bovidae by the male's having solid deciduous antlers	core
default-option	05791864	Selecting	+								an option that is selected automatically unless an alternative is specified	core
defect	14464203	Malfunctioning	+								"an imperfection in an object or machine; ""a flaw caused the crystal to shatter""; ""if there"	core
defendant	09762101	SocialRole	+			Q159394					a person or institution against whom an action is brought in a court of law; the person be	core
deficit	05114371	Quantity	+			Q2184645	Mx4r5JtcUhlCQdiMeOEHSguY-g				"the property of being an amount by which something is less than expected or required; ""new"	core
definition	06744396	Proposition	+		Definition	Q101072	Mx4rEwtiBhxgQdiRgYQtjilY2w				a concise explanation of the meaning of a word or phrase or symbol	core
degree	05093890	ConstantQuantity	+			Q1046315					"a position on a scale of intensity or amount or quality; ""a moderate grade of intelligence"	core
deity	09505418	Deity	=		Deity	Q1379405	Mx4rvVjrCJwpEbGdrcN5Y29ycA				any supernatural being worshipped as controlling some part of the world or some aspect of 	core
delay	01066163	Process	[								the act of delaying; inactivity resulting in something being put off until a later time	core
delegate	10000787	SocialRole	+			Q3115299					a person appointed or elected to represent others	core
deliberation	05796423	Planning	+								"planning something carefully and intentionally; ""it was the deliberation of his act that w"	core
delivery	00042541	Birth	=			Q2334804					the act of delivering a child	core
demand	07191279	Requesting	+	schema:Demand							"an urgent or peremptory request; ""his demands for attention were unceasing"""	core
demand.process	13461162	DemandFn	=								"the ability and desire to purchase goods and services; ""the automobile reduced the demand "	core
demo	06879180	Disseminating	+				Mx4rwDgVOpwpEbGdrcN5Y29ycA				"a visual presentation showing how something works; ""the lecture was accompanied by dramati"	core
democracy	08361329	Democracy	=			Q7174					a political system in which the supreme power lies in a body of citizens who can elect peo	core
demonstration	01177703	Demonstration	=			Q175331					"a public display of group feelings (usually of a political nature); ""there were violent de"	core
demonstrator	10002760	Human	+								someone who participates in a public display of group feeling	core
denial	07204240	Stating	+				Mx4rgATZJF3eEdaAAABQ2sS97g				the act of asserting that something alleged is not true	core
density	04941453	DensityFn	=				Mx4rvViYGZwpEbGdrcN5Y29ycA				the amount per unit size	core
dentist	10004282	Dentist	=	schema:Dentist		Q27349	Mx4rvVjfgpwpEbGdrcN5Y29ycA				a person qualified to practice dentistry	core
departure	00042757	Leaving	+				Mx4rvWSHaJwpEbGdrcN5Y29ycA				the act of departing	core
deposit	13381145	Deposit	=								money deposited in a bank or some similar institution	core
depository-financial-institution	08420278	Bank-FinancialOrganization	=			Q22687					a financial institution that accepts deposits and channels the money into lending activiti	core
depression	14489113	SubjectiveAssessmentAttribute	+			Q1814941	Mx4rMdwrBAMxQdiaCcmY2DgFlw				a long-term economic state characterized by unemployment and low prices and low levels of 	core
depressive-disorder	14389240	Depression	+			Q42844					a state of depression and anhedonia so severe as to require clinical intervention	core
deputation	08402442	ReligiousOrganization	+								a group of representatives or delegates	core
deputy	10005721	SocialRole	+			Q1055894					a person appointed to represent or act on behalf of others	core
descent	07363346	Motion	+								a movement downward	core
desert	08505573	Desert	=		Desert	Q8514					arid land with little or no vegetation	core
deservingness	04807050	SubjectiveAssessmentAttribute	+								"the quality of being deserving (e.g., deserving assistance); ""there were many children who"	core
design	03179318	Icon	+		Design					Design	"a preliminary sketch indicating the plan for something; ""the design of a building"""	core
desire	07484265	Entity	+				Mx4rF7Ox-sGMEdmAAACQJw5drg				the feeling that accompanies an unsatisfied state	core
desk	03179701	Desk	=			Q1064858	Mx4rvVjfVpwpEbGdrcN5Y29ycA				a piece of furniture with a writing surface and usually drawers or other compartments	core
despair	07541923	Despair	=				Mx4rvVim15wpEbGdrcN5Y29ycA				"the feeling that everything is wrong and nothing will turn out well; ""they moaned in despa"	core
dessert	07609840	Dessert	=		Dessert	Q182940					a dish served as the last course of a meal	core
destiny	14473222	SubjectiveAssessmentAttribute	+			Q1970348					your overall circumstances or condition in life (including everything that happens to you)	core
destruction	07334490	Destruction	=								an event (or the result of an event) that completely destroys something	core
detachment	07506031	PsychologicalAttribute	+								avoiding emotional involvement	core
detail	13809920	SubjectiveAssessmentAttribute	+				Mx4rwQBy45wpEbGdrcN5Y29ycA				"a small part that can be considered separately from the whole; ""it was perfect in all deta"	core
detective	10009276	PoliceDetective	+			Q3656924	Mx4rmhqfWBlCQdiCBrBiFYJo2w				a police officer who investigates crimes	core
detector	03180969	MeasuringDevice	+			Q167676	Mx4rvVieWpwpEbGdrcN5Y29ycA				any device that receives a signal or stimulus (as heat or pressure or light or motion etc.	core
detention	13999663	SocialRole	+			Q1071447					"a state of being confined (usually for a short time); ""his detention was politically motiv"	core
development	08549070	StationaryArtifact	=				Mx4rvVjZBpwpEbGdrcN5Y29ycA				"a district that has been developed to serve some purpose; ""such land is practical for smal"	core
device	03183080	Device	=				Mx4rvVjHL5wpEbGdrcN5Y29ycA				"an instrumentality invented for a particular purpose; ""the device is small enough to wear "	core
diagnosis	00152727	Learning	+							Diagnosis	identifying the nature or cause of some phenomenon	core
diagram	03186399	Blueprint	+		Diagram	Q959962	Mx4rj5sOQCzGEdiUgwAH6RYvSQ				a drawing intended to explain how something works; a drawing showing the relation between 	core
dialect	07155661	SpokenHumanLanguage	+		Dialect		Mx4rvVizq5wpEbGdrcN5Y29ycA				"the usage or vocabulary that is characteristic of a specific group of people; ""the immigra"	core
dialog	07136206	Speaking	+								a conversation between two persons	core
dialogue	07010541	Text	+		Dialogue	Q131395	Mx4rvViRxJwpEbGdrcN5Y29ycA				the lines spoken by characters in drama or fiction	core
diameter	13871717	GraphArc	+			Q37221					a straight line connecting the center of a circle with two points on its perimeter (or the	core
diamond	13371958	Diamond	+		Diamond	Q17413599					a transparent piece of diamond that has been cut and polished and is valued as a precious 	core
diary	06402031	Report	+		Diary		Mx4rvVjU4JwpEbGdrcN5Y29ycA				a daily written record of (usually personal) experiences and observations	core
dictionary	06418901	Dictionary	=		Dictionary	Q23622	Mx4rvVjKWpwpEbGdrcN5Y29ycA				a reference book containing an alphabetical list of words with information about them	core
diet	01070187	Dieting	=	schema:Diet		Q474191	Mx4rvVjUkZwpEbGdrcN5Y29ycA				the act of restricting your food intake (or your intake of particular foods)	core
difficulty	04709253	SubjectiveAssessmentAttribute	+				Mx4rvi2nP5wpEbGdrcN5Y29ycA				"the quality of being difficult; ""they agreed about the difficulty of the climb"""	core
dig	08550076	LandArea	+			Q959782					"the site of an archeological exploration; ""they set up camp next to the dig"""	core
dignity	04886881	SubjectiveAssessmentAttribute	+								"the quality of being worthy of esteem or respect; ""it was beneath his dignity to cheat""; """	core
dilemma	05686086	SubjectiveAssessmentAttribute	+				Mx4rlyNhNCp4EdiUfwAH6RYvSQ				state of uncertainty or perplexity especially as requiring a choice between equally unfavo	core
diligence	04865114	PsychologicalAttribute	+			Q1427962					"persevering determination to perform a task; ""his diligence won him quick promotions""; ""fr"	core
diminution	00351638	Decreasing	=			Q1225810					the act of decreasing or reducing something	core
dinner	07575726	Dinner	+			Q657221	Mx4rvVi-6pwpEbGdrcN5Y29ycA				"the main meal of the day served in the evening or at midday; ""dinner will be at 8""; ""on Su"	core
diplomat	10013927	Diplomat	=			Q193391	Mx4rv5VvH5wpEbGdrcN5Y29ycA				an official engaged in international negotiations	core
direction	06197215	SubjectiveAssessmentAttribute	+								"a general course along which something has a tendency to develop; ""I couldn't follow the d"	core
director	10015485	Position	+			Q3455803	Mx8NhB4rvcD6KJwpEbGdrcN5Y29ycB4rvViAkpwpEbGdrcN5Y29ycB4rvViZVJwpEbGdrcN5Y29ycB4rvVjVT5wpEbGdrcN5Y29ycA				member of a board of directors	core
directory	06423619	ReferenceBook	+			Q70326023					an alphabetical list of names and addresses	core
disability	14548343	Disability	=			Q12131	Mx4rvc0ngZwpEbGdrcN5Y29ycA				the condition of being unable to perform as a consequence of physical or mental unfitness;	core
disadvantage	05161614	SubjectiveAssessmentAttribute	+								the quality of having an inferior or less favorable position	core
disagreement	13982357	SubjectiveAssessmentAttribute	+								a conflict of people's opinions or actions or characters	core
disappointment	07540602	Disappointment	=			Q621206	Mx4rvVi1Q5wpEbGdrcN5Y29ycA				"a feeling of dissatisfaction that results when your expectations are not realized; ""his ho"	core
discipline	01161821	RegulatoryProcess	+								"the act of punishing; ""the offenders deserved the harsh discipline they received"""	core
disco	03206282	NightClub	=			Q58339					a public dance hall for dancing to recorded popular music	core
discount	00362103	Decreasing	+								the act of reducing the selling price of merchandise	core
discourtesy	01224031	SubjectiveAssessmentAttribute	+								a lack of politeness; a failure to show regard for others; wounding the feelings or others	core
discovery	05808218	SubjectiveAssessmentAttribute	+				Mx4rvnJL4pwpEbGdrcN5Y29ycA				a productive insight	core
discrimination	01153548	SubjectiveAssessmentAttribute	+		Discrimination		Mx4r-O4sjCA9QdiC7PG04gwE7A				unfair treatment of a person or group on the basis of prejudice	core
discussion	07138085	Text	+								"an extended communication (often interactive) dealing with some particular topic; ""the boo"	core
disease	14070360	DiseaseOrSyndrome	+			Q12136	Mx4rv6WBtZwpEbGdrcN5Y29ycA				an impairment of health or a condition of abnormal functioning	core
disembodied-spirit	09545324	CognitiveAgent	+								any incorporeal supernatural being that can become visible (or audible) to human beings	core
disgrace	14440137	SubjectiveAssessmentAttribute	+			Q152282	Mx4rTCn2PjAeQdiFb98sdNgFLw				"a state of dishonor; ""one mistake brought shame to all his family""; ""suffered the ignominy"	core
dish	03206908	Dish	=			Q746549	Mx4rvVj_epwpEbGdrcN5Y29ycA				"a piece of dishware normally used as a container for holding or serving food; ""we gave the"	core
dish-aerial	03207305	Device	+			Q4928259					directional antenna consisting of a parabolic reflector for microwave or radio frequency r	core
disk	03208556	Artifact	+			Q238231	Mx4rwPuen5wpEbGdrcN5Y29ycA				a flat circular plate	core
dismay	07519773	Fear	+								fear resulting from the awareness of danger	core
dismissal	07213079	Certificate	+			Q882603					official notice that you have been fired from your job	core
disorderliness	14499262	SubjectiveAssessmentAttribute	+								"a condition in which things are not in their expected places; ""the files are in complete d"	core
display	00521209	Demonstrating	+								"something shown to the public; ""the museum had many exhibits of oriental art"""	core
disposition	04623612	TraitAttribute	+			Q9247895	Mx4rSW8bsGVbQdeNtugJ3w7y1Q	BFO_0000016			"your usual mood; ""he has a happy disposition"""	core
dispute	07181935	Debating	+				Mx4rvVjz15wpEbGdrcN5Y29ycA				"a disagreement or argument about something important; ""he had a dispute with his wife""; ""t"	core
disregard	00418615	SubjectiveAssessmentAttribute	+								willful lack of care and attention	core
dissertation	06409085	Text	+			Q1266946	Mx4rvVibw5wpEbGdrcN5Y29ycA				a treatise advancing a new point of view resulting from research; usually a requirement fo	core
distance	05084201	LengthMeasure	+	schema:Distance			Mx4rvViAmpwpEbGdrcN5Y29ycA				the property created by the space between two objects or points	core
distortion	00073713	SubjectiveAssessmentAttribute	+			Q186634					the mistake of misrepresenting the facts	core
distributor	08061905	Corporation	+			Q1459069					"a company that markets merchandise; ""his company is a large distributor of software produc"	core
district	08552138	LandArea	+		District	Q149621	Mx4rQWWHo1VvSE6OCrWPlC8k9A				a region marked off for administrative or other purposes	core
disturbance	13977366	SubjectiveAssessmentAttribute	+								"a disorderly outburst or tumult; ""they were amazed by the furious disturbance they had cau"	core
diverseness	04751305	SubjectiveAssessmentAttribute	+								"noticeable heterogeneity; ""a diversity of possibilities""; ""the range and variety of his wo"	core
diversion	00350380	DirectionChange	+								"a turning aside (of your course or attention or concern); ""a diversion from the main highw"	core
dividend	13273836	Giving	+								a bonus; something extra (especially a share of a surplus)	core
division	00870912	DivisionFn	=			Q1226939					an arithmetic operation that is the inverse of multiplication; the quotient of two numbers	core
divorce	01201271	Divorcing	+		Divorce	Q93190	Mx4rwP1XQpwpEbGdrcN5Y29ycA				the legal dissolution of a marriage	core
doctor	10020890	MedicalDoctor	+			Q39631	Mx4rvVjrVZwpEbGdrcN5Y29ycA				"a licensed medical practitioner; ""I felt so bad I went to see my doctor"""	core
doctrine	05943300	Proposition	+		Doctrine						a belief (or system of beliefs) accepted as authoritative by some group or school	core
document	06470073	FactualText	+		Document						writing that provides information (especially information of an official nature)	core
documentation	00154433	Investigating	+			Q788790					"documentary validation; ""his documentation of the results was excellent""; ""the strongest s"	core
dog	02084071	DomesticDog	=		Dog	Q144	Mx4rvVjaoJwpEbGdrcN5Y29ycA				a member of the genus Canis (probably descended from the common wolf) that has been domest	core
doll	03219135	Doll	=		Doll	Q168658	Mx4rvgEWHpwpEbGdrcN5Y29ycA				a small replica of a person; used as a toy	core
dolphin	02068974	AquaticMammal	+			Q312257					any of various small toothed whales with a beaklike snout; larger than porpoises	core
dome	03220513	Dome	+		Dome	Q12493	Mx4rVbC1tIa0EdqAAAACs71DGQ				a hemispherical roof	core
dominance	14441825	SubjectiveAssessmentAttribute	+			Q83771986					"the state that exists when one person or group has power over another; ""her apparent domin"	core
domination	14442530	SubjectiveAssessmentAttribute	+								"power to dominate or defeat; ""mastery of the seas"""	core
dominion	14442933	NormativeAttribute	+				Mx4rvViD3pwpEbGdrcN5Y29ycA				"dominance or power through legal authority; ""France held undisputed dominion over vast are"	core
donor	10026058	SocialRole	+			Q1968442					(medicine) someone who gives blood or tissue or an organ to be used in another person (the	core
door	03221720	Door	+		Door	Q36794	Mx4rvViZ_5wpEbGdrcN5Y29ycA				a swinging or sliding barrier that will close the entrance to a room or building or vehicl	core
doorbell	03222516	SwitchDevice	+			Q384459	Mx4rvViOcZwpEbGdrcN5Y29ycA				a push button at an outer door that gives a ringing or buzzing signal when pushed	core
doorsill	03223686	Artifact	+			Q774145					the sill of a door; a horizontal piece of wood or stone that forms the bottom of a doorway	core
dormitory	03224893	Dormitory	+		Dormitory	Q847950	Mx4r2FuXsi__QdiXX5s-6AsJlg				a college or university building containing living quarters for students	core
dose	03225238	Medicine	+				Mx4rvWSizJwpEbGdrcN5Y29ycA				a measured portion of medicine taken at any one time	core
dot	13911872	GeometricPoint	+								"a very small circular shape; ""a row of points""; ""draw lines between the dots"""	core
double	05860200	Quantity	+			Q4413006					"a quantity that is twice as great as another; ""36 is the double of 18"""	core
doubt	04757522	ProbabilityRelation	+			Q34302	Mx4rvVjh8pwpEbGdrcN5Y29ycA				"uncertainty about the truth or factuality or existence of something; ""the dubiousness of h"	core
dough	07860988	Dough	+			Q178024	Mx4rvViIdZwpEbGdrcN5Y29ycA				a flour mixture stiff enough to knead or roll	core
down-payment	13349834	CurrencyMeasure	+			Q708438					a partial payment made at the time of purchase; the balance to be paid later	core
downfall	07318133	NormativeAttribute	+								failure that results in a loss of position or reputation	core
draft	06390962	Text	+			Q560361					"any of the various versions in the development of a written work; ""a preliminary draft""; """	core
dragon	09494388	SentientAgent	+			Q7559	Mx4rwPzyTpwpEbGdrcN5Y29ycA				a creature of Teutonic mythology; usually represented as breathing fire and having a repti	core
drain	03231912	Device	+			Q1394694					a pipe through which liquid is carried away	core
drama	07290278	SubjectiveAssessmentAttribute	+		Drama	Q25372					an episode that is turbulent or highly emotional	core
dramatic-play	07007945	DramaticPlay	=			Q25372					"a dramatic work intended for performance by actors on a stage; ""he wrote several plays but"	core
dramaturgy	07006119	FieldOfStudy	@			Q11635					the art of writing and producing plays	core
draught	11522448	Motion	+			Q244777					a current of air (usually coming into a chimney or room or vehicle)	core
draw	07353716	TieScore	+			Q2122935	Mx4rt7QVxgMwQdiJvtc6JMmHjA				"the finish of a contest in which the score is tied and the winner is undecided; ""the game "	core
drawer	03233905	Compartment	+				Mx4rvVjV4JwpEbGdrcN5Y29ycA				a boxlike container in a piece of furniture; made so as to slide in and out	core
drawing	07003119	Icon	+	schema:Drawing	Drawing	Q93184					"an illustration that is drawn by hand and published in a book, magazine, or newspaper; ""it"	core
dream	05768553	Dreaming	+			Q36348					"a series of mental images and emotions occurring during sleep; ""I had a dream about you la"	core
dressing	03237639	Device	+								a cloth covering for a wound or sore	core
drift	09270233	SelfConnectedObject	+			Q5307436					a large mass of material that is heaped up by the wind or by water currents	core
drill	00894359	EducationalProcess	+				Mx4raB60mFQYQdeNoJqBDXBMLA				(military) the training of soldiers to march (as in ceremonial parades) or to perform the 	core
drill-tool	03239726	Device	+			Q58964					a tool with a sharp point and cutting edges for making holes in hard materials (usually ro	core
drink	07881800	Beverage	=		Drink	Q40050					"any liquid suitable for drinking; ""may I take your beverage order?"""	core
drinking	00748515	Drinking	+			Q876776	Mx4rvVju7pwpEbGdrcN5Y29ycA				"the act of drinking alcoholic beverages to excess; ""drink was his downfall"""	core
drive	00307631	Transportation	+				Mx4rJFQTxrjJEdmAAAACs6hRjg				"a journey in a vehicle (usually an automobile); ""he took the family for a drive in his new"	core
driver	10034906	SocialRole	+			Q352388	Mx8NhB4rvcD6KJwpEbGdrcN5Y29ycB4rvViAkpwpEbGdrcN5Y29ycB8Ngh4rFKDxAmNZEdqAAAACs71DGR4rvVi_RZwpEbGdrcN5Y29ycB4rvVioAJwpEbGdrcN5Y29ycA				the operator of a motor vehicle	core
driveway	03244388	Driveway	+			Q2251535	Mx4rvViw6ZwpEbGdrcN5Y29ycA				"a road leading up to a private house; ""they parked in the driveway"""	core
drop	13901585	ShapeAttribute	+			Q185789	Mx8Ngh4rvVkAUZwpEbGdrcN5Y29ycB4rvVjSoJwpEbGdrcN5Y29ycA				"a shape that is spherical and small; ""he studied the shapes of low-viscosity drops""; ""bead"	core
drug	03247620	BiologicallyActiveSubstance	+	schema:Drug	Drug	Q8386	Mx4rwP1OWpwpEbGdrcN5Y29ycA				a substance that is used as a medicine or narcotic	core
drug-user	10036266	DiseaseOrSyndrome	+								a person who takes drugs	core
drum	03249569	Drum	=		Drum	Q11404	Mx4rvV_tiJwpEbGdrcN5Y29ycA				a musical percussion instrument; usually consists of a hollow cylinder with a membrane str	core
duck	01846331	Duck	=			Q214264					small wild or domesticated web-footed broad-billed swimming bird usually having a depresse	core
due-east	13832355	East	=								the cardinal compass point that is at 90 degrees	core
due-west	13834399	West	=			Q679					the cardinal compass point that is a 270 degrees	core
duke	10038778	SocialRole	+		Duke	Q166886	Mx4rv0mEtJwpEbGdrcN5Y29ycA				a nobleman (in various countries) of high rank	core
dust	14839846	ParticulateMatter	+			Q165632					"fine powdery material such as dry earth or pollen that can be blown about in the air; ""the"	core
duty	00719494	Obligation	=			Q878070					"work that you are obliged to perform for moral or legal reasons; ""the duties of the job"""	core
dwelling	03259505	PermanentResidence	+		Dwelling	Q7743	Mx4rdMa9lbaeEdmFRQACs6hRjg				"housing that someone is living in; ""he built a modest dwelling near the pond""; ""they raise"	core
eagle	01613294	Bird	+			Q832721	Mx4rvViGopwpEbGdrcN5Y29ycA				any of various large keen-sighted diurnal birds of prey noted for their broad wings and st	core
eagle.communication	06881563	Icon	+								"an emblem representing power; ""the Roman eagle"""	core
ear	05320899	Ear	=			Q7362	Mx4rvVjL05wpEbGdrcN5Y29ycA				the sense organ for hearing and equilibrium	core
earth	09270894	PlanetEarth	=			Q16502					"the 3rd planet from the sun; the planet we live on; ""the Earth moves around the sun""; ""he "	core
earth-science	06115476	Science	@				Mx4rwE4AM5wpEbGdrcN5Y29ycA				any of the sciences that deal with the earth or its parts	core
earthquake	07428954	Earthquake	+		Earthquake	Q7944	Mx4rwQBYpZwpEbGdrcN5Y29ycA				shaking and vibration at the surface of the earth resulting from underground movement alon	core
ease	14491889	SubjectiveAssessmentAttribute	+								"a freedom from financial difficulty that promotes a comfortable state; ""a life of luxury a"	core
easiness	07515974	EmotionalState	+			Q3935810					"a feeling of refreshing tranquility and an absence of tension or worry; ""the easiness we f"	core
east	08562620	GeographicArea	@			Q205653					the countries of Asia	core
echo	05010801	Echoing	=			Q468809					"the repetition of a sound resulting from reflection of the sound waves; ""she could hear ec"	core
economic-consumption	13451804	Process	+								"(economics) the utilization of economic goods to satisfy needs or in manufacturing; ""the c"	core
economic-system	08366753	EconomicAttribute	=		Economic_system		Mx4rwI-mXpwpEbGdrcN5Y29ycA				the system of production and distribution and consumption	core
economic-value	13413493	CurrencyMeasure	+			Q868257					the amount (of money or goods or services) that is considered to be a fair equivalent for 	core
economics	06149484	Economics	@			Q8134					the branch of social science that deals with the production and distribution and consumpti	core
economist	10043643	Economist	=			Q188094					an expert in the science of economics	core
economy	04893787	TraitAttribute	+		Economy		Mx4rM3UOPLtJEdmAAAACs6hRjg				"frugality in the expenditure of money or resources; ""the Scots are famous for their econom"	core
ecstasy	13986372	Happiness	+			Q625143					"a state of being carried away by overwhelming emotion; ""listening to sweet music in a perf"	core
edge	03264136	Object	+			Q26382	Mx4rjS7DsrtQEdmAAAACs6hRjg				"a sharp side formed by the intersection of two surfaces of an object; ""he rounded the edge"	core
edition	06590446	EditionFn	=								the form in which a text (especially a printed book) is published	core
education	00883297	EducationalProcess	=		Education	Q8434					"the activities of educating or instructing; activities that impart knowledge or skill; ""he"	core
egg	07840804	BirdEgg	=			Q93189					oval reproductive body of a fowl (especially a hen) used as food	core
egg-white	07841037	BirdEgg	+			Q796758	Mx4rvmO0FpwpEbGdrcN5Y29ycA				the white part of an egg; the nutritive and protective gelatinous substance surrounding th	core
eggshell	09432430	BodyCovering	+			Q2731253					the exterior covering of a bird's egg	core
ego	07508806	Pride	+								an inflated feeling of pride in your superiority to others	core
elbow	05579944	Elbow	+			Q42586	Mx4rvVjjNZwpEbGdrcN5Y29ycA				hinge joint between the forearm and upper arm and the corresponding joint in the forelimb 	core
election	00181781	Election	=		Election	Q40231					"a vote to select the winner of a position or political office; ""the results of the electio"	core
electorate	08161068	SocialRole	+				Mx4reZsf2vw5EdyAAAACs6hbjw				the body of enfranchised citizens; those qualified to vote	core
electric-battery	02810471	Battery	+			Q267298					a device that produces electricity; may have several primary or secondary cells arranged i	core
electric-charge	11435028	FunctionQuantity	+			Q1111					the quantity of unbalanced electricity in a body (either positive or negative) and constru	core
electric-refrigerator	03273913	Refrigerator	=								a refrigerator in which the coolant is pumped around by an electric motor	core
electric-shock	00839292	OrganismProcess	+				Mx4rvVi0wJwpEbGdrcN5Y29ycA				"a reflex response to the passage of electric current through the body; ""subjects received "	core
electric-switch	04372370	SwitchDevice	=			Q5320					control consisting of a mechanical or electrical or electronic device for making or breaki	core
electrical-conductor	14821043	ConductorSubstance	+			Q124291					a substance that readily conducts e.g. electricity and heat	core
electricity	11449907	Radiating	+			Q12725	Mx4rvVkGfJwpEbGdrcN5Y29ycA				a physical phenomenon associated with stationary or moving electrons and protons	core
electron	09271904	Electron	=			Q2225	Mx4rvViB05wpEbGdrcN5Y29ycA				an elementary particle with negative charge	core
electronics	06099269	Electronics	=			Q11650					the branch of physics that deals with the emission and effects of electrons and with the u	core
elephant	02503517	Elephant	=		Elephant	Q7378	Mx4rvViVeJwpEbGdrcN5Y29ycA				five-toed pachyderm	core
elevator	03281145	Elevator	=		Elevator	Q132911	Mx4rvVj3ypwpEbGdrcN5Y29ycA				lifting device consisting of a platform or cage that is raised and lowered mechanically in	core
elite	08386555	Group	+			Q192797	Mx4rpbONRs33EdmAAAACs6hRjg				a group or class of persons enjoying superior intellectual or social or economic status	core
email	06279326	Device	+			Q9158					(computer science) a system of world-wide electronic communication in which a computer use	core
embassy	03282295	EmbassyBuilding	+	schema:Embassy	Embassy	Q2750585					a diplomatic building where ambassadors live or work	core
embryo	01458842	Embryonic	=			Q33196	Mx4rwP1ceZwpEbGdrcN5Y29ycA				an animal organism in the early stages of growth and differentiation that in higher forms 	core
emergency	07417405	SubjectiveAssessmentAttribute	+			Q5070802	Mx4rvqkmqZwpEbGdrcN5Y29ycA				"a sudden unforeseen crisis (usually involving danger) that requires immediate action; ""he "	core
emotion	07480068	EmotionalState	+		Emotion		Mx4rvViC_pwpEbGdrcN5Y29ycA				any strong feeling	core
emphasis	14434866	SubjectiveAssessmentAttribute	+								"special importance or significance; ""the red light gave the central figure increased empha"	core
empire	08405723	Government	+		Empire	Q48349	Mx4rvrUy_ZwpEbGdrcN5Y29ycA				a monarchy with an emperor as head of state	core
employee	10053808	Employee	=			Q703534					a worker who is hired to perform a job	core
employer	10054657	Employer	=								a person or firm that employs workers	core
employment	13968092	SocialRole	+			Q656365					"the state of being employed or having a job; ""they are looking for employment""; ""he was in"	core
empty-space	13910384	SpaceRegion	=								"an empty area (usually bounded in some way between things); ""the architect left space in f"	core
enchantment	14407536	Unconscious	+			Q466475					a psychological state induced by (or as if induced by) a magical incantation	core
enchantress	10055297	Woman	+								a female sorcerer or magician	core
encounter	07414922	Meeting	+								"a casual or unexpected convergence; ""he still remembers their meeting in Paris""; ""there wa"	core
end	08565894	Region	+								"a boundary marking the extremities of something; ""the end of town"""	core
end-product	03287178	Product	+								final product; the things produced	core
ending	07291312	EndFn	+				Mx4rjk6MsMCfEdmAAAACs6hRjg				"event whose occurrence ends something; ""his death marked the ending of an era""; ""when thes"	core
endurance	13962166	Living	+				Mx4rvVi1yJwpEbGdrcN5Y29ycA				a state of surviving; remaining alive	core
enemy	07946851	GroupOfPeople	+			Q289891	Mx8NhB4rvcD6KJwpEbGdrcN5Y29ycB4rvsaaeJwpEbGdrcN5Y29ycB4rvVi2ipwpEbGdrcN5Y29ycB4rvsaaeJwpEbGdrcN5Y29ycA				"any hostile group of people; ""he viewed lawyers as the real enemy"""	core
engagement	08385009	Meeting	+			Q157512					"a meeting arranged in advance; ""she asked how to avoid kissing at the end of a date"""	core
engine	03287733	Machine	+		Engine	Q44167	Mx4rvVjOxJwpEbGdrcN5Y29ycA				motor that converts thermal energy to mechanical work	core
engineer	09615807	Engineer	=		Engineer	Q81096	Mx4rvVkBWpwpEbGdrcN5Y29ycA				a person who uses scientific knowledge to solve practical problems	core
engineering	06125041	FieldOfStudy	@		Engineering	Q11016					the discipline dealing with the art or science of applying scientific knowledge to practic	core
engrossment	05704266	Perception	+								complete attention; intense mental effort	core
entertainment	00429048	RecreationOrExercise	+		Entertainment	Q173799	Mx4rvVifGZwpEbGdrcN5Y29ycA				an activity that is diverting and that holds the attention	core
enthusiasm	05670343	EmotionalState	+			Q840407	Mx4rvViTqJwpEbGdrcN5Y29ycA				"a lively interest; ""enthusiasm for his program is growing"""	core
enticement	00159620	SocialInteraction	+			Q1053973					"the act of influencing by exciting hope or desire; ""his enticements were shameless"""	core
entitlement	05181754	NormativeAttribute	+								"right granted by law or contract (especially a right to benefits); ""entitlements make up t"	core
entrance	03290771	StationaryArtifact	+				Mx4rhQwLhizbQdiQ_e-9TYPzPg				"something that provides access (to get in or get out); ""they waited at the entrance to the"	core
entrance-fee	13321495	CurrencyMeasure	+								the fee charged for admission	core
entree	05176188	NormativeAttribute	+								the right to enter	core
envelope	03291819	Envelope	+			Q170124	Mx4rvVjqo5wpEbGdrcN5Y29ycA				a flat (usually rectangular) container for a letter, thin package, etc.	core
environment	08567235	GeographicArea	+			Q43619	Mx4rwLW-jpwpEbGdrcN5Y29ycA				"the area in which something exists or lives; ""the country--the flat agricultural surround"""	core
episode	06621771	SeriesVolumeFn	+	schema:Episode	Episode	Q1983062					a part of a broadcast serial	core
equation	06669864	Equation	=		Equation		Mx4rHBTKnM3nEdmAAAACs6hRjg				a mathematical statement that two expressions are equal	core
equilibrium	13934900	SubjectiveAssessmentAttribute	+				Mx4rO-lI5CtEQdiDPPaZQyBZIw				a stable situation in which forces cancel one another	core
equipment	03294048	Device	+			Q10273457					an instrumentality needed for an undertaking or to perform a service	core
era	15248564	TimeInterval	+		Era	Q507810					a period marked by distinctive character or reckoned from a fixed point or event	core
erosion	14518924	Removing	+			Q80026	Mx4rvzeX7JwpEbGdrcN5Y29ycA				condition in which the earth's surface is worn away by the action of water and wind	core
error	05895465	False	+	schema:Error	Error						a misconception resulting from incorrect information	core
escape	00058743	Escaping	+				Mx4rKFWC8hJTEd2AAADggVfs8g				"the act of escaping physically; ""he made his escape from the mental hospital""; ""the canary"	core
escort	09992538	SocialRole	+								"a participant in a date; ""his date never stopped talking"""	core
esprit-de-corps	04625129	TraitAttribute	+								the spirit of a group that makes the members want the group to succeed	core
essay	06409562	Article	=		Essay	Q624852	Mx4rvxfXtJwpEbGdrcN5Y29ycA				an analytic or interpretive literary composition	core
estate	13250930	WealthFn	=				Mx4rvWGt4ZwpEbGdrcN5Y29ycA				everything you own; all of your assets (whether real property or personal property) and li	core
estimate	05803379	Calculating	+								"an approximate calculation of quantity or degree or worth; ""an estimate of what it would c"	core
estimation	06207029	IntentionalRelation	+								"the respect with which a person is held; ""they had a high estimation of his ability"""	core
ethics	06159473	FieldOfStudy	@		Ethics	Q9465					the philosophical study of moral values and rules	core
europe	09275473	Europe	=			Q46					the 2nd smallest continent (actually a vast peninsula of Eurasia); the British use `Europe	core
evening	15166462	Evening	+			Q7725	Mx4rvVidx5wpEbGdrcN5Y29ycA				the latter part of the day (the period of decreasing daylight from late afternoon until ni	core
event	00029378	Process	=	schema:Event	Event	Q10290214	Mx4rvViADZwpEbGdrcN5Y29ycA	BFO_0000015	event	Event	something that happens at a given place and time	core
event-ticket												core
evidence	05823932	Reasoning	+				Mx4rSWT4ar1qEdmAAAACs6hRjg				"your basis for belief or disbelief; knowledge on which to base belief; ""the evidence that "	core
evolution	13477023	BiologicalProcess	+			Q1063					(biology) the sequence of events involved in the evolutionary development of a species or 	core
exam	07197021	TestForm	=			Q27318					"a set of questions or exercises evaluating skill or knowledge; ""when the test was stolen t"	core
examination	00636461	Measuring	+			Q27318					the act of giving students or candidates a test (as by questions) to determine what they k	core
examiner	10067968	Human	+			Q511138	Mx4rP9eDkywaEdiUggAH6RYvSQ				"an investigator who observes carefully; ""the examiner searched for clues"""	core
example	05820620	Entity	+								"an item of information that is typical of a class or group; ""this patient provides a typic"	core
exception	05821246	Entity	+				Mx4rSMwpWhukQdiNdMQ3E6gwlw				"an instance that does not conform to a rule or generalization; ""all her children were bril"	core
excerpt	06400510	Text	+			Q1385610					"a passage selected from a larger work; ""he presented excerpts from William James' philosop"	core
excess	05119714	SubjectiveAssessmentAttribute	+								a quantity much larger than is needed	core
exchange	01166258	Transaction	=				Mx4rvViQlpwpEbGdrcN5Y29ycA				"the act of changing one thing for another thing; ""Adam was promised immortality in exchang"	core
excitement	14037011	EmotionalState	+				Mx4rvVjAhpwpEbGdrcN5Y29ycA				"the state of being emotionally aroused and worked up; ""his face was flushed with excitemen"	core
excuse	06741305	Stating	+				Mx4rxNcggCdsQdiSZp3ibFQQlg				"a defense of some offensive behavior or some failure to keep a promise etc.; ""he kept find"	core
execution	01163779	Execution	=								putting a condemned person to death	core
executive	08165455	Government	+				Mx4rKz0WiMsgEdmAAAACs6hRjg				persons who administer the law	core
exemplar	05925366	SubjectiveAssessmentAttribute	+			Q5419997					"something to be imitated; ""an exemplar of success""; ""a model of clarity""; ""he is the very "	core
exemption	00213903	NormativeAttribute	+								"an act exempting someone; ""he was granted immunity from prosecution"""	core
exercise	00624738	FitnessExercise	=		Exercise	Q219067					"the activity of exerting your muscles in various ways to keep fit; ""the doctor recommended"	core
exhibition	08407619	Collection	+		Exhibition	Q464980					a collection of things (goods or works of art etc.) for public display	core
exile	00207761	Removing	+			Q379693					"the act of expelling a person from their native land; ""men in exile dream of hope""; ""his d"	core
exit	03303965	Hole	+				Mx4ro4GSkalHTHqWnuYLe3rqog				"an opening that permits escape or release; ""he blocked the way out""; ""the canyon had only "	core
expansion	00365709	Increasing	+			Q1313250					the act of increasing (something) in size or volume or quantity or scope	core
expectation	05944958	Proposition	+				Mx4rvViiZJwpEbGdrcN5Y29ycA				belief about (or mental picture of) the future	core
expedition	08409130	Group	+								"an organized group of people undertaking a journey for a particular purpose; ""an expeditio"	core
experience	05758059	Learning	+								the accumulation of knowledge or skill that results from direct participation in events or	core
experiment	00639556	Experimenting	+		Experiment						the act of conducting a controlled test or investigation	core
expert	09617867	SubjectiveAssessmentAttribute	=			Q381160	Mx4rwfM85MsUEdmAAAACs6hRjg				a person with special knowledge or ability who performs skillfully	core
expertness	05640729	Proposition	+								skillfulness by virtue of possessing special knowledge	core
explaining	07232421	Communication	+			Q7958	Mx4rwI_EFpwpEbGdrcN5Y29ycA				"the act of explaining; making something plain or intelligible; ""I heard his explanation of"	core
explanation	06738281	Explanation	=			Q7958					a statement that makes something comprehensible by describing the relevant structure or op	core
exploration	00310063	Discovering	+		Exploration	Q6502154					to travel for the purpose of discovery	core
explosion	07308563	Explosion	+		Explosion	Q786054	Mx4rvgD3bpwpEbGdrcN5Y29ycA				a violent release of energy caused by a chemical or nuclear reaction	core
exposure	05043973	Attribute	+			Q271960					"vulnerability to the elements; to the action of heat or cold or wind or rain; ""exposure to"	core
expressway	03306610	StationaryArtifact	+			Q159184					a broad highway designed for high-speed traffic	core
extension	03306869	Telephone	+								an additional telephone set that is connected to the same telephone line	core
extension.time	15272382	Increasing	=								a mutually agreed delay in the date set for the completion of a job or payment of a debt; 	core
extent	13941125	Attribute	+								"the point or degree to which something extends; ""the extent of the damage""; ""the full exte"	core
extraterrestrial-being	09484465	SentientAgent	+			Q16132073	Mx4rv_nCOZwpEbGdrcN5Y29ycA				a form of life assumed to exist outside the Earth or its atmosphere	core
extreme	05098099	SubjectiveAssessmentAttribute	+				Mx4rUgzc5h6zQdiDcdmjKvgvng				"the furthest or highest degree of something; ""he carried it to extremes"""	core
eye	05311054	Eye	=			Q7364	Mx4rvViTvpwpEbGdrcN5Y29ycA				the organ of sight	core
eyebrow	05313535	BodyPart	+			Q43748	Mx4rvViEApwpEbGdrcN5Y29ycA				the arch of hair above each eye	core
eyelid	05313822	Eyelid	+			Q48228	Mx4rvVi4m5wpEbGdrcN5Y29ycA				"either of two folds of skin that can be moved to cover or open the eye; ""his lids would st"	core
fabric	03309808	Fabric	=			Q1153946					artifact made by weaving or felting or knitting or crocheting natural or synthetic fibers;	core
fabrication	00912001	Manufacture	+								the act of constructing something (as a piece of machinery)	core
facade	03313333	Artifact	+		Facade	Q183061					the face or front of a building	core
face	05600637	Face	+			Q37017	Mx4rvVi5GZwpEbGdrcN5Y29ycA				"the front of the human head from the forehead to the chin and ear to ear; ""he washed his f"	core
facial-feature	05601758	Face	+								"the characteristic parts of a person's face: eyes and nose and mouth and chin; ""an express"	core
facility	03315023	Facility	=								a building or place that provides a particular service or is used for a particular industr	core
facsimile	03316105	FaxMachine	=		Facsimile	Q132744					duplicator that transmits the copy by wire or radio	core
fact	06636259	Fact	=								a statement or assertion of verified information about something that is the case or has h	core
factor	07327805	Process	+								"anything that contributes causally to a result; ""a number of factors determined the outcom"	core
factory	03316406	IndustrialPlant	+		Factory	Q83405					a plant consisting of one or more buildings with facilities for manufacturing	core
failing	14462946	SubjectiveAssessmentAttribute	+				Mx4rf34RQrctEdmFRAACs6hRjg				"a flaw or weak point; ""he was quick to point out his wife's failings"""	core
failure	14477877	SubjectiveAssessmentAttribute	+			Q1121708					"lack of success; ""he felt that his entire life had been a failure""; ""that year there was a"	core
fair	08408557	Meeting	+		Fair	Q288514					"gathering of producers to promote business; ""world fair""; ""trade fair""; ""book fair"""	core
fair-weather	11456462	Process	+								moderate weather; suitable for outdoor activities	core
fairy	09540430	CognitiveAgent	+		Fairy	Q8028	Mx4rvwj-OJwpEbGdrcN5Y29ycA				a small being, human in form, playful and having magical powers	core
fall	15236859	FallSeason	=			Q1314					"the season when the leaves fall from the trees; ""in the fall of 1973"""	core
fame	14437386	SubjectiveAssessmentAttribute	+			Q1271422					the state or quality of being widely honored and acclaimed	core
family	08078020	FamilyGroup	+		Family	Q259059	Mx4rvVilOpwpEbGdrcN5Y29ycA				"a social unit living together; ""he moved his family to Virginia""; ""It was a good Christian"	core
family-line	07970721	FamilyGroup	+								"people descended from a common ancestor; ""his family has lived in Massachusetts since the "	core
fan	10077593	SocialRole	+			Q193432					an ardent follower and admirer	core
fare	13308147	CurrencyMeasure	+				Mx4r0d3A0hk9QdiUqY2yMHxejQ				the sum charged for riding in a public conveyance	core
farm	03322099	Farm	=		Farm	Q131596	Mx4rvViqgJwpEbGdrcN5Y29ycA				"workplace consisting of farm buildings and cultivated land as a unit; ""it takes several pe"	core
farmer	10078806	Position	+			Q131512	Mx4rvVjhSZwpEbGdrcN5Y29ycA				a person who operates a farm	core
farming	00916464	Farming	=								the practice of cultivating the land or raising stock	core
fashion	05750657	Clothing	=		Fashion	Q12684	Mx4rdUzR9nSwEdaAAACgyZzFrg				the latest and most admired style in clothes and cosmetics and behavior	core
fat	14864360	FatTissue	+			Q127980					a soft greasy substance occurring in organic tissue and consisting of a mixture of lipids 	core
father	10080869	BiologicalAttribute	+			Q7565					"a male parent (also used as a term of address to your father); ""his father was born in Atl"	core
fatness	04999401	BiologicalAttribute	+								"excess bodily weight; ""she disliked fatness in herself as well as in others"""	core
fault	04669692	NormativeAttribute	+			Q47089	Mx4rVyUfEMQzQdGu5-YFoG-nMw				"responsibility for a bad situation or event; ""it was John's fault"""	core
faux-pas	00076196	SubjectiveAssessmentAttribute	+								a socially awkward or tactless act	core
favor	01226941	SubjectiveAssessmentAttribute	+								an act of gracious kindness	core
fear	07519253	Fear	=			Q44619	Mx4rvVjARJwpEbGdrcN5Y29ycA				an emotion experienced in anticipation of some specific pain or danger (usually accompanie	core
feast	07578093	Meal	+								"a meal that is well prepared and greatly enjoyed; ""a banquet for the graduating seniors""; "	core
feather	01896031	Feather	+			Q3303665					the light horny waterproof structure forming the external covering of birds	core
feature	05849789	Attribute	+				Mx4rbFSD9EPuQdmNuOZRcFTKMg		feature		"a prominent attribute or aspect of something; ""the map showed roads and other features""; """	core
federal-agent	10373801	Government	@								any agent or representative of a federal agency or bureau	core
fee	13320168	ChargingAFee	=		Fee						a fixed charge for a privilege or for professional services	core
feedback	06746471	Stating	+			Q183635	Mx4rvViyOJwpEbGdrcN5Y29ycA				response to an inquiry or experiment	core
feeling	00026192	PsychologicalAttribute	+		Feeling	Q205555					"the experiencing of affective and emotional states; ""she had a feeling of euphoria""; ""he h"	core
female-child	10084295	Girl	=								"a youthful female person; ""the baby was a girl""; ""the girls were just learning to ride a t"	core
feminist	10084635	BeliefGroup	+			Q34074720	Mx8Ngh4rwBtg95wpEbGdrcN5Y29ycB4rvkshiJwpEbGdrcN5Y29ycA				a supporter of feminism	core
fence	03327234	Fence	=		Fence	Q148571	Mx4rvgEVapwpEbGdrcN5Y29ycA				a barrier that serves to enclose an area	core
ferry	03329663	WaterVehicle	+		Ferry	Q25653	Mx4rwQCasJwpEbGdrcN5Y29ycA				a boat that transports people or vehicles across a body of water and operates on a regular	core
festival	00517728	RecreationOrExercise	+	schema:Festival	Festival	Q132241	Mx4rvcE-CZwpEbGdrcN5Y29ycA				"an organized series of acts and performances (usually in one place); ""a drama festival"""	core
fever	14365356	Fever	=			Q38933	Mx4rwQw2MpwpEbGdrcN5Y29ycA				a rise in the temperature of the body; frequently a symptom of infection	core
fib	06757057	False	+								"a trivial lie; ""he told a fib about eating his spinach""; ""how can I stop my child from tel"	core
fiber	14866889	CorpuscularObject	+		Fiber	Q1391831	Mx4rv-_l9JwpEbGdrcN5Y29ycA				a slender and greatly elongated substance capable of being spun into yarn	core
fiction	06367107	FictionalText	=		Fiction	Q8253					a literary work based on the imagination and not necessarily on fact	core
fictional-character	09587565	CognitiveAgent	+			Q95074					"an imaginary person represented in a work of fiction (play or film or story); ""she is the "	core
field	08569998	Field	=			Q188869					"a piece of land cleared of trees and usually enclosed; ""he planted a field of wheat"""	core
field-of-study	05996646	FieldOfStudy	=				Mx4rvVi3N5wpEbGdrcN5Y29ycA				"a branch of knowledge; ""in what discipline is his doctorate?""; ""teachers should be well tr"	core
fig	07753113	FruitOrVegetable	+			Q2746643	Mx8Ngh4rvVipdpwpEbGdrcN5Y29ycB4rvVijzJwpEbGdrcN5Y29ycA				fleshy sweet pear-shaped yellowish or purple multiple fruit eaten fresh or preserved or dr	core
fight	01170962	ViolentContest	=				Mx4rwASNK5wpEbGdrcN5Y29ycA				"the act of fighting; any contest or struggle; ""a fight broke out at the hockey game""; ""the"	core
figure	13331634	CurrencyMeasure	+								"an amount of money expressed numerically; ""a figure of $17 was suggested"""	core
file	03336839	FileDevice	=			Q193142					a steel hand tool with small sharp teeth on some or all of its surfaces; used for smoothin	core
file-cabinet	03337140	Artifact	+			Q1629107	Mx4rvViQjJwpEbGdrcN5Y29ycA				office furniture consisting of a container for keeping papers in order	core
film	06613686	MotionPicture	+			Q11424	Mx4rvVigx5wpEbGdrcN5Y29ycA				a form of entertainment that enacts a story by sound and a sequence of images giving the i	core
film.artifact	03338648	Substance	+								"a thin coating or layer; ""the table was covered with a film of dust"""	core
filter	03339643	Filter	=			Q1052692	Mx4rvVizJZwpEbGdrcN5Y29ycA				device that removes something from whatever passes through it	core
final-examination	07198276	TestForm	+								an examination administered at the end of an academic term	core
finance	01134037	FinancialTransaction	+		Finance						the management of money and credit and banking and investments	core
financial-document							Mx4rvViTJpwpEbGdrcN5Y29ycA					core
financial-sacrifice	13328073	CurrencyMeasure	+								"a loss entailed by giving up or selling something at less than its value; ""he had to sell "	core
finger	05566504	Finger	=			Q620207	Mx4rvVi_f5wpEbGdrcN5Y29ycA				"any of the terminal members of the hand (sometimes excepting the thumb); ""her fingers were"	core
fingernail	05581693	NailDigit	=			Q36864	Mx4rvVi4GJwpEbGdrcN5Y29ycA				horny plate covering and protecting part of the dorsal surface of the digits	core
finish	08567877	Region	+				Mx4rj5tcYCzGEdiUgwAH6RYvSQ				"the place designated as the end (as of a race or journey); ""a crowd assembled at the finis"	core
fire	03343560	Fireplace	+		Fire		Mx4rJVWDE7ZqEdmFRAACs6hRjg				"a fireplace in which a relatively small fire is burning; ""they sat by the fire and talked"""	core
fireman	10091651	Position	+			Q107711					a member of a fire department who tries to extinguish fires	core
firm	08059870	Corporation	=								"the members of a business organization that owns or operates one or more establishments; """	core
first-step	00239230	Maneuver	+								the first of a series of actions	core
fish	02512053	Fish	=			Q152					any of various mostly cold-blooded aquatic vertebrates usually having scales and breathing	core
fish-meat	07775375	FishMeat	+			Q600396					"the flesh of fish used as food; ""in Japan most fish is eaten raw""; ""after the scare about "	core
fisherman	10093658	OccupationalTrade	+			Q331432	Mx4rwQr9pZwpEbGdrcN5Y29ycA				someone whose occupation is catching fish	core
fist	05565064	Fist	=			Q16743864	Mx4rLbO4qsdSQdeFifC2J3K6kg				a hand with the fingers clenched in the palm (as for hitting)	core
fit	14406303	EmotionalState	+			Q1648544					"a display of bad temper; ""he had a fit""; ""she threw a tantrum""; ""he made a scene"""	core
fitness	14546432	SubjectiveAssessmentAttribute	+			Q309252					good physical condition; being in shape or in condition	core
fix	14409489	SubjectiveAssessmentAttribute	+								"informal terms for a difficult situation; ""he got into a terrible fix""; ""he made a muddle "	core
fixture	03354613	Artifact	+				Mx4rAvOITC9FQdiMfKr8Q7eybQ				an object firmly fixed in place (especially in a household)	core
flag	03354903	Flag	+		Flag	Q14660	Mx4rvViQupwpEbGdrcN5Y29ycA				emblem usually consisting of a rectangular piece of cloth of distinctive design	core
flak	06711159	Stating	+								"intense adverse criticism; ""Clinton directed his fire at the Republican Party""; ""the gover"	core
flame	13480848	Combustion	=			Q3196	Mx4rvVi8B5wpEbGdrcN5Y29ycA				the process of combustion of inflammable materials producing heat and light and (often) sm	core
flare	06874930	ContentBearingObject	+			Q628261					a burst of light used to communicate or illuminate	core
flash	03358172	Device	+			Q221836	Mx4rwPzqGpwpEbGdrcN5Y29ycA				a lamp for providing momentary light to take a photograph	core
flashlight	03359137	LightFixture	+			Q235783	Mx4rvVjc1pwpEbGdrcN5Y29ycA				a small portable battery-powered electric lamp	core
flat	03359950	Artifact	+								a deflated pneumatic tire	core
flatware	03361837	Device	+			Q1683099					silverware eating utensils	core
fleet	08293336	Fleet	+				Mx8Ngh4rwP1535wpEbGdrcN5Y29ycB4rwLzhaZwpEbGdrcN5Y29ycA				a group of steamships operating together under the same ownership	core
flesh	05268112	Tissue	+			Q13119823					the soft tissue of the body of a vertebrate: mainly muscle tissue and fat	core
flight	00301192	AirTransportation	+	schema:Flight		Q13583449					"a scheduled trip by plane between designated airports; ""I took the noon flight to Chicago"""	core
flock	07991169	Group	+			Q209542					a group of sheep or goats	core
flood	11454591	Flooding	=		Flood	Q5532837					"the rising of a body of water and its overflowing onto normally dry land; ""plains fertiliz"	core
floor	03365592	Floor	+				Mx4rvVj4k5wpEbGdrcN5Y29ycA				"the inside lower horizontal surface (as of a room, hallway, tent, or other structure); ""th"	core
flour	07569106	Flour	=			Q36465	Mx4rvVinyZwpEbGdrcN5Y29ycA				fine powdery foodstuff obtained by grinding and sifting the meal of a cereal grain	core
flower	11669921	FloweringPlant	+			Q886167					a plant cultivated for its blooms or blossoms	core
flowerpot	03991062	Container	+			Q869381					a container in which plants are cultivated	core
fluctuation	04770911	SubjectiveAssessmentAttribute	+			Q124711288	Mx4r70ZKzqODQdiQTraexehpuA				"the quality of being unsteady and subject to changes; ""he kept a record of price fluctuati"	core
fluid	14939445	PhysicalState	+			Q102205					continuous amorphous matter that tends to flow and to conform to the outline of its contai	core
fly	02190166	FlyInsect	+			Q25312	Mx4rvVjaGZwpEbGdrcN5Y29ycA				two-winged insects characterized by active flight	core
foe	10055847	SocialRole	+			Q289891					"an armed adversary (especially a member of an opposing military force); ""a soldier must be"	core
fog	11458314	Fog	=			Q37477					droplets of water vapor suspended in the air near the ground	core
fold	13907415	ShapeAttribute	+			Q36382449					"an angular or rounded shape made by folding; ""a fold in the napkin""; ""a crease in his trou"	core
folk	07947255	Human	+								"people in general (often used in the plural); ""they're just country folk""; ""folks around h"	core
folk-music	07060167	FolkMusic	=		Folk_music	Q235858					the traditional and typically anonymous music that is an expression of the life of people 	core
folklore	05985602	FictionalText	=		Folklore	Q36192					the unwritten lore (stories and proverbs and riddles and songs) of a culture	core
fond-regard	07545161	CompanionateLove	+			Q909609					a feeling of affection for a person or an institution	core
food	00021265	Food	=		Food	Q2095					any substance that can be metabolized by an animal to give energy and build tissue	core
fool	10100761	Human	+								a person who lacks good judgment	core
foot	05563266	Foot	+			Q15807	Mx4rvVi-k5wpEbGdrcN5Y29ycA				"the part of the leg of a human being below the ankle joint; ""his bare feet projected from "	core
football	00468480	Football	+								any of various games played with a ball (round or oval) in which two teams try to kick or 	core
footstep	13757249	LengthMeasure	+								"the distance covered by a step; ""he stepped off ten paces from the old tree and began to d"	core
foray	00976953	Raid	=			Q476807					a sudden short attack	core
force	05035353	FunctionQuantity	+			Q2066956					"physical energy or intensity; ""he hit with all the force he could muster""; ""it was destroy"	core
foreigner	10103485	SocialRole	+								a person who comes from a foreign country; someone who does not owe allegiance to your cou	core
foreman	10104209	Position	+			Q1424726	Mx4rvWYaL5wpEbGdrcN5Y29ycA				"a person who exercises control over workers; ""if you want to leave early you have to ask t"	core
forest	09284015	Forest	=		Forest	Q3241565	Mx4rwVAaWpwpEbGdrcN5Y29ycA				land that is covered with trees and shrubs	core
forestry	06071934	FieldOfStudy	@		Forestry	Q38112	Mx4rvpgeapwpEbGdrcN5Y29ycA				the science of planting and caring for forests and the management of growing timber	core
fork	03383948	Tableware	+			Q81881	Mx4rvVinX5wpEbGdrcN5Y29ycA				cutlery used for serving and eating food	core
form	06473563	Text	+			Q1335296	Mx4rvvIjwZwpEbGdrcN5Y29ycA				"a printed document with spaces in which to write; ""he filled out his tax form"""	core
formal-address	07238694	Lecture	=								"the act of delivering a formal spoken communication to an audience; ""he listened to an add"	core
formal-application	06512580	Application	=								"a verbal or written request for assistance or employment or admission to a school; ""Decemb"	core
formal-proof	06647614	ContentBearingObject	+								a formal series of statements showing that if one thing is true something else necessarily	core
formal-science												core
format	06636806	ContentDevelopment	+								the organization of information according to preset specifications (usually for computer p	core
formation	03385117	Artifact	+								a particular spatial arrangement	core
formula	06732013	Text	+		Formula	Q976981					a conventionalized statement expressing some fundamental principle	core
forte	05159225	SubjectiveAssessmentAttribute	+								"an asset of special worth or utility; ""cooking is his forte"""	core
fortune	13370938	SubjectiveAssessmentAttribute	+								a large amount of wealth or prosperity	core
forum	08309754	Meeting	+			Q1062780					a public meeting or assembly for open discussion	core
fossil	09284589	Object	+		Fossil		Mx4rwFdI3ZwpEbGdrcN5Y29ycA				the remains (or an impression) of a plant or animal that existed in a past geological age 	core
foundation	08406486	NonprofitOrganization	+								an institution supported by an endowment	core
foundation.relation	13790712	SubjectiveAssessmentAttribute	+								"the basis on which something is grounded; ""there is little foundation for his objections"""	core
fountain	03387815	Device	+		Fountain	Q483453					a plumbing fixture that provides a flow of water	core
fox	02118333	Fox	+			Q8331	Mx4rvVi-h5wpEbGdrcN5Y29ycA				alert carnivorous mammal with pointed muzzle and ears and a bushy tail; most are predators	core
fraction	13732078	DivisionFn	+			Q66055					the quotient of two rational numbers	core
fracture	14292090	Injuring	+			Q68833					"breaking of hard tissue such as bone; ""it was a nasty fracture""; ""the break seems to have "	core
fragment	09285254	Object	+								"a piece broken off or cut off of something else; ""a fragment of rock"""	core
franchise	08060193	Corporation	+				Mx4r4QiLYCxMQdiUxYyN0h-ahA				a business established or operated under an authorization to sell or distribute a company'	core
frank	07676602	PreparedFood	+			Q181055					a smooth-textured sausage of minced beef or pork usually smoked; often served on a bread r	core
fraud	00753685	Pretending	+		Fraud	Q190084	Mx4rv_TRaJwpEbGdrcN5Y29ycA				something intended to deceive; deliberate trickery intended to gain an advantage	core
freak	10109443	SubjectiveAssessmentAttribute	+			Q735011					a person or animal that is markedly unusual or deformed	core
freckle	05245192	AnatomicalStructure	+			Q187882	Mx4rvVjgRpwpEbGdrcN5Y29ycA				a small brownish spot (of the pigment melanin) on the skin	core
free-fall	07362386	Motion	+								"a free and rapid descent by the force of gravity; ""it was a miracle that he survived the d"	core
freedom	13991823	SubjectiveAssessmentAttribute	=				Mx4rwP1s0JwpEbGdrcN5Y29ycA				the condition of being free; the power to act or speak or think without externally imposed	core
freeze	01063697	Motion	[								"an interruption or temporary suspension of progress or movement; ""a halt in the arms race"""	core
freight	01106272	TransportationService	+			Q651658	Mx4roiI7oC9MQdiQif2HHFmVIA				transporting goods commercially at rates cheaper than express rates	core
frequency	15278281	TimeDependentQuantity	+				Mx4rvVj61JwpEbGdrcN5Y29ycA				"the number of occurrences within a given time period; ""the frequency of modulation was 40 "	core
frequency-band	06260518	Collection	+								a range of frequencies between two limits	core
freshman	10111688	CollegeFreshman	=			Q13883551					a first-year undergraduate	core
friend	09785042	SocialRole	+			Q17297777					"an associate who provides cooperation or assistance; ""he's a good ally in fight"""	core
friendship	13931145	SocialInteraction	+			Q491					the state of being friends (or friendly)	core
frog	01639765	Toad	+			Q146375	Mx4rvVjcS5wpEbGdrcN5Y29ycA				any of various tailless stout-bodied amphibians with long hind limbs for leaping; semiaqua	core
front	03398467	FrontFn	=								the side that is seen or that goes first	core
fruit	07705931	FruitOrVegetable	+		Fruit	Q1364					edible reproductive body of a seed plant especially one having sweet flesh	core
frustration	07540866	Unhappiness	+			Q192242	Mx4rvVi1hpwpEbGdrcN5Y29ycA				the feeling that accompanies an experience of being thwarted in attaining your goals	core
fuel	14875077	Fuel	+		Fuel	Q42501					"a substance that can be consumed to produce energy; ""more fuel is needed during the winter"	core
fun	00429949	RecreationOrExercise	+			Q1255864	Mx4rvViRVJwpEbGdrcN5Y29ycA				"activities that are enjoyable or amusing; ""I do it for the fun of it""; ""he is fun to have "	core
function	13783816	Function	+			Q11348	Mx4rvVxAsJwpEbGdrcN5Y29ycA	BFO_0000034			(mathematics) a mathematical relation such that each element of a given set (the domain of	core
functioning	13525549	Process	+								"process or manner of functioning or operating; ""the power of its engine determines its ope"	core
fund	13358549	DepositAccount	+								a reserve of money set aside for some purpose	core
fundamental-law	06533648	Law	+			Q7755	Mx4rGH9VFrvUEdmAAAACs6hRjg				law determining the fundamental political principles of a government	core
funeral	07451463	Funeral	=		Funeral	Q201676					"a ceremony at which a dead person is buried or cremated; ""hundreds of people attended his "	core
fungus	12992868	Fungus	=		Fungus	Q764	Mx4rvViZCZwpEbGdrcN5Y29ycA				an organism of the kingdom Fungi lacking chlorophyll and feeding on organic matter; rangin	core
fur	14764061	Pelt	=		Fur	Q197204	Mx4rvViB75wpEbGdrcN5Y29ycA				the dressed hairy coat of a mammal	core
furniture	03405725	Furniture	=		Furniture	Q14745	Mx4rvVjQHZwpEbGdrcN5Y29ycA				"furnishings that make a room or other area ready for occupancy; ""they had too much furnitu"	core
fury	07516997	Fury	=			Q153641	Mx4rvpkt9pwpEbGdrcN5Y29ycA				"a feeling of intense anger; ""hell hath no fury like a woman scorned""; ""his face turned red"	core
future	15121625	FutureFn	=			Q344					the time yet to come	core
galaxy	08271042	Collection	+		Galaxy	Q318	Mx4rwPurL5wpEbGdrcN5Y29ycA				(astronomy) a collection of star systems; any of the billions of systems each having many 	core
gallery	03412058	ArtMuseum	+			Q207694					a room or series of rooms where works of art are exhibited	core
game	00455599	Game	=	schema:Game	Game	Q11410	Mx4rvkS9GZwpEbGdrcN5Y29ycA				"a contest with rules to determine a winner; ""you need four people to play this game"""	core
game-move	00166172	Maneuver	+								(game) a player's turn to take some action permitted by the rules of the game	core
game-rule	06788897	Procedure	+								"directions that define the way a game or sport is to be conducted; ""he knew the rules of c"	core
gap	03416329	Hole	+								"a narrow opening; ""he opened the window a crack"""	core
garage	03416489	Garage	=			Q22733	Mx4rvVixa5wpEbGdrcN5Y29ycA				an outbuilding (or part of a building) for housing automobiles	core
garbage	14857151	SelfConnectedObject	+			Q18919	Mx4rvVjLDpwpEbGdrcN5Y29ycA				food that is discarded (as from a kitchen)	core
garden	08439808	Plant	+		Garden	Q1107656	Mx4rvVjv75wpEbGdrcN5Y29ycA				the flowers or vegetables or fruits or herbs that are cultivated in a garden	core
garden-bed	02819474	CultivatedLandArea	+								"a plot of ground in which plants are growing; ""the gardener planted a bed of roses"""	core
garlic	07818277	Garlic	=			Q21546392	Mx4rvtEHupwpEbGdrcN5Y29ycA				aromatic bulb used as seasoning	core
gas	14481080	Gas	=		Gas	Q11432					the state of matter distinguished from the solid and liquid states by: relatively low dens	core
gash	14287113	Injuring	+			Q4372969					"a wound made by cutting; ""he put a bandage over the cut"""	core
gasoline	14686913	Gasoline	+			Q39558	Mx4rvVjxdpwpEbGdrcN5Y29ycA				a volatile flammable mixture of hydrocarbons (hexane and heptane and octane etc.) derived 	core
gate	03427296	Door	=		Gate	Q53060	Mx4rwQB8kpwpEbGdrcN5Y29ycA				a movable barrier in a fence or wall	core
gaze	00878648	Looking	+								"a long fixed look; ""he fixed his paternal gaze on me"""	core
gear	03431243	EngineeringComponent	+								a mechanism for transmitting motion for some specific purpose (as the steering gear of a v	core
gear-tooth	04453037	Artifact	+								one of a number of uniform projections on a gear	core
gem	14699752	Gemstone	=				Mx4rwQCKX5wpEbGdrcN5Y29ycA				"a crystalline rock that can be cut and polished for jewelry; ""he had the gem set in a ring"	core
gene	05436752	Molecule	+	schema:Gene	Gene	Q7187					(genetics) a segment of DNA that is involved in producing a polypeptide chain; it can incl	core
general	10123844	CommissionedOfficerRank	+			Q83460					a general officer of the highest rank	core
genius	10126926	Human	+			Q185030	Mx4rdzpz-ieEQdiAPbDOQBIJ2Q				"someone who has exceptional intellectual ability and originality; ""Mozart was a child geni"	core
gentleman	10127273	Man	+								a man of refinement	core
geographic-pole	08620881	GeographicArea	+								one of two antipodal points where the Earth's axis of rotation intersects the Earth's surf	core
geography	06122178	Geography	=			Q1071					study of the earth's surface; includes people's responses to topography and climate and so	core
geometric-base	13897837	LineFormation	+								"the bottom side of a geometric figure from which the altitude can be constructed; ""the bas"	core
gesture	00334509	Gesture	=		Gesture	Q371174	Mx4rvVkMBZwpEbGdrcN5Y29ycA				motion of hands or body to emphasize or help to express a thought or feeling	core
ghost	09545976	CognitiveAgent	+		Ghost	Q5557038	Mx4rv4IgpZwpEbGdrcN5Y29ycA				the visible disembodied soul of a dead person	core
ghostwriter	10128748	Writer	+			Q623386					a writer who gives the credit of authorship to someone else	core
giant	10129133	Human	+		Giant	Q191192	Mx4rvuMG85wpEbGdrcN5Y29ycA				a very large person; impressive in size or qualities	core
gift	13265011	UnilateralGiving	+		Gift	Q184303					something acquired without compensation	core
girlfriend	10130686	Woman	+			Q49835					"a girl or young woman with whom a man is romantically involved; ""his girlfriend kicked him"	core
glacier	09289331	Glacier	=		Glacier	Q35666	Mx4rvgD8xJwpEbGdrcN5Y29ycA				a slowly moving mass of ice	core
glance	00877625	Looking	+								a quick look	core
glass	03438257	Cup	=		Glass	Q10862987					a container for holding liquids while drinking	core
glass-material	14881303	Glass	=			Q11469					a brittle transparent solid with irregular atomic structure	core
glimpse	05934396	Seeing	+								"a brief or incomplete view; ""from the window he could catch a glimpse of the lake"""	core
globe	13899404	Sphere	+		Globe	Q838611	Mx4rv20LeJwpEbGdrcN5Y29ycA				"an object with a spherical shape; ""a ball of fire"""	core
gloom	14525365	SubjectiveAssessmentAttribute	+			Q5571261					"an atmosphere of depression and melancholy; ""gloom pervaded the office"""	core
glory	14437134	SubjectiveAssessmentAttribute	+								"a state of high honor; ""he valued glory above life itself"""	core
glove	03441112	Glove	+			Q169031	Mx4rvViztpwpEbGdrcN5Y29ycA				handwear: covers the hand and wrist	core
glow	11463544	RadiatingVisibleLight	+				Mx4rmBMGkHS8EdaAAACgyZzFrg				a steady even light without flames	core
glue	14702875	Substance	+			Q131790	Mx4rvViXM5wpEbGdrcN5Y29ycA				cement consisting of a sticky substance that is used as an adhesive	core
goal	05980875	Entity	+			Q4503831				Goal	the state of affairs that a plan is intended to achieve and that (when achieved) terminate	core
goalkeeper	10134001	SportsPosition	+			Q172964					the soccer or hockey player assigned to protect the goal	core
goalposts	03442756	GameGoal	=			Q124069430					game equipment consisting of the place toward which players of a game try to advance a bal	core
goat	02416519	Goat	=			Q2934	Mx4rvVjiuZwpEbGdrcN5Y29ycA				any of numerous agile ruminants related to sheep but having a beard and straight horns	core
gold	14638799	Gold	=			Q897					a soft yellow malleable ductile (trivalent and univalent) metallic element; occurs mainly 	core
golf	00464894	Golf	=			Q5377					a game played on a large open course with 9 or 18 holes; the object is use as few strokes 	core
good	04849241	SubjectiveAssessmentAttribute	+			Q65279480					"moral excellence or admirableness; ""there is much good to be found in people"""	core
good-name	14438788	SubjectiveAssessmentAttribute	+								"a person's reputation; ""he wanted to protect his good name"""	core
good-repute	14438693	SubjectiveAssessmentAttribute	+								"good repute; ""he is a man of character"""	core
good-will	04640356	TraitAttribute	+				Mx4rwTs-LJwpEbGdrcN5Y29ycA				"a disposition to kindness and compassion; ""the victor's grace in treating the vanquished"""	core
gossip	07223170	Communication	+			Q854648					"a report (often malicious) about the behavior of other people; ""the divorce caused much go"	core
government	08050678	Government	=		Government	Q640506					"the organization that is the governing authority of a political unit; ""the government redu"	core
government-administrator	09770472	Position	+								someone who manages a government agency or department	core
government-cabinet	08381820	GovernmentCabinet	+			Q640506					persons appointed by a head of state to head executive departments of government and act a	core
governor	10140314	Governor	+		Governor	Q132050	Mx4rvfxNJZwpEbGdrcN5Y29ycA				the head of a state government	core
gown	03450516	Clothing	+			Q345127	Mx4rwPRr4ZwpEbGdrcN5Y29ycA				outerwear consisting of a long flowing garment used for official or ceremonial occasions	core
grace	05003590	SubjectiveAssessmentAttribute	+			Q1668249					"elegance and beauty of movement or expression; ""a beautiful figure which she used in subtl"	core
gradation	14429608	Attribute	+								"relative position in a graded series; ""always a step behind""; ""subtle gradations in color"""	core
grade	05068716	PlaneAngleMeasure	+								"the gradient of a slope or road or other surface; ""the road had a steep grade"""	core
grain	07802417	CerealGrain	=			Q2995529					foodstuff prepared from the starchy grains of cereal grasses	core
grain.object	09290777	SelfConnectedObject	+								"a relatively small granular particle of a substance; ""a grain of sand""; ""a grain of sugar"""	core
grammar	06174404	FieldOfStudy	@		Grammar	Q8091					the branch of linguistics that deals with syntax and morphology (and sometimes also deals 	core
grandfather	10142391	BiologicalAttribute	+			Q9238344					the father of your father or mother	core
grandma	10142747	BiologicalAttribute	+								the mother of your father or mother	core
grant	13266892	Funding	+	schema:Grant			Mx4ruolPJMdJEduAAADggVbxzQ				any monetary aid	core
graph	07000195	Icon	+			Q141488					a visual representation of the relations between certain quantities plotted with reference	core
graphics	03453985	ArtWork	+		Graphics						the drawings and photographs in the layout of a book	core
grass	12102133	Grass	=			Q643352					narrow-leaved green herbage: grown as lawns; used as pasture for grazing animals; cut and 	core
gratuity	13298701	CurrencyMeasure	+			Q305459					a relatively small amount of money given for services rendered (as by a waiter)	core
grave	03455033	Tomb	+		Grave	Q173387	Mx4rwPzRXJwpEbGdrcN5Y29ycA				a place for the burial of a corpse (especially beneath the ground and marked by a tombston	core
gravel	14698884	Gravel	=			Q133833	Mx4rvkJBEpwpEbGdrcN5Y29ycA				rock fragments and pebbles	core
graveness	04647478	TraitAttribute	+								a manner that is serious and solemn	core
gravity	11464143	Radiating	+								(physics) the force of attraction between all masses in the universe; especially the attra	core
green	04967191	Green	+			Q2634857	Mx4r-yLWNnS_EdaAAACgyZzFrg				green color or pigment; resembling the color of growing grass	core
greenhouse	03457902	Building	+		Greenhouse	Q165044	Mx4rvVicgpwpEbGdrcN5Y29ycA				a building with glass walls and roof; for the cultivation and exhibition of plants under c	core
greeting	06630017	Greeting	+		Greeting		Mx4rvVjNvZwpEbGdrcN5Y29ycA				(usually plural) an acknowledgment or expression of good will (especially on meeting)	core
greeting-card	06627006	GreetingCard	=			Q5038191	Mx4rvVinbZwpEbGdrcN5Y29ycA				a rectangular piece of stiff paper used to send messages (may have printed greetings or pi	core
grief	07535010	Grief	=			Q1026040	Mx4rvVjTZ5wpEbGdrcN5Y29ycA				intense sorrow caused by loss of a loved one (especially by death)	core
grimace	06877578	BodyMotion	+			Q327968	Mx4rvVjFU5wpEbGdrcN5Y29ycA				"a contorted facial expression; ""she made a grimace at the prospect"""	core
grinder	07697825	Sandwich	+			Q5192125	Mx4rvVjHqJwpEbGdrcN5Y29ycA				a large sandwich made of a long crusty roll split lengthwise and filled with meats and che	core
grip	05194874	SubjectiveAssessmentAttribute	+			Q3274496	Mx4rvVim3pwpEbGdrcN5Y29ycA				"an intellectual hold or understanding; ""a good grip on French history""; ""they kept a firm "	core
grocery-store	03461385	GroceryStore	=	schema:GroceryStore	GroceryStore	Q1295201	Mx4rvVjDcpwpEbGdrcN5Y29ycA				"a marketplace where groceries are sold; ""the grocery store included a meat market"""	core
ground	05933834	Icon	+			Q6501125	Mx4rwPuiRJwpEbGdrcN5Y29ycA				"the part of a scene (or picture) that lies behind objects in the foreground; ""he posed her"	core
group	00031264	Group	=			Q16887380				Group	any number of entities (members) considered as a unit	core
growth	13489037	Growth	=			Q2843407					(biology) the process of an individual organism growing organically; a purely biological u	core
grudge	07549536	Anger	+								"a resentment strong enough to justify retaliation; ""holding a grudge""; ""settling a score"""	core
guarantee	06685456	Warranty	=								a written assurance that some product or service will be provided or will meet certain spe	core
guard	10150071	Position	+			Q680928	Mx4rvViYBZwpEbGdrcN5Y29ycA				a person who keeps watch over something or someone	core
guard-unit	08215603	Group	+			Q6544830					a military unit serving to protect some place or person	core
guerrilla	10150556	Human	+			Q80895	Mx4rowujBB7AQdiWtfaLp2Z13Q				a member of an irregular armed force that fights a stronger force by sabotage and harassme	core
guess	06782680	Proposition	+			Q41719					a message expressing an opinion based on incomplete evidence	core
guest	10150940	SocialRole	+								a visitor to whom hospitality is extended	core
guidance	06650701	Directing	+								something that provides direction or advice as to a decision or course of action	core
guide	10151570	SocialRole	+	schema:Guide		Q1039099					someone who shows the way by leading or advising	core
guidebook	06422740	GuideBook	=			Q223638					something that offers basic information or instruction	core
guidepost	05848541	NormativeAttribute	+				Mx4rvVi2opwpEbGdrcN5Y29ycA				a rule or principle that provides guidance to appropriate behavior	core
guilt	13990675	SubjectiveAssessmentAttribute	+			Q705178	Mx4rvVjhTZwpEbGdrcN5Y29ycA				the state of having committed an offense	core
guinea-pig	10668666	Entity	+				Mx4rvz4dk5wpEbGdrcN5Y29ycA				a person who is subjected to experimental or other observational procedures; someone who i	core
guitar	03467517	Guitar	=		Guitar	Q6607	Mx4rwQrsppwpEbGdrcN5Y29ycA				a stringed instrument usually having six strings; played by strumming or plucking	core
gun	03467984	Gun	=			Q110155210	Mx4rwQBuo5wpEbGdrcN5Y29ycA				a weapon that discharges a missile at high velocity (especially from a metal tube or barre	core
gun-barrel	02795528	GunBarrel	+			Q487192	Mx4rvWNnOpwpEbGdrcN5Y29ycA				a tube through which a bullet travels when a gun is fired	core
gutter	03471473	Device	+			Q152833	Mx4rvViNKJwpEbGdrcN5Y29ycA				a channel along the eaves or on the roof; collects and carries away rainwater	core
habit	05669034	SubjectiveAssessmentAttribute	+				Mx4rvgH0P5wpEbGdrcN5Y29ycA				"an established custom; ""it was their habit to dine at 7 every evening"""	core
habitat	08580583	GeographicArea	+		Habitat	Q52105	Mx4rvVj5GpwpEbGdrcN5Y29ycA				"the type of environment in which an organism or group normally lives or occurs; ""a marine "	core
hair	05254795	Hair	=			Q28472					a covering for the body (or parts of it) consisting of a dense growth of threadlike struct	core
haircut	05257593	Hair	+			Q327496	Mx4rvViw4JwpEbGdrcN5Y29ycA				the style in which hair has been cut	core
hall	03478756	Building	+		Hall		Mx4rwQBczJwpEbGdrcN5Y29ycA				a large building for meetings or entertainment	core
hallway	03479952	Hallway	=			Q31948	Mx4rvVieuJwpEbGdrcN5Y29ycA				"an interior passage or corridor onto which rooms open; ""the elevators were at the end of t"	core
ham	07669891	Pork	+			Q170486	Mx4rvyd82pwpEbGdrcN5Y29ycA				meat cut from the thigh of a hog (usually smoked)	core
hammer	03481172	Hammer	=			Q25294					a hand tool with a heavy rigid head and a handle; used to deliver an impulsive force by st	core
hand	01208460	Cooperation	+				Mx4rvViGVZwpEbGdrcN5Y29ycA				"physical assistance; ""give me a hand with the chores"""	core
handbag	02774152	Bag	+			Q1323314	Mx4rvdNDBZwpEbGdrcN5Y29ycA				a container used for carrying money and small personal items or accessories (especially by	core
handcart	03484083	AgentPoweredVehicle	+			Q1754713					"wheeled vehicle that can be pushed by a person; may have one or two or four wheels; ""he us"	core
hardware	03493333	ComputerHardware	=			Q3966	Mx4rvVjAYJwpEbGdrcN5Y29ycA				(computer science) the mechanical, magnetic, electronic, and electrical components making 	core
harmony	04713118	SubjectiveAssessmentAttribute	+			Q184421					compatibility in opinion and action	core
harvest	00921790	Putting	+			Q213753					the season for gathering crops	core
haste	00555648	Motion	+								"the act of moving hurriedly and in a careless manner; ""in his haste to leave he forgot his"	core
hat	03497657	Hat	+		Hat	Q80151	Mx4rvVilJZwpEbGdrcN5Y29ycA				headdress that protects the head from bad weather; has shaped crown and usually a brim	core
hay	07802026	Hay	=			Q336989	Mx4rwPR0VZwpEbGdrcN5Y29ycA				grass mowed and cured for use as fodder	core
hayfield	08570634	Field	+			Q7777019					a field where grass or alfalfa are grown to be made into hay	core
head	03501811	Object	+			Q257418	Mx4rvVi6YJwpEbGdrcN5Y29ycA				(usually plural) the obverse side of a coin that usually bears the representation of a per	core
head-covering	03502331	Clothing	+			Q6497446					a garment that covers the head and face	core
headline	06344461	Text	+			Q1313396	Mx4rZK0ZThxjQdiUds6PuQMOhw				the heading or caption of a newspaper article	core
headquarters	03504723	Organization	+		Headquarters	Q1530704					"(usually plural) the office that serves as the administrative center of an enterprise; ""ma"	core
headroom	13778261	PhysicalAttribute	+								vertical space available to allow easy passage under something	core
health	14447908	BiologicalAttribute	+								"a healthy state of wellbeing free from disease; ""physicians should be held responsible for"	core
health-condition	13923779	Attribute	+								"the general condition of body and mind; ""his delicate health""; ""in poor health"""	core
heart	05388805	Heart	+			Q1072					the hollow muscular organ located behind the sternum and between the lungs; its rhythmic c	core
heart-card	03507048	Artifact	+			Q3419242					"a playing card in the major suit that has one or more red hearts on it; ""he led the queen "	core
heart-shape	13865904	ShapeAttribute	+			Q826930					a plane figure with rounded sides curving inward at the top and intersecting at the bottom	core
heat	04628192	TemperatureMeasure	+			Q44432					the trait of being intensely emotional	core
heated-exchange	07134706	Debating	+								"a mutual expression of views (especially an unpleasant one); ""they had a bitter exchange"""	core
heating-system	03509025	RoomHeater	+			Q843596					"utility to warm a building; ""the heating system wasn't working""; ""they have radiant heatin"	core
hedge	03511175	Artifact	+			Q235779	Mx4rvgEUO5wpEbGdrcN5Y29ycA				a fence formed by a row of closely planted shrubs or bushes	core
heel	05578095	Foot	+			Q174647	Mx4rvVjBmpwpEbGdrcN5Y29ycA				the back part of the human foot	core
heir	10168584	SocialRole	+			Q5739218	Mx4rJaRAEjACQdic4opM09m7Bw				a person who is entitled by law or by the terms of a will to inherit the estate of another	core
helicopter	03512147	Helicopter	=		Helicopter	Q34486	Mx4rvViuEJwpEbGdrcN5Y29ycA				an aircraft without wings that obtains its lift from the rotation of overhead blades	core
hell	05629381	Region	@			Q1521549					"(religion) the world of the dead; ""No one goes to Hades with all his immense wealth""-Theog"	core
helmet	03513137	Helmet	=		Helmet	Q173603	Mx4rvVi1oJwpEbGdrcN5Y29ycA				a protective headgear made of hard material to resist blows	core
helping	07578363	Food	+								"an individual quantity of food or drink taken as part of a meal; ""the helpings were all sm"	core
hemisphere	08583095	Hemisphere	+			Q399984					half of the terrestrial globe	core
hen	01792640	Hen	=								adult female chicken	core
herb	07811416	FruitOrVegetable	+			Q207123	Mx4rvWmPL5wpEbGdrcN5Y29ycA				aromatic potherb used in cookery for its savory qualities	core
herd	07994331	GroupOfAnimals	+			Q209542	Mx4rBhQzeDAIQdiLCaYOmt1_Hg				a group of cattle or sheep or other domestic mammals all of the same kind that are herded 	core
here-and-now	15120050	TimePoint	+								"at this time; ""the disappointments of the here and now""; ""she is studying at the moment"""	core
hero	10325013	SubjectiveAssessmentAttribute	=			Q162244	Mx8Ngh4rvszjQ5wpEbGdrcN5Y29ycA2DHiu9WOR2nCkRsZ2tw3ljb3JwHiuCzSswywgR2YAAAAKzqFGOHiu9WNahnCkRsZ2tw3ljb3Jw				"a man distinguished by exceptional courage and nobility and strength; ""RAF pilots were the"	core
heroin	03516011	Heroin	=			Q60168	Mx4rv-as85wpEbGdrcN5Y29ycA				a narcotic that is considered a hard drug; a highly addictive morphine derivative; intrave	core
hide	01895735	Skin	+				Mx4rwDNtapwpEbGdrcN5Y29ycA				body covering of a living animal	core
hideaway	03517647	Region	+								an area where you can be alone	core
hierarchy	08376051	Organization	+		Hierarchy	Q3138724					the organization of people at different ranks in an administrative body	core
highlight	13810141	SubjectiveAssessmentAttribute	+								"the most interesting or memorable part; ""the highlight of the tour was our visit to the Va"	core
hill	09303008	Hill	=		Hill	Q54050	Mx4rvgEUypwpEbGdrcN5Y29ycA				"a local and well-defined elevation of the land; ""they loved to roam the hills of West Virg"	core
hindrance	03520811	Object	+								any obstruction that impedes or is burdensome	core
hip	05556325	BodyPart	+			Q193818	Mx4rvVjhy5wpEbGdrcN5Y29ycA				either side of the body below the waist and above the thigh	core
hired-hand	10176679	FarmHand	=								"a hired laborer on a farm or ranch; ""the hired hand fixed the railing""; ""a ranch hand"""	core
historian	10177150	Historian	=		Historian	Q201788					a person who is an authority on history and who studies it and writes about it	core
historic-period	15254028	TimeInterval	+				Mx4rwEaQFpwpEbGdrcN5Y29ycA				"an era of history having some distinctive feature; ""we live in a litigious age"""	core
history	06155567	History	=		History	Q309	Mx4rvViJNJwpEbGdrcN5Y29ycA	BFO_0000182			"the discipline that records and interprets past events involving human beings; ""he teaches"	core
history.time	15121406	PastFn	=								"the aggregate of past events; ""a critical time in the school's history"""	core
hog	02395406	Pig	=			Q787					domestic swine	core
hole	09304465	Hole	=			Q20204151					an opening into or through something	core
holiday	15183428	Holiday	+		Holiday	Q1445650	Mx4rvViptZwpEbGdrcN5Y29ycA				"a day on which work is suspended by law or custom; ""no mail is delivered on federal holida"	core
home	03528100	CareOrganization	+		Home	Q837142	Mx4rvVjmiZwpEbGdrcN5Y29ycA				"an institution where people are cared for; ""a home for the elderly"""	core
homecoming	00051192	Returning	+								"a coming to or returning home; ""on his return from Australia we gave him a welcoming party"	core
honey	07858978	Honey	=			Q10987	Mx4rvVkFbZwpEbGdrcN5Y29ycA				a sweet yellow liquid produced by bees	core
honor	04869106	SubjectiveAssessmentAttribute	+			Q207333					"the quality of being honorable and having a good name; ""a man of honor"""	core
honour	14436875	SubjectiveAssessmentAttribute	+			Q207333					the state of being honored	core
hook	03532342	Device	+				Mx4rvVkA_JwpEbGdrcN5Y29ycA				a curved or bent implement for suspending or pulling something	core
hoop	03533972	Artifact	+				Mx4rG_Z8dCeNQdib1a_HivbXtw				a rigid circular band of metal or wood or other material used for holding or fastening or 	core
hope	07541053	Hope	=				Mx4rvViJspwpEbGdrcN5Y29ycA				"the general feeling that some desire will be fulfilled; ""in spite of his troubles he never"	core
hopeful-anticipation	14486122	Proposition	+			Q255266					anticipating with confidence of fulfillment	core
horizon	08585657	Region	+			Q17364354	Mx4rvgDvE5wpEbGdrcN5Y29ycA				the line at which the sky and Earth appear to meet	core
horizontal-bar	02790154	Device	+			Q623270	Mx4rvViYr5wpEbGdrcN5Y29ycA				a horizontal rod that serves as a support for gymnasts as they perform exercises	core
horn	01325417	Horn	=			Q65284752	Mx4rvVjfxJwpEbGdrcN5Y29ycA				one of the bony outgrowths on the heads of certain ungulates	core
horoscope	06749594	Stating	+			Q188518	Mx4rwPfNGpwpEbGdrcN5Y29ycA				a prediction of someone's future based on the relative positions of the planets	core
horse	02374451	Horse	=		Horse	Q726	Mx4rwQBg3ZwpEbGdrcN5Y29ycA				solid-hoofed herbivorous quadruped domesticated since prehistoric times	core
horseshoe	03539433	Artifact	+			Q11175795	Mx4rsj2dpr2mEdmAAAACs6hRjg				U-shaped plate nailed to underside of horse's hoof	core
hospital	03540595	HospitalBuilding	=	schema:Hospital	Hospital	Q16917					a health facility where patients receive treatment	core
host	10187130	SocialRole	+			Q1495428					a person who invites guests to a social event (such as a party in his or her own home) and	core
hostage	10187557	SocialRole	+			Q192620					a prisoner who is held by one party to insure that another party will meet specified terms	core
hostel	03541696	HotelBuilding	+	schema:Hostel	Hostel	Q256020	Mx8NhB4rcacO5KgcQdidVfCUDYB6bg-GaG9zdGVsHiu9ZdiAnCkRsZ2tw3ljb3JwD6Q4MTZkNzg0Ni0xN2IwLTQxZDktOWJlNC05ODg0Mjc3NDhhYWY				a hotel providing overnight lodging for travelers	core
hostility	13980288	SubjectiveAssessmentAttribute	+			Q2729863	Mx4rwPSE65wpEbGdrcN5Y29ycA				a state of deep-seated ill-will	core
hotel	03542333	HotelBuilding	=	schema:Hotel	Hotel	Q27686					a building where travelers can pay for lodging and meals and other services	core
hour	15227846	HourDuration	=		Hour	Q25235					"a period of time equal to 1/24th of a day; ""the job will take more than an hour"""	core
house	03544360	House	=	schema:House	House	Q3947	Mx4rvVih-5wpEbGdrcN5Y29ycA				"a dwelling that serves as living quarters for one or more families; ""he has a house on Cap"	core
houseplant	13083023	FloweringPlant	+			Q203834					any of a variety of plants grown indoors for decorative purposes	core
housewife	10189776	Housewife	+			Q38126150					a wife who manages a household while her husband earns the family income	core
housing	03546340	Building	+			Q11326220	Mx4rPxTuyri5EdmAAAACs6hRjg				structures collectively in which people are housed	core
hovel	03547054	Building	+			Q182676					small crude shelter used as a dwelling	core
human	02472293	Hominid	=		Human	Q171283	Mx4rIcwFloGUQdeMlsOWYLFB2w				any living or extinct member of the family Hominidae characterized by superior intelligenc	core
human-body	05217168		=			Q23852					"alternative names for the body of a human being; ""Leonardo studied the human body""; ""he ha"	core
humanities	06153846	FieldOfStudy	@			Q80083					studies intended to provide general knowledge and intellectual skills (rather than occupat	core
humanness	04726938	Human	+								"the quality of being human; ""he feared the speedy decline of all manhood"""	core
humor	04650201	TraitAttribute	+								"the trait of appreciating (and being able to express) the humorous; ""she didn't appreciate"	core
hunt	00452293	Hunting	+			Q36963					the pursuit and killing or capture of wild animals regarded as a sport	core
hunter	10193026	Human	+			Q1714828	Mx4rnO_PylYaEdqAAAACs71DGQ				someone who hunts game	core
hunting-expedition	00309906	Translocation	+			Q849944					an overland journey by hunters (especially in Africa)	core
husband	10193967	SocialRole	+			Q212878					a married man; a woman's partner in marriage	core
hybrid	01327322	Organism	+			Q244145					(genetics) an organism that is the offspring of genetically dissimilar parents or stock; e	core
hypothesis	05888929	Explanation	=		Hypothesis	Q41719	Mx4r_wNzb1-yQHyeygG7zfz6ng				a tentative insight into the natural world; a concept that is not yet verified but that if	core
ice	14915184	Ice	=			Q23392	Mx8Ngh4rwPzX0JwpEbGdrcN5Y29ycB4rvVjAHZwpEbGdrcN5Y29ycA				"water frozen in the solid state; ""Americans like ice in their drinks"""	core
ice-cream	07614500	IceCream	=		Ice_cream	Q13233	Mx4rvVj1EpwpEbGdrcN5Y29ycA				frozen dessert containing cream and sugar and flavoring	core
idea	05833840	Proposition	+		Idea	Q131841	Mx4rYE1C0EPuQdmEO6TZe_7NPA				"the content of cognition; the main thing you are thinking about; ""it was not a good idea"";"	core
ideal	10325243	SubjectiveAssessmentAttribute	+				Mx4rQw3ShjAGQdib1vMDMN65JQ				model of excellence or perfection of a kind; one having no equal	core
ideal-value	05923983	SubjectiveAssessmentAttribute	+								"an ideal accepted by some individual or group; ""he has old-fashioned values"""	core
identicalness	04743024	Attribute	+								"exact sameness; ""they shared an identity of interests"""	core
identification	06885083	ContentBearingObject	+								evidence of identity; something that identifies a person or thing	core
identity	04618070	TraitAttribute	+			Q609647					"the distinct personality of an individual regarded as a persisting entity; ""you can lose y"	core
identity-card	06477371	Certificate	+			Q4907731					"a card certifying the identity of the bearer; ""he had to show his card to get in"""	core
ignorance	05988282	Proposition	+			Q815577					the lack of knowledge or education	core
illness	14061805	DiseaseOrSyndrome	+			Q12136	Mx4rwQwYVpwpEbGdrcN5Y29ycA				impairment of normal physiological function affecting part or all of an organism	core
illusion	05896059	False	+			Q182593					"something many people believe that is false; ""they have the illusion that I am very wealth"	core
illustration	03561345	Icon	+		Illustration	Q178659	Mx4rX4mfJC9AQdifBesKphWfiQ				a visual representation (a picture or diagram) that is used make some subject more pleasin	core
image	03931044	Icon	+			Q478798	Mx4r1-G8dDi8Ed2AAAACs6hRXg				a visual representation (of an object or scene or person or abstraction) produced on a sur	core
imagination	05767733	Imagining	+			Q34516					"the ability to form mental images of things or events; ""he could still hear her in his ima"	core
immigrant	10199489	SocialRole	+			Q12364462	Mx8NhB4rvcD6KJwpEbGdrcN5Y29ycB4rvViAkpwpEbGdrcN5Y29ycB4rdzoMHJmWEdaAAAACs1uxFx4rvViIeZwpEbGdrcN5Y29ycA				a person who comes to a country where they were not born in order to settle there	core
immigration	00056311	Immigrating	=			Q131288					migration into a place (especially migration to a country of which you are not a native in	core
impact	07338552	Impacting	=			Q4115667					the striking of one body against another	core
imperativeness	14451349	SubjectiveAssessmentAttribute	+								"the state of demanding notice or attention; ""the insistence of their hunger""; ""the press o"	core
impetus	05035820	FunctionQuantity	+								"an impelling force or strength; ""the car's momentum carried it off the road"""	core
implication	13860281	Proposition	+			Q7881229					a logical relation between propositions p and q of the form `if p then q'; if p is true th	core
import	03564667	Physical	+			Q62955					commodities (goods or services) bought from a foreign country	core
importance	05168261	SubjectiveAssessmentAttribute	+			Q1422583					"the quality of being important and worthy of note; ""the importance of a well-balanced diet"	core
imposter	10201535	Human	+			Q1413522	Mx4rv9qHN5wpEbGdrcN5Y29ycA				a person who makes deceitful pretenses	core
impression	04675314	SubjectiveAssessmentAttribute	+								"an outward appearance; ""he made a good impression""; ""I wanted to create an impression of s"	core
improvement	14422179	SubjectiveAssessmentAttribute	+								"a condition superior to an earlier condition; ""the new school represents a great improveme"	core
impudence	06721813	Expressing	+								an impudent statement	core
incentive	09179776	Entity	+				Mx4r-GzvvhbxQdiOg_WXf8axVA				a positive motivational influence	core
incertitude	05698247	PsychologicalAttribute	+								the state of being unsure of something	core
incident	07307477	Process	+								a single distinct event	core
inclination	06196584	TraitAttribute	=								"an attitude of mind especially one that favors one alternative over others; ""he had an inc"	core
income	13255145	CurrencyMeasure	+								the financial gain (earned or unearned) accruing over a given period of time	core
increase	13497135	Increasing	=								"a process of becoming larger or longer or more numerous or more important; ""the increase i"	core
increment	05108947	Quantity	+			Q4379011					"the amount by which something increases; ""they proposed an increase of 15 percent in the f"	core
indemnity	14539826	Attribute	+								protection against future loss	core
index	05567381	Finger	+			Q184848					the finger next to the thumb	core
indication	06797169	ContentBearingObject	=								"something that serves to indicate or suggest; ""an indication of foul play""; ""indications o"	core
indicator-needle	03816394	EngineeringComponent	+								a slender pointer for indicating the reading on the scale of a measuring instrument	core
indigence	14493716	SubjectiveAssessmentAttribute	+			Q836994					"a state of extreme poverty or destitution; ""their indigence appalled him""; ""a general stat"	core
individual	10203839	Organism	+								a single organism	core
industry	00923444	Manufacture	=		Industry	Q380342					"the organized action of making of goods and services for sale; ""American industry is makin"	core
infection	07360647	PathologicProcess	+			Q166231					an incident in which an infectious disease is transmitted	core
inflation	13498828	Inflation	+			Q35865					"a general and progressive increase in prices; ""in inflation everything gets more valuable "	core
influence	05194151	SubjectiveAssessmentAttribute	+								"a power to affect persons or events especially power based on prestige etc; ""used her pare"	core
influence.phenomenon	11414608	Process	+								"the effect of one thing (or person) on another; ""the influence of mechanical action"""	core
influential-contact	09956147	SocialRole	+								(usually plural) a person who is influential and to whom you are connected in some way (as	core
influenza	14122497	Influenza	=			Q2840					an acute febrile highly contagious viral disease	core
informant	10205985	SocialRole	+			Q1364673					a person who supplies information	core
information	00033020	ContentBearingPhysical	=	schema:CreativeWork	CreativeWork	Q11028	Mx4rvf9sZJwpEbGdrcN5Y29ycA	BFO_0000031		InformationEntity	something that is communicated by or to or between people or groups	core
infrastructure	03570372	Artifact	+		Infrastructure	Q121359					the basic structure or features of a system or organization	core
ingredient	03570709	Substance	+		Ingredient	Q10675206					a component of a mixture or compound	core
inhabitant	09620078	Inhabitant	=			Q22947					a person who inhabits a particular place	core
inhibition	01070892	IntentionalPsychologicalProcess	+								(psychology) the conscious exclusion of unacceptable thoughts or desires	core
initial	06830997	Character	+			Q29882054					"the first letter of a word (especially a person's name); ""he refused to put the initials F"	core
injection	00697365	Injecting	=			Q245359					"the act of putting a liquid into the body by means of a syringe; ""the nurse gave him a flu"	core
injury	14285662	Injuring	=			Q1064904					any physical damage to the body caused by violence or accident or fracture etc.	core
innovation	03582658	Artifact	+			Q12579633					a creation (a new device or process) resulting from study and experimentation	core
inquest	00637810	Investigating	+								an inquiry into the cause of an unexpected death	core
insect	02159955	Insect	=			Q1390	Mx4rvVi495wpEbGdrcN5Y29ycA				small air-breathing arthropod	core
inside	08588294	Inside	=								the region that is inside of something	core
insider	10208583	SocialRole	+				Mx4rRYpn_DADQdiWodGMyvBeWw				an officer of a corporation or others who have access to private information about the cor	core
insight	05807306	PsychologicalProcess	+			Q399754					the clear (and often sudden) understanding of a complex situation	core
insistence	01214557	Declaring	+								"the act of insisting on something; ""insistence on grammatical correctness is a conservativ"	core
insolvency	14478433	Attribute	+			Q757382					"inability to discharge all your debts as they come due; ""the company had to declare bankru"	core
inspiration	05797473	PsychologicalProcess	+				Mx4rvVjAApwpEbGdrcN5Y29ycA				a sudden intuition as part of solving a problem	core
instance	07308889	Entity	+								"an occurrence of something; ""it was a case of bad judgment""; ""another instance occurred ye"	core
instinct	05622723	PsychologicalAttribute	+			Q18237	Mx4rjY_F-izuQdiD6a7c6YjyJg				"inborn pattern of behavior often responsive to specific stimuli; ""the spawning instinct in"	core
institution	08053576	Organization	+		Institution		Mx4rQjPWFMh5EdmAAAACs6hRjg				an organization founded and united for a specific purpose	core
instrument	03574816	Device	+								a device that requires skill for proper use	core
insufficiency	05113133	SubjectiveAssessmentAttribute	+								"lack of an adequate quantity or number; ""the inadequacy of unemployment benefits"""	core
insurance-coverage	13344664	CurrencyMeasure	+								the total amount and type of insurance carried	core
insurgent	10210137	SocialRole	+				Mx4rPgOJJStlEdiUgQAH6RYvSQ				a person who takes part in an armed rebellion against the constituted authority (especiall	core
integration	01202415	Combining	+			Q48532					the action of incorporating a racial or religious group into a community	core
integrity	04869569	NormativeAttribute	+								"moral soundness; ""he expects to find in us the common honesty and integrity of men of busi"	core
intellect	05618849	PsychologicalAttribute	+			Q353284	Mx4rsfgh1i_-QdiU9qkX6M09fQ				"knowledge and intellectual ability; ""he reads to improve his mind""; ""he has a keen intelle"	core
intelligence	05617606	PsychologicalAttribute	+				Mx4rvVi345wpEbGdrcN5Y29ycA				the ability to comprehend; to understand and profit from experience	core
intelligence-service	08339454	Government	+								a unit responsible for gathering and interpreting information about an enemy	core
intended-use	05149325	Attribute	+								"what something is used for; ""the function of an auger is to bore holes""; ""ballet is beauti"	core
intent	06605897	Proposition	+								the intended meaning of a communication	core
intention	00163233	Selecting	+								"an act of intending; a volition that you intend to carry out; ""my intention changed once I"	core
interaction	00039021	Transaction	=								a mutual or reciprocal action; interacting	core
interest	13318584	RationalNumber	+			Q170924	Mx4rwKZ7cpwpEbGdrcN5Y29ycA				"a fixed charge for borrowing money; usually a percentage of the amount borrowed; ""how much"	core
interface	06575227	ComputerProgram	+			Q47146	Mx4rvViOxZwpEbGdrcN5Y29ycA				(computer science) a program that controls a display for the user (usually on a computer m	core
interior-designer	10210648	Designer	+								a person who specializes in designing architectural interiors and their furnishings	core
internet	03580615	Internet	=			Q75					a computer network consisting of a worldwide network of computer networks that use the TCP	core
intersection	03581125	RoadJunction	+			Q285783					a junction where one street or road crosses another	core
intervention	06661562	Law	+				Mx4r3g4szlprEd2AAAATco72kA				a policy of intervening in the affairs of other countries	core
interview	07196075	Questioning	+		Interview	Q4202018					the questioning of a person (or a conversation in which information is elicited); often co	core
intestine	05534333	Intestine	=			Q9639					the part of the alimentary canal between the stomach and the anus	core
intro	07217349	Communication	+								formally making a person known to another or to the public	core
introduction	06396930	Communication	+			Q305178	Mx4rs6FGFEMZQdmKHpyJvz6ryQ				the first section of a communication	core
introductory-text	06414849	Book	+								a basic or elementary instructional text	core
intuition	05919034	Proposition	+			Q189222					"an impression that something might be the case; ""he had an intuition that something had go"	core
invasion	07429976	Arriving	+								"any entry into an area not previously occupied; ""an invasion of tourists""; ""an invasion of"	core
invention	05633385	Creation	+		Invention	Q12579633					the creation of something in the mind	core
invertebrate	01905661	Invertebrate	=			Q43806	Mx4rvViYS5wpEbGdrcN5Y29ycA				any animal lacking a backbone or notochord; the term is not used as a scientific classific	core
investigator	10215623	Human	+								someone who investigates	core
investment	13333237	CurrencyMeasure	+			Q4201895					money that is invested with an expectation of profit	core
invitation	07186148	Requesting	+								"a request (spoken or written) to participate or be present or take part in something; ""an "	core
invoice	06516955	FinancialBill	+	schema:Invoice							"an itemized statement of money owed for goods shipped or services rendered; ""he paid his b"	core
iron	14642417	Iron	=			Q677					a heavy ductile magnetic metallic element; is silver-white in pure form but readily rusts;	core
island	09316454	Island	=		Island	Q752523					a land mass (smaller than a continent) that is surrounded by water	core
isolation	14414715	PsychologicalAttribute	+				Mx4rboZtEhJpSQGNqaKjopKEIg				a state of separation between persons or groups	core
isotropy	04917439	Attribute	+			Q273163					(physics) the property of being isotropic; having the same value when measured in differen	core
issue	05814650	Proposition	+			Q28869365					"an important question that is in dispute and must be settled; ""the issue could be settled "	core
item	05817845	Fact	=								"an isolated fact that is considered separately from the whole; ""several of the details are"	core
iteration	13504173	Process	+			Q651022					"(computer science) a single execution of a set of instructions that are to be repeated; ""t"	core
ivory	14757547	Ivory	+			Q185635	Mx4rvVjL-5wpEbGdrcN5Y29ycA				a hard smooth ivory colored dentine that makes up most of the tusks of elephants and walru	core
jacket	03589791	Coat	=		Jacket	Q849964	Mx4rvViWxZwpEbGdrcN5Y29ycA				a short coat	core
jail-cell	02991302	Room	+			Q686534	Mx4rvw6oFpwpEbGdrcN5Y29ycA				a room where a prisoner is kept	core
jam	07642933	PreparedFood	+			Q1269	Mx4rwJYUXJwpEbGdrcN5Y29ycA				preserve of crushed fruit	core
jar	03593526	Artifact	+		Jar	Q1207302	Mx4rvVj_OJwpEbGdrcN5Y29ycA				a vessel (usually cylindrical) with a wide mouth and without handles	core
jaw	05546040	Bone	+			Q180284	Mx4rvVjjEZwpEbGdrcN5Y29ycA				the part of the skull of a vertebrate that frames the mouth and holds the teeth	core
jazz	07062697	JazzMusic	=								a genre of popular music that originated in New Orleans around 1900 and developed through 	core
jean	03594734	Trousers	+			Q83363					(usually plural) close-fitting trousers of heavy denim for manual work or casual wear	core
jelly	14925198	Object	+			Q20579575	Mx4rvwd3V5wpEbGdrcN5Y29ycA				any substance having the consistency of jelly or gelatin	core
jersey	03595614	Shirt	+			Q131151	Mx4rwPvS1pwpEbGdrcN5Y29ycA				a close-fitting pullover shirt	core
jester	10221312	Performer	+			Q215548					a professional clown employed to entertain a king or nobleman in the Middle Ages	core
jet	07436100	Motion	+				Mx4rwPux5ZwpEbGdrcN5Y29ycA				the occurrence of a sudden discharge (as of liquid)	core
jewel	03596787	Mineral	+			Q83437					a precious or semiprecious stone incorporated into a piece of jewelry	core
job	00719705	Working	=		Job	Q179962					"a specific piece of work required to be done as a duty or for a specific fee; ""estimates o"	core
jockey	10223177	Position	+			Q846750	Mx4rvgHjK5wpEbGdrcN5Y29ycA				someone employed to ride horses in horse races	core
joint	03601335	Artifact	+	schema:Joint	Joint	Q202762					a disreputable place of entertainment	core
joke	06778102	SubjectiveAssessmentAttribute	+		Joke	Q131138	Mx4rv53uM5wpEbGdrcN5Y29ycA				"a humorous anecdote or remark intended to provoke laughter; ""he told a very funny joke""; """	core
journal	06597466	Periodical	+		Journal		Mx4rvVigHZwpEbGdrcN5Y29ycA				"a periodical dedicated to a particular subject; ""he reads the medical journals"""	core
journey	00306426	Translocation	+								the act of traveling from one place to another	core
joy	07527352	Joy	=			Q8	Mx4r0EVLyWEYEdaOHQACs0uFOQ				the emotion of great happiness	core
judge	10225219	JudgeAtLaw	+			Q16533	Mx4rvVi68pwpEbGdrcN5Y29ycA				a public official authorized to decide questions brought before a court of justice	core
judgement	01187810	LegalDecision	+								(law) the determination by a court of competent jurisdiction on matters submitted to it	core
judging	05789432	Judging	+								the cognitive process of reaching a decision or drawing conclusions	core
judgment	00874067	Deciding	=				Mx4rmR-Abkh7QdmCHuqrRenrRw				"the act of judging or assessing a person or situation or event; ""they criticized my judgme"	core
judgment-of-conviction	01189282	LegalConviction	=								(criminal law) a final judgment of guilty in a criminal case and the punishment that is im	core
judicial-opinion	06551784	LegalDecision	=								"the legal document stating the reasons for a judicial decision; ""opinions are usually writ"	core
juice	07923748	Juice	=			Q8492	Mx4rvVjM2ZwpEbGdrcN5Y29ycA				the liquid part that can be extracted from plant or animal tissue by squeezing or cooking	core
jump	07414222	Increasing	+								"a sudden and decisive increase; ""a jump in attendance"""	core
junction	03605722	Object	+								the place where two or more things come together	core
jurisprudence	08441203	Law	+			Q922203					"the collection of rules imposed by authority; ""civilization presupposes respect for the la"	core
jury	08414119	Jury	=			Q837675	Mx4rkFQMsIDDQdeN4NhGWur4bg				a body of citizens sworn to give a true verdict according to the evidence presented in a c	core
justice	04850117	SubjectiveAssessmentAttribute	+								the quality of being just or fair	core
justification	05823054	Reasoning	+				Mx4rnSMP5g0oS56H3m74k58oiw				something (such as a fact or circumstance) that shows an action to be reasonable or necess	core
keep	13365286	Process	+		Keep	Q91165					"the financial means whereby one lives; ""each child was expected to pay for their keep""; ""h"	core
kettle	03612814	PotOrPan	+			Q107444	Mx4rvViMo5wpEbGdrcN5Y29ycA				a metal pot for stewing or boiling; usually has a lid	core
key	03613294	Key	=			Q228039					metal device shaped in such a way that when it is inserted into the appropriate lock the l	core
kick	05827509	PsychologicalAttribute	+		Kick	Q206864					"the sudden stimulation provided by strong drink (or certain drugs); ""a sidecar is a smooth"	core
kid	02416820	NonFullyFormed	+			Q13048847					young goat	core
kidney	05332802	Kidney	=			Q9377	Mx4rvVjlYpwpEbGdrcN5Y29ycA				either of two bean-shaped excretory organs that filter wastes (especially urea) from the b	core
killer	10231087	Human	+			Q931260					someone who causes the death of a person or animal	core
kin	07969695	FamilyGroup	=								group of people related by blood or marriage	core
king	10231515	King	=			Q55375123					a male sovereign; ruler of a kingdom	core
king-card	03618219	Artifact	+			Q516114					one of the four playing cards in a deck bearing the picture of a king	core
kingdom	08405603	Government	+								a monarchy with a king or queen as head of state	core
kinship	13812607	BiologicalAttribute	+		Kinship	Q171318					(anthropology) relatedness or connection by blood or marriage or adoption	core
kit	03619396	Collection	+				Mx4rwQBZApwpEbGdrcN5Y29ycA				gear consisting of a set of articles or tools for a specified purpose	core
kitchen	03619890	Kitchen	=		Kitchen	Q43164	Mx4rvVifPJwpEbGdrcN5Y29ycA				a room equipped for preparing meals	core
kite	03621473	Toy	+			Q42861					plaything consisting of a light frame covered with tissue paper; flown in wind at end of a	core
knee	05573602	Knee	+			Q62394131	Mx4rvVjPKZwpEbGdrcN5Y29ycA				hinge joint in the human leg connecting the tibia and fibula with the femur and protected 	core
knife	03623556	CuttingDevice	+		Knife	Q32489	Mx4rvVioJ5wpEbGdrcN5Y29ycA				edge tool used as a cutting instrument; has a pointed blade with a sharp edge and a handle	core
knight	03624767	GamePiece	+			Q136					a chessman shaped to resemble the head of a horse; can move two squares horizontally and o	core
knot	03627232	Attaching	+			Q527395	Mx4rvZutMpwpEbGdrcN5Y29ycA				any of various fastenings formed by looping and tying a rope (or cord) upon itself or to a	core
koran	06461609	Book	+			Q428					the sacred writings of Islam revealed by God to the prophet Muhammad during his life at Me	core
lab	03629986	Laboratory	+			Q483242					a workplace for the conduct of scientific research	core
label	07272172	ContentBearingObject	+		Label	Q722218	Mx4rwJj1YZwpEbGdrcN5Y29ycA				an identifying or descriptive marker that is attached to an object	core
labor	00620752	IntentionalProcess	+			Q268378	Mx4rNIfN7rtVEdmAAAACs6hRjg				"productive work (especially physical work done for wages); ""his labor did not require a gr"	core
laborer	10241300	ManualLabor	+			Q12713481					someone who works with their hands; someone engaged in manual labor	core
labour	08180639	ManualLabor	+			Q191159					"a social class comprising those who do manual labor or work for wages; ""there is a shortag"	core
lace	03631177	Fabric	+		Lace	Q231250	Mx4rvgH-D5wpEbGdrcN5Y29ycA				a delicate decorative fabric woven in an open web of symmetrical patterns	core
lack	14449405	Attribute	+				Mx4r4rGStis8EdiUgAAH6RYvSQ				"the state of needing something that is absent or unavailable; ""there is a serious lack of "	core
ladder	03632277	Ladder	=			Q168639	Mx4rvVjkQ5wpEbGdrcN5Y29ycA				steps consisting of two parallel members connected by rungs; for climbing up or down	core
lady	10243137	Woman	=			Q1378024					"a polite name for any woman; ""a nice lady at the library helped me"""	core
lake	09328904	Lake	=			Q23397	Mx4rvVi4IpwpEbGdrcN5Y29ycA				a body of (usually fresh) water surrounded by land	core
lamb	02412440	Lamb	=			Q7368	Mx8Ngh4rwQwgBJwpEbGdrcN5Y29ycB4rvVjk95wpEbGdrcN5Y29ycA				young sheep	core
lamp	03636649	Device	+			Q1138737	Mx4rvVjZQZwpEbGdrcN5Y29ycA				a piece of furniture holding one or more electric light bulbs	core
land	09334396	LandArea	=		Land	Q11081619					"the solid part of the earth's surface; ""the plane turned away from the sea and moved back "	core
land-vehicle					Land_vehicle		Mx4r_qaMjITKQdefc9lu1TOnMA					core
landed-estate	13246662	RealEstate	+			Q1416696					extensive landed property (especially in the country) retained by the owner for his own us	core
landform				schema:Landform	Landform							core
landlord	10245236	Position	+			Q618532	Mx4r2FoHZhxpQdiU0epBcjEixQ				a landowner who leases to others	core
landmine	03768132	ExplosiveMine	=			Q178795					explosive device that explodes on contact; designed to destroy vehicles or ships or to kil	core
landowner	10245639	SocialRole	+			Q1549283					a holder or proprietor of land	core
lane	03640589	StationaryArtifact	+			Q3222002	Mx4rwPu2dpwpEbGdrcN5Y29ycA				a narrow way or road	core
language	06282651	Language	=	schema:Language	Language	Q34770	Mx4rvVj0iZwpEbGdrcN5Y29ycA				"a systematic means of communicating by the use of sounds or conventional symbols; ""he taug"	core
lap	05562595	SubjectiveAssessmentAttribute	=			Q1276686	Mx4rwQrpgJwpEbGdrcN5Y29ycA				"the upper side of the thighs of a seated person; ""he picked up the little girl and plopped"	core
larceny	00780889	UnilateralGetting	+			Q2485381					"the act of taking something from someone unlawfully; ""the thieving is awful at Kennedy Int"	core
laser	03643253	Device	+			Q38867	Mx4rvkSts5wpEbGdrcN5Y29ycA				an acronym for light amplification by stimulated emission of radiation; an optical device 	core
latent-hostility	13980596	SubjectiveAssessmentAttribute	+								"feelings of hostility that are not manifest; ""he could sense her latent hostility to him"";"	core
laundry	03648219	Fabric	+			Q852100					garments or white goods that can be cleaned by laundering	core
laurel-wreath	06706676	UnilateralGiving	+			Q131647					an award for winning a championship or commemorating some other event	core
law	06161718	FieldOfLaw	@		Law	Q4932206	Mx4rvV1TLJwpEbGdrcN5Y29ycA				the branch of philosophy concerned with the law and the principles that lead courts to mak	core
lawn	08591592	Lawn	=			Q207766	Mx4rvVj2L5wpEbGdrcN5Y29ycA				a field of cultivated and mowed grass	core
lawsuit	01182654	LegalAction	=		Lawsuit		Mx4rvVj8upwpEbGdrcN5Y29ycA				a comprehensive term for any proceeding in a court of law whereby an individual seeks a le	core
lawyer	10249950	Lawyer	=			Q40348	Mx4rvVjLMJwpEbGdrcN5Y29ycA				a professional person authorized to practice law; conducts lawsuits or gives legal advice	core
layer	08591680	Region	+								a relatively thin sheetlike expanse or region lying over or under another	core
layout	05837271	Abstract	+			Q868954					a plan or design of something that is laid out	core
lead	01256743	Position	+			Q708	Mx4rvVkK_ZwpEbGdrcN5Y29ycA				"a position of leadership (especially in the phrase `take the lead'); ""he takes the lead in"	core
leader	09623038	Guiding	=			Q1251441					a person who rules or guides or inspires others	core
leadership	01256417	Managing	=								"the activity of leading; ""his leadership inspired the team"""	core
leaf	13152742	PlantLeaf	=		Leaf	Q33971	Mx4rvVjvNZwpEbGdrcN5Y29ycA				the main organ of photosynthesis and transpiration in higher plants	core
leaf-blade	13131883	PlantLeaf	+								especially a leaf of grass or the broad portion of a leaf as distinct from the petiole	core
learner	10251779	Student	+				Mx4r9CPswCsrQdiQdqWesNiPBg				someone (especially a child) who learns (as from a teacher) or takes up knowledge or belie	core
lease	06523132	Contract	+			Q716894	Mx4rwP1kFJwpEbGdrcN5Y29ycA				a contract granting use or occupation of property during a specified time for a specified 	core
leash	03652932	Artifact	+			Q384873	Mx4rwQrvtZwpEbGdrcN5Y29ycA				restraint consisting of a rope (or light chain) used to restrain an animal	core
leather	14759722	Leather	=			Q286	Mx4rvVjBs5wpEbGdrcN5Y29ycA				an animal skin made smooth and flexible by removing the hair and then tanning	core
leave	15139130	TimeInterval	+			Q13561011					"the period of time during which you are absent from work or duty; ""a ten day's leave to vi"	core
lecture	00892861	EducationalProcess	+		Lecture	Q603773	Mx4rvqF_7pwpEbGdrcN5Y29ycA				teaching by giving a discourse on some subject (typically to a class)	core
left	08625462	Left	=								location near or direction toward the left side; i.e. the side to the north when a person 	core
leftovers	07563509	Food	+			Q1762124					"food remaining from a previous meal; ""he had leftovers for dinner last night"""	core
leg	03654826	Artifact	+			Q133105					one of the supports for a piece of furniture	core
leg-of-meat	07655505	Meat	+								the limb of an animal used for food	core
legal-action	01181902	LegalAction	=								a judicial proceeding brought by one party against another; one party prosecutes another f	core
legal-age	15152062	TimeInterval	+			Q16872016					the age at which persons are considered competent to manage their own affairs	core
legal-document	06479665	Contract	=								(law) a document that states some contractual relationship or grants some right	core
legal-power	05198427	NormativeAttribute	+								"(law) the right and power to interpret and apply the law; ""courts having jurisdiction in t"	core
legal-procedure	01023636	Procedure	+								a mode of conducting legal and parliamentary proceedings	core
legal-profession	08112402	SocialRole	+		Legal_profession						"the body of individuals qualified to practice law in a particular jurisdiction; ""he was ad"	core
legal-ward	10767020	SocialRole	+								a person who is under the protection or in the custody of another	core
legend	06371413	FictionalText	=		Legend	Q44342	Mx4rv2bzqJwpEbGdrcN5Y29ycA				a story about mythical or supernatural beings or events	core
legend-key	06492188	Text	+								a list of words or phrases that explain symbols or abbreviations	core
legislation	01125693	PoliticalProcess	+	schema:Legislation	Legislation	Q49371					the act of making or enacting laws	core
legislative-house	08163025	LegislativeOrganization	=								"an official assembly having legislative powers; ""a bicameral legislature has two houses"""	core
legislature	08163273	LegislativeChamber	+		Legislature	Q11204					persons who make or amend or repeal laws	core
leisure	01065286	RecreationOrExercise	+			Q180910					"freedom to choose a pastime or enjoyable activity; ""he lacked the leisure for golf"""	core
lemon	07749582	LemonFruit	=			Q1093742					yellow oval fruit with juicy acidic flesh	core
lengthiness	05051896	Attribute	+								the consequence of being lengthened in duration	core
lesson	00889472	EducationalProcess	+		Lesson	Q379833	Mx4rv_6vnJwpEbGdrcN5Y29ycA				"a unit of instruction; ""he took driving lessons"""	core
letter	06624161	Letter	+			Q133492					"a written message addressed to a person or organization; ""mailed an indignant letter to th"	core
letter-of-the-alphabet	06828818	AlphabeticCharacter	+			Q9788	Mx4rwA1vh5wpEbGdrcN5Y29ycA				"the conventional characters of the alphabet used to represent speech; ""his grandmother tau"	core
level	06246896	ContestAttribute	+			Q12758989					"an abstract place usually conceived as having depth; ""a good actor communicates on several"	core
liability	14530403	Attribute	+								the state of being legally obliged and responsible	core
liberty	13996061	NormativeAttribute	+			Q2979					personal freedom from servitude or confinement or oppression	core
library	03661043	LibraryBuilding	=	schema:Library	Library	Q29843656					a building that houses a collection of books and other materials	core
license	06549661	License	+		License		Mx4rvViu3pwpEbGdrcN5Y29ycA				a legal document giving official permission to do something	core
lid	03661340	Artifact	+		Lid	Q2488579	Mx4rvVj0VJwpEbGdrcN5Y29ycA				a movable top or cover (hinged or separate) for closing the opening at the top of a box, c	core
lie	06756831	False	+			Q4925193					a statement that deviates from or perverts the truth	core
life	13961399	WhenFn	=			Q3					"the course of existence of an individual; the actions and events that occur in living; ""he"	core
life-style	04930632	Attribute	+								a manner of living that reflects the person's values and attitudes	core
lift	00309276	Transportation	+			Q194433					"a ride in a car; ""he gave me a lift home"""	core
light	03665366	LightFixture	+			Q9128	Mx4rv6bf0ZwpEbGdrcN5Y29ycA				"any device serving as a source of illumination; ""he stopped the car and turned off the lig"	core
light-bulb	03665924	LightBulb	=			Q1326621	Mx4rMgnAuqUkEd2AAABQjYGu0g				electric lamp consisting of a transparent or translucent glass housing containing a wire f	core
lighter	03666591	Device	+			Q20459					"a device for lighting or igniting fuel or charges or fires; ""do you have a light?"""	core
lily	12426248	FloweringPlant	+				Mx4rP9iVAiwaEdiUggAH6RYvSQ				any liliaceous plant of the genus Lilium having showy pendulous flowers	core
limb	05560244	Limb	+			Q190780	Mx4rvn1uSZwpEbGdrcN5Y29ycA				one of the jointed appendages of an animal used for locomotion or grasping: arm; leg; wing	core
limit	08592656	GeographicArea	+			Q177239					the boundary of a specific area	core
limit.quantity	13758296	ConstantQuantity	+								"the greatest amount of something that is possible or allowed; ""there are limits on the amo"	core
limitation	05162455	SubjectiveAssessmentAttribute	+								"the quality of being limited or restricted; ""it is a good plan but it has serious limitati"	core
line	05748786	Comparing	+				Mx4r6A7z1B5sQdedAK6n_bYxDg				"a conceptual separation or distinction; ""there is a narrow line between sanity and insanit"	core
line-formation	08430203	LineFormation	=								"a formation of people or things one behind another; ""the line stretched clear around the c"	core
line-of-descent	13813042	BiologicalAttribute	+								the kinship relation between an individual and the individual's progenitors	core
line-of-text	07012534	LinguisticExpression	=								"text consisting of a row of words written across a page or computer screen; ""the letter co"	core
lineation	08612786	LineFormation	+								the line that appears to bound an object	core
linen	03672352	Fabric	+			Q1426327	Mx4rvgHmEpwpEbGdrcN5Y29ycA				white goods or clothing made with linen cloth	core
linguistic-context	06284898	Text	+								discourse that surrounds a language unit and helps to determine its interpretation	core
linguistics	06172789	FieldOfStudy	@		Linguistics	Q8162					the scientific study of language	core
link	03673971	EngineeringComponent	+								"a fastener that serves to join or connect; ""the walls are held together with metal links p"	core
lion	02129165	Lion	=			Q140	Mx4rvVjEZ5wpEbGdrcN5Y29ycA				large gregarious predatory feline of Africa and India having a tawny coat with a shaggy ma	core
lip	05305806	Lip	=			Q15173	Mx4rvVi4U5wpEbGdrcN5Y29ycA				either of two fleshy folds of tissue that surround the mouth and play a role in speaking	core
liquid	14940100	Liquid	=		Liquid	Q11435					fluid matter having no fixed shape but a fixed volume	core
list	06481320	Text	+								a database containing an ordered array of items (names or topics)	core
literacy	05638486	PsychologicalAttribute	+			Q8236					the ability to read and write	core
literary-works	06364641	SubjectiveAssessmentAttribute	=								creative writing of recognized artistic value	core
literature	06169488	Literature	@		Literature						"the humanistic study of a body of literature; ""he took a course in Russian lit"""	core
litigation	01186810	LegalAction	+								a legal proceeding in a court; a judicial contest to determine and enforce legal rights	core
liver	05385534	Liver	=			Q9368	Mx4rvVimppwpEbGdrcN5Y29ycA				large and complicated reddish-brown glandular organ located in the upper right portion of 	core
livestock	01887474	DomesticAnimal	=			Q103459	Mx4rvp2OapwpEbGdrcN5Y29ycA				any animals kept for use or profit	core
load	03679986	Object	+								weight to be borne or conveyed	core
loan	13398953	Lending	+			Q189539					the temporary provision of money (usually at interest)	core
lobby	08375526	PoliticalOrganization	+			Q31948	Mx4rvViNB5wpEbGdrcN5Y29ycA				a group of people who try actively to influence legislation	core
locating	01051331	Putting	=								the act of putting something in a certain place	core
lock	03682487	Lock	+			Q228039					a fastener fitted to a door or drawer to keep it firmly closed	core
locomotive	03684823	Locomotive	=		Locomotive	Q93301	Mx4rvZJQDJwpEbGdrcN5Y29ycA				a wheeled vehicle consisting of a self-propelled engine that is used to draw trains along 	core
loft	03686130	LoftStyle	+			Q244490					floor consisting of open space at the top of a house just below roof; often used for stora	core
log	14942762	WoodArtifact	+								a segment of the trunk of a tree when stripped of branches	core
log-cabin	02932400	House	+		Log_cabin	Q884742					a small house built of wood; usually in a wooded area	core
logarithm	06812631	LogFn	=			Q11197					the exponent required to produce a given number	core
logic	06163751	FieldOfStudy	@								the branch of philosophy that analyzes inference	core
logic.cognition	05871618	Proposition	+								"the principles that guide reasoning within a given field or situation; ""economic logic req"	core
look	04674715	VisualAttribute	+								"physical appearance; ""I don't like the looks of this place"""	core
look-alike	10027246	Human	+			Q2188702					"someone who closely resembles a famous person (especially an actor); ""he could be Gingrich"	core
looking-glass	03688832	Artifact	+								a mirror; usually a ladies' dressing mirror	core
lookout	10271216	Position	+			Q2572947					a person employed to keep watch for some anticipated event	core
loop	13875571	ShapeAttribute	+				Mx4rvVj0NJwpEbGdrcN5Y29ycA				anything with a round or oval shape (formed by a curve that is closed and does not interse	core
loot	13262663	UnilateralGetting	+								goods or money obtained illegally	core
looting	00966599	UnilateralGetting	+		Looting	Q53706	Mx8NhB4rcacO5KgcQdidVfCUDYB6bg-HbG9vdGluZx4rvWgTEJwpEbGdrcN5Y29ycA-kYjkzZTA2ZmEtMTdiNS00MWQ5LTkxOTQtOGNiYTc1ODYwNTZk				plundering during riots or in wartime	core
loss	13327231	CurrencyMeasure	+								"the amount by which the cost of a business exceeds its revenue; ""the company operated at a"	core
lost-item	13327676	SubjectiveAssessmentAttribute	+								"something that is lost; ""the car was a total loss""; ""loss of livestock left the rancher ba"	core
lot	08674970	LandArea	+			Q40574					"a parcel of land having fixed boundaries; ""he bought a lot on the lake"""	core
lottery	00508091	Game	+		Lottery	Q189409	Mx4rwKLFE5wpEbGdrcN5Y29ycA				players buy (or are given) chances and prizes are distributed by casting lots	core
loudspeaker	03691459	Loudspeaker	=		Loudspeaker	Q570					electro-acoustic transducer that converts electrical signals into sounds loud enough to be	core
lounge	03691817	SittingArea	+			Q674251					a room (as in a hotel or airport) with seating where people can wait	core
love	05813229	SubjectiveAssessmentAttribute	+			Q316	Mx4rvViUM5wpEbGdrcN5Y29ycA				"any object of warm affection or devotion; ""the theater was her first love""; ""he has a pass"	core
lover	09622745	Human	+								a significant other to whom you are not related by marriage	core
low	14520829	Object	+			Q209190					"an air mass of lower pressure; often brings precipitation; ""a low moved in over night brin"	core
loyalty	04877530	TraitAttribute	+				Mx4rvViVfpwpEbGdrcN5Y29ycA				the quality of being loyal	core
lozenge	03936568	Pill	=			Q206077	Mx4rwQBZtZwpEbGdrcN5Y29ycA				a dose of medicine in the form of a small pellet	core
luck	11418138	IntentionalProcess	[			Q1970348	Mx4rTHlb9CtOQdiCavVbgHo29w				an unknown and unpredictable phenomenon that causes an event to result one way rather than	core
luck.phenomenon	11418460	IntentionalProcess	[								"an unknown and unpredictable phenomenon that leads to a favorable outcome; ""it was my good"	core
luggage-compartment	03696065	Container	+								"compartment in an automobile that carries luggage or shopping or tools; ""he put his golf b"	core
lumber	14943580	Lumber	=			Q1370714	Mx4rvVioSJwpEbGdrcN5Y29ycA				the wood of trees cut and prepared for use as building material	core
luminosity	05018103	RadiatingLight	=			Q221656					"the quality of being luminous; emitting or reflecting light; ""its luminosity is measured r"	core
lunch	07575076	Lunch	=			Q1195832	Mx4rvVi_I5wpEbGdrcN5Y29ycA				a midday meal	core
lung	05387544	Lung	=			Q7886	Mx4rvVjKy5wpEbGdrcN5Y29ycA				either of two saclike respiratory organs in the chest of vertebrates; serves to remove car	core
machine	03699975	Machine	=		Machine	Q11019					any mechanical or electrical device that transmits or modifies energy to perform or assist	core
machinery	03701640	Machine	=				Mx4r4E3m0QhxEduVMgDggVaqog				machines or machine systems collectively	core
maestro	10280130	Artist	+			Q1641418	Mx4rHV7wICwxQdiRQdQSzSL6Dw				"an artist of consummate skill; ""a master of the violin""; ""one of the old masters"""	core
magazine	03704210	Magazine	=		Magazine	Q148958					"product consisting of a paperback periodic publication as a physical object; ""tripped over"	core
magic-trick	00099951	RecreationOrExercise	+			Q148442					an illusory feat; considered magical by naive observers	core
magnitude	05090441	Attribute	+			Q2091629	Mx4rvVjDipwpEbGdrcN5Y29ycA				"the property of relative size or extent (whether large or small); ""they tried to predict t"	core
maid	10282672	Maid	+			Q833860	Mx4rvVj9IZwpEbGdrcN5Y29ycA				a female domestic	core
mail	06275634	ContentBearingObject	+		Mail	Q49845					the bags of letters and packages that are transported by the postal service	core
mail-service	06264398	Mailing	+			Q49845					"the system whereby messages are transmitted via the post office; ""the mail handles billion"	core
mailman	10283037	Position	+			Q2180295	Mx4rvViWppwpEbGdrcN5Y29ycA				a man who delivers the mail	core
mainstream	05955186	Proposition	+								"the prevailing current of thought; ""his thinking was in the American mainstream"""	core
majority	13581067	Quantity	+			Q7382648					(elections) more than half of the votes	core
makeup	03714235	Mixture	+				Mx4rvVjX95wpEbGdrcN5Y29ycA				cosmetics applied to the face to improve or change your appearance	core
male-child	10285313	Man	+			Q3010					"a youthful male person; ""the baby was a boy""; ""she made the boy brush his teeth every nigh"	core
malice	07550666	EmotionalState	+								feeling a need to see others suffer	core
maltreatment	00419908	SubjectiveAssessmentAttribute	+								"cruel or inhumane treatment; ""the child showed signs of physical abuse"""	core
mammal	01861778	Mammal	=			Q7377	Mx4rvVimKJwpEbGdrcN5Y29ycA				any warm-blooded vertebrate having the skin more or less covered with hair; young are born	core
man	10287213	Man	=			Q8441	Mx4rvViyfpwpEbGdrcN5Y29ycA				"an adult person who is male (as opposed to a woman); ""there were two women and six men on "	core
management	01133281	Managing	+		Management	Q2920921	Mx4rv84DxJwpEbGdrcN5Y29ycA				"the act of managing something; ""he was given overall management of the program""; ""is the d"	core
manager	10014939	Manager	=			Q2462658	Mx4rvVi3YpwpEbGdrcN5Y29ycA				someone who controls resources and expenditures	core
mannequin	10291240	Female	+			Q4610556	Mx4rYyppKCwcQdiaFPpNRwVu9w				"a woman who wears clothes to display fashions; ""she was too fat to be a mannequin"""	core
manner	04910135	TraitAttribute	+								a way of acting or behaving	core
manner-of-speaking	07071483	Attribute	+								"your characteristic style or manner of expressing yourself orally; ""his manner of speaking"	core
manual	06421685	Book	+			Q126373660	Mx4rvVjTEZwpEbGdrcN5Y29ycA				a small handbook	core
manufacture	00924825	Manufacture	=			Q187939					"the act of making something (a product) from raw materials; ""the synthesis and fabrication"	core
manufacturer	10292316	Position	+								someone who manufactures something	core
manus	05564590	Hand	+			Q219588					"the (prehensile) extremity of the superior limb; ""he had the hands of a surgeon""; ""he exte"	core
manuscript	06406979	Text	+	schema:Manuscript	Manuscript	Q87167					the form of a literary work submitted for publication	core
map	03720163	Map	+	schema:Map	Map	Q4006					a diagrammatic representation of the earth's surface (or part of it)	core
mar	15210870	March	=			Q110					the month following February and preceding April	core
marathon	07460546	Racing	+		Marathon	Q40244					a footrace of 26 miles 385 yards	core
marble	14947807	Marble	=			Q40861					a hard crystalline metamorphic rock that takes a high polish; used for sculpture and as bu	core
march	08428019	Walking	+		March		Mx4rvVjCvZwpEbGdrcN5Y29ycA				"a procession of people walking together; ""the march went up Fifth Avenue"""	core
marching-music	07058296	Music	+								"genre of music written for marching; ""Sousa wrote the best marches"""	core
margin	06389398	Region	+			Q1145724					"the blank space that surrounds the text on a page; ""he jotted a note in the margin"""	core
mark	05737153	ConstantQuantity	+			Q18185					"a number or letter indicating quality (especially of a student's performance); ""she made g"	core
marketing	01112420	CommercialService	+		Marketing	Q39809	Mx4rwL1whZwpEbGdrcN5Y29ycA				the commercial processes involved in promoting and selling and distributing a product or s	core
marriage	01036996	MarriageContract	=		Marriage	Q49836					"the act of marrying; the nuptial ceremony; ""their marriage was conducted in the chapel"""	core
marriage-proposal	07161741	Requesting	+			Q1057944					an offer of marriage	core
married-couple	07989373	MarriageContract	=			Q3046146	Mx4rvvJdfJwpEbGdrcN5Y29ycA				"two people who are married to each other; ""his second marriage was happier than the first"""	core
mars	09347445	PlanetMars	=			Q111					a small reddish planet that is the 4th from the sun and is periodically visible to the nak	core
marsh	09347779	Swamp	+		Marsh	Q514050	Mx4rsXt6fHS8EdaAAACgyZzFrg				low-lying wet land with grassy vegetation; usually is a transition zone between land and w	core
mask	03724870	Mask	=		Mask	Q161524	Mx4rwQr0X5wpEbGdrcN5Y29ycA				a covering to disguise or conceal the face	core
mass	09348055	SelfConnectedObject	+	schema:Mass		Q11423	Mx4rvVjb5pwpEbGdrcN5Y29ycA				"a body of matter without definite shape; ""a huge ice mass"""	core
master-of-ceremonies	10299250	SocialRole	+			Q497240					a person who acts as host at formal occasions (makes an introductory speech and introduces	core
match	07470671	Sport	+			Q37507					a formal contest in which two or more persons or teams compete	core
matchstick	03728437	MatchDevice	+			Q37507					lighter consisting of a thin piece of wood or cardboard tipped with combustible chemical; 	core
material	14580897	Substance	=		Material						"the tangible substance that goes into the makeup of a physical object; ""coal is a hard bla"	core
mathematics	06000644	Mathematics	@		Mathematics	Q395					a science (or group of related sciences) dealing with the logic of quantity and shape and 	core
matrimony	13963970	MarriageContract	=			Q8445					"the state of being a married couple voluntarily joined for life (or until divorce); ""a lon"	core
matrix	08267640	ContentBearingObject	+			Q44337					(mathematics) a rectangular array of quantities or expressions set out by rows and columns	core
maximum	13776137	Quantity	+								the largest possible quantity	core
mayor	10303814	Mayor	+			Q30185	Mx4rwQrzr5wpEbGdrcN5Y29ycA				the head of a city government	core
maze	03733281	StationaryArtifact	+		Maze	Q48963	Mx4rv7lUbpwpEbGdrcN5Y29ycA				complex system of paths or tunnels in which it is easy to get lost	core
meal	07573696	Meal	=		Meal	Q362409	Mx4rvVihC5wpEbGdrcN5Y29ycA				the food served and eaten at one time	core
meaning	06601327	Proposition	+			Q183046					"the message that is intended or expressed or signified; ""what is the meaning of this sente"	core
means	03733547	Device	+								an instrumentality for accomplishing some end	core
measure	00174412	Procedure	=								"any maneuver made as part of progress toward a goal; ""the situation called for strong meas"	core
measuring-stick	03735637	Device	+			Q6804224					measuring instrument having a sequence of marks at regular intervals; used as a reference 	core
meat	07649854	Meat	=			Q10990	Mx4rvVi9RpwpEbGdrcN5Y29ycA				the flesh of animals (including fishes and birds and snails) used as food	core
mechanism	03738472	EngineeringComponent	=			Q517596					device consisting of a piece of machinery; has moving parts that perform some function	core
medication	03740161	BiologicallyActiveSubstance	+			Q12140					(medicine) something that treats or prevents or alleviates the symptoms of disease	core
medicine	06045562	FieldOfStudy	@			Q11190	Mx4rv8FjPpwpEbGdrcN5Y29ycA				the science of dealing with the maintenance of health and the prevention and treatment of 	core
medium	06261586	Communication	+			Q11033					(usually plural) transmissions that are disseminated widely to the public	core
meeting	08307589	FormalMeeting	=		Meeting	Q2761147	Mx4rvVkDiJwpEbGdrcN5Y29ycA				"a formally arranged gathering; ""next year the meeting will be in Chicago""; ""the meeting el"	core
melodic-theme	07029247	MusicalComposition	+								"(music) melodic subject of a musical composition; ""the theme is announced in the first mea"	core
member	10307234	GroupOfPeople	+				Mx8NhB4rvcD6KJwpEbGdrcN5Y29ycB4rvsaaeJwpEbGdrcN5Y29ycB4rvViz-5wpEbGdrcN5Y29ycB4rvZGAFpwpEbGdrcN5Y29ycA				one of the persons who compose a social group (especially individuals who have joined and 	core
membership	13931627	Human	+								the state of being a member	core
memo	06506191	Text	+				Mx4rvViuspwpEbGdrcN5Y29ycA				a written proposal or reminder	core
memorial	03743902	Monument	+		Memorial	Q5003624	Mx4rwP1rJ5wpEbGdrcN5Y29ycA				a structure erected to commemorate persons or events	core
memory	05935060	Remembering	=			Q492	Mx4rvVjaR5wpEbGdrcN5Y29ycA				"something that is remembered; ""search as he would, the memory was lost"""	core
menace	14543231	SubjectiveAssessmentAttribute	+								"something that is a source of danger; ""earthquakes are a constant threat in Japan"""	core
mental-association	05763916	EducationalProcess	+								"the process of bringing ideas or events together in memory or imagination; ""conditioning i"	core
mental-hospital	03746574	HospitalBuilding	+			Q210999					a hospital for mentally incompetent or unbalanced person	core
mental-image	05928118	Icon	+								"an iconic mental representation; ""her imagination forced images upon her too awful to cont"	core
mentality	06195839	TraitAttribute	=								a habitual or characteristic mental attitude that determines how you will interpret and re	core
menu	06492939	Menu	=	schema:Menu		Q658274	Mx4rvVjTypwpEbGdrcN5Y29ycA				"a list of dishes available at a restaurant; ""the menu was in French"""	core
merchandise	03748886	Product	+								"commodities offered for sale; ""good business depends on having good merchandise""; ""that st"	core
merchant	10309896	Position	+			Q215536					a businessperson engaged in retail trade	core
message	06253690	Message	=	schema:Message		Q628523	Mx4rwITjK5wpEbGdrcN5Y29ycA				"a communication (usually brief) that is written or spoken or signaled; ""he sent a three-wo"	core
metal	14625458	Metal	+			Q11426	Mx4rvVisOZwpEbGdrcN5Y29ycA				any of several chemical elements that are usually shiny solids that conduct heat or electr	core
method	05660268	Procedure	+			Q2250960	Mx4rlre1Z3brSZG4UBgTEaq5_w			Method	a way of doing something, especially a systematic way; implies an orderly logical arrangem	core
methodology	05661400	Procedure	+		Methodology						the system of methods followed in a particular discipline	core
metro	03757138	SubwaySystem	=			Q5503					"an electric railway operating below the surface of the ground (usually in a city); ""in Par"	core
microorganism	01326291	Microorganism	=			Q39833	Mx4rwAst7pwpEbGdrcN5Y29ycA				any organism of microscopic size	core
microphone	03759954	Microphone	=			Q46384	Mx4rvVjpapwpEbGdrcN5Y29ycA				device for converting sound waves into electrical energy	core
middle	05868272	Entity	+								"an intermediate part or section; ""A whole is that which has beginning, middle, and end""- A"	core
middleman	09960117	Position	+								"a person who is in a position to give you special assistance; ""he used his business contac"	core
midnight	15168185	Midnight	=			Q36402	Mx4rvVjbTJwpEbGdrcN5Y29ycA				"12 o'clock at night; the middle of the night; ""young children should not be allowed to sta"	core
migration	01123095	Motion	+								the movement of persons from one country or locality to another	core
mile	13776342	SubjectiveAssessmentAttribute	+			Q253276					"a large distance; ""he missed by a mile"""	core
military-action	00952963	Battle	+				Mx4rwCCSNZwpEbGdrcN5Y29ycA				"a military engagement; ""he saw action in Korea"""	core
military-control	01133106	PoliticalProcess	+			Q188686					the control of a country by military forces of a foreign power	core
military-operation	00955060	MilitaryOperation	=		Military_operation		Mx4rvhxFJZwpEbGdrcN5Y29ycA				"activity by a military or naval force (as a maneuver or campaign); ""it was a joint operati"	core
military-service	08198137	MilitaryService	=			Q209572					a force that is a branch of the armed forces	core
military-strike	00977301	Attack	=								"an attack that is intended to seize or inflict damage on or destroy an objective; ""the str"	core
military-unit	08198398	MilitaryUnit	+		Military_unit						"a unit that is part of some military service; ""he sent Caesar a force of six thousand men"""	core
milk	07844042	Milk	=			Q8495					a white nutritious liquid secreted by mammals and used as food by human beings	core
mill	03765561	Machine	+			Q44494	Mx4rmvomcNctQdeWTpExjRdNew				machinery that processes materials by grinding or crushing	core
mind	05611302	Brain	+			Q450					that which is responsible for one's thoughts and feelings; the seat of the faculty of reas	core
mine	03768346	Mine	=			Q44497					excavation in the earth from which ores and minerals are extracted	core
mine-shaft	04182514	Tunnel	+				Mx4rwPKilpwpEbGdrcN5Y29ycA				a long vertical passage sunk into the earth, as for a mine or tunnel	core
miner	10319796	Position	+			Q820037	Mx4rbUDAbiTfQdeF0qPDTcOt5A				laborer who works in a mine	core
mineral	14662574	Mineral	=			Q7946	Mx4rwQCJAJwpEbGdrcN5Y29ycA				solid homogeneous inorganic substances occurring in nature having a definite chemical comp	core
minimum	13763384	SubjectiveAssessmentAttribute	+			Q10585806					the smallest possible quantity	core
minister	10320863	Position	+			Q43872925	Mx4rvVuVWpwpEbGdrcN5Y29ycA				"a person appointed to a high office in the government; ""Minister of Finance"""	core
ministry	08114004	Organization	+			Q192350	Mx4rwooJShlEQdicuoWV4yDY4A				a government department under the direction of a minister	core
minority	05122850	Attribute	+				Mx4r0gTPihlFQdiI_PBbool7Qw				"being or relating to the smaller in number of two parts; ""when the vote was taken they wer"	core
minute	15234764	MinuteDuration	=								"a unit of time equal to 60 seconds or 1/60th of an hour; ""he ran a 4 minute mile"""	core
miracle	07288801	SubjectiveAssessmentAttribute	+		Miracle	Q170774	Mx4r-gP2GDDZQdiAodtSuGpocw				a marvellous event manifesting a supernatural act of a divine agent	core
mirror	03773035	Mirror	+		Mirror	Q35197	Mx4rvVj-cZwpEbGdrcN5Y29ycA				polished surface that forms images by reflecting light	core
misery	14448333	SubjectiveAssessmentAttribute	+				Mx4rvVimlZwpEbGdrcN5Y29ycA				"a state of ill-being due to affliction or misfortune; ""the misery and wretchedness of thos"	core
misgiving	05698791	PsychologicalAttribute	+								doubt about someone's honesty	core
mist	11482706	Fog	=			Q192196	Mx4rvgCvwpwpEbGdrcN5Y29ycA				a thin fog with condensation near the ground	core
mistake	00070965	SubjectiveAssessmentAttribute	+				Mx4rUM7skBVWQdiAMZTLn_AhDg				"a wrong action attributable to bad judgment or ignorance or inattention; ""he made a bad mi"	core
mix	07374756	Combining	+				Mx4rvdbabZwpEbGdrcN5Y29ycA				"an event that combines things in a mixture; ""a gradual mixture of cultures"""	core
model	03777283	Icon	+			Q6498959	Mx4rvgEO8ZwpEbGdrcN5Y29ycA				representation of something (sometimes on a smaller scale)	core
module	03778600	EngineeringComponent	+			Q18848	Mx4rwPDQI5wpEbGdrcN5Y29ycA				a self-contained component (unit or item) that is used in combination with other component	core
mold	13077033	Fungus	+			Q159341	Mx4rvbA1SZwpEbGdrcN5Y29ycA				a fungus that produces a superficial growth on various kinds of damp or decaying organic m	core
mole	01889520	Mammal	+			Q650143	Mx4rtv-p8u25QdaSYM1TrlK7zw				small velvety-furred burrowing mammal having small eyes and fossorial forefeet	core
mole.attribute	04693804	AnatomicalStructure	+			Q692077					a small congenital pigmented spot on the skin	core
molecule	14682133	Molecule	=		Molecule	Q11369	Mx4rvVjwspwpEbGdrcN5Y29ycA				(physics and chemistry) the simplest structural unit of an element or compound	core
mollusc	01940736	Mollusk	=			Q6501235					invertebrate having a soft unsegmented body usually enclosed in a shell	core
momentum	05029137	FunctionQuantity	+			Q41273	Mx4rvViXAZwpEbGdrcN5Y29ycA				"the product of a body's mass and its velocity; ""the momentum of the particles was deduced "	core
monarchy	08363812	Monarchy	=		Monarchy	Q7269	Mx4r9q9Azm2vEdaAAACgyZzFrg				an autocracy governed by a monarch who usually inherits the authority	core
monastery	03781244	StationaryArtifact	+		Monastery	Q44613					the residence of a religious community	core
monetary-wealth	13250542	WealthFn	=			Q200535					"wealth reckoned in terms of money; ""all his money is in real estate"""	core
money	13384877	Currency	+		Money	Q1368					"the official currency issued by a government or national bank; ""he changed his money into "	core
monk	10112129	Monk	=			Q733786	Mx4rwDgVOZwpEbGdrcN5Y29ycA				a male religious living in a cloister and devoting himself to contemplation and prayer and	core
monkey	02484322	Monkey	=			Q1367	Mx4rvVjta5wpEbGdrcN5Y29ycA				any of various long-tailed primates (excluding the prosimians)	core
monopoly	14444114	SubjectiveAssessmentAttribute	+			Q43637					"exclusive control or possession of something; ""They have no monopoly on intelligence"""	core
moon	09358358	EarthsMoon	=			Q405	Mx4rvVjVz5wpEbGdrcN5Y29ycA				"the natural satellite of the Earth; ""the average distance to the Moon is 384,400 kilometer"	core
morale	14374273	StateOfMind	+				Mx4rc2EcjJK4EdaAAACQJ5pcGA				a state of individual psychological well-being based upon a sense of confidence and useful	core
morning	15165289	Morning	=			Q7722	Mx4rvViIhZwpEbGdrcN5Y29ycA				"the time period between dawn and noon; ""I spent the morning running errands"""	core
morsel	07579076	Food	+								"a small amount of solid food; a mouthful; ""all they had left was a bit of bread"""	core
mortgage	13352138	Mortgage	+			Q184260	Mx4rvuDzypwpEbGdrcN5Y29ycA				a conditional conveyance of property as security for the repayment of a loan	core
mosaic	03787759	ArtWork	+		Mosaic	Q3324695					art consisting of a design made of small pieces of colored stone or glass	core
mosque	03788195	Mosque	=	schema:Mosque	Mosque	Q32815	Mx4rwJSZ7ZwpEbGdrcN5Y29ycA				(Islam) a Muslim place of worship that usually has a minaret	core
mosquito	02200198	Insect	+			Q7367	Mx4rvVjf-JwpEbGdrcN5Y29ycA				two-winged insect whose female has a long proboscis to pierce the skin and suck the blood 	core
mother	10332385	BiologicalAttribute	+			Q7560	Mx8NhB4rvcD6KJwpEbGdrcN5Y29ycB4rvViQ-ZwpEbGdrcN5Y29ycB4rvVjTQ5wpEbGdrcN5Y29ycB4rvViwMZwpEbGdrcN5Y29ycA				"a woman who has given birth to a child (also used as a term of address to your mother); ""t"	core
motif	03789014	ArtWork	+			Q1391023					a design or figure that consists of recurring shapes or colors, as in architecture or deco	core
motion	00331950	BodyMotion	=		Motion	Q79782					"a change of position that does not entail a change of location; ""the reflex motion of his "	core
motivation	00023773	PsychologicalAttribute	+								the psychological feature that arouses an organism to action toward a desired goal; the re	core
motivational-drive	04835724	TraitAttribute	+								"the trait of being highly motivated; ""his drive and energy exhausted his co-workers"""	core
motorcycle	03790512	Motorcycle	=	schema:Motorcycle	Motorcycle	Q56761348	Mx4rvVkEdJwpEbGdrcN5Y29ycA				a motor vehicle with two wheels and a strong frame	core
motorist	10334101	SocialRole	+								someone who drives (or travels in) an automobile	core
motto	07152259	Text	+		Motto	Q840625	Mx4r1N46Ci_qQdiUYc9m89_Mdg				a favorite saying of a sect or political group	core
mountain	09359803	Mountain	=	schema:Mountain	Mountain	Q8502	Mx4rvVjODZwpEbGdrcN5Y29ycA				a land mass that projects well above its surroundings; higher than a hill	core
mountain-range	09403734	MountainRange	+		Mountain_range	Q46831	Mx4rvVjlL5wpEbGdrcN5Y29ycA				"a series of hills or mountains; ""the valley was between two ranges of hills""; ""the plains "	core
mourning	13989280	Unhappiness	+			Q1026040					state of sorrow over the death or departure of a loved one	core
mouse	02330245	Mouse	=			Q2751034	Mx4rvVjvnpwpEbGdrcN5Y29ycA				any of numerous small rodents typically resembling diminutive rats having pointed snouts a	core
mouth	05302499	Mouth	+			Q9635	Mx4rvVidh5wpEbGdrcN5Y29ycA				"the opening through which food is taken in and vocalizations emerge; ""he stuffed his mouth"	core
move	00168658	Transportation	+			Q2918584					"the act of changing your residence or place of business; ""they say that three moves equal "	core
movement	08464601	PoliticalOrganization	+								a group of people with a common ideology who try together to achieve certain general goals	core
mud	14956325	Mud	=			Q170449					water soaked soil; soft wet earth	core
mug	03797390	DrinkingMug	=		Mug	Q386215	Mx4rvViE2JwpEbGdrcN5Y29ycA				with handle and usually cylindrical	core
multimedia	06261744	Text	+								transmission that combine media of communication (text and graphics and sound etc.)	core
murder	00220522	Murder	=		Murder	Q132821					unlawful premeditated killing of a human being by a human being	core
muscle	05289297	Muscle	=	schema:Muscle	Muscle	Q7365					one of the contractile organs of the body	core
museum	03800563	Building	+	schema:Museum	Museum	Q33506	Mx4rvViEOJwpEbGdrcN5Y29ycA				a depository for collecting and displaying objects having scientific or historical or arti	core
mushroom	12997919	Mushroom	=			Q83093	Mx8Ngh4rwU6E5pwpEbGdrcN5Y29ycB4rvVij7pwpEbGdrcN5Y29ycA				any of various fleshy fungi of the subdivision Basidiomycota consisting of a cap at the en	core
music	07020895	MakingMusic	=		Music	Q638	Mx4rvVjOJpwpEbGdrcN5Y29ycA				an artistic form of auditory communication incorporating instrumental or vocal tones in a 	core
music-band	08249038	MusicalGroup	+			Q215380					instrumentalists not including string players	core
music-director	09952539	MusicalConductor	=			Q158852					the person who leads a musical group	core
music-recording				schema:MusicRecording								core
musical-composition	07037465	MusicalComposition	=			Q207628	Mx4rwUwN3ZwpEbGdrcN5Y29ycA				"a musical work that has been created; ""the composition is written in four movements"""	core
musical-harmony	07027180	Music	+			Q184421					the structure of music with respect to the composition and progression of chords	core
musical-instrument	03800933	MusicalInstrument	=		Musical_instrument	Q34379	Mx4rvVjI6JwpEbGdrcN5Y29ycA				any of various devices or contrivances that can be used to produce musical tones or sounds	core
musical-note	06865345	ContentBearingObject	+		Musical_note	Q263478					"a notation representing the pitch and duration of a musical sound; ""the singer held the no"	core
musician	10339966	Musician	+		Musician	Q639669	Mx4rvVisB5wpEbGdrcN5Y29ycA				artist who composes or conducts music as a profession	core
mutation	07425011	PathologicProcess	+								(genetics) any event that changes genetic structure; any alteration in the inherited nucle	core
mystery	05685538	SubjectiveAssessmentAttribute	+								"something that baffles understanding and cannot be explained; ""how it got out is a mystery"	core
myth	06372680	NarrativeText	=		Myth		Mx4rTUrpPjoZQdeH0Mh951FVfA				a traditional story accepted as history; serves to explain the world view of a people	core
nail	03804744	Nail	=			Q37077					a thin pointed piece of metal that is hammered into materials as a fastener	core
name	06333653	Name	=		Name	Q82799					"a language unit by which a person or thing is known; ""his name really is George Washington"	core
narrative	07221094	Stating	+		Narrative		Mx4rvViIbJwpEbGdrcN5Y29ycA			Narrative	a message that tells the particulars of an act or occurrence or course of events; presente	core
nationality	13953787	Attribute	+		Nationality		Mx4rvViWHZwpEbGdrcN5Y29ycA				the status of belonging to a particular nation by birth or naturalization	core
natural-depression	09366017	Basin	+			Q190429					a sunken or depressed geological formation	core
natural-event	11408559	IntentionalProcess	[								all phenomena that are not artificial	core
natural-language	06904171	NaturalLanguage	=		Natural_language	Q33742	Mx4rvVjzepwpEbGdrcN5Y29ycA				a human written or spoken language used by a community; opposed to e.g. a computer languag	core
natural-law	05870916	Obligation	+			Q29524	Mx4rtw6J_MiwEdmAAAACs6hRjg				a rule or body of rules of conduct inherent in human nature and essential to or binding up	core
natural-object	00019128	Artifact	:								an object occurring naturally; not made by man	core
natural-science	06000400	Science	+								the sciences involved in the study of the physical world and its phenomena	core
nature	04726724	Attribute	+			Q7860					"the essential qualities or characteristics by which something is recognized; ""it is the na"	core
nature.object	09366762	Object	+			Q7860					"the natural physical world including plants and animals and landscapes etc.; ""they tried t"	core
nature.person	09503682	Agent	+			Q7860					"a causal agent creating and controlling things in the universe; ""the laws of nature""; ""nat"	core
nausea	14359952	Nausea	=			Q127076	Mx4rwP1RnZwpEbGdrcN5Y29ycA				the state that precedes vomiting	core
navy	08191701	Organization	+		Navy	Q4508	Mx4rvyO94ZwpEbGdrcN5Y29ycA				an organization of military vessels belonging to a country and available for sea warfare	core
necessity	09367203	Necessity	+								"anything indispensable; ""food and shelter are necessities of life""; ""the essentials of the"	core
neck	05546540	Neck	=			Q9633	Mx4rvVjLF5wpEbGdrcN5Y29ycA				the part of an organism (human or animal) that connects the head to the rest of the body; 	core
necktie	03815615	TieClothing	+			Q44416	Mx4rvVjMXJwpEbGdrcN5Y29ycA				neckwear consisting of a long narrow piece of material worn (mostly by men) under a collar	core
need	14449126	Attribute	+								"a condition requiring relief; ""she satisfied his need for affection""; ""God has no need of "	core
needle	03816136	Device	+			Q142690	Mx4rvViupJwpEbGdrcN5Y29ycA				a sharp pointed implement (usually steel)	core
negligence	04665813	TraitAttribute	+								the trait of neglecting responsibilities and lacking concern	core
negotiation	07148192	Meeting	+		Negotiation	Q202875					"a discussion intended to produce an agreement; ""the buyout negotiation lasted several days"	core
neighbor	10352299	SocialRole	+			Q1986893					a person who lives (or is located) near another	core
nephew	10353355	BiologicalAttribute	+			Q15224724					a son of your brother or sister	core
nerve	05474346	Tissue	+	schema:Nerve	Nerve	Q9620	Mx4rwP3lkpwpEbGdrcN5Y29ycA				any bundle of nerve fibers running to various organs and tissues of the body	core
nest	09369169	Nest	=			Q4785	Mx4rvZYx2JwpEbGdrcN5Y29ycA				a structure in which animals lay eggs or give birth to their young	core
net	03820154	Artifact	+			Q47530522	Mx4rvgEGIpwpEbGdrcN5Y29ycA				game equipment consisting of a strip of netting dividing the playing area in tennis or bad	core
network	03820474	BroadcastNetwork	+				Mx4rv1YoXZwpEbGdrcN5Y29ycA				(broadcasting) a communication system consisting of a group of broadcasting stations that 	core
newcomer	10355688	SocialRole	+								"a recent arrival; ""he's a newcomer to Boston"""	core
news	06642138	FactualText	=		News	Q38926	Mx4rvVjb0ZwpEbGdrcN5Y29ycA				"information about recent and important events; ""they awaited news of the outcome"""	core
news-program	06619850	NewsProgram	=		News_program						"a program devoted to current events, often using interviews and commentary; ""we watch the "	core
news-report	06681551	Report	+								"a short account of the news; ""the report of his speech""; ""the story was on the 11 o'clock "	core
newspaper	06267145	Newspaper	=	schema:Newspaper	Newspaper	Q11032					a daily or weekly publication on folded sheets; contains news and articles and advertiseme	core
night	15167027	NightTime	+			Q575	Mx4rvVieC5wpEbGdrcN5Y29ycA				the time after sunset and before sunrise while it is dark outside	core
nightmare	05769062	PsychologicalProcess	+			Q192692	Mx4r2ExPHjoZQdeSlbULcz8CcA				a terrifying or deeply upsetting dream	core
node	13911045	Entity	+								a connecting point at which several lines come together	core
noise	07387509	RadiatingSound	+								"sound of any kind (especially unintelligible or dissonant sound); ""he enjoyed the street n"	core
nomination	00164152	Appointing	+		Nomination	Q1156895	Mx4rkjEGsBk4QdiOq9W3G03udA				"the act of officially naming a candidate; ""the Republican nomination for Governor"""	core
nonpayment	13300141	NormativeAttribute	+								loss resulting from failure of a debt to be paid	core
nonprofit												core
nonsense	06607339	SubjectiveAssessmentAttribute	+			Q600499					a message that seems to convey no meaning	core
norm	13854488	NormativeAttribute	+			Q205665	Mx4rlvOL4mY1QdiY7KN-1Xb3Fw			Norm	"a standard or model or pattern regarded as typical; ""the current middle-class norm of two "	core
normal	05667613	NormativeAttribute	=			Q273176					"something regarded as a normative example; ""the convention of not naming the main characte"	core
north	13831176	North	=			Q659					the cardinal compass point that is at 0 or 360 degrees	core
nose	05598147	Nose	+			Q7363	Mx4rvViCbJwpEbGdrcN5Y29ycA				the organ of smell and entrance to the respiratory tract; the prominent part of the face o	core
note	06504462	FactualText	=								"a brief written record; ""he made a note of the appointment"""	core
notebook	06415419	Artifact	+		Notebook	Q43013	Mx4rvVjSS5wpEbGdrcN5Y29ycA				a book with blank pages for recording notes or memoranda	core
notebook-computer	03832673	Machine	+			Q3962					a small compact portable computer	core
notice	06747670	Disseminating	+								"an announcement containing information about an event; ""you didn't give me enough notice"";"	core
notice.communication	07212612	Notification	+			Q685744					advance notification (usually written) of the intention to withdraw from an arrangement of	core
notion	05836598	Proposition	+								a general inclusive concept	core
noun	06319293	Noun	=		Noun		Mx4rvojLOpwpEbGdrcN5Y29ycA				a content word that can be used to refer to a person, place, thing, quality, or action	core
novel	06367879	Novel	=		Novel		Mx4rvViJb5wpEbGdrcN5Y29ycA				an extended fictional work in prose; usually in the form of a story	core
nowadays	15119536	TimeInterval	+								the period of time that is happening now; any continuous stretch of time including the mom	core
nuance	06606191	SubjectiveAssessmentAttribute	+								"a subtle difference in meaning or opinion or attitude; ""without understanding the finer nu"	core
nuclear-reactor	03834040	Device	+		Nuclear_reactor	Q80877	Mx4rwJH52JwpEbGdrcN5Y29ycA				(physics) any of several kinds of apparatus that maintain and control a nuclear reaction f	core
number	05121418	Number	=		Number	Q11563	Mx4rvxwC-ZwpEbGdrcN5Y29ycA				"the property possessed by a sum or total or indefinite quantity of units or individuals; """	core
numeral	06807198	DigitCharacter	+				Mx4rvVkGUpwpEbGdrcN5Y29ycA				"a symbol used to represent a number; ""he learned to write the numerals before he went to s"	core
nun	10368009	ReligiousOrganization	+			Q191808	Mx4rvgHzmJwpEbGdrcN5Y29ycA				a woman religious	core
nurse	10366966	Position	+			Q186360	Mx4rvViV3pwpEbGdrcN5Y29ycA				one skilled in caring for young children or the sick (usually under the supervision of a p	core
nursery	03836062	Nursery	=			Q1741939	Mx4rwLMRZZwpEbGdrcN5Y29ycA				a child's room for a baby	core
nut	13136556	Nut	=			Q11009					usually large hard-shelled seed	core
nutshell	11683556	BodyCovering	+			Q7070552	Mx4rvWPUhZwpEbGdrcN5Y29ycA				the hard usually fibrous outer layer of some fruits especially nuts	core
oak	12268246	BotanicalTree	+				Mx8Ngh4rvVio85wpEbGdrcN5Y29ycB4rvVjB35wpEbGdrcN5Y29ycA				"a deciduous tree of the genus Quercus; has acorns and lobed leaves; ""great oaks grow from "	core
objection	07208338	ExpressingDisapproval	+				Mx4rpaq0ch64QdiMdpZwIgcMcg				the speech act of objecting	core
observation	05818741	True	+	schema:Observation		Q193181	Mx4rI2UNFsh-EdmAAAACs6hRjg				"facts learned by observing; ""he reported his observations to the mayor"""	core
obstacle	03839795	Process	+			Q264661	Mx4rwJJMaZwpEbGdrcN5Y29ycA				an obstruction that stands in the way (and must be removed or surmounted or circumvented)	core
occasion	15245829	TimePosition	+								"the time of a particular event; ""on the occasion of his 60th birthday"""	core
occupation	00582388	Position	+	schema:Occupation	Occupation	Q4830453	Mx4rg0xHZMCxEdmAAAACs6hRjg				"the principal activity in your life that you do to earn money; ""he's not in my line of bus"	core
ocean	09376198	Ocean	=			Q9430	Mx4rvVjktpwpEbGdrcN5Y29ycA				a large body of water constituting a principal part of the hydrosphere	core
ocean.quantity	13776971	SubjectiveAssessmentAttribute	+								anything apparently limitless in quantity or volume	core
oeuvre	03841417	Artifact	+								"the total output of a writer or artist (or a substantial part of it); ""he studied the enti"	core
offense	00980038	ViolentContest	+								the action of attacking an enemy	core
offer	07185076	UnilateralGiving	+	schema:Offer							"the verbal act of offering; ""a generous offer of assistance"""	core
office	03841666	OfficeBuilding	=		Office	Q182060	Mx4rvViJHpwpEbGdrcN5Y29ycA				"place of business where professional or clerical duties are performed; ""he rented an offic"	core
official	10372373	Human	+		Official						a worker who holds or is invested with an office	core
offspring	10373998	BiologicalAttribute	+			Q239526	Mx8NhB4rvcD6KJwpEbGdrcN5Y29ycB4rvVim7ZwpEbGdrcN5Y29ycB4rvVjZipwpEbGdrcN5Y29ycB4rvVjYxZwpEbGdrcN5Y29ycA				"the immediate descendants of a person; ""she was the mother of many offspring""; ""he died wi"	core
oil	14966667	Oil	=		Oil		Mx4rvVjZ6ZwpEbGdrcN5Y29ycA				a slippery or viscous liquid or liquefiable substance not miscible with water	core
old-age	15153787	TimeInterval	+			Q191089					"a late time of life; ""old age is not for sissies""; ""he's showing his years""; ""age hasn't s"	core
olfactory-property	04980008	OlfactoryAttribute	=			Q485537					any property detected by the olfactory system	core
omission	00074624	SubjectiveAssessmentAttribute	+				Mx4rvftBih60QdiLR6PT5LyAqQ				a mistake resulting from neglect	core
one-fourth	13737480	RationalNumber	+								"one of four equal parts; ""a quarter of a pound"""	core
one-half	13736799	RationalNumber	+								"one of two equal parts of a divisible whole; ""half a loaf""; ""half an hour""; ""a century and"	core
onion	12433081	FruitOrVegetable	+			Q23485	Mx4rwQCWWZwpEbGdrcN5Y29ycA				the bulb of an onion plant	core
opera	07026352	Opera	=		Opera	Q1344					a drama set to music; consists of singing with orchestral accompaniment and an orchestral 	core
operating-system	06568134	OperatingSystem	+	schema:OperatingSystem	Operating_system	Q9135	Mx4rvViws5wpEbGdrcN5Y29ycA				(computer science) software that controls the execution of computer programs and may provi	core
operation	00671351	Surgery	=			Q600236	Mx4rw6j3oNfXEduAAAACs6hRXg				a medical procedure involving an incision with instruments; performed to repair damage or 	core
opinion	06782019	Proposition	+			Q3962655					a message expressing a belief about something; the expression of a belief that is held wit	core
opinion-poll	05800998	Polling	+		Opinion_poll	Q49958					an inquiry into public opinion conducted by interviewing a random sample of people	core
opportunity	14483917	SubjectiveAssessmentAttribute	+				Mx4rbgUMqkPuQdmXrOuIThCETg				"a possibility due to a favorable combination of circumstances; ""the holiday gave us the op"	core
opposing-view	06783265	Proposition	+								"an opinion that is held in opposition to another in an argument or dispute; ""there are two"	core
opposite	13858604	SubjectiveAssessmentAttribute	+								"a relation of direct opposition; ""we thought Sue was older than Bill but just the reverse "	core
opposition	08404188	PoliticalParty	+			Q192852					the major political party opposed to the party in office and prepared to replace it if ele	core
optimism	05211793	TraitAttribute	+			Q485446					a general disposition to expect the best in all things	core
option	05790944	SubjectiveAssessmentAttribute	+				Mx4rvWnTEJwpEbGdrcN5Y29ycA				"one of a number of things from which only one can be chosen; ""what option did I have?""; ""t"	core
orange	07747607	OrangeFruit	=			Q13191					round yellow to orange fruit of any of several citrus trees	core
orange-colour	04965179	OrangeColor	+			Q39338					orange color or pigment; any of a range of colors between red and yellow	core
orbit	08612049	Transitway	+			Q4130					the (usually elliptical) path described by one celestial body in its revolution about anot	core
orchestra	08248157	Orchestra	=		Orchestra	Q42998	Mx4rvVjq95wpEbGdrcN5Y29ycA				a musical organization consisting of a group of instrumentalists including string players	core
order	07279687	Requesting	+	schema:Order							"a request for something to be made, supplied, or served; ""I gave the waiter my order""; ""th"	core
orderliness	14496710	SubjectiveAssessmentAttribute	+								"a condition of regular or proper arrangement; ""he put his desk in order""; ""the machine is "	core
organ	05297523	Organ	=			Q712378					a fully differentiated structural and functional unit in an animal that is specialized for	core
organism	00004475	Organism	=		Organism	Q7239				Organism	a living thing that has (or can develop) the ability to act or function independently	core
organization	08008335	Organization	=	schema:Organization	Organization	Q43229				Organization	a group of people who work together	core
orgy	00511212	RecreationOrExercise	+			Q912179	Mx4rv7DYkpwpEbGdrcN5Y29ycA				a wild gathering involving excessive drinking and promiscuity	core
orientation	13828075	DirectionalAttribute	=								position or alignment relative to points of the compass or other specific directions	core
origin	04923743	BiologicalAttribute	+								"properties attributable to your ancestry; ""he comes from good origins"""	core
outfit	03859958	Outfit	=			Q1381731					"a set of clothing (with accessories); ""his getup was exceedingly elegant"""	core
outflow	09443453	Creek	+								a natural flow of ground water	core
outgo	13275288	Giving	+								money paid out; an amount spent	core
outline	06468951	Summary	+				Mx4rj5nVxSzGEdiUgwAH6RYvSQ				a sketchy summary of the main points of an argument or theory	core
output	13758745	PhysicalQuantity	+				Mx8NhB4rvcD6KJwpEbGdrcN5Y29ycB4rvVi255wpEbGdrcN5Y29ycB4rvWStbZwpEbGdrcN5Y29ycB4rvVjeiZwpEbGdrcN5Y29ycA				the quantity of something (as a commodity) that is created (usually within a given period 	core
outside	08613472	Region	+								the outer side or surface of something	core
oven	03862676	Oven	=		Oven	Q36539	Mx4rvViZrJwpEbGdrcN5Y29ycA				kitchen appliance used for baking or roasting	core
overall	03863108	Trousers	+			Q140066496					(usually plural) work clothing consisting of denim trousers (usually with a bib and should	core
overhaul	00268112	Repairing	+								"periodic maintenance on a car or machine; ""it was time for an overhaul on the tractor"""	core
overview	06469223	Text	+				Mx4r1CCumKOMQdidZolcbRyzMA				"a general summary of a subject; ""the treasurer gave a brief overview of the financial cons"	core
owl	01621127	Owl	=			Q241515	Mx4rvVjvDJwpEbGdrcN5Y29ycA				nocturnal bird of prey with hawk-like beak and claws and large head with front-facing eyes	core
owner	10388924	Human	+				Mx8NhB4rwP1IC5wpEbGdrcN5Y29ycB4rvViknpwpEbGdrcN5Y29ycB4rvVjXU5wpEbGdrcN5Y29ycB4rvVi255wpEbGdrcN5Y29ycA				"(law) someone who owns (is legal possessor of) a business; ""he is the owner of a chain of "	core
ownership	13240514	Attribute	+								the relation of an owner to the thing possessed; possession with the right to transfer pos	core
oxygen	14648100	Oxygen	=			Q629					a nonmetallic bivalent element that is normally a colorless odorless tasteless nonflammabl	core
pace	05058580	PerFn	=				Mx4rc06f4skrEdmAAAACs6hRjg				"the relative speed of progress or change; ""he lived at a fast pace""; ""he works at a great "	core
pack	03870672	Container	+			Q3033123	Mx8Ngh4rwP1535wpEbGdrcN5Y29ycB4rvVj0MZwpEbGdrcN5Y29ycA				a bundle (especially one carried on the back)	core
pack-of-cards	07956721	Collection	+								a pack of 52 playing cards	core
package	08008017	Collection	+			Q13107365					a collection of things wrapped or boxed together	core
packet	03871628	Artifact	+			Q25221956					a small package or bundle	core
page	06256697	Page	=			Q1069725					one side of one leaf (of a book or magazine or newspaper or letter etc.) or the written or	core
pain	05724694	Pain	=			Q81938					"a somatic sensation of acute discomfort; ""as the intensity increased the sensation changed"	core
pain-in-the-neck	10391513	Human	+								"a bothersome annoying person; ""that kid is a terrible pain"""	core
painfulness	07494363	EmotionalState	+								"emotional distress; a fundamental feeling that people try to avoid; ""the pain of lonelines"	core
paint	03875218	Paint	+			Q174219	Mx4rvVjTC5wpEbGdrcN5Y29ycA				a substance used as a coating to protect or decorate a surface (especially a mixture of pi	core
painter	10391653	Painter	+		Painter	Q1028181					an artist who paints	core
painting	03876519	PaintedPicture	=	schema:Painting	Painting	Q11629					"graphic art consisting of an artistic composition made by applying paints to a surface; ""a"	core
pair	07976936	GroupOfPeople	+				Mx4rvVi-y5wpEbGdrcN5Y29ycA				two people considered as a unit	core
palace	03877845	Building	+		Palace	Q16560	Mx4rvVjpbJwpEbGdrcN5Y29ycA				official residence of an exalted person (as a sovereign)	core
palm	12582231	BotanicalTree	+			Q14080					any plant of the family Palmae having an unbranched trunk crowned by large pinnate or palm	core
pan	02481629	Ape	+			Q80174	Mx4rvViF9JwpEbGdrcN5Y29ycA				chimpanzees; more closely related to Australopithecus than to other pongids	core
panel	03882058	EngineeringComponent	+				Mx4rvVjG1pwpEbGdrcN5Y29ycA				sheet that forms a distinct (usually flat and rectangular) section or component of somethi	core
panic	07520612	Panic	=			Q208450	Mx4rvVkHQJwpEbGdrcN5Y29ycA				an overwhelming feeling of fear and anxiety	core
paper	14974264	Paper	=		Paper	Q11472					a material made of cellulose pulp derived mainly from wood or rags or certain grasses	core
parade	08428485	Motion	+		Parade	Q657449	Mx4rvVjMDZwpEbGdrcN5Y29ycA				a ceremonial procession including people marching	core
paradiddle	07388816	RadiatingSound	+								the sound of a drum (especially a snare drum) beaten rapidly and continuously	core
paradox	06724559	False	+		Paradox	Q483372	Mx4rLHKF9tbJEdmAAACQJw5drg				"(logic) a statement that contradicts itself; ""`I always lie' is a paradox because if it is"	core
paragraph	06399995	Paragraph	+			Q1931107	Mx4rZ3gqxqpIEdaAAABQ2sS97g				one of several distinct subdivisions of a text intended to separate ideas; the beginning i	core
parameter	07328305	Entity	+			Q1410440				Parameter	any factor that defines a system and determines (or limits) its performance	core
parcel	01085098	Sharing	=			Q13107365					"the allotment of some amount by dividing something; ""death gets more than its share of att"	core
pardon	06552639	Certificate	+				Mx4rbvd9ihlJQdiDW7XllEbJkg				a warrant granting release from punishment for an offense	core
parent	10399491	BiologicalAttribute	+			Q7566					a father or mother; one who begets or one who gives birth to or nurtures and raises a chil	core
park	08615374	Park	+	schema:Park	Park	Q1312431	Mx4rwQwoIJwpEbGdrcN5Y29ycA				"a piece of open land for recreational use in an urban area; ""they went for a walk in the p"	core
parking	13778671	Region	+			Q267917	Mx4rrCXnQRI5EdeEdgACs6hRuw				"space in which vehicles can be parked; ""there is plenty of parking behind the store"""	core
parliament	08319198	Parliament	=		Parliament	Q35749	Mx4r4A_2hI2bQdiY2PczkXJ4BQ				a legislative assembly in certain countries	core
parole	07227301	Committing	+								"a promise; ""he gave his word"""	core
paroxysm	14082788	DiseaseOrSyndrome	+								"a sudden uncontrollable attack; ""a paroxysm of giggling""; ""a fit of coughing""; ""convulsion"	core
part	13809207	Entity	+			Q7401	Mx4rvVid6ZwpEbGdrcN5Y29ycA				"something determined in relation to something that includes it; ""he wanted to feel a part "	core
participant	10401829	Human	+								someone who takes part in an activity	core
particle	09386422	SubatomicParticle	+			Q1621273	Mx4rvVj0fpwpEbGdrcN5Y29ycA				a body having finite mass and internal structure but negligible dimensions	core
partner	10402417	SocialRole	+				Mx4rPKHIyry6EdmAAAACs6hRjg				a person who is a member of a partnership	core
partnership	06526291	Contract	+		Partnership	Q728646	Mx4rvVipSZwpEbGdrcN5Y29ycA				a contract between two or more persons who agree to pool talent and money and share profit	core
party	08252602	SocialParty	=		Party	Q1686000	Mx8NhB4rvcD6KJwpEbGdrcN5Y29ycB4rvsaaeJwpEbGdrcN5Y29ycB4rvViAFJwpEbGdrcN5Y29ycB4rvViPO5wpEbGdrcN5Y29ycA				"a group of people gathered together for pleasure; ""she joined the party after dinner"""	core
pass	06690408	Certificate	+								"a document indicating permission to do something without restrictions; ""the media represen"	core
passage	05248181	BodyVessel	+								"a path or channel or duct through or along which something may pass; ""the nasal passages"""	core
passenger	10403876	SocialRole	+		Passenger	Q319604					a traveler riding in a vehicle (a boat or bus or car or plane or train etc) who is not ope	core
passing	00065575	ContestAttribute	+			Q1193328					"success in satisfying a test or requirement; ""his future depended on his passing that test"	core
passion	07480896	EmotionalState	+			Q335046	Mx4rvViwd5wpEbGdrcN5Y29ycA				a strong feeling or emotion	core
passport	06500937	Passport	=			Q43812					a document issued by a country to a citizen allowing that person to travel abroad and re-e	core
password	06674188	LinguisticExpression	+			Q161157					"a secret word or phrase known only to a restricted group; ""he forgot the password"""	core
past	15120823	PastFn	=			Q192630					"the time that has elapsed; ""forget the past"""	core
pastel	04974575	ColorAttribute	+			Q2513175					any of various pale or light colors	core
pastime	00431552	RecreationOrExercise	+								"a diversion that occupies one's time and thoughts (usually pleasantly); ""sailing is her fa"	core
pastime-game	00430606	Game	=								"an amusement or pastime; ""they played word games""; ""he thought of his painting as a game t"	core
pasture	08616050	Field	+			Q30121	Mx4rwQr53ZwpEbGdrcN5Y29ycA				a field covered with grass or herbage and suitable for grazing by livestock	core
patch	03897943	Fabric	+				Mx4rqlv2hrtKEdmAAAACs6hRjg				a piece of cloth used as decoration or to mend or cover a hole	core
patent	06501141	Patent	=		Patent	Q253623	Mx4rvVitH5wpEbGdrcN5Y29ycA				a document granting an inventor sole rights to an invention	core
path	09387222	Transitway	+			Q119781	Mx4r7k80XssQEdmAAAACs6hRjg				"a line or route along which something travels or moves; ""the hurricane demolished houses i"	core
patience	04640538	TraitAttribute	+			Q12846123	Mx4rvViKvpwpEbGdrcN5Y29ycA				good-natured tolerance of delay or incompetence	core
patient	10405694	Human	+	schema:Patient		Q181600	Mx4rvViT1JwpEbGdrcN5Y29ycA				"a person who requires medical care; ""the number of emergency patients has grown rapidly"""	core
patio	03899768	Patio	=		Patio	Q2577534					usually paved outdoor area adjoining a residence	core
patriot	10407310	BeliefGroup	+			Q1898124					one who loves and defends his or her country	core
patriotism	04878101	TraitAttribute	+			Q6241					"love of country and willingness to sacrifice for it; ""they rode the same wave of popular p"	core
patrol	08216176	SecurityUnit	=								a detachment used for security or reconnaissance	core
pattern	05938795	Abstract	+		Pattern	Q7148361	Mx4rvVjndZwpEbGdrcN5Y29ycA			Pattern	"a model considered worthy of imitation; ""the American constitution has provided a pattern "	core
pause	15271008	TimeInterval	+			Q1681122					a time interval during which there is a temporary cessation of something	core
payment	01120448	Payment	=				Mx4rvVkKHZwpEbGdrcN5Y29ycA				the act of paying money	core
pb	14643467	Lead	=			Q708					a soft heavy toxic malleable metallic element; bluish white when freshly cut but tarnishes	core
peace	07515790	Serenity	=			Q454					the absence of mental stress or anxiety	core
peacetime	13970236	PeaceState	=			Q454					the state prevailing during the absence of war	core
peak	08617963	LandArea	+								"the top or extreme point of something (usually a mountain or hill); ""the view from the pea"	core
peanut	07737745	Peanut	+			Q636425	Mx8Ngh4rwP4F85wpEbGdrcN5Y29ycB4rvVidtZwpEbGdrcN5Y29ycA				pod of the peanut vine containing usually 2 nuts or seeds; `groundnut' and `monkey nut' ar	core
peasant	10410996	Human	+			Q838811	Mx8NhB4rcacO5KgcQdidVfCUDYB6bg-HcGVhc2FudB4rvVii2ZwpEbGdrcN5Y29ycA-kNTVkM2VlYjQtMTdhYS00MWQ5LTlmNjgtYjkzYzE5ZTA2OTBl				one of a (chiefly European) class of agricultural laborers	core
pedestrian	10412055	Walking	+			Q221488	Mx4rW-FxPm-AEduAAAACs2IKfQ				a person who travels by foot	core
peel	07738353	FruitOrVegetable	+			Q171187					the rind of a fruit or vegetable	core
peer	09626238	SocialRole	+			Q268385	Mx4r8RZS6ry5EdmAAAACs6hRjg				a person who is of equal standing with another in a group	core
pen	03906997	WritingDevice	+			Q165447					a writing implement with a point from which ink flows	core
pencil	03908204	Pencil	=			Q14674	Mx4rvVjLfJwpEbGdrcN5Y29ycA				a thin cylindrical pointed writing implement; a rod of marking substance encased in wood	core
pension	13384164	CurrencyMeasure	+								a regular payment to a person that is intended to allow them to subsist without working	core
pensioner	10414612	Human	+				Mx4rXRRtHr-sEdaAAAACs6Mw3A				the beneficiary of a pension fund	core
people	07942152	GroupOfPeople	=		People	Q171283					"(plural) any group of human beings (men or women or children) collectively; ""old people""; "	core
pepper	13149506	FloweringPlant	+			Q43084					climber having dark red berries (peppercorns) when fully ripe; southern India and Sri Lank	core
perceiver	09626589	Human	+								a person who becomes aware (of things or events) through the senses	core
percentage	13817526	PositiveRealNumber	=								a proportion in relation to a whole (which is usually the amount per hundred)	core
perception	05708432	Perception	=			Q160402					the process of perceiving	core
perceptiveness	07513247	PsychologicalAttribute	+			Q399754					a feeling of understanding	core
performance	06891493	Performance	+		Performance						"a dramatic or musical entertainment; ""they listened to ten different performances""; ""the p"	core
performer	10415638	Performer	=			Q3153559					an entertainer who performs a dramatic or musical work for an audience	core
performing	00550771	Performance	=								"the act of presenting a play or a piece of music or other entertainment; ""we congratulated"	core
perfume	03916031	Solution	+		Perfume	Q131746	Mx4rvVjKfJwpEbGdrcN5Y29ycA				a toiletry that emits and diffuses a fragrant odor	core
period	06843520	Character	+								a punctuation mark (.) placed at the end of a declarative sentence to indicate a full stop	core
period.time	15289779	TimeInterval	+								the interval taken to complete one cycle of a regularly repeating phenomenon	core
permission	06689297	Permission	+				Mx4rvViv2pwpEbGdrcN5Y29ycA				"approval to do something; ""he asked permission to leave"""	core
person	00007846	Human	=	schema:Person	Person	Q215627					"a human being; ""there was too much for one person to do"""	core
personal-identification-number	06887441	ComputerPassword	+				Mx4rp3B5vkyIQdmQPJezd-SpMw				a number you choose and use to gain access to various accounts	core
personal-knowledge	05817145	True	+								personal knowledge or information about someone or something	core
personality	04617562	TraitAttribute	+								the complex of all the attributes--behavioral, temperamental, emotional and mental--that c	core
perspective	06208751	Proposition	+				Mx4r7Pjy1hxzQdiSQ8-IJp0TBg				"a way of regarding situations or topics etc.; ""consider what follows from the positivist v"	core
perspiration	05405751	Sweat	+			Q3503092					"salty fluid secreted by sweat glands; ""sweat poured off his brow"""	core
pest	10419630	Human	+			Q219174					a persistently annoying person	core
pet	01318894	DomesticAnimal	+			Q39201					a domesticated animal kept for companionship or amusement	core
phase	15290337	TimeInterval	+				Mx4r5CqwVitOQdiDpueA9CTvzw				"any distinct time period in a sequence of events; ""we are in a transitional stage in which"	core
phenomenon	00034213	Physical	=		Phenomenon						any state or process known through the senses rather than by intuition or reasoning	core
philosopher	10423589	Philosophy	=			Q4964182	Mx4rvVjuapwpEbGdrcN5Y29ycA				a specialist in philosophy	core
philosophy	06158346	Philosophy	@		Philosophy	Q5891	Mx4rvVjXOZwpEbGdrcN5Y29ycA				the rational investigation of questions about existence and knowledge and ethics	core
phone	04401088	Telephone	=			Q11035	Mx4rvVjTBZwpEbGdrcN5Y29ycA				electronic equipment that converts sound into electrical signals that can be transmitted o	core
phone-call	06272803	TelephoneCommunication	=			Q2296401					"a telephone connection; ""she reported several anonymous calls""; ""he placed a phone call to"	core
phone-number	06426111	ContentBearingObject	+			Q214995					"the number is used in calling a particular telephone; ""he has an unlisted number"""	core
photograph	03925226	Photograph	=	schema:Photograph	Photograph	Q125191					a representation of a person or scene in the form of a print or transparent slide; recorde	core
photographer	10426749	Photographer	=			Q33231	Mx4rvViqTJwpEbGdrcN5Y29ycA				someone who takes photographs professionally	core
photographic-film	03338821	PhotographicFilm	=		Photographic_film	Q6293	Mx4rvVkB4ZwpEbGdrcN5Y29ycA				photographic material consisting of a base of celluloid covered with a photographic emulsi	core
photography	00903559	ContentDevelopment	+		Photography	Q11633					the act of taking and printing photographs	core
physical-object	00002684	CorpuscularObject	=		Physical_object	Q223557		BFO_0000030	physical-object	PhysicalObject	"a tangible and visible entity; an entity that can cast a shadow; ""it was full of rackets, "	core
physics	06090869	Physics	=		Physics	Q413					"the science of matter and energy and their interactions; ""his favorite subject was physics"	core
piano	03928116	Piano	=		Piano	Q5994	Mx4rvViiWZwpEbGdrcN5Y29ycA				a keyboard instrument that is played by depressing keys that cause hammers to strike tuned	core
pie	07625493	PreparedFood	+			Q13360264					dish baked in pastry-lined pan often with a pastry top	core
piece	03932203	Entity	+				Mx4rdvPVjrtKEdmAAAACs6hRjg				"a separate part of a whole; ""an important piece of the evidence"""	core
piece-of-paper	06255777	Paper	+								paper used for writing or printing	core
pier	03933933	StationaryArtifact	+		Pier	Q335297	Mx4rlIY0dq1gEdqAAAACs6hO_g				a support for two adjacent bridge spans	core
pig	10179649	Human	+			Q787	Mx4rvViuYZwpEbGdrcN5Y29ycA				a person regarded as greedy and pig-like	core
pigeon	01811909	Pigeon	=			Q209239	Mx4rvVjFrZwpEbGdrcN5Y29ycA				wild and domesticated birds having a heavy body and short legs	core
pile	07961480	Collection	+								a collection of objects laid on top of each other	core
pill	03936895	Hormone	+			Q817281	Mx4rwP1I25wpEbGdrcN5Y29ycA				a contraceptive in the form of a pill containing estrogen and progestin to inhibit ovulati	core
pillow	03938244	Pillow	+			Q99895	Mx4rvVib95wpEbGdrcN5Y29ycA				a cushion to support the head of a sleeping person	core
pilot	10433164	Pilot	=			Q2095549					someone who is licensed to operate an aircraft in flight	core
pioneer	10434725	SocialRole	+			Q3492227					someone who helps to open up a new line of research or technology or art	core
pipe	13901321	ShapeAttribute	+			Q104526					a hollow cylindrical shape	core
pipe-organ	03854065	WindInstrument	+		Pipe_organ	Q281460					wind instrument whose sound is produced by means of pipes arranged in sets supplied with a	core
pit	03949663	Device	+				Mx4rvaKcg5wpEbGdrcN5Y29ycA				a trap in the form of a concealed hole	core
pitch	04985198	SoundAttribute	+			Q118819					the property of sound that varies with variation in the frequency of vibration	core
pity	07305098	SubjectiveAssessmentAttribute	+				Mx4rwPunxJwpEbGdrcN5Y29ycA				"an unfortunate development; ""it's a pity he couldn't do it"""	core
place	00027167	Region	=	schema:Place	Place					Place	a point or extent in space	core
placement	05075602	Designing	+								"the spatial property of the way in which something is placed; ""the arrangement of the furn"	core
plaintiff	10437852	LegalAgent	+			Q468489					a person who brings an action in a court of law	core
plan	05898568	Plan	=		Plan		Mx4r9DYNZvBfQdiISKek7wWggA			Plan	"a series of steps to be carried out or goals to be accomplished; ""they drew up a six-step "	core
plane-ticket	06519253	Ticket	+								a ticket good for a trip on an airplane	core
planet	09394007	Planet	=			Q634	Mx4rvVjRL5wpEbGdrcN5Y29ycA				(astronomy) any of the nine large celestial bodies in the solar system that revolve around	core
plank	15101854	BoardOrBlock	+			Q1355652					a stout length of sawn timber; made in a wide variety of sizes and used for many purposes	core
plant	00017222	Plant	=		Plant	Q756					(botany) a living organism lacking the power of locomotion	core
plant-root	13125117	PlantRoot	=			Q41500					(botany) the usually underground organ that lacks buds or leaves or nodes; absorbs water a	core
plaster	03957420	Mixture	+			Q216054	Mx4rvViim5wpEbGdrcN5Y29ycA				adhesive tape used in dressing wounds	core
plastic	14592610	Plastic	=		Plastic	Q11474	Mx4rvVj0lpwpEbGdrcN5Y29ycA				generic name for certain synthetic or semisynthetic materials that can be molded or extrud	core
plate	03959485	Tableware	+			Q57216					dish on which food is served or from which food is eaten	core
play	00431893	RecreationOrExercise	+	schema:Play	Play	Q25379					"activity by children that is guided more by imagination than by fixed rules; ""Freud believ"	core
player	10439851	Human	+			Q4197743	Mx4rv_FIS5wpEbGdrcN5Y29ycA				a person who participates in or is skilled at some game	core
playground-swing	04371774	RecreationOrExerciseDevice	+			Q188688					mechanical device used as a plaything to support someone swinging back and forth	core
playing-field	08570758	LandArea	+				Mx4rvVi3PZwpEbGdrcN5Y29ycA				"a piece of land prepared for playing a game; ""the home crowd cheered when Princeton took t"	core
playpen	03964495	Container	+			Q605068	Mx4rvlw-PJwpEbGdrcN5Y29ycA				a portable enclosure in which babies may be left to play	core
plaything	03964744	Toy	=								an artifact designed to be played with	core
pleasure	07490713	Pleasure	=			Q208195	Mx4rvVkL9ZwpEbGdrcN5Y29ycA				"a fundamental feeling that is hard to define but that people desire to experience; ""he was"	core
plot	08674739	CultivatedLandArea	+				Mx4rp1tVUoE6QdmCBsVf0_RgPA				"a small area of ground covered by specific vegetation; ""a bean plot""; ""a cabbage patch""; """	core
plot.communication	06373314	Proposition	+			Q217086					"the story that is told in a novel or play or movie etc.; ""the characters were well drawn b"	core
pneumonia	14147627	Pneumonia	+			Q12192	Mx4rLVgMvq2TEduAAAAOpmP6tw				respiratory disease characterized by inflammation of the lung parenchyma (excluding the br	core
pocket	03972524	Pocket	=			Q321767	Mx4rvVkKmZwpEbGdrcN5Y29ycA				a small pouch inside a garment for carrying small articles	core
podcast					Podcast							core
poem	06377442	FictionalText	+				Mx4rvvm9OJwpEbGdrcN5Y29ycA				a composition written in metrical feet forming rhythmical lines	core
poetry	07092592	FictionalText	+		Poetry	Q482	Mx8Ngh4rwP1535wpEbGdrcN5Y29ycB4rvvm9OJwpEbGdrcN5Y29ycA				literature in metrical form	core
point	13902482	ShapeAttribute	+				Mx4rIHDeCrgqEdmAAAACs0x8nw				"a V shape; ""the cannibal's teeth were filed to sharp points"""	core
point-of-view	06210363	SubjectiveAssessmentAttribute	=			Q12558574					"a mental position from which things are viewed; ""we should consider this problem from the "	core
pointer	06818121	ArrowIcon	+			Q1139519					a mark to indicate a direction or relation	core
poison	15032376	Poison	=			Q40867					any substance that causes injury or illness or death of a living organism	core
pole	03976657	Artifact	+								a long (usually round) rod of wood or metal or plastic	core
police	08209687	PoliceOrganization	+		Police	Q35535					"the force of policemen and officers; ""the law came looking for him"""	core
policeman	10448983	PoliceOfficer	=			Q384593					"a member of a police force; ""it was an accident, officer"""	core
policy	06523641	InsurancePolicy	=		Policy						"written contract or certificate of insurance; ""you should have read the small print on you"	core
polish	14459824	SubjectiveAssessmentAttribute	+			Q1363442	Mx8Ngh4rvy05U5wpEbGdrcN5Y29ycB4rvVjKypwpEbGdrcN5Y29ycA				"a highly developed state of perfection; having a flawless or impeccable quality; ""they per"	core
political-campaign	07472929	Contest	+		Political_campaign		Mx4rwQB5gpwpEbGdrcN5Y29ycA				"a race between candidates for elective office; ""I managed his campaign for governor""; ""he "	core
political-orientation	06212839	Proposition	+			Q7257					an orientation that characterizes the thinking of a group or nation	core
political-party	08256968	PoliticalParty	=	schema:PoliticalParty	Political_party	Q7278	Mx4rvVj82pwpEbGdrcN5Y29ycA				"an organization to gain political power; ""in 1992 Perot tried to organize a third party at"	core
politician	10450303	PoliticalFigure	+			Q82955	Mx4rvVjntpwpEbGdrcN5Y29ycA				a person active in party politics	core
politics	13840719	SocialInteraction	+		Politics	Q7163	Mx4rvx3ucJwpEbGdrcN5Y29ycA				"social relations involving intrigue to gain authority or power; ""office politics is often "	core
poll	00653811	Counting	+								the counting of votes (as in an election)	core
pony	02382437	Horse	+			Q188828	Mx4rvpdpZJwpEbGdrcN5Y29ycA				any of various breeds of small gentle horses usually less than five feet high at the shoul	core
pool	09397607	StaticWaterArea	+			Q152841					"a small body of standing water (rainwater) or other liquid; ""there were puddles of muddy w"	core
pop	07927512	Soda	=			Q264554					"a sweet drink containing carbonated water and flavoring; ""in New England they call sodas t"	core
pop-music	07059962	PopMusic	=		Pop_music	Q37073	Mx4rvtH8_pwpEbGdrcN5Y29ycA				music of general appeal to teenagers; a bland watered-down version of rock'n'roll with mor	core
populace	08179689	Human	=			Q2388316					"people in general considered as a whole; ""he is a hero in the eyes of the public"""	core
population	08179879	ResidentFn	=			Q2625603					"the people who inhabit a territory or state; ""the population seemed to be well fed and clo"	core
porter	10455447	Porter	=			Q1509714	Mx4rvViM6JwpEbGdrcN5Y29ycA				a person employed to carry luggage and supplies	core
portrait	03987079	Icon	+		Portrait	Q134307	Mx4rwQBcZ5wpEbGdrcN5Y29ycA				"any likeness of a person, in any medium; ""the photographer made excellent portraits"""	core
poser	10324560	ModellingPosition	+			Q1630100					"a person who poses for a photographer or painter or sculptor; ""the president didn't have t"	core
position	06196284	Proposition	+								a rationalized mental attitude	core
possession	00032613	Entity	+								anything owned or possessed	core
possibility	05792010	Selecting	+								"a possible alternative; ""bankruptcy is always a possibility"""	core
post	07257815	Icon	+			Q2114843					"a pole or stake set up to mark something (as the start or end of a race track); ""a pair of"	core
postage	06796119	Icon	+			Q37930	Mx4rviP5YpwpEbGdrcN5Y29ycA				a small adhesive token stuck on a letter or package to indicate that that postal fees have	core
postcard	06627938	ContentBearingObject	+		Postcard	Q192425	Mx4rvyMSx5wpEbGdrcN5Y29ycA				a card for sending messages by post without an envelope	core
pot	03990834	Plant	+								street names for marijuana	core
potato	12897493	FloweringPlant	+			Q10998					annual native to South America having underground stolons bearing edible starchy tubers; w	core
potential	14482620	Attribute	+			Q12559031	Mx4rT-92dBk4QdiYlrzHDDhoPA				the inherent capacity for coming into being	core
pottery	03992703	Pottery	=		Pottery	Q11642					ceramic ware made from clay and baked in a kiln	core
pound	03993703	StationaryArtifact	+			Q4764963					"a public enclosure for stray or unlicensed dogs; ""unlicensed dogs will be taken to the pou"	core
powder	14997012	Powder	=		Powder	Q2908004	Mx4r_G0V0HS9EdaAAACgyZzFrg				a solid substance in the form of tiny loose particles; a solid that has been pulverized	core
power	10461424	Position	+			Q25342					"one possessing or exercising power or influence or authority; ""the mysterious presence of "	core
practical-application	00949134	IntentionalProcess	+			Q166142					"the act of bringing something to bear; using it for a particular purpose; ""he advocated th"	core
practice	00410247	SubjectiveAssessmentAttribute	=								"a customary way of operation or behavior; ""it is their practice to give annual raises""; ""t"	core
practice-of-medicine	00612160	SkilledOccupation	+			Q11190					the learned profession that is mastered by graduate training in a medical school and that 	core
practice-session	00894552	EducationalProcess	+			Q1413045					"systematic training by multiple repetitions; ""practice makes perfect"""	core
praise	06693198	ExpressingApproval	+								"an expression of approval and commendation; ""he always appreciated praise for his work"""	core
prayer	01041968	Praying	+		Prayer	Q40953	Mx4rlI5r8BukQdiUOq76qdtcyg				the act of communicating with a deity (especially as a petition or in adoration or contrit	core
precedence	13949802	SubjectiveAssessmentAttribute	+								"status established in order of importance or urgency; ""...its precedence as the world's le"	core
precedent	05821486	Entity	+			Q665141					an example that is used to justify similar occurrences at a later time	core
preciseness	04803880	SubjectiveAssessmentAttribute	+								"the quality of being reproducible in amount or performance; ""he handled it with the precis"	core
precondition	06755568	Proposition	+								an assumption on which rests the validity or effect of something else	core
predator	02152740	Carnivore	+								any animal that lives by preying on other animals	core
predecessor	10464711	SocialRole	+								one who precedes you in time (as in holding a position or office)	core
predilection	06200344	IntentionalRelation	+								"a predisposition in favor of something; ""a predilection for expensive cars""; ""his sexual p"	core
preference	07498210	PsychologicalAttribute	+				Mx4rXhCewCtaQdiZtNrZAeOCpQ				"a strong liking; ""my own preference is for good literature""; ""the Irish have a penchant fo"	core
premise	06753800	Supposition	+								"a statement that is assumed to be true and from which a conclusion can be drawn; ""on the a"	core
premium	13301620	CurrencyMeasure	+								payment for insurance	core
preoccupation	05700087	PsychologicalAttribute	+								the mental state of being preoccupied by something	core
prepared-dish	07557434	PreparedFood	+			Q746549					"a particular item of prepared food; ""she prepared a special dish for dinner"""	core
preponderance	05122099	Attribute	+								"a superiority in numbers or amount; ""a preponderance of evidence against the defendant"""	core
prescription	06365808	Text	+			Q3355478					written instructions from a physician or dentist to a druggist concerning the form and dos	core
prescription-drug	03999280	BiologicallyActiveSubstance	+			Q1643563	Mx4rvViufJwpEbGdrcN5Y29ycA				a drug that is available only with written instructions from a doctor or dentist to a phar	core
presence	13957601	Attribute	+				Mx4r02K58oSPEdqAAAACs0uFOQ				"the state of being present; current existence; ""he tested for the presence of radon"""	core
present	13268842	UnilateralGiving	+				Mx4rYA3CzmJvEd2AAADggVfs8g				"something presented as a gift; ""his tie was a present from his wife"""	core
presentation	03210940	Icon	+		Presentation	Q604733	Mx4rwPvkW5wpEbGdrcN5Y29ycA				a visual representation of something	core
preservation	14578940	Attribute	+			Q830393					the condition of being (well or ill) preserved	core
presidency	15266265	TimeInterval	+		Presidency	Q3558349					"the tenure of a president; ""things were quiet during the Eisenhower administration"""	core
president	10467179	President	+			Q248577					the chief executive of a republic	core
presidentship	00596807	President	=			Q3558349					"the office and function of president; ""Andrew Jackson expanded the power of the presidency"	core
press	04000311	Device	+			Q144334					a machine used for printing	core
pressure	11495041	Pascal	=			Q39552	Mx4rvVjtE5wpEbGdrcN5Y29ycA				the force applied to a unit area of surface; measured in pascals (SI unit) or in dynes (cg	core
prestige	14435809	SubjectiveAssessmentAttribute	+				Mx4rvg5T_JwpEbGdrcN5Y29ycA				"a high standing achieved through success or influence or wealth etc.; ""he wanted to achiev"	core
prey	02152881	Animal	+				Mx4rP9kKMCwaEdiUggAH6RYvSQ				animal hunted or caught for food	core
price	05163807	SubjectiveAssessmentAttribute	+		Price	Q160151	Mx8NhB4rvcD6KJwpEbGdrcN5Y29ycB4rvVjU2JwpEbGdrcN5Y29ycB4rvViMf5wpEbGdrcN5Y29ycB4rvViAxJwpEbGdrcN5Y29ycA				"value measured by what must be given or done or undergone to obtain something; ""the cost i"	core
price-quotation	06756267	Statement	+								a statement of the current market price of a security or commodity	core
pride	07531536	TraitAttribute	+				Mx4rvVjEIJwpEbGdrcN5Y29ycA				"satisfaction with your (or another's) achievements; ""he takes pride in his son's success"""	core
primary	00182571	Election	+								a preliminary election where delegates or nominees are chosen	core
prince	10472799	Male	+		Prince	Q2747456	Mx4rv10QMJwpEbGdrcN5Y29ycA				a male member of a royal family other than the sovereign (especially the son of a sovereig	core
princess	10474064	Woman	+			Q863048	Mx4rvusi7pwpEbGdrcN5Y29ycA				a female member of a royal family other than the queen (especially the daughter of a sover	core
principle	05872477	Proposition	+		Principle	Q211364	Mx4r_gnfEKO6EdqAAAACs6hRXg				"a basic truth or law or assumption; ""the principles of democracy"""	core
print	04003597	ArtWork	+				Mx4rwKRAIJwpEbGdrcN5Y29ycA				a picture or design printed from an engraving	core
printer	04004767	Printer	=			Q82					(computer science) an output device that prints the results of data processing	core
prison	04005630	Building	+		Prison	Q40357	Mx4rvem215wpEbGdrcN5Y29ycA				a correctional institution where persons are confined while on trial or for punishment	core
prisoner	10476086	Prisoner	=		Prisoner	Q1862087	Mx4rvj5o8ZwpEbGdrcN5Y29ycA				a person who is confined; especially a prisoner of war	core
privacy	04622932	TraitAttribute	+			Q188728					the quality of being secluded from the presence or view of others	core
privation	14493426	SubjectiveAssessmentAttribute	+								a state of extreme poverty	core
privilege	05158296	SubjectiveAssessmentAttribute	+			Q273395	Mx4r7nuMPCzuQdiY6LltLHC5eQ				a special advantage or immunity or benefit not enjoyed by all	core
prize	13268146	UnilateralGiving	+		Prize	Q618779	Mx4rAFrJwizxEdiUhAAH6RYvSQ				something given for victory or superiority in a contest or competition or for winning a lo	core
probability	05091770	ProbabilityRelation	=			Q9492					a measure of how likely it is that some event will occur; a number expressing the ratio of	core
probe	05800611	Investigating	+								"an inquiry into unfamiliar or questionable activities; ""there was a congressional probe in"	core
problem	06784003	Question	=		Problem						"a question raised for consideration or solution; ""our homework consisted of ten problems t"	core
procedure	01023820	IntentionalProcess	=								"a particular course of action intended to achieve a result; ""the procedure of obtaining a "	core
process	00029677	Process	+			Q619671		BFO_0000015	process	Process	"a sustained phenomenon or one marked by gradual changes through a series of states; ""event"	core
produce	07705711	GroceryProduce	=			Q1913301	Mx4rvXnStpwpEbGdrcN5Y29ycA				fresh fruits and vegetable grown for the market	core
producer	10480018	Human	+			Q47541952					someone who finds financing for and supervises the making and presentation of a show (play	core
product	05859630	MultiplicationFn	+	schema:Product	Product	Q901718	Mx4rvf-bUJwpEbGdrcN5Y29ycA				"a quantity obtained by multiplication; ""the product of 2 and 3 is 6"""	core
product.phenomenon	11415842	Process	+								"a consequence of someone's efforts or of a particular set of circumstances; ""skill is the "	core
production	00912960	Creation	+				Mx4rwI5p2JwpEbGdrcN5Y29ycA				"the act or process of producing something; ""Shakespeare's production of poetry was enormou"	core
production-line	04008385	Device	+								mechanical system in a factory whereby an article is conveyed through sites at which succe	core
profession	00609953	Profession	+		Profession	Q28640					an occupation requiring special education (especially in the liberal arts or sciences)	core
professional	10480253	Profession	+			Q702269	Mx4rIyAGDNjVQdeGSow5SkAtFQ				a person engaged in one of the learned professions	core
professor	10480730	Professor	=			Q121594	Mx4rvVj7JJwpEbGdrcN5Y29ycA				someone who is a member of the faculty at a college or university	core
professorship	00598056	Professor	=			Q81752537	Mx4rmzpNxNnXQdiKsPrBUb6i-A				"the position of professor; ""he was awarded an endowed chair in economics"""	core
proficiency	05643190	PsychologicalAttribute	+								"skillfulness in the command of fundamentals deriving from practice and familiarity; ""pract"	core
profile	08613202	Icon	+				Mx4r_EQXfAmsQdiDH8sP4ZqwCg				an outline of something (especially a human face as seen from one side)	core
profit	05157574	SubjectiveAssessmentAttribute	+								the advantageous quality of being beneficial	core
prognosis	06749881	Stating	+				Mx4rXKGKBCeLQdiaCoabfDZWVw				a prediction about how something (as the weather) will develop	core
program	06748466	Disseminating	+			Q374821					"an announcement of the events that will occur as part of a theatrical or sporting event; """	core
programme	06619428	Broadcasting	=								"a radio or television show; ""did you see his program last night?"""	core
prohibition	06542047	Law	+			Q723838					a decree that prohibits something	core
projectile	04008634	Projectile	+				Mx4rwFAPh5wpEbGdrcN5Y29ycA				a weapon that is forcibly thrown or projected at a targets but is not self-propelled	core
projection	05775293	Predicting	+								a prediction made by extrapolating from past observations	core
projection.communication	06887599	RadiatingLight	+								the projection of an image from a film onto a screen	core
promise	07226545	Committing	+			Q1425577					a verbal commitment by one person to another agreeing to do (or not to do) something in th	core
promotion	00198451	Putting	+			Q574433					act of raising in rank or position	core
promotional-material	07247071	Text	+			Q353163					"a message issued in behalf of some product or cause or idea or person or institution; ""the"	core
proof	05824739	Entity	+				Mx4rQSjGwBxpQdiJIf5El_KKkA				"any factual evidence that helps to establish the truth of something; ""if you have any proo"	core
propaganda	06674542	Disseminating	+		Propaganda	Q7281	Mx4rlyOIQip4EdiUfwAH6RYvSQ				information that is spread for the purpose of promoting some cause	core
property	05849040	Attribute	=	schema:Property							"a construct whereby objects or individuals can be distinguished; ""self-confidence is not a"	core
proportion	05076827	SubjectiveAssessmentAttribute	+				Mx4rvOCNxCzcQdiaCPRSMQFUNA				"harmonious arrangement or relation of parts or elements within a whole (as in a design); """	core
proposal	07161429	Requesting	+				Mx4rvWRmJZwpEbGdrcN5Y29ycA				"the act of making a proposal; ""they listened to her proposal"""	core
proposition	06750804	Sentence	+		Proposition		Mx4rvViA7JwpEbGdrcN5Y29ycA		proposition		(logic) a statement that affirms or denies something and is either true or false	core
prosecution	01198307	LegalAction	+								the institution and conduct of legal proceedings against a defendant for criminal behavior	core
prosperity	14489699	SubjectiveAssessmentAttribute	+								an economic state of growth with rising profits and full employment	core
protection	00817680	Maintaining	+			Q2251595					"the activity of protecting someone or something; ""the witnesses demanded police protection"	core
protein	14728724	Protein	=	schema:Protein	Protein	Q8054	Mx4rvVjM3pwpEbGdrcN5Y29ycA				any of a large group of nitrogenous organic compounds that are essential constituents of l	core
protest	01177033	PoliticalProcess	+		Protest						the act of protesting; a public (often organized) manifestation of dissent	core
provision	01057200	Putting	+								the activity of supplying or providing something	core
psychoanalysis	00704305	TherapeuticProcess	+			Q41630					a set of techniques for exploring underlying motives and a method of treating various ment	core
psychologist	10488865	Psychologist	=			Q212980	Mx4rvVkBXJwpEbGdrcN5Y29ycA				a scientist trained in psychology	core
psychology	06136258	Psychology	@			Q9418					the science of mental life	core
public	07965817	Public	=			Q11392188					"a body of people sharing some common interest; ""the reading public"""	core
public-attraction	06615561	Disseminating	+								an entertainment that is offered to the public	core
public-house	04018399	Building	+			Q751963					tavern consisting of a building with a bar and public rooms; often provides light meals	core
public-lecture	07240549	Lecture	+								"a speech that is open to the public; ""he attended a lecture on telecommunications"""	core
public-opinion	05949726	Proposition	+								"a belief or sentiment shared by most people; the voice of the people; ""he asked for a poll"	core
public-square	08619620	LandArea	+			Q174782	Mx8NhB4rcacO5KgcQdidVfCUDYB6bg-NcHVibGljIHNxdWFyZR4rvWXYgJwpEbGdrcN5Y29ycA-kZjg3MTI5ODYtMTdhZC00MWQ5LTkxZjgtYjg0OTc5ZmQyOGY3				an open area at the meeting of two or more streets	core
publication	06589574	Text	+		Publication	Q732577	Mx4rvVjBvZwpEbGdrcN5Y29ycA				a copy of a printed work offered for distribution	core
publicity	04720536	Text	+								"the quality of being open to public view; ""the publicity of the court room"""	core
publisher	08062623	Publisher	=		Publisher	Q2085381	Mx4rGjGfXF6OQdmPddsPwm3wxw				a firm in the publishing business	core
pudding	07612632	Dessert	+			Q9053	Mx4rv4EQ9JwpEbGdrcN5Y29ycA				any of various soft sweet desserts thickened usually with flour and baked or boiled or ste	core
pulp	13096035	Tissue	+			Q7259571					a soft moist part of a fruit	core
pulse	07400906	OrganOrTissueProcess	+			Q191733	Mx8NhB4rvcD6KJwpEbGdrcN5Y29ycB4rwTGgF5wpEbGdrcN5Y29ycB4rwPvJVJwpEbGdrcN5Y29ycB4rvViwMZwpEbGdrcN5Y29ycA				"the rhythmic contraction and expansion of the arteries with each beat of the heart; ""he co"	core
pump	04021798	Pump	=		Pump	Q134574					a mechanical device that moves fluid or gas by pressure or suction	core
pumpkin	07735510	Squash	+			Q165308					usually large pulpy deep-yellow round fruit of the squash family maturing in late summer o	core
punch	00134780	Punching	=			Q477989					"(boxing) a blow with the fist; ""I gave him a clout on his nose"""	core
punch-drink	07930554	Beverage	+								an iced mixed drink usually containing alcohol and prepared for multiple servings; normall	core
punishment	01160342	Punishing	+		Punishment						the act of punishing	core
pupil	05320183	Hole	+			Q173318	Mx4rvViBr5wpEbGdrcN5Y29ycA				the contractile aperture in the center of the iris of the eye; resembles a large black dot	core
purchase	00079018	Buying	+								"the acquisition of something for payment; ""they closed the purchase with a handshake"""	core
purchase-option	13241600	Option	=								the right to buy or sell property at an agreed price; the right is purchased and if it is 	core
purpose	05982152	PsychologicalAttribute	+								"an anticipated outcome that is intended or that guides your planned actions; ""his intent w"	core
pursuit	05770391	Investigating	+			Q735234	Mx4rGguKhDADQdiJffDMQDagkA				"a search for an alternative that meets cognitive criteria; ""the pursuit of love""; ""life is"	core
push-button	04027023	SwitchDevice	+			Q870870					"an electrical switch operated by pressing; ""the elevator was operated by push buttons""; ""t"	core
puzzle	04028315	Artifact	+		Puzzle	Q181008	Mx4rvWHek5wpEbGdrcN5Y29ycA				a game that tests your ingenuity	core
pyramid	13914837	ShapeAttribute	+		Pyramid	Q3358290					a polyhedron having a polygonal base and triangular sides with a common vertex	core
quality	04728068	SubjectiveAssessmentAttribute	+					BFO_0000019	quality	Quality	"a degree or grade of excellence or worth; ""the quality of students has risen""; ""an executi"	core
quantity	05855125	Quantity	=			Q309314					the concept that something has a magnitude and can be represented in mathematical expressi	core
quarrel	07184149	Debating	+			Q7269184					"an angry dispute; ""they had a quarrel""; ""they had words"""	core
quarter	08627919	LandArea	+			Q3560114					"a district of a city having some distinguishing character; ""the Latin Quarter"""	core
quarter.time	15206590	QuarterYear	=								"a fourth part of a year; three months; ""unemployment fell during the last quarter"""	core
quartz-glass	14879750	Mineral	+								colorless glass made of almost pure silica	core
queen	10499355	QueenRegnant	=			Q19643					a female sovereign ruler	core
quest	00946650	Pursuing	+			Q735234					"the act of searching for something; ""a quest for diamonds"""	core
question	07193596	Questioning	+	schema:Question	Question		Mx4r-G8EIKO3EdqAAAACs6hRXg				"an instance of questioning; ""there was a question about my training""; ""we made inquiries o"	core
questionnaire	06474122	FormText	+		Questionnaire	Q747810					a form containing a set of questions; submitted to people to gain statistical information	core
queue	08432345	Group	+			Q1783115	Mx4rvVjnGJwpEbGdrcN5Y29ycA				a line of people or vehicles waiting for something	core
quota	13289744	Entity	+								a proportional share assigned to each participant	core
quotation	06613056	Text	+	schema:Quotation	Quotation	Q1713	Mx4rv0p9e5wpEbGdrcN5Y29ycA				a passage or expression that is quoted or cited	core
rabbit	02324045	Rabbit	=			Q9394	Mx4rvVjELZwpEbGdrcN5Y29ycA				any of various burrowing animals of the family Leporidae having long ears and short tails;	core
race	07458453	Racing	=			Q878123					"a contest of speed; ""the race is to the swift"""	core
racetrack	04037625	RunningTrack	=			Q1004435	Mx4rvVi-yZwpEbGdrcN5Y29ycA				a course over which races are run	core
racial-group	07967982	RacialEthnicGroup	+								"people who are believed to belong to the same genetic stock; ""some biologists doubt that t"	core
racism	06203758	Proposition	+			Q8461					the prejudice that members of one race are intrinsically superior to members of other race	core
rack	04038727	Holder	+			Q1351382	Mx4rvVjsgJwpEbGdrcN5Y29ycA				framework for holding objects	core
radiation	13545184	Radiating	+			Q186161	Mx8Ngh4rv7k2PpwpEbGdrcN5Y29ycB4rwQCWA5wpEbGdrcN5Y29ycA				the spontaneous emission of a stream of particles or electromagnetic rays in nuclear decay	core
radiation-sickness	14308472	PathologicProcess	+			Q275459					syndrome resulting from exposure to ionizing radiation (e.g., exposure to radioactive chem	core
radical	10503452	BeliefGroup	+			Q122167768					a person who has radical ideas or opinions	core
radio	04041544	RadioReceiver	+			Q872	Mx4rvyCS5ZwpEbGdrcN5Y29ycA				a communication system based on broadcasting electromagnetic waves	core
radio-receiver	04043733	RadioReceiver	+		Radio_receiver	Q159391	Mx4rwP1jBZwpEbGdrcN5Y29ycA				an electronic receiver that detects and demodulates and amplifies transmitted signals	core
radioactive-decay	13456899	ChemicalDecomposition	+								the spontaneous disintegration of a radioactive substance along with the emission of ioniz	core
railcar	02959942	Railcar	=		Railcar	Q752392					"a wheeled vehicle adapted to the rails of railroad; ""three cars had jumped the rails"""	core
railroad-track	04048075	RailroadTrack	=				Mx8NhB4rcacO5KgcQdidVfCUDYB6bg-OcmFpbHJvYWQgdHJhY2seK71l2ICcKRGxna3DeWNvcnAPpGY4Y2Y4Yjk0LTE3YTctNDFkOS04YzNmLWUwNmQwMzIzNTQzOA				"a line of track providing a runway for wheels; ""he walked along the railroad track"""	core
railway	04048568	RailroadCompany	=			Q160342					line that is the commercial organization responsible for operating a system of transportat	core
railway-line	03671272	RailroadTrack	+								the road consisting of railroad track and roadbed	core
rain	11501381	Raining	+			Q7925	Mx4rvVj_WpwpEbGdrcN5Y29ycA				water falling in drops from vapor condensed in the atmosphere	core
rain-shower	11502497	Raining	+								"a brief period of precipitation; ""the game was interrupted by a brief shower"""	core
rainbow	09403427	RadiatingLight	+			Q1052	Mx4rvaSD-pwpEbGdrcN5Y29ycA				an arc of colored light in the sky caused by refraction of the sun's rays by rain	core
raise	05110185	CurrencyMeasure	+								"the amount a salary is increased; ""he got a 3% raise""; ""he got a wage hike"""	core
rake	05069199	PlaneAngleMeasure	+			Q1139344	Mx4rvVkACJwpEbGdrcN5Y29ycA				"degree of deviation from a horizontal plane; ""the roof had a steep pitch"""	core
rally	08358332	Meeting	+			Q175331	Mx4rwPzq75wpEbGdrcN5Y29ycA				a large gathering of people intended to arouse enthusiasm	core
ranch	04052442	Farm	+		Ranch	Q509028	Mx8Ngh4rc6oKzFsKEdaAAACQJ5pZBx4rvVjmEpwpEbGdrcN5Y29ycA				farm consisting of a large tract of land along with facilities needed to raise livestock (	core
randomness	04771332	SubjectiveAssessmentAttribute	+			Q176640					the quality of lacking any predictable order or plan	core
range	08629199	Field	+			Q1042979					"a large tract of grassy open land on which livestock can graze; ""they used to drive the ca"	core
rank	14429985	Attribute	+								"relative status; ""his salary was determined by his rank and seniority"""	core
rap	07410021	Impacting	+								a gentle blow	core
rape	00773402	Raping	=		Rape	Q47092					the crime of forcing a woman to submit to sexual intercourse against her will	core
rat	02331046	Rat	+				Mx4rvVi7r5wpEbGdrcN5Y29ycA				any of various long-tailed rodents similar to but larger than a mouse	core
ratio	13819207	RationalNumber	+		Ratio	Q3481047	Mx4rxgFnmCzmQdibecNxmrN_eA				the relative magnitudes of two quantities (usually expressed as a quotient)	core
rationality	14379829	PsychologicalAttribute	+								"the state of having good sense and sound judgment; ""his rationality may have been impaired"	core
reaction	11498461	Radiating	+								(mechanics) the equal and opposite force that is produced when any force is applied to a b	core
reaction.phenomenon	11417129	Expressing	=								"a response that reveals a person's feelings or attitude; ""he was pleased by the audience's"	core
readiness	14031108	Attribute	+								the state of having been made ready or prepared for use or action (especially military act	core
realism	05151869	SubjectiveAssessmentAttribute	+			Q10857409					the attribute of accepting the facts of life and favoring practicality and literal truth	core
reality	13955461	Entity	+								"the state of being actual or real; ""the reality of his situation slowly dawned on him"""	core
realm	14514805	SubjectiveAssessmentAttribute	+		Realm	Q1250464					"a domain in which something is dominant; ""the untroubled kingdom of reason""; ""a land of ma"	core
rear	04059701	BackFn	=			Q1788694					"the side that goes last or is not normally seen; ""he wrote the date on the back of the pho"	core
reason	06739990	Explanation	=								"an explanation of the cause of some phenomenon; ""the reason a steady state was never reach"	core
rebellion	00962129	PoliticalRevolution	+		Rebellion						organized opposition to authority; a conflict in which one faction tries to wrest control 	core
recapitulation	06469377	Summary	=								a summary at the end that repeats the substance of a longer discussion	core
receipt	06520222	Receipt	=			Q330190	Mx4rwP1K8ZwpEbGdrcN5Y29ycA				an acknowledgment (usually tangible) that payment has been made	core
reception	06281040	SubjectiveAssessmentAttribute	+				Mx4rvVkLlZwpEbGdrcN5Y29ycA				quality or fidelity of a received broadcast	core
reception-party	08254331	SocialParty	+								a formal party of people; as after a wedding	core
recess	13872421	ShapeAttribute	+			Q2721219	Mx4rBwSwTCwaQdiWe7US70FMYQ				a small concavity	core
recession	14013368	Decreasing	+				Mx4rv3ZriZwpEbGdrcN5Y29ycA				the state of the economy declines; a widespread decline in the GDP and employment and trad	core
recognition	06688274	ExpressingApproval	+								"approval; ""give her recognition for trying""; ""he was given credit for his work""; ""give her"	core
recommendation	06694540	Stating	+	schema:Recommendation		Q23817615	Mx4rvVjaCZwpEbGdrcN5Y29ycA				something that recommends (or expresses commendation of) a person or thing as worthy or de	core
recompense	00259643	Transaction	+								the act of compensating for service or loss or injury	core
record	00063014	BreakingRecord	=			Q688615					"an extreme attainment; the best (or worst) performance ever attested (as in a sport); ""he "	core
record-album	06591815	Album	=			Q482994					one or more recordings issued together; originally released on 12-inch phonograph records 	core
record.quantity	13596986	ConstantQuantity	+								"the number of wins versus losses and ties a team has had; ""at 9-0 they have the best recor"	core
recording	04063868	DataStorageDevice	+								a storage device on which information (sounds or images) have been recorded	core
recovery	00045907	Getting	+								the act of regaining or saving something lost (or in danger of becoming lost)	core
red	04962784	Red	+				Mx4r0L_kLnS6EdaAAACgyZzFrg				red color or pigment; the chromatic color resembling the hue of blood	core
redundancy	05120310	SubjectiveAssessmentAttribute	+			Q1204361					"the attribute of being superfluous and unneeded; ""the use of industrial robots created red"	core
referee	10514429	Position	+			Q202648	Mx4rvVkKcpwpEbGdrcN5Y29ycA				(sports) the chief official (as in boxing or American football) who is expected to ensure 	core
reference	07258664	Text	+								"a publication (or a passage from a publication) that is referred to; ""he carried an armful"	core
reference-point	07258332	SubjectiveAssessmentAttribute	+			Q122258005					"an indicator that orients you generally; ""it is used as a reference for comparing the heat"	core
referral	06672040	NormativeAttribute	+				Mx4rvr9HrKRQQdiONdtQ23nC0Q				a recommendation to consult the (professional) person or group to whom one has been referr	core
reflection	04068976	Icon	+				Mx4rwQBpz5wpEbGdrcN5Y29ycA				"the image of something as reflected by a mirror (or other reflective material); ""he studie"	core
reform	00260622	SubjectiveAssessmentAttribute	+		Reform						"a change for the better as a result of correcting abuses; ""justice was for sale before the"	core
refreshment	00401783	SubjectiveAssessmentAttribute	+			Q176274					activity that refreshes and recreates; activity that renews your health and spirits by enj	core
refuge	04071102	SubjectiveAssessmentAttribute	+								a shelter from danger or hardship	core
refugee	10516016	Refugee	=			Q131572	Mx4rwMU99JwpEbGdrcN5Y29ycA				an exile who flees for safety	core
refugee-camp	02945813	Camp	+		Refugee_camp	Q622499	Mx4rjMBX4FsLEdaAAACQJ5pZBw				shelter for persons displaced by war or political oppression or for religious beliefs	core
refusal	07205573	Committing	+								the act of refusing	core
region	08630985	GeographicArea	+		Region	Q7308961			region	Region	"a large indefinite location on the surface of the Earth; ""penguins inhabit the polar regio"	core
register	06507041	Certificate	+			Q539310					an official written record of names or events or transactions	core
registration	00050037	Registering	+				Mx4rvVivvpwpEbGdrcN5Y29ycA				the act of enrolling	core
regulation	06664051	Obligation	+		Regulation						an authoritative rule	core
rehabilitation	00700260	TherapeuticProcess	+				Mx4rvVuixZwpEbGdrcN5Y29ycA				the treatment of physical disabilities by massage and electrotherapy and exercises	core
rehearsal	00897026	EducationalProcess	+			Q1751775					a practice session in preparation for a public performance (as of a play or speech or conc	core
reign	15260814	TimeInterval	+				Mx4rp2WFxDAIQdiZmN8Hnr53MQ				"the period during which a monarch is sovereign; ""during the reign of Henry VIII"""	core
rejection	00203342	Selecting	+								"the act of rejecting something; ""his proposals were met with rejection"""	core
relationship	13928388	SocialInteraction	+								"a state of connectedness between people (especially an emotional connection); ""he didn't w"	core
relative	10235549	SocialRole	+			Q12758374					"a person related by blood or marriage; ""police are searching for relatives of the deceased"	core
release	00213694	ContentBearingObject	+								a formal written statement of relinquishment	core
relevance	13794417	Relation	+								the relation of something to the matter at hand	core
reliance	14001728	SubjectiveAssessmentAttribute	+			Q659974					the state of relying on something	core
relief	14445749	EmotionalState	+		Relief						the condition of being comfortable or relieved (especially after being relieved of distres	core
religion	05946687	Proposition	+		Religion		Mx4rvVkCHZwpEbGdrcN5Y29ycA				"a strong belief in a supernatural power or powers that control human destiny; ""he lost his"	core
religious-brother	09876701	Monk	+								"(Roman Catholic Church) a title given to a monk and used as form of address; ""a Benedictin"	core
religious-service	01032040	ReligiousService	=			Q1539016					"the act of public worship following prescribed rules; ""the Sunday service"""	core
relish	05715864	Tasting	+			Q766777	Mx4rwQCcF5wpEbGdrcN5Y29ycA				the taste experience when a savoury condiment is taken into the mouth	core
reluctance	04645943	PsychologicalAttribute	+				Mx4rDUgicCzkQdiQf-K99R3s7w				"a certain degree of unwillingness; ""a reluctance to commit himself""; ""his hesitancy reveal"	core
remainder	13729236	Number	+			Q846677					the number that remains after subtraction; the number that when added to the subtrahend gi	core
remark	06765044	Statement	=				Mx4rJ1mL5Mh6EdmAAAACs6hRjg				"a statement that expresses a personal opinion or belief or adds information; ""from time to"	core
remedy	04074482	BiologicallyActiveSubstance	+				Mx4r38E20inAQdiZkJ3rt9-oGQ				a medicine or therapy that cures disease or relieve pain	core
renovation	14424517	SubjectiveAssessmentAttribute	+			Q2144402	Mx4rJhXFiCBAQdiDRbtygIfCUQ				"the state of being restored to its former good condition; ""the inn was a renovation of a C"	core
rent	13295657	CurrencyMeasure	+								a payment or series of payments made by the lessee to an owner for use of some property, f	core
repeat	07342049	Process	+								"an event that repeats; ""the events today were a repeat of yesterday's"""	core
replica	04076533	Artifact	+		Replica	Q1232589					copy that is not the original; something that has been copied	core
reply	06746005	Answering	+			Q1920566					a statement (either spoken or written) that is made to reply to a question or request or c	core
report	07218470	Report	+	schema:Report	Report						"a written document describing the findings of some individual or group; ""this accords with"	core
reporter	10521662	NewsReporter	=			Q42909					a person who investigates and reports or edits news stories	core
repositing	00372607	Keeping	+								"depositing in a warehouse; ""they decided to reposition their furniture in a recommended re"	core
representative	10522035	SocialRole	+								a person who represents others	core
representative-agent	09777353	Position	+								a representative who acts on behalf of other persons or organizations	core
reptile	01661091	Reptile	=			Q10811	Mx4rvVjyMJwpEbGdrcN5Y29ycA				any cold-blooded vertebrate of the class Reptilia including tortoises, turtles, snakes, li	core
republic	08362917	Republic	=		Republic		Mx4rRh4l5m29EdaAAACgyZzFrg				"a form of government whose head of state is not a monarch; ""the head of state in a republi"	core
repugnance	07503987	EmotionalState	+								intense aversion	core
reputation	14439294	SubjectiveAssessmentAttribute	+			Q877546	Mx4rmt0OthbhQdiXouHDm_6d5g				"notoriety for some particular characteristic; ""his reputation for promiscuity"""	core
request	06513366	Request	=				Mx4rcF7MOF04EdaAAABQ2sS97g				a formal message requesting something that is submitted to an authority	core
research	00636921	Investigating	+		Research	Q42240					systematic investigation to establish facts	core
research-worker	10523076	Researcher	+			Q1650915					a scientist who devotes himself to doing research	core
reservation	06762380	Stating	+	schema:Reservation		Q2145615					"a statement that limits or restricts some claim; ""he recommended her without any reservati"	core
reserve	04652438	TraitAttribute	+				Mx4ra3m5tgnoEdqAAAACs0x8nw				the trait of being uncommunicative; not volunteering anything more than necessary	core
reservoir	04078747	Reservoir	=	schema:Reservoir	Reservoir	Q1047832	Mx4rvVjzt5wpEbGdrcN5Y29ycA				lake used to store water for community use	core
residence	08558963	ResidentialBuilding	+	schema:Residence							"any address at which you dwell more than temporarily; ""a person can have several residence"	core
resident	10523519	SocialRole	+				Mx4rwPumgpwpEbGdrcN5Y29ycA				someone who lives at a particular place for a prolonged period or who was born there	core
residential-district	08553535	LandArea	+			Q674950					a district where people live; occupied primarily by private residences	core
residual	13810818	Quantity	+								"something left after other parts have been taken away; ""there was no remainder""; ""he threw"	core
resignation	06511560	Certificate	+								"a formal document giving notice of your intention to resign; ""he submitted his resignation"	core
resistance	00202284	Contest	+								"the action of opposing something that you disapprove or disagree with; ""he encountered a g"	core
resolution	00180228	Deciding	+				Mx4rVNpVtOi8EdmAAAACs4vPlg				"a decision to do something or to behave in a certain manner; ""he always wrote down his New"	core
resort	08640531	TravelerAccommodation	+	schema:Resort	Resort	Q875157					a hotel located in a resort area	core
resource	05154676	SubjectiveAssessmentAttribute	+								"a source of aid or support that may be drawn upon when needed; ""the local library is a val"	core
respite	15274074	TimeInterval	+								"a pause for relaxation; ""people actually accomplish more when they take time for short res"	core
response	06630852	NormativeAttribute	+								"the manner in which something is greeted; ""she did not expect the cold reception she recei"	core
responsibility	01129920	Obligation	=								"the social force that binds you to the courses of action demanded by that force; ""we must "	core
rest	04081044	Device	+								"a support on which things can be put; ""the gun was steadied on a special rest"""	core
restaurant	04081281	RestaurantBuilding	=	schema:Restaurant	Restaurant	Q11707					a building where people go to eat	core
restitution	00089351	Getting	+			Q166778					"getting something back again; ""upon the restitution of the book to its rightful owner the "	core
restraint	04882968	TraitAttribute	+				Mx4r42wRtr2pEdmAAAACs6hRjg				"discipline in personal and social activities; ""he was a model of polite restraint""; ""she n"	core
restraint.cognition	06247701	Obligation	+								"a rule or condition that limits freedom; ""legal restraints""; ""restraints imposed on import"	core
restriction	05846355	Obligation	+			Q1308999					"a principle that limits the extent of something; ""I am willing to accept certain restricti"	core
result	07292694	Broadcasting	+		Result						"something that results; ""he listened for the results on the radio"""	core
retailer	10525436	Position	+			Q12049274					a merchant who sells goods at retail	core
retaliation	01235258	ViolentContest	+			Q1712140	Mx4rwQrhb5wpEbGdrcN5Y29ycA				action taken in return for an injury or offense	core
retirement	00212205	Unemployed	+			Q946865					withdrawal from your position or occupation	core
return	00328015	Motion	+				Mx8NhB4rvcD6KJwpEbGdrcN5Y29ycB4rvVjU2JwpEbGdrcN5Y29ycB4rviMXGpwpEbGdrcN5Y29ycB4rvVjV2JwpEbGdrcN5Y29ycA				"the act of going back to a prior location; ""they set out on their return to the base camp"""	core
reverse	07475870	SubjectiveAssessmentAttribute	+								an unfortunate happening that hinders or impedes; something that is thwarting or frustrati	core
reversion	00346693	DirectionChange	+								turning in the opposite direction	core
review	00897811	EducationalProcess	+	schema:Review	Review		Mx4rvo-AZJwpEbGdrcN5Y29ycA				practice intended to polish performance or refresh the memory	core
review-periodical	06597758	Periodical	+								a periodical that publishes critical essays on current affairs or literature or art	core
reviewer	10526927	Position	+			Q10650082					someone who reads manuscripts and judges their suitability for publication	core
revival	01047338	Process	+								"bringing again into activity and prominence; ""the revival of trade""; ""a revival of a negle"	core
revolution	00962722	PoliticalRevolution	+				Mx4rvjMsT5wpEbGdrcN5Y29ycA				the overthrow of a government by those who are governed	core
reward	07166281	Requesting	+			Q4372150					the offer of money for helping to find a criminal or for returning lost property	core
rhetoric	06170498	FieldOfStudy	@			Q81009	Mx4rvFBHOjADQdicbvYcSMXghg				study of the technique and rules for using language effectively (especially in public spea	core
rhythm	07086518	SoundAttribute	+			Q170406					"the basic rhythmic unit in a piece of music; ""the piece has a fast rhythm""; ""the conductor"	core
rib	05279026	Rib	=			Q196672	Mx4rvVjNoZwpEbGdrcN5Y29ycA				any of the 12 pairs of curved arches of bone extending from the spine to or toward the ste	core
ribbon	04087899	ArtWork	+			Q6918773	Mx4rvgHi2pwpEbGdrcN5Y29ycA				notion consisting of a narrow strip of fine material used for trimming	core
ribbon-bow	02880308	Attaching	+								a decorative interlacing of ribbons	core
rice	07804323	RiceGrain	=		Rice	Q5090					grains used as food either unpolished or more often polished	core
rider	10529965	Position	+								a traveler who actively rides an animal (as a horse or camel)	core
ridge	09409752	MountainRange	+		Ridge	Q51051122	Mx4rv-vI_5wpEbGdrcN5Y29ycA				a long narrow range of hills	core
rifle	04090263	Rifle	=		Rifle	Q124072	Mx4rwQrhWpwpEbGdrcN5Y29ycA				"a shoulder firearm with a long barrel and a rifled bore; ""he lifted the rifle to his shoul"	core
right	04850341	NormativeAttribute	+							Right	"anything in accord with principles of justice; ""he feels he is in the right""; ""the rightfu"	core
right-side	08625073	Right	=				Mx4re4iPGAlnQdiHe9YgqMENXw				location near or direction toward the right side; i.e. the side to the south when a person	core
right-to-vote	05186306	NormativeAttribute	+			Q185387					a legal right guaranteed by the 15th amendment to the US Constitution; guaranteed to women	core
right-wing	08416652	Group	+								those who support political or social or economic conservatism; those who believe that thi	core
rightful-claim	01061945	Ordering	+								"demand for something as rightful or due; ""they struck in support of their claim for a shor"	core
ring	04092609	Jewelry	+			Q46847	Mx4rvVkAPZwpEbGdrcN5Y29ycA				jewelry consisting of a circlet of precious metal (often set with jewels) worn on the fing	core
riot	01170502	Contest	+		Riot	Q124757					a public act of violence by an unruly mob	core
risk	00802238	SubjectiveAssessmentAttribute	+								"a venture undertaken without regard to possible loss or injury; ""he saw the rewards but no"	core
ritual	01027859	Ceremony	+		Ritual	Q189819	Mx4rvVjeRZwpEbGdrcN5Y29ycA				any customary observance or practice	core
river	09411430	River	=			Q4022	Mx4rvVkHM5wpEbGdrcN5Y29ycA				"a large natural stream of water (larger than a creek); ""the river was navigable for 50 mil"	core
road	04096066	Roadway	+		Road	Q34442					an open way (generally public) for travel or transportation	core
road-shoulder	04206948	LandTransitway	+			Q1408712					"a narrow edge of land (usually unpaved) along the side of a road; ""the car pulled off onto"	core
roadway	04335209	Roadway	+			Q1645474	Mx4rvyNjbZwpEbGdrcN5Y29ycA				the part of a thoroughfare between the sidewalks; the part of the thoroughfare on which ve	core
robbery	00781685	Robbing	+		Robbery	Q53706					larceny by threat of violence	core
rock	09416076	Rock	=								"a lump or mass of hard consolidated mineral matter; ""he threw a rock at me"""	core
rock-'n'-roll	07064715	RockAndRollMusic	=			Q11399					a genre of popular music originating in the 1950s; a blend of black rhythm-and-blues with 	core
rocket	04099429	Vehicle	+		Rocket	Q336382	Mx4rwQwoMJwpEbGdrcN5Y29ycA				any vehicle self-propelled by a rocket engine	core
roentgenogram	04100620	Icon	+								a radiogram made by exposing photographic film to X rays; used in medical diagnosis	core
role	00722061	IntentionalProcess	+	schema:Role	Role		Mx4rvViAA5wpEbGdrcN5Y29ycA	BFO_0000023		Role	"normal or customary activity of a person in a particular social setting; ""what is your rol"	core
role-model	10324851	SocialRole	+			Q1136974					"someone worthy of imitation; ""every child needs a role model"""	core
roll	04101232	ShapeAttribute	+								anything rolled up in cylindrical form	core
roof	04105068	Roof	=			Q83180	Mx4rvVj3iJwpEbGdrcN5Y29ycA				a protective covering that covers or forms the top of a building	core
room	04105893	Room	=	schema:Room	Room	Q180516					"an area within a building enclosed by walls and floor and ceiling; ""the rooms were very sm"	core
rootage	08507558	Entity	+								"the place where something begins, where it springs into being; ""the Italian beginning of t"	core
rope	04108268	String	+			Q31029	Mx4rvVixRZwpEbGdrcN5Y29ycA				a strong line	core
rose	12620196	FloweringPlant	+			Q34687					any of many shrubs of the genus Rosa that bear roses	core
roster	06495000	Text	+								"a list of names; ""his name was struck off the rolls"""	core
rotary-motion	00342028	Rotating	+			Q107617					"the act of rotating as if on an axis; ""the rotation of the dancer kept time with the music"	core
rotation	07440979	DirectionChange	+			Q107617					"a single complete turn (axial or orbital); ""the plane made three rotations before it crash"	core
route	08616311	Transitway	+			Q545034	Mx4rvuh8yZwpEbGdrcN5Y29ycA				an established line of travel or access	core
routine	01026482	Procedure	=				Mx4rvVicxJwpEbGdrcN5Y29ycA				an unvarying or habitual method or procedure	core
row	08431437	LineFormation	=			Q1366302	Mx4rwPzkD5wpEbGdrcN5Y29ycA				"an arrangement of objects or people side by side in a line; ""a row of chairs"""	core
royal-court	08051946	NationalGovernment	=			Q1134237					the sovereign and his advisers who are the governing power of a state	core
royalty	08153437	FamilyGroup	+								"royal persons collectively; ""the wedding was attended by royalty"""	core
royalty-payment	13257982	CurrencyMeasure	+								payment to the holder of a patent or copyright or resource for the right to use their prop	core
rubbish	14857497	SubjectiveAssessmentAttribute	+								worthless material that is to be disposed of	core
rug	04118021	Clothing	+			Q163446	Mx4rwP1cMpwpEbGdrcN5Y29ycA				floor covering consisting of a piece of thick heavy fabric (usually with nap or pile)	core
rugby	00470966	Rugby	=			Q5378					a form of football played with an oval ball	core
ruin	04118635	StationaryArtifact	+			Q109607					"a ruined building; ""they explored several Roman ruins"""	core
rule	05846054	DeonticAttribute	=								"a principle or condition that customarily governs behavior; ""it was his rule to take a wal"	core
rule.cognition	05846932	Procedure	+			Q976981					"(mathematics) a standard procedure for solving a class of mathematical problems; ""he deter"	core
rule.time	15295416	TimeInterval	+								"the duration of a monarch's or government's power; ""during the rule of Elizabeth"""	core
ruler	04118776	Device	+			Q104555	Mx4rwPvAYJwpEbGdrcN5Y29ycA				measuring stick consisting of a strip of wood or metal or plastic with a straight edge tha	core
rumor	07223450	HistoricalAccount	+			Q878352	Mx4rwCOcy5wpEbGdrcN5Y29ycA				gossip (usually a mixture of truth and untruth) passed around by word of mouth	core
rung	04119892	Object	+				Mx4rx3oirL8YEdmAAAACs6hRjg				a crosspiece between the legs of a chair	core
runner	10542888	Human	+			Q12803959					a trained athlete who competes in foot races	core
rural-area	08644722	GeographicArea	+		Rural_area	Q175185					"an area outside of cities and towns; ""his poetry celebrated the slower pace of life in the"	core
sacrifice	00227595	Killing	+			Q179723	Mx4rlD_CqC_9QdiVyK6A1Bptjg				the act of killing (an animal or person) in order to propitiate a deity	core
safety	14538472	SubjectiveAssessmentAttribute	+			Q47471313					the state of being certain that adverse effects will not be caused by some agent under def	core
sail	04127904	Sail	=			Q25999	Mx4rvgESHJwpEbGdrcN5Y29ycA				a large piece of fabric (usually canvas fabric) by means of which wind is used to propel a	core
sailor	10546633	Sailor	=			Q707995	Mx4rvVic85wpEbGdrcN5Y29ycA				any member of a ship's crew	core
salad	07806221	Food	+		Salad	Q9266	Mx4rvViX8ZwpEbGdrcN5Y29ycA				food mixtures either arranged on a plate or tossed and served with a moist dressing; usual	core
sale	01114824	Selling	+			Q194189					"a particular instance of selling; ""he has just made his first sale""; ""they had to complete"	core
sales-talk	07248653	Directing	+								promotion by means of an argument and demonstration	core
salesclerk	10548227	SalesPosition	+								a salesperson in a store	core
salmon	02534734	Salmon	=			Q2796766	Mx4rvVi87pwpEbGdrcN5Y29ycA				any of various large food and game fishes of northern waters; usually migrate from salt to	core
salon	04131208	BarberShops	=			Q1195245					a shop where hairdressers and beauticians work	core
salt	07813107	Food	+		Salt	Q11254	Mx4rvVi_VZwpEbGdrcN5Y29ycA				white crystalline form of especially sodium chloride used to season and preserve food	core
salvation	14539165	SubjectiveAssessmentAttribute	+				Mx4rf3--87ctEdmFRAACs6hRjg				the state of being saved or preserved from harm	core
sample	05821775	Entity	+			Q136704469	Mx4rv2GNWpwpEbGdrcN5Y29ycA				a small part of something intended as representative of the whole	core
sanctuary	04133648	GeographicArea	+		Sanctuary	Q382736					a consecrated place where sacred objects are kept	core
sand	15019030	Sand	=			Q34679	Mx4rvViFf5wpEbGdrcN5Y29ycA				a loose material consisting of grains of rock or coral	core
sandal	04133789	Shoe	+		Sandal	Q131704	Mx4rvViPKZwpEbGdrcN5Y29ycA				a shoe consisting of a sole fastened by straps to the foot	core
sarcasm	06777164	SubjectiveAssessmentAttribute	+			Q128758					"witty language used to convey insults or scorn; ""he used sarcasm to upset his opponent""; """	core
satellite	04137444	ArtificialSatellite	+		Satellite	Q26540					man-made equipment that orbits around the earth or the moon	core
satisfaction	07531255	Satisfaction	=			Q352126	Mx4rvVi97ZwpEbGdrcN5Y29ycA				"the contentment one feels when one has fulfilled a desire, need, or expectation; ""the chef"	core
sauce	07829412	PreparedFood	+		Sauce	Q178359	Mx4rvVirapwpEbGdrcN5Y29ycA				flavorful relish or dressing or topping served as an accompaniment to food	core
sausage	07675627	PreparedFood	+		Sausage	Q131419	Mx4rWGjnAAvMEd2AAAACs6hRXg				highly seasoned minced meat stuffed in casings	core
saying	07151380	LinguisticExpression	+		Saying						"a word or phrase that particular people use in particular situations; ""pardon the expressi"	core
scab	10554455	Position	+			Q1340502					someone who works (or provides workers) during a strike	core
scale	01902877	BodyPart	+			Q6382773					a flattened rigid plate forming part of the body covering of many animals	core
scale-of-measurement	13850304	UnitOfMeasure	+				Mx4rYBvB-scWEdmAAAACs6hRjg				"an ordered reference standard; ""judging on a scale of 1 to 10"""	core
scandal	07306252	SubjectiveAssessmentAttribute	+		Scandal	Q192909					a disgraceful event	core
scenario	06756111	Supposition	+				Mx4rd2GdtD0jQdedI9bcMzwxOw				"a postulated sequence of possible events; ""planners developed several scenarios in case of"	core
scene	07009808	PerformanceAct	+								"a subdivision of an act of a play; ""the first act has three scenes"""	core
schedule	06495328	Text	+	schema:Schedule		Q7271585					an ordered list of times at which things are planned to occur	core
scheduling-conflict	04714679	SubjectiveAssessmentAttribute	+								"an incompatibility of dates or events; ""he noticed a conflict in the dates of the two meet"	core
schema	05927813	Plan	+			Q2233172					an internal representation of the world; an organization of concepts and actions that can 	core
schism	00386676	SocialInteraction	+		Schism	Q41521					"division of a group into opposing factions; ""another schism like that and they will wind u"	core
scholar	10557854	Profession	+				Mx8NhB4rcacO5KgcQdidVfCUDYB6bg-HU2Nob2xhch4rvVii2ZwpEbGdrcN5Y29ycA-kZjE1ZGRjZDgtMzZhNy00MWRhLTliYjAtYmZkN2Q5ZGJkMmFi				a learned person (especially in the humanities); someone who by long study has gained mast	core
scholarly-paper	06269956	Article	+								"a scholarly article describing the results of observations or stating hypotheses; ""he has "	core
scholarship	13266170	Scholarship	+		Scholarship	Q188823	Mx4rvZcrK5wpEbGdrcN5Y29ycA				financial aid provided to a student on the basis of academic merit	core
school	08276720	School	=	schema:School	School	Q3914	Mx4r3np2ODTxEdqAAAAH6RYvSQ				"an educational institution; ""the school was founded in 1900"""	core
school-class	08238463	GroupOfPeople	=			Q18204					"a body of students who are taught together; ""early morning classes are always sleepy"""	core
school-term	15225249	TimeInterval	+								"the time during which a school holds classes; ""they had to shorten the school term"""	core
schoolchild	10559288	SocialRole	+								a young person attending school (up through senior high school)	core
schoolhouse	04146050	School	+								"a building where young people receive education; ""the school was built in 1932""; ""he walke"	core
science	05999797	Science	+		Science	Q336					"a particular branch of scientific knowledge; ""the science of genetics"""	core
scientific-principle	05874232	Proposition	+								"a rule or law concerning a natural phenomenon or the function of a complex system; ""the pr"	core
scientist	10560637	Scientist	=		Scientist	Q901	Mx4rvVj755wpEbGdrcN5Y29ycA				a person with advanced knowledge of one or more sciences	core
scope	05125377	SubjectiveAssessmentAttribute	+				Mx4r0EVLwmEYEdaOHQACs0uFOQ				"an area in which something acts or operates or has power or control: ""the range of a super"	core
score	13594585	ConstantQuantity	+			Q522344					a number that expresses the accomplishment of a team or an individual in a game or contest	core
scored-goal	00187337	Score	+			Q18530					"a successful attempt at scoring; ""the winning goal came with less than a minute left to pl"	core
scrap	04150668	CorpuscularObject	+			Q1378670					"a small piece of something that is left over after the rest has been used; ""she jotted it "	core
scratch	04693900	ShapeAttribute	+								an indication of damage	core
screen	04151940	Device	+								"a covering that serves to conceal or shelter something; ""a screen of trees afforded privac"	core
screen-netting	04151581	Device	+								"a protective covering consisting of netting; can be mounted in a frame; ""they put screens "	core
screw	04153751	Screw	+			Q11022					a fastener with a tapered threaded shank and a slotted head	core
script	06351613	Orthography	+			Q63801299	Mx4rv_6Ke5wpEbGdrcN5Y29ycA				a particular orthography or writing system	core
sculpture	04157320	Sculpture	+	schema:Sculpture	Sculpture	Q11634	Mx4rvVis2pwpEbGdrcN5Y29ycA				a three-dimensional work of plastic art	core
sea	09426788	Sea	=			Q165	Mx4rvVjMf5wpEbGdrcN5Y29ycA				a division of an ocean or a large body of salt water partially enclosed by land	core
seal	02076196	Carnivore	+			Q30263	Mx4rvViI9pwpEbGdrcN5Y29ycA				any of numerous marine mammals that come on shore to breed; chiefly of cold regions	core
seal-stamp	06855985	ContentBearingObject	+			Q17098680					"a stamp affixed to a document (as to attest to its authenticity or to seal it); ""the warra"	core
seaport	08639058	PortFacility	=			Q283202					a sheltered port where ships can take on or discharge cargo	core
search	00637354	Investigating	=								"an investigation seeking answers; ""a thorough search of the ledgers revealed nothing""; ""th"	core
seashore	09428293	Seacoast	=			Q93352					the shore of a sea or ocean	core
season	15236475	SeasonOfYear	+	schema:Season	Season						one of the natural periods into which the year is divided by the equinoxes and solstices o	core
seat	04161981	Seat	=	schema:Seat	Seat	Q2207370					"furniture that is designed for sitting on; ""there were not enough seats for all the guests"	core
seating-place	08647616	Region	+								"a space reserved for sitting (as in a theater or on a train or airplane); ""he booked their"	core
sec	15235126	SecondDuration	=			Q11574					1/60 of a minute; the basic unit of time adopted under the Systeme International d'Unites	core
second	13846546	ListOrderFn	+			Q11574	Mx4rvViCPpwpEbGdrcN5Y29ycA				"following the first in an ordering or series; ""he came in a close second"""	core
secrecy	04652177	TraitAttribute	+			Q1503443					the trait of keeping things secret	core
secret	06673142	SubjectiveAssessmentAttribute	+				Mx4r0EUkuWEYEdaOHQACs0uFOQ				something that should remain hidden from others (especially information that is not to be 	core
secret-plan	05907682	Plan	+								"a secret scheme to do something (especially something underhand or illegal); ""they concoct"	core
secretary	10569744	ClericalSecretary	=			Q80687	Mx4rvVjKbJwpEbGdrcN5Y29ycA				an assistant who handles correspondence and clerical work for a boss or an organization	core
secretion	05404728	BodySubstance	+								a functionally specialized substance (especially one that is not a waste) released from a 	core
section	04164989	Artifact	+			Q1931107					"one of several parts or pieces that fit with others to constitute a whole object; ""a secti"	core
section-title	06346461	Text	+								"a general or descriptive heading for a section of a written work; ""the novel had chapter t"	core
sector	05853100	Attribute	+			Q2346003					"a particular aspect of life or activity; ""he was helpless in an important sector of his li"	core
security-system	04165945	SecurityDevice	+				Mx4rvVjm5JwpEbGdrcN5Y29ycA				an electrical device that sets off an alarm when someone tries to break in	core
sediment	09428967	Substance	+			Q180184	Mx4rwSxfpJwpEbGdrcN5Y29ycA				matter that has been deposited by some natural process	core
seed	13135832	Seed	=			Q40763	Mx4rvVirwpwpEbGdrcN5Y29ycA				a small hard fruit	core
seeded-player	10575463	SocialRole	+								one of the outstanding players in a tournament	core
selection	08399818	Collection	+			Q12888920					"an assortment of things from which a choice can be made; ""the store carried a large select"	core
self	05675601	CognitiveAgent	=			Q3236990					your consciousness of your own identity	core
self-control	04862005	PsychologicalAttribute	+								the trait of resolutely controlling your own behavior	core
seller	10577284	Position	+			Q1900657					someone who promotes or exchanges goods or services for money	core
selling	01117541	Selling	=								"the general activity of selling; ""they tried to boost sales""; ""laws limit the sale of hand"	core
semblance	05939636	False	+								an erroneous mental representation	core
seminar	00892145	EducationalProcess	+		Seminar		Mx4rvtsTA5wpEbGdrcN5Y29ycA				a course offered for a small group of advanced students	core
senior	10579062	CollegeSenior	=								an undergraduate student during the year preceding graduation	core
sensation	14037480	EmotionalState	+			Q3955369					"a state of widespread public excitement and interest; ""the news caused a sensation"""	core
sense	05651971	PsychologicalAttribute	+			Q173253					"the faculty through which the external world is apprehended; ""in the dark he had to depend"	core
sense-of-touch	05655119	BiologicalAttribute	+								the faculty by which external objects or forces are perceived through contact with the bod	core
sensitivity	07512465	PsychologicalAttribute	+								sensitivity to emotional feelings (of self and others)	core
sentence	06285090	Sentence	=			Q2509500	Mx4rv5ddsJwpEbGdrcN5Y29ycA				"a string of words satisfying the grammatical rules of a language; ""he always spoke in gram"	core
sentiment	07481951	EmotionalState	+								tender, romantic, or nostalgic feeling or emotion	core
separation	01201021	Declaring	+								"the social act of separating or parting company; ""the separation of church and state"""	core
sequence	08459252	List	+								"serial arrangement in which things follow in logical order or a recurrent pattern; ""the se"	core
serial	06621447	BroadcastProgram	+			Q2217301					"a serialized set of programs; ""a comedy series""; ""the Masterworks concert series"""	core
series	06593803	Periodical	=	schema:Series		Q170198					a periodical that appears at scheduled times	core
sermon	07243837	Sermon	+		Sermon	Q60797	Mx4rwQrpW5wpEbGdrcN5Y29ycA				an address of a religious nature (usually delivered during a church service)	core
servant	10582154	ServicePosition	+			Q54128	Mx4rZBPDtjDbQdiHtrOtrbgLwQ				a person working in the service of another (especially in the household)	core
service	01209576	Cooperation	+	schema:Service	Service	Q7406919					"an act of help or assistance; ""he did them a service"""	core
service-department	03416640	Corporation	+								a repair shop where cars and trucks are serviced and repaired	core
session	01232091	Meeting	+								"a meeting devoted to a particular activity; ""a filming session""; ""a gossip session"""	core
set	07996689	Collection	+				Mx4rvl2en5wpEbGdrcN5Y29ycA		set		"a group of things of the same kind that belong together and are so used; ""a set of books"";"	core
setting	14513259	Region	+				Mx8NhB4rvcD6KJwpEbGdrcN5Y29ycB4ro3lluGJHQdiVxrZReHS-jR4rvVjVnpwpEbGdrcN5Y29ycB4rvjJE4ZwpEbGdrcN5Y29ycA				"the state of the environment in which a situation exists; ""you can't do that in a universi"	core
settlement	08672562	City	+			Q486972					an area where a group of families live together	core
settler-colony	08374049	Group	+			Q133156					a body of people who settle far from home but maintain ties with their homeland; inhabitan	core
severity	05094565	SubjectiveAssessmentAttribute	+				Mx4rkUWNVi_6QdiFL4pmQa1Z_Q				"the seriousness of something (e.g., a burn or crime); ""murder in the second degree""; ""a se"	core
sex	05006898	SexAttribute	=				Mx4r5D3_dJCRQdeCo8EDjUMHoA				"the properties that distinguish organisms on the basis of their reproductive roles; ""she d"	core
shackle	04181228	Device	+			Q1478548					a restraint that confines or restricts freedom (especially something used to tie down or r	core
shadow	13984944	Unilluminated	=			Q160020	Mx4rwQCHPZwpEbGdrcN5Y29ycA				shade within clear boundaries	core
shaft	04182322	Artifact	+			Q309383	Mx4rvVjoN5wpEbGdrcN5Y29ycA				a long rod or pole (especially the handle of an implement or the body of a weapon like a s	core
shame	07506569	Shame	=			Q152282	Mx4rvVii0pwpEbGdrcN5Y29ycA				a painful emotion resulting from an awareness of inadequacy or guilt	core
shape	00027807	ShapeAttribute	=		Shape	Q1211071					"the spatial arrangement of something as distinct from its substance; ""geometry is the math"	core
share	13342135	Share	=			Q11692					any of the equal portions into which the capital stock of a corporation is divided and own	core
share-capital	13333833	Stock	=								the capital raised by a corporation through the issue of shares entitling holders to an ow	core
share-of-profits	13289159	Entity	+								"a share of the profits; ""everyone got a cut of the earnings"""	core
shark	01482330	Fish	+			Q7372	Mx4rwP1mpZwpEbGdrcN5Y29ycA				any of numerous elongate mostly marine carnivorous fishes with heterocercal caudal fins an	core
sheep	02411705	Sheep	=			Q22724	Mx4rvVjk95wpEbGdrcN5Y29ycA				woolly usually horned ruminant mammal related to the goat	core
sheet	04188179	BedLinen	=			Q391788					bed linen consisting of a large rectangular piece of cotton or linen cloth; used in pairs	core
shelf	04190052	Shelf	+			Q45242859	Mx4rvVjY_5wpEbGdrcN5Y29ycA				a support that consists of a horizontal surface for holding objects	core
shell	01904182	AnimalShell	=			Q318028					the hard largely calcareous covering of a mollusc or a brachiopod	core
shelter	04192238	Building	+			Q772298					temporary housing for homeless or displaced persons	core
shield	04192858	Clothing	+		Shield	Q131559	Mx4rHleUzB7RQdiXb7W6xto9dw				a protective covering or structure	core
shift	15291801	TimeInterval	+			Q99737532					the time period during which you are at work	core
ship	04194289	WaterVehicle	=		Ship	Q11446	Mx4rvVirIJwpEbGdrcN5Y29ycA				a vessel that carries passengers or freight	core
shirt	04197391	Shirt	=		Shirt	Q76768	Mx4rvViBOZwpEbGdrcN5Y29ycA				a garment worn on the upper half of the body	core
shock	07510625	Surprise	+			Q268594					the feeling of distress and disbelief that you have when something bad happens accidentall	core
shoe	04199027	Shoe	=		Shoe	Q22676	Mx4rvVik6JwpEbGdrcN5Y29ycA				footwear shaped to fit the foot (below the ankle) with a flexible upper of leather or plas	core
shooting	00122661	Shooting	=		Shooting	Q206989					"the act of firing a projectile; ""his shooting was slow but accurate"""	core
shop	04202417	RetailStore	=			Q216107	Mx4rwINmxZwpEbGdrcN5Y29ycA				"a mercantile establishment for the retail sale of goods or services; ""he bought it at a sh"	core
shopping	00081836	Pursuing	+			Q830036	Mx4rvViBfJwpEbGdrcN5Y29ycA				"searching for or buying goods or services; ""went shopping for a reliable plumber""; ""does h"	core
short-circuit	04204755	ElectricalCircuit	+								accidental contact between two points in an electric circuit that have a potential differe	core
short-letter	06626286	Letter	+								"a short personal letter; ""drop me a line when you get there"""	core
short-pants	04205318	Trousers	+								trousers that end at or above the knee	core
shot	06614729	MotionPictureShot	=			Q278938					a consecutive series of pictures that constitutes a unit of action in a film	core
shoulder	05548840	Shoulder	=			Q16363					the part of the body between the neck and the upper arm	core
show	06619065	Performance	+								"a social event involving a public performance or entertainment; ""they wanted to see some o"	core
shower	04208936	Shower	=			Q7863	Mx4rvVib_pwpEbGdrcN5Y29ycA				"a plumbing fixture that sprays water over you; ""they installed a shower in the bathroom"""	core
shrub	13112664	Shrub	+			Q42295					a low woody perennial plant usually having several major stems	core
side	08510666	Object	+				Mx4rwPSHP5wpEbGdrcN5Y29ycA				"a surface forming part of the outside of an object; ""he examined all sides of the crystal"""	core
sidewalk	04215402	Sidewalk	=		Sidewalk	Q177749	Mx4rvViJZ5wpEbGdrcN5Y29ycA				walk consisting of a paved area for pedestrians; usually beside a street or roadway	core
siege	01075117	MilitaryAssault	+		Siege	Q188055					the action of an armed force that surrounds a fortified place and isolates it while contin	core
sieve	04216634	Device	+			Q381155					a strainer for separating lumps from powdered material or grading particles	core
sight	05654362	BiologicalAttribute	+			Q558363	Mx4rvH2AMOfMQdeIqaVk6xUfsA				the ability to see; the visual faculty	core
sign	06646243	Icon	+			Q3695082	Mx4rTnpyYhJYEd2AAADggVfs8g				a perceptible indication of something not immediately apparent (as a visible clue that som	core
sign-language-sign	06876144	BodyMotion	+								a gesture that is part of a sign language	core
sign-of-the-zodiac	08685677	Region	+			Q1795024	Mx4rt02KDnSxEdaAAACgyZzFrg				(astrology) one of 12 equal areas into which the zodiac is divided	core
signal	06791372	Icon	+		Signal	Q174984	Mx4rvVjJhJwpEbGdrcN5Y29ycA				"any nonverbal action or gesture that encodes a message; ""signals from the boat suddenly st"	core
signature	06404582	ContentBearingObject	+			Q188675	Mx4rvVjNKpwpEbGdrcN5Y29ycA				your name written in your own handwriting	core
signboard	04217882	Sign	=			Q1211272					"structure displaying a board on which advertisements can be posted; ""the highway was lined"	core
signified	06602472	Proposition	=								the meaning of a word or expression; the way in which a word or expression or situation ca	core
silence	04982207	SoundAttribute	+			Q502261					"the absence of sound; ""he needed silence in order to sleep""; ""the street was quiet"""	core
silk	04219424	Silk	+			Q37681	Mx4rvgH4KpwpEbGdrcN5Y29ycA				a fabric made from the fine threads produced by certain insect larvae	core
silver	14654954	Silver	=			Q1090					a soft white precious univalent metallic element having the highest electrical and thermal	core
silver-screen	04152829	ProjectionScreen	+			Q176005					a white or silvered surface where pictures can be projected for viewing	core
similarity	04743605	SubjectiveAssessmentAttribute	+			Q254465					the quality of being similar	core
simplicity	04766059	SubjectiveAssessmentAttribute	+								"the quality of being simple or uncompounded; ""the simplicity of a crystal"""	core
sin	00757080	SubjectiveAssessmentAttribute	+			Q217420					an act that is regarded by theologians as a transgression of God's will	core
singer	10599806	Musician	+		Singer	Q177220	Mx4rvVjiz5wpEbGdrcN5Y29ycA				a person who sings	core
single-file	08428756	Collection	+			Q1424777					a line of persons or things ranged one behind the other	core
sink	04223580	WashBasin	+			Q140565					plumbing fixture consisting of a water basin fixed to a wall or floor and having a drainpi	core
sister	10602985	BiologicalAttribute	+			Q595094	Mx8NhB4rvcD6KJwpEbGdrcN5Y29ycB4rvViAkpwpEbGdrcN5Y29ycB4rvVjTxJwpEbGdrcN5Y29ycB4rvViAkpwpEbGdrcN5Y29ycA				"a female person who has the same parents as another person; ""my sister married a musician"""	core
situation	13927383	SubjectiveAssessmentAttribute	+				Mx4rvYjIS5wpEbGdrcN5Y29ycA			Situation	"the general state of things; the combination of circumstances at a given time; ""the presen"	core
skeletal-system	05585383	AnatomicalStructure	+			Q1072278					the hard structure (bones and cartilages) that provides a frame for the body of an animal	core
sketch	06469694	Summary	+			Q5078274	Mx4rn_kuIDAEQdiOPOpBZlRGAg				short descriptive summary (of events)	core
ski	04228054	SnowSki	=			Q172226					narrow wood or metal or plastic runners used in pairs for gliding over snow	core
ski-tow	04231693	Device	+			Q17136481					a powered conveyance that carries skiers up a hill	core
skill	05637558	Proposition	+		Skill	Q205961					an ability that has been acquired by training	core
skin	05238282	Skin	+			Q1074	Mx4rvVjX3ZwpEbGdrcN5Y29ycA				"a natural protective body covering and site of the sense of touch; ""your skin is the large"	core
skin-cream	03128519	Mixture	+			Q3006091					toiletry consisting of any of various substances in the form of a thick liquid that have a	core
skirt	04230808	Clothing	+		Skirt	Q2160801					a garment hanging from the waist; worn mainly by girls and women	core
skull	05540121	Skull	+		Skull	Q13147	Mx4rvVjOsZwpEbGdrcN5Y29ycA				the bony skeleton of the head of vertebrates	core
sky	09436708	SpaceRegion	=			Q527	Mx4rvViGgJwpEbGdrcN5Y29ycA				the atmosphere and outer space as viewed from the earth	core
slab	04233405	Artifact	+								block consisting of a thick piece of something	core
slant	06211078	IntentionalRelation	+			Q12558574					a biased way of looking at or presenting something	core
slave	10609325	HumanSlave	=			Q12773225	Mx4rv-2R7JwpEbGdrcN5Y29ycA				a person who is owned by someone	core
sleep	14024882	Asleep	=			Q35831					a natural and periodic state of rest during which consciousness of the world is suspended;	core
sleeve	04236377	Sleeve	+			Q256458	Mx4rvVkKV5wpEbGdrcN5Y29ycA				the part of a garment that is attached at the armhole and that provides a cloth covering f	core
slice	09437241	Object	+			Q104439342					a thin flat piece cut off of some object	core
slide	04238128	RecreationOrExerciseDevice	+			Q334747					plaything consisting of a sloping chute down which children can slide	core
slob	10612210	Human	+								a coarse obnoxious person	core
slope	09437454	SlopedArea	=			Q944588	Mx4rw4--UiTfQdeTAd3NPZMGfg				"an elevated geological formation; ""he climbed the steep slope""; ""the house was built on th"	core
slot	04243370	Hole	+			Q7541407					"a small slit (as for inserting a coin or depositing mail); ""he put a quarter in the slot"""	core
sludge	14956661	Substance	+			Q899944					any thick, viscous matter	core
small-change	13387479	CurrencyMeasure	+								money received in return for its equivalent in a larger denomination or a different curren	core
smell	05658603	BiologicalAttribute	+			Q1541064					the faculty that enables us to distinguish scents	core
smile	06878071	Smiling	+			Q487					a facial expression characterized by turning up the corners of the mouth; usually shows pl	core
smoke	11508092	Smoke	=			Q130768	Mx4rvVi_TpwpEbGdrcN5Y29ycA				a cloud of fine particles suspended in a gas	core
smudge	04694441	VisualAttribute	+								"a blemish made by dirt; ""he had a smudge on his cheek"""	core
snail	01944390	Gastropod	+			Q308841					freshwater or marine or terrestrial gastropod mollusk usually having an external enclosing	core
snake	01726692	Snake	=			Q2102	Mx4rvViT7pwpEbGdrcN5Y29ycA				limbless scaly elongate reptile; some are venomous	core
snow	11508382	Snowing	+			Q7561					precipitation falling from clouds in the form of ice crystals	core
snub	01225997	SubjectiveAssessmentAttribute	+			Q7548771					"a refusal to recognize someone you know; ""the snub was clearly intentional"""	core
soap	04253437	Soap	=			Q34396	Mx4rvVj4KZwpEbGdrcN5Y29ycA				a cleansing agent made from the salts of vegetable or animal fats	core
soccer	00478262	Soccer	=			Q2736					a football game in which two teams of 11 players try to kick or head a ball into the oppon	core
social-club	08227214	Club	=		Social_club	Q939871	Mx4r2O6GFr_CEdaAAAACs6ho1w				"a formal association of people with similar interests; ""he joined a golf club""; ""they form"	core
social-occasion	07447261	SocialParty	+				Mx4rvVjrvpwpEbGdrcN5Y29ycA				"a vaguely specified social event; ""the party was quite an affair""; ""an occasion arranged t"	core
social-science	06143154	SocialScience	=			Q34749	Mx4rvgPZF5wpEbGdrcN5Y29ycA				the branch of science that studies society and the relationships of individual within a so	core
social-welfare	01086945	Welfare	=			Q12002092					"governmental provision of economic assistance to persons in need; ""she lives on welfare"""	core
society	07966140	SubjectiveAssessmentAttribute	=		Society						an extended social group having a distinctive cultural and economic organization	core
sociology	06151693	Sociology	=			Q21201					the study and classification of human societies	core
sock	04254777	Sock	+			Q43663	Mx4rvViPuJwpEbGdrcN5Y29ycA				hosiery consisting of a cloth covering for the foot; worn inside the shoe; reaches to betw	core
sodium	14655371	Sodium	=			Q658	Mx4rvVjUBpwpEbGdrcN5Y29ycA				a silvery soft waxy metallic element of the alkali metal group; occurs abundantly in natur	core
sofa	04256520	Sofa	=			Q131514	Mx4rvVjfFJwpEbGdrcN5Y29ycA				an upholstered seat for more than one person	core
software	06566077	ComputerProgram	+		Software	Q7397					(computer science) written programs or procedures or rules and associated documentation pe	core
software-agent							Mx4rwQl6r5wpEbGdrcN5Y29ycA					core
software-library	07977592	Collection	+			Q188860					(computing) a collection of standard programs and subroutines that are stored and availabl	core
soil	14844693	Soil	=			Q36133	Mx4rwAYi8pwpEbGdrcN5Y29ycA				the part of the earth's surface consisting of humus and disintegrated rock	core
soldier	10622053	Soldier	=		Soldier	Q4991371	Mx4rvVjrTpwpEbGdrcN5Y29ycA				"an enlisted man or woman who serves in an army; ""the soldiers stood at attention"""	core
solicitation	06513764	Requesting	+								"request for a sum of money; ""an appeal to raise money for starving children"""	core
solidarity	04765038	SubjectiveAssessmentAttribute	+			Q815726					a union of interests or purposes or sympathies among members of a group	core
solo	01257418	IntentionalProcess	+			Q270827					any activity that is performed alone without assistance	core
solution	00190783	SubjectiveAssessmentAttribute	+		Solution		Mx4rvVkFnJwpEbGdrcN5Y29ycA				"the successful action of solving a problem; ""the solution took three hours"""	core
soprano	06873139	BiologicalAttribute	+			Q30903	Mx4rvXmO05wpEbGdrcN5Y29ycA				the highest female voice; the voice of a boy before puberty	core
sorrow	07535670	Unhappiness	+			Q4729246	Mx4rvVi0wZwpEbGdrcN5Y29ycA				"sadness associated with some wrong done or some disappointment; ""he drank to drown his sor"	core
sound	05718254	Hearing	+		Sound						"the subjective sensation of hearing something; ""he strained to hear the faint sounds"""	core
soup	07583197	PreparedFood	+		Soup	Q41415	Mx4rvVj2XJwpEbGdrcN5Y29ycA				liquid food especially of meat or fish or vegetable stock often containing pieces of solid	core
south	13833375	South	=			Q667					the cardinal compass point that is at 180 degrees	core
sovereign	10628644	Monarch	+			Q116					a nation's ruler or head of state usually by hereditary right	core
space	06839190	Character	+		Space		Mx4rkkfpDL2XEdmAAAACs6hRjg				"a blank character used to separate successive words in writing or printing; ""he said the s"	core
spacecraft	04264914	Spacecraft	+		Spacecraft	Q11449356	Mx4rwQtlDpwpEbGdrcN5Y29ycA				a craft capable of traveling in outer space; technically, a satellite around the sun	core
spatial-extent	05093581	LengthMeasure	+								the magnitude of something in a particular direction (especially length or width or height	core
speaker	10630188	SocialRole	+			Q2324479					someone who expresses in language; someone who talks (especially someone who delivers a pu	core
specialist	10631941	SkilledOccupation	+			Q702269					an expert who is devoted to one occupation or branch of learning	core
species	08110373	Organism	=				Mx4rvVjK65wpEbGdrcN5Y29ycA				(biology) taxonomic group whose members can interbreed	core
specimen	05266879	BodySubstance	+			Q2075980					"a bit of tissue or blood or urine that is taken for diagnostic purposes; ""they collected a"	core
spectacles	04272054	EyeGlass	+			Q37501					optical instrument consisting of a frame that holds a pair of lenses for correcting defect	core
spectator	10633450	SocialRole	+								"a close observer; someone who looks at something (such as an exhibition of some kind); ""th"	core
spectrum	05128219	SubjectiveAssessmentAttribute	+								a broad range of related objects or values or qualities or ideas or activities	core
speech	07110457	Communication	+								"the exchange of spoken words; ""they were perfectly comfortable together without speech"""	core
spell	07159791	Text	+			Q2839930					"a verbal formula believed to have magical force; ""he whispered a spell as he moved his han"	core
sphere	13898899	Sphere	=			Q12507					a three-dimensional closed surface such that every point on the surface is equidistant fro	core
sphere-of-influence	08653570	GeopoliticalArea	+			Q593682					the geographical area in which one nation is very influential	core
spider	01772222	Arachnid	+			Q115128259	Mx4rvVjCnZwpEbGdrcN5Y29ycA				predatory arachnid with eight legs, two poison fangs, two feelers, and usually two silk-sp	core
spinach	07736692	Spinach	=			Q36814998	Mx4rvViCs5wpEbGdrcN5Y29ycA				dark green leaves; eaten cooked or raw in salads	core
spinal-column	05588174	SpinalColumn	+				Mx4rvVkFEpwpEbGdrcN5Y29ycA				"the series of vertebrae forming the axis of the skeleton and protecting the spinal cord; """	core
spine	13089631	BodyPart	+								a small sharp-pointed tip resembling a spike on a stem or leaf	core
spirit	14526182	SubjectiveAssessmentAttribute	+		Spirit		Mx4rESuT3qJxQdeP56jILPRdlQ				"the general atmosphere of a place or situation and the effect that it has on people; ""the "	core
spiritualist	10306279	SocialRole	+			Q583271					"someone who serves as an intermediary between the living and the dead; ""he consulted sever"	core
split	09443136	Hole	+				Mx4rvezmq5wpEbGdrcN5Y29ycA				"a lengthwise crack in wood; ""he inserted the wedge into a split in the log"""	core
spokesman	10638310	Spokesperson	+			Q17221					a male spokesperson	core
spokesperson	10638385	Spokesperson	=			Q17221	Mx4rwQr5zpwpEbGdrcN5Y29ycA				"an advocate who represents someone else's policy or purpose; ""the meeting was attended by "	core
spontaneous-abortion	00230475	OrganismProcess	+			Q2781245					a natural loss of the products of conception	core
spoon	04284002	Tableware	+		Spoon	Q81895	Mx4rvVj1iZwpEbGdrcN5Y29ycA				a piece of cutlery with a shallow bowl-shaped container and a handle; used to stir or serv	core
sport	00523513	Sport	=		Sport	Q349	Mx4rwPySLpwpEbGdrcN5Y29ycA				an active diversion requiring physical exertion and competition	core
spouse	10640620	SocialRole	+			Q1196129					a person's partner in marriage	core
spray	15056541	Water	+				Mx4rwP1nTpwpEbGdrcN5Y29ycA				water in small drops in the atmosphere; blown from waves or thrown up by a waterfall	core
spread	07856270	PreparedFood	+			Q5726634					a tasty mixture to be spread on bread or crackers or used in preparing other dishes	core
spreadsheet	06579952	ComputerProgram	+		Spreadsheet		Mx4rvViX1pwpEbGdrcN5Y29ycA				a screen-oriented interactive program enabling a user to lay out financial data on the scr	core
spring	04288272	Spring	+			Q102836					a metal elastic device that returns to its shape or position when pushed or pulled or pres	core
springtime	15237044	SpringSeason	+			Q1312					"the season of growth; ""the emerging buds were a sure sign of spring""; ""he will hold office"	core
spy	10641755	Position	+								(military) a secret agent hired by a state to obtain information about its enemies or by a	core
squad	08218122	MilitarySquad	+				Mx4rB5uhzjt6EdaAAACgye-oRQ				a smallest army unit	core
square	13878634	Square	=			Q164					(geometry) a plane rectangle with four equal sides and four right angles; a four-sided reg	core
stable	04294879	FarmBuilding	+		Stable	Q214252					a farm building for housing horses or other livestock	core
stadium	04295881	StationaryArtifact	+			Q483110	Mx4rvVjtnZwpEbGdrcN5Y29ycA				a large structure for open-air sports or entertainments	core
staff	08439955	Organization	+				Mx4rv4lhd5wpEbGdrcN5Y29ycA				"personnel who assist their superior in carrying out an assigned task; ""the hospital has an"	core
staff-rod	07267160	Icon	+								a rod carried as a symbol	core
stage	04296562	PerformanceStage	=			Q194428					"a large platform on which people can stand and can be seen by an audience; ""he clambered u"	core
stage-production	07006951	Demonstrating	=								"a presentation for the stage or screen or radio or television; ""have you seen the new prod"	core
stage-set	04297476	PerformanceStage	+			Q352867					representation consisting of the scenery and other properties used to identify the locatio	core
stairway	04298308	Steps	=			Q12511	Mx4rvVjkx5wpEbGdrcN5Y29ycA				a way of access (upward and downward) consisting of a set of steps	core
stake	13343526	SubjectiveAssessmentAttribute	+				Mx4rwQr23JwpEbGdrcN5Y29ycA				the money risked on a gamble	core
stalk	13129165	PlantBranch	=			Q134267	Mx4rwPviaZwpEbGdrcN5Y29ycA				a slender or elongated structure that supports a plant or fungus or a plant part or plant 	core
stall	04299215	Artifact	+								a booth where articles are displayed for sale	core
stand-base	02798574	Artifact	+								"a flat bottom on which something is intended to sit; ""a tub should sit on its own base"""	core
standard	07260623	NormativeAttribute	+								"a basis for comparison; a reference point against which other things can be evaluated; ""th"	core
star	09444783	Star	+		Star	Q523					any celestial body visible (as a point of light) from the Earth at night	core
star-shape	13881644	ShapeAttribute	+								a plane figure with 5 or more points; often used as an emblem	core
state	00024720	Proposition	+				Mx4rvVjnqJwpEbGdrcN5Y29ycA		state		"the way something is with respect to its main attributes; ""the current state of knowledge"""	core
state-of-matter	14479615	PhysicalState	=			Q11430	Mx4rvViRCJwpEbGdrcN5Y29ycA				(chemistry) the three traditional states of matter are solids (fixed shape and volume) and	core
statement	06516595	FinancialText	+	schema:Statement			Mx4rvWIKZpwpEbGdrcN5Y29ycA				a document showing credits and debits	core
station	08624385	GeographicArea	+			Q2114843					"the position where someone (as a guard or sentry) stands or is assigned to stand; ""a soldi"	core
statistics	06018465	Statistics	=		Statistics	Q12483					a branch of applied mathematics concerned with the collection and interpretation of quanti	core
statue	04306847	Sculpture	+		Statue	Q179700	Mx4rvgELj5wpEbGdrcN5Y29ycA				a sculpture representing a human or animal	core
status	13945919	SubjectiveAssessmentAttribute	=								"the relative position or standing of things or especially persons in a society; ""he had th"	core
steak	07657903	Meat	+		Stećak	Q213062	Mx4rwQCKhZwpEbGdrcN5Y29ycA				a slice of meat cut from the fleshy part of an animal or large fish	core
steam	15055181	Steam	=			Q3251738	Mx8Ngh4rwPzX7ZwpEbGdrcN5Y29ycB4rvVjAHZwpEbGdrcN5Y29ycA				water at boiling temperature diffused in the atmosphere	core
steel	14802450	Steel	=		Steel	Q11427					an alloy of iron with small amounts of carbon; widely used in construction; mechanical pro	core
step	04314914	Artifact	+				Mx4rvViItpwpEbGdrcN5Y29ycA				"support consisting of a place to rest the foot while ascending or descending a stairway; """	core
steward	10655594	Position	+			Q5263369					an attendant on an airplane	core
stick	04317420	Plant	+				Mx8Ngh4rwjh4oLdHQdeIfc0KIMuu4R8Ngh4rwPzUgpwpEbGdrcN5Y29ycB4rwQBrIJwpEbGdrcN5Y29ycA				"an implement consisting of a length of wood; ""he collected dry sticks for a campfire""; ""th"	core
stimulation	01261974	Process	+			Q4114622					the act of arousing an organism to action	core
sting	14297870	Injuring	+								a painful wound caused by the thrust of an insect's stinger into skin	core
stitch	04321238	Attaching	+				Mx4rTdXHjiqgQdiOsqrjqFgM_g				a link or loop or knot made by an implement in knitting, crocheting, embroidery, or sewing	core
stock	04321534	Product	+								"the merchandise that a shop has on hand; ""they carried a vast inventory of hardware""; ""the"	core
stockholder	10657969	Investor	+			Q381136					someone who holds shares of stock in a corporation	core
stomach	05395690	Stomach	+			Q1029907	Mx4rvVjlqpwpEbGdrcN5Y29ycA				an enlarged and muscular saclike organ of the alimentary canal; the principal organ of dig	core
stone	11684739	BodyPart	+		Stone						the hard inner (usually woody) layer of the pericarp of some fruits (as peaches or plums o	core
stool	04326896	Chair	+			Q33163	Mx4rvViF35wpEbGdrcN5Y29ycA				a simple seat without a back or arms	core
stop	01056411	Keeping	+				Mx4raX-VWhlIQdidAJdv_n8vZA				"a brief stay in the course of a journey; ""they made a stopover to visit their friends"""	core
storey	03365991	BuildingLevel	+			Q831691					a structure consisting of a room or set of rooms at a single position along a vertical sca	core
storm	11462526	BeaufortNumberEleven	=		Storm	Q81054					a violent weather condition with winds 64-72 knots (11 on the Beaufort scale) and precipit	core
stove	04330340	Stove	+		Stove	Q182995					"a kitchen appliance used for cooking food; ""dinner was already on the stove"""	core
strand	02999757	ArtWork	+			Q756819	Mx4rP9fRtCwaEdiUggAH6RYvSQ				"a necklace made by a stringing objects together; ""a string of beads""; ""a strand of pearls"""	core
strap	04333500	Device	+			Q16990721	Mx4rwQBaLpwpEbGdrcN5Y29ycA				a band that goes over the shoulder and supports a garment or bag	core
straw	04334232	Tube	+			Q189211	Mx4rvgHf1ZwpEbGdrcN5Y29ycA				a thin paper or plastic tube used to suck liquids into the mouth	core
strawberry	07745940	Strawberry	=			Q14458220	Mx8Ngh4rvVipdpwpEbGdrcN5Y29ycB4rvVisvpwpEbGdrcN5Y29ycA				sweet fleshy red fruit	core
stream	09448361	StreamWaterArea	=		Stream	Q47521	Mx4rGxWxg1L1EdaCtgACs0uXdw				a natural body of running water flowing on or under the earth	core
street	04334599	Roadway	=		Street	Q79007	Mx4rvVj1FJwpEbGdrcN5Y29ycA				"a thoroughfare (usually including sidewalks) that is lined with buildings; ""they walked th"	core
streetcar	04335435	RailVehicle	+			Q3407658	Mx4r_3Df6iweQdiHmp8c4Rdu3g				a wheeled vehicle that runs on rails and is propelled by electricity	core
strength	05029706	SubjectiveAssessmentAttribute	+			Q2066956					"the property of being physically or mentally strong; ""fatigue sapped his strength"""	core
strike	01243674	LaborStriking	=			Q49776					"a group's refusal to work in protest against low pay or bad work conditions; ""the strike l"	core
string	04337974	String	+			Q11064354					a lightweight cord	core
strip	09449510	SelfConnectedObject	+				Mx4rF7aX9LtfEdmAAAACs6hRjg				"a relatively long narrow piece of something; ""he felt a flat strip of muscle"""	core
stroke	14082303	Stroke	=			Q8264724	Mx4rwP1bPpwpEbGdrcN5Y29ycA				a sudden loss of consciousness resulting when the rupture or occlusion of a blood vessel l	core
structure	04341686	Artifact	+		Structure	Q6671777	Mx4rvsWv_5wpEbGdrcN5Y29ycA				"a thing constructed; a complex entity constructed of many parts; ""the structure consisted "	core
struggle	00622068	IntentionalProcess	+								"strenuous effort; ""the struggle to get through the crowd exhausted her"""	core
student	10665698	SocialRole	+			Q48282					a learner who is enrolled in an educational institution	core
studio	04344246	ArtStudio	=		Studio	Q746628	Mx4rvgC4G5wpEbGdrcN5Y29ycA				"workplace for the teaching or practice of an art; ""she ran a dance studio""; ""the music dep"	core
study	04345028	Room	+			Q1759167	Mx4rvVi6DZwpEbGdrcN5Y29ycA				"a room used for reading and writing and studying; ""he knocked lightly on the closed door o"	core
stunt-man	10666846	Position	+								"a stand-in for movie stars to perform dangerous stunts; ""his first job in Hollywood was as"	core
style	06789215	Procedure	+								editorial directions to be followed in spelling and punctuation and capitalization and typ	core
subject	04347225	Object	+								something (a person or object or scene) selected by an artist or photographer for graphic 	core
submission	07167578	Text	+								something (manuscripts or architectural plans and models or estimates or works of art of a	core
subscriber	10670483	Human	+			Q1589282					someone who contracts to receive and pay for a service or a certain number of issues of a 	core
subsister	10681194	SocialRole	+								"one who lives through affliction; ""the survivors of the fire were taken to a hospital"""	core
substance	00020827	Substance	=	schema:Substance	Substance	Q35758			amount-of-matter	Substance	"that which has mass and occupies space; ""physicists study both the nature of matter and th"	core
suburb	08554440	Suburban	+		Suburb	Q188509	Mx4rvVj8QZwpEbGdrcN5Y29ycA				a residential district located on the outskirts of a city	core
success	07319103	IntentionalProcess	+				Mx4rwLJ3c5wpEbGdrcN5Y29ycA				"an event that accomplishes its intended purpose; ""let's call heads a success and tails a f"	core
suffering	07495327	EmotionalState	+			Q5780945					feelings of mental or physical pain	core
sugar	07859284	Sugar	=			Q11002	Mx4rvVjIPJwpEbGdrcN5Y29ycA				a white crystalline carbohydrate used as a sweetener and preservative	core
suggestion	07162680	Requesting	+								"a proposal offered for acceptance or rejection; ""it was a suggestion we couldn't refuse"""	core
suicide	00222485	Suicide	+		Suicide	Q10737	Mx4rwQrsYZwpEbGdrcN5Y29ycA				"the act of killing yourself; ""it is a crime to commit suicide"""	core
suit	04350905	ClothingSuit	+			Q614806					a set of garments (usually including a jacket and trousers or skirt) for outerwear all of 	core
suite	04351550	Suite	=	schema:Suite		Q1367530	Mx4rvViJYZwpEbGdrcN5Y29ycA				apartment consisting of a series of connected rooms used as a living unit (as in a hotel)	core
sulfur	14656219	Sulphur	=			Q682	Mx4rvVjm3JwpEbGdrcN5Y29ycA				an abundant tasteless odorless multivalent nonmetallic element; best known in yellow cryst	core
sum	07959016	Collection	+								"the final aggregate; ""the sum of all our troubles did not equal the misery they suffered"""	core
summary	06467007	Summary	=			Q776754	Mx4r2otxYkPeQdmUt4ivKHSwxA				"a brief statement that presents the main points in a concise form; ""he gave a summary of t"	core
summation	00872107	AdditionFn	=			Q32043					"the arithmetic operation of summing; calculating the sum of two or more numbers; ""the summ"	core
summer	15237250	SummerSeason	+			Q1313					the warmest season of the year; in the northern hemisphere it extends from the summer sols	core
summer-camp	02945594	Organization	+		Summer_camp		Mx4rv3BXzZwpEbGdrcN5Y29ycA				"a site where care and activities are provided for children during the summer months; ""city"	core
summit	08312359	Meeting	+		Summit	Q207326	Mx4ryncJZCTfQdeEidQ7vusDfQ				a meeting of heads of governments	core
sun	09450163	Sol	=			Q525	Mx4rlxNJlmKqEdqAAAACs71DGQ				"the star that is the source of light and heat for the planets in the solar system; ""the su"	core
sunday	15163797	Sunday	=			Q132	Mx4rvVjWN5wpEbGdrcN5Y29ycA				first day of the week; observed as a day of rest and worship by most Christians	core
sunlight	11485367	Sunlight	+			Q193788	Mx4rvViVapwpEbGdrcN5Y29ycA				"the rays of the sun; ""the shingles were weathered by the sun and wind"""	core
sunrise	07343910	Motion	+			Q193294	Mx4rvVjNG5wpEbGdrcN5Y29ycA				the daily event of the sun rising above the horizon	core
superintendent	10675721	Position	+								a caretaker for an apartment house; represents the owner as janitor and rent collector	core
supermarket	04358707	Corporation	+		Supermarket	Q180846					a large self-service grocery store selling groceries and dairy products and household good	core
supervisor	10676877	Position	+			Q1240788	Mx4r42_KFhrIQdiRQfhXDZ7-QQ				one who supervises or has charge and direction of	core
supply	13777344	SupplyFn	=				Mx4rwVXZKpwpEbGdrcN5Y29ycA				an amount of something available for use	core
support	01212519	Cooperation	+				Mx4rvVkHbJwpEbGdrcN5Y29ycA				"aiding the cause or policy or interests of; ""the president no longer has the support of hi"	core
support-device	04359589	Device	+								"any device that bears the weight of another thing; ""there was no place to attach supports "	core
surface	08660339	Region	+			Q484298	Mx4rvZWBA5wpEbGdrcN5Y29ycA				"the extended two-dimensional outer boundary of a three-dimensional object; ""they skimmed o"	core
surgeon	10679174	Surgeon	+			Q774306	Mx4rvVjoEZwpEbGdrcN5Y29ycA				a physician who specializes in surgery	core
surgery	06063588	FieldOfStudy	@			Q40821	Mx4rvViynJwpEbGdrcN5Y29ycA				"the branch of medical science that treats disease or injury by operative procedures; ""he i"	core
surprise	07298154	SubjectiveAssessmentAttribute	+				Mx4rvVjAzpwpEbGdrcN5Y29ycA				a sudden unexpected event	core
surrender	07542433	Despair	+			Q3769366	Mx4rvV4LYJwpEbGdrcN5Y29ycA				acceptance of despair	core
surrogate	10680153	SocialRole	+			Q29863201					someone who takes the place of another person	core
surroundings	08568256	Region	+								"the context and environment in which something is set; ""the perfect setting for a ghost st"	core
survival	13563746	Process	+			Q721322					a natural process resulting in the evolution of organisms best adapted to the environment	core
survivor	10681060	SocialRole	+			Q6136036	Mx4rq3lF1hlJQdiNGqwKMsLw5A				"one who outlives another; ""he left his farm to his survivors"""	core
suspect	10681383	SocialRole	+			Q224952					someone who is under suspicion	core
sweater	04370048	Clothing	+			Q232191	Mx4rvVkBipwpEbGdrcN5Y29ycA				a crocheted or knitted garment covering the upper part of the body	core
swing	00327824	Motion	+			Q188688	Mx4rwQxGhpwpEbGdrcN5Y29ycA				changing location by moving back and forth	core
switch	00196084	Substituting	+								"the act of changing one thing or position for another; ""his switch on abortion cost him th"	core
sword	04373894	Sword	+		Sword	Q274556	Mx4rvVj_15wpEbGdrcN5Y29ycA				a cutting or thrusting weapon that has a long metal blade and a hilt with a hand guard	core
syllable	06304671	Syllable	=								"a unit of spoken language larger than a phoneme; ""the word `pocket' has two syllables"""	core
symbol	06806469	Character	=		Symbol	Q80071					an arbitrary sign (written or printed) that has acquired a conventional significance	core
sympathetic-concern	07504841	Concern	=								"a feeling of sympathy for someone or something; ""She felt strong concern for those less fo"	core
sympathy	06199142	IntentionalRelation	+				Mx4rvVive5wpEbGdrcN5Y29ycA				"an inclination to support or be loyal to or to agree with an opinion; ""his sympathies were"	core
symptom	14299637	PathologicProcess	+			Q169872	Mx4rLvFXyp9oEdyAAAATco72kA				(medicine) any sensation or change in bodily function that is experienced by a patient and	core
syndrome	14304060	PathologicProcess	+		Syndrome		Mx4rv7sZaZwpEbGdrcN5Y29ycA				a pattern of symptoms indicative of some disease	core
system	08435388	Collection	+		System		Mx4rv9Xu1ZwpEbGdrcN5Y29ycA				"a group of independent but interrelated elements comprising a unified whole; ""a vast syste"	core
table	04379964	Table	+	schema:Table		Q14748					"a piece of furniture with tableware for a meal laid out on it; ""I reserved a table at my f"	core
tabular-array	08266235	ContentBearingObject	+			Q496946					"a set of data arranged in rows and columns; ""see table 1"""	core
tactic	05905152	Plan	+								a plan for attaining a particular goal	core
tail	02157557	Tail	=			Q60960					the posterior part of the body of a vertebrate especially when elongated and extending bey	core
talk	07135734	Speaking	+								"an exchange of ideas via conversation; ""let's have more work and less talk around here"""	core
tan	14290534	Injuring	+			Q1670336	Mx4r2sRPdHS-EdaAAACgyZzFrg				a browning of the skin resulting from exposure to the rays of the sun	core
tank	04389033	MilitaryTank	=		Tank	Q12876	Mx4rwQB8vpwpEbGdrcN5Y29ycA				an enclosed armored military vehicle; has a cannon and moves on caterpillar treads	core
tape	04391569	Tape	=				Mx4rwQBeS5wpEbGdrcN5Y29ycA				"a long thin piece of cloth or paper as used for binding or fastening; ""he used a piece of "	core
tape-recording	04391838	Recording	+				Mx4rvVkIepwpEbGdrcN5Y29ycA				"a recording made on magnetic tape; ""the several recordings were combined on a master tape"""	core
tapeline	04392113	Device	+			Q214649					measuring instrument consisting of a narrow strip (cloth or metal) marked in inches or cen	core
target	07262108	Device	+			Q1047579	Mx4rvViogpwpEbGdrcN5Y29ycA				"a reference point to shoot at; ""his arrow hit the mark"""	core
tariff	13315999	DutyTax	=			Q52389	Mx4rwRKVWZwpEbGdrcN5Y29ycA				"a government tax on imports or exports; ""they signed a treaty to lower duties on trade bet"	core
taste	05658226	BiologicalAttribute	+			Q124794	Mx4rpisE_MsJEdmAAAACs6hRjg				"the faculty of distinguishing sweet, sour, bitter, and salty properties in the mouth; ""his"	core
tax	13308999	CurrencyMeasure	+		Tax						charge against a citizen's person or property or activity for the support of government	core
tax-return	06548671	TaxReturn	+			Q2861384	Mx4rwPvGh5wpEbGdrcN5Y29ycA				"document giving the tax collector information about the taxpayer's tax liability; ""his gro"	core
taxpayer	10694163	Tax	=				Mx4rKeRuthlNQdiJ15FOZtuSRA				someone who pays taxes	core
tea	07933274	Tea	=		Tea	Q6097	Mx4rvViLDpwpEbGdrcN5Y29ycA				"a beverage made by steeping tea leaves in water; ""iced tea is a cooling drink"""	core
teacher	10694258	Teacher	=			Q64760507					a person whose occupation is teaching	core
teaching	00887081	EducationalProcess	+			Q7922	Mx4rvVix4JwpEbGdrcN5Y29ycA				"the profession of a teacher; ""he prepared for teaching while still in college""; ""pedagogy "	core
team	08208560	Organization	=		Team	Q327245	Mx4rvZowY5wpEbGdrcN5Y29ycA				a cooperative unit (especially in sports)	core
tear	05405324	TearSubstance	+			Q76469					"a drop of the clear salty saline solution secreted by the lacrimal glands; ""his story brou"	core
telephone-line	04402057	Cable	+			Q1373572					a telephone connection	core
television	04404412	TelevisionStation	=		Television	Q289					a telecommunication system that transmits images of objects (stationary or moving) between	core
television-receiver	04405907	TelevisionSet	=								"an electronic device that receives television signals and displays them on a screen; ""the "	core
temper	07551052	Anger	=				Mx4rvVj3mZwpEbGdrcN5Y29ycA				"a characteristic (habitual or relatively temporary) state of feeling; ""whether he praised "	core
temple	04407435	ReligiousBuilding	+		Temple	Q427287	Mx4rwQwW0ZwpEbGdrcN5Y29ycA				place of worship consisting of an edifice for the worship of a deity	core
temple-of-head	05602683	BodyPart	+			Q243999					"the flat area on either side of the forehead; ""the veins in his temple throbbed"""	core
tempo	15283097	SpeedFn	+			Q3306516					the rate of some repeating event	core
tenant	10700201	SocialRole	+			Q10530883	Mx4rY-F1_BlLQdiGY4eFFDb26w				"someone who pays rent to use land or a building or a car that is owned by someone else; ""t"	core
tendency	08681777	PositionalAttribute	+								"a general direction in which something tends to move; ""the shoreward tendency of the curre"	core
tending	00654885	Maintaining	+								"the work of providing treatment for or attending to someone or something; ""no medical care"	core
tennis	00482298	Tennis	=			Q847					a game played with rackets by two or four players who hit a ball back and forth over a net	core
tension	14376188	SubjectiveAssessmentAttribute	=			Q3500368	Mx4rvVizDZwpEbGdrcN5Y29ycA				"(psychology) a state of mental or emotional strain or suspense; ""he suffered from fatigue "	core
tensity	14544335	InternalAttribute	+								"the physical condition of being stretched or strained; ""it places great tension on the leg"	core
tent	04411264	Tent	=		Tent	Q170544	Mx4rvVi0AZwpEbGdrcN5Y29ycA				a portable shelter (usually of canvas stretched over supporting poles and fastened to the 	core
term	06303888	NounPhrase	=								"a word or expression used for some particular thing; ""he learned many medical terms"""	core
terminal	04413419	Device	+			Q216640					electronic equipment consisting of a device providing access to a computer; has a keyboard	core
terminology	06304059	Word	+			Q1725664					"a system of words used to name things in a particular discipline; ""legal terminology""; ""bi"	core
territory	08493064	GeographicArea	+		Territory		Mx4rvVih3JwpEbGdrcN5Y29ycA				"the geographical area under the jurisdiction of a sovereign state; ""American troops were s"	core
terrorist	10702781	Terrorist	=			Q12414919	Mx4rva-nGZwpEbGdrcN5Y29ycA				a radical who employs terror as a political weapon; usually organizes with other terrorist	core
text	06387980	Text	=			Q234460					"the words of something written; ""there were more than a thousand words of text""; ""they han"	core
text-message												core
text-passage	06400271	Text	+								a section of text; particularly a section of medium length	core
textbook	06414372	Book	+		Textbook	Q83790	Mx4rvVjaBZwpEbGdrcN5Y29ycA				"a book prepared for use in schools or colleges; ""his economics textbook is in its tenth ed"	core
texture	04946877	TextureAttribute	+				Mx4rvVjgBpwpEbGdrcN5Y29ycA				"the feel of a surface or a fabric; ""the wall had a smooth texture"""	core
thanks	07228971	Thanking	+								an acknowledgment of appreciation	core
theatrical-role	05929008	DramaticActing	+								"an actor's portrayal of someone in a play; ""she played the part of Desdemona"""	core
theme	05920272	Proposition	+								"a unifying idea that is a recurrent element in literary or artistic work; ""it was the usua"	core
theology	06182144	Theology	=			Q34178					the rational and systematic study of religion and its influences and of the nature of reli	core
theoretical-account	05890249	Proposition	+								"a hypothetical description of a complex entity or process; ""the computer program was based"	core
theorist	10706812	Human	+			Q18931911					someone who theorizes (especially in science or art)	core
therapist	10707233	Position	+			Q2518689					a person skilled in a particular type of therapy	core
therapy	00661091	TherapeuticProcess	=		Therapy	Q179661					"(medicine) the act of caring for someone (as by medication or remedial training etc.); ""th"	core
thigh	05562249	BodyPart	+			Q129757	Mx4rvVjN7JwpEbGdrcN5Y29ycA				the part of the leg between the hip and the knee	core
thinker	10708292	CognitiveAgent	+			Q18003128					"an important intellectual; ""the great minds of the 17th century"""	core
thinking	05770926	Reasoning	=			Q9420	Mx4rvViHGJwpEbGdrcN5Y29ycA				"the process of using your mind to consider something carefully; ""thinking always made him "	core
thorax	05552607	BodyPart	+								the part of the human torso between the neck and the diaphragm or the corresponding part i	core
thread	04426788	String	+			Q49007					a fine cord of twisted fibers (of cotton or silk or wool or nylon etc.) used in sewing and	core
thriftlessness	04894964	TraitAttribute	+								"the trait of wasting resources; ""a life characterized by thriftlessness and waste""; ""the w"	core
throat	05547508	Throat	=			Q174778	Mx4rwQtO_JwpEbGdrcN5Y29ycA				the passage to the stomach and lungs; in the front part of the neck below the chin and abo	core
throne	04429376	Chair	+		Throne	Q189233	Mx4rOVxI-im6QdifN7MwFspDTQ				"the chair of state for a monarch, bishop, etc.; ""the king sat on his throne"""	core
thumb	05567217	Thumb	+			Q83360	Mx4rvVjVbpwpEbGdrcN5Y29ycA				the thick short innermost digit of the forelimb	core
thunderbolt	11519121	Lightning	+								a discharge of lightning accompanied by thunder	core
ticket	06518719	Ticket	+	schema:Ticket		Q551800	Mx4rvVjUX5wpEbGdrcN5Y29ycA				a commercial document showing that the holder is entitled to something (as to ride on publ	core
tide	07402519	TidalProcess	=			Q23384	Mx4r0ET9oGEYEdaOHQACs0uFOQ				the periodic rise and fall of the sea level under the gravitational pull of the moon	core
tier	14428160	Attribute	+								"a relative position or degree of value in a graded group; ""lumber of the highest grade"""	core
tiger	02129604	Tiger	=			Q19939	Mx4rvVijVpwpEbGdrcN5Y29ycA				large feline of forests in most of Asia having a tawny coat with black stripes; endangered	core
tile	04435180	Artifact	+		Tile	Q468402	Mx4rvVkKLpwpEbGdrcN5Y29ycA				a flat thin rectangular slab (as of fired clay or rubber or linoleum) used to cover surfac	core
tilt	05068080	PositionalAttribute	+			Q1139344					"the property possessed by a line or surface that departs from the vertical; ""the tower had"	core
time-of-day	15228378	Hour	=								"clock time; ""the hour is getting late"""	core
time-period	15113229	TimeDuration	+				Mx4rvViAw5wpEbGdrcN5Y29ycA				"an amount of time; ""a time period of 30 years""; ""hastened the period of time of his recove"	core
time-slot	15270245	TimeInterval	+								"a time assigned on a schedule or agenda; ""the TV program has a new time slot""; ""an aircraf"	core
timetable	06496397	Text	+			Q221725					a schedule of times of arrivals and departures	core
tin	14658855	Tin	=			Q1096	Mx4rvVjKhZwpEbGdrcN5Y29ycA				a silvery malleable metallic element that resists corrosion; used in many alloys and to co	core
tip	06651577	Proposition	+			Q135189305					"an indication of potential opportunity; ""he got a tip on the stock market""; ""a good lead f"	core
tip-end	08663156	Region	+			Q135189305					the extreme end of something; especially something pointed	core
tire	04440749	Tire	=			Q169545	Mx4rvVjB1pwpEbGdrcN5Y29ycA				"hoop that covers a wheel; ""automobile tires are usually made of rubber and filled with com"	core
tissue	05267345	Tissue	=			Q40397	Mx4rhi2cWoNwEd2AAADggVbxzQ				part of an organism consisting of an aggregate of cells having a similar structure and fun	core
tissue-growth	14234074	AnatomicalStructure	+								(pathology) an abnormal proliferation of tissue (as in a tumor)	core
tissue-paper	15074962	Paper	+			Q1471060					a soft thin (usually translucent) paper	core
title	05181199	NormativeAttribute	+		Title						"an established or recognized right; ""a strong legal claim to the property""; ""he had no doc"	core
title-of-respect	06339416	Word	+			Q216353					"an identifying appellation signifying status or function: e.g. `Mr.' or `General'; ""the pr"	core
toast	07686873	BreadOrBiscuit	+			Q6128	Mx4rvVjNQZwpEbGdrcN5Y29ycA				slices of bread that have been toasted	core
toe	05577410	Toe	=			Q154425	Mx4rvVjCHZwpEbGdrcN5Y29ycA				one of the digits of the foot	core
token	06795746	ContentBearingObject	+				Mx4rvijV7JwpEbGdrcN5Y29ycA				"an individual instance of a type of symbol; ""the word`error' contains three tokens of `r'"""	core
toll	13323749	CurrencyMeasure	+			Q191316					a fee levied for the use of roads or bridges (used for maintenance)	core
tomato	07734017	Tomato	=			Q20638126					mildly acid red or yellow pulpy fruit eaten as a vegetable	core
tonality	06863751	RadiatingSound	+			Q192822					any of 24 major or minor diatonic scales that provide the tonal framework for a piece of m	core
tone	07082573	SoundAttribute	+			Q833734					"the quality of a person's voice; ""he began in a conversational tone""; ""he spoke in a nervo"	core
tongue	05301072	Tongue	=			Q9614					a mobile mass of muscular tissue covered with mucous membrane and located in the oral cavi	core
tool	04451818	Device	+		Tool	Q39546	Mx4rwPznZJwpEbGdrcN5Y29ycA				an implement used in the practice of a vocation	core
tooth	05282746	Tooth	=			Q553	Mx4rvVjUEZwpEbGdrcN5Y29ycA				hard bonelike structures in the jaws of vertebrates; used for biting and chewing or for at	core
top	04453666	Shirt	+			Q1435365					"a garment (especially for women) that extends from the shoulders to the waist or hips; ""he"	core
top-side	08663354	PositionalAttribute	+								"the highest or uppermost side of anything; ""put your books on top of the desk""; ""only the "	core
topic	06599788	Proposition	+								"the subject matter of a conversation or discussion; ""he didn't want to discuss that subjec"	core
topographic-point	08664443	Region	+								"a point located with respect to surface features of some region; ""this is a nice place for"	core
torch	04456115	LightFixture	+			Q327954	Mx4rvVj7WZwpEbGdrcN5Y29ycA				a light usually carried in the hand; consists of some flammable substance	core
torso	05549830	Torso	+			Q160695	Mx4rvVkJjpwpEbGdrcN5Y29ycA				"the body excluding the head and neck and limbs; ""they moved their arms and legs and bodies"	core
torture	00421437	Injuring	+		Torture	Q132781					the deliberate, systematic, or wanton infliction of physical or mental suffering by one or	core
total-darkness	13983807	Unilluminated	+								"total absence of light; ""they fumbled around in total darkness""; ""in the black of night"""	core
touch	05722427	TactilePerception	+				Mx4rvVjqV5wpEbGdrcN5Y29ycA				"the sensation produced by pressure receptors in the skin; ""she likes the touch of silk on "	core
tourism	00298161	TourismIndustry	=		Tourism	Q49389	Mx4rRwvixi9QQdiR4tL0hrZPBw				"the business of providing services to tourists; ""Tourism is a major business in Bermuda"""	core
tourist	10718131	Tourist	=				Mx4rwPfOI5wpEbGdrcN5Y29ycA				someone who travels for pleasure	core
tournament	07464725	Sport	+		Tournament		Mx4rwOI75pwpEbGdrcN5Y29ycA				a sporting competition in which contestants play a series of games to decide the winner	core
towel	04459362	Device	+			Q131696	Mx4rvVia1JwpEbGdrcN5Y29ycA				a rectangular piece of absorbent cloth (or paper) for drying or wiping	core
tower	04460130	Building	+		Tower	Q12518	Mx4rwPK8UJwpEbGdrcN5Y29ycA				a structure taller than its diameter; can stand alone or be attached to a larger building	core
town	08665504	City	+		Town	Q3957					"an urban area with a fixed boundary that is smaller than a city; ""they drive through town "	core
toy-marble	03721047	Ball	+			Q200199					a small ball of glass that is used in various games	core
trace	06647036	ContentBearingObject	+			Q139845583					a visible mark (as a footprint) left by the passage of person or animal or vehicle	core
track	04464211	Device	+								(computer science) one of the circular magnetic paths on a magnetic disk that serve as a g	core
tracking-chart	07000065	Icon	+								a chart or map showing the movements or progress of an object	core
tract	06409290	Book	+			Q190399	Mx4ryTtpIYuaEduDlwACs6hPlA				a brief treatise on a subject of interest; published in the form of a booklet	core
traction	11460281	Friction	+			Q1852039	Mx4rl7b5RCqhQdideezSqayjYg				the friction between a body and the surface on which it moves (as between an automobile ti	core
trade	00606370	OccupationalTrade	=		Trade	Q2207288					"the skilled practice of a practical occupation; ""he learned his trade as an apprentice"""	core
trader	10720453	SalesPosition	+			Q1424605	Mx4rvVkAlZwpEbGdrcN5Y29ycA				someone who purchases and maintains an inventory of goods to be sold	core
traffic	01113867	FinancialTransaction	+			Q4323994	Mx4rwP1OwZwpEbGdrcN5Y29ycA				buying and selling; especially illicit trade	core
traffic-ticket	06558678	LegalSummons	+								a summons issued to an offender (especially to someone who violates a traffic regulation)	core
tragedy	07016948	Text	+		Tragedy	Q80930	Mx4r6N_vJjoYQdeFkYHS97kv7Q				drama in which the protagonist is overcome by some superior force or circumstance; excites	core
trail	05826914	Proposition	+		Trail	Q628179	Mx4rwP1K_pwpEbGdrcN5Y29ycA				"evidence pointing to a possible solution; ""the police are following a promising lead""; ""th"	core
train	04468005	Train	=		Train	Q870					public transport provided by a line of railway cars coupled together and drawn by a locomo	core
train-ticket	06519607	Ticket	+		Train_ticket		Mx4raPKXuC92EdqAAAACs71DGQ				a ticket good for a ride on a railroad train	core
trainer	10722575	SocialRole	+			Q3077353	Mx8NhB4rvuAoI5wpEbGdrcN5Y29ycB4rvVjnN5wpEbGdrcN5Y29ycB4rvVj-fZwpEbGdrcN5Y29ycB4rvV9B6ZwpEbGdrcN5Y29ycA				one who trains other persons or animals	core
training	00893955	EducationalProcess	+		Training	Q918385					activity leading to skilled behavior	core
training-workshop	00892413	EducationalProcess	+			Q27556165					a brief intensive course for a small group; emphasizes problem solving	core
trait	04616059	TraitAttribute	=								a distinguishing feature of your personal nature	core
transaction	01106808	Transaction	=			Q1166072	Mx4rvVjdf5wpEbGdrcN5Y29ycA				"the act of transacting within or between groups (as carrying on commercial activities); ""n"	core
transaction-record	13403643	Certificate	+								"a document that can serve as legal evidence of a transaction; ""they could find no record o"	core
transmission	04472243	AutomobileTransmission	=			Q118093	Mx4rvVi1oZwpEbGdrcN5Y29ycA				the gears that transmit power from an automobile engine via the driveshaft to the live axl	core
transport	00315986	Transportation	=		Transport	Q2334804	Mx4rv-6HepwpEbGdrcN5Y29ycA				the act of moving something from one location to another	core
transport-ticket												core
transportation	01105259	TransportationService	=			Q2334804	Mx4r4Ew5JghxEduVMgDggVaqog				the commercial enterprise of moving goods and materials	core
trap	04474466	TrapOrCage	+			Q7835525	Mx4rvVis8pwpEbGdrcN5Y29ycA				a device in which something (usually an animal) can be caught and penned	core
tray	04476259	Tray	=		Tray	Q613972	Mx4rvViHq5wpEbGdrcN5Y29ycA				an open receptacle for holding or displaying or serving articles or food	core
treasure	08463969	Collection	+		Treasure	Q272937	Mx4rEF23Gi9OQdiXeI8nguuGCA				"a collection of precious things; ""the trunk held all her meager treasures"""	core
treasurer	10727256	Treasurer	+			Q388338	Mx4rvOL_5OWEQdiVDMvNwm2yFA				an officer charged with receiving and disbursing funds	core
treat	07289358	Process	+				Mx4rP9iVAywaEdiUggAH6RYvSQ				an occurrence that causes special pleasure or delight	core
treatment	01134861	Managing	+				Mx4rxwIIhLi2EdmAAAACs6hRjg				"the management of someone or something; ""the handling of prisoners""; ""the treatment of wat"	core
treaty	06773434	Treaty	+		Treaty	Q131569	Mx4rwD8ghJwpEbGdrcN5Y29ycA				a written agreement between two states or sovereigns	core
tree	13104059	BotanicalTree	=		Tree	Q10884	Mx4rvVjPdZwpEbGdrcN5Y29ycA				a tall perennial woody plant having a main trunk and branches forming a distinct elevated 	core
trench	04478889	Hole	+			Q1852785	Mx4rv1gmFpwpEbGdrcN5Y29ycA				any long ditch cut in the ground	core
trial	05799212	ConstantQuantity	+		Trial	Q8016240	Mx4rvWPSj5wpEbGdrcN5Y29ycA				"trying something to find out about it; ""a sample for ten days free trial""; ""a trial of pro"	core
triangle	13879320	Triangle	=				Mx4rvVjrapwpEbGdrcN5Y29ycA				a three-sided polygon	core
tribulation	07372959	SubjectiveAssessmentAttribute	+								"an annoying or frustrating or catastrophic event; ""his mother-in-law's visits were a great"	core
tribunal	08329453	Government	+		Tribunal	Q41487	Mx4rvWhGJJwpEbGdrcN5Y29ycA				an assembly (including one or more judges) to conduct judicial business	core
tribute	06697195	ContentBearingObject	+								something given or done as an expression of esteem	core
trick	00171618	Maneuver	+								"a cunning or deceitful action or device; ""he played a trick on me""; ""he pulled a fast one "	core
troop	08274354	Soldier	=			Q1080137					a group of soldiers	core
trophy	04487996	Icon	+		Trophy	Q381165	Mx4rvgEOvpwpEbGdrcN5Y29ycA				something given as a token of victory	core
trouble	07289014	SubjectiveAssessmentAttribute	+				Mx4rYXl-rMktEdmAAAACs6hRjg				"an event causing distress or pain; ""what is the trouble?""; ""heart trouble"""	core
troupe	08187033	Corporation	+								"organization of performers and associated personnel (especially theatrical); ""the travelin"	core
trouser	04489008	Trousers	+			Q39908					(usually in the plural) a garment extending from the waist to the knee or ankle, covering 	core
truck	04490091	Truck	=		Truck	Q43193	Mx4rvVizgZwpEbGdrcN5Y29ycA				an automotive vehicle suitable for hauling	core
trust	08236621	Organization	+			Q659974	Mx4rvV72uZwpEbGdrcN5Y29ycA				a consortium of independent organizations formed to limit competition by controlling the p	core
trust-relationship	13929852	SocialInteraction	+								"a trustful relationship; ""he took me into his confidence""; ""he betrayed their trust"""	core
trustee	10732314	SocialRole	+				Mx4rvdRVqZwpEbGdrcN5Y29ycA				a person (or institution) to whom legal title to property is entrusted to use for another'	core
truth	06724066	True	+			Q7949					"a true statement; ""he told the truth""; ""he thought of answering with the truth but he knew"	core
tub	04493381	FluidContainer	+			Q98950889	Mx4rwP1mh5wpEbGdrcN5Y29ycA				a large open vessel for holding or storing liquids	core
tube	05246511	BodyVessel	+			Q1419626					(anatomy) any hollow cylindrical body structure	core
tumor	14235200	Tumor	+				Mx4rwP1YqpwpEbGdrcN5Y29ycA				an abnormal new mass of tissue that serves no purpose	core
tune	07028373	MakingMusic	+				Mx4rvlsdD5wpEbGdrcN5Y29ycA				"a succession of notes forming a distinctive sequence; ""she was humming an air from Beethov"	core
tunnel	04497962	Tunnel	=		Tunnel	Q44377	Mx4rwO2abpwpEbGdrcN5Y29ycA				a passageway through or under something, usually underground (especially one for trains or	core
turkey	01794158	TurkeyBird	=			Q26844	Mx4rvVipQ5wpEbGdrcN5Y29ycA				large gallinaceous bird with fan-shaped tail; widely domesticated for food	core
twelve	13746785	PositiveInteger	@								the cardinal number that is the sum of eleven and one	core
twilight	15169421	Sunset	+			Q11288132	Mx4rwPcURpwpEbGdrcN5Y29ycA				"the time of day immediately following sunset; ""he loved the twilight""; ""they finished befo"	core
twin	10734394	BiologicalAttribute	+		Twin	Q159979					either of two offspring born at the same time from the same pregnancy	core
twist	07351909	Motion	+			Q387916					a jerky pulling movement	core
ulcer	14211609	DiseaseOrSyndrome	+			Q172941	Mx4rvmMw7JwpEbGdrcN5Y29ycA				a circumscribed inflammatory and often suppurating lesion on the skin or an internal mucou	core
umbrella	04507155	Umbrella	=			Q41607	Mx4rvViFwZwpEbGdrcN5Y29ycA				a lightweight handheld collapsible canopy	core
uncertainty	04756887	ProbabilityRelation	+			Q13649246	Mx4rEZCWELAeQdiCCsX7FaQv7Q				"being unsettled or in doubt or dependent on chance; ""the uncertainty of the outcome""; ""the"	core
uncle	10736091	BiologicalAttribute	+			Q41805469					the brother of your father or mother; the husband of your aunt	core
underside	08511241	Object	+			Q2553861					the lower side of anything	core
undertaking	00795720	IntentionalProcess	+								"any piece of work that is undertaken or attempted; ""he prepared for great undertakings"""	core
unemployment	13968308	Unemployed	=			Q41171	Mx4rcJt0ThrJQdiHya6OA8zFqQ				"the state of being unemployed or not having a job; ""unemployment is a serious social evil"""	core
uniform	04509592	UniformClothing	=		Uniform	Q7434	Mx4rvViqpJwpEbGdrcN5Y29ycA				clothing of distinctive design worn by members of a particular group as a means of identif	core
union	08233056	UnionOrganization	=			Q214102					"an organization of employees formed to bargain with the employer; ""you have to join the un"	core
unit	05869857	UnitOfMeasure	+								"a single undivided whole; ""an idea is not a unit that can be moved from one brain to anoth"	core
unity	14460565	SubjectiveAssessmentAttribute	+								"an undivided or unbroken completeness or totality with nothing wanting; ""the integrity of "	core
universe	09466280	Object	=			Q1059081					"everything that exists anywhere; ""they study the evolution of the universe""; ""the biggest "	core
university	08286569	University	=		University	Q3918	Mx4rvVjjvpwpEbGdrcN5Y29ycA				a large and diverse institution of higher learning created to educate for life and for a p	core
unrest	07513711	EmotionalState	+								a feeling of restless agitation	core
unsuccessful-person	10273064	SocialRole	+								a person with a record of failing; someone who loses consistently	core
upgrade	05068918	PositionalAttribute	+								the property possessed by a slope or surface that rises	core
urge	07490451	EmotionalState	+				Mx4rvViG65wpEbGdrcN5Y29ycA				"a strong restless desire; ""why this urge to travel?"""	core
urgency	13944516	SubjectiveAssessmentAttribute	+								"an urgent situation calling for prompt action; ""I'll be there, barring any urgencies""; ""th"	core
urine	14855724	Urine	=			Q40924	Mx4rvVjGppwpEbGdrcN5Y29ycA				"liquid excretory product; ""there was blood in his urine""; ""the child had to make water"""	core
use	00414179	IntentionalProcess	+								(psychology) an automatic pattern of behavior in reaction to a specific situation; may be 	core
user	10741590	SocialRole	+			Q278368					a person who makes use of a thing; someone who uses or employs something	core
vacation	15137890	Vacationing	=			Q116213	Mx4rUB7K2Kj8Qdia8KHO_OuC3w				"leisure time away from work devoted to rest or pleasure; ""we get two weeks of vacation eve"	core
vacuum	04517823	VacuumCleaner	=			Q101674	Mx4rvgEJGZwpEbGdrcN5Y29ycA				an electrical home appliance that cleans by suction	core
valley	09468604	Valley	=		Valley	Q39816	Mx4rvVkKGZwpEbGdrcN5Y29ycA				a long depression in the surface of the land that usually contains a river	core
value	05856388	Quantity	+								"a numerical quantity measured or assigned or computed; ""the value assigned was 16 millisec"	core
van	04520170	TransportationDevice	+		Van	Q193468	Mx4rvVihV5wpEbGdrcN5Y29ycA				a truck with an enclosed cargo space	core
variable	05857459	Quantity	+								a quantity that can assume any of a set of values	core
variant	08111157	Organism	+			Q855769					(biology) a group of organisms within a species that differ in trivial ways from similar g	core
variation	07337390	Process	+								an instance of change; the rate or magnitude of change	core
vector	05864577	FunctionQuantity	=								a variable quantity that can be resolved into components	core
vegetable	07707451	Vegetable	=			Q11004	Mx4rvVjqzZwpEbGdrcN5Y29ycA				edible seeds or roots or stems or leaves or bulbs or tubers or nonsweet fruits of any of n	core
vegetable-oil	07673397	FruitOrVegetable	+		Vegetable_oil	Q4739805	Mx4rvVibv5wpEbGdrcN5Y29ycA				any of a group of liquid edible fats that are obtained from plants	core
vegetarian	10747119	Vegetarian	=			Q18338317					eater of fruits and grains and nuts; someone who eats no meat or fish or (often) any anima	core
vegetation	08436759	Plant	+			Q131449					"all the plant life in a particular region or period; ""Pleistocene vegetation""; ""the flora "	core
vegetation-growth	08438067	Plant	+								"vegetation that has grown; ""a growth of trees""; ""the only growth was some salt grass"""	core
vehicle	04524313	Vehicle	=	schema:Vehicle	Vehicle	Q42889					a conveyance that transports people or objects	core
vein	05418717	Vein	+	schema:Vein	Vein	Q9609	Mx4rvVjkWpwpEbGdrcN5Y29ycA				"a blood vessel that carries blood from the capillaries toward the heart; ""all veins except"	core
velvet	04525038	Fabric	+			Q243519	Mx4rwAVY05wpEbGdrcN5Y29ycA				a silky densely piled fabric with a plain back	core
venture	01117164	Corporation	+								a commercial undertaking that risks a loss but promises a profit	core
venue	08677628	Region	+								the scene of any event or action (especially the place of a meeting)	core
venus	09470762	PlanetVenus	@			Q313					the second nearest planet to the sun; it is peculiar in that its rotation is slow and retr	core
verbal-attack	01220619	Stating	+				Mx4rv_A9p5wpEbGdrcN5Y29ycA				"strong criticism; ""he published an unexpected attack on my work"""	core
verdict	01192150	Deciding	+				Mx4rvyYg1HSwEdaAAACgyZzFrg				(law) the findings of a jury on issues of fact submitted to it for decision; can be used i	core
version	05840650	Entity	+								"something a little different from others of the same type; ""an experimental version of the"	core
version-of-events	07173585	Stating	+								"an interpretation of a matter from a particular viewpoint; ""his version of the fight was d"	core
vertebrate	01471682	Vertebrate	=				Mx4rvVil5pwpEbGdrcN5Y29ycA				animals having a bony or cartilaginous skeleton with a segmented spinal column and a large	core
vertex	08677801	Region	+			Q2858200					"the highest point (of something); ""at the peak of the pyramid"""	core
vessel	04531098	FluidContainer	+	schema:Vessel	Vessel	Q382386					an object used as a container (especially for liquids)	core
veteran	10749528	Soldier	+		Veteran	Q193891	Mx4rvVioEpwpEbGdrcN5Y29ycA				"a serviceman who has seen considerable active service; ""the veterans laughed at the new re"	core
victim	10752093	Human	+			Q1851760	Mx4rx1ZbGssREdmAAAACs6hRjg				an unfortunate person who suffers from some adverse circumstance	core
victory	07473441	Won	=			Q50000	Mx4rkhaqEBVYQdiZM5im1mes7A				"a successful ending of a struggle or contest; ""a narrow victory""; ""the general always gets"	core
video	04534127	VideoRecording	=		Video						a recording of both the visual and audible components (especially one containing a recordi	core
view	05933246	VisualAttribute	+			Q41363					"the visual percept of a region; ""the most desirable feature of the park are the beautiful "	core
villa	04535252	StationaryArtifact	+		Villa	Q3950	Mx4rwAYG6ZwpEbGdrcN5Y29ycA				pretentious and luxurious country residence with extensive grounds	core
village	08226699	City	+		Village	Q532	Mx4rv33BppwpEbGdrcN5Y29ycA				a community of people smaller than a town	core
villager	10753442	SocialRole	+				Mx8NhB4rcacO5KgcQdidVfCUDYB6bg-IdmlsbGFnZXIeK71YotmcKRGxna3DeWNvcnAPpGEzZDYwM2I0LTE3YjMtNDFkOS05MjFkLWQwY2JlMWE5NjdiZg				one who has lived in a village most of their life	core
violation	00770543	NormativeAttribute	+				Mx4rTBa2-Cm9Qdib7Zg9LlOHIQ				"an act that disregards an agreement or a right; ""he claimed a violation of his rights unde"	core
violence	00965404	ViolentContest	+			Q124490					"an act of aggression (as one against a person who resists); ""he may accomplish by craft in"	core
virgin	10755257	SocialRole	+			Q32859833	Mx4rQvwK1GnDEdaAAACgyZzFrg				a person who has never had sex	core
virtue	04847482	NormativeAttribute	+		Virtue	Q157811	Mx4rtLQZCi9MQdiGKr3tRd4FSw				a particular moral excellence	core
virus	01328702	Virus	=		Virus	Q808	Mx4rvViXQpwpEbGdrcN5Y29ycA				(virology) ultramicroscopic infectious agent that replicates itself only within cells of l	core
vision	05768252	Imagining	=			Q10716104					"a vivid mental image; ""he had a vision of his own death"""	core
visit	01233156	Translocation	=				Mx4rvVjU05wpEbGdrcN5Y29ycA				"the act of going to see some person or place or thing for a short time; ""he dropped by for"	core
visitor	10757193	SocialRole	+				Mx4rvViNepwpEbGdrcN5Y29ycA				someone who visits	core
vitamin	15089258	Vitamin	=			Q34956					any of a group of organic substances essential in small quantities to normal metabolism	core
voice	05202284	Attribute	+			Q211101					"the ability to speak; ""he lost his voice"""	core
voice-message												core
void	13910116	Region	+				Mx8Ngh4rOaHx9YBSTxanjjZp8XL6rA-Edm9pZA				"an empty area or space; ""the huge desert voids""; ""the emptiness of outer space""; ""without "	core
volcano	09472597	VolcanicMountain	=	schema:Volcano	Volcano	Q8072	Mx4rvVkKUJwpEbGdrcN5Y29ycA				a mountain formed by volcanic material	core
volition	05652593	IntentionalProcess	=								"the capability of conscious choice and decision and intention; ""the exercise of their voli"	core
volume	13779032	VolumeMeasure	+			Q39297					"the amount of 3-dimensional space occupied by an object; ""the gas expanded to twice its or"	core
volunteer	10759151	Position	+			Q24716636	Mx4rBWB0UBbvQdiEFLSbwC5nrQ				a person who performs voluntary work	core
vote	00183505	Voting	+				Mx4rT4MKVI4vQdiAA-1AaWTmew				"a choice that is made by counting the number of people in favor of each alternative; ""ther"	core
voter	10760340	SocialRole	+			Q2540351	Mx4rhHKzUzlSEdeUggACs2TnIQ				a citizen who has a legal right to vote	core
voyage	00312553	Translocation	+			Q61509					a journey to some distant place	core
wage	13279262	CurrencyMeasure	+			Q6821213	Mx8NhB4rvcD6KJwpEbGdrcN5Y29ycB4rvVjrf5wpEbGdrcN5Y29ycB4rvVix4ZwpEbGdrcN5Y29ycB4rvVii2ZwpEbGdrcN5Y29ycA				"something that remunerates; ""wages were paid by check""; ""he wasted his pay on drink""; ""the"	core
wagon	04543158	Trailer	+			Q859281	Mx4rwP1mLpwpEbGdrcN5Y29ycA				any of various kinds of wheeled vehicles drawn by an animal or a tractor	core
waist	05555688	Waist	=			Q236232	Mx4rvVjbZZwpEbGdrcN5Y29ycA				the narrowing of the body between the ribs and hips	core
waiter	10763383	Waiter	=			Q157195	Mx8Ngh4rwQwVUJwpEbGdrcN5Y29ycB4rvVja5JwpEbGdrcN5Y29ycA				a person whose occupation is to serve at table (as in a restaurant)	core
wake	01029883	ReligiousProcess	+			Q17157233	Mx4rvVisGJwpEbGdrcN5Y29ycA				"a vigil held over a corpse the night before burial; ""there's no weeping at an Irish wake"""	core
wall	04546855	Wall	=		Wall	Q42948					an architectural partition with a height and length greater than its thickness; used to di	core
wall-socket	04548771	ElectricalOutlet	=								receptacle providing a place in a wiring system where current can be taken to run electric	core
wallop	11414411	Process	+			Q4115667					"a forceful consequence; a strong effect; ""the book had an important impact on my thinking"""	core
war	01236296	Contest	=		War	Q198	Mx4rvVjfq5wpEbGdrcN5Y29ycA				"an active struggle between competing entities; ""a price war""; ""a war of wits""; ""diplomatic"	core
ward	04549919	StationaryArtifact	+			Q30158165					block forming a division of a hospital (or a suite of rooms) shared by patients who need a	core
wardrobe	04550426	Clothing	+		Wardrobe	Q106106					collection of clothing belonging to one person	core
warrant	06547059	Certificate	+			Q637156					a writ from a court commanding police to perform specified acts	core
warrior	10768585	Soldier	+			Q1250916	Mx4rVwFRmDoZQdefRchRema0Cw				someone engaged in or experienced in warfare	core
washbasin	04553920	WashBasin	+			Q140565	Mx4rvVimL5wpEbGdrcN5Y29ycA				a bathroom sink that is permanently installed and connected to a water supply and drainpip	core
waste	14856263	Substance	+			Q45701					"any materials unused and rejected as worthless or unwanted; ""they collect the waste once a"	core
watch	04555897	WatchClock	=		Watch	Q178794	Mx4rvwP3X5wpEbGdrcN5Y29ycA				a small portable timepiece	core
water	14845743	Water	=			Q283					binary compound that occurs at room temperature as a clear colorless odorless tasteless li	core
water-channel	09241247	StreamWaterArea	+								a deep and relatively narrow body of water (as in a river or a harbor or a strait linking 	core
water-faucet	04559451	Device	+				Mx4rvVj3hZwpEbGdrcN5Y29ycA				a faucet for drawing water from a pipe or cask	core
watercraft	04530566	WaterVehicle	+		Watercraft	Q1229765	Mx4rvVi-55wpEbGdrcN5Y29ycA				a craft designed for water transportation	core
waterfall	09475292	Waterfall	=	schema:Waterfall	Waterfall	Q34038	Mx4rvVj0_pwpEbGdrcN5Y29ycA				a steep descent of the water of a river	core
wave	07352190	WaterWave	+			Q165848					one of a series of ridges that moves across the surface of a liquid (especially across a l	core
way	00415676	SubjectiveAssessmentAttribute	=								"a course of conduct; ""the path of virtue""; ""we went our separate ways""; ""our paths in life"	core
weakness	05040275	SubjectiveAssessmentAttribute	+								the property of lacking physical or mental strength; liability to failure under pressure o	core
wealth	13353280	SubjectiveAssessmentAttribute	+			Q200535					an abundance of material possessions and resources	core
weapon	04565375	Weapon	=		Weapon		Mx4rvVj8V5wpEbGdrcN5Y29ycA				"any instrument or instrumentality used in fighting or hunting; ""he was licensed to carry a"	core
weather	11524662	WeatherProcess	+		Weather	Q11663	Mx4rvVi2eZwpEbGdrcN5Y29ycA				the atmospheric conditions that comprise the state of the atmosphere in terms of temperatu	core
weather-front	11460488	StormFront	=			Q189796					(meteorology) the atmospheric phenomenon created at the boundary between two different air	core
web	08434259	Collection	+								"an interconnected system of things or people; ""he owned a network of shops""; ""retirement m"	core
web-page	06358900	WebPage	=	schema:WebPage	WebPage	Q36774					a document connected to the World Wide Web and viewable by anyone connected to the interne	core
web-site	06359193	WebSite	=	schema:WebSite	WebSite	Q35127	Mx4rvz7_25wpEbGdrcN5Y29ycA				a computer connected to the internet that maintains a series of web pages on the World Wid	core
wedding	07452074	Wedding	=		Wedding	Q49836	Mx4rvVkGOpwpEbGdrcN5Y29ycA				the social event at which the ceremony of marriage is performed	core
weed	13085113	Plant	+			Q101879					any plant that crowds out cultivated plants	core
week	15136147	Week	=		Week	Q23387	Mx4rvVjAZJwpEbGdrcN5Y29ycA				a period of seven consecutive days starting on Sunday	core
weekend	15170504	Weekend	=				Mx4rwQCfBJwpEbGdrcN5Y29ycA				a time period usually extending from Friday night through Sunday; more loosely defined as 	core
weighing-machine	04141975	Scales	=			Q134566					a measuring instrument for weighing; shows amount of mass	core
welcome	06631322	Expressing	+			Q13109234					"a greeting or reception; ""the proposal got a warm welcome"""	core
well	04572344	Hole	+		Well	Q43483	Mx4rwPzjfpwpEbGdrcN5Y29ycA				a deep hole or shaft dug or drilled to obtain water or oil or gas or brine	core
wellbeing	14447525	StateOfMind	+								"a contented state of being happy and healthy and prosperous; ""the town was finally on the "	core
west	08682575	WesternHemisphere	@			Q160381					the countries of (originally) Europe and (now including) North America and South America	core
whale	02062744	AquaticMammal	+			Q1865281	Mx4rvVjcKpwpEbGdrcN5Y29ycA				any of the larger cetacean mammals having a streamlined body and breathing through a blowh	core
wheat	12142085	CerealGrass	+			Q15645384					annual or biennial grass having erect flower spikes and light brown grains	core
wheel	04574999	VehicleWheel	=			Q446	Mx4rvVivK5wpEbGdrcN5Y29ycA				a simple machine consisting of a circular frame with spokes (or a solid disc) that can rot	core
whip	04577769	Whip	=			Q152910	Mx4rvaFsApwpEbGdrcN5Y29ycA				an instrument with a handle and a flexible lash that is used for whipping	core
whirligig	04454240	Toy	+			Q23856					"a conical child's plaything tapering to a steel point on which it can be made to spin; ""he"	core
whiskey	07906284	Whiskey	=			Q281					a liquor made from fermented mash of grain	core
widow	10780284	Woman	+			Q179115					a woman whose husband is dead especially one who has not remarried	core
width	05136150	Width	=								the extent of something from side to side	core
wife	10780632	SocialRole	+			Q188830					a married woman; a man's partner in marriage	core
wilderness	08683548	LandArea	+			Q127314					"a wild and uninhabited area left in its natural condition; ""it was a wilderness preserved "	core
wildlife	07993776	Organism	+			Q241741					"all living things (except people) that are undomesticated; ""chemicals could kill all the w"	core
will	06544142	Testament	+			Q155656	Mx4rvVjahpwpEbGdrcN5Y29ycA				a legal document declaring a person's wishes regarding the disposal of their property when	core
wimp	10781817	Human	+								a person who lacks confidence, is irresolute and wishy-washy	core
wind	11525955	Wind	=		Wind	Q8094					air moving (sometimes with considerable force) from an area of high pressure to an area of	core
window	04588986	Artifact	+		Window	Q35473					an opening in a wall or screen that admits light and air and through which customers can b	core
wine	07891726	Wine	=		Wine	Q282	Mx4rvViYF5wpEbGdrcN5Y29ycA				fermented juice (of grapes especially)	core
wing	02151625	Wing	=			Q1172934					a movable organ for flying (one of a pair)	core
winner	10782940	SocialRole	+			Q18560095					the contestant who wins the contest	core
winnings	13259917	Getting	+								something won (especially money)	core
winter	15237782	WinterSeason	+		Winter	Q1311					the coldest season of the year; in the northern hemisphere it extends from the winter sols	core
wire	04594218	Wire	=			Q551997	Mx4rvVj1w5wpEbGdrcN5Y29ycA				ligament made of metal and used to fasten things or make cages or fences etc	core
wiretap	00654400	Investigating	+								the act of tapping a telephone or telegraph line to get information	core
wisecrack	06767777	SubjectiveAssessmentAttribute	+								witty remark	core
withdrawal	07206302	Stating	+			Q1760704	Mx4rqTRxmGHPEdaAAACQJ5pZBw				a retraction of a previously held position	core
witness	10786517	Human	+								(law) a person who testifies under oath in a court of law	core
wolf	02114100	Canine	+		Wolf		Mx4rvVjDH5wpEbGdrcN5Y29ycA				any of various predatory carnivorous canine mammals of North America and Eurasia that usua	core
woman	10787470	Woman	=			Q467	Mx4rvVix8ZwpEbGdrcN5Y29ycA				"an adult female person (as opposed to a man); ""the woman kept house while the man hunted"""	core
wonder	07289588	SubjectiveAssessmentAttribute	+								"something that causes feelings of wonder; ""the wonders of modern science"""	core
wood	15098161	Wood	=		Wood	Q287					the hard fibrous lignified substance under the bark of trees	core
wool	04599235	Wool	+			Q1751888					a fabric made from the hair of sheep	core
word	06286395	Word	=		Word	Q8171					"a unit of language that native speakers can identify; ""words are the blocks from which sen"	core
wording	07081739	Communication	+								"the manner in which something is expressed in words; ""use concise military verbiage""- G.S."	core
work	00575741	IntentionalProcess	+			Q268378	Mx4rvVjhIpwpEbGdrcN5Y29ycA				"activity directed toward making or doing something; ""she checked several points needing fu"	core
workbench	04600486	Table	+			Q347690	Mx4rvVigdZwpEbGdrcN5Y29ycA				a strong worktable for a carpenter or mechanic	core
worker	09632518	Employee	+			Q327055	Mx4rvVjnN5wpEbGdrcN5Y29ycA				"a person who works at a specific occupation; ""he is a good worker"""	core
workplace	04602044	Region	+			Q628858					"a place where work is done; ""he arrived at work early today"""	core
works	03956922	IndustrialPlant	+								"buildings for carrying on industrial labor; ""they built a large plant to manufacture autom"	core
workshop	04603081	Workshop	+		Workshop	Q656720	Mx4rq0CuxCiuQdeLxbbPlxo2VA				small workplace where handcrafts or manufacturing are done	core
world-power	08177592	Nation	+			Q1489259	Mx4rvaJ7ipwpEbGdrcN5Y29ycA				a state powerful enough to influence events throughout the world	core
worm	01922303	Worm	=			Q47253					any of numerous relatively small elongated soft-bodied animals especially of the phyla Ann	core
worry	07524242	Anxiety	+			Q1436482					"a strong feeling of anxiety; ""his worry over the prospect of being fired""; ""it is not work"	core
worth	05138208	SubjectiveAssessmentAttribute	+								the quality that renders something desirable or valuable or useful	core
wound	14298815	Lesion	+			Q184753	Mx4rvklfT5wpEbGdrcN5Y29ycA				an injury to living tissue (especially an injury involving a cut or break in the skin)	core
wreck	14423870	SubjectiveAssessmentAttribute	+								"something or someone that has suffered ruin or dilapidation; ""the house was a wreck when t"	core
wrinkle	13905792	ShapeAttribute	+			Q349185					"a slight depression in the smoothness of a surface; ""his face has many lines""; ""ironing ge"	core
wrist	05584928	Wrist	+			Q185706	Mx4rvVjncpwpEbGdrcN5Y29ycA				a joint between the distal end of the radius and the proximal row of carpal bones	core
writer	10794014	Writer	=			Q36180					writes (books or stories or articles or the like) professionally (for pay)	core
wrongdoer	09633969	Human	+			Q4445088					a person who transgresses moral or civil law	core
yacht	04610013	WaterVehicle	+		Yacht	Q170173	Mx4run14FjC7QdiKbp3T8_xoXA				an expensive vessel propelled by sail or power and used for cruising or racing	core
yard	04610879	LandArea	=			Q5195627					"the enclosed land around a house or other building; ""it was a small house with almost no y"	core
year	15203791	YearDuration	=		Year		Mx4rvVjyV5wpEbGdrcN5Y29ycA				"a period of time containing 365 (or 366) days; ""she is 4 years old""; ""in the year 1920"""	core
young	01321579	NonFullyFormed	+			Q239526					any immature animal	core
young-people	07944050	HumanYouth	=								"young people collectively; ""rock music appeals to the young""; ""youth everywhere rises in r"	core
youth	15147713	TimeInterval	+			Q190007					the time of life between childhood and maturity	core
zero	13742358	NonnegativeInteger	@			Q204					a mathematical element that when added to another number yields the same number	core
zone	08688247	GeographicArea	+								a locally circumscribed place characterized by some distinctive features	core
