name	issue	ids
chat-message	core name has no WordNet noun sense	
dataset	core name has no WordNet noun sense	
event-ticket	core name has no WordNet noun sense	
financial-document	core name has no WordNet noun sense	
formal-science	core name has no WordNet noun sense	
land-vehicle	core name has no WordNet noun sense	
landform	core name has no WordNet noun sense	
music-recording	core name has no WordNet noun sense	
podcast	core name has no WordNet noun sense	
software-agent	core name has no WordNet noun sense	
software-library	core name has no WordNet noun sense	
text-message	core name has no WordNet noun sense	
transport-ticket	core name has no WordNet noun sense	
voice-message	core name has no WordNet noun sense	
accident.2	name collision with 'accident'; needs a qualifier — an unfortunate mishap; especially one causing damage or inju	07301336
acquaintance.2	name collision with 'acquaintance'; needs a qualifier — a relationship less intimate than friendship	13930245
act.2	name collision with 'act'; needs a qualifier — a subdivision of a play or opera or ballet	07009640
adoption.2	name collision with 'adoption'; needs a qualifier — a legal proceeding that creates a parent-child relation betw	01185292
affinity.2	name collision with 'affinity'; needs a qualifier — a close connection marked by community of interests or simil	13811410
agent.2	name collision with 'agent'; needs a qualifier — a representative who acts on behalf of other persons or orga	09777353
agent.3	name collision with 'agent'; needs a qualifier — any agent or representative of a federal agency or bureau	10373801
alarm.2	name collision with 'alarm'; needs a qualifier — fear resulting from the awareness of danger	07519773
album.2	name collision with 'album'; needs a qualifier — one or more recordings issued together; originally released 	06591815
ally.2	"name collision with 'ally'; needs a qualifier — an associate who provides cooperation or assistance; ""he's a"	09785042
appendix.2	name collision with 'appendix'; needs a qualifier — supplementary material that is collected and appended at the	06399337
application.2	name collision with 'application'; needs a qualifier — a verbal or written request for assistance or employment or 	06512580
arrow.2	name collision with 'arrow'; needs a qualifier — a mark to indicate a direction or relation	06818121
art.2	"name collision with 'art'; needs a qualifier — the creation of beautiful or significant things; ""art does n"	00933420
association.2	"name collision with 'association'; needs a qualifier — a formal organization of people or groups of people; ""he joi"	08049401
atmosphere.2	"name collision with 'atmosphere'; needs a qualifier — a particular environment or surrounding influence; ""there wa"	14524849
attachment.2	name collision with 'attachment'; needs a qualifier — a feeling of affection for a person or an institution	07545161
attack.2	"name collision with 'attack'; needs a qualifier — strong criticism; ""he published an unexpected attack on my w"	01220619
attraction.2	name collision with 'attraction'; needs a qualifier — an entertainment that is offered to the public	06615561
attraction.3	name collision with 'attraction'; needs a qualifier — the force by which one object attracts another	11426530
authority.2	name collision with 'authority'; needs a qualifier — (usually plural) persons who exercise (administrative) contr	09824609
background.2	name collision with 'background'; needs a qualifier — the part of a scene (or picture) that lies behind objects in	05933834
bag.2	name collision with 'bag'; needs a qualifier — a container used for carrying money and small personal items	02774152
balance.2	name collision with 'balance'; needs a qualifier — a state of equilibrium	14002279
ball.2	"name collision with 'ball'; needs a qualifier — the people assembled at a lavish formal dance; ""the ball was"	08253268
ball.3	"name collision with 'ball'; needs a qualifier — an object with a spherical shape; ""a ball of fire"""	13899404
band.2	name collision with 'band'; needs a qualifier — a range of frequencies between two limits	06260518
band.3	name collision with 'band'; needs a qualifier — instrumentalists not including string players	08249038
bar.2	name collision with 'bar'; needs a qualifier — a horizontal rod that serves as a support for gymnasts as th	02790154
barrel.2	name collision with 'barrel'; needs a qualifier — a tube through which a bullet travels when a gun is fired	02795528
base.2	"name collision with 'base'; needs a qualifier — a flat bottom on which something is intended to sit; ""a tub "	02798574
base.3	name collision with 'base'; needs a qualifier — the bottom side of a geometric figure from which the altitud	13897837
battery.2	name collision with 'battery'; needs a qualifier — a device that produces electricity; may have several primary	02810471
beam.2	name collision with 'beam'; needs a qualifier — a column of light (as from a beacon)	11428023
bed.2	"name collision with 'bed'; needs a qualifier — a plot of ground in which plants are growing; ""the gardener "	02819474
benefit.2	name collision with 'benefit'; needs a qualifier — a performance to raise money for a charitable cause	06892534
blade.2	name collision with 'blade'; needs a qualifier — especially a leaf of grass or the broad portion of a leaf as	13131883
block.2	name collision with 'block'; needs a qualifier — a three-dimensional shape with six square or rectangular sid	13914608
board.2	"name collision with 'board'; needs a qualifier — a committee having supervisory powers; ""the board has seven "	08322981
board.3	name collision with 'board'; needs a qualifier — a stout length of sawn timber; made in a wide variety of siz	15101854
body.2	"name collision with 'body'; needs a qualifier — a natural object consisting of a dead animal or person; ""the"	05217859
bomber.2	name collision with 'bomber'; needs a qualifier — a person who plants bombs	09864536
bail.2	name collision with 'bail'; needs a qualifier — (criminal law) money that must be forfeited by the bondsman 	13350976
book.2	name collision with 'book'; needs a qualifier — physical objects consisting of a number of pages bound toget	02870092
bottom.2	name collision with 'bottom'; needs a qualifier — the lower side of anything	08511241
bow.2	name collision with 'bow'; needs a qualifier — a decorative interlacing of ribbons	02880308
bracket.2	name collision with 'bracket'; needs a qualifier — a category falling within certain defined limits	08006094
breakdown.2	name collision with 'breakdown'; needs a qualifier — a mental or physical breakdown	14066492
brother.2	name collision with 'brother'; needs a qualifier — (Roman Catholic Church) a title given to a monk and used as 	09876701
brother.3	name collision with 'brother'; needs a qualifier — used as a term of address for those male persons engaged in 	09877124
cabin.2	name collision with 'cabin'; needs a qualifier — a small house built of wood; usually in a wooded area	02932400
cabinet.2	name collision with 'cabinet'; needs a qualifier — persons appointed by a head of state to head executive depar	08381820
calculation.2	"name collision with 'calculation'; needs a qualifier — planning something carefully and intentionally; ""it was the "	05796423
camp.2	name collision with 'camp'; needs a qualifier — a site where care and activities are provided for children d	02945594
camp.3	name collision with 'camp'; needs a qualifier — shelter for persons displaced by war or political oppression	02945813
campaign.2	name collision with 'campaign'; needs a qualifier — an overland journey by hunters (especially in Africa)	00309906
cap.2	name collision with 'cap'; needs a qualifier — a top (as for a bottle)	02954938
capital.2	name collision with 'capital'; needs a qualifier — a seat of government	08518505
capital.3	name collision with 'capital'; needs a qualifier — wealth in the form of money or property owned by a person or	13353607
card.2	name collision with 'card'; needs a qualifier — a rectangular piece of stiff paper used to send messages (ma	06627006
card.3	"name collision with 'card'; needs a qualifier — a card certifying the identity of the bearer; ""he had to sho"	06477371
care.2	name collision with 'care'; needs a qualifier — the work of providing treatment for or attending to someone 	00654885
case.2	"name collision with 'case'; needs a qualifier — an occurrence of something; ""it was a case of bad judgment"";"	07308889
cast.2	name collision with 'cast'; needs a qualifier — the actors in a play	08237863
ceiling.2	"name collision with 'ceiling'; needs a qualifier — an upper limit on what is allowed; ""he put a ceiling on the "	06657646
cell.2	name collision with 'cell'; needs a qualifier — a room where a prisoner is kept	02991302
cell.3	name collision with 'cell'; needs a qualifier — small room in which a monk or nun lives	02991555
center.2	name collision with 'center'; needs a qualifier — a point equidistant from the ends of a line or the extremiti	08521816
center.3	name collision with 'center'; needs a qualifier — an area that is approximately central within some larger reg	08523483
chain.2	"name collision with 'chain'; needs a qualifier — a necklace made by a stringing objects together; ""a string o"	02999757
chain.3	name collision with 'chain'; needs a qualifier — (business) a number of similar establishments (stores or res	08057816
challenge.2	"name collision with 'challenge'; needs a qualifier — a demanding or stimulating situation; ""they reacted irration"	13932948
change.2	name collision with 'change'; needs a qualifier — money received in return for its equivalent in a larger deno	13387479
channel.2	name collision with 'channel'; needs a qualifier — a deep and relatively narrow body of water (as in a river or	09241247
character.2	"name collision with 'character'; needs a qualifier — good repute; ""he is a man of character"""	14438693
charge.2	name collision with 'charge'; needs a qualifier — the quantity of unbalanced electricity in a body (either pos	11435028
charity.2	name collision with 'charity'; needs a qualifier — an institution set up to provide help to the needy	08055824
chart.2	name collision with 'chart'; needs a qualifier — a visual display of information	06999802
check.2	"name collision with 'check'; needs a qualifier — the bill in a restaurant; ""he asked the waiter for the check"	06517942
check.3	"name collision with 'check'; needs a qualifier — a written order directing a bank to pay money; ""he paid all "	13381734
chip.2	name collision with 'chip'; needs a qualifier — a thin crisp slice of potato fried in deep fat	07712559
claim.2	"name collision with 'claim'; needs a qualifier — an assertion that something is true or factual; ""his claim t"	06730563
class.2	"name collision with 'class'; needs a qualifier — a body of students who are taught together; ""early morning c"	08238463
club.2	name collision with 'club'; needs a qualifier — a playing card in the minor suit that has one or more black 	03053788
club.3	"name collision with 'club'; needs a qualifier — a formal association of people with similar interests; ""he j"	08227214
colon.2	name collision with 'colon'; needs a qualifier — a punctuation mark (:) used after a word introducing a serie	06842660
column.2	"name collision with 'column'; needs a qualifier — a vertical array of numbers or other information; ""he added "	08433575
command.2	name collision with 'command'; needs a qualifier — an authoritative direction or instruction to do something	07168131
communication.2	name collision with 'communication'; needs a qualifier — something that is communicated by or to or between people or	00033020
company.2	name collision with 'company'; needs a qualifier — organization of performers and associated personnel (especia	08187033
company.3	"name collision with 'company'; needs a qualifier — the state of being with someone; ""he missed their company""; "	13929588
concentration.2	name collision with 'concentration'; needs a qualifier — complete attention; intense mental effort	05704266
concern.2	name collision with 'concern'; needs a qualifier — something that interests you because it is important or affe	05670710
concern.3	"name collision with 'concern'; needs a qualifier — a feeling of sympathy for someone or something; ""She felt st"	07504841
condition.2	name collision with 'condition'; needs a qualifier — (usually plural) a statement of what is required as part of 	06770875
condition.3	"name collision with 'condition'; needs a qualifier — a state at a particular time; ""a condition (or state) of dis"	13920835
conductor.2	name collision with 'conductor'; needs a qualifier — a substance that readily conducts e.g. electricity and heat	14821043
conflict.2	name collision with 'conflict'; needs a qualifier — a state of opposition between persons or ideas or interests;	13980845
connection.2	name collision with 'connection'; needs a qualifier — (usually plural) a person who is influential and to whom you	09956147
connection.3	"name collision with 'connection'; needs a qualifier — the state of being connected; ""the connection between church"	14419164
consideration.2	name collision with 'consideration'; needs a qualifier — the process of giving careful thought to something	05784831
contact.2	"name collision with 'contact'; needs a qualifier — a communicative interaction; ""the pilot made contact with th"	07279285
contact.3	name collision with 'contact'; needs a qualifier — a person who is in a position to give you special assistance	09960117
contest.2	name collision with 'contest'; needs a qualifier — a struggle between rivals	01168961
context.2	name collision with 'context'; needs a qualifier — discourse that surrounds a language unit and helps to determ	06284898
country.2	"name collision with 'country'; needs a qualifier — an area outside of cities and towns; ""his poetry celebrated "	08644722
course.2	"name collision with 'course'; needs a qualifier — education imparted in a series of lessons or meetings; ""he t"	00884466
court.2	name collision with 'court'; needs a qualifier — an assembly (including one or more judges) to conduct judici	08329453
court.3	name collision with 'court'; needs a qualifier — the sovereign and his advisers who are the governing power o	08051946
coverage.2	name collision with 'coverage'; needs a qualifier — the total amount and type of insurance carried	13344664
craft.2	name collision with 'craft'; needs a qualifier — skill in an occupation or trade	05638063
crash.2	name collision with 'crash'; needs a qualifier — a sudden large decline of business or the prices of stocks (	07477945
cream.2	name collision with 'cream'; needs a qualifier — the part of milk containing the butterfat	07847198
credit.2	name collision with 'credit'; needs a qualifier — arrangement for deferred payment for goods and services	13374281
credit.3	name collision with 'credit'; needs a qualifier — money available for a client to borrow	13378518
culture.2	name collision with 'culture'; needs a qualifier — the attitudes and behavior that are characteristic of a part	06194409
culture.3	"name collision with 'culture'; needs a qualifier — a particular society at a particular time and place; ""early "	08287844
cup.2	"name collision with 'cup'; needs a qualifier — the quantity a cup will hold; ""he drank a cup of coffee""; ""h"	13766733
curve.2	name collision with 'curve'; needs a qualifier — the trace of a point whose direction of motion changes	13867641
cut.2	"name collision with 'cut'; needs a qualifier — a share of the profits; ""everyone got a cut of the earnings"""	13289159
cut.3	"name collision with 'cut'; needs a qualifier — a wound made by cutting; ""he put a bandage over the cut"""	14287113
date.2	"name collision with 'date'; needs a qualifier — a meeting arranged in advance; ""she asked how to avoid kissi"	08385009
date.3	"name collision with 'date'; needs a qualifier — a participant in a date; ""his date never stopped talking"""	09992538
date.4	"name collision with 'date'; needs a qualifier — the specified day of the month; ""what is the date today?"""	15159583
decay.2	name collision with 'decay'; needs a qualifier — the spontaneous disintegration of a radioactive substance al	13456899
degree.2	"name collision with 'degree'; needs a qualifier — the seriousness of something (e.g., a burn or crime); ""murde"	05094565
degree.3	"name collision with 'degree'; needs a qualifier — a unit of temperature on a specified scale; ""the game was pl"	13714184
demand.2	"name collision with 'demand'; needs a qualifier — the ability and desire to purchase goods and services; ""the "	13461162
demonstration.2	"name collision with 'demonstration'; needs a qualifier — a visual presentation showing how something works; ""the lect"	06879180
descent.2	name collision with 'descent'; needs a qualifier — the kinship relation between an individual and the individua	13813042
dialogue.2	name collision with 'dialogue'; needs a qualifier — a conversation between two persons	07136206
conductor.3	name collision with 'conductor'; needs a qualifier — the person who leads a musical group	09952539
dish.2	name collision with 'dish'; needs a qualifier — directional antenna consisting of a parabolic reflector for 	03207305
dish.3	"name collision with 'dish'; needs a qualifier — a particular item of prepared food; ""she prepared a special "	07557434
distance.2	"name collision with 'distance'; needs a qualifier — indifference by personal withdrawal; ""emotional distance"""	07505871
division.2	"name collision with 'division'; needs a qualifier — an army unit large enough to sustain combat; ""two infantry d"	08213205
division.3	name collision with 'division'; needs a qualifier — an administrative unit in government or business	08220714
doctor.2	name collision with 'doctor'; needs a qualifier — a person who holds Ph.D. degree (or the equivalent) from an 	10021892
double.2	"name collision with 'double'; needs a qualifier — a stand-in for movie stars to perform dangerous stunts; ""his"	10666846
doubt.2	name collision with 'doubt'; needs a qualifier — the state of being unsure of something	05698247
draft.2	name collision with 'draft'; needs a qualifier — a current of air (usually coming into a chimney or room or v	11522448
drawing.2	name collision with 'drawing'; needs a qualifier — a representation of forms or objects on a surface by means o	03234306
ambition.2	"name collision with 'ambition'; needs a qualifier — a cherished desire; ""his ambition is to own his own business"	07484547
drift.2	name collision with 'drift'; needs a qualifier — the gradual departure from an intended course due to externa	13469674
drill.2	name collision with 'drill'; needs a qualifier — a tool with a sharp point and cutting edges for making holes	03239726
drink.2	"name collision with 'drink'; needs a qualifier — the act of drinking alcoholic beverages to excess; ""drink wa"	00748515
drive.2	"name collision with 'drive'; needs a qualifier — the trait of being highly motivated; ""his drive and energy e"	04835724
barrel.3	name collision with 'barrel'; needs a qualifier — a bulging cylindrical shape; hollow with flat ends	13901211
duty.2	"name collision with 'duty'; needs a qualifier — a government tax on imports or exports; ""they signed a treat"	13315999
eagle.2	"name collision with 'eagle'; needs a qualifier — an emblem representing power; ""the Roman eagle"""	06881563
east.2	name collision with 'east'; needs a qualifier — the cardinal compass point that is at 90 degrees	13832355
economy.2	name collision with 'economy'; needs a qualifier — the system of production and distribution and consumption	08366753
edge.2	"name collision with 'edge'; needs a qualifier — a slight competitive advantage; ""he had an edge on the compe"	05158857
education.2	"name collision with 'education'; needs a qualifier — knowledge acquired by learning and instruction; ""it was clea"	05984287
estimate.2	"name collision with 'estimate'; needs a qualifier — the respect with which a person is held; ""they had a high es"	06207029
appraisal.2	name collision with 'appraisal'; needs a qualifier — a document appraising the value of something (as for insuran	06528783
estimate.3	"name collision with 'estimate'; needs a qualifier — a statement indicating the likely cost of some job; ""he got "	06783598
exchange.2	name collision with 'exchange'; needs a qualifier — a mutual expression of views (especially an unpleasant one);	07134706
administrator.2	name collision with 'administrator'; needs a qualifier — someone who manages a government agency or department	09770472
anticipation.2	name collision with 'anticipation'; needs a qualifier — anticipating with confidence of fulfillment	14486122
explanation.2	name collision with 'explanation'; needs a qualifier — the act of explaining; making something plain or intelligibl	07232421
extension.2	name collision with 'extension'; needs a qualifier — a mutually agreed delay in the date set for the completion o	15272382
failure.2	"name collision with 'failure'; needs a qualifier — lack of success; ""he felt that his entire life had been a fa"	14477877
bankruptcy.2	"name collision with 'bankruptcy'; needs a qualifier — inability to discharge all your debts as they come due; ""the"	14478433
drop.2	"name collision with 'drop'; needs a qualifier — a free and rapid descent by the force of gravity; ""it was a "	07362386
descent.3	name collision with 'descent'; needs a qualifier — a downward slope or bend	09265620
family.2	"name collision with 'family'; needs a qualifier — people descended from a common ancestor; ""his family has liv"	07970721
feature.2	"name collision with 'feature'; needs a qualifier — a prominent attribute or aspect of something; ""the map showe"	05849789
design.2	"name collision with 'design'; needs a qualifier — a decorative or artistic work; ""the coach had a design on th"	03178782
file.2	name collision with 'file'; needs a qualifier — office furniture consisting of a container for keeping paper	03337140
file.3	name collision with 'file'; needs a qualifier — a set of related records (either written or electronic) kept	06508816
file.4	name collision with 'file'; needs a qualifier — a line of persons or things ranged one behind the other	08428756
film.2	"name collision with 'film'; needs a qualifier — a thin coating or layer; ""the table was covered with a film "	03338648
film.3	name collision with 'film'; needs a qualifier — photographic material consisting of a base of celluloid cove	03338821
film.4	"name collision with 'film'; needs a qualifier — a medium that disseminates moving pictures; ""theater pieces "	06262567
fire.2	"name collision with 'fire'; needs a qualifier — intense adverse criticism; ""Clinton directed his fire at the"	06711159
fire.3	name collision with 'fire'; needs a qualifier — the process of combustion of inflammable materials producing	13480848
fish.2	"name collision with 'fish'; needs a qualifier — the flesh of fish used as food; ""in Japan most fish is eaten"	07775375
flight.2	"name collision with 'flight'; needs a qualifier — a scheduled trip by plane between designated airports; ""I to"	00301192
flight.3	name collision with 'flight'; needs a qualifier — a stairway (set of steps) between one floor or landing and t	03363059
foot.2	name collision with 'foot'; needs a qualifier — a linear unit of length equal to 12 inches or a third of a y	13650045
form.2	"name collision with 'form'; needs a qualifier — a perceptual structure; ""the composition presents problems f"	05930736
form.3	"name collision with 'form'; needs a qualifier — a printed document with spaces in which to write; ""he filled"	06473563
form.4	name collision with 'form'; needs a qualifier — (biology) a group of organisms within a species that differ 	08111157
luck.2	name collision with 'luck'; needs a qualifier — an unknown and unpredictable phenomenon that leads to a favo	11418460
fortune.2	name collision with 'fortune'; needs a qualifier — your overall circumstances or condition in life (including e	14473222
foundation.2	"name collision with 'foundation'; needs a qualifier — the basis on which something is grounded; ""there is little f"	13790712
acquaintance.3	"name collision with 'acquaintance'; needs a qualifier — a person with whom you are acquainted; ""I have trouble remem"	09763784
front.2	name collision with 'front'; needs a qualifier — (meteorology) the atmospheric phenomenon created at the boun	11460488
frustration.2	"name collision with 'frustration'; needs a qualifier — a feeling of annoyance at being hindered or criticized; ""her"	07518663
affair.2	"name collision with 'affair'; needs a qualifier — a vaguely specified social event; ""the party was quite an af"	07447261
game.2	"name collision with 'game'; needs a qualifier — an amusement or pastime; ""they played word games""; ""he thoug"	00430606
garage.2	name collision with 'garage'; needs a qualifier — a repair shop where cars and trucks are serviced and repaire	03416640
glass.2	name collision with 'glass'; needs a qualifier — a brittle transparent solid with irregular atomic structure	14881303
goal.2	"name collision with 'goal'; needs a qualifier — a successful attempt at scoring; ""the winning goal came with"	00187337
goal.3	name collision with 'goal'; needs a qualifier — game equipment consisting of the place toward which players 	03442756
grace.2	"name collision with 'grace'; needs a qualifier — a disposition to kindness and compassion; ""the victor's grac"	04640356
grain.2	name collision with 'grain'; needs a qualifier — foodstuff prepared from the starchy grains of cereal grasses	07802417
green.2	name collision with 'green'; needs a qualifier — an environmentalist who belongs to the Green Party	10060904
grip.2	name collision with 'grip'; needs a qualifier — the friction between a body and the surface on which it move	11460281
growth.2	"name collision with 'growth'; needs a qualifier — vegetation that has grown; ""a growth of trees""; ""the only gr"	08438067
growth.3	name collision with 'growth'; needs a qualifier — (pathology) an abnormal proliferation of tissue (as in a tum	14234074
guard.2	name collision with 'guard'; needs a qualifier — a person who keeps watch over something or someone	10150071
hall.2	"name collision with 'hall'; needs a qualifier — a large room for gatherings or entertainment; ""lecture hall"""	03478907
hand.2	"name collision with 'hand'; needs a qualifier — the (prehensile) extremity of the superior limb; ""he had the"	05564590
hand.3	"name collision with 'hand'; needs a qualifier — a round of applause to signify approval; ""give the little la"	06692238
hand.4	name collision with 'hand'; needs a qualifier — the cards held in a card game by a given player at any given	07956887
harmony.2	name collision with 'harmony'; needs a qualifier — the structure of music with respect to the composition and p	07027180
head.2	name collision with 'head'; needs a qualifier — the upper part of the human body or the front part of the bo	05538625
head.3	"name collision with 'head'; needs a qualifier — a person who is in charge; ""the head of the whole operation"""	10162991
health.2	"name collision with 'health'; needs a qualifier — the general condition of body and mind; ""his delicate health"	13923779
heart.2	name collision with 'heart'; needs a qualifier — the hollow muscular organ located behind the sternum and bet	05388805
heart.3	"name collision with 'heart'; needs a qualifier — the locus of feelings and intuitions; ""in your heart you kno"	05919263
heart.4	name collision with 'heart'; needs a qualifier — a plane figure with rounded sides curving inward at the top 	13865904
aid.2	name collision with 'aid'; needs a qualifier — the activity of contributing to the fulfillment of a need or	01207609
hemisphere.2	name collision with 'hemisphere'; needs a qualifier — half of the terrestrial globe	08583095
bomber.3	name collision with 'bomber'; needs a qualifier — a large sandwich made of a long crusty roll split lengthwise	07697825
history.2	name collision with 'history'; needs a qualifier — the discipline that records and interprets past events invol	06155567
history.3	"name collision with 'history'; needs a qualifier — a record or narrative description of past events; ""a history"	06514093
honor.2	name collision with 'honor'; needs a qualifier — the state of being honored	14436875
hour.2	"name collision with 'hour'; needs a qualifier — clock time; ""the hour is getting late"""	15228378
house.2	"name collision with 'house'; needs a qualifier — an official assembly having legislative powers; ""a bicameral"	08163025
identity.2	"name collision with 'identity'; needs a qualifier — exact sameness; ""they shared an identity of interests"""	04743024
illusion.2	name collision with 'illusion'; needs a qualifier — an erroneous mental representation	05939636
double.3	name collision with 'double'; needs a qualifier — someone who closely resembles a famous person (especially an	10027246
impact.2	"name collision with 'impact'; needs a qualifier — a forceful consequence; a strong effect; ""the book had an im"	11414411
increase.2	"name collision with 'increase'; needs a qualifier — the amount by which something increases; ""they proposed an i"	05108947
index.2	name collision with 'index'; needs a qualifier — an alphabetical listing of names and topics along with page 	06491786
influence.2	"name collision with 'influence'; needs a qualifier — the effect of one thing (or person) on another; ""the influen"	11414608
invention.2	name collision with 'invention'; needs a qualifier — a creation (a new device or process) resulting from study an	03582658
insight.2	name collision with 'insight'; needs a qualifier — a feeling of understanding	07513247
intelligence.2	name collision with 'intelligence'; needs a qualifier — a unit responsible for gathering and interpreting informatio	08339454
presentation.2	name collision with 'presentation'; needs a qualifier — formally making a person known to another or to the public	07217349
introduction.2	name collision with 'introduction'; needs a qualifier — a basic or elementary instructional text	06414849
job.2	"name collision with 'job'; needs a qualifier — a workplace; as in the expression ""on the job"";"	03599628
joint.2	name collision with 'joint'; needs a qualifier — (anatomy) the point of connection between two bones or eleme	05595083
judgment.2	name collision with 'judgment'; needs a qualifier — (law) the determination by a court of competent jurisdiction	01187810
judgment.3	name collision with 'judgment'; needs a qualifier — the cognitive process of reaching a decision or drawing conc	05789432
key.2	name collision with 'key'; needs a qualifier — any of 24 major or minor diatonic scales that provide the to	06863751
key.3	name collision with 'key'; needs a qualifier — a list of words or phrases that explain symbols or abbreviat	06492188
king.2	name collision with 'king'; needs a qualifier — one of the four playing cards in a deck bearing the picture 	03618219
king.3	name collision with 'king'; needs a qualifier — a male sovereign; ruler of a kingdom	10231515
labor.2	name collision with 'labor'; needs a qualifier — a social class comprising those who do manual labor or work 	08180639
estate.2	name collision with 'estate'; needs a qualifier — extensive landed property (especially in the country) retain	13246662
kingdom.2	"name collision with 'kingdom'; needs a qualifier — a domain in which something is dominant; ""the untroubled kin"	14514805
law.2	name collision with 'law'; needs a qualifier — a rule or body of rules of conduct inherent in human nature 	05870916
lead.2	"name collision with 'lead'; needs a qualifier — an advantage held by a competitor in a race; ""he took the le"	05157143
lead.3	name collision with 'lead'; needs a qualifier — a soft heavy toxic malleable metallic element; bluish white 	14643467
leg.2	name collision with 'leg'; needs a qualifier — the limb of an animal used for food	07655505
lemon.2	name collision with 'lemon'; needs a qualifier — yellow oval fruit with juicy acidic flesh	07749582
duration.2	"name collision with 'duration'; needs a qualifier — continuance in time; ""the ceremony was of short duration""; """	05051249
letter.2	name collision with 'letter'; needs a qualifier — the conventional characters of the alphabet used to represen	06828818
floor.2	name collision with 'floor'; needs a qualifier — a structure consisting of a room or set of rooms at a single	03365991
grade.2	"name collision with 'grade'; needs a qualifier — a relative position or degree of value in a graded group; ""l"	14428160
limit.2	name collision with 'limit'; needs a qualifier — the greatest amount of something that is possible or allowed	13758296
line.2	"name collision with 'line'; needs a qualifier — a conceptual separation or distinction; ""there is a narrow l"	05748786
line.3	name collision with 'line'; needs a qualifier — text consisting of a row of words written across a page or c	07012534
line.4	"name collision with 'line'; needs a qualifier — a formation of people or things one behind another; ""the lin"	08430203
lock.2	name collision with 'lock'; needs a qualifier — a strand or cluster of hair	05257737
logic.2	name collision with 'logic'; needs a qualifier — the principles that guide reasoning within a given field or 	05871618
loss.2	"name collision with 'loss'; needs a qualifier — something that is lost; ""the car was a total loss""; ""loss of"	13327676
ball.4	"name collision with 'ball'; needs a qualifier — a compact mass; ""a ball of mud caught him on the shoulder"""	07961016
majority.2	name collision with 'majority'; needs a qualifier — the age at which persons are considered competent to manage 	15152062
director.2	name collision with 'director'; needs a qualifier — someone who controls resources and expenditures	10014939
fabrication.2	name collision with 'fabrication'; needs a qualifier — the act of making something (a product) from raw materials; 	00924825
marble.2	name collision with 'marble'; needs a qualifier — a hard crystalline metamorphic rock that takes a high polish	14947807
march.2	name collision with 'march'; needs a qualifier — the month following February and preceding April	15210870
marriage.2	"name collision with 'marriage'; needs a qualifier — two people who are married to each other; ""his second marria"	07989373
match.2	name collision with 'match'; needs a qualifier — a formal contest in which two or more persons or teams compe	07470671
catch.2	name collision with 'catch'; needs a qualifier — a person regarded as a good matrimonial prospect	09900981
decoration.2	name collision with 'decoration'; needs a qualifier — an award for winning a championship or commemorating some ot	06706676
medicine.2	name collision with 'medicine'; needs a qualifier — the learned profession that is mastered by graduate training	00612160
medicine.3	name collision with 'medicine'; needs a qualifier — (medicine) something that treats or prevents or alleviates t	03740161
medium.2	name collision with 'medium'; needs a qualifier — someone who serves as an intermediary between the living and	10306279
medium.3	name collision with 'medium'; needs a qualifier — a state that is intermediate between extremes; a middle posi	13920169
meeting.2	"name collision with 'meeting'; needs a qualifier — the social act of assembling for some common purpose; ""his m"	01230965
meeting.3	"name collision with 'meeting'; needs a qualifier — a casual or unexpected convergence; ""he still remembers thei"	07414922
memorial.2	name collision with 'memorial'; needs a qualifier — a recognition of meritorious service	06688522
memory.2	"name collision with 'memory'; needs a qualifier — the power of retaining and recalling past experience; ""he ha"	05651399
memory.3	"name collision with 'memory'; needs a qualifier — something that is remembered; ""search as he would, the memor"	05935060
menu.2	name collision with 'menu'; needs a qualifier — (computer science) a list of options available to a computer	06493392
menu.3	name collision with 'menu'; needs a qualifier — the dishes making up a meal	07565083
mind.2	"name collision with 'mind'; needs a qualifier — knowledge and intellectual ability; ""he reads to improve his"	05618849
mine.2	name collision with 'mine'; needs a qualifier — excavation in the earth from which ores and minerals are ext	03768346
model.2	"name collision with 'model'; needs a qualifier — a hypothetical description of a complex entity or process; """	05890249
model.3	name collision with 'model'; needs a qualifier — a person who poses for a photographer or painter or sculptor	10324560
model.4	"name collision with 'model'; needs a qualifier — someone worthy of imitation; ""every child needs a role model"	10324851
mole.2	name collision with 'mole'; needs a qualifier — a small congenital pigmented spot on the skin	04693804
momentum.2	"name collision with 'momentum'; needs a qualifier — the product of a body's mass and its velocity; ""the momentum"	05029137
money.2	"name collision with 'money'; needs a qualifier — wealth reckoned in terms of money; ""all his money is in real"	13250542
motivation.2	"name collision with 'motivation'; needs a qualifier — the condition of being motivated; ""his motivation was at a h"	14578471
mouse.2	name collision with 'mouse'; needs a qualifier — a hand-operated electronic device that controls the coordina	03793489
move.2	name collision with 'move'; needs a qualifier — (game) a player's turn to take some action permitted by the 	00166172
campaign.3	name collision with 'campaign'; needs a qualifier — a series of actions advancing a principle or tending toward 	00798245
mushroom.2	name collision with 'mushroom'; needs a qualifier — any of various fleshy fungi of the subdivision Basidiomycota	12997919
nail.2	name collision with 'nail'; needs a qualifier — horny plate covering and protecting part of the dorsal surfa	05581693
name.2	"name collision with 'name'; needs a qualifier — a person's reputation; ""he wanted to protect his good name"""	14438788
nature.2	name collision with 'nature'; needs a qualifier — the natural physical world including plants and animals and 	09366762
nature.3	name collision with 'nature'; needs a qualifier — a causal agent creating and controlling things in the univer	09503682
needle.2	name collision with 'needle'; needs a qualifier — a slender pointer for indicating the reading on the scale of	03816394
network.2	"name collision with 'network'; needs a qualifier — an interconnected system of things or people; ""he owned a ne"	08434259
news.2	name collision with 'news'; needs a qualifier — informal information of any kind that is not previously know	06642356
note.2	"name collision with 'note'; needs a qualifier — a comment or instruction (usually added); ""his notes were ap"	06763273
note.3	"name collision with 'note'; needs a qualifier — a short personal letter; ""drop me a line when you get there"""	06626286
note.4	name collision with 'note'; needs a qualifier — a notation representing the pitch and duration of a musical 	06865345
notebook.2	name collision with 'notebook'; needs a qualifier — a book with blank pages for recording notes or memoranda	06415419
notice.2	name collision with 'notice'; needs a qualifier — advance notification (usually written) of the intention to w	07212612
duty.3	name collision with 'duty'; needs a qualifier — the social force that binds you to the courses of action dem	01129920
occupation.2	name collision with 'occupation'; needs a qualifier — the control of a country by military forces of a foreign pow	01133106
operation.2	name collision with 'operation'; needs a qualifier — activity by a military or naval force (as a maneuver or camp	00955060
operation.3	"name collision with 'operation'; needs a qualifier — a business especially one run on a large scale; ""a large-sca"	01095966
operation.4	"name collision with 'operation'; needs a qualifier — process or manner of functioning or operating; ""the power of"	13525549
reverse.2	"name collision with 'reverse'; needs a qualifier — a relation of direct opposition; ""we thought Sue was older t"	13858604
enemy.2	name collision with 'enemy'; needs a qualifier — an armed adversary (especially a member of an opposing milit	10055847
option.2	name collision with 'option'; needs a qualifier — the right to buy or sell property at an agreed price; the ri	13241600
orange.2	name collision with 'orange'; needs a qualifier — round yellow to orange fruit of any of several citrus trees	07747607
organ.2	name collision with 'organ'; needs a qualifier — a fully differentiated structural and functional unit in an 	05297523
outline.2	name collision with 'outline'; needs a qualifier — the line that appears to bound an object	08612786
pack.2	name collision with 'pack'; needs a qualifier — a group of hunting animals	07994941
pain.2	name collision with 'pain'; needs a qualifier — emotional distress; a fundamental feeling that people try to	07494363
pain.3	"name collision with 'pain'; needs a qualifier — a bothersome annoying person; ""that kid is a terrible pain"""	10391513
pan.2	name collision with 'pan'; needs a qualifier — cooking utensil consisting of a wide metal vessel	03880531
jury.2	name collision with 'jury'; needs a qualifier — a committee appointed to judge a competition	08414807
paper.2	name collision with 'paper'; needs a qualifier — a material made of cellulose pulp derived mainly from wood o	14974264
party.2	"name collision with 'party'; needs a qualifier — an organization to gain political power; ""in 1992 Perot trie"	08256968
passage.2	name collision with 'passage'; needs a qualifier — a section of text; particularly a section of medium length	06400271
path.2	name collision with 'path'; needs a qualifier — an established line of travel or access	08616311
pause.2	name collision with 'pause'; needs a qualifier — temporary inactivity	01062817
payment.2	name collision with 'payment'; needs a qualifier — the act of paying money	01120448
peace.2	name collision with 'peace'; needs a qualifier — the state prevailing during the absence of war	13970236
performance.2	name collision with 'performance'; needs a qualifier — the act of performing; of doing something successfully; usin	00097504
performance.3	name collision with 'performance'; needs a qualifier — the act of presenting a play or a piece of music or other en	00550771
period.2	name collision with 'period'; needs a qualifier — the interval taken to complete one cycle of a regularly repe	15289779
philosophy.2	name collision with 'philosophy'; needs a qualifier — the rational investigation of questions about existence and 	06158346
hog.2	name collision with 'hog'; needs a qualifier — a person regarded as greedy and pig-like	10179649
pit.2	"name collision with 'pit'; needs a qualifier — a sizeable hole (usually in the ground); ""they dug a pit to "	09393108
pitch.2	"name collision with 'pitch'; needs a qualifier — degree of deviation from a horizontal plane; ""the roof had a"	05069199
design.3	"name collision with 'design'; needs a qualifier — an arrangement scheme; ""the awkward design of the keyboard m"	05728678
plant.2	name collision with 'plant'; needs a qualifier — (botany) a living organism lacking the power of locomotion	00017222
play.2	name collision with 'play'; needs a qualifier — a dramatic work intended for performance by actors on a stag	07007945
plot.2	name collision with 'plot'; needs a qualifier — a secret scheme to do something (especially something underh	05907682
plot.3	"name collision with 'plot'; needs a qualifier — the story that is told in a novel or play or movie etc.; ""th"	06373314
plot.4	name collision with 'plot'; needs a qualifier — a chart or map showing the movements or progress of an objec	07000065
detail.2	name collision with 'detail'; needs a qualifier — an isolated fact that is considered separately from the whol	05817845
point.2	"name collision with 'point'; needs a qualifier — a very small circular shape; ""a row of points""; ""draw lines "	13911872
pole.2	name collision with 'pole'; needs a qualifier — one of two antipodal points where the Earth's axis of rotati	08620881
poll.2	name collision with 'poll'; needs a qualifier — an inquiry into public opinion conducted by interviewing a r	05800998
placement.2	name collision with 'placement'; needs a qualifier — the act of putting something in a certain place	01051331
mail.2	name collision with 'mail'; needs a qualifier — the system whereby messages are transmitted via the post off	06264398
pot.2	name collision with 'pot'; needs a qualifier — metal or earthenware cooking vessel that is usually round an	03990474
pot.3	name collision with 'pot'; needs a qualifier — a container in which plants are cultivated	03991062
pound.2	"name collision with 'pound'; needs a qualifier — 16 ounces avoirdupois; ""he got a hernia when he tried to lif"	13720096
exercise.2	"name collision with 'exercise'; needs a qualifier — systematic training by multiple repetitions; ""practice makes"	00894552
preoccupation.2	name collision with 'preoccupation'; needs a qualifier — an idea that preoccupies the mind and holds the attention	05836921
present.2	name collision with 'present'; needs a qualifier — the period of time that is happening now; any continuous str	15119536
presentation.3	name collision with 'presentation'; needs a qualifier — the act of making something publicly available; presenting n	06891022
presidency.2	"name collision with 'presidency'; needs a qualifier — the office and function of president; ""Andrew Jackson expand"	00596807
president.2	name collision with 'president'; needs a qualifier — the officer who presides at the meetings of an organization;	10468962
pressure.2	name collision with 'pressure'; needs a qualifier — the force applied to a unit area of surface; measured in pas	11495041
probability.2	name collision with 'probability'; needs a qualifier — the quality of being probable; a probable event or the most 	04756172
trouble.2	"name collision with 'trouble'; needs a qualifier — a source of difficulty; ""one trouble after another delayed t"	05687338
procedure.2	name collision with 'procedure'; needs a qualifier — a particular course of action intended to achieve a result; 	01023820
product.2	name collision with 'product'; needs a qualifier — a consequence of someone's efforts or of a particular set of	11415842
production.2	name collision with 'production'; needs a qualifier — a presentation for the stage or screen or radio or televisio	07006951
broadcast.2	"name collision with 'broadcast'; needs a qualifier — a radio or television show; ""did you see his program last ni"	06619428
program.2	name collision with 'program'; needs a qualifier — (computer science) a sequence of instructions that a compute	06568978
projection.2	name collision with 'projection'; needs a qualifier — the projection of an image from a film onto a screen	06887599
promotion.2	name collision with 'promotion'; needs a qualifier — a message issued in behalf of some product or cause or idea 	07247071
proof.2	name collision with 'proof'; needs a qualifier — a formal series of statements showing that if one thing is t	06647614
property.2	name collision with 'property'; needs a qualifier — something owned; any tangible or intangible possession that 	13244109
proportion.2	"name collision with 'proportion'; needs a qualifier — magnitude or extent; ""a building of vast proportions"""	05091194
proportion.3	name collision with 'proportion'; needs a qualifier — the quotient obtained when the magnitude of a part is divide	13815742
protection.2	"name collision with 'protection'; needs a qualifier — the condition of being protected; ""they were huddled togethe"	14539960
issue.2	name collision with 'issue'; needs a qualifier — the act of issuing printed materials	01103614
punch.2	name collision with 'punch'; needs a qualifier — an iced mixed drink usually containing alcohol and prepared 	07930554
quarter.2	name collision with 'quarter'; needs a qualifier — a United States or Canadian coin worth one fourth of a dolla	13390244
quarter.3	"name collision with 'quarter'; needs a qualifier — a fourth part of a year; three months; ""unemployment fell du"	15206590
quotation.2	name collision with 'quotation'; needs a qualifier — a statement of the current market price of a security or com	06756267
race.2	name collision with 'race'; needs a qualifier — people who are believed to belong to the same genetic stock;	07967982
car.2	"name collision with 'car'; needs a qualifier — a wheeled vehicle adapted to the rails of railroad; ""three c"	02959942
range.2	"name collision with 'range'; needs a qualifier — a series of hills or mountains; ""the valley was between two "	09403734
reaction.2	"name collision with 'reaction'; needs a qualifier — a response that reveals a person's feelings or attitude; ""he"	11417129
receipt.2	name collision with 'receipt'; needs a qualifier — an acknowledgment (usually tangible) that payment has been m	06520222
reception.2	name collision with 'reception'; needs a qualifier — a formal party of people; as after a wedding	08254331
recognition.2	"name collision with 'recognition'; needs a qualifier — the state or quality of being recognized or acknowledged; ""t"	14411981
record.2	name collision with 'record'; needs a qualifier — a document that can serve as legal evidence of a transaction	13403643
record.3	"name collision with 'record'; needs a qualifier — the number of wins versus losses and ties a team has had; ""a"	13596986
decrease.2	name collision with 'decrease'; needs a qualifier — the act of decreasing or reducing something	00351638
region.2	"name collision with 'region'; needs a qualifier — a large indefinite location on the surface of the Earth; ""pe"	08630985
rehabilitation.2	name collision with 'rehabilitation'; needs a qualifier — vindication of a person's character and the re-establishment	01241997
remark.2	"name collision with 'remark'; needs a qualifier — explicit notice; ""it passed without remark"""	05710573
report.2	"name collision with 'report'; needs a qualifier — a short account of the news; ""the report of his speech""; ""th"	06681551
reserve.2	name collision with 'reserve'; needs a qualifier — something kept back or saved for future use or a special pur	13368052
resignation.2	name collision with 'resignation'; needs a qualifier — acceptance of despair	07542433
answer.2	name collision with 'answer'; needs a qualifier — a statement (either spoken or written) that is made to reply	06746005
reception.3	"name collision with 'reception'; needs a qualifier — the manner in which something is greeted; ""she did not expec"	06630852
remainder.2	"name collision with 'remainder'; needs a qualifier — something left after other parts have been taken away; ""ther"	13810818
restraint.2	"name collision with 'restraint'; needs a qualifier — a rule or condition that limits freedom; ""legal restraints"";"	06247701
return.2	"name collision with 'return'; needs a qualifier — a coming to or returning home; ""on his return from Australia"	00051192
review.2	name collision with 'review'; needs a qualifier — an essay or article that gives a critical evaluation (as of 	06410391
review.3	name collision with 'review'; needs a qualifier — a periodical that publishes critical essays on current affai	06597758
right.2	name collision with 'right'; needs a qualifier — location near or direction toward the right side; i.e. the s	08625073
right.3	name collision with 'right'; needs a qualifier — those who support political or social or economic conservati	08416652
ring.2	name collision with 'ring'; needs a qualifier — a platform usually marked off by ropes in which contestants 	04092959
ring.3	"name collision with 'ring'; needs a qualifier — a characteristic sound; ""it has the ring of sincerity"""	04981658
character.3	"name collision with 'character'; needs a qualifier — an actor's portrayal of someone in a play; ""she played the p"	05929008
roll.2	"name collision with 'roll'; needs a qualifier — a list of names; ""his name was struck off the rolls"""	06495000
rotation.2	"name collision with 'rotation'; needs a qualifier — the act of rotating as if on an axis; ""the rotation of the d"	00342028
royalty.2	name collision with 'royalty'; needs a qualifier — payment to the holder of a patent or copyright or resource f	13257982
rule.2	name collision with 'rule'; needs a qualifier — a principle or condition that customarily governs behavior; 	05846054
convention.2	"name collision with 'convention'; needs a qualifier — something regarded as a normative example; ""the convention o"	05667613
principle.2	name collision with 'principle'; needs a qualifier — a rule or law concerning a natural phenomenon or the functio	05874232
rule.3	name collision with 'rule'; needs a qualifier — (mathematics) a standard procedure for solving a class of ma	05846932
rule.4	name collision with 'rule'; needs a qualifier — directions that define the way a game or sport is to be cond	06788897
rule.5	"name collision with 'rule'; needs a qualifier — the duration of a monarch's or government's power; ""during t"	15295416
sacrifice.2	name collision with 'sacrifice'; needs a qualifier — a loss entailed by giving up or selling something at less th	13328073
sale.2	name collision with 'sale'; needs a qualifier — an occasion (usually brief) for buying at specially reduced 	01117723
sale.3	"name collision with 'sale'; needs a qualifier — the general activity of selling; ""they tried to boost sales"""	01117541
scale.2	name collision with 'scale'; needs a qualifier — a measuring instrument for weighing; shows amount of mass	04141975
scale.3	"name collision with 'scale'; needs a qualifier — an ordered reference standard; ""judging on a scale of 1 to 1"	13850304
scene.2	name collision with 'scene'; needs a qualifier — a consecutive series of pictures that constitutes a unit of 	06614729
setting.2	"name collision with 'setting'; needs a qualifier — the context and environment in which something is set; ""the "	08568256
school.2	"name collision with 'school'; needs a qualifier — a building where young people receive education; ""the school"	04146050
school.3	"name collision with 'school'; needs a qualifier — an educational institution's faculty and students; ""the scho"	08277393
screen.2	name collision with 'screen'; needs a qualifier — a protective covering consisting of netting; can be mounted 	04151581
screen.3	name collision with 'screen'; needs a qualifier — a white or silvered surface where pictures can be projected 	04152829
ocean.2	name collision with 'ocean'; needs a qualifier — anything apparently limitless in quantity or volume	13776971
seal.2	name collision with 'seal'; needs a qualifier — a stamp affixed to a document (as to attest to its authentic	06855985
seat.2	"name collision with 'seat'; needs a qualifier — furniture that is designed for sitting on; ""there were not e"	04161981
second.2	name collision with 'second'; needs a qualifier — 1/60 of a minute; the basic unit of time adopted under the S	15235126
sense.2	name collision with 'sense'; needs a qualifier — the meaning of a word or expression; the way in which a word	06602472
conviction.2	name collision with 'conviction'; needs a qualifier — (criminal law) a final judgment of guilty in a criminal case	01189282
service.2	"name collision with 'service'; needs a qualifier — the act of public worship following prescribed rules; ""the S"	01032040
settlement.2	name collision with 'settlement'; needs a qualifier — something settled or resolved; the outcome of decision makin	05789089
shaft.2	name collision with 'shaft'; needs a qualifier — a long vertical passage sunk into the earth, as for a mine o	04182514
shame.2	"name collision with 'shame'; needs a qualifier — a state of dishonor; ""one mistake brought shame to all his f"	14440137
sheet.2	name collision with 'sheet'; needs a qualifier — paper used for writing or printing	06255777
shell.2	name collision with 'shell'; needs a qualifier — ammunition consisting of a cylindrical metal casing containi	04190464
shell.3	name collision with 'shell'; needs a qualifier — the exterior covering of a bird's egg	09432430
shell.4	name collision with 'shell'; needs a qualifier — the hard usually fibrous outer layer of some fruits especial	11683556
daze.2	name collision with 'daze'; needs a qualifier — the feeling of distress and disbelief that you have when som	07510625
injection.2	name collision with 'injection'; needs a qualifier — the act of putting a liquid into the body by means of a syri	00697365
shoulder.2	name collision with 'shoulder'; needs a qualifier — the part of the body between the neck and the upper arm	05548840
shower.2	"name collision with 'shower'; needs a qualifier — a brief period of precipitation; ""the game was interrupted b"	11502497
side.2	"name collision with 'side'; needs a qualifier — a surface forming part of the outside of an object; ""he exam"	08510666
sign.2	name collision with 'sign'; needs a qualifier — a perceptible indication of something not immediately appare	06646243
solution.2	name collision with 'solution'; needs a qualifier — a homogeneous mixture of two or more substances; frequently 	14589223
beginning.2	name collision with 'beginning'; needs a qualifier — the place where something begins, where it springs into bein	08507558
space.2	name collision with 'space'; needs a qualifier — an empty area (usually bounded in some way between things); 	13910384
address.2	name collision with 'address'; needs a qualifier — the act of delivering a formal spoken communication to an au	07238694
sphere.2	name collision with 'sphere'; needs a qualifier — a three-dimensional closed surface such that every point on 	13898899
spirit.2	name collision with 'spirit'; needs a qualifier — any incorporeal supernatural being that can become visible (	09545324
banquet.2	"name collision with 'banquet'; needs a qualifier — a meal that is well prepared and greatly enjoyed; ""a banquet"	07578093
spring.2	name collision with 'spring'; needs a qualifier — a natural flow of ground water	09443453
spring.3	"name collision with 'spring'; needs a qualifier — the season of growth; ""the emerging buds were a sure sign of"	15237044
staff.2	name collision with 'staff'; needs a qualifier — personnel who assist their superior in carrying out an assig	08439955
star.2	name collision with 'star'; needs a qualifier — a plane figure with 5 or more points; often used as an emble	13881644
beginning.3	"name collision with 'beginning'; needs a qualifier — the time at which something is supposed to begin; ""they got "	15265518
post.2	name collision with 'post'; needs a qualifier — the position where someone (as a guard or sentry) stands or 	08624385
stick.2	name collision with 'stick'; needs a qualifier — a lever used by a pilot to control the ailerons and elevator	04317976
stock.2	name collision with 'stock'; needs a qualifier — the capital raised by a corporation through the issue of sha	13333833
street.2	name collision with 'street'; needs a qualifier — the part of a thoroughfare between the sidewalks; the part o	04335209
strike.2	name collision with 'strike'; needs a qualifier — an attack that is intended to seize or inflict damage on or 	00977301
subject.2	"name collision with 'subject'; needs a qualifier — the subject matter of a conversation or discussion; ""he didn"	06599788
subject.3	name collision with 'subject'; needs a qualifier — a person who is subjected to experimental or other observati	10668666
support.2	"name collision with 'support'; needs a qualifier — any device that bears the weight of another thing; ""there wa"	04359589
support.3	"name collision with 'support'; needs a qualifier — the financial means whereby one lives; ""each child was expec"	13365286
survival.2	name collision with 'survival'; needs a qualifier — a state of surviving; remaining alive	13962166
survivor.2	"name collision with 'survivor'; needs a qualifier — one who lives through affliction; ""the survivors of the fire"	10681194
swing.2	name collision with 'swing'; needs a qualifier — mechanical device used as a plaything to support someone swi	04371774
switch.2	name collision with 'switch'; needs a qualifier — control consisting of a mechanical or electrical or electron	04372370
table.2	"name collision with 'table'; needs a qualifier — a set of data arranged in rows and columns; ""see table 1"""	08266235
pill.2	name collision with 'pill'; needs a qualifier — a dose of medicine in the form of a small pellet	03936568
tail.2	name collision with 'tail'; needs a qualifier — (usually plural) the reverse side of a coin that does not be	04384199
lecture.2	"name collision with 'lecture'; needs a qualifier — a speech that is open to the public; ""he attended a lecture "	07240549
tape.2	"name collision with 'tape'; needs a qualifier — a recording made on magnetic tape; ""the several recordings w"	04391838
tape.3	name collision with 'tape'; needs a qualifier — measuring instrument consisting of a narrow strip (cloth or 	04392113
engineering.2	name collision with 'engineering'; needs a qualifier — the discipline dealing with the art or science of applying s	06125041
temple.2	"name collision with 'temple'; needs a qualifier — the flat area on either side of the forehead; ""the veins in "	05602683
tension.2	"name collision with 'tension'; needs a qualifier — the physical condition of being stretched or strained; ""it p"	14544335
examination.2	name collision with 'examination'; needs a qualifier — a set of questions or exercises evaluating skill or knowledg	07197021
theme.2	"name collision with 'theme'; needs a qualifier — (music) melodic subject of a musical composition; ""the theme"	07029247
ticket.2	name collision with 'ticket'; needs a qualifier — a summons issued to an offender (especially to someone who v	06558678
tip.2	name collision with 'tip'; needs a qualifier — the extreme end of something; especially something pointed	08663156
tissue.2	name collision with 'tissue'; needs a qualifier — a soft thin (usually translucent) paper	15074962
title.2	name collision with 'title'; needs a qualifier — a general or descriptive heading for a section of a written 	06346461
title.3	name collision with 'title'; needs a qualifier — an identifying appellation signifying status or function: e.	06339416
tooth.2	name collision with 'tooth'; needs a qualifier — hard bonelike structures in the jaws of vertebrates; used fo	05282746
top.2	name collision with 'top'; needs a qualifier — a conical child's plaything tapering to a steel point on whi	04454240
top.3	"name collision with 'top'; needs a qualifier — the highest or uppermost side of anything; ""put your books o"	08663354
touch.2	name collision with 'touch'; needs a qualifier — the faculty by which external objects or forces are perceive	05655119
lead.4	"name collision with 'lead'; needs a qualifier — evidence pointing to a possible solution; ""the police are fo"	05826914
deal.2	"name collision with 'deal'; needs a qualifier — a particular instance of buying or selling; ""it was a packag"	01110274
traffic.2	name collision with 'traffic'; needs a qualifier — the aggregation of things (pedestrians or vehicles) coming a	08425303
transportation.2	name collision with 'transportation'; needs a qualifier — the commercial enterprise of moving goods and materials	01105259
trial.2	"name collision with 'trial'; needs a qualifier — an annoying or frustrating or catastrophic event; ""his mothe"	07372959
trouble.3	"name collision with 'trouble'; needs a qualifier — an event causing distress or pain; ""what is the trouble?""; """	07289014
confidence.2	"name collision with 'confidence'; needs a qualifier — a trustful relationship; ""he took me into his confidence""; """	13929852
truth.2	"name collision with 'truth'; needs a qualifier — conformity to reality or actuality; ""they debated the truth "	13956488
bend.2	"name collision with 'bend'; needs a qualifier — a circular segment of a curve; ""a bend in the road""; ""a croo"	13869327
marriage.3	name collision with 'marriage'; needs a qualifier — the state of being a married couple voluntarily joined for l	13963970
integrity.2	name collision with 'integrity'; needs a qualifier — an undivided or unbroken completeness or totality with nothi	14460565
habit.2	name collision with 'habit'; needs a qualifier — (psychology) an automatic pattern of behavior in reaction to	00414179
function.2	"name collision with 'function'; needs a qualifier — what something is used for; ""the function of an auger is to "	05149325
consumption.2	name collision with 'consumption'; needs a qualifier — (economics) the utilization of economic goods to satisfy nee	13451804
value.2	"name collision with 'value'; needs a qualifier — an ideal accepted by some individual or group; ""he has old-f"	05923983
value.3	name collision with 'value'; needs a qualifier — the amount (of money or goods or services) that is considere	13413493
version.2	"name collision with 'version'; needs a qualifier — an interpretation of a matter from a particular viewpoint; """	07173585
vessel.2	name collision with 'vessel'; needs a qualifier — an object used as a container (especially for liquids)	04531098
position.2	"name collision with 'position'; needs a qualifier — a way of regarding situations or topics etc.; ""consider what"	06208751
opinion.2	name collision with 'opinion'; needs a qualifier — a message expressing a belief about something; the expressio	06782019
virus.2	name collision with 'virus'; needs a qualifier — a software program capable of reproducing itself and usually	06585816
volume.2	name collision with 'volume'; needs a qualifier — a publication that is one of a set of several similar public	06413666
volume.3	"name collision with 'volume'; needs a qualifier — the amount of 3-dimensional space occupied by an object; ""th"	13779032
ward.2	name collision with 'ward'; needs a qualifier — a district into which a city or town is divided for the purp	08672397
ward.3	name collision with 'ward'; needs a qualifier — a person who is under the protection or in the custody of an	10767020
means.2	"name collision with 'means'; needs a qualifier — how a result is obtained or an end is achieved; ""a means of "	00172710
weight.2	name collision with 'weight'; needs a qualifier — the vertical force exerted by a mass as a result of gravity	05026843
west.2	name collision with 'west'; needs a qualifier — the cardinal compass point that is a 270 degrees	13834399
whale.2	name collision with 'whale'; needs a qualifier — any of the larger cetacean mammals having a streamlined body	02062744
wing.2	name collision with 'wing'; needs a qualifier — one of the horizontal airfoils on either side of the fuselag	04592741
withdrawal.2	name collision with 'withdrawal'; needs a qualifier — avoiding emotional involvement	07506031
employment.2	"name collision with 'employment'; needs a qualifier — the occupation for which you are paid; ""he is looking for em"	00584367
workshop.2	name collision with 'workshop'; needs a qualifier — a brief intensive course for a small group; emphasizes probl	00892413
worm.2	name collision with 'worm'; needs a qualifier — a software program capable of reproducing itself that can sp	06586098
yard.2	name collision with 'yard'; needs a qualifier — a unit of length equal to 3 feet; defined as 91.44 centimete	13650447
young.2	"name collision with 'young'; needs a qualifier — young people collectively; ""rock music appeals to the young"""	07944050
abdomen	opencyc: 2 classes match ['abdomen', 'belly', 'stomach', 'venter']	Mx4rvVjgyZwpEbGdrcN5Y29ycA Mx4rvVjlqpwpEbGdrcN5Y29ycA
academic-degree	opencyc: 2 classes match ['academic-degree', 'degree']	Mx4rJ3ZbguI8QdeGDNhCi9LL3Q Mx4rvVip-pwpEbGdrcN5Y29ycA
accelerator	opencyc: 4 classes match ['accelerator', 'accelerator-pedal', 'gas', 'gas-pedal', 'gun', 'throttle']	Mx4rDMk2wCwFQdiVotdGphYUtg Mx4rvVi9X5wpEbGdrcN5Y29ycA Mx4rvVjFK5wpEbGdrcN5Y29ycA Mx4rwQBuo5wpEbGdrcN5Y29ycA
accident	opencyc: 2 classes match ['accident', 'chance-event', 'fortuity', 'stroke']	Mx4rvViib5wpEbGdrcN5Y29ycA Mx4rwP1bPpwpEbGdrcN5Y29ycA
accomplishment	dolce: 2 classes match ['accomplishment', 'achievement']	accomplishment achievement
accountant	opencyc: 3 classes match ['accountant', 'comptroller', 'controller']	Mx4rvVkB3ZwpEbGdrcN5Y29ycA Mx4rwSmQJZwpEbGdrcN5Y29ycA Mx8NhB4rvcD6KJwpEbGdrcN5Y29ycB4rvVkB3ZwpEbGdrcN5Y29ycB4rvViXyZwpEbGdrcN5Y29ycB4rvsaaeJwpEbGdrcN5Y29ycA
ace	opencyc: 4 classes match ['ace', 'adept', 'champion', 'genius', 'hotshot', 'maven', 'mavin', 'sensation', 'star', 'superstar', 'virtuoso', 'whiz', 'whizz', 'wiz', 'wizard']	Mx4r0i5GBMkpEdmAAAACs6hRjg Mx4rdzpz-ieEQdiAPbDOQBIJ2Q Mx4rvVi80ZwpEbGdrcN5Y29ycA Mx4rvca3M5wpEbGdrcN5Y29ycA
act	opencyc: 4 classes match ['act', 'deed', 'human-action', 'human-activity']	Mx4rv9diU5wpEbGdrcN5Y29ycA Mx4rvViN65wpEbGdrcN5Y29ycA Mx4rwH00PZwpEbGdrcN5Y29ycA Mx4rwSgEeJwpEbGdrcN5Y29ycA
act.2	opencyc: 2 classes match ['act', 'act.2']	Mx4rv9diU5wpEbGdrcN5Y29ycA Mx4rwH00PZwpEbGdrcN5Y29ycA
actor	opencyc: 2 classes match ['actor', 'histrion', 'player', 'role-player', 'thespian']	Mx4rvVjaHZwpEbGdrcN5Y29ycA Mx4rv_FIS5wpEbGdrcN5Y29ycA
ad	opencyc: 4 classes match ['ad', 'advert', 'advertisement', 'advertising', 'advertizement', 'advertizing']	Mx4rLYFgxwhuEduVMwDggVaqog Mx4rvZyPeZwpEbGdrcN5Y29ycA Mx4rwP2CJJwpEbGdrcN5Y29ycA Mx4rwQr8FJwpEbGdrcN5Y29ycA
adeptness	opencyc: 2 classes match ['adeptness', 'adroitness', 'deftness', 'facility', 'quickness']	Mx4rcbTVwc5uEdeX_wACs6hRuw Mx4rv51bpZwpEbGdrcN5Y29ycA
administrator	opencyc: 2 classes match ['administrator', 'decision-maker']	Mx4rvViu3JwpEbGdrcN5Y29ycA Mx8NhB4rvcD6KJwpEbGdrcN5Y29ycB4rvViAkpwpEbGdrcN5Y29ycB4r4GkbiFYcEdqAAAACs71DGR4rvVjVT5wpEbGdrcN5Y29ycA
administrator.2	opencyc: 3 classes match ['administrator', 'administrator.2', 'executive']	Mx4rKz0WiMsgEdmAAAACs6hRjg Mx4rvViu3JwpEbGdrcN5Y29ycA Mx8NhB4rvcD6KJwpEbGdrcN5Y29ycB4rvViAkpwpEbGdrcN5Y29ycB4r4GkbiFYcEdqAAAACs71DGR4rvVjVT5wpEbGdrcN5Y29ycA
advantage	opencyc: 2 classes match ['advantage', 'reward']	Mx4rogYoikoRQdmHr86tFKjo6A Mx4rvVj2FZwpEbGdrcN5Y29ycA
adviser	opencyc: 3 classes match ['adviser', 'advisor', 'consultant']	Mx4r0hlXAuvlQdieFbf06sqfNg Mx4rvcB31JwpEbGdrcN5Y29ycA Mx4rwP3EHJwpEbGdrcN5Y29ycA
affair.2	opencyc: 2 classes match ['affair', 'affair.2', 'function', 'occasion', 'social-function', 'social-occasion']	Mx4rvVjrvpwpEbGdrcN5Y29ycA Mx4rvVxAsJwpEbGdrcN5Y29ycA
affiliation	opencyc: 3 classes match ['affiliation', 'association', 'tie', 'tie-up']	Mx4rv5t8XpwpEbGdrcN5Y29ycA Mx4rwH-3XJwpEbGdrcN5Y29ycA Mx4rwP1V5ZwpEbGdrcN5Y29ycA
affirmation	opencyc: 2 classes match ['affirmation', 'assertion', 'statement']	Mx4rBy_4XF3fEdaAAABQ2sS97g Mx4rvWIKZpwpEbGdrcN5Y29ycA
agent	opencyc: 2 classes match ['agent']	Mx4rvVjrNpwpEbGdrcN5Y29ycA Mx4rwImSW5wpEbGdrcN5Y29ycA
agent.2	opencyc: 2 classes match ['agent', 'agent.2']	Mx4rvVjrNpwpEbGdrcN5Y29ycA Mx4rwImSW5wpEbGdrcN5Y29ycA
agent.3	opencyc: 2 classes match ['agent', 'agent.3', 'federal-agent']	Mx4rvVjrNpwpEbGdrcN5Y29ycA Mx4rwImSW5wpEbGdrcN5Y29ycA
agitation	opencyc: 2 classes match ['agitation', 'excitement', 'hullabaloo', 'turmoil', 'upheaval']	Mx4rvVjAhpwpEbGdrcN5Y29ycA Mx4rzL_p0KUbQdiKSp59ArTYHQ
airplane	opencyc: 2 classes match ['aeroplane', 'airplane', 'plane']	Mx4rvViCi5wpEbGdrcN5Y29ycA Mx4rvViEeJwpEbGdrcN5Y29ycA
airport	yago: 2 classes match ['aerodrome', 'airdrome', 'airport', 'drome']	Aerodrome Airport
airport	opencyc: 2 classes match ['aerodrome', 'airdrome', 'airport', 'drome']	Mx4rvVifvJwpEbGdrcN5Y29ycA Mx4rvVj-r5wpEbGdrcN5Y29ycA
alarm	opencyc: 2 classes match ['alarm', 'alarm-system', 'warning-device']	Mx4rwQCOR5wpEbGdrcN5Y29ycA Mx4rwSrO9ZwpEbGdrcN5Y29ycA
alarm-clock	opencyc: 3 classes match ['alarm', 'alarm-clock']	Mx4r9gzS1MJsEdmAAACQJw5drg Mx4rwQCOR5wpEbGdrcN5Y29ycA Mx4rwSrO9ZwpEbGdrcN5Y29ycA
alarm.2	opencyc: 2 classes match ['alarm', 'alarm.2', 'consternation', 'dismay']	Mx4rwQCOR5wpEbGdrcN5Y29ycA Mx4rwSrO9ZwpEbGdrcN5Y29ycA
album	opencyc: 2 classes match ['album']	Mx4rwLmi3JwpEbGdrcN5Y29ycA Mx4rwQiJXpwpEbGdrcN5Y29ycA
album.2	opencyc: 2 classes match ['album', 'album.2', 'record-album']	Mx4rwLmi3JwpEbGdrcN5Y29ycA Mx4rwQiJXpwpEbGdrcN5Y29ycA
alcohol	yago: 2 classes match ['alcohol', 'alcoholic-beverage', 'alcoholic-drink', 'inebriant', 'intoxicant']	Alcohol Alcoholic_drink
alcohol	opencyc: 2 classes match ['alcohol', 'alcoholic-beverage', 'alcoholic-drink', 'inebriant', 'intoxicant']	Mx4rvVim-JwpEbGdrcN5Y29ycA Mx4rvVjIe5wpEbGdrcN5Y29ycA
alimony	opencyc: 3 classes match ['alimony', 'maintenance']	Mx4rORdI0Eu6RR-zl6LVBx_omA Mx4rvVjC25wpEbGdrcN5Y29ycA Mx4rvVjEoJwpEbGdrcN5Y29ycA
alliance	opencyc: 2 classes match ['alliance', 'bond']	Mx4r-GjensiWEdmAAAACs6hRjg Mx4rvViEIJwpEbGdrcN5Y29ycA
altitude	opencyc: 5 classes match ['altitude', 'height']	Mx4rYlT03qJbEdqAAAACs6hRXg Mx4rjq7hfKJZEdqAAAACs6hRXg Mx8NhB4rvcD6KJwpEbGdrcN5Y29ycB4rvViAmpwpEbGdrcN5Y29ycB4rvVjgRJwpEbGdrcN5Y29ycB4rvbIap5wpEbGdrcN5Y29ycA Mx8NhB4rvcD6KJwpEbGdrcN5Y29ycB4rvViAmpwpEbGdrcN5Y29ycB4rvVjvbJwpEbGdrcN5Y29ycB4rvVjpUZwpEbGdrcN5Y29ycA Mx8NhB4rvcD6KJwpEbGdrcN5Y29ycB4rvViAmpwpEbGdrcN5Y29ycB4rwPujZZwpEbGdrcN5Y29ycB4rvVjpUZwpEbGdrcN5Y29ycA
aluminum	opencyc: 3 classes match ['al', 'aluminium', 'aluminum', 'atomic-number-13']	Mx4rFJX_hmJhEd2AAADggVfs8g Mx4rLYCdcAhuEduVMwDggVaqog Mx4rvVi2O5wpEbGdrcN5Y29ycA
alumnus	opencyc: 2 classes match ['alum', 'alumna', 'alumnus', 'grad', 'graduate']	Mx4r1_WUCnWaQdeEdp-4peq4Og Mx8Ngh4rwP1KhZwpEbGdrcN5Y29ycB4rvViNQZwpEbGdrcN5Y29ycA
ambition.2	opencyc: 2 classes match ['ambition', 'ambition.2', 'aspiration', 'dream']	Mx4rvVjNaJwpEbGdrcN5Y29ycA Mx4rvVjNqpwpEbGdrcN5Y29ycA
amphetamine	opencyc: 4 classes match ['amphetamine', 'pep-pill', 'speed', 'upper']	Mx4rvViRs5wpEbGdrcN5Y29ycA Mx4rvVigNZwpEbGdrcN5Y29ycA Mx4rvVjm9JwpEbGdrcN5Y29ycA Mx4rwP1bk5wpEbGdrcN5Y29ycA
amphibian	opencyc: 2 classes match ['amphibian', 'amphibious-vehicle']	Mx4rvVjgJJwpEbGdrcN5Y29ycA Mx4rwGid-JwpEbGdrcN5Y29ycA
analyst	opencyc: 2 classes match ['analyst', 'psychoanalyst']	Mx4rvV7OeZwpEbGdrcN5Y29ycA Mx4rvViq2JwpEbGdrcN5Y29ycA
ancestor	opencyc: 2 classes match ['ancestor', 'antecedent', 'ascendant', 'ascendent', 'root']	Mx4rdBqX86gOEdudWQACs5b6Bw Mx4rvVj5e5wpEbGdrcN5Y29ycA
animal	opencyc: 4 classes match ['animal', 'animate-being', 'beast', 'brute', 'creature', 'fauna']	Mx4r5lNPkMLgQdeAzr878CoUZw Mx4rvViwMZwpEbGdrcN5Y29ycA Mx4rwQB1eJwpEbGdrcN5Y29ycA Mx8Ngx4rwROrhZwpEbGdrcN5Y29ycB4rvViwMZwpEbGdrcN5Y29ycB4rIcwFloGUQdeMlsOWYLFB2w
ankle	opencyc: 2 classes match ['ankle', 'ankle-joint', 'articulatio-talocruralis', 'mortise-joint']	Mx4rvVi-R5wpEbGdrcN5Y29ycA Mx4rvwiy35wpEbGdrcN5Y29ycA
annex	opencyc: 3 classes match ['annex', 'annexe', 'extension', 'wing']	Mx4rly8RpiqlQdiS787W5uNgVg Mx4rvVja05wpEbGdrcN5Y29ycA Mx4rvVkBpJwpEbGdrcN5Y29ycA
anteroom	opencyc: 2 classes match ['antechamber', 'anteroom', 'entrance-hall', 'foyer', 'hall', 'lobby', 'vestibule']	Mx4rvViNB5wpEbGdrcN5Y29ycA Mx4rwQBczJwpEbGdrcN5Y29ycA
appeal	opencyc: 2 classes match ['appeal', 'appealingness', 'charm']	Mx4rvVi73ZwpEbGdrcN5Y29ycA Mx4rvmhwAJwpEbGdrcN5Y29ycA
appendix	opencyc: 2 classes match ['appendix', 'cecal-appendage', 'vermiform-appendix', 'vermiform-process']	Mx4rPXNN8iQNQdeZzd0BRieWGw Mx4rvVjGgJwpEbGdrcN5Y29ycA
aquarium	opencyc: 3 classes match ['aquarium', 'fish-tank', 'marine-museum']	Mx4rvmD2n5wpEbGdrcN5Y29ycA Mx4rvwL7hpwpEbGdrcN5Y29ycA Mx8Ngh4rc6oKzFsKEdaAAACQJ5pZBx4rvmD2n5wpEbGdrcN5Y29ycA
arch	opencyc: 2 classes match ['arch', 'archway']	Mx4rero7lCTVQdeAWbti1baqSw Mx4rvgEXb5wpEbGdrcN5Y29ycA
architect	opencyc: 2 classes match ['architect', 'designer']	Mx4rvVjhw5wpEbGdrcN5Y29ycA Mx4rwQxF25wpEbGdrcN5Y29ycA
area	opencyc: 2 classes match ['area', 'expanse', 'surface-area']	Mx4rvVjDAZwpEbGdrcN5Y29ycA Mx4rwIN_i5wpEbGdrcN5Y29ycA
argument	yago: 2 classes match ['argument', 'argumentation', 'debate']	Argument Debate
argumentation	opencyc: 2 classes match ['argument', 'argumentation', 'line', 'line-of-reasoning', 'logical-argument']	Mx4r6A7z1B5sQdedAK6n_bYxDg Mx4rhTjBvDClQdiVlpETs88Iqw
army	opencyc: 2 classes match ['army', 'ground-forces', 'regular-army']	Mx4rmkGQFm3OEdaAAACgye-oRQ Mx4rv26DAZwpEbGdrcN5Y29ycA
arrow.2	opencyc: 3 classes match ['arrow', 'arrow.2', 'pointer']	Mx4rXjS_MBz-S-2ClGAubIL1DQ Mx4rvViIy5wpEbGdrcN5Y29ycA Mx4rwCxTuJwpEbGdrcN5Y29ycA
ash	opencyc: 2 classes match ['ash']	Mx4rmmTUJpJcQdmQE7SSaS-aXQ Mx8Ngh4rvVio85wpEbGdrcN5Y29ycB4rvViyGJwpEbGdrcN5Y29ycA
ash-grey	opencyc: 2 classes match ['ash-gray', 'ash-grey', 'silver', 'silver-gray', 'silver-grey']	Mx4roqSMynS_EdaAAACgyZzFrg Mx4rvVj0tJwpEbGdrcN5Y29ycA
asset	opencyc: 2 classes match ['asset', 'plus']	Mx4ryb1WdLy2EdmAAAACs6hRjg Mx8NhB4rvcD6KJwpEbGdrcN5Y29ycB4rvVi255wpEbGdrcN5Y29ycB4rvVi--ZwpEbGdrcN5Y29ycB4rvViknpwpEbGdrcN5Y29ycA
asterisk	opencyc: 2 classes match ['asterisk', 'star']	Mx4r0i5GBMkpEdmAAAACs6hRjg Mx4rvVi80ZwpEbGdrcN5Y29ycA
attack	opencyc: 2 classes match ['attack', 'onrush', 'onset', 'onslaught']	Mx4rvWAZ_5wpEbGdrcN5Y29ycA Mx4rvbfzAZwpEbGdrcN5Y29ycA
attack.2	opencyc: 2 classes match ['attack', 'attack.2']	Mx4rvWAZ_5wpEbGdrcN5Y29ycA Mx4rvbfzAZwpEbGdrcN5Y29ycA
audio	opencyc: 3 classes match ['audio', 'sound']	Mx4rvVj0N5wpEbGdrcN5Y29ycA Mx4rvVj0epwpEbGdrcN5Y29ycA Mx4rvpmpZ5wpEbGdrcN5Y29ycA
autonomy	opencyc: 2 classes match ['autonomy', 'self-direction', 'self-reliance', 'self-sufficiency']	Mx4rlyOvUyp4EdiUfwAH6RYvSQ Mx4rlyOvVCp4EdiUfwAH6RYvSQ
avant-garde	opencyc: 3 classes match ['avant-garde', 'new-wave', 'van', 'vanguard']	Mx4rV2r81HTAEdaAAACgyZzFrg Mx4rvVihV5wpEbGdrcN5Y29ycA Mx4rwEMhtZwpEbGdrcN5Y29ycA
avocation	opencyc: 3 classes match ['avocation', 'by-line', 'hobby', 'pursuit', 'sideline', 'spare-time-activity']	Mx4r6snz0B5sQdeAaPbmc_baOA Mx4rGguKhDADQdiJffDMQDagkA Mx4rwPzrzpwpEbGdrcN5Y29ycA
baby-buggy	opencyc: 2 classes match ['baby-buggy', 'baby-carriage', 'carriage', 'go-cart', 'perambulator', 'pram', 'pushchair', 'pusher', 'stroller']	Mx4rwP1rHJwpEbGdrcN5Y29ycA Mx4rwQUiPZwpEbGdrcN5Y29ycA
bag	opencyc: 2 classes match ['bag', 'grip', 'suitcase', 'traveling-bag', 'travelling-bag']	Mx4rvViHZ5wpEbGdrcN5Y29ycA Mx4rvVim3pwpEbGdrcN5Y29ycA
bag.2	opencyc: 2 classes match ['bag', 'bag.2', 'handbag', 'pocketbook', 'purse']	Mx4rvVi6zZwpEbGdrcN5Y29ycA Mx4rvdNDBZwpEbGdrcN5Y29ycA
bait	opencyc: 4 classes match ['bait', 'come-on', 'hook', 'lure', 'sweetener']	Mx4rMWuoDhx1QdiK3LpHT5pr7w Mx4rvVj2e5wpEbGdrcN5Y29ycA Mx4rvVkA_JwpEbGdrcN5Y29ycA Mx4rwMjZLZwpEbGdrcN5Y29ycA
balance	opencyc: 2 classes match ['balance']	Mx4rwP1JQJwpEbGdrcN5Y29ycA Mx8NhB4rvcD6KJwpEbGdrcN5Y29ycB4rvVjU2JwpEbGdrcN5Y29ycB4rvViNRJwpEbGdrcN5Y29ycB4rvVjc_pwpEbGdrcN5Y29ycA
balance.2	opencyc: 2 classes match ['balance', 'balance.2']	Mx4rwP1JQJwpEbGdrcN5Y29ycA Mx8NhB4rvcD6KJwpEbGdrcN5Y29ycB4rvVjU2JwpEbGdrcN5Y29ycB4rvViNRJwpEbGdrcN5Y29ycB4rvVjc_pwpEbGdrcN5Y29ycA
balcony	opencyc: 2 classes match ['balcony']	Mx4r1go9xLhgEdqAAAACs6hnmQ Mx4rvViU9ZwpEbGdrcN5Y29ycA
ball	opencyc: 2 classes match ['ball']	Mx4rvVjqGZwpEbGdrcN5Y29ycA Mx4rvroPhpwpEbGdrcN5Y29ycA
ball.2	opencyc: 2 classes match ['ball', 'ball.2']	Mx4rvVjqGZwpEbGdrcN5Y29ycA Mx4rvroPhpwpEbGdrcN5Y29ycA
ball.3	opencyc: 3 classes match ['ball', 'ball.3', 'globe', 'orb']	Mx4rv20LeJwpEbGdrcN5Y29ycA Mx4rvVjqGZwpEbGdrcN5Y29ycA Mx4rvroPhpwpEbGdrcN5Y29ycA
ball.4	opencyc: 3 classes match ['ball', 'ball.4', 'chunk', 'clod', 'clump', 'glob', 'lump']	Mx4rPCsmNinAQdiUn8OHA4jeNw Mx4rvVjqGZwpEbGdrcN5Y29ycA Mx4rvroPhpwpEbGdrcN5Y29ycA
band	opencyc: 2 classes match ['band', 'banding', 'stripe']	Mx4rvVidIJwpEbGdrcN5Y29ycA Mx4rvgEZGJwpEbGdrcN5Y29ycA
bandage	opencyc: 2 classes match ['bandage', 'patch']	Mx4rqlv2hrtKEdmAAAACs6hRjg Mx4rwP1cE5wpEbGdrcN5Y29ycA
banquet.2	opencyc: 3 classes match ['banquet', 'banquet.2', 'feast', 'spread']	Mx4rAh9S7rjhEdmAAAACs6hRjg Mx4rkkCOV-roRU-8H5W8vWfGSg Mx4rq1dx7FxXEdqAAAACs71DGQ
bar	opencyc: 3 classes match ['bar']	Mx4rvVjyPJwpEbGdrcN5Y29ycA Mx4rvWBWWpwpEbGdrcN5Y29ycA Mx4rvnXyPpwpEbGdrcN5Y29ycA
bar.2	opencyc: 3 classes match ['bar', 'bar.2']	Mx4rvVjyPJwpEbGdrcN5Y29ycA Mx4rvWBWWpwpEbGdrcN5Y29ycA Mx4rvnXyPpwpEbGdrcN5Y29ycA
baron	opencyc: 6 classes match ['baron', 'big-businessman', 'business-leader', 'king', 'magnate', 'mogul', 'power', 'top-executive', 'tycoon']	Mx4r7DWMjL8bEdmAAAACs6hRjg Mx4ra0itqA02QL2aXxE0rTN1Dg Mx4ruNWukqUaQdiW3vR5T6wkaw Mx4rvVjcq5wpEbGdrcN5Y29ycA Mx4rvVjnNpwpEbGdrcN5Y29ycA Mx4rwNcrupwpEbGdrcN5Y29ycA
barrel.2	opencyc: 2 classes match ['barrel', 'barrel.2', 'gun-barrel']	Mx4rvWNnOpwpEbGdrcN5Y29ycA Mx4rwP4DlJwpEbGdrcN5Y29ycA
barrel.3	opencyc: 2 classes match ['barrel', 'barrel.3', 'drum']	Mx4rvV_tiJwpEbGdrcN5Y29ycA Mx4rwP4DlJwpEbGdrcN5Y29ycA
barrier	opencyc: 2 classes match ['barrier']	Mx4r6WDBDLyvEdmAAAACs6hRjg Mx4rvVjqlZwpEbGdrcN5Y29ycA
barroom	opencyc: 3 classes match ['bar', 'barroom', 'ginmill', 'saloon', 'taproom']	Mx4rvVjyPJwpEbGdrcN5Y29ycA Mx4rvWBWWpwpEbGdrcN5Y29ycA Mx4rvnXyPpwpEbGdrcN5Y29ycA
base	opencyc: 5 classes match ['base', 'pedestal', 'stand']	Mx4r03wgGB5sQdeM4YTrzg_06Q Mx4rEcLG1ArWEdaAAABQ2sS97g Mx4rQJ8Q7kSjEd2AAAACs6hbjw Mx4rUzlpXFVKEdqAAAACs6hRXg Mx4rvViHDJwpEbGdrcN5Y29ycA
base.2	opencyc: 3 classes match ['base', 'base.2']	Mx4rEcLG1ArWEdaAAABQ2sS97g Mx4rQJ8Q7kSjEd2AAAACs6hbjw Mx4rUzlpXFVKEdqAAAACs6hRXg
base.3	opencyc: 3 classes match ['base', 'base.3']	Mx4rEcLG1ArWEdaAAABQ2sS97g Mx4rQJ8Q7kSjEd2AAAACs6hbjw Mx4rUzlpXFVKEdqAAAACs6hRXg
baseball	opencyc: 3 classes match ['baseball', 'baseball-game']	Mx4rvViKuJwpEbGdrcN5Y29ycA Mx4rvVix1pwpEbGdrcN5Y29ycA Mx8Ngh4rvoxIHZwpEbGdrcN5Y29ycB4rv1T7_pwpEbGdrcN5Y29ycA
basement	opencyc: 2 classes match ['basement', 'cellar']	Mx4rvVijCJwpEbGdrcN5Y29ycA Mx4rvVjOGpwpEbGdrcN5Y29ycA
basis	opencyc: 8 classes match ['base', 'basis', 'cornerstone', 'foundation', 'fundament', 'groundwork']	Mx4rEcLG1ArWEdaAAABQ2sS97g Mx4rQJ8Q7kSjEd2AAAACs6hbjw Mx4rUzlpXFVKEdqAAAACs6hRXg Mx4razP5lB7QQdiFcpsxpJ2QiQ Mx4rj5qZEyzGEdiUgwAH6RYvSQ Mx4rvVioJpwpEbGdrcN5Y29ycA
basketball	opencyc: 2 classes match ['basketball', 'basketball-game', 'hoops']	Mx4rvVjym5wpEbGdrcN5Y29ycA Mx8Ngh4rvoxIHZwpEbGdrcN5Y29ycB4rvVjG0ZwpEbGdrcN5Y29ycA
bat	opencyc: 2 classes match ['bat', 'chiropteran']	Mx4rn9BXZTvPSt2crxsZ7e65aQ Mx4rvViSgJwpEbGdrcN5Y29ycA
batch	schemaorg: 2 classes match ['batch', 'deal', 'flock', 'good-deal', 'great-deal', 'hatful', 'heap', 'lot', 'mass', 'mess', 'mickle', 'mint', 'mountain', 'muckle', 'passel', 'peck', 'pile', 'plenty', 'pot', 'quite-a-little', 'raft', 'sight', 'slew', 'spate', 'stack', 'tidy-sum', 'wad']	schema:Mass schema:Mountain
batch	yago: 2 classes match ['batch', 'deal', 'flock', 'good-deal', 'great-deal', 'hatful', 'heap', 'lot', 'mass', 'mess', 'mickle', 'mint', 'mountain', 'muckle', 'passel', 'peck', 'pile', 'plenty', 'pot', 'quite-a-little', 'raft', 'sight', 'slew', 'spate', 'stack', 'tidy-sum', 'wad']	Mess Mountain
batch	opencyc: 14 classes match ['batch', 'deal', 'flock', 'good-deal', 'great-deal', 'hatful', 'heap', 'lot', 'mass', 'mess', 'mickle', 'mint', 'mountain', 'muckle', 'passel', 'peck', 'pile', 'plenty', 'pot', 'quite-a-little', 'raft', 'sight', 'slew', 'spate', 'stack', 'tidy-sum', 'wad']	Mx4rWv_-aIgCTgaoYLnGsMG0eA Mx4rcPvklJpTQ5CaYyyAA3wB-Q Mx4rvH2AMOfMQdeIqaVk6xUfsA Mx4rvVi1qpwpEbGdrcN5Y29ycA Mx4rvViUMJwpEbGdrcN5Y29ycA Mx4rvVjODZwpEbGdrcN5Y29ycA
bathtub	opencyc: 2 classes match ['bath', 'bathing-tub', 'bathtub', 'tub']	Mx4rvVibtpwpEbGdrcN5Y29ycA Mx4rwP1mh5wpEbGdrcN5Y29ycA
battle	opencyc: 4 classes match ['battle', 'conflict', 'engagement', 'fight']	Mx4rd0DfJLgfEdmAAAACs6hRjg Mx4rvViusJwpEbGdrcN5Y29ycA Mx4rvyEmy5wpEbGdrcN5Y29ycA Mx4rwASNK5wpEbGdrcN5Y29ycA
battlefield	opencyc: 4 classes match ['battlefield', 'battleground', 'field', 'field-of-battle', 'field-of-honor']	Mx4rI67BIqUgQdiGzOBoxWmzTA Mx4rvVjLUZwpEbGdrcN5Y29ycA Mx4rvVjuppwpEbGdrcN5Y29ycA Mx4rwKzxw5wpEbGdrcN5Y29ycA
battlefront	opencyc: 2 classes match ['battlefront', 'front', 'front-line']	Mx4rvViEnJwpEbGdrcN5Y29ycA Mx4rvVj2oZwpEbGdrcN5Y29ycA
beak	opencyc: 5 classes match ['beak', 'bill', 'neb', 'nib', 'pecker']	Mx4rprrLrnm4QdeCAddbPhbqXw Mx4rvVj4fZwpEbGdrcN5Y29ycA Mx4rvVjXsZwpEbGdrcN5Y29ycA Mx4rvVjoqZwpEbGdrcN5Y29ycA Mx4rwCAmJZwpEbGdrcN5Y29ycA
beam.2	opencyc: 2 classes match ['beam', 'beam-of-light', 'beam.2', 'irradiation', 'light-beam', 'ray', 'ray-of-light', 'shaft', 'shaft-of-light']	Mx4rvViQJpwpEbGdrcN5Y29ycA Mx4rvVjoN5wpEbGdrcN5Y29ycA
bean	opencyc: 3 classes match ['bean', 'edible-bean']	Mx4rvVj0M5wpEbGdrcN5Y29ycA Mx8Ngh4rvVipdpwpEbGdrcN5Y29ycB4rvViSvpwpEbGdrcN5Y29ycA Mx8Ngh4rwP4F85wpEbGdrcN5Y29ycB4rvViSvpwpEbGdrcN5Y29ycA
bear	opencyc: 2 classes match ['bear']	Mx4roA7l1k17Qdmeoe7FMLsAgw Mx4rvVjGfpwpEbGdrcN5Y29ycA
bedroom	opencyc: 2 classes match ['bedchamber', 'bedroom', 'chamber', 'sleeping-accommodation', 'sleeping-room']	Mx4rilDDQh7MQdiYuoIYLhWGng Mx4rvVjQqZwpEbGdrcN5Y29ycA
beginning.2	opencyc: 2 classes match ['beginning', 'beginning.2', 'origin', 'root', 'rootage', 'source']	Mx4rdBqX86gOEdudWQACs5b6Bw Mx4rvVj5e5wpEbGdrcN5Y29ycA
beloved	opencyc: 2 classes match ['beloved', 'dear', 'dearest', 'honey', 'love']	Mx4rvViUM5wpEbGdrcN5Y29ycA Mx4rvVkFbZwpEbGdrcN5Y29ycA
belt	opencyc: 3 classes match ['belt']	Mx4rvGXqAMkwEdmAAAACs6hRjg Mx4rvVjmlJwpEbGdrcN5Y29ycA Mx4rvVjz-ZwpEbGdrcN5Y29ycA
bench	opencyc: 2 classes match ['bench']	Mx4rs8cv5iTVQdeTIccNDHbV-Q Mx4rvVjpRJwpEbGdrcN5Y29ycA
bend.2	opencyc: 2 classes match ['bend', 'bend.2', 'crook', 'turn', 'twist']	Mx4ruPw7jCTVQdeI1qUMHt4iEw Mx4rwPu7OZwpEbGdrcN5Y29ycA
bible	yago: 2 classes match ['bible', 'book', 'christian-bible', 'good-book', 'holy-scripture', 'holy-writ', 'scripture', 'word', 'word-of-god']	Book Word
bible	opencyc: 5 classes match ['bible', 'book', 'christian-bible', 'good-book', 'holy-scripture', 'holy-writ', 'scripture', 'word', 'word-of-god']	Mx4rvVjmq5wpEbGdrcN5Y29ycA Mx4rvfMBiZwpEbGdrcN5Y29ycA Mx4rvtUbp5wpEbGdrcN5Y29ycA Mx4rwJaXepwpEbGdrcN5Y29ycA Mx8Ngh4rwBbgNJwpEbGdrcN5Y29ycB4rvVjmq5wpEbGdrcN5Y29ycA
bicycle	opencyc: 3 classes match ['bicycle', 'bike', 'cycle', 'wheel']	Mx4rCGbRkO18EdyAAAACs6hbjw Mx4rvVivK5wpEbGdrcN5Y29ycA Mx4rvVjo0JwpEbGdrcN5Y29ycA
bill	"opencyc: 3 classes match ['bank-bill', 'bank-note', ""banker's-bill"", 'banknote', 'bill', 'federal-reserve-note', 'government-note', 'greenback', 'note']"	Mx4rprrLrnm4QdeCAddbPhbqXw Mx4rvVjXsZwpEbGdrcN5Y29ycA Mx4rvVjoqZwpEbGdrcN5Y29ycA
biography	opencyc: 4 classes match ['biography', 'life', 'life-history', 'life-story']	Mx4rK61iUHS-EdaAAACgyZzFrg Mx4r_C5-vdedT1-x-p7fjfyAAQ Mx4rv4YeppwpEbGdrcN5Y29ycA Mx4rvtn4MZwpEbGdrcN5Y29ycA
birdcall	opencyc: 4 classes match ['birdcall', 'birdsong', 'call', 'song']	Mx4rvXS5YpwpEbGdrcN5Y29ycA Mx4rvwbzppwpEbGdrcN5Y29ycA Mx4rwP3teJwpEbGdrcN5Y29ycA Mx8Ngx4ro1LCQHnqQdiMHajiy73AGx8Ngx4rj8qOgHbmQdiTr4JtS3CS_h4rlntv-M4EEdmAAAACs6hRjg-tcG9sbEV4ZWN1dGlvbk10Rm9yVGFza3NGcm9tSHVtYW5DeWNsaXN0c190YXNrlw
bishop	opencyc: 2 classes match ['bishop']	Mx4r9pcwr0dEQry20U412sB2Lg Mx4rwN8hS5wpEbGdrcN5Y29ycA
bit	opencyc: 2 classes match ['bit', 'chip', 'flake', 'fleck', 'scrap']	Mx4rbFOCIHS_EdaAAACgyZzFrg Mx4rvViEfZwpEbGdrcN5Y29ycA
blanket	opencyc: 2 classes match ['blanket', 'cover']	Mx4rvVjTspwpEbGdrcN5Y29ycA Mx4rvowvqJwpEbGdrcN5Y29ycA
blessing	opencyc: 3 classes match ['approval', 'approving', 'blessing']	Mx4rGcLIBDAHQdiIo_4bdZWqgw Mx4rvgC8FJwpEbGdrcN5Y29ycA Mx4rwAVyOZwpEbGdrcN5Y29ycA
blink-of-an-eye	opencyc: 2 classes match ['blink-of-an-eye', 'flash', 'heartbeat', 'instant', 'jiffy', 'new-york-minute', 'split-second', 'trice', 'twinkling', 'wink']	Mx4rn9ueLoElEd2AAAACs6hbjw Mx4rwPzqGpwpEbGdrcN5Y29ycA
block	opencyc: 2 classes match ['block', 'city-block']	Mx4rvfS3MJwpEbGdrcN5Y29ycA Mx4rwwfziB5sQdeF8uYL1bPzcw
block.2	opencyc: 2 classes match ['block', 'block.2', 'cube']	Mx4rwP4qT5wpEbGdrcN5Y29ycA Mx4rwwfziB5sQdeF8uYL1bPzcw
board	opencyc: 2 classes match ['board', 'gameboard']	Mx4rvdYqO5wpEbGdrcN5Y29ycA Mx4rwQw18ZwpEbGdrcN5Y29ycA
board.2	opencyc: 2 classes match ['board', 'board.2']	Mx4rvdYqO5wpEbGdrcN5Y29ycA Mx4rwQw18ZwpEbGdrcN5Y29ycA
board.3	opencyc: 2 classes match ['board', 'board.3', 'plank']	Mx4rvdYqO5wpEbGdrcN5Y29ycA Mx4rwQw18ZwpEbGdrcN5Y29ycA
body-of-water	opencyc: 3 classes match ['body-of-water', 'water']	Mx4rvViE_JwpEbGdrcN5Y29ycA Mx4rvVjAHZwpEbGdrcN5Y29ycA Mx8Ngh4rwPzX35wpEbGdrcN5Y29ycB4rvVjAHZwpEbGdrcN5Y29ycA
boldness	opencyc: 4 classes match ['boldness', 'brass', 'cheek', 'face', 'nerve']	Mx4rvVi5GZwpEbGdrcN5Y29ycA Mx4rvVi5WZwpEbGdrcN5Y29ycA Mx4rvVjH6pwpEbGdrcN5Y29ycA Mx4rwP3lkpwpEbGdrcN5Y29ycA
bomber	opencyc: 2 classes match ['bomber']	Mx4r5LQ-ChrUQdiCfY3DmGC4hQ Mx4rvVjT7ZwpEbGdrcN5Y29ycA
bomber.2	opencyc: 2 classes match ['bomber', 'bomber.2']	Mx4r5LQ-ChrUQdiCfY3DmGC4hQ Mx4rvVjT7ZwpEbGdrcN5Y29ycA
bomber.3	yago: 3 classes match ['bomber', 'bomber.3', 'cuban-sandwich', 'grinder', 'hero', 'hero-sandwich', 'hoagie', 'hoagy', 'italian-sandwich', 'poor-boy', 'sub', 'submarine', 'submarine-sandwich', 'torpedo', 'wedge', 'zep']	Bomber Submarine Torpedo
bomber.3	opencyc: 8 classes match ['bomber', 'bomber.3', 'cuban-sandwich', 'grinder', 'hero', 'hero-sandwich', 'hoagie', 'hoagy', 'italian-sandwich', 'poor-boy', 'sub', 'submarine', 'submarine-sandwich', 'torpedo', 'wedge', 'zep']	Mx4r5LQ-ChrUQdiCfY3DmGC4hQ Mx4r7Wnl6HM-EdaAAAACs0uFOQ Mx4rvViMW5wpEbGdrcN5Y29ycA Mx4rvVjHqJwpEbGdrcN5Y29ycA Mx4rvVjT7ZwpEbGdrcN5Y29ycA Mx4rveJnI5wpEbGdrcN5Y29ycA
book	opencyc: 3 classes match ['book']	Mx4rvVjmq5wpEbGdrcN5Y29ycA Mx4rwJaXepwpEbGdrcN5Y29ycA Mx8Ngh4rwBbgNJwpEbGdrcN5Y29ycB4rvVjmq5wpEbGdrcN5Y29ycA
book.2	opencyc: 5 classes match ['book', 'book.2', 'volume']	Mx4rvVjmq5wpEbGdrcN5Y29ycA Mx4rvVju5JwpEbGdrcN5Y29ycA Mx4rwJaXepwpEbGdrcN5Y29ycA Mx8Ngh4rwBbgNJwpEbGdrcN5Y29ycB4rvVjmq5wpEbGdrcN5Y29ycA Mx8NhB4rvcD6KJwpEbGdrcN5Y29ycB4rvVju5JwpEbGdrcN5Y29ycB4rvVjbrZwpEbGdrcN5Y29ycB4rvVjpUZwpEbGdrcN5Y29ycA
booklet	yago: 2 classes match ['booklet', 'brochure', 'folder', 'leaflet', 'pamphlet']	Brochure Pamphlet
booklet	opencyc: 5 classes match ['booklet', 'brochure', 'folder', 'leaflet', 'pamphlet']	Mx4rF0DGkCzmQdiLl8XklhOa9A Mx4rPgIpkytlEdiUgQAH6RYvSQ Mx4rSxn1uCzmQdiKysdWpLi5hQ Mx4rXVEGuhJeEd2AAADggVfs8g Mx4ri56wTDABQdiK2dNuTXUSwA
boom	opencyc: 2 classes match ['boom']	Mx4rwPvWepwpEbGdrcN5Y29ycA Mx4rwQCCYJwpEbGdrcN5Y29ycA
booth	opencyc: 3 classes match ['booth', 'cubicle', 'kiosk', 'stall']	Mx4r7JdYnB5sQdeEm8XC4g5X8w Mx4r7wrJQh5sQdeK_cDALW32xg Mx4rkTK1rJUNEdaAAACgycbRww
boundary-line	opencyc: 3 classes match ['border', 'borderline', 'boundary-line', 'delimitation', 'mete']	Mx4rd7-FiskjEdmAAAACs6hRjg Mx4rqcap6rtQEdmAAAACs6hRjg Mx4rvWKJTZwpEbGdrcN5Y29ycA
bow	opencyc: 4 classes match ['bow']	Mx4rel35GCw7EdqAAAACs71DGQ Mx4rvVjB6pwpEbGdrcN5Y29ycA Mx4rvVkKJpwpEbGdrcN5Y29ycA Mx4rvi_RhZwpEbGdrcN5Y29ycA
bow.2	opencyc: 4 classes match ['bow', 'bow.2']	Mx4rel35GCw7EdqAAAACs71DGQ Mx4rvVjB6pwpEbGdrcN5Y29ycA Mx4rvVkKJpwpEbGdrcN5Y29ycA Mx4rvi_RhZwpEbGdrcN5Y29ycA
bracket	opencyc: 3 classes match ['angle-bracket', 'bracket']	Mx4r9MRKuitQQdidnNzQJhAiVQ Mx4rLOwZCvkjQdea-sfI2QK3kQ Mx4rZH8qOCtQQdiSoJmAaNfihQ
bracket.2	opencyc: 3 classes match ['bracket', 'bracket.2']	Mx4r9MRKuitQQdidnNzQJhAiVQ Mx4rLOwZCvkjQdea-sfI2QK3kQ Mx4rZH8qOCtQQdiSoJmAaNfihQ
breast	opencyc: 2 classes match ['boob', 'bosom', 'breast', 'knocker', 'tit', 'titty']	Mx4rvVjV7ZwpEbGdrcN5Y29ycA Mx4rwFe6BZwpEbGdrcN5Y29ycA
breeze	opencyc: 2 classes match ['air', 'breeze', 'gentle-wind', 'zephyr']	Mx4rllzDMjADQdidro70qhpN5g Mx4rvVjADJwpEbGdrcN5Y29ycA
bridge	opencyc: 2 classes match ['bridge', 'span']	Mx4rvgD1IZwpEbGdrcN5Y29ycA Mx4rwQtof5wpEbGdrcN5Y29ycA
brim	opencyc: 3 classes match ['brim', 'lip', 'rim']	Mx4rPJkjWLytEdmAAAACs6hRjg Mx4rvVi4U5wpEbGdrcN5Y29ycA Mx4rwPvAs5wpEbGdrcN5Y29ycA
broadcast.2	opencyc: 2 classes match ['broadcast', 'broadcast.2', 'program', 'programme']	Mx4rmlfIigFVEduAAAACs71DGQ Mx4rnberdNMHEduAAADggVbxzQ
bronze	opencyc: 3 classes match ['bronze']	Mx4rr2fPAnS7EdaAAACgyZzFrg Mx4rvVjFXZwpEbGdrcN5Y29ycA Mx8Ngx4rwEcGC5wpEbGdrcN5Y29ycB4rvVjFXZwpEbGdrcN5Y29ycB4rvVjHuJwpEbGdrcN5Y29ycA
budget	opencyc: 2 classes match ['budget']	Mx4rvVih4ZwpEbGdrcN5Y29ycA Mx4rvVjS0JwpEbGdrcN5Y29ycA
building	opencyc: 3 classes match ['building', 'edifice']	Mx4r-RffBLHSEdmAhAACs6hRjg Mx4r1n91NLi3EdmAAAACs6hRjg Mx4rvVj7KJwpEbGdrcN5Y29ycA
bull	opencyc: 5 classes match ['bull', 'cop', 'copper', 'fuzz', 'pig']	Mx4r6NszUnS-EdaAAACgyZzFrg Mx4rvViuYZwpEbGdrcN5Y29ycA Mx4rvVjKx5wpEbGdrcN5Y29ycA Mx4rvfrdTZwpEbGdrcN5Y29ycA Mx4rxgRwzE16QdmRXeMQ0-5ZiA
bullet	opencyc: 4 classes match ['bullet', 'slug']	Mx4rvVi_JpwpEbGdrcN5Y29ycA Mx4rvj9gB5wpEbGdrcN5Y29ycA Mx4rvtXnU5wpEbGdrcN5Y29ycA Mx4rwQB61JwpEbGdrcN5Y29ycA
bun	opencyc: 2 classes match ['bun', 'roll']	Mx4rlm78lqo7EduQrwACs5b6Bw Mx4rvViWFZwpEbGdrcN5Y29ycA
bungalow	yago: 2 classes match ['bungalow', 'cottage']	Bungalow Cottage
bus	opencyc: 2 classes match ['autobus', 'bus', 'charabanc', 'coach', 'double-decker', 'jitney', 'motorbus', 'motorcoach', 'omnibus', 'passenger-vehicle']	Mx4rvVi0v5wpEbGdrcN5Y29ycA Mx4rvVjlaJwpEbGdrcN5Y29ycA
business	opencyc: 2 classes match ['business', 'business-concern', 'business-organisation', 'business-organization', 'concern']	Mx4rvViT8JwpEbGdrcN5Y29ycA Mx4rvVjQNpwpEbGdrcN5Y29ycA
butterfly	opencyc: 2 classes match ['butterfly']	Mx4rwP1eaJwpEbGdrcN5Y29ycA Mx4rwP3yNJwpEbGdrcN5Y29ycA
buttocks	opencyc: 10 classes match ['arse', 'ass', 'backside', 'behind', 'bottom', 'bum', 'buns', 'butt', 'buttocks', 'can', 'derriere', 'fanny', 'fundament', 'hind-end', 'hindquarters', 'keister', 'nates', 'posterior', 'prat', 'rear', 'rear-end', 'rump', 'seat', 'stern', 'tail', 'tail-end', 'tooshie', 'tush']	Mx4rYHTgasecEdmAAAACs6hRjg Mx4rkcPCTmJnEd2AAADggVfs8g Mx4rvViDUZwpEbGdrcN5Y29ycA Mx4rvVj-85wpEbGdrcN5Y29ycA Mx4rvVjWc5wpEbGdrcN5Y29ycA Mx4rvVjY_pwpEbGdrcN5Y29ycA
button	opencyc: 2 classes match ['button']	Mx4rvVjbiZwpEbGdrcN5Y29ycA Mx4rvVkIs5wpEbGdrcN5Y29ycA
cab	opencyc: 2 classes match ['cab', 'hack', 'taxi', 'taxicab']	Mx4rvgH66ZwpEbGdrcN5Y29ycA Mx4rwQCX9JwpEbGdrcN5Y29ycA
cabaret	yago: 2 classes match ['cabaret', 'club', 'night-club', 'nightclub', 'nightspot']	Cabaret NightClub
cabaret	opencyc: 6 classes match ['cabaret', 'club', 'night-club', 'nightclub', 'nightspot']	Mx4rBTuMQsBxEdaAAAACs6Mw3A Mx4rv4ohjpwpEbGdrcN5Y29ycA Mx4rvVj7mJwpEbGdrcN5Y29ycA Mx4rvVjywJwpEbGdrcN5Y29ycA Mx4rvbgsJ5wpEbGdrcN5Y29ycA Mx8NhB4rcacO5KgcQdidVfCUDYB6bg-KbmlnaHQgY2x1Yh4rvWXYgJwpEbGdrcN5Y29ycA-kODA5ZmI3NGEtMTdiNC00MWQ5LTkyYzgtYzQzMWJlY2IxNTUz
cabinet	opencyc: 2 classes match ['cabinet']	Mx4rvViGYpwpEbGdrcN5Y29ycA Mx4rvVj975wpEbGdrcN5Y29ycA
cabinet.2	opencyc: 2 classes match ['cabinet', 'cabinet.2']	Mx4rvViGYpwpEbGdrcN5Y29ycA Mx4rvVj975wpEbGdrcN5Y29ycA
cadaver	opencyc: 3 classes match ['cadaver', 'clay', 'corpse', 'remains', 'stiff']	Mx4rumBLxHS_EdaAAACgyZzFrg Mx4rvViUxJwpEbGdrcN5Y29ycA Mx4rvVkCuJwpEbGdrcN5Y29ycA
cafe	opencyc: 3 classes match ['cafe', 'coffee-bar', 'coffee-shop', 'coffeehouse']	Mx4r_jKqehEfQdeUwOKw85DRyw Mx4rwBjRC5wpEbGdrcN5Y29ycA Mx4rwQCHQZwpEbGdrcN5Y29ycA
cake	opencyc: 2 classes match ['cake']	Mx4rvViDipwpEbGdrcN5Y29ycA Mx8Ngh4rwU6E5pwpEbGdrcN5Y29ycB4rvViDipwpEbGdrcN5Y29ycA
calamity	yago: 2 classes match ['calamity', 'cataclysm', 'catastrophe', 'disaster', 'tragedy']	Disaster Tragedy
calamity	opencyc: 2 classes match ['calamity', 'cataclysm', 'catastrophe', 'disaster', 'tragedy']	Mx4r6N_vJjoYQdeFkYHS97kv7Q Mx4rwP1YzJwpEbGdrcN5Y29ycA
calendar	opencyc: 2 classes match ['calendar']	Mx4rvVi7NpwpEbGdrcN5Y29ycA Mx4rvVjPhpwpEbGdrcN5Y29ycA
calf	opencyc: 2 classes match ['calf']	Mx4rvVi-BZwpEbGdrcN5Y29ycA Mx4rvVjBMJwpEbGdrcN5Y29ycA
campaign	opencyc: 2 classes match ['campaign', 'military-campaign']	Mx4r-Xp3KsiMEdmAAAACs6hRjg Mx4rvmTaQZwpEbGdrcN5Y29ycA
campaign.2	opencyc: 2 classes match ['campaign', 'campaign.2', 'hunting-expedition', 'safari']	Mx4rWRH6ZGOVS6q3NyWbzgtFHA Mx4rvmTaQZwpEbGdrcN5Y29ycA
campaign.3	opencyc: 7 classes match ['campaign', 'campaign.3', 'cause', 'crusade', 'drive', 'effort', 'movement']	Mx4rJFQTxrjJEdmAAAACs6hRjg Mx4reGex2n_WQdec-8guyTwVrQ Mx4rgggjbi0UQdicGs6AkecB6g Mx4rvViQzZwpEbGdrcN5Y29ycA Mx4rvVkEAZwpEbGdrcN5Y29ycA Mx4rvmTaQZwpEbGdrcN5Y29ycA
can	opencyc: 2 classes match ['can', 'tin', 'tin-can']	Mx4rvVj-85wpEbGdrcN5Y29ycA Mx4rvVjKhZwpEbGdrcN5Y29ycA
cancer	opencyc: 2 classes match ['cancer', 'malignant-neoplastic-disease']	Mx4rBFyclnTAEdaAAACgyZzFrg Mx4rwP1qGpwpEbGdrcN5Y29ycA
captain	opencyc: 2 classes match ['captain', 'skipper']	Mx4rMp7WsnS9EdaAAACgyZzFrg Mx4rvViQaZwpEbGdrcN5Y29ycA
caption	opencyc: 2 classes match ['caption', 'legend']	Mx4rqVRdICa7QdiLM-vXo1D9xA Mx4rv2bzqJwpEbGdrcN5Y29ycA
car	yago: 2 classes match ['auto', 'automobile', 'car', 'machine', 'motorcar']	Car Machine
car.2	yago: 3 classes match ['car', 'car.2', 'railcar', 'railroad-car', 'railway-car']	Car Railcar Railroad_car
care	opencyc: 4 classes match ['care', 'maintenance', 'upkeep']	Mx4rORdI0Eu6RR-zl6LVBx_omA Mx4reUQ2ULycEdmAAAACs6hRjg Mx4rvVjC25wpEbGdrcN5Y29ycA Mx4rvVjEoJwpEbGdrcN5Y29ycA
care.2	opencyc: 4 classes match ['aid', 'attention', 'care', 'care.2', 'tending']	Mx4r2h0A7sCCEdmAAAACs6hRjg Mx4reUQ2ULycEdmAAAACs6hRjg Mx4rf3--8LctEdmFRAACs6hRjg Mx4rvOmjGLycEdmAAAACs6hRjg
career	opencyc: 2 classes match ['calling', 'career', 'vocation']	Mx4rvVjD4ZwpEbGdrcN5Y29ycA Mx4rwN75qZwpEbGdrcN5Y29ycA
carnival	yago: 2 classes match ['carnival', 'fair', 'funfair']	Carnival Fair
carnival	opencyc: 2 classes match ['carnival', 'fair', 'funfair']	Mx4rwPzrQ5wpEbGdrcN5Y29ycA Mx4rwTT3mpwpEbGdrcN5Y29ycA
carrot	opencyc: 2 classes match ['carrot']	Mx4rwQCF3JwpEbGdrcN5Y29ycA Mx8Ngh4rwP3oNZwpEbGdrcN5Y29ycB4rvViwDZwpEbGdrcN5Y29ycA
case	opencyc: 3 classes match ['case', 'display-case', 'showcase', 'vitrine']	Mx4rj5sORizGEdiUgwAH6RYvSQ Mx4rw66WQCthQdiY57srbGxkWg Mx4rwRZOgJwpEbGdrcN5Y29ycA
catalog	opencyc: 3 classes match ['catalog', 'catalogue']	Mx4rYcfcNtvvQdiGkqL51MjX4Q Mx4riKcTmtvuQdiFdZMV7GY81g Mx8Ngh4rwBbgNJwpEbGdrcN5Y29ycB4rYcfcNtvvQdiGkqL51MjX4Q
catch.2	opencyc: 2 classes match ['catch', 'catch.2', 'match']	Mx4rvVjH5pwpEbGdrcN5Y29ycA Mx4rvVjyf5wpEbGdrcN5Y29ycA
ceiling.2	opencyc: 3 classes match ['cap', 'ceiling', 'ceiling.2', 'roof']	Mx4rvVj3Q5wpEbGdrcN5Y29ycA Mx4rvVj3iJwpEbGdrcN5Y29ycA Mx4rvgHnapwpEbGdrcN5Y29ycA
cell	opencyc: 2 classes match ['cell']	Mx4rvVjuY5wpEbGdrcN5Y29ycA Mx4rvsptSZwpEbGdrcN5Y29ycA
cell.2	opencyc: 3 classes match ['cell', 'cell.2', 'jail-cell', 'prison-cell']	Mx4rvVjuY5wpEbGdrcN5Y29ycA Mx4rvsptSZwpEbGdrcN5Y29ycA Mx4rvw6oFpwpEbGdrcN5Y29ycA
cell.3	opencyc: 3 classes match ['cell', 'cell.3', 'cubicle']	Mx4rkTK1rJUNEdaAAACgycbRww Mx4rvVjuY5wpEbGdrcN5Y29ycA Mx4rvsptSZwpEbGdrcN5Y29ycA
cellular-telephone	opencyc: 3 classes match ['cell', 'cellphone', 'cellular-phone', 'cellular-telephone', 'mobile-phone']	Mx4rvVjj6pwpEbGdrcN5Y29ycA Mx4rvVjuY5wpEbGdrcN5Y29ycA Mx4rvsptSZwpEbGdrcN5Y29ycA
cemetery	yago: 2 classes match ['burial-ground', 'burial-site', 'burying-ground', 'cemetery', 'graveyard', 'memorial-park', 'necropolis']	Cemetery Necropolis
center	opencyc: 2 classes match ['center', 'centre']	Mx4rs7udlsebEdmAAAACs6hRjg Mx4rvViYRpwpEbGdrcN5Y29ycA
center.2	opencyc: 2 classes match ['center', 'center.2', 'centre', 'midpoint']	Mx4rs7udlsebEdmAAAACs6hRjg Mx4rvViYRpwpEbGdrcN5Y29ycA
center.3	opencyc: 6 classes match ['center', 'center.3', 'centre', 'eye', 'heart', 'middle']	Mx4rs7udlsebEdmAAAACs6hRjg Mx4rv3nTTJwpEbGdrcN5Y29ycA Mx4rvViTvpwpEbGdrcN5Y29ycA Mx4rvViYRpwpEbGdrcN5Y29ycA Mx4rvVjvDpwpEbGdrcN5Y29ycA Mx4rvu5T8JwpEbGdrcN5Y29ycA
century	opencyc: 2 classes match ['century']	Mx4rvVi49pwpEbGdrcN5Y29ycA Mx4rwG1h3JwpEbGdrcN5Y29ycA
cereal	opencyc: 2 classes match ['cereal']	Mx4rvVjMvZwpEbGdrcN5Y29ycA Mx4rvVjxRJwpEbGdrcN5Y29ycA
ceremony	opencyc: 2 classes match ['ceremonial', 'ceremonial-occasion', 'ceremony', 'observance']	Mx4rvVjq_JwpEbGdrcN5Y29ycA Mx8NhB4rcacO5KgcQdidVfCUDYB6bg-IY2VyZW1vbnkeK71l2ICcKRGxna3DeWNvcnAPpGFmMzBkNTFhLTE3YmItNDFkOS05ZmZkLWZkMzllZWM1MTEyOQ
certificate	schemaorg: 2 classes match ['certificate', 'certification', 'credential', 'credentials']	schema:Certification schema:Credential
certificate	opencyc: 3 classes match ['certificate', 'certification', 'credential', 'credentials']	Mx4rj5mutizGEdiUgwAH6RYvSQ Mx4rvViwoZwpEbGdrcN5Y29ycA Mx4rwIf81JwpEbGdrcN5Y29ycA
chaff	opencyc: 3 classes match ['chaff', 'husk', 'shuck', 'stalk', 'straw', 'stubble']	Mx4rQatMTtnYQdiMBNESKT0vPw Mx4rvgHf1ZwpEbGdrcN5Y29ycA Mx4rwPviaZwpEbGdrcN5Y29ycA
chain	opencyc: 2 classes match ['chain']	Mx4rvVjNfZwpEbGdrcN5Y29ycA Mx4rvVjpYJwpEbGdrcN5Y29ycA
chain.2	opencyc: 5 classes match ['chain', 'chain.2', 'strand', 'string']	Mx4rP9fRtCwaEdiUggAH6RYvSQ Mx4rvVj71JwpEbGdrcN5Y29ycA Mx4rvVjNfZwpEbGdrcN5Y29ycA Mx4rvVjpYJwpEbGdrcN5Y29ycA Mx4rvzu6n5wpEbGdrcN5Y29ycA
chain.3	opencyc: 2 classes match ['chain', 'chain.3']	Mx4rvVjNfZwpEbGdrcN5Y29ycA Mx4rvVjpYJwpEbGdrcN5Y29ycA
chalk	opencyc: 2 classes match ['chalk']	Mx4rQG_RZlBtREWTA7nFovYtrg Mx4rvVrhnpwpEbGdrcN5Y29ycA
championship	yago: 2 classes match ['championship', 'title']	Championship Title
championship	opencyc: 4 classes match ['championship', 'title']	Mx4rN2pvOGJcEd2AAADggVfs8g Mx4rv0BTRpwpEbGdrcN5Y29ycA Mx4rvVis3ZwpEbGdrcN5Y29ycA Mx4rwO3QJZwpEbGdrcN5Y29ycA
channel	opencyc: 2 classes match ['channel', 'television-channel', 'tv-channel']	Mx4r35-YRJKVQdmKwIXakc9wLA Mx4rbVlvVLOXEd2AAAAhm0vLxw
character.3	yago: 2 classes match ['character', 'character.3', 'part', 'persona', 'role', 'theatrical-role']	Persona Role
character.3	opencyc: 2 classes match ['character', 'character.3', 'part', 'persona', 'role', 'theatrical-role']	Mx4rvViAA5wpEbGdrcN5Y29ycA Mx4rvVid6ZwpEbGdrcN5Y29ycA
charm	opencyc: 2 classes match ['charm', 'good-luck-charm']	Mx4rvVi73ZwpEbGdrcN5Y29ycA Mx4rvmhwAJwpEbGdrcN5Y29ycA
check	opencyc: 2 classes match ['check']	Mx4rv0Q26pwpEbGdrcN5Y29ycA Mx4rvVjOqJwpEbGdrcN5Y29ycA
check-mark	opencyc: 3 classes match ['check', 'check-mark', 'tick']	Mx4rv0Q26pwpEbGdrcN5Y29ycA Mx4rvVjOqJwpEbGdrcN5Y29ycA Mx4rvVjfLpwpEbGdrcN5Y29ycA
check.2	opencyc: 3 classes match ['check', 'check.2', 'chit', 'tab']	Mx4rFTof_C8YQdiJAPQRk5aYzg Mx4rv0Q26pwpEbGdrcN5Y29ycA Mx4rvVjOqJwpEbGdrcN5Y29ycA
check.3	opencyc: 2 classes match ['bank-check', 'check', 'check.3', 'cheque']	Mx4rv0Q26pwpEbGdrcN5Y29ycA Mx4rvVjOqJwpEbGdrcN5Y29ycA
chest-of-drawers	opencyc: 3 classes match ['bureau', 'chest', 'chest-of-drawers', 'dresser']	Mx4rvVikFZwpEbGdrcN5Y29ycA Mx4rvVjN0JwpEbGdrcN5Y29ycA Mx4rvVjekJwpEbGdrcN5Y29ycA
chicken	opencyc: 2 classes match ['chicken', 'gallus-gallus']	Mx4rvVkCDZwpEbGdrcN5Y29ycA Mx8Ngh4rvVi-TJwpEbGdrcN5Y29ycB4rvVkCDZwpEbGdrcN5Y29ycA
child	opencyc: 2 classes match ['child', 'kid']	Mx4rvVjPMJwpEbGdrcN5Y29ycA Mx8NhB4rvcD6KJwpEbGdrcN5Y29ycB4rvViwMZwpEbGdrcN5Y29ycB4rvVjPcJwpEbGdrcN5Y29ycB4rvViwMZwpEbGdrcN5Y29ycA
chip.2	opencyc: 2 classes match ['chip', 'chip.2', 'crisp', 'potato-chip', 'saratoga-chip']	Mx4rvViEfZwpEbGdrcN5Y29ycA Mx4rvzbgKZwpEbGdrcN5Y29ycA
chorus	opencyc: 2 classes match ['chorus']	Mx4rGDLCQCm5QdiWm7JYKF-qPw Mx4rQOoehCzbQdiW-4pyK56spw
chute	opencyc: 5 classes match ['chute', 'slide', 'slideway', 'sloping-trough']	Mx4rv2bGaZwpEbGdrcN5Y29ycA Mx4rvVikrpwpEbGdrcN5Y29ycA Mx4rvtYfGZwpEbGdrcN5Y29ycA Mx4rvwyd9pwpEbGdrcN5Y29ycA Mx4rwP16MJwpEbGdrcN5Y29ycA
circle	opencyc: 2 classes match ['circle']	Mx4rmSmWUM7yEdmAAAACs0uFOQ Mx4rvVjCZZwpEbGdrcN5Y29ycA
circular	opencyc: 3 classes match ['bill', 'broadsheet', 'broadside', 'circular', 'flier', 'flyer', 'handbill', 'throwaway']	Mx4rprrLrnm4QdeCAddbPhbqXw Mx4rvVjXsZwpEbGdrcN5Y29ycA Mx4rvVjoqZwpEbGdrcN5Y29ycA
citation	opencyc: 2 classes match ['acknowledgment', 'citation', 'cite', 'credit', 'mention', 'quotation', 'reference']	Mx4rv0p9e5wpEbGdrcN5Y29ycA Mx4rvVkMQZwpEbGdrcN5Y29ycA
city	yago: 2 classes match ['city', 'metropolis', 'urban-center']	City Metropolis
class	opencyc: 2 classes match ['class', 'social-class', 'socio-economic-class', 'stratum']	Mx4rvVjCBpwpEbGdrcN5Y29ycA Mx4rwQr9J5wpEbGdrcN5Y29ycA
class.2	schemaorg: 2 classes match ['class', 'class.2', 'course', 'form', 'grade']	schema:Class schema:Course
class.2	opencyc: 3 classes match ['class', 'class.2', 'course', 'form', 'grade']	Mx4rvViVQ5wpEbGdrcN5Y29ycA Mx4rvvIjwZwpEbGdrcN5Y29ycA Mx4rwQr9J5wpEbGdrcN5Y29ycA
clay	opencyc: 2 classes match ['clay']	Mx4rumBLxHS_EdaAAACgyZzFrg Mx4rvVkCuJwpEbGdrcN5Y29ycA
clemency	opencyc: 2 classes match ['clemency', 'mercifulness', 'mercy']	Mx4rQKe2XCxKQdiBL9EmqfQ_sg Mx4rj5n80yzGEdiUgwAH6RYvSQ
cliff	opencyc: 2 classes match ['cliff', 'drop', 'drop-off']	Mx4rvVjU5pwpEbGdrcN5Y29ycA Mx8Ngh4rvVkAUZwpEbGdrcN5Y29ycB4rvVjSoJwpEbGdrcN5Y29ycA
clipping	opencyc: 7 classes match ['clipping', 'cutting', 'newspaper-clipping', 'press-clipping', 'press-cutting']	Mx4r-RoB4LHSEdmAhAACs6hRjg Mx4rBVrG1bKFEdmAhAACs6hRjg Mx4rb7BSAbG6EdmAhAACs6hRjg Mx4rb7HYoLG6EdmAhAACs6hRjg Mx4riW6uIDGSQdiAMPVXmw2S3Q Mx4rntRnADGSQdiI-dopL7auwA
cloud	opencyc: 2 classes match ['cloud']	Mx4rvViIUJwpEbGdrcN5Y29ycA Mx4rwPugRJwpEbGdrcN5Y29ycA
club	opencyc: 3 classes match ['club']	Mx4rv4ohjpwpEbGdrcN5Y29ycA Mx4rvVj7mJwpEbGdrcN5Y29ycA Mx4rvbgsJ5wpEbGdrcN5Y29ycA
club.2	opencyc: 3 classes match ['club', 'club.2']	Mx4rv4ohjpwpEbGdrcN5Y29ycA Mx4rvVj7mJwpEbGdrcN5Y29ycA Mx4rvbgsJ5wpEbGdrcN5Y29ycA
club.3	yago: 2 classes match ['club', 'club.3', 'gild', 'guild', 'lodge', 'order', 'social-club', 'society']	Social_club Society
club.3	opencyc: 6 classes match ['club', 'club.3', 'gild', 'guild', 'lodge', 'order', 'social-club', 'society']	Mx4r2Ns-2EPeQdmYv_GT1H70Qg Mx4r2O6GFr_CEdaAAAACs6ho1w Mx4rv4ohjpwpEbGdrcN5Y29ycA Mx4rv5icNZwpEbGdrcN5Y29ycA Mx4rvVj7mJwpEbGdrcN5Y29ycA Mx4rvbgsJ5wpEbGdrcN5Y29ycA
coach	opencyc: 2 classes match ['coach', 'private-instructor', 'tutor']	Mx4rvVjZ4ZwpEbGdrcN5Y29ycA Mx4rvVjlaJwpEbGdrcN5Y29ycA
coating	opencyc: 2 classes match ['coat', 'coating']	Mx4rt8VLALJtEdmAhAACs6hRjg Mx4rvVjhHpwpEbGdrcN5Y29ycA
code	opencyc: 2 classes match ['code', 'computer-code']	Mx4r0VzrzrvVEdmAAAACs6hRjg Mx4r3eYzpsiVEdmAAAACs6hRjg
coffee	opencyc: 2 classes match ['coffee', 'java']	Mx4rvVkEXpwpEbGdrcN5Y29ycA Mx8Ngh4rwQCCxJwpEbGdrcN5Y29ycB4rvVkEXpwpEbGdrcN5Y29ycA
coffin	yago: 2 classes match ['casket', 'coffin']	Casket Coffin
colleague	opencyc: 2 classes match ['co-worker', 'colleague', 'fellow-worker', 'workfellow']	Mx8NhB4rvcD6KJwpEbGdrcN5Y29ycB4rvViAkpwpEbGdrcN5Y29ycB4rvVikeZwpEbGdrcN5Y29ycB4rvViAkpwpEbGdrcN5Y29ycA Mx8NhB4rwP1IC5wpEbGdrcN5Y29ycB4rvViAkpwpEbGdrcN5Y29ycB4rvVikeZwpEbGdrcN5Y29ycB4rvViAkpwpEbGdrcN5Y29ycA
collection	opencyc: 4 classes match ['accumulation', 'aggregation', 'assemblage', 'collection']	Mx4rJVcwwrZqEdmFRAACs6hRjg Mx4rMKGOCrvMEdmAAAACs6hRjg Mx8Ngh4r_9MKDLvoEdmAAAACs6hRjh4rvVjmoJwpEbGdrcN5Y29ycA Mx8Ngh4rvViympwpEbGdrcN5Y29ycB4rvVjmoJwpEbGdrcN5Y29ycA
colony	opencyc: 2 classes match ['colony', 'dependency']	Mx4r7UPPpMkuEdmAAAACs6hRjg Mx4raa3vqMP3EdmAAAACs6hRjg
column	opencyc: 3 classes match ['column', 'pillar']	Mx4rKEA0BEPcQdmYVKUGS7IK3Q Mx4rphtSWiTfQdeUQ8PabVwnig Mx4rvVjxY5wpEbGdrcN5Y29ycA
comet	opencyc: 2 classes match ['comet']	Mx4rjnZWUCYfEdaGOQACs0uFOQ Mx4rvViVppwpEbGdrcN5Y29ycA
comic-strip	opencyc: 2 classes match ['cartoon-strip', 'comic-strip', 'funnies', 'strip']	Mx4rF7aX9LtfEdmAAAACs6hRjg Mx4rvWsP2pwpEbGdrcN5Y29ycA
command.2	opencyc: 3 classes match ['bid', 'bidding', 'command', 'command.2', 'dictation']	Mx4rvVjaxpwpEbGdrcN5Y29ycA Mx4rvVkYVZwpEbGdrcN5Y29ycA Mx4rwP1MvJwpEbGdrcN5Y29ycA
commission	opencyc: 2 classes match ['commission']	Mx4rhHJlMjlSEdeUggACs2TnIQ Mx4rvVid6pwpEbGdrcN5Y29ycA
commitment	opencyc: 2 classes match ['allegiance', 'commitment', 'dedication', 'loyalty']	Mx4riIdgZm-GQdeMf6g4pY3ONA Mx4rvViVfpwpEbGdrcN5Y29ycA
committee	opencyc: 3 classes match ['commission', 'committee']	Mx4rhHJlMjlSEdeUggACs2TnIQ Mx4rvVid6pwpEbGdrcN5Y29ycA Mx4rvaG5hJwpEbGdrcN5Y29ycA
communication	opencyc: 2 classes match ['communicating', 'communication']	Mx4rPRIjqlmVRG2VbbBIKAOvvg Mx4rvViexZwpEbGdrcN5Y29ycA
communist	opencyc: 2 classes match ['communist']	Mx4rvlAIgZwpEbGdrcN5Y29ycA Mx8Ngh4rwBtg95wpEbGdrcN5Y29ycB4rvVi0EZwpEbGdrcN5Y29ycA
company.3	yago: 2 classes match ['companionship', 'company', 'company.3', 'fellowship', 'society']	Company Society
company.3	opencyc: 2 classes match ['companionship', 'company', 'company.3', 'fellowship', 'society']	Mx4r2Ns-2EPeQdmYv_GT1H70Qg Mx4rv5icNZwpEbGdrcN5Y29ycA
competition	yago: 2 classes match ['competition', 'contention', 'rivalry']	Competition Rivalry
component	opencyc: 2 classes match ['component', 'constituent', 'element']	Mx4rvVkIMJwpEbGdrcN5Y29ycA Mx4rwUTJ_JwpEbGdrcN5Y29ycA
composition	yago: 2 classes match ['composition', 'paper', 'report', 'theme']	Paper Report
composition	opencyc: 6 classes match ['composition', 'paper', 'report', 'theme']	Mx4rTIGm2o0AEdaRMwACs6Mw3A Mx4rvVibNJwpEbGdrcN5Y29ycA Mx4rvlZp1pwpEbGdrcN5Y29ycA Mx4rwQNZDZwpEbGdrcN5Y29ycA Mx4rwQq3eJwpEbGdrcN5Y29ycA Mx8NhB4rcacO5KgcQdidVfCUDYB6bg-FUGFwZXIeK71YypGcKRGxna3DeWNvcnAPpDVmOTcyY2EyLTVlNzktNDFkOS05MDY5LWU4MmIyOGMzZTI4Mw
concern	opencyc: 3 classes match ['care', 'concern', 'fear']	Mx4reUQ2ULycEdmAAAACs6hRjg Mx4rvViT8JwpEbGdrcN5Y29ycA Mx4rvVjARJwpEbGdrcN5Y29ycA
conclusion	opencyc: 2 classes match ['close', 'closing', 'conclusion', 'end', 'ending']	Mx4rjk6MsMCfEdmAAAACs6hRjg Mx4rw7-BDiZJEduAAAAOpmP6eA
conductor.3	opencyc: 2 classes match ['conductor', 'conductor.3', 'director', 'music-director']	Mx4rvVjXipwpEbGdrcN5Y29ycA Mx8NhB4rvcD6KJwpEbGdrcN5Y29ycB4rvViAkpwpEbGdrcN5Y29ycB4rvViZVJwpEbGdrcN5Y29ycB4rvVjVT5wpEbGdrcN5Y29ycA
confederation	yago: 2 classes match ['confederacy', 'confederation', 'federation']	Confederation Federation
confidence.2	opencyc: 2 classes match ['confidence', 'confidence.2', 'trust']	Mx4rvV72uZwpEbGdrcN5Y29ycA Mx4rvVici5wpEbGdrcN5Y29ycA
confirmation	opencyc: 3 classes match ['check', 'confirmation', 'substantiation', 'verification']	Mx4r58p2lYYSTEO_p4xsn2USjQ Mx4rv0Q26pwpEbGdrcN5Y29ycA Mx4rvVjOqJwpEbGdrcN5Y29ycA
consequence	yago: 2 classes match ['consequence', 'effect', 'event', 'issue', 'outcome', 'result', 'upshot']	Event Result
contact	opencyc: 2 classes match ['contact']	Mx4rw-Ukzn-LS4GGEBp3Enm8mg Mx8NhB4rvcD6KJwpEbGdrcN5Y29ycB4rvsaaeJwpEbGdrcN5Y29ycB4rvVjCwJwpEbGdrcN5Y29ycB4rvsaaeJwpEbGdrcN5Y29ycA
contact.2	opencyc: 3 classes match ['contact', 'contact.2', 'touch']	Mx4rvVjqV5wpEbGdrcN5Y29ycA Mx4rw-Ukzn-LS4GGEBp3Enm8mg Mx8NhB4rvcD6KJwpEbGdrcN5Y29ycB4rvsaaeJwpEbGdrcN5Y29ycB4rvVjCwJwpEbGdrcN5Y29ycB4rvsaaeJwpEbGdrcN5Y29ycA
contact.3	opencyc: 4 classes match ['contact', 'contact.3', 'middleman']	Mx4rPzpCIStqEdiaugAH6RYvVQ Mx4rRzPrCCFnQ8iYOgr-_cTu2A Mx4rw-Ukzn-LS4GGEBp3Enm8mg Mx8NhB4rvcD6KJwpEbGdrcN5Y29ycB4rvsaaeJwpEbGdrcN5Y29ycB4rvVjCwJwpEbGdrcN5Y29ycB4rvsaaeJwpEbGdrcN5Y29ycA
context	opencyc: 2 classes match ['circumstance', 'context', 'setting']	Mx4rvViA1ZwpEbGdrcN5Y29ycA Mx8NhB4rvcD6KJwpEbGdrcN5Y29ycB4ro3lluGJHQdiVxrZReHS-jR4rvVjVnpwpEbGdrcN5Y29ycB4rvjJE4ZwpEbGdrcN5Y29ycA
convention.2	yago: 2 classes match ['convention', 'convention.2', 'formula', 'normal', 'pattern', 'rule']	Formula Pattern
convention.2	opencyc: 5 classes match ['convention', 'convention.2', 'formula', 'normal', 'pattern', 'rule']	Mx4r9H3OiKVLEdqAAAACs6hRXg Mx4rYERFPMipEdmAAAACs6hRjg Mx4rvVi0qJwpEbGdrcN5Y29ycA Mx4rvVjndZwpEbGdrcN5Y29ycA Mx8NhB4rvcD6KJwpEbGdrcN5Y29ycB4rvViApZwpEbGdrcN5Y29ycB4rvVijs5wpEbGdrcN5Y29ycB4rp2WFxDAIQdiZmN8Hnr53MQ
conviction.2	opencyc: 2 classes match ['condemnation', 'conviction', 'conviction.2', 'judgment-of-conviction', 'sentence']	Mx4rlyMTFCp4EdiUfwAH6RYvSQ Mx4rv5ddsJwpEbGdrcN5Y29ycA
cookie	opencyc: 5 classes match ['biscuit', 'cookie', 'cooky']	Mx4rv0I6OZwpEbGdrcN5Y29ycA Mx4rvViDSJwpEbGdrcN5Y29ycA Mx4rv_MTupwpEbGdrcN5Y29ycA Mx4rwQCF3pwpEbGdrcN5Y29ycA Mx8Ngh4rwU6E5pwpEbGdrcN5Y29ycB4rwQCF3pwpEbGdrcN5Y29ycA
copper	opencyc: 3 classes match ['atomic-number-29', 'copper', 'cu']	Mx4r6NszUnS-EdaAAACgyZzFrg Mx4rvVjKx5wpEbGdrcN5Y29ycA Mx8Ngh4rwBhyv5wpEbGdrcN5Y29ycB4rNHBUYfKpEdaGcgABAxv6tg
corn	opencyc: 2 classes match ['corn', 'edible-corn']	Mx4rvViaZJwpEbGdrcN5Y29ycA Mx4rvmb5UZwpEbGdrcN5Y29ycA
corner	opencyc: 2 classes match ['corner']	Mx4r0DTxnHKqTtq_2jVDrp28pg Mx4rwPupDpwpEbGdrcN5Y29ycA
correction	opencyc: 2 classes match ['correction', 'rectification']	Mx4r6beyMDDaQdiWzrJd8xAA_w Mx4rAk7cNk2mQdmLrb277D2eCg
country	schemaorg: 2 classes match ['body-politic', 'commonwealth', 'country', 'land', 'nation', 'res-publica', 'state']	schema:Country schema:State
country	yago: 4 classes match ['body-politic', 'commonwealth', 'country', 'land', 'nation', 'res-publica', 'state']	Country Land Nation State
country	opencyc: 2 classes match ['body-politic', 'commonwealth', 'country', 'land', 'nation', 'res-publica', 'state']	Mx4rvViIeZwpEbGdrcN5Y29ycA Mx4rvVjnqJwpEbGdrcN5Y29ycA
country.2	yago: 2 classes match ['country', 'country.2', 'rural-area']	Country Rural_area
coup-d'etat	"opencyc: 3 classes match ['coup', ""coup-d'etat"", 'putsch', 'takeover']"	Mx4rFKSglCtTQdiLae3yX2CyTg Mx4rGCnMBDDeQdiWgqQ_klGnRw Mx8NhB4rkxkgaNzqEdmAAAACs6M1Wg-LY291cCBkJ2V0YXQeK71Yg-GcKRGxna3DeWNvcnAPpDM0MGZhZjkyLWY0ZWQtMTFkOS05YmVhLTAwMDJiM2E4NWIwYg
couple	opencyc: 3 classes match ['couple', 'duet', 'duo', 'twosome']	Mx4rFcJJKOadQdaegNkhMUo5Vg Mx4rKdOBCHazQ7mnmLZffc08tQ Mx4rsCLgAscWEdmAAAACs6hRjg
coupon	opencyc: 2 classes match ['coupon', 'voucher']	Mx4rvgCnOpwpEbGdrcN5Y29ycA Mx4rvs5j75wpEbGdrcN5Y29ycA
course	opencyc: 2 classes match ['course', 'course-of-action']	Mx4rvViVQ5wpEbGdrcN5Y29ycA Mx4rwN5u5ZwpEbGdrcN5Y29ycA
course-of-study	opencyc: 4 classes match ['course-of-study', 'curriculum', 'program', 'programme', 'syllabus']	Mx4rckY6CCzvQdiGIbNR1vMN4A Mx4rmlfIigFVEduAAAACs71DGQ Mx4rnberdNMHEduAAADggVbxzQ Mx4rvVi4T5wpEbGdrcN5Y29ycA
course.2	schemaorg: 2 classes match ['class', 'course', 'course-of-instruction', 'course-of-study', 'course.2']	schema:Class schema:Course
course.2	opencyc: 3 classes match ['class', 'course', 'course-of-instruction', 'course-of-study', 'course.2']	Mx4rvVi4T5wpEbGdrcN5Y29ycA Mx4rvViVQ5wpEbGdrcN5Y29ycA Mx4rwQr9J5wpEbGdrcN5Y29ycA
court	yago: 2 classes match ['court', 'courtyard']	Court Courtyard
court	opencyc: 2 classes match ['court', 'courtyard']	Mx4rwIt59JwpEbGdrcN5Y29ycA Mx4rwPuulpwpEbGdrcN5Y29ycA
court.2	yago: 2 classes match ['court', 'court.2', 'judicature', 'tribunal']	Court Tribunal
court.2	opencyc: 2 classes match ['court', 'court.2', 'judicature', 'tribunal']	Mx4rvWhGJJwpEbGdrcN5Y29ycA Mx4rwIt59JwpEbGdrcN5Y29ycA
courtship	opencyc: 4 classes match ['courting', 'courtship', 'suit', 'wooing']	Mx4rMq1fzMu1S9SX_p0XQ4bWDw Mx4rNwYcKC_tQdiIRsN2zc1CxA Mx4rvvcaSJwpEbGdrcN5Y29ycA Mx8Ngh4rwBdWmJwpEbGdrcN5Y29ycB4ryAWtbsPbEdmAAACQJw5drg
couturier	opencyc: 2 classes match ['clothes-designer', 'couturier', 'designer', 'fashion-designer']	Mx4rvVjhw5wpEbGdrcN5Y29ycA Mx4rwJRcvJwpEbGdrcN5Y29ycA
coverage	opencyc: 2 classes match ['coverage', 'reportage', 'reporting']	Mx4rvVjc6ZwpEbGdrcN5Y29ycA Mx4rwP1IVpwpEbGdrcN5Y29ycA
cow	opencyc: 2 classes match ['cow', 'moo-cow']	Mx4rvWayzZwpEbGdrcN5Y29ycA Mx4rvxiUApwpEbGdrcN5Y29ycA
crack	opencyc: 2 classes match ['cleft', 'crack', 'crevice', 'fissure', 'scissure']	Mx4r30xusCTaQdeWzOKZ2bPkTg Mx4rwPzfTJwpEbGdrcN5Y29ycA
crackpot	opencyc: 4 classes match ['crackpot', 'crank', 'fruitcake', 'nut', 'nut-case', 'screwball']	Mx4rv2EHl5wpEbGdrcN5Y29ycA Mx4rvVjUyJwpEbGdrcN5Y29ycA Mx4rvVjVC5wpEbGdrcN5Y29ycA Mx8Ngh4rwU6E5pwpEbGdrcN5Y29ycB4rv2EHl5wpEbGdrcN5Y29ycA
cream	opencyc: 3 classes match ['cream', 'emollient', 'ointment']	Mx4rv2qTZ5wpEbGdrcN5Y29ycA Mx4rwP1n5JwpEbGdrcN5Y29ycA Mx4rwQBzl5wpEbGdrcN5Y29ycA
cream.2	opencyc: 2 classes match ['cream', 'cream.2']	Mx4rv2qTZ5wpEbGdrcN5Y29ycA Mx4rwQBzl5wpEbGdrcN5Y29ycA
credit-card	yago: 2 classes match ['charge-card', 'charge-plate', 'credit-card', 'plastic']	Credit_card Plastic
credit-card	opencyc: 3 classes match ['charge-card', 'charge-plate', 'credit-card', 'plastic']	Mx4r48TEsDp8QdmYf6fP0zJYrg Mx4rvVj0lpwpEbGdrcN5Y29ycA Mx4rvVjO6pwpEbGdrcN5Y29ycA
criminal	opencyc: 2 classes match ['criminal', 'crook', 'felon', 'malefactor', 'outlaw']	Mx4rvVjIu5wpEbGdrcN5Y29ycA Mx4rwJi2PZwpEbGdrcN5Y29ycA
criminal-record	opencyc: 2 classes match ['criminal-record', 'record']	Mx4rMGMA9L1rEdmAAAACs6hRjg Mx4rvVj0mZwpEbGdrcN5Y29ycA
crystal	opencyc: 2 classes match ['crystal']	Mx4riSYy-HS_EdaAAACgyZzFrg Mx4rwP1r0JwpEbGdrcN5Y29ycA
cucumber	opencyc: 2 classes match ['cucumber', 'cuke']	Mx4rwQCNmpwpEbGdrcN5Y29ycA Mx8Ngh4rvVipdpwpEbGdrcN5Y29ycB4rvVino5wpEbGdrcN5Y29ycA
culture	opencyc: 3 classes match ['culture']	Mx4rfG66qMsfEdmAAAACs6hRjg Mx4rvhZiPpwpEbGdrcN5Y29ycA Mx4rwLCgz5wpEbGdrcN5Y29ycA
culture.2	opencyc: 3 classes match ['culture', 'culture.2']	Mx4rfG66qMsfEdmAAAACs6hRjg Mx4rvhZiPpwpEbGdrcN5Y29ycA Mx4rwLCgz5wpEbGdrcN5Y29ycA
culture.3	yago: 2 classes match ['civilisation', 'civilization', 'culture', 'culture.3']	Civilization Culture
culture.3	opencyc: 3 classes match ['civilisation', 'civilization', 'culture', 'culture.3']	Mx4rfG66qMsfEdmAAAACs6hRjg Mx4rvhZiPpwpEbGdrcN5Y29ycA Mx4rwLCgz5wpEbGdrcN5Y29ycA
cupboard	opencyc: 2 classes match ['closet', 'cupboard']	Mx4rvVic15wpEbGdrcN5Y29ycA Mx4rvVj1HJwpEbGdrcN5Y29ycA
curtain	opencyc: 3 classes match ['curtain', 'drape', 'drapery', 'mantle', 'pall']	Mx4r9yZ6EinjQdifXYtulaPyQw Mx4rvVicuJwpEbGdrcN5Y29ycA Mx4rwQBmsJwpEbGdrcN5Y29ycA
date	opencyc: 2 classes match ['date']	Mx4rvVisWZwpEbGdrcN5Y29ycA Mx8Ngh4rvVipdpwpEbGdrcN5Y29ycB4rvVia5pwpEbGdrcN5Y29ycA
date.2	opencyc: 3 classes match ['appointment', 'date', 'date.2', 'engagement']	Mx4rvVieKpwpEbGdrcN5Y29ycA Mx4rvVisWZwpEbGdrcN5Y29ycA Mx8Ngh4rvVipdpwpEbGdrcN5Y29ycB4rvVia5pwpEbGdrcN5Y29ycA
date.3	opencyc: 5 classes match ['date', 'date.3', 'escort']	Mx4rvVisWZwpEbGdrcN5Y29ycA Mx4rvVjEapwpEbGdrcN5Y29ycA Mx4rvVjNq5wpEbGdrcN5Y29ycA Mx4rvVjoWpwpEbGdrcN5Y29ycA Mx8Ngh4rvVipdpwpEbGdrcN5Y29ycB4rvVia5pwpEbGdrcN5Y29ycA
date.4	opencyc: 3 classes match ['date', 'date.4', 'day-of-the-month']	Mx4rvVisWZwpEbGdrcN5Y29ycA Mx4rvVjiZ5wpEbGdrcN5Y29ycA Mx8Ngh4rvVipdpwpEbGdrcN5Y29ycB4rvVia5pwpEbGdrcN5Y29ycA
daughter	opencyc: 4 classes match ['daughter', 'girl']	Mx4rvViBVZwpEbGdrcN5Y29ycA Mx8Ngh4rwQwX_pwpEbGdrcN5Y29ycB4rvVjPMJwpEbGdrcN5Y29ycA Mx8Ngh4rwQwgBJwpEbGdrcN5Y29ycB4rvVjW5ZwpEbGdrcN5Y29ycA Mx8NhB4rvcD6KJwpEbGdrcN5Y29ycB4rvViQ-ZwpEbGdrcN5Y29ycB4rvViV6JwpEbGdrcN5Y29ycB4rvViwMZwpEbGdrcN5Y29ycA
dawn	opencyc: 4 classes match ['aurora', 'break-of-day', 'break-of-the-day', 'cockcrow', 'dawn', 'dawning', 'daybreak', 'dayspring', 'first-light', 'morning', 'sunrise', 'sunup']	Mx4r0EUks2EYEdaOHQACs0uFOQ Mx4rvViIhZwpEbGdrcN5Y29ycA Mx4rvViO45wpEbGdrcN5Y29ycA Mx4rvVjNG5wpEbGdrcN5Y29ycA
daze	opencyc: 3 classes match ['daze', 'fog', 'haze']	Mx4rP9i8FSwaEdiUggAH6RYvSQ Mx4rvVjAkJwpEbGdrcN5Y29ycA Mx4rvVjhR5wpEbGdrcN5Y29ycA
daze.2	opencyc: 2 classes match ['daze', 'daze.2', 'shock', 'stupor']	Mx4rNvtX-mv9Qdmb-OocKIf0ug Mx4rvj8BJ5wpEbGdrcN5Y29ycA
dearth	opencyc: 2 classes match ['dearth', 'famine', 'shortage']	Mx4rvlvvmZwpEbGdrcN5Y29ycA Mx4rwO8YRpwpEbGdrcN5Y29ycA
deck	opencyc: 2 classes match ['deck']	Mx4rvgEKipwpEbGdrcN5Y29ycA Mx4rwPzpfZwpEbGdrcN5Y29ycA
decoration.2	opencyc: 4 classes match ['decoration', 'decoration.2', 'laurel-wreath', 'medal', 'medallion', 'palm', 'ribbon']	Mx4rvVjOYJwpEbGdrcN5Y29ycA Mx4rvVjuqJwpEbGdrcN5Y29ycA Mx4rvVkDKZwpEbGdrcN5Y29ycA Mx4rvgHi2pwpEbGdrcN5Y29ycA
decree	yago: 2 classes match ['decree', 'edict', 'fiat', 'order', 'rescript']	Decree Edict
decree	opencyc: 3 classes match ['decree', 'edict', 'fiat', 'order', 'rescript']	Mx4rYbkfnCtWQdiW04rIM4H--g Mx4rq4MVQi_tQdiJmNWo97TmnA Mx4rv6NpI5wpEbGdrcN5Y29ycA
deed	yago: 2 classes match ['deed', 'deed-of-conveyance', 'title']	Deed Title
deed	opencyc: 4 classes match ['deed', 'deed-of-conveyance', 'title']	Mx4rN2pvOGJcEd2AAADggVfs8g Mx4rvVis3ZwpEbGdrcN5Y29ycA Mx4rwO3QJZwpEbGdrcN5Y29ycA Mx4rwSgEeJwpEbGdrcN5Y29ycA
defect	opencyc: 2 classes match ['defect', 'fault', 'flaw']	Mx4rVyUfEMQzQdGu5-YFoG-nMw Mx4rv4-zHZwpEbGdrcN5Y29ycA
defendant	opencyc: 2 classes match ['defendant', 'suspect']	Mx4rxhYENNaYEdmAAAACs6hcqg Mx8NhB4rvcD6KJwpEbGdrcN5Y29ycB4rvVinb5wpEbGdrcN5Y29ycB4rYS5eKpI6QdiTk9Hz3W_HpR4rvVioQZwpEbGdrcN5Y29ycA
deficit	opencyc: 2 classes match ['deficit', 'shortage', 'shortfall']	Mx4r5JtcUhlCQdiMeOEHSguY-g Mx4rwO8YRpwpEbGdrcN5Y29ycA
degree	opencyc: 2 classes match ['degree', 'grade', 'level']	Mx4rJ3ZbguI8QdeGDNhCi9LL3Q Mx4rvVip-pwpEbGdrcN5Y29ycA
degree.2	opencyc: 2 classes match ['degree', 'degree.2']	Mx4rJ3ZbguI8QdeGDNhCi9LL3Q Mx4rvVip-pwpEbGdrcN5Y29ycA
degree.3	opencyc: 2 classes match ['degree', 'degree.3']	Mx4rJ3ZbguI8QdeGDNhCi9LL3Q Mx4rvVip-pwpEbGdrcN5Y29ycA
deity	yago: 2 classes match ['deity', 'divinity', 'god', 'immortal']	Deity God
deity	opencyc: 2 classes match ['deity', 'divinity', 'god', 'immortal']	Mx4rVeasZiwPQdiGaOCd1QOgRw Mx4rvVjrCJwpEbGdrcN5Y29ycA
demonstration	opencyc: 3 classes match ['demonstration', 'manifestation']	Mx4rQTXBRMfqEdmAAAACs6hRjg Mx4ruz9Xbji_SVenxrk7Fh17Pw Mx4rvy_5HZwpEbGdrcN5Y29ycA
demonstration.2	opencyc: 3 classes match ['demo', 'demonstration', 'demonstration.2']	Mx4ruz9Xbji_SVenxrk7Fh17Pw Mx4rvy_5HZwpEbGdrcN5Y29ycA Mx4rwDgVOpwpEbGdrcN5Y29ycA
departure	opencyc: 6 classes match ['departure', 'going', 'going-away', 'leaving']	Mx4rUHqL-Lf_EdmAAAACs6hRjg Mx4reefaQLgJEdmAAAACs6hRjg Mx4rvViuTpwpEbGdrcN5Y29ycA Mx4rvVkCQJwpEbGdrcN5Y29ycA Mx4rvWSHaJwpEbGdrcN5Y29ycA Mx4rx4r9wMCoEdmAAAACs6hRjg
depository-financial-institution	opencyc: 3 classes match ['bank', 'banking-company', 'banking-concern', 'depository-financial-institution']	Mx4rqKcF-iTVQdefD8zuIYgMZQ Mx4rvVirgJwpEbGdrcN5Y29ycA Mx8Ngh4rc6oKzFsKEdaAAACQJ5pZBx4rvVirgJwpEbGdrcN5Y29ycA
depression	opencyc: 3 classes match ['depression', 'economic-crisis', 'slump']	Mx4rMdwrBAMxQdiaCcmY2DgFlw Mx4rVzX0BitfQdieuqswlGNQdA Mx4rhk794sr-EdmAAAACs6hRjg
depressive-disorder	opencyc: 2 classes match ['clinical-depression', 'depression', 'depressive-disorder']	Mx4rMdwrBAMxQdiaCcmY2DgFlw Mx4rwP1JFZwpEbGdrcN5Y29ycA
deputation	opencyc: 6 classes match ['commission', 'delegacy', 'delegation', 'deputation', 'mission']	Mx4rbSLGorRPEdaJDwABAxv6tg Mx4rhHJlMjlSEdeUggACs2TnIQ Mx4roVqe6a0WEd6eNAAhm0kILA Mx4rvVid6pwpEbGdrcN5Y29ycA Mx4rvgHxppwpEbGdrcN5Y29ycA Mx4rwS4dn5wpEbGdrcN5Y29ycA
desert	opencyc: 2 classes match ['desert']	Mx4rvViUJ5wpEbGdrcN5Y29ycA Mx4rvVjreZwpEbGdrcN5Y29ycA
design	opencyc: 2 classes match ['design']	Mx4rnNiNDFAWRRmGpndEWaB_aw Mx4rvVivMpwpEbGdrcN5Y29ycA
design.2	yago: 2 classes match ['design', 'design.2', 'figure', 'pattern']	Design Pattern
design.2	opencyc: 3 classes match ['design', 'design.2', 'figure', 'pattern']	Mx4rnNiNDFAWRRmGpndEWaB_aw Mx4rvVivMpwpEbGdrcN5Y29ycA Mx4rvVjndZwpEbGdrcN5Y29ycA
design.2	dul: 2 classes match ['design', 'design.2', 'figure', 'pattern']	Design Pattern
design.3	yago: 2 classes match ['design', 'design.3', 'plan']	Design Plan
design.3	opencyc: 3 classes match ['design', 'design.3', 'plan']	Mx4r9DYNZvBfQdiISKek7wWggA Mx4rnNiNDFAWRRmGpndEWaB_aw Mx4rvVivMpwpEbGdrcN5Y29ycA
design.3	dul: 2 classes match ['design', 'design.3', 'plan']	Design Plan
dessert	opencyc: 3 classes match ['afters', 'dessert', 'sweet']	Mx4rvVkKypwpEbGdrcN5Y29ycA Mx4rwQCDd5wpEbGdrcN5Y29ycA Mx8Ngh4rwP1jLpwpEbGdrcN5Y29ycB4rvVjIPJwpEbGdrcN5Y29ycA
detail.2	opencyc: 2 classes match ['detail', 'detail.2', 'item', 'point']	Mx4rIHDeCrgqEdmAAAACs0x8nw Mx4rwQBy45wpEbGdrcN5Y29ycA
detector	opencyc: 2 classes match ['detector', 'sensing-element', 'sensor']	Mx4rcLOYUPK4QdeHfvXnrK8wHQ Mx4rvVieWpwpEbGdrcN5Y29ycA
dialect	yago: 2 classes match ['accent', 'dialect', 'idiom']	Dialect Idiom
diamond	opencyc: 3 classes match ['diamond']	Mx4rvgC2UJwpEbGdrcN5Y29ycA Mx4rwK1mVJwpEbGdrcN5Y29ycA Mx4rwLqTE5wpEbGdrcN5Y29ycA
diary	yago: 2 classes match ['diary', 'journal']	Diary Journal
diary	opencyc: 2 classes match ['diary', 'journal']	Mx4rvVigHZwpEbGdrcN5Y29ycA Mx4rvVjU4JwpEbGdrcN5Y29ycA
dictionary	yago: 2 classes match ['dictionary', 'lexicon']	Dictionary Lexicon
dilemma	opencyc: 2 classes match ['dilemma', 'quandary']	Mx4r2N2pgjAOQdiRKMZ6R1q4XA Mx4rlyNhNCp4EdiUfwAH6RYvSQ
diligence	opencyc: 3 classes match ['diligence', 'industriousness', 'industry']	Mx4rvVizBJwpEbGdrcN5Y29ycA Mx4rvVjiyJwpEbGdrcN5Y29ycA Mx4rvxQhVpwpEbGdrcN5Y29ycA
direction	opencyc: 3 classes match ['direction']	Mx4rvVjb25wpEbGdrcN5Y29ycA Mx4rvVjf85wpEbGdrcN5Y29ycA Mx8NhB4rvcD6KJwpEbGdrcN5Y29ycB4rvVjrDJwpEbGdrcN5Y29ycB4rvVi6fJwpEbGdrcN5Y29ycB4rvViOcJwpEbGdrcN5Y29ycA
director.2	opencyc: 2 classes match ['director', 'director.2', 'manager', 'managing-director']	Mx4rvVi3YpwpEbGdrcN5Y29ycA Mx8NhB4rvcD6KJwpEbGdrcN5Y29ycB4rvViAkpwpEbGdrcN5Y29ycB4rvViZVJwpEbGdrcN5Y29ycB4rvVjVT5wpEbGdrcN5Y29ycA
directory	opencyc: 2 classes match ['directory']	Mx4r3NNXFDgtEdaHLgACs0uFOQ Mx4rwVIiy5wpEbGdrcN5Y29ycA
discipline	opencyc: 2 classes match ['correction', 'discipline']	Mx4r6beyMDDaQdiWzrJd8xAA_w Mx4rAk7cNk2mQdmLrb277D2eCg
discovery	opencyc: 2 classes match ['breakthrough', 'discovery', 'find']	Mx4rYG8SOi9TQdiG8KWzU19LbA Mx4rvnJL4pwpEbGdrcN5Y29ycA
dish.2	opencyc: 3 classes match ['dish', 'dish-aerial', 'dish-antenna', 'dish.2', 'saucer']	Mx4rvVi1BZwpEbGdrcN5Y29ycA Mx4rvVjUeJwpEbGdrcN5Y29ycA Mx4rvVj_epwpEbGdrcN5Y29ycA
dispute	opencyc: 2 classes match ['conflict', 'difference', 'difference-of-opinion', 'dispute']	Mx4rvVjz15wpEbGdrcN5Y29ycA Mx4rvyEmy5wpEbGdrcN5Y29ycA
dissertation	opencyc: 3 classes match ['dissertation', 'thesis']	Mx4rP9fRtSwaEdiUggAH6RYvSQ Mx4rP9fRtiwaEdiUggAH6RYvSQ Mx4rvVibw5wpEbGdrcN5Y29ycA
district	yago: 2 classes match ['district', 'dominion', 'territorial-dominion', 'territory']	District Territory
district	opencyc: 3 classes match ['district', 'dominion', 'territorial-dominion', 'territory']	Mx4rQWWHo1VvSE6OCrWPlC8k9A Mx4rvViD3pwpEbGdrcN5Y29ycA Mx4rvVih3JwpEbGdrcN5Y29ycA
division	opencyc: 3 classes match ['division']	Mx4r2UohIscZEdmAAAACs6hRjg Mx4r5mSglEiWQvGa_GbWbPdT4g Mx4rnwv2ari_EdmAAAACs6hRjg
division.2	opencyc: 3 classes match ['division', 'division.2']	Mx4r2UohIscZEdmAAAACs6hRjg Mx4r5mSglEiWQvGa_GbWbPdT4g Mx4rnwv2ari_EdmAAAACs6hRjg
division.3	opencyc: 3 classes match ['division', 'division.3']	Mx4r2UohIscZEdmAAAACs6hRjg Mx4r5mSglEiWQvGa_GbWbPdT4g Mx4rnwv2ari_EdmAAAACs6hRjg
doctor	opencyc: 2 classes match ['doc', 'doctor', 'dr.', 'md', 'medico', 'physician']	Mx4rvVjrVZwpEbGdrcN5Y29ycA Mx4rwUwgGZwpEbGdrcN5Y29ycA
document	opencyc: 2 classes match ['document', 'papers', 'written-document']	Mx4r1VKBbji8Ed2AAAACs6hRXg Mx4rvVkEx5wpEbGdrcN5Y29ycA
dollar	opencyc: 4 classes match ['buck', 'clam', 'dollar', 'dollar-bill', 'one-dollar-bill']	Mx4rvViHqpwpEbGdrcN5Y29ycA Mx4rwPvkX5wpEbGdrcN5Y29ycA Mx4rwPzsTZwpEbGdrcN5Y29ycA Mx8Ngh4rwQwVUJwpEbGdrcN5Y29ycB4rvVi-jpwpEbGdrcN5Y29ycA
dolphin	opencyc: 2 classes match ['dolphin']	Mx4rvViItZwpEbGdrcN5Y29ycA Mx4rvVj0wpwpEbGdrcN5Y29ycA
dominion	opencyc: 4 classes match ['dominion', 'rule']	Mx4r9H3OiKVLEdqAAAACs6hRXg Mx4rYERFPMipEdmAAAACs6hRjg Mx4rvViD3pwpEbGdrcN5Y29ycA Mx8NhB4rvcD6KJwpEbGdrcN5Y29ycB4rvViApZwpEbGdrcN5Y29ycB4rvVijs5wpEbGdrcN5Y29ycB4rp2WFxDAIQdiZmN8Hnr53MQ
doorbell	opencyc: 2 classes match ['bell', 'buzzer', 'doorbell']	Mx4rvViOcZwpEbGdrcN5Y29ycA Mx4rvVkMTpwpEbGdrcN5Y29ycA
doorsill	opencyc: 2 classes match ['doorsill', 'doorstep', 'threshold']	Mx4rwP1YMZwpEbGdrcN5Y29ycA Mx4rwP1repwpEbGdrcN5Y29ycA
dormitory	yago: 2 classes match ['dorm', 'dormitory', 'hall', 'residence-hall', 'student-residence']	Dormitory Hall
dormitory	opencyc: 2 classes match ['dorm', 'dormitory', 'hall', 'residence-hall', 'student-residence']	Mx4r2FuXsi__QdiXX5s-6AsJlg Mx4rwQBczJwpEbGdrcN5Y29ycA
dose	opencyc: 2 classes match ['dosage', 'dose']	Mx4r8bCxQixPQdiEYZ_cG55dRQ Mx4rvWSizJwpEbGdrcN5Y29ycA
doubt	opencyc: 2 classes match ['doubt', 'doubtfulness', 'dubiousness', 'question']	Mx4r-G8EIKO3EdqAAAACs6hRXg Mx4rvVjh8pwpEbGdrcN5Y29ycA
doubt.2	opencyc: 2 classes match ['doubt', 'doubt.2', 'doubtfulness', 'dubiety', 'dubiousness', 'incertitude', 'uncertainty']	Mx4rEZCWELAeQdiCCsX7FaQv7Q Mx4rvVjh8pwpEbGdrcN5Y29ycA
drama	opencyc: 2 classes match ['drama', 'dramatic-event']	Mx4rVGVKZHS-EdaAAACgyZzFrg Mx4rwQtvcJwpEbGdrcN5Y29ycA
draw	opencyc: 3 classes match ['draw', 'standoff', 'tie']	Mx4rt7QVxgMwQdiJvtc6JMmHjA Mx4rv5t8XpwpEbGdrcN5Y29ycA Mx4rwP1V5ZwpEbGdrcN5Y29ycA
drawing	opencyc: 2 classes match ['drawing']	Mx4rv1jl05wpEbGdrcN5Y29ycA Mx4rwQw3a5wpEbGdrcN5Y29ycA
drawing.2	opencyc: 2 classes match ['drawing', 'drawing.2']	Mx4rv1jl05wpEbGdrcN5Y29ycA Mx4rwQw3a5wpEbGdrcN5Y29ycA
dream	opencyc: 2 classes match ['dream', 'dreaming']	Mx4rvVjNaJwpEbGdrcN5Y29ycA Mx4rvVjNqpwpEbGdrcN5Y29ycA
dressing	opencyc: 2 classes match ['dressing', 'medical-dressing']	Mx4rj_efU7J4EdmAhAACs6hRjg Mx4rvVjNfJwpEbGdrcN5Y29ycA
drive	opencyc: 4 classes match ['drive', 'ride']	Mx4rJFQTxrjJEdmAAAACs6hRjg Mx4rvgEB7ZwpEbGdrcN5Y29ycA Mx8Ngh4rv3tMrJwpEbGdrcN5Y29ycB4rvViwMZwpEbGdrcN5Y29ycA Mx8Ngh4rv3tMrJwpEbGdrcN5Y29ycB4rvVjVQJwpEbGdrcN5Y29ycA
driveway	opencyc: 2 classes match ['drive', 'driveway', 'private-road']	Mx4rJFQTxrjJEdmAAAACs6hRjg Mx4rvViw6ZwpEbGdrcN5Y29ycA
drop	yago: 2 classes match ['bead', 'drop', 'pearl']	Bead Pearl
drop	opencyc: 3 classes match ['bead', 'drop', 'pearl']	Mx4rvc8LhpwpEbGdrcN5Y29ycA Mx4rwU8BM5wpEbGdrcN5Y29ycA Mx8Ngh4rvVkAUZwpEbGdrcN5Y29ycB4rvVjSoJwpEbGdrcN5Y29ycA
duck	opencyc: 2 classes match ['duck']	Mx4rvVj4kJwpEbGdrcN5Y29ycA Mx8Ngh4rvVi-TJwpEbGdrcN5Y29ycB4rvVj4kJwpEbGdrcN5Y29ycA
duration	opencyc: 2 classes match ['continuance', 'duration']	Mx4rvViApZwpEbGdrcN5Y29ycA Mx8NhB4rvcD6KJwpEbGdrcN5Y29ycB4rvViApZwpEbGdrcN5Y29ycB4rvVijs5wpEbGdrcN5Y29ycB4rvViAxJwpEbGdrcN5Y29ycA
duration.2	opencyc: 3 classes match ['duration', 'duration.2', 'length']	Mx4rvViApZwpEbGdrcN5Y29ycA Mx8NhB4rvcD6KJwpEbGdrcN5Y29ycB4rvViAmpwpEbGdrcN5Y29ycB4rvVjbZpwpEbGdrcN5Y29ycB4rvVjpUZwpEbGdrcN5Y29ycA Mx8NhB4rvcD6KJwpEbGdrcN5Y29ycB4rvViApZwpEbGdrcN5Y29ycB4rvVijs5wpEbGdrcN5Y29ycB4rvViAxJwpEbGdrcN5Y29ycA
dust	opencyc: 2 classes match ['dust']	Mx4rN21qxHS8EdaAAACgyZzFrg Mx8Ngh4rwP1_U5wpEbGdrcN5Y29ycB4rvVj2S5wpEbGdrcN5Y29ycA
dwelling	yago: 2 classes match ['abode', 'domicile', 'dwelling', 'dwelling-house', 'habitation', 'home']	Dwelling Home
dwelling	opencyc: 2 classes match ['abode', 'domicile', 'dwelling', 'dwelling-house', 'habitation', 'home']	Mx4rdMa9lbaeEdmFRQACs6hRjg Mx4rvVjmiZwpEbGdrcN5Y29ycA
economist	opencyc: 2 classes match ['economic-expert', 'economist']	Mx4rwNhFvZwpEbGdrcN5Y29ycA Mx8Ngh4rv9ZSD5wpEbGdrcN5Y29ycB4rvqlEOpwpEbGdrcN5Y29ycA
economy.2	yago: 2 classes match ['economic-system', 'economy', 'economy.2']	Economic_system Economy
economy.2	opencyc: 2 classes match ['economic-system', 'economy', 'economy.2']	Mx4rM3UOPLtJEdmAAAACs6hRjg Mx4rwI-mXpwpEbGdrcN5Y29ycA
ecstasy	opencyc: 2 classes match ['ecstasy', 'exaltation', 'rapture', 'raptus', 'transport']	Mx4rv-6HepwpEbGdrcN5Y29ycA Mx4rvVjAm5wpEbGdrcN5Y29ycA
education	yago: 2 classes match ['didactics', 'education', 'educational-activity', 'instruction', 'pedagogy', 'teaching']	Education Pedagogy
egg	opencyc: 2 classes match ['egg', 'eggs']	Mx4rIIwpgIUzEdaAAABQ2rksLw Mx4rvbafcZwpEbGdrcN5Y29ycA
egg-white	opencyc: 2 classes match ['albumen', 'egg-white', 'ovalbumin', 'white']	Mx4rBjWwGHS-EdaAAACgyZzFrg Mx4rvmO0FpwpEbGdrcN5Y29ycA
elbow	opencyc: 2 classes match ['articulatio-cubiti', 'cubital-joint', 'cubitus', 'elbow', 'elbow-joint', 'human-elbow']	Mx4rvVjjNZwpEbGdrcN5Y29ycA Mx4rvoann5wpEbGdrcN5Y29ycA
electric-shock	opencyc: 3 classes match ['electric-shock', 'electrical-shock', 'shock']	Mx4rNvtX-mv9Qdmb-OocKIf0ug Mx4rvVi0wJwpEbGdrcN5Y29ycA Mx4rvj8BJ5wpEbGdrcN5Y29ycA
electronics	opencyc: 2 classes match ['electronics']	Mx4rvulV35wpEbGdrcN5Y29ycA Mx8NhB4rcacO5KgcQdidVfCUDYB6bg-LZWxlY3Ryb25pY3MeK721a5ecKRGxna3DeWNvcnAPpDhmZDhiNmFhLTZjMWItNDFkYS04YTVkLWI2NTE2ZWNkYzZkMw
email	opencyc: 2 classes match ['e-mail', 'electronic-mail', 'email']	Mx4rWhJBphJMEd2AAADggVfs8g Mx4rvgIDb5wpEbGdrcN5Y29ycA
embassy	opencyc: 2 classes match ['embassy']	Mx4rvVmmK5wpEbGdrcN5Y29ycA Mx4rwBufDJwpEbGdrcN5Y29ycA
emergency	opencyc: 3 classes match ['emergency', 'exigency', 'pinch']	Mx4rtknNLDAGQdiWYbjGiN-U7g Mx4rvVjkRpwpEbGdrcN5Y29ycA Mx4rvqkmqZwpEbGdrcN5Y29ycA
employee	opencyc: 2 classes match ['employee']	Mx4rvVjsQZwpEbGdrcN5Y29ycA Mx8NhB4rvcD6KJwpEbGdrcN5Y29ycB4rvViAkpwpEbGdrcN5Y29ycB4rvVjLlpwpEbGdrcN5Y29ycB4rvsaaeJwpEbGdrcN5Y29ycA
ending	opencyc: 2 classes match ['conclusion', 'ending', 'finish']	Mx4rj5tcYCzGEdiUgwAH6RYvSQ Mx4rjk6MsMCfEdmAAAACs6hRjg
energy	opencyc: 3 classes match ['energy', 'vigor', 'vigour', 'zip']	Mx4r4EvrBwhxEduVMgDggVaqog Mx4rvVitG5wpEbGdrcN5Y29ycA Mx4rvVjap5wpEbGdrcN5Y29ycA
engineering	yago: 2 classes match ['engineering', 'technology']	Engineering Technology
engineering.2	yago: 3 classes match ['applied-science', 'engineering', 'engineering-science', 'engineering.2', 'technology']	Applied_science Engineering Technology
entertainment	opencyc: 2 classes match ['amusement', 'entertainment']	Mx4rAk2IqrjGEdmAAAACs6hRjg Mx4rvVifGZwpEbGdrcN5Y29ycA
entrance	opencyc: 2 classes match ['entrance', 'entranceway', 'entree', 'entry', 'entryway']	Mx4rhQwLhizbQdiQ_e-9TYPzPg Mx4rvVipiJwpEbGdrcN5Y29ycA
era	opencyc: 2 classes match ['epoch', 'era']	Mx4r0EUkt2EYEdaOHQACs0uFOQ Mx4rJg1iXsbsEdmAAAACs6hRjg
estimate	opencyc: 2 classes match ['approximation', 'estimate', 'estimation', 'idea']	Mx4rYE1C0EPuQdmEO6TZe_7NPA Mx4rvVjSRZwpEbGdrcN5Y29ycA
evidence	opencyc: 2 classes match ['evidence', 'grounds']	Mx4rSWT4ar1qEdmAAAACs6hRjg Mx4rvVj1yZwpEbGdrcN5Y29ycA
examination	opencyc: 2 classes match ['examination', 'testing']	Mx4rvt-JvpwpEbGdrcN5Y29ycA Mx4rwQCT3ZwpEbGdrcN5Y29ycA
exchange	opencyc: 2 classes match ['exchange', 'interchange']	Mx4rg4OTQgClEduAAAACs71DGQ Mx4rvViQlpwpEbGdrcN5Y29ycA
excitement	opencyc: 3 classes match ['excitation', 'excitement', 'fervor', 'fervour', 'inflammation']	Mx4rkQ2EfHS5EdaAAACgyZzFrg Mx4rvVjAhpwpEbGdrcN5Y29ycA Mx4rzqELKi_sQdiMQcWjZGeuCQ
execution	opencyc: 4 classes match ['capital-punishment', 'death-penalty', 'executing', 'execution']	Mx4rUZqx2C3bQdmQCvY8hJFo8Q Mx4rVlbtVLjDEdmAAAACs6hRjg Mx4rvlgftZwpEbGdrcN5Y29ycA Mx8NhB4rcacO5KgcQdidVfCUDYB6bg-JZXhlY3V0aW9uHiu9aBMQnCkRsZ2tw3ljb3JwD6Q1OGQyMWNhOC00MjMzLTQxZGEtOGE1Zi1mOWEwMmEwOTk3NmE
exercise.2	opencyc: 3 classes match ['drill', 'exercise', 'exercise.2', 'practice', 'practice-session', 'recitation']	Mx4raB60mFQYQdeNoJqBDXBMLA Mx4rv9p3wpwpEbGdrcN5Y29ycA Mx4rvVjAapwpEbGdrcN5Y29ycA
exile	opencyc: 2 classes match ['deportation', 'exile', 'expatriation', 'transportation']	Mx4r4Ew5JghxEduVMgDggVaqog Mx4rEqcBzC9MQdiNIYV19YWlcg
expedition	opencyc: 2 classes match ['expedition']	Mx4rI7NJ2ssdEdmAAAACs6hRjg Mx4rvYxQtJwpEbGdrcN5Y29ycA
explanation	opencyc: 4 classes match ['account', 'explanation']	Mx4rTXWNgDjCEd2AAADggVbxzQ Mx4rcOYk_MkpEdmAAAACs6hRjg Mx4rvW7ze5wpEbGdrcN5Y29ycA Mx8Ngh4r_9MKDLvoEdmAAAACs6hRjh4rvW7ze5wpEbGdrcN5Y29ycA
explanation.2	opencyc: 3 classes match ['explanation', 'explanation.2']	Mx4rcOYk_MkpEdmAAAACs6hRjg Mx4rvW7ze5wpEbGdrcN5Y29ycA Mx8Ngh4r_9MKDLvoEdmAAAACs6hRjh4rvW7ze5wpEbGdrcN5Y29ycA
exposure	opencyc: 3 classes match ['exposure']	Mx4rvffvS5wpEbGdrcN5Y29ycA Mx4rvhuTpJwpEbGdrcN5Y29ycA Mx4rwQrrW5wpEbGdrcN5Y29ycA
expressway	opencyc: 2 classes match ['expressway', 'freeway', 'motorway', 'pike', 'state-highway', 'superhighway', 'throughway', 'thruway']	Mx4rP9jwioz1QdmCq5ObWNPUIA Mx4rvVj2TZwpEbGdrcN5Y29ycA
eyelid	opencyc: 2 classes match ['eyelid', 'lid', 'palpebra']	Mx4rvVi4m5wpEbGdrcN5Y29ycA Mx4rvVj0VJwpEbGdrcN5Y29ycA
fabric	yago: 2 classes match ['cloth', 'fabric', 'material', 'textile']	Material Textile
fabric	opencyc: 2 classes match ['cloth', 'fabric', 'material', 'textile']	Mx4rvVibU5wpEbGdrcN5Y29ycA Mx4rvVkJCZwpEbGdrcN5Y29ycA
facility	opencyc: 2 classes match ['facility', 'installation']	Mx4rcbTVwc5uEdeX_wACs6hRuw Mx4rv51bpZwpEbGdrcN5Y29ycA
factory	opencyc: 2 classes match ['factory', 'manufactory', 'manufacturing-plant', 'mill']	Mx4rmvomcNctQdeWTpExjRdNew Mx8Ngx4rwEcGC5wpEbGdrcN5Y29ycB4riJxVSvrJEdmAAAACs6hO_h4rcnQ-lE0tQdmFmLZlT2xAfA
fairy	opencyc: 2 classes match ['faerie', 'faery', 'fairy', 'fay', 'sprite']	Mx4rvVi0jZwpEbGdrcN5Y29ycA Mx4rvwj-OJwpEbGdrcN5Y29ycA
fall	opencyc: 2 classes match ['autumn', 'fall']	Mx4rvVi3NJwpEbGdrcN5Y29ycA Mx4rvgEXkJwpEbGdrcN5Y29ycA
family	yago: 3 classes match ['family', 'home', 'house', 'household', 'menage']	Family Home House
family	opencyc: 5 classes match ['family', 'home', 'house', 'household', 'menage']	Mx4r3ycGbkPeQdmGQJ4nRT225Q Mx4rvViR4JwpEbGdrcN5Y29ycA Mx4rvVih-5wpEbGdrcN5Y29ycA Mx4rvVilOpwpEbGdrcN5Y29ycA Mx4rvVjmiZwpEbGdrcN5Y29ycA
fan	opencyc: 3 classes match ['buff', 'devotee', 'fan', 'lover']	Mx4rvViN6ZwpEbGdrcN5Y29ycA Mx4rvVila5wpEbGdrcN5Y29ycA Mx4rvgEN6pwpEbGdrcN5Y29ycA
fare	opencyc: 2 classes match ['fare', 'transportation']	Mx4r0d3A0hk9QdiUqY2yMHxejQ Mx4r4Ew5JghxEduVMgDggVaqog
fat	opencyc: 3 classes match ['fat']	Mx4r87uGaAGRQdefa_uVdxD6Rw Mx4rPLzFJZGrSv6VP2CQ5PzsSA Mx4rvVjaapwpEbGdrcN5Y29ycA
father	opencyc: 2 classes match ['begetter', 'father', 'male-parent']	Mx4rwD1-BpwpEbGdrcN5Y29ycA Mx8NhB4rvcD6KJwpEbGdrcN5Y29ycB4rvVjpQ5wpEbGdrcN5Y29ycB4rvVjS_JwpEbGdrcN5Y29ycB4rvViwMZwpEbGdrcN5Y29ycA
fatness	opencyc: 4 classes match ['avoirdupois', 'blubber', 'fat', 'fatness']	Mx4r87uGaAGRQdefa_uVdxD6Rw Mx4rPLzFJZGrSv6VP2CQ5PzsSA Mx4rvVjaapwpEbGdrcN5Y29ycA Mx4rvVjevZwpEbGdrcN5Y29ycA
faux-pas	opencyc: 3 classes match ['faux-pas', 'gaffe', 'gaucherie', 'slip', 'solecism']	Mx4r6NS4YrtPEdmAAAACs6hRjg Mx4rvViDLJwpEbGdrcN5Y29ycA Mx4rvViRuJwpEbGdrcN5Y29ycA
feather	opencyc: 4 classes match ['feather', 'plumage', 'plume']	Mx4rhWyytC9DQdie7a6cUkYgbg Mx4rvVjW-5wpEbGdrcN5Y29ycA Mx4rwBqC-ZwpEbGdrcN5Y29ycA Mx8Ngh4rwP1535wpEbGdrcN5Y29ycB4rvVjW-5wpEbGdrcN5Y29ycA
female-child	opencyc: 4 classes match ['female-child', 'girl', 'little-girl']	Mx4rvViBVZwpEbGdrcN5Y29ycA Mx8Ngh4rwQwX_pwpEbGdrcN5Y29ycB4rvVjPMJwpEbGdrcN5Y29ycA Mx8Ngh4rwQwgBJwpEbGdrcN5Y29ycB4rvVjW5ZwpEbGdrcN5Y29ycA Mx8NhB4rvcD6KJwpEbGdrcN5Y29ycB4rvViQ-ZwpEbGdrcN5Y29ycB4rvViV6JwpEbGdrcN5Y29ycB4rvViwMZwpEbGdrcN5Y29ycA
fence	opencyc: 2 classes match ['fence', 'fencing']	Mx4rvVit-JwpEbGdrcN5Y29ycA Mx4rvgEVapwpEbGdrcN5Y29ycA
field	opencyc: 2 classes match ['field']	Mx4rvVjLUZwpEbGdrcN5Y29ycA Mx4rvVjuppwpEbGdrcN5Y29ycA
field-of-study	opencyc: 4 classes match ['bailiwick', 'discipline', 'field', 'field-of-study', 'study', 'subject', 'subject-area', 'subject-field']	Mx4rvVi3N5wpEbGdrcN5Y29ycA Mx4rvVi6DZwpEbGdrcN5Y29ycA Mx4rvVjLUZwpEbGdrcN5Y29ycA Mx4rvVjuppwpEbGdrcN5Y29ycA
fight	opencyc: 2 classes match ['combat', 'fight', 'fighting', 'scrap']	Mx4r959iILglEdmAAAACs6hRjg Mx4rwASNK5wpEbGdrcN5Y29ycA
file	opencyc: 2 classes match ['file']	Mx4rvViJa5wpEbGdrcN5Y29ycA Mx4rvViXC5wpEbGdrcN5Y29ycA
file.2	opencyc: 3 classes match ['file', 'file-cabinet', 'file.2', 'filing-cabinet']	Mx4rvViJa5wpEbGdrcN5Y29ycA Mx4rvViQjJwpEbGdrcN5Y29ycA Mx4rvViXC5wpEbGdrcN5Y29ycA
file.3	opencyc: 2 classes match ['data-file', 'file', 'file.3']	Mx4rvViJa5wpEbGdrcN5Y29ycA Mx4rvViXC5wpEbGdrcN5Y29ycA
file.4	opencyc: 2 classes match ['file', 'file.4', 'indian-file', 'single-file']	Mx4rvViJa5wpEbGdrcN5Y29ycA Mx4rvViXC5wpEbGdrcN5Y29ycA
film	opencyc: 3 classes match ['film', 'flick', 'motion-picture', 'motion-picture-show', 'movie', 'moving-picture', 'moving-picture-show', 'pic', 'picture', 'picture-show']	Mx4rv973YpwpEbGdrcN5Y29ycA Mx4rvVigx5wpEbGdrcN5Y29ycA Mx4rxETKomELEdqAAAACs71DGQ
film.3	opencyc: 2 classes match ['film', 'film.3', 'photographic-film']	Mx4rvVigx5wpEbGdrcN5Y29ycA Mx4rvVkB4ZwpEbGdrcN5Y29ycA
final-examination	opencyc: 20 classes match ['final', 'final-exam', 'final-examination']	Mx8Ngx4rqbmLtH3rQdiIs_N_4Vjw3B8Ngx4rj8qOgHbmQdiTr4JtS3CS_h4rGs71ns4GEdmAAAACs6hRjg-NaW5pdGlhdGVfdGFza68 Mx8Ngx4rqbmLtH3rQdiIs_N_4Vjw3B8Ngx4rj8qOgHbmQdiTr4JtS3CS_h4rGs71ns4GEdmAAAACs6hRjg-nY3ljb3JwUmVmcmlnZXJhdG9yTWFzc0VtYWlsU2VuZGluZ190YXNrkw Mx8Ngx4rqbmLtH3rQdiIs_N_4Vjw3B8Ngx4rj8qOgHbmQdiTr4JtS3CS_h4rGs71ns4GEdmAAAACs6hRjg-nY3ljb3JwUmVmcmlnZXJhdG9yTWFzc0VtYWlsU2VuZGluZ190YXNrpg Mx8Ngx4rqbmLtH3rQdiIs_N_4Vjw3B8Ngx4rj8qOgHbmQdiTr4JtS3CS_h4rGs71ns4GEdmAAAACs6hRjg-nY3ljb3JwUmVmcmlnZXJhdG9yTWFzc0VtYWlsU2VuZGluZ190YXNrpw Mx8Ngx4rqbmLtH3rQdiIs_N_4Vjw3B8Ngx4rj8qOgHbmQdiTr4JtS3CS_h4rGs71ns4GEdmAAAACs6hRjg-nY3ljb3JwUmVmcmlnZXJhdG9yTWFzc0VtYWlsU2VuZGluZ190YXNrqA Mx8Ngx4rqbmLtH3rQdiIs_N_4Vjw3B8Ngx4rj8qOgHbmQdiTr4JtS3CS_h4rGs71ns4GEdmAAAACs6hRjg-nY3ljb3JwUmVmcmlnZXJhdG9yTWFzc0VtYWlsU2VuZGluZ190YXNrrA
finish	opencyc: 4 classes match ['destination', 'finish', 'goal']	Mx4rj5tcYCzGEdiUgwAH6RYvSQ Mx4rvVifj5wpEbGdrcN5Y29ycA Mx4rvVj7A5wpEbGdrcN5Y29ycA Mx4rwPufMpwpEbGdrcN5Y29ycA
fire.2	opencyc: 3 classes match ['attack', 'blast', 'fire', 'fire.2', 'flack', 'flak']	Mx4rJVWDE7ZqEdmFRAACs6hRjg Mx4rvWAZ_5wpEbGdrcN5Y29ycA Mx4rvbfzAZwpEbGdrcN5Y29ycA
fire.3	opencyc: 2 classes match ['fire', 'fire.3', 'flame', 'flaming']	Mx4rJVWDE7ZqEdmFRAACs6hRjg Mx4rvVi8B5wpEbGdrcN5Y29ycA
first-step	opencyc: 2 classes match ['first-step', 'initiative', 'opening', 'opening-move']	Mx4rwDT2ZZwpEbGdrcN5Y29ycA Mx4rywOjZCZJEduAAAAOpmP6eA
fish	opencyc: 2 classes match ['fish']	Mx4rvVjfU5wpEbGdrcN5Y29ycA Mx8Ngh4rvVi-TJwpEbGdrcN5Y29ycB4rv4Tb5pwpEbGdrcN5Y29ycA
fish.2	opencyc: 2 classes match ['fish', 'fish.2']	Mx4rvVjfU5wpEbGdrcN5Y29ycA Mx8Ngh4rvVi-TJwpEbGdrcN5Y29ycB4rv4Tb5pwpEbGdrcN5Y29ycA
fit	opencyc: 2 classes match ['conniption', 'fit', 'scene', 'tantrum']	Mx4rvVjgF5wpEbGdrcN5Y29ycA Mx4rvVoXT5wpEbGdrcN5Y29ycA
fix	opencyc: 3 classes match ['fix', 'hole', 'jam', 'kettle-of-fish', 'mess', 'muddle', 'pickle']	Mx4rv-h7ypwpEbGdrcN5Y29ycA Mx4rwJYUXJwpEbGdrcN5Y29ycA Mx8Ngh4rwU6E5pwpEbGdrcN5Y29ycB4rv-h7ypwpEbGdrcN5Y29ycA
flare	opencyc: 3 classes match ['flare', 'flash']	Mx4rdMeA5LaeEdmFRQACs6hRjg Mx4rvVimA5wpEbGdrcN5Y29ycA Mx4rwPzqGpwpEbGdrcN5Y29ycA
flashlight	opencyc: 2 classes match ['flashlight', 'torch']	Mx4rvVj7WZwpEbGdrcN5Y29ycA Mx4rvVjc1pwpEbGdrcN5Y29ycA
flatware	opencyc: 2 classes match ['flatware', 'silver']	Mx4roqSMynS_EdaAAACgyZzFrg Mx4rvVj0tJwpEbGdrcN5Y29ycA
flood	yago: 2 classes match ['alluvion', 'deluge', 'flood', 'inundation']	Flood Inundation
floor.2	opencyc: 2 classes match ['floor', 'floor.2', 'level', 'storey', 'story']	Mx4rvViJ9ZwpEbGdrcN5Y29ycA Mx4rvVj4k5wpEbGdrcN5Y29ycA
flower	opencyc: 2 classes match ['flower']	Mx4rvVipFpwpEbGdrcN5Y29ycA Mx4rvVkGk5wpEbGdrcN5Y29ycA
fog	opencyc: 2 classes match ['fog']	Mx4rP9i8FSwaEdiUggAH6RYvSQ Mx4rvVjhR5wpEbGdrcN5Y29ycA
folk-music	opencyc: 2 classes match ['ethnic-music', 'folk', 'folk-music']	Mx4rd4S_iHS_EdaAAACgyZzFrg Mx4rvuj-7pwpEbGdrcN5Y29ycA
foot	opencyc: 2 classes match ['foot', 'human-foot', 'pes']	Mx4rvVi-k5wpEbGdrcN5Y29ycA Mx8Ngx4rwKSh9pwpEbGdrcN5Y29ycB4rIcwFloGUQdeMlsOWYLFB2x4rvVi-k5wpEbGdrcN5Y29ycA
football	opencyc: 3 classes match ['football', 'football-game']	Mx4rvVivEZwpEbGdrcN5Y29ycA Mx4rvViw3ZwpEbGdrcN5Y29ycA Mx4rvVj_R5wpEbGdrcN5Y29ycA
footstep	opencyc: 2 classes match ['footstep', 'pace', 'step', 'stride']	Mx4rc06f4skrEdmAAAACs6hRjg Mx4rvViItpwpEbGdrcN5Y29ycA
force	opencyc: 2 classes match ['force', 'forcefulness', 'strength']	Mx4rYmxx1hO_QdiX_dcQsHDtOg Mx4rvVkA6pwpEbGdrcN5Y29ycA
forest	yago: 2 classes match ['forest', 'timber', 'timberland', 'woodland']	Forest Woodland
form	opencyc: 2 classes match ['descriptor', 'form', 'signifier', 'word-form']	Mx4rvvIjwZwpEbGdrcN5Y29ycA Mx4rwTEDhpwpEbGdrcN5Y29ycA
form.2	yago: 2 classes match ['form', 'form.2', 'pattern', 'shape']	Pattern Shape
form.2	opencyc: 2 classes match ['form', 'form.2', 'pattern', 'shape']	Mx4rvVjndZwpEbGdrcN5Y29ycA Mx4rvvIjwZwpEbGdrcN5Y29ycA
foundation	opencyc: 3 classes match ['foundation']	Mx4rvVioJpwpEbGdrcN5Y29ycA Mx4rvVj3ApwpEbGdrcN5Y29ycA Mx4rvVowaJwpEbGdrcN5Y29ycA
foundation.2	opencyc: 3 classes match ['foundation', 'foundation.2']	Mx4rvVioJpwpEbGdrcN5Y29ycA Mx4rvVj3ApwpEbGdrcN5Y29ycA Mx4rvVowaJwpEbGdrcN5Y29ycA
fountain	opencyc: 2 classes match ['fount', 'fountain']	Mx4rvs83fZwpEbGdrcN5Y29ycA Mx4rvvhy25wpEbGdrcN5Y29ycA
frank	opencyc: 2 classes match ['dog', 'frank', 'frankfurter', 'hot-dog', 'hotdog', 'weenie', 'wiener', 'wienerwurst']	Mx4rvVjaoJwpEbGdrcN5Y29ycA Mx4rvgCqsJwpEbGdrcN5Y29ycA
fraud	yago: 2 classes match ['dupery', 'fraud', 'fraudulence', 'hoax', 'humbug', 'put-on']	Fraud Hoax
fraud	opencyc: 2 classes match ['dupery', 'fraud', 'fraudulence', 'hoax', 'humbug', 'put-on']	Mx4rv_TRaJwpEbGdrcN5Y29ycA Mx4rvrasypwpEbGdrcN5Y29ycA
frog	opencyc: 2 classes match ['anuran', 'batrachian', 'frog', 'salientian', 'toad', 'toad-frog']	Mx4rvVjcS5wpEbGdrcN5Y29ycA Mx4rvVjfqpwpEbGdrcN5Y29ycA
front	opencyc: 2 classes match ['front']	Mx4rvViEnJwpEbGdrcN5Y29ycA Mx4rvVj2oZwpEbGdrcN5Y29ycA
front.2	opencyc: 2 classes match ['front', 'front.2']	Mx4rvViEnJwpEbGdrcN5Y29ycA Mx4rvVj2oZwpEbGdrcN5Y29ycA
fruit	opencyc: 2 classes match ['fruit']	Mx4rvVjl1JwpEbGdrcN5Y29ycA Mx8Ngh4rwU6E5pwpEbGdrcN5Y29ycB4rvVjl1JwpEbGdrcN5Y29ycA
frustration	opencyc: 2 classes match ['defeat', 'frustration']	Mx4rvVi1hpwpEbGdrcN5Y29ycA Mx4rwO0NIJwpEbGdrcN5Y29ycA
fuel	opencyc: 2 classes match ['fuel']	Mx4rmKSWtEu3QGql-a9CjDenog Mx4rvVitW5wpEbGdrcN5Y29ycA
function	opencyc: 3 classes match ['function', 'map', 'mapping', 'mathematical-function', 'single-valued-function']	Mx4rvVjntJwpEbGdrcN5Y29ycA Mx4rvVxAsJwpEbGdrcN5Y29ycA Mx4rvdOOfpwpEbGdrcN5Y29ycA
function.2	opencyc: 2 classes match ['function', 'function.2', 'purpose', 'role', 'use']	Mx4rvViAA5wpEbGdrcN5Y29ycA Mx4rvVxAsJwpEbGdrcN5Y29ycA
function.2	bfo: 2 classes match ['function', 'function.2', 'purpose', 'role', 'use']	BFO_0000023 BFO_0000034
fur	opencyc: 2 classes match ['fur', 'pelt']	Mx4rvViB75wpEbGdrcN5Y29ycA Mx4rvgHmtpwpEbGdrcN5Y29ycA
fury	opencyc: 2 classes match ['fury', 'madness', 'rage']	Mx4rT-8jhsiWEdmAAACQJw5drg Mx4rvpkt9pwpEbGdrcN5Y29ycA
gallery	opencyc: 2 classes match ['art-gallery', 'gallery', 'picture-gallery']	Mx4rvydPlZwpEbGdrcN5Y29ycA Mx4rwB4KoZwpEbGdrcN5Y29ycA
gap	opencyc: 2 classes match ['crack', 'gap']	Mx4rKcNNdiTeQdeGX8Q4xfdiiQ Mx4rvV-KqJwpEbGdrcN5Y29ycA
gas	opencyc: 2 classes match ['gas', 'gaseous-state']	Mx4rvVi9X5wpEbGdrcN5Y29ycA Mx4rvVjFK5wpEbGdrcN5Y29ycA
gasoline	opencyc: 3 classes match ['gas', 'gasolene', 'gasoline', 'petrol']	Mx4rvVi9X5wpEbGdrcN5Y29ycA Mx4rvVjFK5wpEbGdrcN5Y29ycA Mx4rvVjxdpwpEbGdrcN5Y29ycA
gear	opencyc: 2 classes match ['gear', 'gear-mechanism']	Mx4rg3ceOrTdQdebtNZVPjQwpA Mx4rvVkBhZwpEbGdrcN5Y29ycA
gem	yago: 2 classes match ['gem', 'gemstone', 'stone']	Gemstone Stone
gem	opencyc: 3 classes match ['gem', 'gemstone', 'stone']	Mx4rvViOBJwpEbGdrcN5Y29ycA Mx4rwPudOZwpEbGdrcN5Y29ycA Mx4rwQCKX5wpEbGdrcN5Y29ycA
gene	opencyc: 2 classes match ['cistron', 'factor', 'gene']	Mx4rSWTK-c1YTl6N61gNag7Hmg Mx4rv0yv45wpEbGdrcN5Y29ycA
genius	opencyc: 3 classes match ['brain', 'brainiac', 'einstein', 'genius', 'mastermind']	Mx4rdzpz-ieEQdiAPbDOQBIJ2Q Mx4rsf0tAi9FQdiRvph3NxIxqw Mx4rvVjT65wpEbGdrcN5Y29ycA
gift	opencyc: 2 classes match ['gift']	Mx4rvymTcZwpEbGdrcN5Y29ycA Mx8NhB4rvcD6KJwpEbGdrcN5Y29ycB4rtM0npht0QdiUF94Dipp7Ph4rUhA0loCiEdeOJQACs6hcsx4rvVjEyJwpEbGdrcN5Y29ycA
girlfriend	opencyc: 4 classes match ['girl', 'girlfriend', 'lady-friend']	Mx4rvViBVZwpEbGdrcN5Y29ycA Mx8Ngh4rwQwX_pwpEbGdrcN5Y29ycB4rvVjPMJwpEbGdrcN5Y29ycA Mx8Ngh4rwQwgBJwpEbGdrcN5Y29ycB4rvVjW5ZwpEbGdrcN5Y29ycA Mx8NhB4rvcD6KJwpEbGdrcN5Y29ycB4rvViQ-ZwpEbGdrcN5Y29ycB4rvViV6JwpEbGdrcN5Y29ycB4rvViwMZwpEbGdrcN5Y29ycA
glass	opencyc: 4 classes match ['drinking-glass', 'glass']	Mx4rdfxw4LODR4uzau68m1Qksw Mx4rvViG-5wpEbGdrcN5Y29ycA Mx4rvVinrpwpEbGdrcN5Y29ycA Mx8Ngh4rwPzX0JwpEbGdrcN5Y29ycB4rvViG-5wpEbGdrcN5Y29ycA
glass.2	opencyc: 3 classes match ['glass', 'glass.2']	Mx4rdfxw4LODR4uzau68m1Qksw Mx4rvViG-5wpEbGdrcN5Y29ycA Mx8Ngh4rwPzX0JwpEbGdrcN5Y29ycB4rvViG-5wpEbGdrcN5Y29ycA
glue	opencyc: 3 classes match ['glue', 'gum', 'mucilage']	Mx4rvViWnZwpEbGdrcN5Y29ycA Mx4rvViXM5wpEbGdrcN5Y29ycA Mx4rwQBUGJwpEbGdrcN5Y29ycA
goal	opencyc: 3 classes match ['end', 'goal']	Mx4rvVifj5wpEbGdrcN5Y29ycA Mx4rvVj7A5wpEbGdrcN5Y29ycA Mx4rwPufMpwpEbGdrcN5Y29ycA
goal.2	opencyc: 3 classes match ['goal', 'goal.2']	Mx4rvVifj5wpEbGdrcN5Y29ycA Mx4rvVj7A5wpEbGdrcN5Y29ycA Mx4rwPufMpwpEbGdrcN5Y29ycA
goal.3	opencyc: 3 classes match ['goal', 'goal.3']	Mx4rvVifj5wpEbGdrcN5Y29ycA Mx4rvVj7A5wpEbGdrcN5Y29ycA Mx4rwPufMpwpEbGdrcN5Y29ycA
gold	opencyc: 4 classes match ['atomic-number-79', 'au', 'gold']	Mx4r7FSQ_nS6EdaAAACgyZzFrg Mx4rLYCdcghuEduVMwDggVaqog Mx4rvVigNJwpEbGdrcN5Y29ycA Mx8Ngh4rwBhyv5wpEbGdrcN5Y29ycB4rVatrfjxpQdeYF_pRFUhBDw
gossip	opencyc: 6 classes match ['comment', 'gossip', 'scuttlebutt']	Mx4rwpdQ1DDQQdiQi49jhUIk7A Mx8Ngx4roetDDHnoQdiI7eduDqEEtB8Ngx4rj8qOgHbmQdiTr4JtS3CS_h4rGs71ns4GEdmAAAACs6hRjg-nY3ljb3JwUmVmcmlnZXJhdG9yTWFzc0VtYWlsU2VuZGluZ190YXNrnQ Mx8Ngx4roetDDHnoQdiI7eduDqEEtB8Ngx4rj8qOgHbmQdiTr4JtS3CS_h4rlntv-M4EEdmAAAACs6hRjg-tcG9sbEV4ZWN1dGlvbk10Rm9yVGFza3NGcm9tSHVtYW5DeWNsaXN0c190YXNrgQ Mx8Ngx4roetDDHnoQdiI7eduDqEEtB8Ngx4rj8qOgHbmQdiTr4JtS3CS_h4rlntv-M4EEdmAAAACs6hRjg-tcG9sbEV4ZWN1dGlvbk10Rm9yVGFza3NGcm9tSHVtYW5DeWNsaXN0c190YXNrkg Mx8Ngx4roetDDHnoQdiI7eduDqEEtB8Ngx4rj8qOgHbmQdiTr4JtS3CS_h4rlntv-M4EEdmAAAACs6hRjg-tcG9sbEV4ZWN1dGlvbk10Rm9yVGFza3NGcm9tSHVtYW5DeWNsaXN0c190YXNrlQ Mx8Ngx4roetDDHnoQdiI7eduDqEEtB8Ngx4rj8qOgHbmQdiTr4JtS3CS_h4rlntv-M4EEdmAAAACs6hRjg-tcG9sbEV4ZWN1dGlvbk10Rm9yVGFza3NGcm9tSHVtYW5DeWNsaXN0c190YXNrmg
government	yago: 2 classes match ['authorities', 'government', 'regime']	Government Regime
gown	opencyc: 3 classes match ['gown', 'robe']	Mx4r6-Rd7IRSEdqAAAACs71DGQ Mx4rvVj7OZwpEbGdrcN5Y29ycA Mx4rwPRr4ZwpEbGdrcN5Y29ycA
grain.2	opencyc: 2 classes match ['cereal', 'food-grain', 'grain', 'grain.2']	Mx4rvVjMvZwpEbGdrcN5Y29ycA Mx4rvVjxRJwpEbGdrcN5Y29ycA
graph	opencyc: 2 classes match ['graph', 'graphical-record']	Mx4rVyhPOAVvQdiRoZcGVqZelQ Mx4rv_EUkZwpEbGdrcN5Y29ycA
grass	opencyc: 2 classes match ['grass']	Mx4rvViZVpwpEbGdrcN5Y29ycA Mx4rvViqnJwpEbGdrcN5Y29ycA
gratuity	opencyc: 2 classes match ['backsheesh', 'baksheesh', 'bakshis', 'bakshish', 'gratuity', 'pourboire', 'tip']	Mx4rwPzZpZwpEbGdrcN5Y29ycA Mx8NhB4rwP1IC5wpEbGdrcN5Y29ycB4rvV-_fJwpEbGdrcN5Y29ycB4rvVip_pwpEbGdrcN5Y29ycB4rvVjV2JwpEbGdrcN5Y29ycA
grave	yago: 2 classes match ['grave', 'tomb']	Grave Tomb
grave	opencyc: 2 classes match ['grave', 'tomb']	Mx4rwPzRXJwpEbGdrcN5Y29ycA Mx4rwQw2p5wpEbGdrcN5Y29ycA
greenhouse	opencyc: 2 classes match ['glasshouse', 'greenhouse', 'nursery']	Mx4rvVicgpwpEbGdrcN5Y29ycA Mx4rwLMRZZwpEbGdrcN5Y29ycA
greeting	yago: 2 classes match ['greeting', 'salutation']	Greeting Salutation
grimace	opencyc: 2 classes match ['face', 'grimace']	Mx4rvVi5GZwpEbGdrcN5Y29ycA Mx4rvVjFU5wpEbGdrcN5Y29ycA
grip.2	opencyc: 2 classes match ['adhesive-friction', 'grip', 'grip.2', 'traction']	Mx4rl7b5RCqhQdideezSqayjYg Mx4rvVim3pwpEbGdrcN5Y29ycA
grocery-store	opencyc: 4 classes match ['food-market', 'grocery', 'grocery-store', 'market']	Mx4rvVj2YpwpEbGdrcN5Y29ycA Mx4rvVjDcpwpEbGdrcN5Y29ycA Mx4rwQrqCZwpEbGdrcN5Y29ycA Mx8Ngh4rgOxtTBD1EduAAADggVbxzR4rvldq0ZwpEbGdrcN5Y29ycA
group	opencyc: 7 classes match ['group', 'grouping']	Mx4rvpe5e5wpEbGdrcN5Y29ycA Mx8Ngh4rk8FkyByASfy4ekR80cwMTA-FZ3JvdXA Mx8Ngx4rM-NwJnehQdiMmoz0XEc8Jx8Ngx4rj8qOgHbmQdiTr4JtS3CS_h4rGs71ns4GEdmAAAACs6hRjg-nY3ljb3JwUmVmcmlnZXJhdG9yTWFzc0VtYWlsU2VuZGluZ190YXNrhg Mx8Ngx4rM-NwJnehQdiMmoz0XEc8Jx8Ngx4rj8qOgHbmQdiTr4JtS3CS_h4rGs71ns4GEdmAAAACs6hRjg-nY3ljb3JwUmVmcmlnZXJhdG9yTWFzc0VtYWlsU2VuZGluZ190YXNroQ Mx8Ngx4rM-NwJnehQdiMmoz0XEc8Jx8Ngx4rj8qOgHbmQdiTr4JtS3CS_h4rLvmjms4EEdmAAAACs6hRjg-JcGluZ190YXNrhA Mx8Ngx4rM-NwJnehQdiMmoz0XEc8Jx8Ngx4rj8qOgHbmQdiTr4JtS3CS_h4rLvmjms4EEdmAAAACs6hRjg-NaW5pdGlhdGVfdGFza4E
guarantee	opencyc: 4 classes match ['guarantee', 'warrant', 'warrantee', 'warranty']	Mx4rJmTk9E2CQdmIGtQZCEkm0g Mx4rvVierZwpEbGdrcN5Y29ycA Mx4rvVjq8JwpEbGdrcN5Y29ycA Mx4rvb_pYpwpEbGdrcN5Y29ycA
guerrilla	opencyc: 2 classes match ['guerilla', 'guerrilla', 'insurgent', 'irregular']	Mx4rPgOJJStlEdiUgQAH6RYvSQ Mx4rowujBB7AQdiWtfaLp2Z13Q
guess	yago: 2 classes match ['conjecture', 'guess', 'hypothesis', 'speculation', 'supposition', 'surmisal', 'surmise']	Conjecture Hypothesis
guidance	opencyc: 3 classes match ['counsel', 'counseling', 'counselling', 'direction', 'guidance']	Mx4rvVjb25wpEbGdrcN5Y29ycA Mx4rvVjf85wpEbGdrcN5Y29ycA Mx8NhB4rvcD6KJwpEbGdrcN5Y29ycB4rvVjrDJwpEbGdrcN5Y29ycB4rvVi6fJwpEbGdrcN5Y29ycB4rvViOcJwpEbGdrcN5Y29ycA
guidepost	yago: 2 classes match ['guideline', 'guidepost', 'rule-of-thumb']	Guideline Rule_of_thumb
guidepost	opencyc: 2 classes match ['guideline', 'guidepost', 'rule-of-thumb']	Mx4rcQhb6hlDQdiLO7A0SoEuAw Mx4rvVi2opwpEbGdrcN5Y29ycA
gutter	opencyc: 3 classes match ['gutter', 'trough']	Mx4rSKVrDK6rEdqAAAAOpjlAWA Mx4rvViNKJwpEbGdrcN5Y29ycA Mx4rzQOUpCzgQdiawKHft_gCyg
hair	opencyc: 2 classes match ['hair']	Mx4rIDG-Mp88EdaAAACgycbRww Mx4rvVjOX5wpEbGdrcN5Y29ycA
hallway	opencyc: 2 classes match ['hall', 'hallway']	Mx4rvVieuJwpEbGdrcN5Y29ycA Mx4rwQBczJwpEbGdrcN5Y29ycA
hammer	opencyc: 2 classes match ['hammer']	Mx4rvVjSApwpEbGdrcN5Y29ycA Mx4rvqejL5wpEbGdrcN5Y29ycA
hand.2	opencyc: 2 classes match ['hand', 'hand.2', 'manus', 'mitt', 'paw']	Mx4rvViGVZwpEbGdrcN5Y29ycA Mx4rvVjDJJwpEbGdrcN5Y29ycA
hardware	opencyc: 5 classes match ['computer-hardware', 'hardware']	Mx4rhckEkQhuEduVNADggVaqog Mx4rvViQ2ZwpEbGdrcN5Y29ycA Mx4rvVjAYJwpEbGdrcN5Y29ycA Mx4rvVjYD5wpEbGdrcN5Y29ycA Mx8Ngx4rwEcGC5wpEbGdrcN5Y29ycB4rvVjYD5wpEbGdrcN5Y29ycB8Ngh4rwP1535wpEbGdrcN5Y29ycB4rvtDG45wpEbGdrcN5Y29ycA
hat	yago: 2 classes match ['chapeau', 'hat', 'lid']	Hat Lid
hat	opencyc: 2 classes match ['chapeau', 'hat', 'lid']	Mx4rvVilJZwpEbGdrcN5Y29ycA Mx4rvVj0VJwpEbGdrcN5Y29ycA
headroom	opencyc: 2 classes match ['clearance', 'headroom', 'headway']	Mx4rHLf7XnSyEdaAAACgyZzFrg Mx4rP9c1cywaEdiUggAH6RYvSQ
heart	opencyc: 3 classes match ['heart']	Mx4rv3nTTJwpEbGdrcN5Y29ycA Mx4rvVjvDpwpEbGdrcN5Y29ycA Mx4rvu5T8JwpEbGdrcN5Y29ycA
heart.2	opencyc: 5 classes match ['heart', 'heart.2', 'pump', 'ticker']	Mx4rv3nTTJwpEbGdrcN5Y29ycA Mx4rv8J6WZwpEbGdrcN5Y29ycA Mx4rvVjvDpwpEbGdrcN5Y29ycA Mx4rvu5T8JwpEbGdrcN5Y29ycA Mx4rwPvgt5wpEbGdrcN5Y29ycA
heart.3	opencyc: 3 classes match ['bosom', 'heart', 'heart.3']	Mx4rv3nTTJwpEbGdrcN5Y29ycA Mx4rvVjvDpwpEbGdrcN5Y29ycA Mx4rvu5T8JwpEbGdrcN5Y29ycA
heart.4	opencyc: 3 classes match ['heart', 'heart.4']	Mx4rv3nTTJwpEbGdrcN5Y29ycA Mx4rvVjvDpwpEbGdrcN5Y29ycA Mx4rvu5T8JwpEbGdrcN5Y29ycA
helping	opencyc: 3 classes match ['helping', 'portion', 'serving']	Mx4rsoMvA7diEdmFRQACs6hRjg Mx4rvXgsx5wpEbGdrcN5Y29ycA Mx4rwQBn8ZwpEbGdrcN5Y29ycA
hemisphere	opencyc: 4 classes match ['cerebral-hemisphere', 'hemisphere']	Mx4rvVj2hZwpEbGdrcN5Y29ycA Mx4rvigx5ZwpEbGdrcN5Y29ycA Mx4rwPSJjZwpEbGdrcN5Y29ycA Mx4ryStbyFITEdqAAAACs0uFOQ
hemisphere.2	opencyc: 3 classes match ['hemisphere', 'hemisphere.2']	Mx4rvVj2hZwpEbGdrcN5Y29ycA Mx4rwPSJjZwpEbGdrcN5Y29ycA Mx4ryStbyFITEdqAAAACs0uFOQ
hide	opencyc: 3 classes match ['hide', 'pelt', 'skin']	Mx4rvVjX3ZwpEbGdrcN5Y29ycA Mx4rvgHmtpwpEbGdrcN5Y29ycA Mx4rwDNtapwpEbGdrcN5Y29ycA
hierarchy	opencyc: 2 classes match ['hierarchy', 'pecking-order', 'power-structure']	Mx4rRoKBujAUQdiMhcWx9Evv3g Mx4rhnnXjDAUQdiJ2_1fK2LspA
history.3	yago: 2 classes match ['account', 'chronicle', 'history', 'history.3', 'story']	Chronicle History
history.3	opencyc: 3 classes match ['account', 'chronicle', 'history', 'history.3', 'story']	Mx4rTXWNgDjCEd2AAADggVbxzQ Mx4rvViJ9ZwpEbGdrcN5Y29ycA Mx4rvViJNJwpEbGdrcN5Y29ycA
hog	opencyc: 2 classes match ['grunter', 'hog', 'pig', 'squealer', 'sus-scrofa']	Mx4rvVi-fpwpEbGdrcN5Y29ycA Mx4rvViuYZwpEbGdrcN5Y29ycA
home	opencyc: 3 classes match ['home', 'nursing-home', 'rest-home']	Mx4rvVjmiZwpEbGdrcN5Y29ycA Mx4rwP1Z7JwpEbGdrcN5Y29ycA Mx8NhB4rkxkgaNzqEdmAAAACs6M1Wg-JcmVzdCBob21lHiu9WPbtnCkRsZ2tw3ljb3JwD6QzNDE2M2Y0Mi1mNGVkLTExZDktOWJlYS0wMDAyYjNhODViMGI
hoop	opencyc: 2 classes match ['hoop', 'ring']	Mx4rG_Z8dCeNQdib1a_HivbXtw Mx4rvVkAPZwpEbGdrcN5Y29ycA
horseshoe	opencyc: 2 classes match ['horseshoe', 'shoe']	Mx4rsj2dpr2mEdmAAAACs6hRjg Mx4rvVik6JwpEbGdrcN5Y29ycA
hospital	opencyc: 2 classes match ['hospital', 'infirmary']	Mx4rvViRwZwpEbGdrcN5Y29ycA Mx4rvVjptJwpEbGdrcN5Y29ycA
hostel	yago: 2 classes match ['auberge', 'hostel', 'hostelry', 'inn', 'lodge']	Hostel Inn
hotel	opencyc: 2 classes match ['hotel']	Mx4rvViIe5wpEbGdrcN5Y29ycA Mx4rwHkLf5wpEbGdrcN5Y29ycA
hour.2	opencyc: 2 classes match ['hour', 'hour.2', 'time-of-day']	Mx4rvViG9ZwpEbGdrcN5Y29ycA Mx4rvgEa3ZwpEbGdrcN5Y29ycA
housing	opencyc: 4 classes match ['housing', 'living-accommodations', 'lodging']	Mx4rPxTuyri5EdmAAAACs6hRjg Mx4rdMa9kraeEdmFRQACs6hRjg Mx4rvVibCZwpEbGdrcN5Y29ycA Mx4rvVjtDpwpEbGdrcN5Y29ycA
hovel	yago: 2 classes match ['hovel', 'hut', 'hutch', 'shack', 'shanty']	Hut Shack
human	opencyc: 2 classes match ['homo', 'human', 'human-being', 'man']	Mx4rIcwFloGUQdeMlsOWYLFB2w Mx4rvViyfpwpEbGdrcN5Y29ycA
human-body	opencyc: 9 classes match ['anatomy', 'bod', 'build', 'chassis', 'figure', 'flesh', 'form', 'frame', 'human-body', 'material-body', 'physical-body', 'physique', 'shape', 'soma']	Mx4rFMSQKHSuEdaAAACgyZzFrg Mx4rNbZw0lCtEdaAAABQ2rksLw Mx4rm_ejBWZJTd6avUw9poqilQ Mx4rvVjJvZwpEbGdrcN5Y29ycA Mx4rveQoDZwpEbGdrcN5Y29ycA Mx4rvj2qmJwpEbGdrcN5Y29ycA
hypothesis	yago: 2 classes match ['hypothesis', 'possibility', 'theory']	Hypothesis Theory
ideal	opencyc: 2 classes match ['apotheosis', 'ideal', 'nonesuch', 'nonpareil', 'nonsuch', 'paragon', 'saint']	Mx4rQw3ShjAGQdib1vMDMN65JQ Mx4rwQCWO5wpEbGdrcN5Y29ycA
illusion	opencyc: 2 classes match ['fancy', 'fantasy', 'illusion', 'phantasy']	Mx4r7QPqvHS7EdaAAACgyZzFrg Mx4r9BcelB7LQdiG6O4hSycdGw
imposter	opencyc: 3 classes match ['fake', 'faker', 'fraud', 'imposter', 'impostor', 'pretender', 'pseud', 'pseudo', 'role-player', 'sham', 'shammer']	Mx4rv9qHN5wpEbGdrcN5Y29ycA Mx4rv_TRaJwpEbGdrcN5Y29ycA Mx4rvcM17pwpEbGdrcN5Y29ycA
indemnity	opencyc: 3 classes match ['indemnity', 'insurance']	Mx4r4EyHQQhxEduVMgDggVaqog Mx4rLYABNQhuEduVMwDggVaqog Mx4rvVjirZwpEbGdrcN5Y29ycA
index	opencyc: 4 classes match ['forefinger', 'index', 'index-finger']	Mx4rJRbliLvdEdmAAAACs6hRjg Mx4rvVjQZ5wpEbGdrcN5Y29ycA Mx4rvtD0JZwpEbGdrcN5Y29ycA Mx4rwSiXsJwpEbGdrcN5Y29ycA
index.2	opencyc: 3 classes match ['index', 'index.2']	Mx4rJRbliLvdEdmAAAACs6hRjg Mx4rvtD0JZwpEbGdrcN5Y29ycA Mx4rwSiXsJwpEbGdrcN5Y29ycA
indigence	opencyc: 2 classes match ['indigence', 'need', 'pauperism', 'pauperization', 'penury']	Mx4roBL-XsCkEdmAAAACs6hRjg Mx4rvVkGrpwpEbGdrcN5Y29ycA
individual	opencyc: 2 classes match ['individual']	Mx4rvVjaApwpEbGdrcN5Y29ycA Mx4rvsaaeJwpEbGdrcN5Y29ycA
industry	opencyc: 3 classes match ['industry', 'manufacture']	Mx4rvVizBJwpEbGdrcN5Y29ycA Mx4rvVjiyJwpEbGdrcN5Y29ycA Mx4rvxQhVpwpEbGdrcN5Y29ycA
infection	opencyc: 5 classes match ['contagion', 'infection', 'transmission']	Mx4rvVi1oZwpEbGdrcN5Y29ycA Mx4rwQwvf5wpEbGdrcN5Y29ycA Mx8Ngh4rvV2GNJwpEbGdrcN5Y29ycB4r9TK2ru00EduAAAACs6hRXg Mx8Ngh4rvV2GNJwpEbGdrcN5Y29ycB4rL4Ysfu3eEduAAAACs6hRXg Mx8Ngh4rvV2GNJwpEbGdrcN5Y29ycB4rTX2aaO3uEduAAAACs6hRXg
influenza	opencyc: 2 classes match ['flu', 'grippe', 'influenza']	Mx4rwP1OkZwpEbGdrcN5Y29ycA Mx8Ngh4rwC0k0JwpEbGdrcN5Y29ycB4rpyBJYq_YEdyJ7wACs6hRYQ
initial	opencyc: 20 classes match ['initial']	Mx8Ngx4rfZAALH3rQdiNfpTlKkLy-R8Ngx4rj8qOgHbmQdiTr4JtS3CS_h4rGs71ns4GEdmAAAACs6hRjg-NaW5pdGlhdGVfdGFza60 Mx8Ngx4rfZAALH3rQdiNfpTlKkLy-R8Ngx4rj8qOgHbmQdiTr4JtS3CS_h4rGs71ns4GEdmAAAACs6hRjg-nY3ljb3JwUmVmcmlnZXJhdG9yTWFzc0VtYWlsU2VuZGluZ190YXNrhA Mx8Ngx4rfZAALH3rQdiNfpTlKkLy-R8Ngx4rj8qOgHbmQdiTr4JtS3CS_h4rGs71ns4GEdmAAAACs6hRjg-nY3ljb3JwUmVmcmlnZXJhdG9yTWFzc0VtYWlsU2VuZGluZ190YXNrhw Mx8Ngx4rfZAALH3rQdiNfpTlKkLy-R8Ngx4rj8qOgHbmQdiTr4JtS3CS_h4rGs71ns4GEdmAAAACs6hRjg-nY3ljb3JwUmVmcmlnZXJhdG9yTWFzc0VtYWlsU2VuZGluZ190YXNrkA Mx8Ngx4rfZAALH3rQdiNfpTlKkLy-R8Ngx4rj8qOgHbmQdiTr4JtS3CS_h4rGs71ns4GEdmAAAACs6hRjg-nY3ljb3JwUmVmcmlnZXJhdG9yTWFzc0VtYWlsU2VuZGluZ190YXNrnw Mx8Ngx4rfZAALH3rQdiNfpTlKkLy-R8Ngx4rj8qOgHbmQdiTr4JtS3CS_h4rGs71ns4GEdmAAAACs6hRjg-nY3ljb3JwUmVmcmlnZXJhdG9yTWFzc0VtYWlsU2VuZGluZ190YXNrog
injury	opencyc: 6 classes match ['harm', 'hurt', 'injury', 'trauma']	Mx4r9p9oM6gAEdudWQACs5b6Bw Mx4rvWKT6pwpEbGdrcN5Y29ycA Mx4rwP1lHpwpEbGdrcN5Y29ycA Mx8Ngh4rvV2GNJwpEbGdrcN5Y29ycB4rYf6WBu3iEduAAAACs6hRXg Mx8Ngh4rvV2GNJwpEbGdrcN5Y29ycB4rbYlYwO05EduAAAACs6hRXg Mx8Ngh4rvV2GNJwpEbGdrcN5Y29ycB4rd8CM6O3wEduAAAACs6hRXg
instrument	opencyc: 2 classes match ['instrument']	Mx4rTMBVhL2oEdmAAAACs6hRjg Mx8NhB4rvcD6KJwpEbGdrcN5Y29ycB4rvVj27ZwpEbGdrcN5Y29ycB4rvV1Os5wpEbGdrcN5Y29ycB4rvViADZwpEbGdrcN5Y29ycA
insurgent	opencyc: 2 classes match ['freedom-fighter', 'insurgent', 'insurrectionist', 'rebel']	Mx4rJjumdhVRQdiRIeGWZlNQog Mx4rPgOJJStlEdiUgQAH6RYvSQ
intelligence.2	opencyc: 2 classes match ['intelligence', 'intelligence-agency', 'intelligence-service', 'intelligence.2']	Mx4rvVi345wpEbGdrcN5Y29ycA Mx4rwGENo5wpEbGdrcN5Y29ycA
intersection	opencyc: 2 classes match ['carrefour', 'crossing', 'crossroad', 'crossway', 'intersection']	Mx4rvzl6RJwpEbGdrcN5Y29ycA Mx4rwPK0K5wpEbGdrcN5Y29ycA
invention	yago: 2 classes match ['conception', 'design', 'excogitation', 'innovation', 'invention']	Design Invention
invention	opencyc: 2 classes match ['conception', 'design', 'excogitation', 'innovation', 'invention']	Mx4rnNiNDFAWRRmGpndEWaB_aw Mx4rvVivMpwpEbGdrcN5Y29ycA
invitation	opencyc: 2 classes match ['invitation']	Mx4rwP1hy5wpEbGdrcN5Y29ycA Mx4rwP1kPZwpEbGdrcN5Y29ycA
invoice	opencyc: 4 classes match ['account', 'bill', 'invoice']	Mx4rTXWNgDjCEd2AAADggVbxzQ Mx4rprrLrnm4QdeCAddbPhbqXw Mx4rvVjXsZwpEbGdrcN5Y29ycA Mx4rvVjoqZwpEbGdrcN5Y29ycA
iron	opencyc: 2 classes match ['atomic-number-26', 'fe', 'iron']	Mx4rvVjKRJwpEbGdrcN5Y29ycA Mx4rwPzhPZwpEbGdrcN5Y29ycA
island	opencyc: 2 classes match ['island']	Mx4rb72jtGnfT0eDS9jaTHgfew Mx4rvVi7OZwpEbGdrcN5Y29ycA
ivory	opencyc: 2 classes match ['ivory', 'tusk']	Mx4rvVjL-5wpEbGdrcN5Y29ycA Mx4rvVjfBZwpEbGdrcN5Y29ycA
jersey	opencyc: 2 classes match ['jersey', 't-shirt', 'tee-shirt']	Mx4rvVjmO5wpEbGdrcN5Y29ycA Mx4rwPvS1pwpEbGdrcN5Y29ycA
jewel	opencyc: 2 classes match ['gem', 'jewel', 'precious-stone']	Mx4rv3n4yJwpEbGdrcN5Y29ycA Mx4rwQCKX5wpEbGdrcN5Y29ycA
job	opencyc: 14 classes match ['chore', 'job', 'task']	Mx4rUb4rEsT0EdaYuQABAkLVTg Mx4rvVjWt5wpEbGdrcN5Y29ycA Mx4rvWWQqpwpEbGdrcN5Y29ycA Mx8Ngx4rYBPY1HnHQdiRo4r8fC4RIR8Ngx4rj8qOgHbmQdiTr4JtS3CS_h4rGs71ns4GEdmAAAACs6hRjg-nY3ljb3JwUmVmcmlnZXJhdG9yTWFzc0VtYWlsU2VuZGluZ190YXNrpQ Mx8Ngx4rYBPY1HnHQdiRo4r8fC4RIR8Ngx4rj8qOgHbmQdiTr4JtS3CS_h4rGs71ns4GEdmAAAACs6hRjg-nY3ljb3JwUmVmcmlnZXJhdG9yTWFzc0VtYWlsU2VuZGluZ190YXNrqg Mx8Ngx4rYBPY1HnHQdiRo4r8fC4RIR8Ngx4rj8qOgHbmQdiTr4JtS3CS_h4rGs71ns4GEdmAAAACs6hRjg-sc3RhcnRDeWNvcnBSZWZyaWdlcmF0b3JNYXNzRW1haWxTZW5kaW5nX3Rhc2uC
job.2	opencyc: 2 classes match ['job', 'job.2']	Mx4rvVjWt5wpEbGdrcN5Y29ycA Mx4rvWWQqpwpEbGdrcN5Y29ycA
joint	opencyc: 2 classes match ['joint']	Mx4r4wAZortWEdmAAAACs6hRjg Mx4rvVjjdpwpEbGdrcN5Y29ycA
joint.2	opencyc: 2 classes match ['articulatio', 'articulation', 'joint', 'joint.2']	Mx4r4wAZortWEdmAAAACs6hRjg Mx4rvVjjdpwpEbGdrcN5Y29ycA
joke	opencyc: 2 classes match ['gag', 'jape', 'jest', 'joke', 'laugh']	Mx4rSxQFOCtAQdiRrIcBkBvGcw Mx4rv53uM5wpEbGdrcN5Y29ycA
junction	opencyc: 2 classes match ['junction']	Mx4rwPu9xJwpEbGdrcN5Y29ycA Mx4ryYINeLtWEdmAAAACs6hRjg
jury.2	opencyc: 2 classes match ['jury', 'jury.2', 'panel']	Mx4rkFQMsIDDQdeN4NhGWur4bg Mx4rvVjG1pwpEbGdrcN5Y29ycA
kettle	opencyc: 2 classes match ['boiler', 'kettle']	Mx4rvViMo5wpEbGdrcN5Y29ycA Mx4rwU6bAZwpEbGdrcN5Y29ycA
key	opencyc: 2 classes match ['key']	Mx4rvVjruZwpEbGdrcN5Y29ycA Mx4rvVkAw5wpEbGdrcN5Y29ycA
key.2	opencyc: 2 classes match ['key', 'key.2', 'tonality']	Mx4rvVjruZwpEbGdrcN5Y29ycA Mx4rvVkAw5wpEbGdrcN5Y29ycA
key.3	opencyc: 2 classes match ['key', 'key.3']	Mx4rvVjruZwpEbGdrcN5Y29ycA Mx4rvVkAw5wpEbGdrcN5Y29ycA
kin	yago: 2 classes match ['clan', 'kin', 'kin-group', 'kindred', 'kinship-group', 'tribe']	Clan Tribe
king	opencyc: 2 classes match ['king']	Mx4ra0itqA02QL2aXxE0rTN1Dg Mx4rvVjnNpwpEbGdrcN5Y29ycA
king.2	opencyc: 2 classes match ['king', 'king.2']	Mx4ra0itqA02QL2aXxE0rTN1Dg Mx4rvVjnNpwpEbGdrcN5Y29ycA
king.3	opencyc: 2 classes match ['king', 'king.3', 'male-monarch', 'rex']	Mx4ra0itqA02QL2aXxE0rTN1Dg Mx4rvVjnNpwpEbGdrcN5Y29ycA
kingdom.2	yago: 2 classes match ['kingdom', 'kingdom.2', 'land', 'realm']	Land Realm
kinship	opencyc: 3 classes match ['family-relationship', 'kinship', 'relationship']	Mx4rvViAzZwpEbGdrcN5Y29ycA Mx4rvVjZa5wpEbGdrcN5Y29ycA Mx4rvWbjKJwpEbGdrcN5Y29ycA
kite	opencyc: 2 classes match ['kite']	Mx4rvV3kTpwpEbGdrcN5Y29ycA Mx4rwFVtrpwpEbGdrcN5Y29ycA
knee	opencyc: 2 classes match ['articulatio-genus', 'genu', 'human-knee', 'knee', 'knee-joint']	Mx4rvVjPKZwpEbGdrcN5Y29ycA Mx4rwCuaYZwpEbGdrcN5Y29ycA
knight	opencyc: 3 classes match ['horse', 'knight']	Mx4rsfxV3p1OSwmVHbdSvG8c9g Mx4rv2v9cpwpEbGdrcN5Y29ycA Mx4rwQBg3ZwpEbGdrcN5Y29ycA
koran	"opencyc: 3 classes match [""al-qur'an"", 'book', 'koran', 'quran']"	Mx4rvVjmq5wpEbGdrcN5Y29ycA Mx4rwJaXepwpEbGdrcN5Y29ycA Mx8Ngh4rwBbgNJwpEbGdrcN5Y29ycB4rvVjmq5wpEbGdrcN5Y29ycA
laborer	opencyc: 2 classes match ['jack', 'laborer', 'labourer', 'manual-laborer']	Mx4rvVjgLJwpEbGdrcN5Y29ycA Mx4rvnG63JwpEbGdrcN5Y29ycA
land	opencyc: 3 classes match ['dry-land', 'earth', 'ground', 'land', 'solid-ground', 'terra-firma']	Mx4rvVjQsJwpEbGdrcN5Y29ycA Mx4rwPuiRJwpEbGdrcN5Y29ycA Mx8Ngh4rwPzX0JwpEbGdrcN5Y29ycB4rwPuiRJwpEbGdrcN5Y29ycA
law.2	opencyc: 2 classes match ['law', 'law.2', 'natural-law']	Mx4rtw6J_MiwEdmAAAACs6hRjg Mx4rvV1TLJwpEbGdrcN5Y29ycA
lawsuit	opencyc: 4 classes match ['case', 'causa', 'cause', 'lawsuit', 'suit']	Mx4rMq1fzMu1S9SX_p0XQ4bWDw Mx4rvVj8upwpEbGdrcN5Y29ycA Mx4rvvcaSJwpEbGdrcN5Y29ycA Mx4rwRZOgJwpEbGdrcN5Y29ycA
layer	opencyc: 2 classes match ['layer']	Mx4rve4lGpwpEbGdrcN5Y29ycA Mx8NhB4rvcD6KJwpEbGdrcN5Y29ycB4rvVj27ZwpEbGdrcN5Y29ycB4rzKl_BN4eEdqAAAACs71DGR4rXMwQRnS7EdaAAACgyZzFrg
lead.4	opencyc: 2 classes match ['lead', 'lead.4', 'track', 'trail']	Mx4rvVkK_ZwpEbGdrcN5Y29ycA Mx4rwP1K_pwpEbGdrcN5Y29ycA
leader	opencyc: 4 classes match ['leader']	Mx4rwQr5eJwpEbGdrcN5Y29ycA Mx8NhB4rvcD6KJwpEbGdrcN5Y29ycB4rvViAkpwpEbGdrcN5Y29ycB4rvBf1_NaSQdieY_gD8phnsh4rvViAkpwpEbGdrcN5Y29ycA Mx8NhB4rvcD6KJwpEbGdrcN5Y29ycB4rvVinb5wpEbGdrcN5Y29ycB4rvVjVTpwpEbGdrcN5Y29ycB8Ngh4rwP1535wpEbGdrcN5Y29ycB4rvVinb5wpEbGdrcN5Y29ycA Mx8NhB4rwP1IC5wpEbGdrcN5Y29ycB4rvViAkpwpEbGdrcN5Y29ycB4rtlvGJtaRQdiCcI6D7KUNHR4rvViAkpwpEbGdrcN5Y29ycA
leaf	opencyc: 2 classes match ['foliage', 'leaf', 'leafage']	Mx4rvVjvNZwpEbGdrcN5Y29ycA Mx8Ngh4rwP1_U5wpEbGdrcN5Y29ycB4rvVjvNZwpEbGdrcN5Y29ycA
learner	opencyc: 2 classes match ['assimilator', 'learner', 'scholar']	Mx4r9CPswCsrQdiQdqWesNiPBg Mx8NhB4rcacO5KgcQdidVfCUDYB6bg-HU2Nob2xhch4rvVii2ZwpEbGdrcN5Y29ycA-kZjE1ZGRjZDgtMzZhNy00MWRhLTliYjAtYmZkN2Q5ZGJkMmFi
leash	opencyc: 2 classes match ['lead', 'leash', 'tether']	Mx4rvVkK_ZwpEbGdrcN5Y29ycA Mx4rwQrvtZwpEbGdrcN5Y29ycA
lecture	opencyc: 2 classes match ['lecture', 'lecturing']	Mx4rvVjIU5wpEbGdrcN5Y29ycA Mx4rvqF_7pwpEbGdrcN5Y29ycA
leg	opencyc: 2 classes match ['leg']	Mx4rvViYzZwpEbGdrcN5Y29ycA Mx4rvVj7SJwpEbGdrcN5Y29ycA
leg.2	opencyc: 2 classes match ['leg', 'leg.2']	Mx4rvViYzZwpEbGdrcN5Y29ycA Mx4rvVj7SJwpEbGdrcN5Y29ycA
legal-document	opencyc: 3 classes match ['instrument', 'legal-document', 'legal-instrument', 'official-document']	Mx4rTMBVhL2oEdmAAAACs6hRjg Mx4rvViXG5wpEbGdrcN5Y29ycA Mx8NhB4rvcD6KJwpEbGdrcN5Y29ycB4rvVj27ZwpEbGdrcN5Y29ycB4rvV1Os5wpEbGdrcN5Y29ycB4rvViADZwpEbGdrcN5Y29ycA
legal-profession	yago: 2 classes match ['bar', 'legal-community', 'legal-profession']	Bar Legal_profession
legal-profession	opencyc: 3 classes match ['bar', 'legal-community', 'legal-profession']	Mx4rvVjyPJwpEbGdrcN5Y29ycA Mx4rvWBWWpwpEbGdrcN5Y29ycA Mx4rvnXyPpwpEbGdrcN5Y29ycA
legend	yago: 2 classes match ['fable', 'legend']	Fable Legend
legend	opencyc: 2 classes match ['fable', 'legend']	Mx4rv2bzqJwpEbGdrcN5Y29ycA Mx4rvViJsZwpEbGdrcN5Y29ycA
legislature	yago: 2 classes match ['general-assembly', 'law-makers', 'legislative-assembly', 'legislative-body', 'legislature']	Legislative_assembly Legislature
lemon	opencyc: 2 classes match ['lemon', 'stinker']	Mx8Ngh4rvVipdpwpEbGdrcN5Y29ycB4rvVicb5wpEbGdrcN5Y29ycA Mx8Ngh4rwU6E5pwpEbGdrcN5Y29ycB8Ngh4rvVipdpwpEbGdrcN5Y29ycB4rvVicb5wpEbGdrcN5Y29ycA
lemon.2	opencyc: 2 classes match ['lemon', 'lemon.2']	Mx8Ngh4rvVipdpwpEbGdrcN5Y29ycB4rvVicb5wpEbGdrcN5Y29ycA Mx8Ngh4rwU6E5pwpEbGdrcN5Y29ycB8Ngh4rvVipdpwpEbGdrcN5Y29ycB4rvVicb5wpEbGdrcN5Y29ycA
letter	opencyc: 2 classes match ['letter', 'missive']	Mx4rvq7pm5wpEbGdrcN5Y29ycA Mx4rwSNjZZwpEbGdrcN5Y29ycA
letter.2	opencyc: 3 classes match ['alphabetic-character', 'letter', 'letter-of-the-alphabet', 'letter.2']	Mx4rvq7pm5wpEbGdrcN5Y29ycA Mx4rwA1vh5wpEbGdrcN5Y29ycA Mx4rwSNjZZwpEbGdrcN5Y29ycA
level	opencyc: 2 classes match ['layer', 'level', 'stratum']	Mx4rve4lGpwpEbGdrcN5Y29ycA Mx8NhB4rvcD6KJwpEbGdrcN5Y29ycB4rvVj27ZwpEbGdrcN5Y29ycB4rzKl_BN4eEdqAAAACs71DGR4rXMwQRnS7EdaAAACgyZzFrg
library	opencyc: 4 classes match ['library']	Mx4ru41tNCaOQdeei6b7OtKxmg Mx4rvVjknJwpEbGdrcN5Y29ycA Mx4rvVjzh5wpEbGdrcN5Y29ycA Mx4rvVkHa5wpEbGdrcN5Y29ycA
life	opencyc: 2 classes match ['life']	Mx4r_C5-vdedT1-x-p7fjfyAAQ Mx4rv4YeppwpEbGdrcN5Y29ycA
light-bulb	opencyc: 2 classes match ['bulb', 'electric-light', 'electric-light-bulb', 'incandescent-lamp', 'light-bulb', 'lightbulb']	Mx4rMgnAuqUkEd2AAABQjYGu0g Mx4rvVjxSJwpEbGdrcN5Y29ycA
link	opencyc: 2 classes match ['link', 'linkup', 'tie', 'tie-in']	Mx4rv5t8XpwpEbGdrcN5Y29ycA Mx4rwP1V5ZwpEbGdrcN5Y29ycA
liquid	opencyc: 2 classes match ['liquid']	Mx4rvVjSoJwpEbGdrcN5Y29ycA Mx4rvVkJSJwpEbGdrcN5Y29ycA
list	opencyc: 6 classes match ['list', 'listing']	Mx4r4QYKtA4dQdecRak4K1sgXQ Mx4rGxWKcVL1EdaCtgACs0uXdw Mx4rvVjYvpwpEbGdrcN5Y29ycA Mx4rvtUAU5wpEbGdrcN5Y29ycA Mx8Ngh4r_9MKDLvoEdmAAAACs6hRjh4rvVjYvpwpEbGdrcN5Y29ycA Mx8Ngh4rvmtxnJwpEbGdrcN5Y29ycB4rvViA9JwpEbGdrcN5Y29ycA
livestock	opencyc: 3 classes match ['farm-animal', 'livestock', 'stock']	Mx4rvVivc5wpEbGdrcN5Y29ycA Mx4rv_aGXJwpEbGdrcN5Y29ycA Mx4rvp2OapwpEbGdrcN5Y29ycA
lobby	opencyc: 2 classes match ['lobby', 'pressure-group', 'third-house']	Mx4rn5PYAsseEdmAAAACs6hRjg Mx4rvViNB5wpEbGdrcN5Y29ycA
lock	opencyc: 2 classes match ['lock']	Mx4rvVjdWpwpEbGdrcN5Y29ycA Mx4rvVjgZZwpEbGdrcN5Y29ycA
lock.2	opencyc: 2 classes match ['curl', 'lock', 'lock.2', 'ringlet', 'whorl']	Mx4rvVjdWpwpEbGdrcN5Y29ycA Mx4rvVjgZZwpEbGdrcN5Y29ycA
locomotive	yago: 2 classes match ['engine', 'locomotive', 'locomotive-engine', 'railway-locomotive']	Engine Locomotive
locomotive	opencyc: 2 classes match ['engine', 'locomotive', 'locomotive-engine', 'railway-locomotive']	Mx4rvVjOxJwpEbGdrcN5Y29ycA Mx4rvZJQDJwpEbGdrcN5Y29ycA
log	opencyc: 28 classes match ['log']	Mx4rvVjRxZwpEbGdrcN5Y29ycA Mx4rvVjVkJwpEbGdrcN5Y29ycA Mx8Ngx4r3lrOXnk3QdiMFqUDV1_jbh8Ngx4rj8qOgHbmQdiTr4JtS3CS_h4rGs71ns4GEdmAAAACs6hRjg-nY3ljb3JwUmVmcmlnZXJhdG9yTWFzc0VtYWlsU2VuZGluZ190YXNrhQ Mx8Ngx4r3lrOXnk3QdiMFqUDV1_jbh8Ngx4rj8qOgHbmQdiTr4JtS3CS_h4rGs71ns4GEdmAAAACs6hRjg-nY3ljb3JwUmVmcmlnZXJhdG9yTWFzc0VtYWlsU2VuZGluZ190YXNrjg Mx8Ngx4r3lrOXnk3QdiMFqUDV1_jbh8Ngx4rj8qOgHbmQdiTr4JtS3CS_h4rGs71ns4GEdmAAAACs6hRjg-nY3ljb3JwUmVmcmlnZXJhdG9yTWFzc0VtYWlsU2VuZGluZ190YXNrlA Mx8Ngx4r3lrOXnk3QdiMFqUDV1_jbh8Ngx4rj8qOgHbmQdiTr4JtS3CS_h4rGs71ns4GEdmAAAACs6hRjg-nY3ljb3JwUmVmcmlnZXJhdG9yTWFzc0VtYWlsU2VuZGluZ190YXNrlg
logarithm	opencyc: 28 classes match ['log', 'logarithm']	Mx4rvVjRxZwpEbGdrcN5Y29ycA Mx4rvVjVkJwpEbGdrcN5Y29ycA Mx8Ngx4r3lrOXnk3QdiMFqUDV1_jbh8Ngx4rj8qOgHbmQdiTr4JtS3CS_h4rGs71ns4GEdmAAAACs6hRjg-nY3ljb3JwUmVmcmlnZXJhdG9yTWFzc0VtYWlsU2VuZGluZ190YXNrhQ Mx8Ngx4r3lrOXnk3QdiMFqUDV1_jbh8Ngx4rj8qOgHbmQdiTr4JtS3CS_h4rGs71ns4GEdmAAAACs6hRjg-nY3ljb3JwUmVmcmlnZXJhdG9yTWFzc0VtYWlsU2VuZGluZ190YXNrjg Mx8Ngx4r3lrOXnk3QdiMFqUDV1_jbh8Ngx4rj8qOgHbmQdiTr4JtS3CS_h4rGs71ns4GEdmAAAACs6hRjg-nY3ljb3JwUmVmcmlnZXJhdG9yTWFzc0VtYWlsU2VuZGluZ190YXNrlA Mx8Ngx4r3lrOXnk3QdiMFqUDV1_jbh8Ngx4rj8qOgHbmQdiTr4JtS3CS_h4rGs71ns4GEdmAAAACs6hRjg-nY3ljb3JwUmVmcmlnZXJhdG9yTWFzc0VtYWlsU2VuZGluZ190YXNrlg
looking-glass	opencyc: 3 classes match ['glass', 'looking-glass']	Mx4rdfxw4LODR4uzau68m1Qksw Mx4rvViG-5wpEbGdrcN5Y29ycA Mx8Ngh4rwPzX0JwpEbGdrcN5Y29ycB4rvViG-5wpEbGdrcN5Y29ycA
lookout	opencyc: 5 classes match ['lookout', 'lookout-man', 'picket', 'scout', 'sentinel', 'sentry', 'spotter', 'watch']	Mx4rgOhA8DDxQdiQYvdQMza9QQ Mx4riBqHritFQdiCkqfW4N6Esw Mx4rvwP3X5wpEbGdrcN5Y29ycA Mx4ryPJOODDbQdic45ams7ynvA Mx8NhB4rcacO5KgcQdidVfCUDYB6bg-Gc2VudHJ5Hiu9WKLZnCkRsZ2tw3ljb3JwD6RjY2JhM2RmYS0xN2I3LTQxZDktOWY5ZS1lM2ExY2Q1NjVlNjc
looting	yago: 2 classes match ['looting', 'robbery']	Looting Robbery
lottery	yago: 2 classes match ['drawing', 'lottery']	Drawing Lottery
lottery	opencyc: 3 classes match ['drawing', 'lottery']	Mx4rv1jl05wpEbGdrcN5Y29ycA Mx4rwKLFE5wpEbGdrcN5Y29ycA Mx4rwQw3a5wpEbGdrcN5Y29ycA
loudspeaker	opencyc: 2 classes match ['loudspeaker', 'loudspeaker-system', 'speaker', 'speaker-system', 'speaker-unit']	Mx4rrOEB4orLEduAAAACs6hRXg Mx4rvVjNNJwpEbGdrcN5Y29ycA
love	opencyc: 2 classes match ['love', 'passion']	Mx4rvViUM5wpEbGdrcN5Y29ycA Mx4rvViwd5wpEbGdrcN5Y29ycA
luck	opencyc: 2 classes match ['chance', 'fortune', 'hazard', 'luck']	Mx4rTHlb9CtOQdiCavVbgHo29w Mx4rwPG60pwpEbGdrcN5Y29ycA
luggage-compartment	opencyc: 4 classes match ['automobile-trunk', 'luggage-compartment', 'trunk']	Mx4rvVjZmpwpEbGdrcN5Y29ycA Mx4rvVjfQpwpEbGdrcN5Y29ycA Mx4rwDtNw5wpEbGdrcN5Y29ycA Mx4rwQBooJwpEbGdrcN5Y29ycA
magazine	opencyc: 4 classes match ['magazine']	Mx4rvViXeJwpEbGdrcN5Y29ycA Mx4rwIgEYZwpEbGdrcN5Y29ycA Mx4rwQ7-8pwpEbGdrcN5Y29ycA Mx8Ngh4rvc4rXZwpEbGdrcN5Y29ycB4rwIgEYZwpEbGdrcN5Y29ycA
mail.2	opencyc: 5 classes match ['mail', 'mail-service', 'mail.2', 'post', 'postal-service']	Mx4r5GEqFhGcQdmWOIdJxplpog Mx4rItfCeZd7S8GPIbGOVru3Zw Mx4rbhObWOVxQdeFMqNFa0EPWg Mx4rwPKtHpwpEbGdrcN5Y29ycA Mx4rwQrqpJwpEbGdrcN5Y29ycA
male-child	opencyc: 4 classes match ['boy', 'male-child']	Mx4rvVkMQJwpEbGdrcN5Y29ycA Mx8Ngh4rwQwVUJwpEbGdrcN5Y29ycB4rvVibepwpEbGdrcN5Y29ycA Mx8Ngh4rwQwgBJwpEbGdrcN5Y29ycB4rvVjWoZwpEbGdrcN5Y29ycA Mx8NhB4rvcD6KJwpEbGdrcN5Y29ycB4rvVjpQ5wpEbGdrcN5Y29ycB4rvViK15wpEbGdrcN5Y29ycB4rvViwMZwpEbGdrcN5Y29ycA
management	opencyc: 4 classes match ['direction', 'management']	Mx4rv84DxJwpEbGdrcN5Y29ycA Mx4rvVjb25wpEbGdrcN5Y29ycA Mx4rvVjf85wpEbGdrcN5Y29ycA Mx8NhB4rvcD6KJwpEbGdrcN5Y29ycB4rvVjrDJwpEbGdrcN5Y29ycB4rvVi6fJwpEbGdrcN5Y29ycB4rvViOcJwpEbGdrcN5Y29ycA
mannequin	opencyc: 3 classes match ['fashion-model', 'manakin', 'manikin', 'mannequin', 'mannikin', 'model']	Mx4rYyppKCwcQdiaFPpNRwVu9w Mx4rv7CrT5wpEbGdrcN5Y29ycA Mx4rvgEO8ZwpEbGdrcN5Y29ycA
manufacturer	opencyc: 2 classes match ['manufacturer', 'producer']	Mx4rR-GpAisyEdiaugAH6RYvVQ Mx4rvVjvI5wpEbGdrcN5Y29ycA
manuscript	opencyc: 4 classes match ['manuscript', 'ms']	Mx4rCbA9omJhEd2AAADggVfs8g Mx4rTFCPhMcbEdmAAAACs6hRjg Mx4rvVi9FJwpEbGdrcN5Y29ycA Mx4rvVjn9ZwpEbGdrcN5Y29ycA
map	opencyc: 2 classes match ['map']	Mx4rvVjntJwpEbGdrcN5Y29ycA Mx4rvdOOfpwpEbGdrcN5Y29ycA
marathon	opencyc: 2 classes match ['marathon']	Mx4rvVjDJpwpEbGdrcN5Y29ycA Mx4rvVkDKJwpEbGdrcN5Y29ycA
marble	opencyc: 2 classes match ['marble']	Mx4rv_Smo5wpEbGdrcN5Y29ycA Mx4rwP1ggZwpEbGdrcN5Y29ycA
marble.2	opencyc: 2 classes match ['marble', 'marble.2']	Mx4rv_Smo5wpEbGdrcN5Y29ycA Mx4rwP1ggZwpEbGdrcN5Y29ycA
marriage	yago: 2 classes match ['marriage', 'marriage-ceremony', 'wedding']	Marriage Wedding
marriage	opencyc: 3 classes match ['marriage', 'marriage-ceremony', 'wedding']	Mx4r4zP7pESDQdmSdPFzGzSRAg Mx4rvVkGOpwpEbGdrcN5Y29ycA Mx4rwIp2aZwpEbGdrcN5Y29ycA
marriage.2	opencyc: 3 classes match ['man-and-wife', 'marriage', 'marriage.2', 'married-couple']	Mx4r4zP7pESDQdmSdPFzGzSRAg Mx4rvvJdfJwpEbGdrcN5Y29ycA Mx4rwIp2aZwpEbGdrcN5Y29ycA
marriage.3	opencyc: 2 classes match ['marriage', 'marriage.3', 'matrimony', 'spousal-relationship', 'union', 'wedlock']	Mx4r4zP7pESDQdmSdPFzGzSRAg Mx4rwIp2aZwpEbGdrcN5Y29ycA
marsh	yago: 2 classes match ['fen', 'fenland', 'marsh', 'marshland']	Fen Marsh
match	opencyc: 2 classes match ['friction-match', 'lucifer', 'match']	Mx4rvVjH5pwpEbGdrcN5Y29ycA Mx4rvVjyf5wpEbGdrcN5Y29ycA
match.2	opencyc: 2 classes match ['match', 'match.2']	Mx4rvVjH5pwpEbGdrcN5Y29ycA Mx4rvVjyf5wpEbGdrcN5Y29ycA
maze	opencyc: 2 classes match ['labyrinth', 'maze']	Mx4rTzN1qDDSQdiB8_r3ljXuQw Mx4rv7lUbpwpEbGdrcN5Y29ycA
measure	opencyc: 3 classes match ['measure', 'step']	Mx4rr8W5skPwQdmb_rNCGlJowg Mx4rvViItpwpEbGdrcN5Y29ycA Mx4rvaEcosFuQdiNopS8VV8ODg
measuring-stick	opencyc: 2 classes match ['measure', 'measuring-rod', 'measuring-stick']	Mx4rr8W5skPwQdmb_rNCGlJowg Mx4rvaEcosFuQdiNopS8VV8ODg
medicine	opencyc: 2 classes match ['medical-specialty', 'medicine']	Mx4rv8FjPpwpEbGdrcN5Y29ycA Mx4rwQrpM5wpEbGdrcN5Y29ycA
memorial	yago: 2 classes match ['memorial', 'monument']	Memorial Monument
memorial	opencyc: 2 classes match ['memorial', 'monument']	Mx4rwP1rJ5wpEbGdrcN5Y29ycA Mx4rwQwtQJwpEbGdrcN5Y29ycA
memory	opencyc: 6 classes match ['computer-memory', 'computer-storage', 'memory', 'memory-board', 'storage', 'store']	Mx4rZKar3id_Qriu4gcmrd_H1Q Mx4rk6IcLLvMEdmAAAACs6hRjg Mx4rvViLs5wpEbGdrcN5Y29ycA Mx4rvViwlZwpEbGdrcN5Y29ycA Mx4rvVj8_ZwpEbGdrcN5Y29ycA Mx4rvVjaR5wpEbGdrcN5Y29ycA
mental-hospital	yago: 2 classes match ['asylum', 'insane-asylum', 'institution', 'mental-home', 'mental-hospital', 'mental-institution', 'psychiatric-hospital']	Institution Psychiatric_hospital
mental-hospital	opencyc: 2 classes match ['asylum', 'insane-asylum', 'institution', 'mental-home', 'mental-hospital', 'mental-institution', 'psychiatric-hospital']	Mx4rQjPWFMh5EdmAAAACs6hRjg Mx4rs-k-9iTfQdeJoOZ-GXENMA
menu	opencyc: 2 classes match ['bill-of-fare', 'card', 'carte', 'carte-du-jour', 'menu']	Mx4rvVjTypwpEbGdrcN5Y29ycA Mx4rwP1Fb5wpEbGdrcN5Y29ycA
metro	opencyc: 3 classes match ['metro', 'subway', 'subway-system', 'tube', 'underground']	Mx4rFF8ewrcuQdiZMZeKUaKFog Mx4rWlYxOnS_EdaAAACgyZzFrg Mx4rvaeoqJwpEbGdrcN5Y29ycA
military-action	opencyc: 2 classes match ['action', 'military-action']	Mx4rvVioQZwpEbGdrcN5Y29ycA Mx4rwCCSNZwpEbGdrcN5Y29ycA
military-unit	opencyc: 2 classes match ['force', 'military-force', 'military-group', 'military-unit']	Mx4rYmxx1hO_QdiX_dcQsHDtOg Mx4rvVkA6pwpEbGdrcN5Y29ycA
milk	opencyc: 2 classes match ['milk']	Mx4rvVi3fpwpEbGdrcN5Y29ycA Mx4rvVjGZJwpEbGdrcN5Y29ycA
mill	opencyc: 2 classes match ['grinder', 'mill', 'milling-machinery']	Mx4rmvomcNctQdeWTpExjRdNew Mx4rvVjHqJwpEbGdrcN5Y29ycA
mind	opencyc: 4 classes match ['brain', 'head', 'mind', 'nous', 'psyche']	Mx4rvVi6YJwpEbGdrcN5Y29ycA Mx4rvViL6ZwpEbGdrcN5Y29ycA Mx4rvVjT65wpEbGdrcN5Y29ycA Mx4rvgJTqJwpEbGdrcN5Y29ycA
mind.2	opencyc: 3 classes match ['intellect', 'mind', 'mind.2']	Mx4rsfgh1i_-QdiU9qkX6M09fQ Mx4rvViL6ZwpEbGdrcN5Y29ycA Mx4rvgJTqJwpEbGdrcN5Y29ycA
mine	opencyc: 2 classes match ['mine']	Mx4rvXaPgZwpEbGdrcN5Y29ycA Mx4rwPKlipwpEbGdrcN5Y29ycA
mine.2	opencyc: 2 classes match ['mine', 'mine.2']	Mx4rvXaPgZwpEbGdrcN5Y29ycA Mx4rwPKlipwpEbGdrcN5Y29ycA
minister	opencyc: 2 classes match ['government-minister', 'minister']	Mx4rv-GMiJwpEbGdrcN5Y29ycA Mx4rvVuVWpwpEbGdrcN5Y29ycA
mistake	opencyc: 2 classes match ['error', 'fault', 'mistake']	Mx4rUM7skBVWQdiAMZTLn_AhDg Mx4rVyUfEMQzQdGu5-YFoG-nMw
mix	opencyc: 2 classes match ['mix', 'mixture']	Mx4rvVjon5wpEbGdrcN5Y29ycA Mx4rvdbabZwpEbGdrcN5Y29ycA
model.2	opencyc: 2 classes match ['framework', 'model', 'model.2', 'theoretical-account']	Mx4rZWhgMLvTEdmAAAACs6hRjg Mx4rvgEO8ZwpEbGdrcN5Y29ycA
mollusc	opencyc: 2 classes match ['mollusc', 'mollusk', 'shellfish']	Mx4rvViV9pwpEbGdrcN5Y29ycA Mx4rvVjvjpwpEbGdrcN5Y29ycA
momentum	opencyc: 2 classes match ['impulse', 'momentum']	Mx4rvViXAZwpEbGdrcN5Y29ycA Mx4rwLRyp5wpEbGdrcN5Y29ycA
monastery	opencyc: 2 classes match ['monastery']	Mx4rvnwexpwpEbGdrcN5Y29ycA Mx4rwR_zXZwpEbGdrcN5Y29ycA
monetary-value	opencyc: 2 classes match ['cost', 'monetary-value', 'price']	Mx4rvVjU2JwpEbGdrcN5Y29ycA Mx8NhB4rvcD6KJwpEbGdrcN5Y29ycB4rvVjU2JwpEbGdrcN5Y29ycB4rvViMf5wpEbGdrcN5Y29ycB4rvViAxJwpEbGdrcN5Y29ycA
mother	opencyc: 2 classes match ['female-parent', 'mother']	Mx4rvwDUZ5wpEbGdrcN5Y29ycA Mx8NhB4rvcD6KJwpEbGdrcN5Y29ycB4rvViQ-ZwpEbGdrcN5Y29ycB4rvVjTQ5wpEbGdrcN5Y29ycB4rvViwMZwpEbGdrcN5Y29ycA
motion	opencyc: 2 classes match ['motility', 'motion', 'move', 'movement']	Mx4rvViQzZwpEbGdrcN5Y29ycA Mx4rvVkEAZwpEbGdrcN5Y29ycA
motivation	opencyc: 3 classes match ['motivation', 'motive', 'need']	Mx4r7aKCTCnFQdiXQIzvXukNwg Mx4roBL-XsCkEdmAAAACs6hRjg Mx4rvVkGrpwpEbGdrcN5Y29ycA
motto	yago: 2 classes match ['catchword', 'motto', 'shibboleth', 'slogan']	Motto Slogan
mouse.2	opencyc: 2 classes match ['computer-mouse', 'mouse', 'mouse.2']	Mx4rvVjLo5wpEbGdrcN5Y29ycA Mx4rvVjvnpwpEbGdrcN5Y29ycA
movement	opencyc: 5 classes match ['front', 'movement', 'social-movement']	Mx4r3qoLqDFjTPqUosnBRQgNMg Mx4rvViEnJwpEbGdrcN5Y29ycA Mx4rvViQzZwpEbGdrcN5Y29ycA Mx4rvVj2oZwpEbGdrcN5Y29ycA Mx4rvVkEAZwpEbGdrcN5Y29ycA
mud	opencyc: 4 classes match ['clay', 'mud']	Mx4rumBLxHS_EdaAAACgyZzFrg Mx4rv8ATvpwpEbGdrcN5Y29ycA Mx4rvVkCuJwpEbGdrcN5Y29ycA Mx4rvgC2EpwpEbGdrcN5Y29ycA
murder	opencyc: 2 classes match ['execution', 'murder', 'slaying']	Mx4rUZqx2C3bQdmQCvY8hJFo8Q Mx8NhB4rcacO5KgcQdidVfCUDYB6bg-JZXhlY3V0aW9uHiu9aBMQnCkRsZ2tw3ljb3JwD6Q1OGQyMWNhOC00MjMzLTQxZGEtOGE1Zi1mOWEwMmEwOTk3NmE
muscle	opencyc: 3 classes match ['muscle', 'musculus']	Mx4rvViXO5wpEbGdrcN5Y29ycA Mx4rvVjMOJwpEbGdrcN5Y29ycA Mx4rvYA8cJwpEbGdrcN5Y29ycA
musical-composition	opencyc: 2 classes match ['composition', 'musical-composition', 'opus', 'piece', 'piece-of-music']	Mx4rdvPVjrtKEdmAAAACs6hRjg Mx4rwUwN3ZwpEbGdrcN5Y29ycA
musical-instrument	opencyc: 3 classes match ['instrument', 'musical-instrument']	Mx4rTMBVhL2oEdmAAAACs6hRjg Mx4rvVjI6JwpEbGdrcN5Y29ycA Mx8NhB4rvcD6KJwpEbGdrcN5Y29ycB4rvVj27ZwpEbGdrcN5Y29ycB4rvV1Os5wpEbGdrcN5Y29ycB4rvViADZwpEbGdrcN5Y29ycA
mystery	opencyc: 3 classes match ['closed-book', 'enigma', 'mystery', 'secret']	Mx4r0EUkuWEYEdaOHQACs0uFOQ Mx4rq0dgAHS_EdaAAACgyZzFrg Mx4rvvHsWpwpEbGdrcN5Y29ycA
nail	opencyc: 2 classes match ['nail']	Mx4rvVips5wpEbGdrcN5Y29ycA Mx4rvVjJv5wpEbGdrcN5Y29ycA
nail.2	opencyc: 2 classes match ['nail', 'nail.2']	Mx4rvVips5wpEbGdrcN5Y29ycA Mx4rvVjJv5wpEbGdrcN5Y29ycA
narrative	opencyc: 2 classes match ['narration', 'narrative', 'story', 'tale']	Mx4rvViIbJwpEbGdrcN5Y29ycA Mx4rvViJ9ZwpEbGdrcN5Y29ycA
natural-language	opencyc: 3 classes match ['natural-language', 'tongue']	Mx4r_53KXLq9EdqAAAACs6hnmQ Mx4rvVjmJ5wpEbGdrcN5Y29ycA Mx4rvVjzepwpEbGdrcN5Y29ycA
necktie	opencyc: 3 classes match ['necktie', 'tie']	Mx4rv5t8XpwpEbGdrcN5Y29ycA Mx4rvVjMXJwpEbGdrcN5Y29ycA Mx4rwP1V5ZwpEbGdrcN5Y29ycA
need	opencyc: 2 classes match ['demand', 'need']	Mx4roBL-XsCkEdmAAAACs6hRjg Mx4rvVkGrpwpEbGdrcN5Y29ycA
negotiation	yago: 2 classes match ['dialogue', 'negotiation', 'talks']	Dialogue Negotiation
news	yago: 2 classes match ['intelligence', 'news', 'tidings', 'word']	News Word
news	opencyc: 2 classes match ['intelligence', 'news', 'tidings', 'word']	Mx4rvVi345wpEbGdrcN5Y29ycA Mx4rvVjb0ZwpEbGdrcN5Y29ycA
news-program	yago: 2 classes match ['news', 'news-program', 'news-show']	News News_program
news-program	opencyc: 2 classes match ['news', 'news-program', 'news-show']	Mx4rv3A7lpwpEbGdrcN5Y29ycA Mx4rvVjb0ZwpEbGdrcN5Y29ycA
newspaper	yago: 2 classes match ['newspaper', 'paper']	Newspaper Paper
newspaper	opencyc: 6 classes match ['newspaper', 'paper']	Mx4rv4ByW5wpEbGdrcN5Y29ycA Mx4rvVibNJwpEbGdrcN5Y29ycA Mx4rvVigXJwpEbGdrcN5Y29ycA Mx4rwQNZDZwpEbGdrcN5Y29ycA Mx4rwQq3eJwpEbGdrcN5Y29ycA Mx8NhB4rcacO5KgcQdidVfCUDYB6bg-FUGFwZXIeK71YypGcKRGxna3DeWNvcnAPpDVmOTcyY2EyLTVlNzktNDFkOS05MDY5LWU4MmIyOGMzZTI4Mw
note.2	opencyc: 2 classes match ['annotation', 'notation', 'note', 'note.2']	Mx4rvVjSCJwpEbGdrcN5Y29ycA Mx4rvVkKC5wpEbGdrcN5Y29ycA
note.4	opencyc: 2 classes match ['musical-note', 'note', 'note.4', 'tone']	Mx4rMbzLMn9qEd2AAABQjYGu0g Mx4rkLAqdn7AEd2AAABQjYGu0g
numeral	opencyc: 2 classes match ['number', 'numeral']	Mx4rvVkGUpwpEbGdrcN5Y29ycA Mx4rvxwC-ZwpEbGdrcN5Y29ycA
nut	opencyc: 2 classes match ['nut']	Mx4rvVjUyJwpEbGdrcN5Y29ycA Mx4rvVjVC5wpEbGdrcN5Y29ycA
oak	opencyc: 2 classes match ['oak', 'oak-tree']	Mx4rvVjB35wpEbGdrcN5Y29ycA Mx8Ngh4rvVio85wpEbGdrcN5Y29ycB4rvVjB35wpEbGdrcN5Y29ycA
occupation	yago: 3 classes match ['business', 'job', 'line', 'line-of-work', 'occupation']	Business Job Occupation
occupation	opencyc: 5 classes match ['business', 'job', 'line', 'line-of-work', 'occupation']	Mx4r6A7z1B5sQdedAK6n_bYxDg Mx4rg0xHZMCxEdmAAAACs6hRjg Mx4rvVjQNpwpEbGdrcN5Y29ycA Mx4rvVjWt5wpEbGdrcN5Y29ycA Mx4rvWWQqpwpEbGdrcN5Y29ycA
ocean.2	opencyc: 2 classes match ['ocean', 'ocean.2', 'sea']	Mx4rvVjMf5wpEbGdrcN5Y29ycA Mx4rvVjktpwpEbGdrcN5Y29ycA
one-fourth	opencyc: 2 classes match ['fourth', 'fourth-part', 'one-fourth', 'one-quarter', 'quarter', 'quartern', 'twenty-five-percent']	Mx4rdkNa86DgSEq7iH5yhbRhVA Mx4rvViJTZwpEbGdrcN5Y29ycA
opera	opencyc: 2 classes match ['opera']	Mx4rX7xb_nS_EdaAAACgyZzFrg Mx4rvcOKYJwpEbGdrcN5Y29ycA
operation	opencyc: 3 classes match ['operation', 'surgery', 'surgical-operation', 'surgical-procedure', 'surgical-process']	Mx4rfNaf5KWHEduAAAACs2IKfQ Mx4rvViynJwpEbGdrcN5Y29ycA Mx4rw6j3oNfXEduAAAACs6hRXg
operation.2	opencyc: 2 classes match ['military-operation', 'operation', 'operation.2']	Mx4rvhxFJZwpEbGdrcN5Y29ycA Mx4rw6j3oNfXEduAAAACs6hRXg
option	opencyc: 2 classes match ['alternative', 'choice', 'option']	Mx4rvWnTEJwpEbGdrcN5Y29ycA Mx8NhB4rvcD6KJwpEbGdrcN5Y29ycB4rvViA9JwpEbGdrcN5Y29ycB4rwQrrTJwpEbGdrcN5Y29ycB4rvViG3JwpEbGdrcN5Y29ycA
orange	opencyc: 2 classes match ['orange', 'orangeness']	Mx4rkQ3iuHS6EdaAAACgyZzFrg Mx8Ngh4rvVipdpwpEbGdrcN5Y29ycB4rvVicrZwpEbGdrcN5Y29ycA
orange.2	opencyc: 2 classes match ['orange', 'orange.2']	Mx4rkQ3iuHS6EdaAAACgyZzFrg Mx8Ngh4rvVipdpwpEbGdrcN5Y29ycB4rvVicrZwpEbGdrcN5Y29ycA
orbit	opencyc: 2 classes match ['celestial-orbit', 'orbit']	Mx4rvW8EgZwpEbGdrcN5Y29ycA Mx4rvgEQJ5wpEbGdrcN5Y29ycA
organ	opencyc: 2 classes match ['organ', 'pipe-organ']	Mx4rv5XMb5wpEbGdrcN5Y29ycA Mx4rwP3iWpwpEbGdrcN5Y29ycA
organ.2	opencyc: 2 classes match ['organ', 'organ.2']	Mx4rv5XMb5wpEbGdrcN5Y29ycA Mx4rwP3iWpwpEbGdrcN5Y29ycA
organization	opencyc: 3 classes match ['organisation', 'organization']	Mx4r4CJeFrviEdmAAAACs6hRjg Mx4rtk5ZvrviEdmAAAACs6hRjg Mx4rvVjVT5wpEbGdrcN5Y29ycA
orgy	opencyc: 2 classes match ['bacchanal', 'bacchanalia', 'debauch', 'debauchery', 'drunken-revelry', 'orgy', 'riot', 'saturnalia']	Mx4r74oSegetR-Glc5nxYYWpqQ Mx4rv7DYkpwpEbGdrcN5Y29ycA
orientation	opencyc: 2 classes match ['orientation']	Mx4rvaWdm5wpEbGdrcN5Y29ycA Mx4rwPurYJwpEbGdrcN5Y29ycA
output	opencyc: 2 classes match ['output', 'production', 'yield']	Mx4rwI5p2JwpEbGdrcN5Y29ycA Mx8NhB4rvcD6KJwpEbGdrcN5Y29ycB4rvVi255wpEbGdrcN5Y29ycB4rvWStbZwpEbGdrcN5Y29ycB4rvVjeiZwpEbGdrcN5Y29ycA
owner	opencyc: 3 classes match ['owner', 'proprietor']	Mx4re83PFC_nQdiI7tUpbDqHbA Mx8NhB4rcacO5KgcQdidVfCUDYB6bg-KcHJvcHJpZXRvch4rvVii2ZwpEbGdrcN5Y29ycA-kNGRkN2M0ZDAtMTdiNy00MWQ5LThmZDktZGIzNTA3ZjdlZGMz Mx8NhB4rwP1IC5wpEbGdrcN5Y29ycB4rvViknpwpEbGdrcN5Y29ycB4rvVjXU5wpEbGdrcN5Y29ycB4rvVi255wpEbGdrcN5Y29ycA
oxygen	opencyc: 2 classes match ['atomic-number-8', 'o', 'oxygen']	Mx4rvVjIyJwpEbGdrcN5Y29ycA Mx8Ngh4rwBhyv5wpEbGdrcN5Y29ycB4rmxuaTB8REdaAAABQ2rksLw
pace	opencyc: 2 classes match ['pace', 'rate']	Mx4rc06f4skrEdmAAAACs6hRjg Mx4rvVjrwpwpEbGdrcN5Y29ycA
pack-of-cards	opencyc: 3 classes match ['deck', 'deck-of-cards', 'pack-of-cards']	Mx4rvgEKipwpEbGdrcN5Y29ycA Mx4rwHY4n5wpEbGdrcN5Y29ycA Mx4rwPzpfZwpEbGdrcN5Y29ycA
package	opencyc: 2 classes match ['bundle', 'package', 'packet', 'parcel']	Mx4rvVwruZwpEbGdrcN5Y29ycA Mx4rvqJ145wpEbGdrcN5Y29ycA
packet	opencyc: 2 classes match ['packet']	Mx4rvVwruZwpEbGdrcN5Y29ycA Mx4rvqJ145wpEbGdrcN5Y29ycA
page	opencyc: 3 classes match ['page']	Mx4rNmrExFCtEdaAAABQ2rksLw Mx4rvXYy95wpEbGdrcN5Y29ycA Mx4rvpJfnZwpEbGdrcN5Y29ycA
pain	opencyc: 2 classes match ['pain', 'pain-sensation', 'painful-sensation']	Mx4rvViuZpwpEbGdrcN5Y29ycA Mx4rvpDxqJwpEbGdrcN5Y29ycA
pain.2	opencyc: 2 classes match ['pain', 'pain.2', 'painfulness']	Mx4rvViuZpwpEbGdrcN5Y29ycA Mx4rvpDxqJwpEbGdrcN5Y29ycA
pain.3	opencyc: 2 classes match ['nuisance', 'pain', 'pain-in-the-neck', 'pain.3']	Mx4rvViuZpwpEbGdrcN5Y29ycA Mx4rvpDxqJwpEbGdrcN5Y29ycA
paint	opencyc: 2 classes match ['paint', 'pigment']	Mx4rvVigk5wpEbGdrcN5Y29ycA Mx4rvVjTC5wpEbGdrcN5Y29ycA
painter	opencyc: 2 classes match ['painter']	Mx4rvVisSZwpEbGdrcN5Y29ycA Mx4rvVjPWZwpEbGdrcN5Y29ycA
painting	opencyc: 3 classes match ['painting', 'picture']	Mx4rvVjHfpwpEbGdrcN5Y29ycA Mx4rvVjTRZwpEbGdrcN5Y29ycA Mx4rxETKomELEdqAAAACs71DGQ
palm	opencyc: 3 classes match ['palm', 'palm-tree']	Mx4rvVibKZwpEbGdrcN5Y29ycA Mx4rvVjuqJwpEbGdrcN5Y29ycA Mx4rvVkDKZwpEbGdrcN5Y29ycA
paper	opencyc: 4 classes match ['paper']	Mx4rvVibNJwpEbGdrcN5Y29ycA Mx4rwQNZDZwpEbGdrcN5Y29ycA Mx4rwQq3eJwpEbGdrcN5Y29ycA Mx8NhB4rcacO5KgcQdidVfCUDYB6bg-FUGFwZXIeK71YypGcKRGxna3DeWNvcnAPpDVmOTcyY2EyLTVlNzktNDFkOS05MDY5LWU4MmIyOGMzZTI4Mw
paper.2	opencyc: 4 classes match ['paper', 'paper.2']	Mx4rvVibNJwpEbGdrcN5Y29ycA Mx4rwQNZDZwpEbGdrcN5Y29ycA Mx4rwQq3eJwpEbGdrcN5Y29ycA Mx8NhB4rcacO5KgcQdidVfCUDYB6bg-FUGFwZXIeK71YypGcKRGxna3DeWNvcnAPpDVmOTcyY2EyLTVlNzktNDFkOS05MDY5LWU4MmIyOGMzZTI4Mw
parameter	opencyc: 2 classes match ['parameter']	Mx4r9lIvlpcoEdqAAAACs4vPlg Mx4rwP1UjpwpEbGdrcN5Y29ycA
pardon	opencyc: 2 classes match ['amnesty', 'pardon']	Mx4rZH7NGC9CQdiV-8noGK0jVw Mx4rbvd9ihlJQdiDW7XllEbJkg
parent	opencyc: 3 classes match ['parent']	Mx4rrD4nwhPAQdiBgpEkGcmqbg Mx8NhB4rvcD6KJwpEbGdrcN5Y29ycB4rvViwMZwpEbGdrcN5Y29ycB4rvVixhJwpEbGdrcN5Y29ycB4rvViwMZwpEbGdrcN5Y29ycA Mx8NhB4rwP1IC5wpEbGdrcN5Y29ycB4rvViwMZwpEbGdrcN5Y29ycB4rvVjPcJwpEbGdrcN5Y29ycB4rvViwMZwpEbGdrcN5Y29ycA
park	opencyc: 2 classes match ['common', 'commons', 'green', 'park']	Mx4r-yLWNnS_EdaAAACgyZzFrg Mx4rwQwoIJwpEbGdrcN5Y29ycA
part	opencyc: 2 classes match ['component', 'component-part', 'constituent', 'part', 'portion']	Mx4rvVid6ZwpEbGdrcN5Y29ycA Mx4rwUTJ_JwpEbGdrcN5Y29ycA
particle	opencyc: 2 classes match ['particle', 'subatomic-particle']	Mx4rvVj0fpwpEbGdrcN5Y29ycA Mx4rvVjbdJwpEbGdrcN5Y29ycA
party.2	yago: 2 classes match ['party', 'party.2', 'political-party']	Party Political_party
party.2	opencyc: 2 classes match ['party', 'party.2', 'political-party']	Mx4rvVj82pwpEbGdrcN5Y29ycA Mx8NhB4rvcD6KJwpEbGdrcN5Y29ycB4rvsaaeJwpEbGdrcN5Y29ycB4rvViAFJwpEbGdrcN5Y29ycB4rvViPO5wpEbGdrcN5Y29ycA
passing	opencyc: 3 classes match ['pass', 'passing', 'qualifying']	Mx4rvViLq5wpEbGdrcN5Y29ycA Mx4rvVidQpwpEbGdrcN5Y29ycA Mx4rvVjSWJwpEbGdrcN5Y29ycA
passport	opencyc: 2 classes match ['passport']	Mx4r0hs1fBY9QdmQnISgLNCG4Q Mx4rwQr9WJwpEbGdrcN5Y29ycA
password	opencyc: 2 classes match ['countersign', 'parole', 'password', 'watchword', 'word']	Mx4rlyNhMSp4EdiUfwAH6RYvSQ Mx4rwECRgZwpEbGdrcN5Y29ycA
pastel	opencyc: 2 classes match ['pastel']	Mx4rVVVJsiy8Qdicw56gEul3BA Mx4rYZ4jJCy8Qdic5tRsTGr06w
pastime	opencyc: 2 classes match ['interest', 'pastime', 'pursuit']	Mx4rGguKhDADQdiJffDMQDagkA Mx4rwKZ7cpwpEbGdrcN5Y29ycA
path	opencyc: 2 classes match ['course', 'path', 'track']	Mx4r7k80XssQEdmAAAACs6hRjg Mx4rvViVQ5wpEbGdrcN5Y29ycA
path.2	opencyc: 3 classes match ['itinerary', 'path', 'path.2', 'route']	Mx4r7k80XssQEdmAAAACs6hRjg Mx4rvuh8yZwpEbGdrcN5Y29ycA Mx4rwP1SIpwpEbGdrcN5Y29ycA
patriot	opencyc: 5 classes match ['nationalist', 'patriot']	Mx4rvVi2CJwpEbGdrcN5Y29ycA Mx4rwcCRBizVQdiayLYEb228Wg Mx8Ngh4rwBtg95wpEbGdrcN5Y29ycB4rwQr3K5wpEbGdrcN5Y29ycA Mx8NhB4rkxkgaNzqEdmAAAACs6M1Wg-LTmF0aW9uYWxpc3QeK71Y1U-cKRGxna3DeWNvcnAPpDMzZjIzYzgxLWY0ZWQtMTFkOS05YmVhLTAwMDJiM2E4NWIwYg Mx8NhB4rkxkgaNzqEdmAAAACs6M1Wg-LbmF0aW9uYWxpc3QeK71Y1U-cKRGxna3DeWNvcnAPpDM0MDU5ZDcwLWY0ZWQtMTFkOS05YmVhLTAwMDJiM2E4NWIwYg
pause	opencyc: 3 classes match ['break', 'intermission', 'interruption', 'pause', 'suspension']	Mx4rvVi_ypwpEbGdrcN5Y29ycA Mx4rvZ1ZmJwpEbGdrcN5Y29ycA Mx4rz_9eFnS6EdaAAACgyZzFrg
pause.2	opencyc: 2 classes match ['pause', 'pause.2']	Mx4rvZ1ZmJwpEbGdrcN5Y29ycA Mx4rz_9eFnS6EdaAAACgyZzFrg
peak	opencyc: 7 classes match ['crest', 'crown', 'peak', 'summit', 'tip', 'top']	Mx4r0ET9pmEYEdaOHQACs0uFOQ Mx4rvVjEpZwpEbGdrcN5Y29ycA Mx4rvW19gpwpEbGdrcN5Y29ycA Mx4rvfr2C5wpEbGdrcN5Y29ycA Mx4rwPzZpZwpEbGdrcN5Y29ycA Mx4ryncJZCTfQdeEidQ7vusDfQ
pedestrian	opencyc: 2 classes match ['footer', 'pedestrian', 'walker']	Mx4rW-FxPm-AEduAAAACs2IKfQ Mx4rwP1kdpwpEbGdrcN5Y29ycA
peer	opencyc: 4 classes match ['compeer', 'equal', 'match', 'peer']	Mx4r8RZS6ry5EdmAAAACs6hRjg Mx4rvVioDJwpEbGdrcN5Y29ycA Mx4rvVjH5pwpEbGdrcN5Y29ycA Mx4rvVjyf5wpEbGdrcN5Y29ycA
pen	opencyc: 2 classes match ['pen']	Mx4rvViISpwpEbGdrcN5Y29ycA Mx4rwPu4g5wpEbGdrcN5Y29ycA
pepper	opencyc: 3 classes match ['black-pepper', 'common-pepper', 'madagascar-pepper', 'pepper', 'piper-nigrum', 'white-pepper']	Mx4rvVifq5wpEbGdrcN5Y29ycA Mx4rvVjt85wpEbGdrcN5Y29ycA Mx8Ngh4rvVipdpwpEbGdrcN5Y29ycB4rwQCbBJwpEbGdrcN5Y29ycA
performance.2	opencyc: 2 classes match ['carrying-into-action', 'carrying-out', 'execution', 'performance', 'performance.2']	Mx4rUZqx2C3bQdmQCvY8hJFo8Q Mx8NhB4rcacO5KgcQdidVfCUDYB6bg-JZXhlY3V0aW9uHiu9aBMQnCkRsZ2tw3ljb3JwD6Q1OGQyMWNhOC00MjMzLTQxZGEtOGE1Zi1mOWEwMmEwOTk3NmE
period	opencyc: 2 classes match ['full-point', 'full-stop', 'period', 'point', 'stop']	Mx4rIHDeCrgqEdmAAAACs0x8nw Mx4raX-VWhlIQdidAJdv_n8vZA
person	opencyc: 6 classes match ['individual', 'mortal', 'person', 'somebody', 'someone', 'soul']	Mx4rEz59lKJxQdeJTPtRz-86jg Mx4rSyH0jhJbEd2AAADggVfs8g Mx4rrKdgnCeFQdiPg5XPs1BG7A Mx4rvViAkpwpEbGdrcN5Y29ycA Mx4rvVjaApwpEbGdrcN5Y29ycA Mx4rvsaaeJwpEbGdrcN5Y29ycA
personal-identification-number	opencyc: 2 classes match ['personal-identification-number', 'pin', 'pin-number']	Mx4rp3B5vkyIQdmQPJezd-SpMw Mx4rvVjjI5wpEbGdrcN5Y29ycA
phase	opencyc: 3 classes match ['phase', 'stage']	Mx4r5CqwVitOQdiDpueA9CTvzw Mx4rA83oTTqdQoSTMOIjU8Y-Qg Mx4rvgEL2ZwpEbGdrcN5Y29ycA
philosophy	yago: 3 classes match ['doctrine', 'ism', 'philosophical-system', 'philosophy', 'school-of-thought']	Doctrine Philosophy School_of_thought
phone-number	yago: 2 classes match ['number', 'phone-number', 'telephone-number']	Number Telephone_number
phone-number	opencyc: 2 classes match ['number', 'phone-number', 'telephone-number']	Mx4rvVjs7pwpEbGdrcN5Y29ycA Mx4rvxwC-ZwpEbGdrcN5Y29ycA
photograph	opencyc: 5 classes match ['exposure', 'photo', 'photograph', 'pic', 'picture']	Mx4rvVjZ7ZwpEbGdrcN5Y29ycA Mx4rvffvS5wpEbGdrcN5Y29ycA Mx4rvhuTpJwpEbGdrcN5Y29ycA Mx4rwQrrW5wpEbGdrcN5Y29ycA Mx4rxETKomELEdqAAAACs71DGQ
physical-object	dul: 2 classes match ['object', 'physical-object']	Object PhysicalObject
picture	opencyc: 4 classes match ['icon', 'ikon', 'image', 'picture']	Mx4r1-G8dDi8Ed2AAAACs6hRXg Mx4rvVjPJpwpEbGdrcN5Y29ycA Mx4rwRuCw5wpEbGdrcN5Y29ycA Mx4rxETKomELEdqAAAACs71DGQ
pie	opencyc: 2 classes match ['pie']	Mx4rvVjkqJwpEbGdrcN5Y29ycA Mx8Ngh4rwU6E5pwpEbGdrcN5Y29ycB4rvVjkqJwpEbGdrcN5Y29ycA
pile	opencyc: 4 classes match ['agglomerate', 'cumulation', 'cumulus', 'heap', 'mound', 'pile']	Mx4r8OslOL2gEdmAAAACs6hRjg Mx4rWv_-aIgCTgaoYLnGsMG0eA Mx4rvfz-f5wpEbGdrcN5Y29ycA Mx4rwQrjdpwpEbGdrcN5Y29ycA
pill	opencyc: 2 classes match ['anovulant', 'anovulatory-drug', 'birth-control-pill', 'contraceptive-pill', 'oral-contraceptive', 'oral-contraceptive-pill', 'pill']	Mx4rwP1I25wpEbGdrcN5Y29ycA Mx4rwP1ZTZwpEbGdrcN5Y29ycA
pill.2	opencyc: 5 classes match ['lozenge', 'pill', 'pill.2', 'tab', 'tablet']	Mx4rFTof_C8YQdiJAPQRk5aYzg Mx4rwP1I25wpEbGdrcN5Y29ycA Mx4rwQBZtZwpEbGdrcN5Y29ycA Mx4rwQBbfpwpEbGdrcN5Y29ycA Mx4rwQBbxZwpEbGdrcN5Y29ycA
pipe	opencyc: 2 classes match ['pipe', 'tube']	Mx4rvViZ_ZwpEbGdrcN5Y29ycA Mx4rwPzyCJwpEbGdrcN5Y29ycA
pit.2	opencyc: 2 classes match ['cavity', 'pit', 'pit.2']	Mx4rvViRqJwpEbGdrcN5Y29ycA Mx4rvaKcg5wpEbGdrcN5Y29ycA
pity	opencyc: 2 classes match ['pity', 'shame']	Mx4rvVii0pwpEbGdrcN5Y29ycA Mx4rwPunxJwpEbGdrcN5Y29ycA
placement.2	opencyc: 3 classes match ['emplacement', 'locating', 'location', 'placement', 'placement.2', 'position', 'positioning']	Mx4rFqXlaHSuEdaAAACgyZzFrg Mx4rvViVHZwpEbGdrcN5Y29ycA Mx4rwJtYZ5wpEbGdrcN5Y29ycA
plan	opencyc: 3 classes match ['plan', 'program', 'programme']	Mx4r9DYNZvBfQdiISKek7wWggA Mx4rmlfIigFVEduAAAACs71DGQ Mx4rnberdNMHEduAAADggVbxzQ
plant	opencyc: 2 classes match ['industrial-plant', 'plant', 'works']	Mx4r74l31E01QdmZ7v90fF6kcQ Mx8NhB4rcacO5KgcQdidVfCUDYB6bg-QaW5kdXN0cmlhbCBwbGFudB4rvWXYgJwpEbGdrcN5Y29ycA-kZWQ4MjI1NzQtMTdhOS00MWQ5LThiN2YtZDE4NThhNDk3ZDIz
plant.2	yago: 2 classes match ['flora', 'plant', 'plant-life', 'plant.2']	Flora Plant
plate	opencyc: 2 classes match ['plate']	Mx4rRXgIlr2mEdmAAAACs6hRjg Mx4rvVifQ5wpEbGdrcN5Y29ycA
play.2	yago: 2 classes match ['drama', 'dramatic-play', 'play', 'play.2']	Drama Play
play.2	opencyc: 2 classes match ['drama', 'dramatic-play', 'play', 'play.2']	Mx4rVGVKZHS-EdaAAACgyZzFrg Mx4rwQtvcJwpEbGdrcN5Y29ycA
playing-field	opencyc: 3 classes match ['athletic-field', 'field', 'playing-area', 'playing-field']	Mx4rvVi3PZwpEbGdrcN5Y29ycA Mx4rvVjLUZwpEbGdrcN5Y29ycA Mx4rvVjuppwpEbGdrcN5Y29ycA
playpen	opencyc: 3 classes match ['pen', 'playpen']	Mx4rvViISpwpEbGdrcN5Y29ycA Mx4rvlw-PJwpEbGdrcN5Y29ycA Mx4rwPu4g5wpEbGdrcN5Y29ycA
plot	opencyc: 3 classes match ['patch', 'plot', 'plot-of-ground', 'plot-of-land']	Mx4rp1tVUoE6QdmCBsVf0_RgPA Mx4rqlv2hrtKEdmAAAACs6hRjg Mx4rvVj2ApwpEbGdrcN5Y29ycA
plot.2	opencyc: 2 classes match ['game', 'plot', 'plot.2', 'secret-plan']	Mx4rp1tVUoE6QdmCBsVf0_RgPA Mx4rvkS9GZwpEbGdrcN5Y29ycA
poetry	opencyc: 2 classes match ['poesy', 'poetry', 'verse']	Mx4rCfjv9CqDQdiASpSHQYWkEg Mx8Ngh4rwP1535wpEbGdrcN5Y29ycB4rvvm9OJwpEbGdrcN5Y29ycA
point	opencyc: 3 classes match ['peak', 'point', 'tip']	Mx4rIHDeCrgqEdmAAAACs0x8nw Mx4rwPzZpZwpEbGdrcN5Y29ycA Mx8NhB4rwP1IC5wpEbGdrcN5Y29ycB4rvV-_fJwpEbGdrcN5Y29ycB4rvVip_pwpEbGdrcN5Y29ycB4rvVjV2JwpEbGdrcN5Y29ycA
pole	opencyc: 3 classes match ['pole']	Mx4rt_Yair8XEdmAAAACs6hRjg Mx4rvVjOx5wpEbGdrcN5Y29ycA Mx4rvgD9k5wpEbGdrcN5Y29ycA
pole.2	opencyc: 3 classes match ['pole', 'pole.2']	Mx4rt_Yair8XEdmAAAACs6hRjg Mx4rvVjOx5wpEbGdrcN5Y29ycA Mx4rvgD9k5wpEbGdrcN5Y29ycA
police	yago: 2 classes match ['constabulary', 'law', 'police', 'police-force']	Law Police
policeman	opencyc: 3 classes match ['officer', 'police-officer', 'policeman']	Mx4rFimbjrTfQdiajaEvXEuoMQ Mx4rvVjgBJwpEbGdrcN5Y29ycA Mx8NhB4rvcD6KJwpEbGdrcN5Y29ycB4rvViAkpwpEbGdrcN5Y29ycB4rMIPuNlLMQdmHkNj86WIvOR4rvVjVT5wpEbGdrcN5Y29ycA
policy	yago: 2 classes match ['insurance', 'insurance-policy', 'policy']	Insurance Policy
policy	opencyc: 7 classes match ['insurance', 'insurance-policy', 'policy']	Mx4r4EyHQQhxEduVMgDggVaqog Mx4r5bIxEILrQdmRDo8nIKJuMw Mx4rLYABNQhuEduVMwDggVaqog Mx4rvViHtJwpEbGdrcN5Y29ycA Mx4rvVj1_pwpEbGdrcN5Y29ycA Mx4rvVjTUpwpEbGdrcN5Y29ycA
polish	opencyc: 5 classes match ['cultivation', 'culture', 'finish', 'polish', 'refinement']	Mx4rfG66qMsfEdmAAAACs6hRjg Mx4rj5tcYCzGEdiUgwAH6RYvSQ Mx4rvhZiPpwpEbGdrcN5Y29ycA Mx4rwLCgz5wpEbGdrcN5Y29ycA Mx8Ngh4rvy05U5wpEbGdrcN5Y29ycB4rvVjKypwpEbGdrcN5Y29ycA
political-campaign	opencyc: 2 classes match ['campaign', 'political-campaign', 'run']	Mx4rvmTaQZwpEbGdrcN5Y29ycA Mx4rwQB5gpwpEbGdrcN5Y29ycA
politician	opencyc: 2 classes match ['pol', 'political-leader', 'politician', 'politico']	Mx4rvVjntpwpEbGdrcN5Y29ycA Mx8NhB4rcacO5KgcQdidVfCUDYB6bg-QcG9saXRpY2FsIGxlYWRlch4rvVii2ZwpEbGdrcN5Y29ycA-kODA0NWU4YzgtMTdhZi00MWQ5LTk2OTItYjY2MzI0N2JmMDM4
population	opencyc: 2 classes match ['population']	Mx4rveBGwJwpEbGdrcN5Y29ycA Mx8Ngh4rv9EZo5wpEbGdrcN5Y29ycB4rvVjE1pwpEbGdrcN5Y29ycA
portrait	opencyc: 2 classes match ['portrait', 'portrayal']	Mx4r4rJWACs8EdiUgAAH6RYvSQ Mx4rwQBcZ5wpEbGdrcN5Y29ycA
position	opencyc: 4 classes match ['position', 'posture', 'stance']	Mx4rFqXlaHSuEdaAAACgyZzFrg Mx4rQKFTsP-8EdmAAAACs6hbjw Mx4rfWqD8h69QdiOq_t9ol70Mw Mx4rvViVHZwpEbGdrcN5Y29ycA
position.2	opencyc: 3 classes match ['perspective', 'position', 'position.2', 'view']	Mx4r7Pjy1hxzQdiSQ8-IJp0TBg Mx4rFqXlaHSuEdaAAACgyZzFrg Mx4rvViVHZwpEbGdrcN5Y29ycA
possession	opencyc: 2 classes match ['ownership', 'possession']	Mx4rk5HkzryyEdmAAAACs6hRjg Mx8NhB4rvcD6KJwpEbGdrcN5Y29ycB4rvVi255wpEbGdrcN5Y29ycB4rwQrxRJwpEbGdrcN5Y29ycB4rvViknpwpEbGdrcN5Y29ycA
post	opencyc: 5 classes match ['post', 'stake']	Mx4r5GEqFhGcQdmWOIdJxplpog Mx4rItfCeZd7S8GPIbGOVru3Zw Mx4rbhObWOVxQdeFMqNFa0EPWg Mx4rwPKtHpwpEbGdrcN5Y29ycA Mx4rwQr23JwpEbGdrcN5Y29ycA
post.2	opencyc: 4 classes match ['post', 'post.2', 'station']	Mx4r5GEqFhGcQdmWOIdJxplpog Mx4rItfCeZd7S8GPIbGOVru3Zw Mx4rbhObWOVxQdeFMqNFa0EPWg Mx4rwPKtHpwpEbGdrcN5Y29ycA
postage	opencyc: 2 classes match ['postage', 'postage-stamp', 'stamp']	Mx4rviP5YpwpEbGdrcN5Y29ycA Mx4rwP1Ks5wpEbGdrcN5Y29ycA
pot	opencyc: 6 classes match ['dope', 'gage', 'grass', 'green-goddess', 'locoweed', 'mary-jane', 'pot', 'sens', 'sess', 'skunk', 'smoke', 'weed']	Mx4rvViUMJwpEbGdrcN5Y29ycA Mx4rvViZVpwpEbGdrcN5Y29ycA Mx4rvVi_TpwpEbGdrcN5Y29ycA Mx4rvViqnJwpEbGdrcN5Y29ycA Mx4rvVjRWZwpEbGdrcN5Y29ycA Mx4rvVjVPpwpEbGdrcN5Y29ycA
pot.2	opencyc: 2 classes match ['pot', 'pot.2']	Mx4rvViUMJwpEbGdrcN5Y29ycA Mx4rvVjVPpwpEbGdrcN5Y29ycA
pot.3	opencyc: 2 classes match ['flowerpot', 'pot', 'pot.3']	Mx4rvViUMJwpEbGdrcN5Y29ycA Mx4rvVjVPpwpEbGdrcN5Y29ycA
potato	opencyc: 2 classes match ['potato', 'solanum-tuberosum', 'white-potato', 'white-potato-vine']	Mx4rwQB_TpwpEbGdrcN5Y29ycA Mx8Ngh4rwP3oNZwpEbGdrcN5Y29ycB4rvViDtJwpEbGdrcN5Y29ycA
pottery	opencyc: 2 classes match ['clayware', 'pottery']	Mx4r6n_AuDDQQdiOjJxws20UbQ Mx4rvvQLapwpEbGdrcN5Y29ycA
power	opencyc: 4 classes match ['force', 'power']	Mx4r7DWMjL8bEdmAAAACs6hRjg Mx4rYmxx1hO_QdiX_dcQsHDtOg Mx4rvVjcq5wpEbGdrcN5Y29ycA Mx4rvVkA6pwpEbGdrcN5Y29ycA
practice	opencyc: 3 classes match ['pattern', 'practice']	Mx4rv9p3wpwpEbGdrcN5Y29ycA Mx4rvVjAapwpEbGdrcN5Y29ycA Mx4rvVjndZwpEbGdrcN5Y29ycA
predilection	opencyc: 3 classes match ['orientation', 'predilection', 'preference']	Mx4rXhCewCtaQdiZtNrZAeOCpQ Mx4rvaWdm5wpEbGdrcN5Y29ycA Mx4rwPurYJwpEbGdrcN5Y29ycA
preference	opencyc: 2 classes match ['penchant', 'predilection', 'preference', 'taste']	Mx4rXhCewCtaQdiZtNrZAeOCpQ Mx4rpisE_MsJEdmAAAACs6hRjg
prescription	opencyc: 2 classes match ['prescription']	Mx4rhOO3pld-EdqAAAACs71DGQ Mx4rtCdYX5pUSd-zJCWk7oYcCw
prescription-drug	opencyc: 3 classes match ['ethical-drug', 'prescription', 'prescription-drug', 'prescription-medicine']	Mx4rhOO3pld-EdqAAAACs71DGQ Mx4rtCdYX5pUSd-zJCWk7oYcCw Mx4rvViufJwpEbGdrcN5Y29ycA
presentation.2	opencyc: 2 classes match ['intro', 'introduction', 'presentation', 'presentation.2']	Mx4rs6FGFEMZQdmKHpyJvz6ryQ Mx4rwPvkW5wpEbGdrcN5Y29ycA
president.2	yago: 2 classes match ['chair', 'chairman', 'chairperson', 'chairwoman', 'president', 'president.2']	Chair Chairperson
president.2	opencyc: 5 classes match ['chair', 'chairman', 'chairperson', 'chairwoman', 'president', 'president.2']	Mx4rvVip2JwpEbGdrcN5Y29ycA Mx4rvVjPw5wpEbGdrcN5Y29ycA Mx4rvVjo_ZwpEbGdrcN5Y29ycA Mx4rvWfbXZwpEbGdrcN5Y29ycA Mx8NhB4rvcD6KJwpEbGdrcN5Y29ycB4rvViAkpwpEbGdrcN5Y29ycB4rwKPqmZwpEbGdrcN5Y29ycB4rvVjVT5wpEbGdrcN5Y29ycA
principle.2	opencyc: 4 classes match ['principle', 'principle.2', 'rule']	Mx4r9H3OiKVLEdqAAAACs6hRXg Mx4rYERFPMipEdmAAAACs6hRjg Mx4r_gnfEKO6EdqAAAACs6hRXg Mx8NhB4rvcD6KJwpEbGdrcN5Y29ycB4rvViApZwpEbGdrcN5Y29ycB4rvVijs5wpEbGdrcN5Y29ycB4rp2WFxDAIQdiZmN8Hnr53MQ
prisoner	opencyc: 2 classes match ['captive', 'prisoner']	Mx4rvj5o8ZwpEbGdrcN5Y29ycA Mx4rwQBXPpwpEbGdrcN5Y29ycA
prize	yago: 2 classes match ['award', 'prize']	Award Prize
prize	opencyc: 2 classes match ['award', 'prize']	Mx4rAFrJwizxEdiUhAAH6RYvSQ Mx4rvVjcNpwpEbGdrcN5Y29ycA
probability	opencyc: 2 classes match ['chance', 'probability']	Mx4r3VhdNLD9QdiSssh3DoZx3g Mx4rvVjfYJwpEbGdrcN5Y29ycA
probability.2	opencyc: 2 classes match ['probability', 'probability.2']	Mx4r3VhdNLD9QdiSssh3DoZx3g Mx4rvVjfYJwpEbGdrcN5Y29ycA
problem	opencyc: 2 classes match ['problem']	Mx4r9RIJpptXEdaAAACgycbQqA Mx4rrGMp8PDVQdaSupKiIKZZZA
producer	opencyc: 2 classes match ['producer']	Mx4rR-GpAisyEdiaugAH6RYvVQ Mx4rvVjvI5wpEbGdrcN5Y29ycA
production-line	opencyc: 2 classes match ['assembly-line', 'line', 'production-line']	Mx4r6A7z1B5sQdedAK6n_bYxDg Mx4rvVkJpZwpEbGdrcN5Y29ycA
professorship	opencyc: 2 classes match ['chair', 'professorship']	Mx4rmzpNxNnXQdiKsPrBUb6i-A Mx4rvVjo_ZwpEbGdrcN5Y29ycA
profit	opencyc: 2 classes match ['gain', 'profit']	Mx4r0EVLyGEYEdaOHQACs0uFOQ Mx4rUeItnpS5Ed2AAABQjYGu0g
program	opencyc: 2 classes match ['program', 'programme']	Mx4rmlfIigFVEduAAAACs71DGQ Mx4rnberdNMHEduAAADggVbxzQ
program.2	opencyc: 4 classes match ['computer-program', 'computer-programme', 'program', 'program.2', 'programme']	Mx4rmlfIigFVEduAAAACs71DGQ Mx4rnberdNMHEduAAADggVbxzQ Mx4rvgBVeJwpEbGdrcN5Y29ycA Mx4rwJxiRJwpEbGdrcN5Y29ycA
prohibition	opencyc: 2 classes match ['ban', 'prohibition', 'proscription']	Mx4rXt-AzqYLQdiFkaB1FpnD6Q Mx4rkwI8khbiQdiZFrrxwoY3ag
projectile	opencyc: 2 classes match ['missile', 'projectile']	Mx4rvVjXNZwpEbGdrcN5Y29ycA Mx4rwFAPh5wpEbGdrcN5Y29ycA
projection	opencyc: 2 classes match ['projection']	Mx4r2nqORjG_QdmWT5aTKBJiqQ Mx4rP9jjJiwaEdiUggAH6RYvSQ
projection.2	opencyc: 2 classes match ['projection', 'projection.2']	Mx4r2nqORjG_QdmWT5aTKBJiqQ Mx4rP9jjJiwaEdiUggAH6RYvSQ
property	opencyc: 4 classes match ['attribute', 'dimension', 'property']	Mx4rqs8mVL8bEdmAAAACs6hRjg Mx4rv1IVG5wpEbGdrcN5Y29ycA Mx4rwURC85wpEbGdrcN5Y29ycA Mx8NhB4rvcD6KJwpEbGdrcN5Y29ycB4rvVi255wpEbGdrcN5Y29ycB4rvVjXU5wpEbGdrcN5Y29ycB4rvViknpwpEbGdrcN5Y29ycA
property.2	opencyc: 3 classes match ['belongings', 'holding', 'property', 'property.2']	Mx4rvVjcj5wpEbGdrcN5Y29ycA Mx4rwURC85wpEbGdrcN5Y29ycA Mx8NhB4rvcD6KJwpEbGdrcN5Y29ycB4rvVi255wpEbGdrcN5Y29ycB4rvVjXU5wpEbGdrcN5Y29ycB4rvViknpwpEbGdrcN5Y29ycA
proportion	opencyc: 3 classes match ['balance', 'proportion', 'proportionality']	Mx4rvOCNxCzcQdiaCPRSMQFUNA Mx4rwP1JQJwpEbGdrcN5Y29ycA Mx8NhB4rvcD6KJwpEbGdrcN5Y29ycB4rvVjU2JwpEbGdrcN5Y29ycB4rvViNRJwpEbGdrcN5Y29ycB4rvVjc_pwpEbGdrcN5Y29ycA
proportion.2	opencyc: 2 classes match ['dimension', 'proportion', 'proportion.2']	Mx4rv1IVG5wpEbGdrcN5Y29ycA Mx4rvOCNxCzcQdiaCPRSMQFUNA
proposal	opencyc: 2 classes match ['proposal', 'proposition']	Mx4rvViA7JwpEbGdrcN5Y29ycA Mx4rvWRmJZwpEbGdrcN5Y29ycA
protection.2	opencyc: 2 classes match ['protection', 'protection.2', 'shelter']	Mx4r8Tc6LP_LEdqAAAACs71DGQ Mx4rvViagpwpEbGdrcN5Y29ycA
provision	opencyc: 4 classes match ['provision', 'supply', 'supplying']	Mx4r1q5pih5sQdednLf-HMwzxw Mx4riYcGNhbgQdiMp6iYT8N72w Mx4rwVXZKpwpEbGdrcN5Y29ycA Mx8Ngh4rvViympwpEbGdrcN5Y29ycB4r1q5pih5sQdednLf-HMwzxw
public-square	opencyc: 3 classes match ['public-square', 'square']	Mx4rvVjUVZwpEbGdrcN5Y29ycA Mx8Ngh4rRGAb3F4nQdeYVca9lNCZDx4rvn5lgpwpEbGdrcN5Y29ycA Mx8NhB4rcacO5KgcQdidVfCUDYB6bg-NcHVibGljIHNxdWFyZR4rvWXYgJwpEbGdrcN5Y29ycA-kZjg3MTI5ODYtMTdhZC00MWQ5LTkxZjgtYjg0OTc5ZmQyOGY3
publisher	opencyc: 3 classes match ['publisher', 'publishing-company', 'publishing-firm', 'publishing-house']	Mx4rGjGfXF6OQdmPddsPwm3wxw Mx4rvViKZJwpEbGdrcN5Y29ycA Mx8NhB4rcacO5KgcQdidVfCUDYB6bg-QUHVibGlzaGluZyBIb3VzZR4rcFSOrlb3EdaAAACQJ5pZBw-kOGNkZTdiZGEtNTJlMy00MWQ5LTliMGItOTIxNTg2MWJhYTc1
pulse	opencyc: 2 classes match ['beat', 'heartbeat', 'pulsation', 'pulse']	Mx4rn9ueLoElEd2AAAACs6hbjw Mx8NhB4rvcD6KJwpEbGdrcN5Y29ycB4rwTGgF5wpEbGdrcN5Y29ycB4rwPvJVJwpEbGdrcN5Y29ycB4rvViwMZwpEbGdrcN5Y29ycA
pump	opencyc: 2 classes match ['pump']	Mx4rv8J6WZwpEbGdrcN5Y29ycA Mx4rwPvgt5wpEbGdrcN5Y29ycA
pumpkin	opencyc: 2 classes match ['pumpkin']	Mx4rwP3h35wpEbGdrcN5Y29ycA Mx8Ngh4rvVipdpwpEbGdrcN5Y29ycB4rwPfsdpwpEbGdrcN5Y29ycA
punch	opencyc: 3 classes match ['biff', 'clout', 'lick', 'poke', 'punch', 'slug']	Mx4rvVi_JpwpEbGdrcN5Y29ycA Mx4rvVjMdJwpEbGdrcN5Y29ycA Mx4rvVjyJpwpEbGdrcN5Y29ycA
punch.2	opencyc: 2 classes match ['punch', 'punch.2']	Mx4rvVjMdJwpEbGdrcN5Y29ycA Mx4rvVjyJpwpEbGdrcN5Y29ycA
purpose	opencyc: 2 classes match ['aim', 'design', 'intent', 'intention', 'purpose']	Mx4rnNiNDFAWRRmGpndEWaB_aw Mx4rvVivMpwpEbGdrcN5Y29ycA
push-button	opencyc: 2 classes match ['button', 'push', 'push-button']	Mx4rvVjbiZwpEbGdrcN5Y29ycA Mx4rvVkIs5wpEbGdrcN5Y29ycA
pyramid	opencyc: 2 classes match ['pyramid']	Mx4rvVjJX5wpEbGdrcN5Y29ycA Mx4rwQw2bZwpEbGdrcN5Y29ycA
quality	opencyc: 2 classes match ['caliber', 'calibre', 'quality']	Mx4rvVjBvJwpEbGdrcN5Y29ycA Mx4ryYIqVr8bEdmAAAACs6hRjg
quantity	opencyc: 2 classes match ['quantity']	Mx4rSGNLQK45EdqAAAACs6hRXg Mx4rvViAp5wpEbGdrcN5Y29ycA
quarter	opencyc: 2 classes match ['quarter']	Mx4rdkNa86DgSEq7iH5yhbRhVA Mx4rvViJTZwpEbGdrcN5Y29ycA
quarter.2	opencyc: 2 classes match ['quarter', 'quarter.2']	Mx4rdkNa86DgSEq7iH5yhbRhVA Mx4rvViJTZwpEbGdrcN5Y29ycA
quarter.3	opencyc: 2 classes match ['quarter', 'quarter.3']	Mx4rdkNa86DgSEq7iH5yhbRhVA Mx4rvViJTZwpEbGdrcN5Y29ycA
quartz-glass	yago: 2 classes match ['crystal', 'lechatelierite', 'quartz', 'quartz-glass', 'vitreous-silica']	Crystal Quartz
quartz-glass	opencyc: 3 classes match ['crystal', 'lechatelierite', 'quartz', 'quartz-glass', 'vitreous-silica']	Mx4riSYy-HS_EdaAAACgyZzFrg Mx4rvpc9EpwpEbGdrcN5Y29ycA Mx4rwP1r0JwpEbGdrcN5Y29ycA
queen	opencyc: 3 classes match ['female-monarch', 'queen', 'queen-regnant']	Mx4rePA63FPBQIG48SkXIJyIMQ Mx4rnYV1DbLATH-rbmW_Vw7kHA Mx4rvVjsX5wpEbGdrcN5Y29ycA
question	yago: 2 classes match ['enquiry', 'inquiry', 'interrogation', 'query', 'question']	Inquiry Question
question	opencyc: 2 classes match ['enquiry', 'inquiry', 'interrogation', 'query', 'question']	Mx4r-G8EIKO3EdqAAAACs6hRXg Mx4rG5bbwmvNQdmb-9lTLjQPsg
questionnaire	opencyc: 2 classes match ['questionnaire']	Mx4ruc5N5jF5QdiB-oNDu7EGeg Mx4ryFwmzDF4QdiPSYzBttGHQw
radio-receiver	opencyc: 3 classes match ['radio', 'radio-receiver', 'radio-set', 'receiving-set', 'tuner', 'wireless']	Mx4rvVjXApwpEbGdrcN5Y29ycA Mx4rvyCS5ZwpEbGdrcN5Y29ycA Mx4rwP1jBZwpEbGdrcN5Y29ycA
railroad-track	opencyc: 2 classes match ['railroad', 'railroad-track', 'railway']	Mx4rvVi-lJwpEbGdrcN5Y29ycA Mx8NhB4rcacO5KgcQdidVfCUDYB6bg-OcmFpbHJvYWQgdHJhY2seK71l2ICcKRGxna3DeWNvcnAPpGY4Y2Y4Yjk0LTE3YTctNDFkOS04YzNmLWUwNmQwMzIzNTQzOA
ranch	opencyc: 4 classes match ['cattle-farm', 'cattle-ranch', 'ranch', 'spread']	Mx4rAh9S7rjhEdmAAAACs6hRjg Mx4rkkCOV-roRU-8H5W8vWfGSg Mx4rvn9paZwpEbGdrcN5Y29ycA Mx8Ngh4rc6oKzFsKEdaAAACQJ5pZBx4rvVjmEpwpEbGdrcN5Y29ycA
range.2	yago: 2 classes match ['chain', 'chain-of-mountains', 'mountain-chain', 'mountain-range', 'range', 'range-of-mountains', 'range.2']	Mountain_chain Mountain_range
range.2	opencyc: 3 classes match ['chain', 'chain-of-mountains', 'mountain-chain', 'mountain-range', 'range', 'range-of-mountains', 'range.2']	Mx4rvVjNfZwpEbGdrcN5Y29ycA Mx4rvVjlL5wpEbGdrcN5Y29ycA Mx4rvVjpYJwpEbGdrcN5Y29ycA
rape	yago: 2 classes match ['assault', 'rape', 'ravishment', 'violation']	Assault Rape
rear	opencyc: 2 classes match ['back', 'rear']	Mx4rvVjvvZwpEbGdrcN5Y29ycA Mx4rvVkEU5wpEbGdrcN5Y29ycA
receipt	opencyc: 2 classes match ['receipt', 'reception']	Mx4rvVkLlZwpEbGdrcN5Y29ycA Mx4rwP1K8ZwpEbGdrcN5Y29ycA
recess	opencyc: 4 classes match ['corner', 'niche', 'recess', 'recession']	Mx4r0DTxnHKqTtq_2jVDrp28pg Mx4rBwSwTCwaQdiWe7US70FMYQ Mx4rv3ZriZwpEbGdrcN5Y29ycA Mx4rwPupDpwpEbGdrcN5Y29ycA
recommendation	opencyc: 2 classes match ['good-word', 'recommendation', 'testimonial']	Mx4rA-lKDCqfQdiSpdB7CG-RqQ Mx4rvVjaCZwpEbGdrcN5Y29ycA
record	opencyc: 2 classes match ['record']	Mx4rMGMA9L1rEdmAAAACs6hRjg Mx4rvVj0mZwpEbGdrcN5Y29ycA
record.2	opencyc: 2 classes match ['record', 'record.2']	Mx4rMGMA9L1rEdmAAAACs6hRjg Mx4rvVj0mZwpEbGdrcN5Y29ycA
record.3	opencyc: 2 classes match ['record', 'record.3']	Mx4rMGMA9L1rEdmAAAACs6hRjg Mx4rvVj0mZwpEbGdrcN5Y29ycA
recording	opencyc: 2 classes match ['recording']	Mx4rv9lJ05wpEbGdrcN5Y29ycA Mx4rvVjhT5wpEbGdrcN5Y29ycA
region	opencyc: 3 classes match ['part', 'region']	Mx4rVjL4uDw3Q0y9-EoQjht-Cw Mx4rpKb4HskwEdmAAAACs6hRjg Mx4rvVid6ZwpEbGdrcN5Y29ycA
region.2	opencyc: 2 classes match ['region', 'region.2']	Mx4rVjL4uDw3Q0y9-EoQjht-Cw Mx4rpKb4HskwEdmAAAACs6hRjg
registration	opencyc: 2 classes match ['enrollment', 'enrolment', 'registration']	Mx4rvVivvpwpEbGdrcN5Y29ycA Mx4rvVjVmJwpEbGdrcN5Y29ycA
relationship	opencyc: 2 classes match ['relationship']	Mx4rvViAzZwpEbGdrcN5Y29ycA Mx4rvWbjKJwpEbGdrcN5Y29ycA
relief	opencyc: 2 classes match ['ease', 'relief']	Mx4rFEOcirHWEdmAAAACs71DGQ Mx4rvVihSpwpEbGdrcN5Y29ycA
religion	yago: 2 classes match ['faith', 'religion', 'religious-belief']	Religion Religious_belief
relish	opencyc: 2 classes match ['flavor', 'flavour', 'nip', 'relish', 'sapidity', 'savor', 'savour', 'smack', 'tang']	Mx4rRNpZ7HSyEdaAAACgyZzFrg Mx4rwQCcF5wpEbGdrcN5Y29ycA
reluctance	opencyc: 2 classes match ['disinclination', 'hesitancy', 'hesitation', 'indisposition', 'reluctance']	Mx4rDUgicCzkQdiQf-K99R3s7w Mx4re344cixBQdiZkaIN2rOQpQ
remainder.2	opencyc: 2 classes match ['balance', 'remainder', 'remainder.2', 'residual', 'residue', 'residuum', 'rest']	Mx4rwP1JQJwpEbGdrcN5Y29ycA Mx8NhB4rvcD6KJwpEbGdrcN5Y29ycB4rvVjU2JwpEbGdrcN5Y29ycB4rvViNRJwpEbGdrcN5Y29ycB4rvVjc_pwpEbGdrcN5Y29ycA
remark	opencyc: 7 classes match ['comment', 'input', 'remark']	Mx4rJ1mL5Mh6EdmAAAACs6hRjg Mx4rwpdQ1DDQQdiQi49jhUIk7A Mx8Ngx4roetDDHnoQdiI7eduDqEEtB8Ngx4rj8qOgHbmQdiTr4JtS3CS_h4rGs71ns4GEdmAAAACs6hRjg-nY3ljb3JwUmVmcmlnZXJhdG9yTWFzc0VtYWlsU2VuZGluZ190YXNrnQ Mx8Ngx4roetDDHnoQdiI7eduDqEEtB8Ngx4rj8qOgHbmQdiTr4JtS3CS_h4rlntv-M4EEdmAAAACs6hRjg-tcG9sbEV4ZWN1dGlvbk10Rm9yVGFza3NGcm9tSHVtYW5DeWNsaXN0c190YXNrgQ Mx8Ngx4roetDDHnoQdiI7eduDqEEtB8Ngx4rj8qOgHbmQdiTr4JtS3CS_h4rlntv-M4EEdmAAAACs6hRjg-tcG9sbEV4ZWN1dGlvbk10Rm9yVGFza3NGcm9tSHVtYW5DeWNsaXN0c190YXNrkg Mx8Ngx4roetDDHnoQdiI7eduDqEEtB8Ngx4rj8qOgHbmQdiTr4JtS3CS_h4rlntv-M4EEdmAAAACs6hRjg-tcG9sbEV4ZWN1dGlvbk10Rm9yVGFza3NGcm9tSHVtYW5DeWNsaXN0c190YXNrlQ
report	opencyc: 3 classes match ['report', 'study', 'written-report']	Mx4rTIGm2o0AEdaRMwACs6Mw3A Mx4rvVi6DZwpEbGdrcN5Y29ycA Mx4rvlZp1pwpEbGdrcN5Y29ycA
report.2	opencyc: 4 classes match ['account', 'news-report', 'report', 'report.2', 'story', 'write-up']	Mx4rTIGm2o0AEdaRMwACs6Mw3A Mx4rTXWNgDjCEd2AAADggVbxzQ Mx4rvViJ9ZwpEbGdrcN5Y29ycA Mx4rvlZp1pwpEbGdrcN5Y29ycA
reserve	opencyc: 2 classes match ['reserve', 'reticence', 'taciturnity']	Mx4r4JaoFCqkQdiQ0d33_E6sJg Mx4ra3m5tgnoEdqAAAACs0x8nw
reserve.2	opencyc: 2 classes match ['backlog', 'reserve', 'reserve.2', 'stockpile']	Mx4ra3m5tgnoEdqAAAACs0x8nw Mx4rlRyVaDDNQdiKQ4336swh9Q
reservoir	yago: 2 classes match ['artificial-lake', 'man-made-lake', 'reservoir']	Artificial_lake Reservoir
residential-district	yago: 2 classes match ['community', 'residential-area', 'residential-district']	Community Residential_area
residential-district	opencyc: 2 classes match ['community', 'residential-area', 'residential-district']	Mx4rvdFcWZwpEbGdrcN5Y29ycA Mx8NhB4rcacO5KgcQdidVfCUDYB6bg-QcmVzaWRlbnRpYWwgYXJlYR4rvWXYgJwpEbGdrcN5Y29ycA-kYjg2YjU4N2EtMTdiMi00MWQ5LThmYTEtOWY4ZWM3MTNjMjQw
resource	opencyc: 3 classes match ['resource']	Mx4rvVj6-ZwpEbGdrcN5Y29ycA Mx4rwMV1_ZwpEbGdrcN5Y29ycA Mx4rxl2QVPUAEdyAAAACs6hbjw
respite	opencyc: 2 classes match ['relief', 'respite', 'rest', 'rest-period']	Mx4rFEOcirHWEdmAAAACs71DGQ Mx4rvVihSpwpEbGdrcN5Y29ycA
restraint	opencyc: 2 classes match ['control', 'restraint']	Mx4r42wRtr2pEdmAAAACs6hRjg Mx4rLtARcL8cEdmAAAACs6hRjg
review.2	yago: 2 classes match ['critical-review', 'critique', 'review', 'review-article', 'review.2']	Review Review_article
review.2	opencyc: 2 classes match ['critical-review', 'critique', 'review', 'review-article', 'review.2']	Mx4rowZidLkHEdaAAAACs1uxFw Mx4rvo-AZJwpEbGdrcN5Y29ycA
reviewer	opencyc: 2 classes match ['reader', 'referee', 'reviewer']	Mx4rvVkKcpwpEbGdrcN5Y29ycA Mx8Ngh4rvVipPJwpEbGdrcN5Y29ycB4rvVjVMpwpEbGdrcN5Y29ycA
reward	opencyc: 2 classes match ['reward']	Mx4rogYoikoRQdmHr86tFKjo6A Mx4rvVj2FZwpEbGdrcN5Y29ycA
rice	opencyc: 2 classes match ['rice']	Mx4rwQCgLpwpEbGdrcN5Y29ycA Mx8Ngh4rwP1_U5wpEbGdrcN5Y29ycB4rvVjFVZwpEbGdrcN5Y29ycA
right	opencyc: 3 classes match ['right', 'rightfulness']	Mx4rIh5wwHSwEdaAAACgyZzFrg Mx4reu-K3MU7EduAAADggVbxzQ Mx4rx5kLakfAQdmAipbh1jLLAw
right.2	opencyc: 3 classes match ['right', 'right.2']	Mx4rIh5wwHSwEdaAAACgyZzFrg Mx4reu-K3MU7EduAAADggVbxzQ Mx4rx5kLakfAQdmAipbh1jLLAw
right.3	opencyc: 3 classes match ['right', 'right-wing', 'right.3']	Mx4rIh5wwHSwEdaAAACgyZzFrg Mx4reu-K3MU7EduAAADggVbxzQ Mx4rx5kLakfAQdmAipbh1jLLAw
ring	opencyc: 2 classes match ['band', 'ring']	Mx4rvVkAPZwpEbGdrcN5Y29ycA Mx4rvgEZGJwpEbGdrcN5Y29ycA
ritual	yago: 2 classes match ['rite', 'ritual']	Rite Ritual
rock	opencyc: 2 classes match ['rock', 'stone']	Mx4rvViOBJwpEbGdrcN5Y29ycA Mx4rwPudOZwpEbGdrcN5Y29ycA
rock-'n'-roll	"opencyc: 2 classes match ['rock', ""rock'n'roll"", ""rock-'n'-roll"", 'rock-and-roll', 'rock-music']"	Mx4rXYUdfnS8EdaAAACgyZzFrg Mx4rvhBZ_5wpEbGdrcN5Y29ycA
rocket	opencyc: 2 classes match ['projectile', 'rocket']	Mx4rwFAPh5wpEbGdrcN5Y29ycA Mx4rwQwoMJwpEbGdrcN5Y29ycA
roentgenogram	opencyc: 2 classes match ['roentgenogram', 'x-ray', 'x-ray-photograph', 'x-ray-picture']	Mx4rv4XIApwpEbGdrcN5Y29ycA Mx4rwP1pzJwpEbGdrcN5Y29ycA
room	opencyc: 2 classes match ['room']	Mx4rvVifspwpEbGdrcN5Y29ycA Mx8NhB4rvcD6KJwpEbGdrcN5Y29ycB4rvVifspwpEbGdrcN5Y29ycB4rvViiPpwpEbGdrcN5Y29ycB4rvVidpZwpEbGdrcN5Y29ycA
root	opencyc: 2 classes match ['root']	Mx4rdBqX86gOEdudWQACs5b6Bw Mx4rvVj5e5wpEbGdrcN5Y29ycA
rose	opencyc: 2 classes match ['rose', 'rosebush']	Mx4rvVia8JwpEbGdrcN5Y29ycA Mx4rvVjNmJwpEbGdrcN5Y29ycA
royalty	yago: 2 classes match ['royal-family', 'royal-house', 'royal-line', 'royalty']	Royal_family Royal_house
rug	opencyc: 2 classes match ['carpet', 'carpeting', 'rug']	Mx4rvVjBDpwpEbGdrcN5Y29ycA Mx4rwP1cMpwpEbGdrcN5Y29ycA
rule	opencyc: 4 classes match ['rule', 'ruler']	Mx4r9H3OiKVLEdqAAAACs6hRXg Mx4rYERFPMipEdmAAAACs6hRjg Mx4rwPvAYJwpEbGdrcN5Y29ycA Mx8NhB4rvcD6KJwpEbGdrcN5Y29ycB4rvViApZwpEbGdrcN5Y29ycB4rvVijs5wpEbGdrcN5Y29ycB4rp2WFxDAIQdiZmN8Hnr53MQ
rule.2	opencyc: 3 classes match ['regulation', 'rule', 'rule.2']	Mx4r9H3OiKVLEdqAAAACs6hRXg Mx4rYERFPMipEdmAAAACs6hRjg Mx8NhB4rvcD6KJwpEbGdrcN5Y29ycB4rvViApZwpEbGdrcN5Y29ycB4rvVijs5wpEbGdrcN5Y29ycB4rp2WFxDAIQdiZmN8Hnr53MQ
rule.3	opencyc: 3 classes match ['formula', 'rule', 'rule.3']	Mx4r9H3OiKVLEdqAAAACs6hRXg Mx4rYERFPMipEdmAAAACs6hRjg Mx8NhB4rvcD6KJwpEbGdrcN5Y29ycB4rvViApZwpEbGdrcN5Y29ycB4rvVijs5wpEbGdrcN5Y29ycB4rp2WFxDAIQdiZmN8Hnr53MQ
rule.4	opencyc: 3 classes match ['rule', 'rule.4']	Mx4r9H3OiKVLEdqAAAACs6hRXg Mx4rYERFPMipEdmAAAACs6hRjg Mx8NhB4rvcD6KJwpEbGdrcN5Y29ycB4rvViApZwpEbGdrcN5Y29ycB4rvVijs5wpEbGdrcN5Y29ycB4rp2WFxDAIQdiZmN8Hnr53MQ
rule.5	opencyc: 3 classes match ['rule', 'rule.5']	Mx4r9H3OiKVLEdqAAAACs6hRXg Mx4rYERFPMipEdmAAAACs6hRjg Mx8NhB4rvcD6KJwpEbGdrcN5Y29ycB4rvViApZwpEbGdrcN5Y29ycB4rvVijs5wpEbGdrcN5Y29ycB4rp2WFxDAIQdiZmN8Hnr53MQ
rung	opencyc: 2 classes match ['round', 'rung', 'stave']	Mx4rH05b8JHnTmy8UjowlYhgXQ Mx4rx3oirL8YEdmAAAACs6hRjg
runner	opencyc: 3 classes match ['runner']	Mx4rvVieQZwpEbGdrcN5Y29ycA Mx4rvVkEZZwpEbGdrcN5Y29ycA Mx8Ngh4rvVipPJwpEbGdrcN5Y29ycB4rvVjkGpwpEbGdrcN5Y29ycA
safety	opencyc: 4 classes match ['safety']	Mx4r8x0rx3xbSwezpMKb8qaY7w Mx4rB5vHkRZ2TFGRSdsXCKteyg Mx4rvVie_JwpEbGdrcN5Y29ycA Mx4rwQrjGJwpEbGdrcN5Y29ycA
sail	opencyc: 4 classes match ['canvas', 'canvass', 'sail', 'sheet']	Mx4rvVjNcpwpEbGdrcN5Y29ycA Mx4rvVkB8pwpEbGdrcN5Y29ycA Mx4rvgESHJwpEbGdrcN5Y29ycA Mx4rwQCH5pwpEbGdrcN5Y29ycA
salt	opencyc: 2 classes match ['common-salt', 'salt', 'table-salt']	Mx4rvVi_VZwpEbGdrcN5Y29ycA Mx4rvcz8zZwpEbGdrcN5Y29ycA
sarcasm	opencyc: 2 classes match ['caustic-remark', 'irony', 'sarcasm', 'satire']	Mx4rAQUyfnS7EdaAAACgyZzFrg Mx4rvViI6pwpEbGdrcN5Y29ycA
satellite	yago: 2 classes match ['artificial-satellite', 'orbiter', 'satellite']	Orbiter Satellite
satellite	opencyc: 3 classes match ['artificial-satellite', 'orbiter', 'satellite']	Mx4rvfn7-pwpEbGdrcN5Y29ycA Mx4rvr3ZepwpEbGdrcN5Y29ycA Mx4rwPzeJJwpEbGdrcN5Y29ycA
scale	opencyc: 2 classes match ['scale']	Mx4r5pfxcYzQQKuzg8WITeIvDg Mx4rvVi9M5wpEbGdrcN5Y29ycA
scale.2	opencyc: 2 classes match ['scale', 'scale.2', 'weighing-machine']	Mx4r5pfxcYzQQKuzg8WITeIvDg Mx4rvVi9M5wpEbGdrcN5Y29ycA
scale.3	opencyc: 3 classes match ['graduated-table', 'ordered-series', 'scale', 'scale-of-measurement', 'scale.3']	Mx4r5pfxcYzQQKuzg8WITeIvDg Mx4rYBvB-scWEdmAAAACs6hRjg Mx4rvVi9M5wpEbGdrcN5Y29ycA
scene	opencyc: 2 classes match ['scene']	Mx4rvVjgF5wpEbGdrcN5Y29ycA Mx4rvVoXT5wpEbGdrcN5Y29ycA
scene.2	opencyc: 2 classes match ['scene', 'scene.2', 'shot']	Mx4rvVjgF5wpEbGdrcN5Y29ycA Mx4rvVoXT5wpEbGdrcN5Y29ycA
schedule	opencyc: 2 classes match ['schedule']	Mx4rvVjHN5wpEbGdrcN5Y29ycA Mx4rvVjOcpwpEbGdrcN5Y29ycA
scholar	opencyc: 4 classes match ['bookman', 'scholar', 'scholarly-person', 'student']	Mx4ricIx-Bk3QdifDqwFbZVelw Mx4rvViNGpwpEbGdrcN5Y29ycA Mx8NhB4rcacO5KgcQdidVfCUDYB6bg-HU2Nob2xhch4rvVii2ZwpEbGdrcN5Y29ycA-kZjE1ZGRjZDgtMzZhNy00MWRhLTliYjAtYmZkN2Q5ZGJkMmFi Mx8NhB4rcacO5KgcQdidVfCUDYB6bg-Hc3R1ZGVudB4rvVii2ZwpEbGdrcN5Y29ycA-kOWM5ZDhmNmUtYjg3OC0xMWRiLTgwMDAtMDAwMmIzYTMzMTQx
schoolchild	opencyc: 2 classes match ['pupil', 'school-age-child', 'schoolchild']	Mx4rvViBr5wpEbGdrcN5Y29ycA Mx4rvVjeZZwpEbGdrcN5Y29ycA
scope	opencyc: 4 classes match ['ambit', 'compass', 'orbit', 'range', 'reach', 'scope']	Mx4r0EVLwmEYEdaOHQACs0uFOQ Mx4rvVjUnpwpEbGdrcN5Y29ycA Mx4rvW8EgZwpEbGdrcN5Y29ycA Mx4rvgEQJ5wpEbGdrcN5Y29ycA
screen	opencyc: 4 classes match ['concealment', 'cover', 'covert', 'screen']	Mx4r3Xdslj_rEdqAAAACs71DGQ Mx4rvVj1N5wpEbGdrcN5Y29ycA Mx4rvVjKAJwpEbGdrcN5Y29ycA Mx4rvowvqJwpEbGdrcN5Y29ycA
screen.2	opencyc: 3 classes match ['screen', 'screen.2']	Mx4r3Xdslj_rEdqAAAACs71DGQ Mx4rvVj1N5wpEbGdrcN5Y29ycA Mx4rvVjKAJwpEbGdrcN5Y29ycA
screen.3	opencyc: 4 classes match ['projection-screen', 'screen', 'screen.3', 'silver-screen']	Mx4r3Xdslj_rEdqAAAACs71DGQ Mx4rqxi2wj_tEdqAAAACs71DGQ Mx4rvVj1N5wpEbGdrcN5Y29ycA Mx4rvVjKAJwpEbGdrcN5Y29ycA
seaport	opencyc: 2 classes match ['harbor', 'harbour', 'haven', 'seaport']	Mx4rLFp1yCtPQdiTiN04RyAi8w Mx4rvVjNz5wpEbGdrcN5Y29ycA
season	opencyc: 3 classes match ['season', 'time-of-year']	Mx4rly0vooUgEdaAAAACs0uFOQ Mx4rvViE3pwpEbGdrcN5Y29ycA Mx4rvgEUH5wpEbGdrcN5Y29ycA
seat	schemaorg: 2 classes match ['place', 'seat']	schema:Place schema:Seat
seat	yago: 2 classes match ['place', 'seat']	Place Seat
seat	opencyc: 3 classes match ['place', 'seat']	Mx4rYHTgasecEdmAAAACs6hRjg Mx4rvViDUZwpEbGdrcN5Y29ycA Mx4rvVjaDpwpEbGdrcN5Y29ycA
seat.2	opencyc: 3 classes match ['seat', 'seat.2']	Mx4rYHTgasecEdmAAAACs6hRjg Mx4rvViDUZwpEbGdrcN5Y29ycA Mx4rvVjaDpwpEbGdrcN5Y29ycA
section	opencyc: 2 classes match ['section', 'segment']	Mx4rvbesGZwpEbGdrcN5Y29ycA Mx8NhB4rvcD6KJwpEbGdrcN5Y29ycB4rvVjaApwpEbGdrcN5Y29ycB4rwgfukKs8QdePzLB9nLNpTx4rvVjaApwpEbGdrcN5Y29ycA
sector	opencyc: 2 classes match ['sector', 'sphere']	Mx4r3iex1N9UEdmAAAACs0uFOQ Mx4rvgDAn5wpEbGdrcN5Y29ycA
security-system	opencyc: 3 classes match ['security', 'security-measure', 'security-system']	Mx4rv44FLpwpEbGdrcN5Y29ycA Mx4rvVjm5JwpEbGdrcN5Y29ycA Mx8NhB4rcacO5KgcQdidVfCUDYB6bg-Ic2VjdXJpdHkeK71YotmcKRGxna3DeWNvcnAPpGI4YzU2ZDc4LTE3YTktNDFkOS05ZmIwLWRkOThkZDhmMWFjNQ
self-control	opencyc: 2 classes match ['possession', 'self-command', 'self-control', 'self-possession', 'self-will', 'will-power', 'willpower']	Mx4rk5HkzryyEdmAAAACs6hRjg Mx8NhB4rvcD6KJwpEbGdrcN5Y29ycB4rvVi255wpEbGdrcN5Y29ycB4rwQrxRJwpEbGdrcN5Y29ycB4rvViknpwpEbGdrcN5Y29ycA
seller	opencyc: 3 classes match ['marketer', 'seller', 'trafficker', 'vender', 'vendor']	Mx4rvVjcMJwpEbGdrcN5Y29ycA Mx4rvVkIkpwpEbGdrcN5Y29ycA Mx4rvj_RK5wpEbGdrcN5Y29ycA
serial	opencyc: 3 classes match ['serial', 'series']	Mx4rvhz6_JwpEbGdrcN5Y29ycA Mx4rvo5pTJwpEbGdrcN5Y29ycA Mx8Ngh4rc1fhdImoQdiBEcb0BVGwOR4rvViAxJwpEbGdrcN5Y29ycA
series	opencyc: 3 classes match ['serial', 'serial-publication', 'series']	Mx4rvhz6_JwpEbGdrcN5Y29ycA Mx4rvo5pTJwpEbGdrcN5Y29ycA Mx8Ngh4rc1fhdImoQdiBEcb0BVGwOR4rvViAxJwpEbGdrcN5Y29ycA
sermon	yago: 2 classes match ['discourse', 'preaching', 'sermon']	Discourse Sermon
servant	opencyc: 2 classes match ['retainer', 'servant']	Mx4rZBPDtjDbQdiHtrOtrbgLwQ Mx4rwP1cepwpEbGdrcN5Y29ycA
setting	opencyc: 2 classes match ['background', 'scope', 'setting']	Mx4r0EVLwmEYEdaOHQACs0uFOQ Mx8NhB4rvcD6KJwpEbGdrcN5Y29ycB4ro3lluGJHQdiVxrZReHS-jR4rvVjVnpwpEbGdrcN5Y29ycB4rvjJE4ZwpEbGdrcN5Y29ycA
setting.2	opencyc: 3 classes match ['scene', 'setting', 'setting.2']	Mx4rvVjgF5wpEbGdrcN5Y29ycA Mx4rvVoXT5wpEbGdrcN5Y29ycA Mx8NhB4rvcD6KJwpEbGdrcN5Y29ycB4ro3lluGJHQdiVxrZReHS-jR4rvVjVnpwpEbGdrcN5Y29ycB4rvjJE4ZwpEbGdrcN5Y29ycA
settlement	opencyc: 2 classes match ['colony', 'settlement']	Mx4r7UPPpMkuEdmAAAACs6hRjg Mx4raa3vqMP3EdmAAAACs6hRjg
shame.2	opencyc: 2 classes match ['disgrace', 'ignominy', 'shame', 'shame.2']	Mx4rTCn2PjAeQdiFb98sdNgFLw Mx4rvVii0pwpEbGdrcN5Y29ycA
sheet	opencyc: 3 classes match ['bed-sheet', 'sheet']	Mx4rvViveJwpEbGdrcN5Y29ycA Mx4rvVjNcpwpEbGdrcN5Y29ycA Mx4rwQCH5pwpEbGdrcN5Y29ycA
sheet.2	opencyc: 3 classes match ['piece-of-paper', 'sheet', 'sheet-of-paper', 'sheet.2']	Mx4rvVjNcpwpEbGdrcN5Y29ycA Mx4rvVjpnJwpEbGdrcN5Y29ycA Mx4rwQCH5pwpEbGdrcN5Y29ycA
shell	opencyc: 2 classes match ['shell']	Mx4rvVjgBZwpEbGdrcN5Y29ycA Mx4rwPWXZpwpEbGdrcN5Y29ycA
shell.2	opencyc: 2 classes match ['shell', 'shell.2']	Mx4rvVjgBZwpEbGdrcN5Y29ycA Mx4rwPWXZpwpEbGdrcN5Y29ycA
shell.3	opencyc: 4 classes match ['eggshell', 'shell', 'shell.3']	Mx4rvVjayZwpEbGdrcN5Y29ycA Mx4rvVjgBZwpEbGdrcN5Y29ycA Mx4rwPWXZpwpEbGdrcN5Y29ycA Mx4rwQCPFJwpEbGdrcN5Y29ycA
shell.4	opencyc: 2 classes match ['shell', 'shell.4']	Mx4rvVjgBZwpEbGdrcN5Y29ycA Mx4rwPWXZpwpEbGdrcN5Y29ycA
shelter	opencyc: 2 classes match ['shelter']	Mx4r8Tc6LP_LEdqAAAACs71DGQ Mx4rvViagpwpEbGdrcN5Y29ycA
shooting	opencyc: 4 classes match ['shooting', 'shot']	Mx4rb7B5E7G6EdmAhAACs6hRjg Mx4riXpgbLjDEdmAAAACs6hRjg Mx4rvViI5JwpEbGdrcN5Y29ycA Mx4rvVjrp5wpEbGdrcN5Y29ycA
shop	opencyc: 3 classes match ['shop', 'store']	Mx4rk6IcLLvMEdmAAAACs6hRjg Mx4rvVj8_ZwpEbGdrcN5Y29ycA Mx4rwINmxZwpEbGdrcN5Y29ycA
shoulder	opencyc: 2 classes match ['berm', 'shoulder']	Mx4rZleTAgRAEdqAAAACs6hnlQ Mx4rvViCM5wpEbGdrcN5Y29ycA
shoulder.2	opencyc: 2 classes match ['shoulder', 'shoulder.2']	Mx4rZleTAgRAEdqAAAACs6hnlQ Mx4rvViCM5wpEbGdrcN5Y29ycA
side	opencyc: 3 classes match ['position', 'side']	Mx4rFqXlaHSuEdaAAACgyZzFrg Mx4rvViVHZwpEbGdrcN5Y29ycA Mx4rwPSHP5wpEbGdrcN5Y29ycA
side.2	opencyc: 2 classes match ['face', 'side', 'side.2']	Mx4rvVi5GZwpEbGdrcN5Y29ycA Mx4rwPSHP5wpEbGdrcN5Y29ycA
sidewalk	opencyc: 2 classes match ['pavement', 'sidewalk']	Mx4rvViJZ5wpEbGdrcN5Y29ycA Mx4rwPu6xpwpEbGdrcN5Y29ycA
sieve	opencyc: 3 classes match ['screen', 'sieve']	Mx4r3Xdslj_rEdqAAAACs71DGQ Mx4rvVj1N5wpEbGdrcN5Y29ycA Mx4rvVjKAJwpEbGdrcN5Y29ycA
sign-of-the-zodiac	yago: 2 classes match ['house', 'mansion', 'planetary-house', 'sign', 'sign-of-the-zodiac', 'star-sign']	House Mansion
sign-of-the-zodiac	opencyc: 3 classes match ['house', 'mansion', 'planetary-house', 'sign', 'sign-of-the-zodiac', 'star-sign']	Mx4rTnpyYhJYEd2AAADggVfs8g Mx4rt02KDnSxEdaAAACgyZzFrg Mx4rvVih-5wpEbGdrcN5Y29ycA
signal	opencyc: 2 classes match ['sign', 'signal', 'signaling']	Mx4rTnpyYhJYEd2AAADggVfs8g Mx4rvVjJhJwpEbGdrcN5Y29ycA
silver	opencyc: 3 classes match ['ag', 'atomic-number-47', 'silver']	Mx4roqSMynS_EdaAAACgyZzFrg Mx4rvVj0tJwpEbGdrcN5Y29ycA Mx8Ngh4rwBhyv5wpEbGdrcN5Y29ycB4rNG-REvKpEdaGcgABAxv6tg
sin	opencyc: 2 classes match ['sin', 'sinning']	Mx4rSd0J4F_VQdec4fLFZmpN9Q Mx4rSd0MQF_YQdeYNoBeyCiwAg
sink	opencyc: 2 classes match ['sink']	Mx4rOxu1kto1TKWXRks0mDtLoQ Mx4rvViJwZwpEbGdrcN5Y29ycA
skeletal-system	opencyc: 4 classes match ['frame', 'skeletal-system', 'skeleton', 'systema-skeletale']	Mx4rNbZw0lCtEdaAAABQ2rksLw Mx4rvVi1rpwpEbGdrcN5Y29ycA Mx4rvVjJvZwpEbGdrcN5Y29ycA Mx4rwT8hzpwpEbGdrcN5Y29ycA
sketch	opencyc: 3 classes match ['resume', 'sketch', 'survey']	Mx4rm3H45vqZEdyAAAACs6hRXg Mx4rn_kuIDAEQdiOPOpBZlRGAg Mx4rvVjO-pwpEbGdrcN5Y29ycA
ski	opencyc: 2 classes match ['ski']	Mx4rvVjmwJwpEbGdrcN5Y29ycA Mx4rwQCShpwpEbGdrcN5Y29ycA
skirt	opencyc: 2 classes match ['skirt']	Mx4rvVjdTpwpEbGdrcN5Y29ycA Mx4rvVjdy5wpEbGdrcN5Y29ycA
sleeve	opencyc: 2 classes match ['arm', 'sleeve']	Mx4rvVjp5ZwpEbGdrcN5Y29ycA Mx4rvVkKV5wpEbGdrcN5Y29ycA
slide	opencyc: 3 classes match ['playground-slide', 'slide', 'sliding-board']	Mx4rvVikrpwpEbGdrcN5Y29ycA Mx4rvtYfGZwpEbGdrcN5Y29ycA Mx4rwP16MJwpEbGdrcN5Y29ycA
slope	opencyc: 3 classes match ['incline', 'side', 'slope']	Mx4rvVjafZwpEbGdrcN5Y29ycA Mx4rw4--UiTfQdeTAd3NPZMGfg Mx4rwPSHP5wpEbGdrcN5Y29ycA
smile	opencyc: 2 classes match ['grin', 'grinning', 'smile', 'smiling']	Mx4rU67zQ7HiEdmAhAACs6hRjg Mx4rvVjRV5wpEbGdrcN5Y29ycA
smoke	opencyc: 2 classes match ['fume', 'smoke']	Mx4rvVi_TpwpEbGdrcN5Y29ycA Mx4rwPzunpwpEbGdrcN5Y29ycA
snail	opencyc: 2 classes match ['snail']	Mx4rvViUUJwpEbGdrcN5Y29ycA Mx8Ngh4rvVi-TJwpEbGdrcN5Y29ycB4rvViUUJwpEbGdrcN5Y29ycA
snow	opencyc: 2 classes match ['snow', 'snowfall']	Mx4rvVi7xZwpEbGdrcN5Y29ycA Mx8Ngh4rwP1_U5wpEbGdrcN5Y29ycB4rvVi-g5wpEbGdrcN5Y29ycA
society	opencyc: 2 classes match ['society']	Mx4r2Ns-2EPeQdmYv_GT1H70Qg Mx4rv5icNZwpEbGdrcN5Y29ycA
sodium	opencyc: 2 classes match ['atomic-number-11', 'na', 'sodium']	Mx4rvVjUBpwpEbGdrcN5Y29ycA Mx8Ngh4rwBhyv5wpEbGdrcN5Y29ycB4rNG9qAfKpEdaGcgABAxv6tg
software	opencyc: 4 classes match ['computer-software', 'package', 'software', 'software-package', 'software-program', 'software-system']	Mx4rLYABOQhuEduVMwDggVaqog Mx4rvVi8QJwpEbGdrcN5Y29ycA Mx4rvVjnhJwpEbGdrcN5Y29ycA Mx4rvcUMxZwpEbGdrcN5Y29ycA
soil	opencyc: 2 classes match ['dirt', 'soil']	Mx4rvVi8eZwpEbGdrcN5Y29ycA Mx4rwAYi8pwpEbGdrcN5Y29ycA
solicitation	opencyc: 2 classes match ['appeal', 'collection', 'ingathering', 'solicitation']	Mx8Ngh4r_9MKDLvoEdmAAAACs6hRjh4rvVjmoJwpEbGdrcN5Y29ycA Mx8Ngh4rvViympwpEbGdrcN5Y29ycB4rvVjmoJwpEbGdrcN5Y29ycA
sorrow	opencyc: 2 classes match ['regret', 'rue', 'ruefulness', 'sorrow']	Mx4r2lg-AC_9QdiBe7m-Tq9eDg Mx4rvVi0wZwpEbGdrcN5Y29ycA
sound	opencyc: 3 classes match ['auditory-sensation', 'sound']	Mx4rvVj0N5wpEbGdrcN5Y29ycA Mx4rvVj0epwpEbGdrcN5Y29ycA Mx4rvpmpZ5wpEbGdrcN5Y29ycA
speaker	opencyc: 2 classes match ['speaker', 'talker', 'utterer', 'verbaliser', 'verbalizer']	Mx4rrOEB4orLEduAAAACs6hRXg Mx4rvVjNNJwpEbGdrcN5Y29ycA
spectrum	opencyc: 2 classes match ['spectrum']	Mx4rryKfxn3jEd2AAABQjYGu0g Mx4rwR10lZwpEbGdrcN5Y29ycA
speed	opencyc: 2 classes match ['speed', 'velocity']	Mx4rvViRs5wpEbGdrcN5Y29ycA Mx4rvVjm9JwpEbGdrcN5Y29ycA
spell	opencyc: 3 classes match ['charm', 'magic-spell', 'magical-spell', 'spell']	Mx4rJVa7lLZqEdmFRAACs6hRjg Mx4rvVi73ZwpEbGdrcN5Y29ycA Mx4rvmhwAJwpEbGdrcN5Y29ycA
sphere	opencyc: 2 classes match ['sphere', 'sphere-of-influence']	Mx4r3iex1N9UEdmAAAACs0uFOQ Mx4rvgDAn5wpEbGdrcN5Y29ycA
sphere.2	opencyc: 2 classes match ['sphere', 'sphere.2']	Mx4r3iex1N9UEdmAAAACs0uFOQ Mx4rvgDAn5wpEbGdrcN5Y29ycA
spinal-column	opencyc: 4 classes match ['back', 'backbone', 'rachis', 'spinal-column', 'spine', 'vertebral-column']	Mx4rv6GF55wpEbGdrcN5Y29ycA Mx4rvVjvvZwpEbGdrcN5Y29ycA Mx4rvVkEU5wpEbGdrcN5Y29ycA Mx4rvVkFEpwpEbGdrcN5Y29ycA
spine	opencyc: 2 classes match ['pricker', 'prickle', 'spikelet', 'spine', 'sticker', 'thorn']	Mx4rwJIQaZwpEbGdrcN5Y29ycA Mx4rwP3zl5wpEbGdrcN5Y29ycA
spirit	yago: 2 classes match ['feel', 'feeling', 'flavor', 'flavour', 'look', 'smell', 'spirit', 'tone']	Feeling Spirit
spirit	opencyc: 2 classes match ['feel', 'feeling', 'flavor', 'flavour', 'look', 'smell', 'spirit', 'tone']	Mx4rESuT3qJxQdeP56jILPRdlQ Mx4rRNpZ7HSyEdaAAACgyZzFrg
spokesperson	opencyc: 4 classes match ['interpreter', 'representative', 'spokesperson', 'voice']	Mx4rO0ihZl6fQdmZRPA5fnG5vA Mx4rvVkJNpwpEbGdrcN5Y29ycA Mx4rwQr5zpwpEbGdrcN5Y29ycA Mx8NhB4rvcD6KJwpEbGdrcN5Y29ycB4rvViAkpwpEbGdrcN5Y29ycB4rwCXHgZwpEbGdrcN5Y29ycB4rvVjVT5wpEbGdrcN5Y29ycA
spouse	opencyc: 2 classes match ['better-half', 'married-person', 'mate', 'partner', 'spouse']	Mx4rPKHIyry6EdmAAAACs6hRjg Mx4rbqdVPHTAEdaAAACgyZzFrg
spread	opencyc: 3 classes match ['paste', 'spread']	Mx4rAh9S7rjhEdmAAAACs6hRjg Mx4rkkCOV-roRU-8H5W8vWfGSg Mx4rwQBaPZwpEbGdrcN5Y29ycA
spring	opencyc: 4 classes match ['spring']	Mx4rvViLCZwpEbGdrcN5Y29ycA Mx4rvVjpP5wpEbGdrcN5Y29ycA Mx4rvgESBJwpEbGdrcN5Y29ycA Mx4rvgEXNZwpEbGdrcN5Y29ycA
spring.2	opencyc: 6 classes match ['fountain', 'natural-spring', 'outflow', 'outpouring', 'spring', 'spring.2']	Mx4rvViLCZwpEbGdrcN5Y29ycA Mx4rvVjpP5wpEbGdrcN5Y29ycA Mx4rvgESBJwpEbGdrcN5Y29ycA Mx4rvgEXNZwpEbGdrcN5Y29ycA Mx4rvs83fZwpEbGdrcN5Y29ycA Mx4rvvhy25wpEbGdrcN5Y29ycA
spring.3	opencyc: 4 classes match ['spring', 'spring.3', 'springtime']	Mx4rvViLCZwpEbGdrcN5Y29ycA Mx4rvVjpP5wpEbGdrcN5Y29ycA Mx4rvgESBJwpEbGdrcN5Y29ycA Mx4rvgEXNZwpEbGdrcN5Y29ycA
spy	opencyc: 2 classes match ['spy', 'undercover-agent']	Mx4rwOQYGpwpEbGdrcN5Y29ycA Mx8NhB4rvcD6KJwpEbGdrcN5Y29ycB4rvViAkpwpEbGdrcN5Y29ycB4rl-zXLnVhQdmd7NrAd6mmcB4rvVjVT5wpEbGdrcN5Y29ycA
square	opencyc: 2 classes match ['foursquare', 'square']	Mx4rvVjUVZwpEbGdrcN5Y29ycA Mx8Ngh4rRGAb3F4nQdeYVca9lNCZDx4rvn5lgpwpEbGdrcN5Y29ycA
stable	opencyc: 2 classes match ['horse-barn', 'stable', 'stalls']	Mx4rbcXWtLxhEduAAAACs2IKfQ Mx4ri_ZQRq3pEdqAAAAOpmP6tw
stadium	yago: 2 classes match ['arena', 'bowl', 'sports-stadium', 'stadium']	Arena Bowl
stadium	opencyc: 3 classes match ['arena', 'bowl', 'sports-stadium', 'stadium']	Mx4rvVjsMZwpEbGdrcN5Y29ycA Mx4rvVjtnZwpEbGdrcN5Y29ycA Mx8NhB4rcacO5KgcQdidVfCUDYB6bg-Oc3BvcnRzIHN0YWRpdW0eK71l2ICcKRGxna3DeWNvcnAPpGQ5YWVjN2JhLTE3YjctNDFkOS05MDY1LWJlODU0ZTFjYmNhZg
stage	opencyc: 2 classes match ['stage']	Mx4rA83oTTqdQoSTMOIjU8Y-Qg Mx4rvgEL2ZwpEbGdrcN5Y29ycA
standard	opencyc: 3 classes match ['criterion', 'measure', 'standard', 'touchstone']	Mx4rr8W5skPwQdmb_rNCGlJowg Mx4rtiEkBizjQdicSd6q-NEThQ Mx4rvaEcosFuQdiNopS8VV8ODg
star	opencyc: 2 classes match ['star']	Mx4r0i5GBMkpEdmAAAACs6hRjg Mx4rvVi80ZwpEbGdrcN5Y29ycA
star.2	opencyc: 2 classes match ['star', 'star.2']	Mx4r0i5GBMkpEdmAAAACs6hRjg Mx4rvVi80ZwpEbGdrcN5Y29ycA
state	yago: 2 classes match ['province', 'state']	Province State
state	opencyc: 2 classes match ['province', 'state']	Mx4rvVjM45wpEbGdrcN5Y29ycA Mx4rvVjnqJwpEbGdrcN5Y29ycA
state-of-matter	opencyc: 2 classes match ['state', 'state-of-matter']	Mx4rvViRCJwpEbGdrcN5Y29ycA Mx4rvVjnqJwpEbGdrcN5Y29ycA
statement	opencyc: 2 classes match ['financial-statement', 'statement']	Mx4rvWIKZpwpEbGdrcN5Y29ycA Mx4rwMU985wpEbGdrcN5Y29ycA
status	opencyc: 2 classes match ['position', 'status']	Mx4rFqXlaHSuEdaAAACgyZzFrg Mx4rvViVHZwpEbGdrcN5Y29ycA
steel	opencyc: 2 classes match ['steel']	Mx4rLYCdcwhuEduVMwDggVaqog Mx4rvVjLAZwpEbGdrcN5Y29ycA
stick.2	opencyc: 2 classes match ['control-stick', 'joystick', 'stick', 'stick.2']	Mx4rvViCyJwpEbGdrcN5Y29ycA Mx8Ngh4rwjh4oLdHQdeIfc0KIMuu4R8Ngh4rwPzUgpwpEbGdrcN5Y29ycB4rwQBrIJwpEbGdrcN5Y29ycA
stock	opencyc: 4 classes match ['inventory', 'stock']	Mx4rd9nLoMCDEdmAAAACs6hRjg Mx4rvViOoJwpEbGdrcN5Y29ycA Mx4rvVivc5wpEbGdrcN5Y29ycA Mx4rv_aGXJwpEbGdrcN5Y29ycA
stock.2	opencyc: 2 classes match ['stock', 'stock.2']	Mx4rvVivc5wpEbGdrcN5Y29ycA Mx4rv_aGXJwpEbGdrcN5Y29ycA
stockholder	opencyc: 2 classes match ['shareholder', 'shareowner', 'stockholder']	Mx4rGQTlOjATQdiJmN-pF9DKuA Mx8NhB4rvcD6KJwpEbGdrcN5Y29ycB4rvViknpwpEbGdrcN5Y29ycB4rvVjDRZwpEbGdrcN5Y29ycB4rvViSlZwpEbGdrcN5Y29ycA
stone	opencyc: 3 classes match ['endocarp', 'pit', 'stone']	Mx4rvViOBJwpEbGdrcN5Y29ycA Mx4rvaKcg5wpEbGdrcN5Y29ycA Mx4rwPudOZwpEbGdrcN5Y29ycA
storm	opencyc: 2 classes match ['storm', 'violent-storm']	Mx4rvViEWZwpEbGdrcN5Y29ycA Mx4rwPu3fJwpEbGdrcN5Y29ycA
stream	yago: 2 classes match ['stream', 'watercourse']	Stream Watercourse
stream	opencyc: 3 classes match ['stream', 'watercourse']	Mx4rGxWxg1L1EdaCtgACs0uXdw Mx4riEuTsLqNEdqAAAACs6hnmQ Mx4rvVkHdJwpEbGdrcN5Y29ycA
streetcar	opencyc: 2 classes match ['streetcar', 'tram', 'tramcar', 'trolley', 'trolley-car']	Mx4r8Tzsih63QdiCl8mfOdUxjA Mx4r_3Df6iweQdiHmp8c4Rdu3g
string	opencyc: 2 classes match ['string', 'twine']	Mx4rvVj71JwpEbGdrcN5Y29ycA Mx4rvzu6n5wpEbGdrcN5Y29ycA
stroke	opencyc: 3 classes match ['apoplexy', 'cerebrovascular-accident', 'cva', 'stroke']	Mx4rGotQLELyQdmbRP4gJGEGuQ Mx4rwA_2YrVsEduAAAACs5b6Bw Mx4rwP1bPpwpEbGdrcN5Y29ycA
structure	yago: 2 classes match ['construction', 'structure']	Construction Structure
structure	opencyc: 2 classes match ['construction', 'structure']	Mx4rvVjIlpwpEbGdrcN5Y29ycA Mx4rvsWv_5wpEbGdrcN5Y29ycA
student	opencyc: 3 classes match ['educatee', 'pupil', 'student']	Mx4rvViBr5wpEbGdrcN5Y29ycA Mx4rvViNGpwpEbGdrcN5Y29ycA Mx8NhB4rcacO5KgcQdidVfCUDYB6bg-Hc3R1ZGVudB4rvVii2ZwpEbGdrcN5Y29ycA-kOWM5ZDhmNmUtYjg3OC0xMWRiLTgwMDAtMDAwMmIzYTMzMTQx
subject.2	opencyc: 3 classes match ['subject', 'subject.2', 'theme', 'topic']	Mx4rgQsP1F2xEdif1wACs2IMlQ Mx4rv3qwJ5wpEbGdrcN5Y29ycA Mx8NhB4rvcD6KJwpEbGdrcN5Y29ycB4rvViA9JwpEbGdrcN5Y29ycB4rvVzuRJwpEbGdrcN5Y29ycB4rvVifB5wpEbGdrcN5Y29ycA
subject.3	opencyc: 2 classes match ['case', 'guinea-pig', 'subject', 'subject.3']	Mx4rvz4dk5wpEbGdrcN5Y29ycA Mx4rwRZOgJwpEbGdrcN5Y29ycA
suffering	opencyc: 2 classes match ['hurt', 'suffering']	Mx4rAmOGFKRUQdifB8JtHHSVBA Mx8Ngh4rvkupTpwpEbGdrcN5Y29ycB4rvVive5wpEbGdrcN5Y29ycA
sugar	opencyc: 2 classes match ['refined-sugar', 'sugar']	Mx4rvViq3ZwpEbGdrcN5Y29ycA Mx4rvVjIPJwpEbGdrcN5Y29ycA
suit	opencyc: 2 classes match ['suit', 'suit-of-clothes']	Mx4rMq1fzMu1S9SX_p0XQ4bWDw Mx4rvvcaSJwpEbGdrcN5Y29ycA
summer	opencyc: 2 classes match ['summer', 'summertime']	Mx4rvViKx5wpEbGdrcN5Y29ycA Mx4rvgEXaJwpEbGdrcN5Y29ycA
summit	yago: 2 classes match ['summit', 'summit-meeting']	Summit Summit_(meeting)
summit	opencyc: 2 classes match ['summit', 'summit-meeting']	Mx4rvsYempwpEbGdrcN5Y29ycA Mx4ryncJZCTfQdeEidQ7vusDfQ
sunday	"opencyc: 2 classes match ['dominicus', ""lord's-day"", 'sun', 'sunday']"	Mx4rlxNJlmKqEdqAAAACs71DGQ Mx4rvVjWN5wpEbGdrcN5Y29ycA
sunlight	opencyc: 2 classes match ['sun', 'sunlight', 'sunshine']	Mx4rlxNJlmKqEdqAAAACs71DGQ Mx4rvViVapwpEbGdrcN5Y29ycA
survival	opencyc: 3 classes match ['natural-selection', 'selection', 'survival', 'survival-of-the-fittest']	Mx4rVjSgzvnsEdyAAAACs6hbjw Mx4r_oxvKMCgEdmAAAACs6hRjg Mx4rvjsh45wpEbGdrcN5Y29ycA
survival.2	opencyc: 3 classes match ['endurance', 'survival', 'survival.2']	Mx4r_oxvKMCgEdmAAAACs6hRjg Mx4rvVi1yJwpEbGdrcN5Y29ycA Mx4rvjsh45wpEbGdrcN5Y29ycA
suspect	opencyc: 2 classes match ['suspect']	Mx4rxhYENNaYEdmAAAACs6hcqg Mx8NhB4rvcD6KJwpEbGdrcN5Y29ycB4rvVinb5wpEbGdrcN5Y29ycB4rYS5eKpI6QdiTk9Hz3W_HpR4rvVioQZwpEbGdrcN5Y29ycA
sweater	opencyc: 2 classes match ['jumper', 'sweater']	Mx4rvVkBipwpEbGdrcN5Y29ycA Mx4rwHfpYZwpEbGdrcN5Y29ycA
swing	opencyc: 2 classes match ['swing', 'swinging', 'vacillation']	Mx4rvVjhgpwpEbGdrcN5Y29ycA Mx4rwQxGhpwpEbGdrcN5Y29ycA
switch	opencyc: 3 classes match ['shift', 'switch', 'switching']	Mx4rEP1C2sMJEdmAAACQJw5drg Mx4rvVkI_5wpEbGdrcN5Y29ycA Mx4rvgJRM5wpEbGdrcN5Y29ycA
switch.2	opencyc: 3 classes match ['electric-switch', 'electrical-switch', 'switch', 'switch.2']	Mx4rvVkI_5wpEbGdrcN5Y29ycA Mx4rvgJRM5wpEbGdrcN5Y29ycA Mx8NhB4rcacO5KgcQdidVfCUDYB6bg-RZWxlY3RyaWNhbCBzd2l0Y2geK71l2ICcKRGxna3DeWNvcnAPpDg0ODViNDg4LTE3YjctNDFkOS05OTc2LWQ2MGJjZWYwYWZkMw
sword	yago: 3 classes match ['blade', 'brand', 'steel', 'sword']	Brand Steel Sword
sword	opencyc: 4 classes match ['blade', 'brand', 'steel', 'sword']	Mx4rLYCdcwhuEduVMwDggVaqog Mx4rvVjLAZwpEbGdrcN5Y29ycA Mx4rvVjLipwpEbGdrcN5Y29ycA Mx4rvVj_15wpEbGdrcN5Y29ycA
sympathy	opencyc: 3 classes match ['sympathy', 'understanding']	Mx4rS_Z8bIq9EdaAAAACs0uFOQ Mx4rj5nVxyzGEdiUgwAH6RYvSQ Mx4rvVive5wpEbGdrcN5Y29ycA
system	opencyc: 2 classes match ['scheme', 'system']	Mx4rv9Xu1ZwpEbGdrcN5Y29ycA Mx4rvVjOtJwpEbGdrcN5Y29ycA
table	opencyc: 4 classes match ['table']	Mx4rFT7Kqh5tQdeFZsczC6n3xw Mx4rgDvaPkMmQdmWPdnJ1mcE2A Mx4rvViABJwpEbGdrcN5Y29ycA Mx4rvViZ9JwpEbGdrcN5Y29ycA
table.2	opencyc: 4 classes match ['table', 'table.2', 'tabular-array']	Mx4rFT7Kqh5tQdeFZsczC6n3xw Mx4rgDvaPkMmQdmWPdnJ1mcE2A Mx4rvViABJwpEbGdrcN5Y29ycA Mx4rvViZ9JwpEbGdrcN5Y29ycA
tail	opencyc: 2 classes match ['tail']	Mx4rvVjY_pwpEbGdrcN5Y29ycA Mx4rvVjiC5wpEbGdrcN5Y29ycA
tail.2	opencyc: 2 classes match ['tail', 'tail.2']	Mx4rvVjY_pwpEbGdrcN5Y29ycA Mx4rvVjiC5wpEbGdrcN5Y29ycA
tan	opencyc: 4 classes match ['burn', 'sunburn', 'suntan', 'tan']	Mx4r2sRPdHS-EdaAAACgyZzFrg Mx4rmZGTuC0DQdmXIohER5H_Zw Mx4rwP1OdJwpEbGdrcN5Y29ycA Mx4rwP1XdZwpEbGdrcN5Y29ycA
tape.2	opencyc: 2 classes match ['tape', 'tape-recording', 'tape.2', 'taping']	Mx4rvVkIepwpEbGdrcN5Y29ycA Mx4rwQBeS5wpEbGdrcN5Y29ycA
tape.3	opencyc: 2 classes match ['tape', 'tape-measure', 'tape.3', 'tapeline']	Mx4rwPu_2ZwpEbGdrcN5Y29ycA Mx4rwQBeS5wpEbGdrcN5Y29ycA
tax-return	opencyc: 2 classes match ['income-tax-return', 'return', 'tax-return']	Mx4rwPvGh5wpEbGdrcN5Y29ycA Mx8NhB4rvcD6KJwpEbGdrcN5Y29ycB4rvVjU2JwpEbGdrcN5Y29ycB4rviMXGpwpEbGdrcN5Y29ycB4rvVjV2JwpEbGdrcN5Y29ycA
teacher	opencyc: 2 classes match ['instructor', 'teacher']	Mx4rvVkFrJwpEbGdrcN5Y29ycA Mx8NhB4rvcD6KJwpEbGdrcN5Y29ycB4rvViAkpwpEbGdrcN5Y29ycB4rUYgZftQhQdiCOc4Dj-8xKB4rvViAkpwpEbGdrcN5Y29ycA
team	opencyc: 2 classes match ['squad', 'team']	Mx4rB5uhzjt6EdaAAACgye-oRQ Mx4rvZowY5wpEbGdrcN5Y29ycA
television-receiver	yago: 2 classes match ['boob-tube', 'goggle-box', 'idiot-box', 'television', 'television-receiver', 'television-set', 'telly', 'tv', 'tv-set']	Television Television_set
tension	opencyc: 2 classes match ['stress', 'tenseness', 'tension']	Mx4rv44FL5wpEbGdrcN5Y29ycA Mx4rvVizDZwpEbGdrcN5Y29ycA
terminal	opencyc: 2 classes match ['terminal']	Mx4rv8N_DJwpEbGdrcN5Y29ycA Mx4rvYOiA5wpEbGdrcN5Y29ycA
terminology	yago: 2 classes match ['language', 'nomenclature', 'terminology']	Language Nomenclature
territory	opencyc: 2 classes match ['soil', 'territory']	Mx4rvVih3JwpEbGdrcN5Y29ycA Mx4rwAYi8pwpEbGdrcN5Y29ycA
text	opencyc: 2 classes match ['text', 'textual-matter']	Mx4rv65Pt5wpEbGdrcN5Y29ycA Mx4rwDBUqJwpEbGdrcN5Y29ycA
textbook	opencyc: 3 classes match ['school-text', 'schoolbook', 'text', 'text-edition', 'textbook']	Mx4rv65Pt5wpEbGdrcN5Y29ycA Mx4rvVjaBZwpEbGdrcN5Y29ycA Mx4rwDBUqJwpEbGdrcN5Y29ycA
thinker	opencyc: 2 classes match ['creative-thinker', 'mind', 'thinker']	Mx4rvViL6ZwpEbGdrcN5Y29ycA Mx4rvgJTqJwpEbGdrcN5Y29ycA
thorax	opencyc: 2 classes match ['chest', 'pectus', 'thorax']	Mx4rvVikFZwpEbGdrcN5Y29ycA Mx4rvVjN0JwpEbGdrcN5Y29ycA
thread	opencyc: 3 classes match ['thread', 'yarn']	Mx4rvVjjsZwpEbGdrcN5Y29ycA Mx4rvWKy8ZwpEbGdrcN5Y29ycA Mx4rwNDo1ZwpEbGdrcN5Y29ycA
throat	opencyc: 2 classes match ['pharynx', 'throat']	Mx4rvViv7ZwpEbGdrcN5Y29ycA Mx4rwQtO_JwpEbGdrcN5Y29ycA
tilt	opencyc: 6 classes match ['inclination', 'lean', 'leaning', 'list', 'tilt']	Mx4r4QYKtA4dQdecRak4K1sgXQ Mx4rGxWKcVL1EdaCtgACs0uXdw Mx4rvVjYvpwpEbGdrcN5Y29ycA Mx4rvtUAU5wpEbGdrcN5Y29ycA Mx4rwOcoU5wpEbGdrcN5Y29ycA Mx8Ngh4rvmtxnJwpEbGdrcN5Y29ycB4rvViA9JwpEbGdrcN5Y29ycA
tip	opencyc: 4 classes match ['confidential-information', 'hint', 'lead', 'steer', 'tip', 'wind']	Mx4rb068CnTAEdaAAACgyZzFrg Mx4rvVkK_ZwpEbGdrcN5Y29ycA Mx4rwPzZpZwpEbGdrcN5Y29ycA Mx8NhB4rwP1IC5wpEbGdrcN5Y29ycB4rvV-_fJwpEbGdrcN5Y29ycB4rvVip_pwpEbGdrcN5Y29ycB4rvVjV2JwpEbGdrcN5Y29ycA
tip.2	opencyc: 2 classes match ['tip', 'tip.2']	Mx4rwPzZpZwpEbGdrcN5Y29ycA Mx8NhB4rwP1IC5wpEbGdrcN5Y29ycB4rvV-_fJwpEbGdrcN5Y29ycB4rvVip_pwpEbGdrcN5Y29ycB4rvVjV2JwpEbGdrcN5Y29ycA
title	opencyc: 3 classes match ['claim', 'title']	Mx4rN2pvOGJcEd2AAADggVfs8g Mx4rvVis3ZwpEbGdrcN5Y29ycA Mx4rwO3QJZwpEbGdrcN5Y29ycA
title.2	opencyc: 3 classes match ['title', 'title.2']	Mx4rN2pvOGJcEd2AAADggVfs8g Mx4rvVis3ZwpEbGdrcN5Y29ycA Mx4rwO3QJZwpEbGdrcN5Y29ycA
title.3	opencyc: 3 classes match ['form-of-address', 'title', 'title-of-respect', 'title.3']	Mx4rN2pvOGJcEd2AAADggVfs8g Mx4rvVis3ZwpEbGdrcN5Y29ycA Mx4rwO3QJZwpEbGdrcN5Y29ycA
tomato	opencyc: 2 classes match ['tomato']	Mx4rwQCF_pwpEbGdrcN5Y29ycA Mx8Ngh4rvVipdpwpEbGdrcN5Y29ycB4rvVi0pZwpEbGdrcN5Y29ycA
tongue	opencyc: 2 classes match ['clapper', 'glossa', 'lingua', 'tongue']	Mx4r_53KXLq9EdqAAAACs6hnmQ Mx4rvVjmJ5wpEbGdrcN5Y29ycA
top	opencyc: 2 classes match ['top']	Mx4rvVjEpZwpEbGdrcN5Y29ycA Mx4rvfr2C5wpEbGdrcN5Y29ycA
top.2	opencyc: 2 classes match ['spinning-top', 'teetotum', 'top', 'top.2', 'whirligig']	Mx4rvVjEpZwpEbGdrcN5Y29ycA Mx4rvfr2C5wpEbGdrcN5Y29ycA
top.3	opencyc: 2 classes match ['top', 'top-side', 'top.3', 'upper-side', 'upside']	Mx4rvVjEpZwpEbGdrcN5Y29ycA Mx4rvfr2C5wpEbGdrcN5Y29ycA
torso	opencyc: 5 classes match ['body', 'torso', 'trunk']	Mx4rvVjZmpwpEbGdrcN5Y29ycA Mx4rvVjfQpwpEbGdrcN5Y29ycA Mx4rvVkJjpwpEbGdrcN5Y29ycA Mx4rwDtNw5wpEbGdrcN5Y29ycA Mx4rwQBooJwpEbGdrcN5Y29ycA
trade	yago: 2 classes match ['craft', 'trade']	Craft Trade
training	opencyc: 3 classes match ['grooming', 'preparation', 'training']	Mx4rBVuKI7KFEdmAhAACs6hRjg Mx4rrwpN8kXdRpOO7i_fWwLThA Mx4rvV9B6ZwpEbGdrcN5Y29ycA
transport	opencyc: 2 classes match ['conveyance', 'transport']	Mx4rv-6HepwpEbGdrcN5Y29ycA Mx4rvVjUgJwpEbGdrcN5Y29ycA
transportation	opencyc: 5 classes match ['conveyance', 'transfer', 'transferral', 'transport', 'transportation']	Mx4r4Ew5JghxEduVMgDggVaqog Mx4rfB3tFKo7EduQrwACs5b6Bw Mx4rv-6HepwpEbGdrcN5Y29ycA Mx4rvViOtpwpEbGdrcN5Y29ycA Mx4rvVjUgJwpEbGdrcN5Y29ycA
transportation.2	opencyc: 4 classes match ['shipping', 'transport', 'transportation', 'transportation.2']	Mx4r4Ew5JghxEduVMgDggVaqog Mx4rOlVkergmEdmAAAACs6hRjg Mx4rv-6HepwpEbGdrcN5Y29ycA Mx4rvVj6n5wpEbGdrcN5Y29ycA
treatment	opencyc: 2 classes match ['handling', 'treatment']	Mx4rvViMoZwpEbGdrcN5Y29ycA Mx4rxwIIhLi2EdmAAAACs6hRjg
treaty	yago: 2 classes match ['accord', 'pact', 'treaty']	Pact Treaty
treaty	opencyc: 2 classes match ['accord', 'pact', 'treaty']	Mx4rvVivo5wpEbGdrcN5Y29ycA Mx4rwD8ghJwpEbGdrcN5Y29ycA
troop	opencyc: 2 classes match ['troop']	Mx4rF8to1HTAEdaAAACgyZzFrg Mx8Ngh4rvszjQ5wpEbGdrcN5Y29ycA2DHiu9WOR2nCkRsZ2tw3ljb3JwHistHHBKO3oR1oAAAKDJ76hFHiu-p3FEnCkRsZ2tw3ljb3Jw
trophy	yago: 2 classes match ['prize', 'trophy']	Prize Trophy
trophy	opencyc: 2 classes match ['prize', 'trophy']	Mx4rAFrJwizxEdiUhAAH6RYvSQ Mx4rvgEOvpwpEbGdrcN5Y29ycA
trouble	opencyc: 2 classes match ['difficulty', 'trouble']	Mx4rYXl-rMktEdmAAAACs6hRjg Mx4rvi2nP5wpEbGdrcN5Y29ycA
trouble.2	opencyc: 3 classes match ['problem', 'trouble', 'trouble.2']	Mx4r9RIJpptXEdaAAACgycbQqA Mx4rYXl-rMktEdmAAAACs6hRjg Mx4rrGMp8PDVQdaSupKiIKZZZA
trust	opencyc: 2 classes match ['cartel', 'combine', 'corporate-trust', 'trust']	Mx4rvV72uZwpEbGdrcN5Y29ycA Mx4rvViTLJwpEbGdrcN5Y29ycA
tumor	opencyc: 2 classes match ['neoplasm', 'tumor', 'tumour']	Mx4re9RE6JnLS5SNIlZstWaqBA Mx4rwP1YqpwpEbGdrcN5Y29ycA
tune	opencyc: 3 classes match ['air', 'line', 'melodic-line', 'melodic-phrase', 'melody', 'strain', 'tune']	Mx4r6A7z1B5sQdedAK6n_bYxDg Mx4rvVjADJwpEbGdrcN5Y29ycA Mx4rvlsdD5wpEbGdrcN5Y29ycA
twilight	opencyc: 2 classes match ['crepuscle', 'crepuscule', 'dusk', 'evenfall', 'fall', 'gloam', 'gloaming', 'nightfall', 'twilight']	Mx4rvgEHB5wpEbGdrcN5Y29ycA Mx4rwPcURpwpEbGdrcN5Y29ycA
undertaking	opencyc: 16 classes match ['labor', 'project', 'task', 'undertaking']	Mx4rAVwZILtVEdmAAAACs6hRjg Mx4rNIfN7rtVEdmAAAACs6hRjg Mx4rUb4rEsT0EdaYuQABAkLVTg Mx4rf37UkrctEdmFRAACs6hRjg Mx4rvViqMpwpEbGdrcN5Y29ycA Mx8Ngx4rYBPY1HnHQdiRo4r8fC4RIR8Ngx4rj8qOgHbmQdiTr4JtS3CS_h4rGs71ns4GEdmAAAACs6hRjg-nY3ljb3JwUmVmcmlnZXJhdG9yTWFzc0VtYWlsU2VuZGluZ190YXNrpQ
undertaking	dul: 2 classes match ['labor', 'project', 'task', 'undertaking']	Project Task
urge	opencyc: 2 classes match ['itch', 'urge']	Mx4rvViG65wpEbGdrcN5Y29ycA Mx4rvVilCZwpEbGdrcN5Y29ycA
urine	opencyc: 3 classes match ['pee', 'piddle', 'piss', 'urine', 'water', 'weewee']	Mx4rvVjAHZwpEbGdrcN5Y29ycA Mx4rvVjGppwpEbGdrcN5Y29ycA Mx8Ngh4rwPzX35wpEbGdrcN5Y29ycB4rvVjAHZwpEbGdrcN5Y29ycA
vacation	opencyc: 2 classes match ['holiday', 'vacation']	Mx4rUB7K2Kj8Qdia8KHO_OuC3w Mx4rvViptZwpEbGdrcN5Y29ycA
vacuum	opencyc: 2 classes match ['vacuum', 'vacuum-cleaner']	Mx4rvVjdyZwpEbGdrcN5Y29ycA Mx4rvgEJGZwpEbGdrcN5Y29ycA
vegetable-oil	yago: 2 classes match ['oil', 'vegetable-oil']	Oil Vegetable_oil
vegetable-oil	opencyc: 2 classes match ['oil', 'vegetable-oil']	Mx4rvVibv5wpEbGdrcN5Y29ycA Mx4rvVjZ6ZwpEbGdrcN5Y29ycA
vegetarian	opencyc: 2 classes match ['vegetarian']	Mx4rv4jyVpwpEbGdrcN5Y29ycA Mx8Ngh4rwBtg95wpEbGdrcN5Y29ycB4rvVicUZwpEbGdrcN5Y29ycA
vegetation	opencyc: 3 classes match ['botany', 'flora', 'vegetation']	Mx4r6-ZSFmP1Ed2AAABQjYGu0g Mx4rD2wsgLujEduAAAACs2IKfQ Mx8Ngh4rwP1_U5wpEbGdrcN5Y29ycB4rvVjG4ZwpEbGdrcN5Y29ycA
venue	opencyc: 2 classes match ['locale', 'locus', 'venue']	Mx4rpUkODiTeQdeOKa7WVhv52A Mx4rsncTH8dtTx-EclfSreuEQw
vessel	yago: 2 classes match ['vessel', 'watercraft']	Vessel Watercraft
victory	opencyc: 2 classes match ['triumph', 'victory']	Mx4rkhaqEBVYQdiZM5im1mes7A Mx4rvVjdNZwpEbGdrcN5Y29ycA
video	opencyc: 3 classes match ['picture', 'video']	Mx4rv5_sfZwpEbGdrcN5Y29ycA Mx4rvo74Z5wpEbGdrcN5Y29ycA Mx4rxETKomELEdqAAAACs71DGQ
video-recording	opencyc: 2 classes match ['video', 'video-recording']	Mx4rv5_sfZwpEbGdrcN5Y29ycA Mx4rvo74Z5wpEbGdrcN5Y29ycA
view	opencyc: 3 classes match ['aspect', 'panorama', 'prospect', 'scene', 'view', 'vista']	Mx4rvVjgF5wpEbGdrcN5Y29ycA Mx4rvVoXT5wpEbGdrcN5Y29ycA Mx4rwQBxb5wpEbGdrcN5Y29ycA
village	opencyc: 2 classes match ['settlement', 'small-town', 'village']	Mx4ruKg6_vfhEdqAAAACs71DGQ Mx4rv33BppwpEbGdrcN5Y29ycA
violence	opencyc: 2 classes match ['force', 'violence']	Mx4rYmxx1hO_QdiX_dcQsHDtOg Mx4rvVkA6pwpEbGdrcN5Y29ycA
virus.2	yago: 2 classes match ['computer-virus', 'virus', 'virus.2']	Computer_virus Virus
virus.2	opencyc: 2 classes match ['computer-virus', 'virus', 'virus.2']	Mx4rvViKVpwpEbGdrcN5Y29ycA Mx4rvViXQpwpEbGdrcN5Y29ycA
vitamin	opencyc: 2 classes match ['vitamin']	Mx4rvVi8wpwpEbGdrcN5Y29ycA Mx4rwP1cN5wpEbGdrcN5Y29ycA
void	opencyc: 3 classes match ['emptiness', 'vacancy', 'vacuum', 'void']	Mx4refvGSDDaQdiNxNwpN4O3Gw Mx4rvgEJGZwpEbGdrcN5Y29ycA Mx8Ngh4rOaHx9YBSTxanjjZp8XL6rA-Edm9pZA
volume	opencyc: 2 classes match ['intensity', 'loudness', 'volume']	Mx4rvVju5JwpEbGdrcN5Y29ycA Mx8NhB4rvcD6KJwpEbGdrcN5Y29ycB4rvVju5JwpEbGdrcN5Y29ycB4rvVjbrZwpEbGdrcN5Y29ycB4rvVjpUZwpEbGdrcN5Y29ycA
volume.2	opencyc: 2 classes match ['volume', 'volume.2']	Mx4rvVju5JwpEbGdrcN5Y29ycA Mx8NhB4rvcD6KJwpEbGdrcN5Y29ycB4rvVju5JwpEbGdrcN5Y29ycB4rvVjbrZwpEbGdrcN5Y29ycB4rvVjpUZwpEbGdrcN5Y29ycA
volume.3	opencyc: 2 classes match ['volume', 'volume.3']	Mx4rvVju5JwpEbGdrcN5Y29ycA Mx8NhB4rvcD6KJwpEbGdrcN5Y29ycB4rvVju5JwpEbGdrcN5Y29ycB4rvVjbrZwpEbGdrcN5Y29ycB4rvVjpUZwpEbGdrcN5Y29ycA
vote	opencyc: 2 classes match ['ballot', 'balloting', 'vote', 'voting']	Mx4rT4MKVI4vQdiAA-1AaWTmew Mx4rqg-zgDoYQdeOY6ItKBOryg
wage	opencyc: 3 classes match ['earnings', 'pay', 'remuneration', 'salary', 'wage']	Mx4rvVjLKZwpEbGdrcN5Y29ycA Mx8NhB4rvcD6KJwpEbGdrcN5Y29ycB4rvVjU2JwpEbGdrcN5Y29ycB4rlvN8sCQ4EduAAADggVbxzR4rvVjQNpwpEbGdrcN5Y29ycA Mx8NhB4rvcD6KJwpEbGdrcN5Y29ycB4rvVjrf5wpEbGdrcN5Y29ycB4rvVix4ZwpEbGdrcN5Y29ycB4rvVii2ZwpEbGdrcN5Y29ycA
waiter	opencyc: 2 classes match ['server', 'waiter']	Mx4rvWU7IpwpEbGdrcN5Y29ycA Mx8Ngh4rwQwVUJwpEbGdrcN5Y29ycB4rvVja5JwpEbGdrcN5Y29ycA
wall	opencyc: 2 classes match ['wall']	Mx4rmsZNAe6vSBu-RCLjRtzs8g Mx4rvVjfapwpEbGdrcN5Y29ycA
warrant	opencyc: 2 classes match ['warrant']	Mx4rJmTk9E2CQdmIGtQZCEkm0g Mx4rvb_pYpwpEbGdrcN5Y29ycA
washbasin	opencyc: 2 classes match ['basin', 'lavatory', 'washbasin', 'washbowl', 'washstand']	Mx4rvViQUZwpEbGdrcN5Y29ycA Mx4rvVimL5wpEbGdrcN5Y29ycA
water	opencyc: 2 classes match ['h2-o', 'water']	Mx4rvVjAHZwpEbGdrcN5Y29ycA Mx8Ngh4rwPzX35wpEbGdrcN5Y29ycB4rvVjAHZwpEbGdrcN5Y29ycA
water-faucet	opencyc: 2 classes match ['hydrant', 'tap', 'water-faucet', 'water-tap']	Mx4rvVj3hZwpEbGdrcN5Y29ycA Mx4rvVj9qpwpEbGdrcN5Y29ycA
weapon	opencyc: 3 classes match ['arm', 'weapon', 'weapon-system']	Mx4rvVj8V5wpEbGdrcN5Y29ycA Mx4rvVjp5ZwpEbGdrcN5Y29ycA Mx4rvjWlipwpEbGdrcN5Y29ycA
web-page	opencyc: 2 classes match ['web-page', 'webpage']	Mx4rwB8IMJwpEbGdrcN5Y29ycA Mx4rwNRx85wpEbGdrcN5Y29ycA
web-site	opencyc: 3 classes match ['internet-site', 'site', 'web-site', 'website']	Mx4rJtdTVoJNQdeOqaFkQvl7dw Mx4rvVjTtJwpEbGdrcN5Y29ycA Mx4rvz7_25wpEbGdrcN5Y29ycA
weight	opencyc: 2 classes match ['exercising-weight', 'free-weight', 'weight']	Mx4rTejzUrBWEdqAAAACs6hnmQ Mx4rvVjJxZwpEbGdrcN5Y29ycA
whale	opencyc: 2 classes match ['giant', 'heavyweight', 'hulk', 'whale']	Mx4rvVjcKpwpEbGdrcN5Y29ycA Mx4rvuMG85wpEbGdrcN5Y29ycA
widow	opencyc: 2 classes match ['widow', 'widow-woman']	Mx8Ngh4rwQwX_pwpEbGdrcN5Y29ycB4rihJQKHS8EdaAAACgyZzFrg Mx8NhB4rvcD6KJwpEbGdrcN5Y29ycB4rvViy-ZwpEbGdrcN5Y29ycB4rvVkLgJwpEbGdrcN5Y29ycB4rvViAkpwpEbGdrcN5Y29ycA
width	opencyc: 2 classes match ['breadth', 'width']	Mx4r13DahqJaEdqAAAACs6hRXg Mx8NhB4rvcD6KJwpEbGdrcN5Y29ycB4rvViAmpwpEbGdrcN5Y29ycB4rvVjgA5wpEbGdrcN5Y29ycB4rvbIap5wpEbGdrcN5Y29ycA
wife	opencyc: 3 classes match ['married-woman', 'wife']	Mx8NhB4rvcD6KJwpEbGdrcN5Y29ycB4rvVjW5ZwpEbGdrcN5Y29ycB4rvViyuJwpEbGdrcN5Y29ycB4rvVjWoZwpEbGdrcN5Y29ycA Mx8NhB4rwAiHbpwpEbGdrcN5Y29ycB4rvVix8ZwpEbGdrcN5Y29ycB4rbEfSDn8AEdaAAAABAjVgzB4rbqdVPHTAEdaAAACgyZzFrg Mx8NhB4rwP1IC5wpEbGdrcN5Y29ycB4rvVjW5ZwpEbGdrcN5Y29ycB4rEoFYsqTxQdicXeFH4LhKch4rvVjWoZwpEbGdrcN5Y29ycA
wimp	opencyc: 2 classes match ['chicken', 'crybaby', 'wimp']	Mx4rvVkCDZwpEbGdrcN5Y29ycA Mx8Ngh4rvVi-TJwpEbGdrcN5Y29ycB4rvVkCDZwpEbGdrcN5Y29ycA
window	opencyc: 3 classes match ['window']	Mx4rN7qftlCtEdaAAABQ2rksLw Mx4rvViebpwpEbGdrcN5Y29ycA Mx4rvVj5V5wpEbGdrcN5Y29ycA
wing	opencyc: 2 classes match ['wing']	Mx4rvVja05wpEbGdrcN5Y29ycA Mx4rvVkBpJwpEbGdrcN5Y29ycA
wing.2	opencyc: 2 classes match ['wing', 'wing.2']	Mx4rvVja05wpEbGdrcN5Y29ycA Mx4rvVkBpJwpEbGdrcN5Y29ycA
winter	opencyc: 2 classes match ['winter', 'wintertime']	Mx4rvVkBwZwpEbGdrcN5Y29ycA Mx4rvgEW85wpEbGdrcN5Y29ycA
wiretap	opencyc: 3 classes match ['tap', 'wiretap']	Mx4rGNg5FjALQdiYw9aeWX_SGA Mx4rrurrZjAKQdibncYJLY6-Og Mx4rvVj9qpwpEbGdrcN5Y29ycA
wood	opencyc: 2 classes match ['wood']	Mx4rvVimxJwpEbGdrcN5Y29ycA Mx4rwPzhWJwpEbGdrcN5Y29ycA
wool	opencyc: 2 classes match ['wool', 'woolen', 'woollen']	Mx4rvVkBA5wpEbGdrcN5Y29ycA Mx4rwP1QJJwpEbGdrcN5Y29ycA
workbench	opencyc: 3 classes match ['bench', 'work-bench', 'workbench']	Mx4rs8cv5iTVQdeTIccNDHbV-Q Mx4rvVigdZwpEbGdrcN5Y29ycA Mx4rvVjpRJwpEbGdrcN5Y29ycA
workshop	opencyc: 2 classes match ['shop', 'workshop']	Mx4rq0CuxCiuQdeLxbbPlxo2VA Mx4rwINmxZwpEbGdrcN5Y29ycA
world-power	opencyc: 3 classes match ['great-power', 'major-power', 'power', 'superpower', 'world-power']	Mx4r7DWMjL8bEdmAAAACs6hRjg Mx4rvVjcq5wpEbGdrcN5Y29ycA Mx4rvaJ7ipwpEbGdrcN5Y29ycA
worm	opencyc: 2 classes match ['worm']	Mx4rwBbPnZwpEbGdrcN5Y29ycA Mx4rwP1YypwpEbGdrcN5Y29ycA
worm.2	opencyc: 2 classes match ['worm', 'worm.2']	Mx4rwBbPnZwpEbGdrcN5Y29ycA Mx4rwP1YypwpEbGdrcN5Y29ycA
wrinkle	opencyc: 6 classes match ['crease', 'crinkle', 'furrow', 'line', 'seam', 'wrinkle']	Mx4r6A7z1B5sQdedAK6n_bYxDg Mx4rEB8j2nS9EdaAAACgyZzFrg Mx4ru_c2n0ziRTyrzn-SYaaY-g Mx4rvv74OZwpEbGdrcN5Y29ycA Mx4rwM6dVJwpEbGdrcN5Y29ycA Mx4rwP3xKZwpEbGdrcN5Y29ycA
wrist	opencyc: 3 classes match ['articulatio-radiocarpea', 'carpus', 'radiocarpal-joint', 'wrist', 'wrist-joint']	Mx4rvVjncpwpEbGdrcN5Y29ycA Mx4rvZD2PJwpEbGdrcN5Y29ycA Mx4rwK3_EpwpEbGdrcN5Y29ycA
writer	opencyc: 2 classes match ['author', 'writer']	Mx4rvViowZwpEbGdrcN5Y29ycA Mx4rvVj7rpwpEbGdrcN5Y29ycA
yard	opencyc: 3 classes match ['curtilage', 'grounds', 'yard']	Mx4rvVj1yZwpEbGdrcN5Y29ycA Mx4rvVjvaZwpEbGdrcN5Y29ycA Mx4rwQCDCpwpEbGdrcN5Y29ycA
yard.2	opencyc: 3 classes match ['pace', 'yard', 'yard.2']	Mx4rc06f4skrEdmAAAACs6hRjg Mx4rvVjvaZwpEbGdrcN5Y29ycA Mx4rwQCDCpwpEbGdrcN5Y29ycA
zone	opencyc: 2 classes match ['zone']	Mx4rXrW7lRePR3yzWOtYRCB2Ww Mx4ruirKGhlDQdiWYoqXOFpoBg
