offset	lemma	field	semcor	zipf	why	nearest	flags	gloss
10804406	young_person	person	323	5.18	semcor	person	word present in another sense	a young person (especially a young man or boy)
10582746	serviceman	person	348	2.61	semcor	skilled-worker	word present in another sense	"someone who serves in the armed forces; a member of a military force; ""two men stood sentr"
04928903	manner	attribute	290	4.55	semcor	attribute	word present in another sense	"how something is done or how it happens; ""her dignified manner""; ""his rapid manner of talk"
05839024	kind	cognition	253	5.45	semcor	category	word present in another sense	"a category of things distinguished by some common characteristic or quality; ""sculpture is"
07309599	time	event	220	6.29	semcor	instance	word present in another sense	"an instance or single occasion for some event; ""this time he succeeded""; ""he called four t"
09917593	child	person	207	5.3	semcor	person	word present in another sense	"a young person of either sex; ""she writes books for children""; ""they're just kids""; ""`tidd"
15270431	time	time	160	6.29	semcor	time-period	word present in another sense	a period of time considered as a resource under your control and sufficient to accomplish 
10112591	friend	person	169	5.37	semcor	person	word present in another sense	"a person you know well and regard with affection and trust; ""he was my best friend at the "
14410605	problem	state	151	5.4	semcor	condition	word present in another sense	"a state of difficulty that needs to be resolved; ""she and her husband are having problems"""
08497294	area	location	149	5.46	semcor	region	word present in another sense	a particular geographical region of indefinite boundary (usually serving some special purp
05840188	type	cognition	136	5.27	semcor	category		"a subdivision of a particular kind of thing; ""what type of sculpture do you prefer?"""
08213817	regiment	group	145	3.93	semcor	military-unit		army unit smaller than a division
15122231	time	time	114	6.29	semcor	time-period	word present in another sense	"an indefinite period (usually marked by specific attributes or activities); ""he waited a l"
00172710	means	act	111	5.44	semcor	act	word present in another sense	"how a result is obtained or an end is achieved; ""a means of control""; ""an example is the b"
00947128	use	act	106	5.81	semcor	activity	word present in another sense	"the act of using; ""he warned against the use of narcotic drugs""; ""skilled in the utilizati"
06999647	figure	communication	110	5.07	semcor	information	word present in another sense	"a diagram or picture illustrating textual material; ""the area covered can be seen from Fig"
15169873	week	time	103	5.56	semcor	time-period	word present in another sense	"any period of seven consecutive days; ""it rained for a week"""
06634376	information	communication	102	5.43	semcor	information	word present in another sense	a message received and understood
06290637	form	communication	96	5.31	semcor	word	word present in another sense	the phonological or orthographic sound or appearance of a word that can be used to describ
15244650	moment	time	96	5.24	semcor	amount	word present in another sense	"a particular point in time; ""the moment he arrived the party began"""
00037396	action	act	94	5.25	semcor	act	word present in another sense	"something done (usually as opposed to something said); ""there were stories of murders and "
08649345	side	location	91	5.5	semcor	place	word present in another sense	"a place within a region identified relative to a center or reference location; ""they alway"
10289039	man	person	87	5.82	semcor	person	word present in another sense	"the generic use of the word to refer to any human being; ""it was every man for himself"""
05671325	matter	cognition	90	5.38	semcor	matter-of-concern	word present in another sense	"a vaguely specified concern; ""several matters to attend to""; ""it is none of your affair""; "
00644503	survey	act	95	4.69	semcor	work	word present in another sense	a detailed critical inspection
00973077	war	act	87	5.46	semcor	military-action	word present in another sense	"the waging of armed conflict against an enemy; ""thousands of people were killed in the war"
15246853	moment	time	88	5.24	semcor	time-period	word present in another sense	"an indefinitely short time; ""wait just a moment""; ""in a mo""; ""it only takes a minute""; ""in"
09178999	reason	motive	87	5.32	semcor	motivation	word present in another sense	"a rational motive for a belief or action; ""the reason that war was declared""; ""the grounds"
05817396	fact	cognition	85	5.41	semcor	cognition	word present in another sense	"a piece of information about circumstances that exist or events that have occurred; ""first"
04362025	surface	artifact	90	4.83	semcor	artifact	word present in another sense	the outer boundary of an artifact or a material layer constituting or resembling such a bo
08438533	forest	group	89	4.7	semcor	vegetation	word present in another sense	the trees and other plants in a large densely wooded area
04599396	work	artifact	76	5.96	semcor	product	word present in another sense	a product produced or accomplished through the effort or activity or agency of a person or
10317007	military_officer	person	86	4.81	semcor	skilled-worker		"any person in the armed services who holds a position of authority or command; ""an officer"
13384557	money	possession	77	5.64	semcor	standard	word present in another sense	"the most common medium of exchange; functions as legal tender; ""we tried to collect the mo"
08630039	region	location	80	5.0	semcor	place	word present in another sense	"the extended spatial location of something; ""the farming regions of France""; ""religions in"
15123115	day	time	70	5.95	semcor	time-period	word present in another sense	"some point or period in time; ""it should arrive any day now""; ""after that day she never tr"
08462320	data	group	76	5.34	semcor	collection	word present in another sense	"a collection of facts from which conclusions may be drawn; ""statistical data"""
13943968	thing	state	72	5.72	semcor	situation		"a special situation; ""this thing has got to end""; ""it is a remarkable thing"""
04981941	voice	attribute	78	5.07	semcor	attribute	word present in another sense	"the distinctive quality or pitch or condition of a person's speech; ""A shrill voice sounde"
13275847	cost	possession	75	5.24	semcor	outgo		the total spent for goods or services including money and time and labor
13963192	life	state	66	5.89	semcor	state	word present in another sense	"a characteristic state or mode of living; ""social life""; ""city life""; ""real life"""
15262921	today	time	69	5.55	semcor	nowadays		"the present time or age; ""the world of today""; ""today we have computers"""
08679972	direction	location	75	4.93	semcor	route	word present in another sense	"a line leading to a place or point; ""he looked the other direction""; ""didn't know the way "
04748836	difference	attribute	73	5.01	semcor	attribute		"the quality of being unlike or dissimilar; ""there are many differences between jazz and ro"
13954253	being	state	63	5.95	semcor	state		"the state or fact of existing; ""a point of view gradually coming into being""; ""laws in exi"
05560787	leg	body	75	4.66	semcor	limb	word present in another sense	a human limb; commonly used to refer to a whole limb but technically only the part of the 
05098942	size	attribute	70	5.13	semcor	magnitude		"the physical magnitude of something (how big it is); ""a wolf is about the size of a large "
05930736	form	cognition	68	5.31	semcor	cognition	word present in another sense	"a perceptual structure; ""the composition presents problems for students of musical form""; "
05810561	life	cognition	61	5.89	semcor	cognition	word present in another sense	"the experience of being alive; the course of human events and activities; ""he could no lon"
02991711	cell	artifact	71	4.87	semcor	compartment	word present in another sense	"any small compartment; ""the cells of a honeycomb"""
07110615	voice	communication	69	5.07	semcor	information	word present in another sense	the sound made by the vibration of vocal folds modified by the resonance of the vocal trac
15286249	rate	time	68	5.14	semcor	relation		"a magnitude or frequency relative to a time unit; ""they traveled at a rate of 55 miles per"
08559508	home	location	61	5.81	semcor	residence	word present in another sense	"where you live at a particular time; ""deliver the package to my home""; ""he doesn't have a "
05190804	power	attribute	63	5.52	semcor	attribute	word present in another sense	"possession of controlling influence; ""the deterrent power of nuclear weapons""; ""the power "
10624074	son	person	64	5.28	semcor	child		"a male human offspring; ""their son became a famous judge""; ""his boy is taller than he is"""
04679738	expression	attribute	70	4.55	semcor	appearance	word present in another sense	"the feelings expressed on a person's face; ""a sad expression""; ""a look of triumph""; ""an an"
13939892	degree	state	66	4.94	semcor	state	word present in another sense	"a specific identifiable position in a continuum or series or especially in a process; ""a r"
05682950	interest	cognition	63	5.17	semcor	condition	word present in another sense	"a sense of concern with and curiosity about someone or something; ""an interest in music"""
07085375	stress	communication	67	4.73	semcor	manner-of-speaking	word present in another sense	the relative prominence of a syllable or musical note (especially with regard to stress or
08082602	church	group	62	5.16	semcor	institution	word present in another sense	one of the groups of Christians who have their own beliefs and forms of worship
15157225	day	time	54	5.95	semcor	time-period	word present in another sense	"a day assigned to a particular purpose or observance; ""Mother's Day"""
05558717	back	body	53	6.04	semcor	body-part		"the posterior part of a human (or animal) body from the neck to the end of the spine; ""his"
08190482	enemy	group	66	4.7	semcor	military-unit	word present in another sense	"an opposing military force; ""the enemy attacked at dawn"""
05809878	world	cognition	52	5.89	semcor	cognition	word present in another sense	"all of your experiences that determine how things appear to you; ""his world was shattered"""
05064037	shape	attribute	63	4.72	semcor	attribute	word present in another sense	"any spatial attributes (especially as defined by outline); ""he could barely make out their"
00034479	thing	act	52	5.72	semcor	act		"an action; ""how could you do such a thing?"""
07970406	family	group	52	5.66	semcor	kin	word present in another sense	"primary social group; parents and children; ""he wanted to have a good job before starting "
08065234	industry	group	56	5.19	semcor	organization	word present in another sense	"the people or companies engaged in a particular kind of commercial enterprise; ""each indus"
00720565	function	act	60	4.78	semcor	duty	word present in another sense	"the actions and activities assigned to or required or expected of a person or group; ""the "
06722453	statement	communication	58	4.97	semcor	information	word present in another sense	a message that is stated or declared; a communication (oral or written) setting forth part
08061042	business	group	52	5.56	semcor	organization	word present in another sense	"a commercial or industrial enterprise and the people who constitute it; ""he bought his bro"
07109730	words	communication	55	5.25	semcor	information		"the words that are spoken; ""I listened to his words very closely"""
05702275	attention	cognition	56	5.11	semcor	cognition	word present in another sense	the process whereby a person concentrates on some features of the environment to the (rela
14006945	action	state	54	5.25	semcor	state	word present in another sense	"the state of being active; ""his sphere of activity""; ""he is out of action"""
05865998	point	cognition	51	5.54	semcor	concept	word present in another sense	"a geometric element that has position but no extension; ""a point is defined by its coordin"
05868954	component	cognition	63	4.32	semcor	concept	word present in another sense	"an abstract part of something; ""jealousy was a component of his character""; ""two constitue"
08430568	line	group	51	5.49	semcor	group	word present in another sense	"a formation of people or things one beside another; ""the line of soldiers advanced with th"
15245515	time	time	43	6.29	semcor	amount	word present in another sense	"a suitable moment; ""it is time to go"""
05916739	impression	cognition	62	4.35	semcor	idea	word present in another sense	"a vague idea in which some confidence is placed; ""his impression of her was favorable""; ""w"
00250259	development	act	52	5.31	semcor	act	word present in another sense	"act of improving by expanding or enlarging or refining; ""he congratulated them on their de"
08651247	site	location	52	5.22	semcor	geographical-area		"the piece of land on which something is located (or is to be located); ""a good site for th"
13464820	development	process	51	5.31	semcor	process	word present in another sense	a process in which something passes by degrees to a different stage (especially a more adv
05145118	monetary_value	attribute	63	4.06	semcor	worth	word present in another sense	the property of having material worth (often indicated by the amount of money something wo
06783768	question	communication	50	5.35	semcor	topic	word present in another sense	"the subject matter at issue; ""the question of disease merits serious discussion""; ""under t"
05138488	value	attribute	52	5.15	semcor	worth	word present in another sense	"the quality (positive or negative) that renders something desirable or valuable; ""the Shak"
00791078	test	act	51	5.19	semcor	attempt	word present in another sense	"the act of testing something; ""in the experimental trials the amount of carbon was measure"
05665146	technique	cognition	58	4.47	semcor	method		a practical method or art applied to some particular task
06743506	solution	communication	54	4.84	semcor	information	word present in another sense	"a statement that solves a problem or explains how to solve the problem; ""they were trying "
15164957	day	time	42	5.95	semcor	time-period	word present in another sense	"the time after sunrise and before sunset while it is light outside; ""the dawn turned night"
05816287	information	cognition	47	5.43	semcor	cognition	word present in another sense	knowledge acquired through study or experience or instruction
05984584	experience	cognition	48	5.27	semcor	cognition	word present in another sense	"the content of direct observation or participation in an event; ""he had a religious experi"
05174653	right	attribute	41	5.96	semcor	concept	word present in another sense	an abstract idea of that which is due to a person or governmental body by law or tradition
13859043	change	relation	45	5.54	semcor	relation	word present in another sense	a relational difference between states; especially between states before and after some ev
07543288	love	feeling	42	5.82	semcor	emotion	word present in another sense	"a strong positive emotion of regard and affection; ""his love for his work""; ""children need"
08513718	place	location	42	5.71	semcor	geographical-area	word present in another sense	"any area set aside for a particular purpose; ""who owns this place?""; ""the president was co"
07048000	song	communication	46	5.26	semcor	musical-composition		"a short musical composition with words; ""a successful musical must have at least three goo"
04191595	shelter	artifact	56	4.25	semcor	structure	word present in another sense	a structure that provides privacy and protection from danger
08355791	United_States_government	group	48	5.04	semcor	government		the executive and legislative and judicial branches of the federal government of the Unite
08278169	college	group	45	5.27	semcor	group	word present in another sense	the body of faculty and students of a college
13331198	sum	possession	54	4.34	semcor	possession	word present in another sense	"a quantity of money; ""he borrowed a large sum""; ""the amount he had in cash was insufficien"
04956594	color	attribute	48	4.91	semcor	attribute	word present in another sense	a visual attribute of things that results from the light they emit or transmit or reflect;
13285176	share	possession	45	5.2	semcor	possession	word present in another sense	"assets belonging to or due to or contributed by an individual person or group; ""he wanted "
13943400	event	state	45	5.18	semcor	condition	word present in another sense	"a special set of circumstances; ""in that event, the first possibility is excluded""; ""it ma"
08337324	agency	group	48	4.87	semcor	organization	word present in another sense	"an administrative unit of government; ""the Central Intelligence Agency""; ""the Census Burea"
07302836	fire	event	43	5.3	semcor	event	word present in another sense	"the event of something burning (often destructive); ""they lost everything in the fire"""
15239579	season	time	40	5.48	semcor	time-period	word present in another sense	"a period of the year marked by special events or activities in some field; ""he celebrated "
02714315	anode	artifact	66	2.86	semcor	device		a positively charged electrode by which electrons leave an electrical device
08208016	force	group	42	5.23	semcor	organization	word present in another sense	"group of people willing to obey orders; ""a public force is necessary to give security to t"
00634276	analysis	act	45	4.91	semcor	work		an investigation of the component parts of a whole and their relations in making up the wh
10375506	old_man	person	39	5.48	semcor	man		a man who is very old
09681351	Jew	person	55	3.87	semcor	person		a person belonging to the worldwide group claiming descent from Jacob (or converted to it)
09870926	boy	person	42	5.17	semcor	man		"a friendly informal reference to a grown man; ""he likes to play golf with the boys"""
07997703	class	group	40	5.36	semcor	collection	word present in another sense	"a collection of things sharing a common attribute; ""there are two classes of detergents"""
08457976	series	group	40	5.35	semcor	group	word present in another sense	"similar things placed in order or happening one after another; ""they were investigating a "
04424218	thing	artifact	36	5.72	semcor	artifact		"an artifact; ""how does this thing work?"""
05855004	thing	cognition	36	5.72	semcor	concept		"a special abstraction; ""a thing of the spirit""; ""things of the heart"""
04723816	quality	attribute	42	5.11	semcor	attribute	word present in another sense	"an essential and distinguishing attribute of something or someone; ""the quality of mercy i"
11444117	death	phenomenon	39	5.4	semcor	organic-phenomenon	word present in another sense	"the permanent end of all life functions in an organism or part of an organism; ""the animal"
06392001	section	communication	43	5.0	semcor	music	word present in another sense	"a self-contained part of a larger composition (written or musical); ""he always turns first"
10636598	spirit	person	45	4.79	semcor	agent	word present in another sense	the vital principle or animating force within living things
07965937	world	group	34	5.89	semcor	class		"people in general; especially a distinctive group of people with some shared interest; ""th"
08212347	work_force	group	41	5.16	semcor	organization		the force of workers available
05981230	aim	cognition	47	4.51	semcor	goal	word present in another sense	"the goal intended to be attained (and which is believed to be attainable); ""the sole objec"
08566028	end	location	35	5.68	semcor	place	word present in another sense	"either extremity of something that has length; ""the end of the pier""; ""she knotted the end"
05838176	decision	cognition	40	5.09	semcor	belief	word present in another sense	"a position or opinion or judgment reached after consideration; ""a decision unfavorable to "
08544813	country	location	36	5.48	semcor	district	word present in another sense	"the territory occupied by a nation; ""he returned to the land of his birth""; ""he visited se"
05870055	one	cognition	26	6.47	semcor	unit		"a single person or thing; ""he is the best one""; ""this is the one I ordered"""
09931640	coach	person	41	4.96	semcor	trainer	word present in another sense	(sports) someone in charge of training an athlete or a team
05107765	amount	attribute	39	5.13	semcor	magnitude	word present in another sense	"the relative magnitude of something with reference to a criterion; ""an adequate amount of "
05814291	topic	cognition	45	4.49	semcor	cognition	word present in another sense	"some situation or event that is thought about; ""he kept drifting off the topic""; ""he had b"
09367991	need	object	30	5.97	semcor	necessity	word present in another sense	"anything that is necessary but lacking; ""he had sufficient means to meet his simple needs"""
15206296	month	time	37	5.25	semcor	time-unit		"a time unit of approximately 30 days; ""he was given a month to pay the bill"""
05805475	understanding	cognition	41	4.82	semcor	cognition		"the cognitive condition of someone who understands; ""he has virtually no understanding of "
07289831	thing	event	32	5.72	semcor	event		"an event; ""a funny thing happened on the way to the..."""
08621598	position	location	37	5.21	semcor	place	word present in another sense	"the particular portion of space occupied by something; ""he put the lamp back in its place"""
08409617	senior_high_school	group	41	4.8	semcor	school		"a public secondary school usually including grades 9 through 12; ""he goes to the neighborh"
05677504	sense	cognition	37	5.19	semcor	cognition	word present in another sense	"a general conscious awareness; ""a sense of security""; ""a sense of happiness""; ""a sense of "
15211484	May	time	29	5.98	semcor	calendar-month		the month following April and preceding June
05899087	program	cognition	36	5.27	semcor	method	word present in another sense	"a system of projects or services intended to meet a public need; ""he proposed an elaborate"
13939604	way	state	28	6.01	semcor	condition	word present in another sense	"the condition of things generally; ""that's the way it is""; ""I felt the same way"""
06532095	act	communication	35	5.3	semcor	legal-document	word present in another sense	a legal document codifying the result of deliberations of a committee or society or legisl
09738708	American	person	33	5.49	semcor	inhabitant		a native or inhabitant of the United States
15266911	end	time	31	5.68	semcor	amount	word present in another sense	"the point in time at which something ends; ""the end of the year""; ""the ending of warranty "
04981139	sound	attribute	36	5.15	semcor	attribute	word present in another sense	"the particular auditory effect produced by a given cause; ""the sound of rain on the roof"";"
05079866	position	attribute	35	5.21	semcor	attribute	word present in another sense	"the arrangement of the body and its limbs; ""he assumed an attitude of surrender"""
10153414	guy	person	33	5.4	semcor	man	word present in another sense	"an informal term for a youth or man; ""a nice guy""; ""the guy's only doing it for some doll"""
05143077	sake	attribute	42	4.4	semcor	benefit	word present in another sense	"a reason for wanting something done; ""for your sake""; ""died for the sake of his country""; "
08059412	corporation	group	40	4.59	semcor	firm	word present in another sense	a business firm whose articles of incorporation have been approved in some state
08546183	county	location	34	5.19	semcor	place		(United Kingdom) a region created by territorial division for the purpose of local governm
05687338	trouble	cognition	38	4.79	semcor	cognition	word present in another sense	"a source of difficulty; ""one trouble after another delayed the job""; ""what's the problem?"""
03892891	part	artifact	28	5.78	semcor	physical-object	word present in another sense	"something less than the whole of a human artifact; ""the rear part of the house""; ""glue the"
05129201	length	attribute	38	4.77	semcor	spatial-extent		the linear extent in space from one end to the other; the longest dimension of something t
10259348	lieutenant	person	41	4.44	semcor	skilled-worker		a commissioned military officer
05901508	policy	cognition	33	5.17	semcor	plan	word present in another sense	"a plan of action adopted by an individual or social group; ""it was a policy of retribution"
07205104	no	communication	21	6.35	semcor	act		"a negative; ""his no was loud and clear"""
08214272	company	group	28	5.6	semcor	military-unit	word present in another sense	small military unit; usually two or three platoons
08240169	set	group	28	5.59	semcor	group	word present in another sense	"an unofficial association of people or groups; ""the smart set goes there""; ""they were an a"
06635509	material	communication	34	4.95	semcor	information	word present in another sense	information (data or ideas or observations) that can be used or reworked into a finished f
04298171	stairs	artifact	42	4.14	semcor	stairway		a flight of stairs or a flight of steps
11452218	energy	phenomenon	31	5.23	semcor	physical-phenomenon		(physics) a thermodynamic quantity equivalent to the capacity of a physical system to do w
00456199	game	act	26	5.72	semcor	contest	word present in another sense	"a single play of a sport or other contest; ""the game lasted two hours"""
04424418	thing	artifact	26	5.72	semcor			"an entity that is not named specifically; ""I couldn't tell what the thing was"""
06723908	thing	communication	26	5.72	semcor	information		"a statement regarded as an object; ""to say the same thing in other terms""; ""how can you sa"
03224032	doorway	artifact	48	3.51	semcor	entrance	word present in another sense	the entrance (the space in a wall) through which you enter or leave a room or building; th
15140405	life	time	24	5.89	semcor	time-period	word present in another sense	"the period during which something is functional (as between birth and death); ""the battery"
08653314	air	location	29	5.37	semcor	place	word present in another sense	"the region above the ground; ""her hand stopped in mid air""; ""he threw the ball into the ai"
15246353	while	time	24	5.86	semcor	time-period	word present in another sense	"a period of indeterminate length (usually short) marked by some action or condition; ""he w"
05945642	opinion	cognition	33	4.94	semcor	belief	word present in another sense	"a personal belief or judgment that is not founded on proof or certainty; ""my opinion diffe"
00585174	services	act	29	5.31	semcor	occupation		"performance of duties or provision of space and equipment helpful to others; ""the mayor tr"
15213406	November	time	31	5.1	semcor	calendar-month		the month following October and preceding December
08178547	state	group	24	5.78	semcor	government	word present in another sense	"the group of people comprising the government of a sovereign state; ""the state has lowered"
05919866	meaning	cognition	33	4.87	semcor	idea	word present in another sense	"the idea that is intended; ""What is the meaning of this proverb?"""
05815517	area	cognition	27	5.46	semcor	cognition		"a subject of study; ""it was his area of specialization""; ""areas of interest include..."""
00584367	employment	act	36	4.56	semcor	occupation	word present in another sense	"the occupation for which you are paid; ""he is looking for employment""; ""a lot of people ar"
13981403	war	state	27	5.46	semcor	hostility	word present in another sense	a legal state created by a declaration of war and ended by official declaration during whi
05194578	force	attribute	29	5.23	semcor	influence	word present in another sense	"a powerful effect or influence; ""the force of his eloquence easily persuaded them"""
09428741	section	object	31	5.0	semcor	slice	word present in another sense	a very thin slice (of tissue or mineral or other substance) for examination under a micros
07168623	order	communication	26	5.49	semcor	bid	word present in another sense	(often plural) a command given by a superior (e.g., a military or law enforcement officer)
07285403	experience	event	28	5.27	semcor	event	word present in another sense	"an event as apprehended; ""a surprising experience""; ""that painful experience certainly got"
05755883	study	cognition	28	5.26	semcor	cognition	word present in another sense	"applying the mind to learning and understanding a subject (especially by reading); ""master"
08114861	department	group	28	5.23	semcor	administrative-division	word present in another sense	"a specialized division of a large organization; ""you'll find it in the hardware department"
11511523	discharge	phenomenon	41	3.93	semcor	physical-phenomenon		electrical conduction through a gas in an applied electric field
08408709	side	group	25	5.5	semcor	organization	word present in another sense	"one of two or more contesting groups; ""the Confederate side was prepared to attack"""
00308370	trip	act	31	4.9	semcor	journey		"a journey for some purpose (usually including the return); ""he took a trip to the shopping"
07291794	end	event	23	5.68	semcor	ending	word present in another sense	"the concluding parts of an event or occurrence; ""the end was exciting""; ""I had to miss the"
05221895	area	body	25	5.46	semcor	body-part	word present in another sense	a part of an animal that has a special function or is supplied by a given artery or nerve;
00941140	approach	act	30	4.93	semcor	creation	word present in another sense	"ideas or actions intended to deal with a problem or situation; ""his approach to every prob"
07325990	onset	event	42	3.72	semcor	event		"the beginning or early stages; ""the onset of pneumonia"""
05611822	place	cognition	22	5.71	semcor	cognition	word present in another sense	"an abstract mental location; ""he has a special place in my thoughts""; ""a place in my heart"
05195362	pressure	attribute	29	5.01	semcor	influence	word present in another sense	"a force that compels; ""the public brought pressure to bear on the government"""
00986938	fire	act	26	5.3	semcor	attack	word present in another sense	"the act of firing weapons or artillery at an enemy; ""hold your fire until you can see the "
07283608	happening	event	31	4.8	semcor	event	word present in another sense	an event that happens
07800091	feed	food	32	4.67	semcor	food		food for domestic livestock
06482401	item	communication	33	4.57	semcor	part	word present in another sense	a distinct part that can be specified separately in a group of things that could be enumer
08663860	top	location	23	5.57	semcor	place	word present in another sense	"the upper part of anything; ""the mower cuts off the tops of the grass""; ""the title should "
06532330	law	communication	24	5.46	semcor	legal-document	word present in another sense	"legal document setting forth rules governing a particular kind of activity; ""there is a la"
06648724	argument	communication	32	4.64	semcor	indication	word present in another sense	"a fact or assertion offered as evidence that something is true; ""it was a strong argument "
14498096	dirt	state	36	4.24	semcor	condition	word present in another sense	the state of being covered with unclean things
15211806	June	time	26	5.21	semcor	calendar-month		the month following May and preceding July
07546465	hate	feeling	27	5.11	semcor	emotion		the emotion of intense dislike; a feeling of dislike so strong that it demands action
00877127	look	act	20	5.81	semcor	activity	word present in another sense	"the act of directing the eyes toward something and perceiving it visually; ""he went out to"
06647206	record	communication	26	5.21	semcor	indication	word present in another sense	anything (such as a document or a phonograph record or a photograph) providing permanent e
13962498	death	state	24	5.4	semcor	state	word present in another sense	"the absence of life or state of being dead; ""he seemed more content in death than he had e"
15242955	long_time	time	21	5.69	semcor	time-period	word present in another sense	"a prolonged period of time; ""we've known each other for ages""; ""I haven't been there for y"
02852523	block	artifact	29	4.88	semcor	artifact	word present in another sense	"a solid piece of something (usually having flat rectangular sides); ""the pyramids were bui"
00911048	construction	act	28	4.97	semcor	creation	word present in another sense	"the act of constructing something; ""during the construction we had to take a detour""; ""his"
14842992	earth	substance	27	5.06	semcor	material	word present in another sense	"the loose soft material that makes up a large part of the land surface; ""they dug into the"
07127006	laugh	communication	31	4.66	semcor	information		the sound of laughing
15204297	year	time	18	5.96	semcor	time-period	word present in another sense	a period of time occupying a regular part of a calendar year that is used for some particu
05134547	depth	attribute	32	4.55	semcor	magnitude		"the extent downward or backward or inward; ""the depth of the water""; ""depth of a shelf""; """
04617289	thing	attribute	20	5.72	semcor	attribute		"any attribute or quality considered as having its own existence; ""the thing I like about h"
09937250	colonel	person	33	4.41	semcor	skilled-worker		a commissioned military officer in the United States Army or Air Force or Marines who rank
04916342	property	attribute	26	5.11	semcor	attribute	word present in another sense	"a basic or essential attribute shared by all members of a class; ""a study of the physical "
06345993	title	communication	26	5.1	semcor	line-of-text	word present in another sense	a heading that names a statute or legislative bill; may give a brief summary of the matter
08641113	vicinity	location	39	3.8	semcor	region		"a surrounding or nearby region; ""the plane crashed in the vicinity of Asheville""; ""it is a"
15140744	life	time	18	5.89	semcor	time-period	word present in another sense	"the period between birth and the present time; ""I have known him all his life"""
00189565	run	act	22	5.49	semcor	accomplishment		"a score in baseball made by a runner touching all four bases safely; ""the Yankees scored 3"
05671974	part	cognition	19	5.78	semcor	matter-of-concern	word present in another sense	"that which concerns a person with regard to a particular role or situation; ""it requires v"
06656408	policy	communication	25	5.17	semcor	argumentation	word present in another sense	"a line of argument rationalizing the course of action of a government; ""they debated the p"
04679419	face	attribute	22	5.45	semcor	appearance	word present in another sense	"the general outward appearance of something; ""the face of the city is changing"""
13780719	relationship	relation	25	5.15	semcor	relation	word present in another sense	a relation between people; (`relationship' is often used where `relation' would serve, as 
08377085	course	group	22	5.44	semcor	group	word present in another sense	"a connected series of events or actions or developments; ""the government took a firm cours"
08565701	edge	location	29	4.74	semcor	place	word present in another sense	the boundary of a surface
08620061	point	location	21	5.54	semcor	place	word present in another sense	"the precise location of something; a spatially limited location; ""she walked to a point wh"
00028651	space	tops	24	5.23	semcor	attribute	word present in another sense	"the unlimited expanse in which everything is located; ""they tested his ability to locate o"
05026843	weight	attribute	26	5.02	semcor	attribute		the vertical force exerted by a mass as a result of gravity
01318381	head	animal	21	5.51	semcor	animal	word present in another sense	"a single domestic animal; ""200 head of cattle"""
01134861	treatment	act	26	5.01	semcor	management	word present in another sense	"the management of someone or something; ""the handling of prisoners""; ""the treatment of wat"
04564698	way	artifact	16	6.01	semcor	artifact	word present in another sense	"any artifact consisting of a road or path affording passage from one place to another; ""he"
15163979	Monday	time	28	4.8	semcor	time-period		the second day of the week; the first working day
00162632	decision	act	25	5.09	semcor	act	word present in another sense	"the act of making up your mind about something; ""the burden of decision was his""; ""he drew"
00087663	award	act	27	4.88	semcor	act		"a grant made by a law court; ""he criticized the awarding of compensation by the court"""
08397255	military_personnel	group	31	4.47	semcor	organization		soldiers collectively
14002279	balance	state	28	4.76	semcor	equilibrium	word present in another sense	a state of equilibrium
13942875	circumstance	state	39	3.66	semcor	condition	word present in another sense	a condition that accompanies or influences some event or activity
06536853	bill	communication	24	5.15	semcor	legal-document	word present in another sense	"a statute in draft before it becomes law; ""they held a public hearing on the bill"""
06729864	claim	communication	26	4.95	semcor	assertion	word present in another sense	"an assertion of a right (as to money or property); ""his claim asked for damages"""
06606808	point	communication	20	5.54	semcor	meaning	word present in another sense	"a brief version of the essential meaning of something; ""get to the point""; ""he missed the "
10278128	ma	person	29	4.63	semcor	mother		informal terms for a mother
07140659	discussion	communication	28	4.71	semcor	information	word present in another sense	"an exchange of views on some topic; ""we had a good discussion""; ""we had a word or two abou"
05849284	quality	cognition	24	5.11	semcor	property	word present in another sense	"a characteristic property that defines the apparent individual nature of something; ""each "
06799897	line	communication	20	5.49	semcor	indication	word present in another sense	"a mark that is long relative to its width; ""He drew a line on the chart"""
00520257	show	act	18	5.68	semcor	entertainment	word present in another sense	"the act of publicly exhibiting or entertaining; ""a remarkable show of skill"""
15164570	Saturday	time	26	4.87	semcor	time-period		the seventh and last day of the week; observed as the Sabbath by Jews and some Christians
06643408	evidence	communication	23	5.14	semcor	indication	word present in another sense	"an indication that makes something evident; ""his trembling was evidence of his fear"""
06724763	description	communication	27	4.73	semcor	information		a statement that represents something in words
05142180	good	attribute	13	6.12	semcor	attribute	word present in another sense	"that which is pleasing or valuable or useful; ""weigh the good against the bad""; ""among the"
13250048	land	possession	22	5.22	semcor	belongings	word present in another sense	"the land on which real estate is located; ""he built the house on land leased from the city"
08642037	place	location	17	5.71	semcor	region	word present in another sense	"a general vicinity; ""He comes from a place near Chicago"""
00586262	position	act	22	5.21	semcor	occupation	word present in another sense	"a job in an organization; ""he occupied a post in the treasury"""
13790912	footing	relation	39	3.5	semcor	grounds	word present in another sense	"a relation that provides the foundation for something; ""they were on a friendly footing""; "
01144133	planning	act	25	4.9	semcor	activity		"an act of formulating a program for a definite course of action; ""the planning was more fu"
15211189	April	time	22	5.19	semcor	calendar-month		the month following March and preceding May
00623862	trouble	act	26	4.79	semcor	labor	word present in another sense	"an effort that is inconvenient; ""I went to a lot of trouble""; ""he won without any trouble"""
08286163	university	group	20	5.39	semcor	group	word present in another sense	the body of faculty and students at a university
15213774	December	time	23	5.07	semcor	calendar-month		the last (12th) month of the year
11499284	radiation	phenomenon	31	4.27	semcor	physical-phenomenon	word present in another sense	energy that is radiated or transmitted in the form of rays or waves or particles
10256756	liberal	person	27	4.66	semcor	adult		a person who favors a political philosophy of progress and reform and the protection of ci
00063652	success	act	23	5.06	semcor	accomplishment	word present in another sense	"an attainment that is successful; ""his success in the marathon was unexpected""; ""his new p"
05983654	will	cognition	9	6.45	semcor	purpose	word present in another sense	"a fixed and persistent intent or purpose; ""where there's a will there's a way"""
05808794	reading	cognition	22	5.14	semcor	cognition		"the cognitive process of understanding a written linguistic message; ""his main reading was"
09335240	land	object	21	5.22	semcor	physical-object	word present in another sense	material in the top layer of the surface of the earth in which plants can grow (especially
08161757	Congress	group	24	4.9	semcor	legislature	word present in another sense	the legislature of the United States government
07965085	body	group	19	5.4	semcor	group	word present in another sense	a group of persons associated by some common tie or occupation and regarded as an entity; 
08365855	communism	group	35	3.8	semcor	economic-system		a form of socialism that abolishes private ownership
05196375	control	attribute	19	5.4	semcor	attribute	word present in another sense	"power to direct or determine; ""under control"""
05551318	side	body	18	5.5	semcor	body-part	word present in another sense	"either the left or right half of a body; ""he had a pain in his side"""
05809745	tradition	cognition	28	4.5	semcor	cognition		an inherited pattern of thought or action
07288215	time	event	10	6.29	semcor	event	word present in another sense	"a person's experience on a particular occasion; ""he had a time holding back the tears""; ""t"
08573472	front	location	20	5.28	semcor	side	word present in another sense	the side that is forward or prominent
08166552	nation	group	24	4.88	semcor	people	word present in another sense	"the people who live in a nation or country; ""a statement that sums up the nation's mood""; "
05192451	interest	attribute	21	5.17	semcor	attribute	word present in another sense	the power of attracting or holding one's attention (because it is unusual or exciting etc.
02746365	artillery	artifact	33	3.96	semcor	artifact	word present in another sense	large but transportable armament
07183151	controversy	communication	30	4.26	semcor	dispute	word present in another sense	"a contentious speech act; a dispute where there is strong disagreement; ""they were involve"
15212739	September	time	21	5.15	semcor	calendar-month		the month following August and preceding October
00191142	change	act	17	5.54	semcor	act	word present in another sense	"the action of changing something; ""the change of government had no impact on the economy"";"
08569777	field	location	20	5.24	semcor	region	word present in another sense	somewhere (away from a studio or office or library or laboratory) where practical work is 
07511733	hope	feeling	18	5.44	semcor	anticipation	word present in another sense	"a specific instance of feeling hopeful; ""it revived their hope of winning the pennant"""
11458624	force	phenomenon	20	5.23	semcor	physical-phenomenon	word present in another sense	"(physics) the influence that produces a change in a physical quantity; ""force equals mass "
05159725	good	attribute	11	6.12	semcor	asset	word present in another sense	"benefit; ""for your own good""; ""what's the good of worrying?"""
00312691	way	act	12	6.01	semcor	journey	word present in another sense	"a journey or passage; ""they are on the way"""
06598915	message	communication	22	5.0	semcor	information	word present in another sense	what a communication that is about something is about
06947032	English	communication	20	5.19	semcor	natural-language		an Indo-European language belonging to the West Germanic branch; the official language of 
05837957	judgment	cognition	29	4.28	semcor	belief	word present in another sense	"an opinion formed by judging something; ""he was reluctant to make his judgment known""; ""sh"
05867413	part	cognition	14	5.78	semcor	concept	word present in another sense	one of the portions into which something is regarded as divided and which together constit
13961642	animation	state	30	4.18	semcor	state	word present in another sense	"the condition of living or the state of being alive; ""while there's life there's hope""; ""l"
00161243	choice	act	21	5.08	semcor	act	word present in another sense	"the act of choosing or selecting; ""your choice of colors was unfortunate""; ""you can take y"
07356676	increase	event	21	5.08	semcor	change	word present in another sense	"a change resulting in an increase; ""the increase is scheduled for next month"""
15119919	now	time	10	6.18	semcor	nowadays		"the momentary present; ""Now is a good time to do it""; ""it worked up to right now"""
05616246	ability	cognition	22	4.96	semcor	cognition	word present in another sense	possession of the qualities (especially mental qualities) required to do something or get 
07326557	cause	event	18	5.35	semcor	event	word present in another sense	"events that provide the generative force that is the origin of something; ""they are trying"
05099796	intensity	attribute	30	4.14	semcor	magnitude	word present in another sense	"the amount of energy transmitted (as by acoustic or electromagnetic radiation); ""he adjust"
05122557	majority	attribute	22	4.94	semcor	number	word present in another sense	the property resulting from being or relating to the greater in number of two parts; the m
06681177	news	communication	17	5.44	semcor	information	word present in another sense	"information reported in a newspaper or news magazine; ""the news of my death was greatly ex"
05403149	serum	body	34	3.74	semcor	substance		an amber, watery fluid, rich in proteins, that separates out when blood coagulates
15210486	February	time	21	5.03	semcor	calendar-month		the month following January and preceding March
14585519	atom	substance	34	3.72	semcor	material	word present in another sense	(nontechnical usage) a tiny piece of anything
07991364	congregation	group	33	3.82	semcor	group	word present in another sense	a group of people who adhere to a common faith and habitually attend a given church
08454003	international_law	group	20	5.11	semcor	jurisprudence		the body of laws governing relations between nations
05124057	limit	attribute	24	4.7	semcor	magnitude	word present in another sense	"the greatest possible degree of something; ""what he did was beyond the bounds of acceptabl"
05155821	advantage	attribute	23	4.78	semcor	asset	word present in another sense	"the quality of having a superior or more favorable position; ""the experience gave him the "
15228162	half-hour	time	21	4.98	semcor	time-unit		a half of an hour
07309781	movement	event	21	4.97	semcor	event	word present in another sense	a natural event that involves a change in the position or location of something
06738162	word	communication	18	5.26	semcor	information	word present in another sense	"a brief statement; ""he didn't say a word about it"""
09679925	Catholic	person	25	4.55	semcor	person		a member of a Catholic church
15136453	day	time	11	5.95	semcor	time-period	word present in another sense	"the recurring hours when you are not sleeping (especially those when you are working); ""my"
05936704	mental_picture	cognition	24	4.65	semcor	mental-image	word present in another sense	"a clear and telling mental image; ""he described his mental picture of his assailant""; ""he "
13490343	growth	process	20	5.03	semcor	process	word present in another sense	"a progression from simpler to more complex forms; ""the growth of culture"""
01215902	support	act	15	5.53	semcor	activity	word present in another sense	"the activity of providing for or maintaining by supplying with money or necessities; ""his "
00788973	struggle	act	24	4.62	semcor	attempt	word present in another sense	"an energetic attempt to achieve something; ""getting through the crowd was a real struggle"""
13846199	first	relation	9	6.11	semcor	rank		"the first or highest in an ordering or series; ""He wanted to be the first"""
10344443	name	person	14	5.61	semcor	adult	word present in another sense	"a well-known or notable person; ""they studied all the great names in the history of France"
15212455	August	time	19	5.1	semcor	calendar-month		the month following July and preceding September
13827205	control	relation	16	5.4	semcor	relation	word present in another sense	"a relation of constraint of one entity (thing or person or group) by another; ""measures fo"
07203900	yes	communication	15	5.5	semcor	assertion		"an affirmative; ""I was hoping for a yes"""
13925752	situation	state	19	5.09	semcor	condition	word present in another sense	"a condition or position in which you find yourself; ""the unpleasant situation (or position"
06696483	award	communication	21	4.88	semcor	symbol	word present in another sense	"a tangible symbol signifying approval or distinction; ""an award for bravery"""
05101815	diameter	attribute	29	4.08	semcor	spatial-extent	word present in another sense	the length of a straight line passing through the center of a circle and connecting two po
05868477	end	cognition	13	5.68	semcor	concept	word present in another sense	"a final part or section; ""we have given it at the end of the section since it involves the"
13934596	environment	state	21	4.87	semcor	situation	word present in another sense	"the totality of surrounding conditions; ""he longed for the comfortable environment of his "
10601451	sir	person	19	5.06	semcor	man		term of address for a man
14981183	system	substance	14	5.56	semcor	substance	word present in another sense	(physical chemistry) a sample of matter in which substances in different phases are in equ
03679712	living_room	artifact	19	5.04	semcor	room		a room in a private house or establishment where people can sit and talk and relax
06755947	provision	communication	28	4.14	semcor	precondition	word present in another sense	"a stipulated condition; ""he accepted subject to one provision"""
05820170	respect	cognition	19	5.03	semcor	item		"(usually preceded by `in') a detail or point; ""it differs in that respect"""
09190918	agent	object	21	4.81	semcor	agent	word present in another sense	"an active and efficient cause; capable of producing a certain effect; ""their research unco"
08540903	city	location	13	5.61	semcor	district	word present in another sense	"an incorporated administrative district established by state charter; ""the city raised the"
05950733	promise	cognition	22	4.71	semcor	expectation	word present in another sense	"grounds for feeling hopeful about the future; ""there is little or no promise that he will "
06300193	root	communication	25	4.41	semcor	word	word present in another sense	"(linguistics) the form of a word after all affixes are removed; ""thematic vowels are part "
10627082	soul	person	21	4.81	semcor	agent		the immaterial part of a person; the actuating cause of an individual life
15143477	death	time	15	5.4	semcor	amount	word present in another sense	"the time when something ends; ""it was the death of all his plans""; ""a dying of old hopes"""
07885223	drink	food	20	4.9	semcor	helping	word present in another sense	"a single serving of a beverage; ""I asked for a hot drink""; ""likes a drink before dinner"""
14539268	security	state	17	5.2	semcor	safety	word present in another sense	"the state of being free from danger or injury; ""we support the armed services in the name "
00949619	technology	act	18	5.09	semcor	practical-application	word present in another sense	the practical application of science to commerce or industry
06277280	television	communication	21	4.79	semcor	storage-medium	word present in another sense	"broadcasting visual images of stationary or moving objects; ""she is a star of screen and v"
00043902	hit	act	15	5.37	semcor	accomplishment		"(baseball) a successful stroke in an athletic contest (especially in baseball); ""he came a"
11439690	cloud	phenomenon	24	4.46	semcor	physical-phenomenon	word present in another sense	any collection of particles (e.g., smoke or dust) or gases that is visible
06369829	story	communication	14	5.45	semcor	fiction		"a piece of fiction that narrates a chain of related events; ""he writes stories for the mag"
15156001	today	time	13	5.55	semcor	day		"the day that includes the present moment (as opposed to yesterday or tomorrow); ""Today is "
13960974	absence	state	25	4.34	semcor	lack	word present in another sense	"the state of being absent; ""he was surprised by the absence of any explanation"""
08625846	back	location	8	6.04	semcor	place	word present in another sense	"the part of something that is furthest from the normal viewer; ""he stood at the back of th"
11412727	change	phenomenon	13	5.54	semcor	consequence	word present in another sense	"the result of alteration or modification; ""there were marked changes in the lining of the "
14480065	phase	state	22	4.64	semcor	state-of-matter	word present in another sense	(physical chemistry) a distinct state of matter in a system; matter that is identical in c
07377682	boom	event	25	4.33	semcor	noise	word present in another sense	a deep prolonged loud noise
13937075	picture	state	17	5.13	semcor	situation	word present in another sense	"a situation treated as an observable object; ""the political picture is favorable""; ""the re"
11453016	power	phenomenon	13	5.52	semcor	physical-phenomenon	word present in another sense	(physics) the rate of doing work; measured in watts (= joules/second)
05196582	authority	attribute	20	4.81	semcor	attribute	word present in another sense	"the power or right to give orders or make decisions; ""he has the authority to issue warran"
08490199	home	location	10	5.81	semcor	place	word present in another sense	"the country or state or city where you live; ""Canadian tariffs enabled United States lumbe"
05845888	like	cognition	4	6.41	semcor	category		"a similar kind; ""dogs, foxes, and the like"", ""we don't want the likes of you around here"""
07290905	beginning	event	18	5.0	semcor	event	word present in another sense	"the event consisting of the start of something; ""the beginning of the war"""
01320872	female	animal	18	5.0	semcor	animal		an animal that produces gametes (ova) that can be fertilized by male gametes (spermatozoa)
02944826	camp	artifact	20	4.79	semcor	housing	word present in another sense	"temporary living quarters specially built by the army for soldiers; ""wherever he went in t"
15123996	history	time	14	5.39	semcor	time	word present in another sense	the continuum of events occurring in succession leading from the past to the present and e
13863771	line	shape	13	5.49	semcor	shape	word present in another sense	a length (straight or curved) without breadth or thickness; the trace of a moving point
01097292	market	act	15	5.29	semcor	activity	word present in another sense	"the world of commercial activity where goods and services are bought and sold; ""without co"
05091316	order	attribute	13	5.49	semcor	magnitude	word present in another sense	"a degree in a continuum of size or quantity; ""it was on the order of a mile""; ""an explosio"
04511002	university	artifact	14	5.39	semcor	structure	word present in another sense	establishment where a seat of higher learning is housed, including administrative and livi
13994148	independence	state	22	4.58	semcor	freedom		freedom from control or influence of another or others
05905348	scheme	cognition	22	4.57	semcor	plan		an elaborate and systematic plan of action
05954894	values	cognition	21	4.67	semcor	belief		beliefs of a person or social group in which they have an emotional investment (either for
08645963	scene	location	18	4.97	semcor	region	word present in another sense	"the place where some action occurs; ""the police returned to the scene of the crime"""
15164463	Friday	time	18	4.96	semcor	time-period		the sixth day of the week; the fifth working day
05833022	business	cognition	12	5.56	semcor	cognition	word present in another sense	"a rightful concern or responsibility; ""it's none of your business""; ""mind your own busines"
00290579	march	act	15	5.26	semcor	act	word present in another sense	the act of marching; walking with regular steps (especially in a procession of some kind);
05892651	requirement	cognition	25	4.26	semcor	responsibility	word present in another sense	"required activity; ""the requirements of his work affected his health""; ""there were many de"
15120346	times	time	12	5.56	semcor	time-period		"a more or less definite period of time now or previously present; ""it was a sign of the ti"
08544419	corner	location	20	4.75	semcor	region	word present in another sense	"a place off to the side of an area; ""he tripled to the rightfield corner""; ""the southeaste"
06880249	expression	communication	22	4.55	semcor	demo	word present in another sense	"expression without words; ""tears are an expression of grief""; ""the pulse is a reflection o"
05819453	truth	cognition	17	5.05	semcor	cognition	word present in another sense	"a fact that has been verified; ""at last he knew the truth""; ""the truth is that he didn't w"
08164585	administration	group	18	4.93	semcor	group	word present in another sense	the persons (or committees or departments etc.) who make up a body for the purpose of admi
01002956	observation	act	26	4.13	semcor	activity	word present in another sense	the act of making and recording a measurement
00621627	effort	act	18	4.92	semcor	labor		"use of physical or mental energy; hard work; ""he got an A for effort""; ""they managed only "
08628921	range	location	16	5.12	semcor	place	word present in another sense	"the limits within which something can be effective; ""range of motion""; ""he was beyond the "
14939900	fluid	substance	25	4.22	semcor	substance	word present in another sense	a substance that is fluid at room temperature and pressure
05718556	music	cognition	12	5.52	semcor	sound	word present in another sense	"any agreeable (pleasing and harmonious) sounds; ""he fell asleep to the music of the wind c"
15213115	October	time	16	5.11	semcor	calendar-month		the month following September and preceding November
05697363	assurance	cognition	29	3.81	semcor	condition	word present in another sense	"freedom from doubt; belief in yourself and your abilities; ""his assurance in his superiori"
13354420	capital	possession	17	5.01	semcor	possession	word present in another sense	assets available for use in the production of further assets
04857490	heart	attribute	14	5.31	semcor	courage	word present in another sense	"the courage to carry on; ""he kept fighting on pure spunk""; ""you haven't got the heart for "
05762149	mind	cognition	13	5.41	semcor	cognition	word present in another sense	"recall or remembrance; ""it came to mind"""
14514039	sphere	state	28	3.91	semcor	situation	word present in another sense	"a particular environment or walk of life; ""his social sphere is limited""; ""it was a closed"
05084733	way	attribute	7	6.01	semcor	distance	colloquial,word present in another sense	"the property of distance in general; ""it's a long way to Moscow""; ""he went a long ways"""
08622586	military_position	location	18	4.9	semcor	place	word present in another sense	a point occupied by troops for tactical reasons
08264897	party	group	12	5.49	semcor	group	word present in another sense	"a band of people associated temporarily in some activity; ""they organized a party to searc"
05954481	thought	cognition	11	5.59	semcor	belief		"the organized beliefs of a period or group or individual; ""19th century thought""; ""Darwini"
04986883	tone	attribute	22	4.49	semcor	pitch	word present in another sense	(linguistics) a pitch or change in pitch of the voice that serves to distinguish words in 
05951180	possibility	cognition	21	4.58	semcor	expectation	word present in another sense	"a future prospect or potential; ""this room has great possibilities"""
08403225	mission	group	18	4.87	semcor	organization		an organization of missionaries in a foreign land sent to carry on religious work
15296354	then	time	6	6.07	semcor	amount		"that time; that moment; ""we will arrive before then""; ""we were friends from then on"""
07360841	scene	event	17	4.97	semcor	incident	word present in another sense	"an incident (real or imaginary); ""their parting was a sad scene"""
07325190	start	event	11	5.56	semcor	event		"the beginning of anything; ""it was off to a good start"""
05726596	arrangement	cognition	24	4.25	semcor	cognition	word present in another sense	"an organized structure for arranging or classifying; ""he changed the arrangement of the to"
05817743	case	cognition	11	5.55	semcor	cognition	word present in another sense	"the actual state of things; ""that was not the case"""
15249236	day	time	7	5.95	semcor	era	word present in another sense	"an era of existence or influence; ""in the day of the dinosaurs""; ""in the days of the Roman"
08556386	distance	location	18	4.85	semcor	place	word present in another sense	"a distant region; ""I could see it in the distance"""
05330244	thyroid_gland	body	35	3.15	semcor	organ		located near the base of the neck
08681222	course	location	12	5.44	semcor	route	word present in another sense	"general line of orientation; ""the river takes a southern course""; ""the northeastern trend "
11456760	field	phenomenon	14	5.24	semcor	physical-phenomenon	word present in another sense	the space around a radiating body within which its electromagnetic oscillations can exert 
13356112	funds	possession	19	4.74	semcor	possession		assets in the form of money
00954311	defense	act	17	4.93	semcor	military-action		"(military) military action or resources protecting a country against potential enemies; ""t"
06210791	light	cognition	13	5.33	semcor	perspective	word present in another sense	"a particular perspective or aspect of a situation; ""although he saw it in a different ligh"
00577068	operation	act	17	4.92	semcor	work	word present in another sense	a process or series of acts especially of a practical or mechanical nature involved in a p
08389572	battery	group	21	4.52	semcor	military-unit	word present in another sense	group of guns or missile launchers operated together at one place
00974762	charge	act	16	5.02	semcor	attack	word present in another sense	"an impetuous rush toward someone or something; ""the wrestler's charge carried him past his"
13837009	competition	relation	17	4.91	semcor	relation	word present in another sense	"a business relation in which two parties compete to gain customers; ""business competition "
07018931	play	communication	10	5.61	semcor	show	word present in another sense	"a theatrical performance of a drama; ""the play lasted two hours"""
04213626	side	artifact	11	5.5	semcor	artifact	word present in another sense	"an extended outer surface of an object; ""he turned the box over to examine the bottom side"
06671637	recommendation	communication	25	4.09	semcor	advice	word present in another sense	something (as a course of action) that is recommended as advisable
00851994	birth_control	act	19	4.68	semcor	activity		limiting the number of children born
08401248	branch	group	20	4.58	semcor	administrative-division	word present in another sense	"a division of some larger or more complex organization; ""a branch of Congress""; ""botany is"
07405893	flow	event	19	4.68	semcor	event		the motion characteristic of fluids (liquids or gases)
03191029	die	artifact	15	5.07	semcor	artifact	word present in another sense	a small cube with 1 to 6 spots on the six faces; used in gambling to generate random numbe
05661996	system	cognition	10	5.56	semcor	method	word present in another sense	"a complex of methods or rules governing behavior; ""they have to operate under a system the"
07971141	people	group	3	6.25	semcor	family-line	word present in another sense	"members of a family line; ""his people have been farmers for generations""; ""are your people"
09474162	wall	object	15	5.04	semcor	physical-object	word present in another sense	"anything that suggests a wall in structure or function or effect; ""a wall of water""; ""a wa"
05144079	bad	attribute	10	5.53	semcor	attribute		"that which is below standard or expectations as of ethics or decency; ""take the bad with t"
00859001	reaction	act	18	4.73	semcor	organic-process	word present in another sense	"a bodily process occurring due to the effect of some antecedent stimulus or agent; ""a bad "
05937112	model	cognition	14	5.13	semcor	cognition	word present in another sense	"a representative form or pattern; ""I profited from his example"""
00066636	failure	act	18	4.72	semcor	act	word present in another sense	"an act that fails; ""his failure to pass the test"""
07985223	pair	group	18	4.72	semcor	set	word present in another sense	a set of two similar things considered as a unit
15155891	tomorrow	time	15	5.02	semcor	day		"the day after today; ""what are our tasks for tomorrow?"""
09638875	White	person	10	5.51	semcor	person		a member of the Caucasoid race
13955874	fact	state	11	5.41	semcor	reality	word present in another sense	"an event known to have happened or something known to have existed; ""your fears have no ba"
13926786	place	state	8	5.71	semcor	condition	word present in another sense	"a particular situation; ""If you were in my place what would you do?"""
05149978	use	attribute	7	5.81	semcor	attribute	word present in another sense	"a particular service; ""he put his knowledge to good use""; ""patrons have their uses"""
15156187	yesterday	time	16	4.91	semcor	day		"the day immediately before today; ""it was in yesterday's newspapers"""
15210045	January	time	14	5.09	semcor	calendar-month		the first month of the year; begins 10 days after the winter solstice
09893191	captain	person	16	4.89	semcor	skilled-worker	word present in another sense	an officer holding a rank below a major but above a lieutenant
08594286	line	location	10	5.49	semcor	place	word present in another sense	"a fortified position (especially one marking the most forward position of troops); ""they a"
11474637	line	phenomenon	10	5.49	semcor	physical-phenomenon	word present in another sense	a single frequency (or very narrow band) of radiation in a spectrum
10476467	private	person	13	5.19	semcor	skilled-worker		"an enlisted man of the lowest rank in the Army or Marines; ""our prisoner was just a privat"
09480809	world	object	6	5.89	semcor	physical-part		"a part of the earth that can be considered separately; ""the outdoor world""; ""the world of "
15212167	July	time	13	5.17	semcor	calendar-month		the month following June and preceding August
00928077	design	act	13	5.17	semcor	creation	word present in another sense	"the act of working out the form of something (as by making a sketch or outline or plan); """
03335600	figure	artifact	14	5.07	semcor	model	word present in another sense	"a model of a bodily form (especially of a person); ""he made a figure of Santa Claus"""
00101191	playing	act	11	5.37	semcor	performing		the act of playing a musical instrument
07985384	team	group	8	5.67	semcor	group	word present in another sense	two or more draft animals that work together to pull something
11499817	radio_wave	phenomenon	20	4.47	semcor	physical-phenomenon		an electromagnetic wave with a wavelength between 0.5 cm to 30,000 m
05983801	business	cognition	9	5.56	semcor	goal	word present in another sense	"an immediate objective; ""gossip was the main business of the evening"""
00151497	determination	act	23	4.16	semcor	act		"the act of determining the properties of something, usually by research or calculation; ""t"
05030680	might	attribute	8	5.66	semcor	strength	word present in another sense	physical strength
08615149	park	location	13	5.16	semcor	geographical-area	word present in another sense	"a large area of land preserved in its natural state as public property; ""there are laws th"
02313008	queen	animal	16	4.86	semcor	insect	word present in another sense	the only fertile female in a colony of social insects such as bees and ants and termites; 
05565337	right	body	5	5.96	semcor	manus	word present in another sense	"the hand that is on the right side of the body; ""he writes with his right hand but pitches"
00945401	search	act	15	4.96	semcor	activity	word present in another sense	the activity of looking thoroughly in order to find something or someone
15201505	year	time	5	5.96	semcor	time-period	word present in another sense	the period of time that it takes for a planet (as, e.g., Earth or Mars) to make a complete
06740402	cause	communication	11	5.35	semcor	explanation	word present in another sense	"a justification for something existing or happening; ""he had no cause to complain""; ""they "
07196682	question	communication	11	5.35	semcor	sentence	word present in another sense	"a sentence of inquiry that asks for a reply; ""he asked a direct question""; ""he had trouble"
05834758	source	cognition	13	5.15	semcor	idea	word present in another sense	anything that provides inspiration for later work
00127531	best	act	6	5.84	semcor	attempt		"the supreme effort one can make; ""they did their best"""
15180528	point	time	9	5.54	semcor	amount	word present in another sense	"an instant of time; ""at that point I had to leave"""
08431942	rank	group	20	4.44	semcor	group	word present in another sense	"a row or line of people (especially soldiers or police) standing abreast of one another; """
13246332	things	possession	7	5.74	semcor	belongings		"any movable possession (especially articles of clothing); ""she packed her things and left"""
08437515	brush	group	22	4.23	semcor	vegetation	word present in another sense	a dense growth of bushes
06766190	mention	communication	17	4.73	semcor	remark	word present in another sense	"a remark that calls attention to something or someone; ""she made frequent mention of her p"
08652970	space	location	12	5.23	semcor	region	word present in another sense	"an area reserved for some particular purpose; ""the laboratory's floor space"""
07020538	dance	communication	15	4.93	semcor	fine-art		an artistic form of nonverbal communication
13296899	benefit	possession	16	4.82	semcor	payment-amount	word present in another sense	financial assistance in time of need
05565548	left	body	8	5.62	semcor	manus	word present in another sense	"the hand that is on the left side of the body; ""jab with your left"""
02152991	game	animal	7	5.72	semcor	animal	word present in another sense	animal hunted for food or sport
00557588	play	act	8	5.61	semcor	plan	word present in another sense	"a preset plan of action in team sports; ""the coach drew up the plays for her team"""
00881649	view	act	12	5.19	semcor	activity	word present in another sense	"the act of looking or seeing or observing; ""he tried to get a better view of it""; ""his sur"
05638987	art	cognition	11	5.29	semcor	cognition	word present in another sense	"a superior skill that you can learn by study and practice and observation; ""the art of con"
00132355	homer	act	25	3.89	semcor	accomplishment		a base hit on which the batter scores a run
00006269	life	tops	5	5.89	semcor	physical-object	word present in another sense	"living things collectively; ""the oceans are teeming with life"""
10260706	life	person	5	5.89	semcor	person	word present in another sense	"a living person; ""his heroism saved a life"""
15140892	life	time	5	5.89	semcor	time-period	word present in another sense	"the period from the present until death; ""he appointed himself emperor for life"""
05795044	agreement	cognition	15	4.88	semcor	thinking	word present in another sense	"the thing arranged or agreed to; ""they made arrangements to meet in Chicago"""
05790242	choice	cognition	13	5.08	semcor	cognition	word present in another sense	"the person or thing chosen or selected; ""he was my pick for mayor"""
14562960	end	state	7	5.68	semcor	state	word present in another sense	"a final state; ""he came to a bad end""; ""the so-called glorious experiment came to an inglo"
14481929	possibility	state	18	4.58	semcor	state	word present in another sense	"capability of existing or happening or being true; ""there is a possibility that his sense "
08381436	leadership	group	16	4.77	semcor	group	word present in another sense	"the body of people who lead a group; ""the national leadership adopted his plan"""
05870365	complex	cognition	15	4.86	semcor	concept		"a conceptual whole made up of complicated and related parts; ""the complex of shopping mall"
05832264	concern	cognition	17	4.66	semcor	cognition	word present in another sense	"something or someone that causes anxiety; a source of unhappiness; ""New York traffic is a "
08227916	family	group	7	5.66	semcor	association	word present in another sense	"an association of people who share common beliefs or activities; ""the message was addresse"
04683814	beauty	attribute	16	4.75	semcor	appearance		the qualities that give pleasure to the senses
08524130	city_center	location	13	5.05	semcor	central-area		the central part of a city
00996969	measurement	act	23	4.05	semcor	activity	word present in another sense	"the act or process of assigning numbers to phenomena according to a rule; ""the measurement"
10570019	secretary	person	14	4.95	semcor	chief	word present in another sense	a person who is head of an administrative department of government
06675122	source	communication	12	5.15	semcor	document		"a document (or organization) from which information is obtained; ""the reporter had two sou"
07510348	surprise	feeling	16	4.75	semcor	feeling	word present in another sense	the astonishment you feel when something totally unexpected happens to you
09879144	bull	person	20	4.34	semcor	policeman	colloquial,word present in another sense	uncomplimentary terms for a policeman
00958896	conflict	act	17	4.64	semcor	act	word present in another sense	"an open clash between two opposing groups (or individuals); ""the harder the conflict the m"
03932499	piece	artifact	13	5.04	semcor	physical-object	word present in another sense	"an item that is an instance of some type; ""he designed a new piece of equipment""; ""she bou"
00971463	support	act	8	5.53	semcor	military-operation	word present in another sense	a military operation (often involving new supplies of men and materiel) to strengthen a mi
07217924	report	communication	10	5.32	semcor	act	word present in another sense	"the act of informing by verbal report; ""he heard reports that they were causing trouble""; "
06561942	charge	communication	13	5.02	semcor	information	word present in another sense	"(criminal law) a pleading describing some wrong or offense; ""he was arrested on a charge o"
05757536	school	cognition	6	5.71	semcor	cognition	word present in another sense	"the process of being formally educated at a school; ""what will you do when you finish scho"
00132756	double	act	13	5.01	semcor	accomplishment	word present in another sense	"a base hit on which the batter stops safely at second base; ""he hit a double to deep cente"
14877585	gas	substance	13	5.01	semcor	fluid	word present in another sense	a fluid in the gaseous state having neither independent shape nor volume and being able to
05760202	memory	cognition	15	4.81	semcor	cognition	word present in another sense	"the cognitive processes whereby past experience is remembered; ""he can do it from memory"";"
05791764	way	cognition	3	6.01	semcor	cognition	word present in another sense	"doing as one pleases or chooses; ""if I had my way"""
06892016	act	communication	10	5.3	semcor	performance	word present in another sense	"a short theatrical performance that is part of a longer program; ""he did his act three tim"
15118100	hours	time	9	5.4	semcor	time-period		"a period of time assigned for work; ""they work long hours"""
13945102	office	state	9	5.4	semcor	state	word present in another sense	"(of a government or government official) holding an office means being in power; ""being in"
10377021	old_woman	person	11	5.2	semcor	woman		a woman who is old
01209576	service	act	8	5.49	semcor	assist	word present in another sense	"an act of help or assistance; ""he did them a service"""
00279835	motion	act	17	4.59	semcor	act	word present in another sense	"the act of changing location from one place to another; ""police controlled the motion of t"
10628368	Rebel	person	22	4.08	semcor	soldier	colloquial	`Johnny' was applied as a nickname for Confederate soldiers by the Federal soldiers in the
05169813	significance	attribute	21	4.18	semcor	importance		"the quality of being significant; ""do not underestimate the significance of nuclear power"""
04727214	air	attribute	9	5.37	semcor	attribute	word present in another sense	"a distinctive but intangible quality surrounding a person or thing; ""an air of mystery""; """
05682570	curiosity	cognition	23	3.97	semcor	condition	word present in another sense	a state in which you want to learn more about something
07125096	curse	communication	22	4.07	semcor	information		"profane or obscene expression usually of surprise or anger; ""expletives were deleted"""
01124794	government	act	7	5.57	semcor	act	word present in another sense	"the act of governing; exercising authority; ""regulations for the governing of state prison"
13509196	loss	process	12	5.07	semcor	process	word present in another sense	"gradual decline in amount or activity; ""weight loss""; ""a serious loss of business"""
02735688	area	artifact	8	5.46	semcor	structure		"a part of a structure having some specific characteristic or function; ""the spacious cooki"
05128519	area	attribute	8	5.46	semcor	magnitude		"the extent of a 2-dimensional surface enclosed within a boundary; ""the area of a rectangle"
04960277	black	attribute	8	5.46	semcor	attribute		the quality or state of the achromatic color of least lightness (bearing the least resembl
05869584	whole	cognition	8	5.46	semcor	concept		"all of something including all its component elements or parts; ""Europe considered as a wh"
01096245	business	act	7	5.56	semcor	undertaking	word present in another sense	"the volume of commercial activity; ""business is good today""; ""show me where the business w"
05237227	system	body	7	5.56	semcor	body-part	word present in another sense	"a group of physiologically or anatomically related organs or parts; ""the body has a system"
08544275	corner	location	15	4.75	semcor	place	word present in another sense	"the point where two lines meet or intersect; ""the corners of a rectangle"""
11409538	exchange	phenomenon	14	4.85	semcor	chemical-phenomenon	word present in another sense	chemical process in which one atom or ion or group changes places with another
05097536	high	attribute	5	5.75	semcor	degree		"a lofty level or position or degree; ""summer temperatures reached an all-time high"""
07371293	sound	event	11	5.15	semcor	event	word present in another sense	"the sudden occurrence of an audible event; ""the sound awakened them"""
11480930	sound	phenomenon	11	5.15	semcor	physical-phenomenon	word present in another sense	"mechanical vibrations transmitted by an elastic medium; ""falling trees make a sound in the"
07109196	speech	communication	14	4.85	semcor	information	word present in another sense	"(language) communication by word of mouth; ""his speech was garbled""; ""he uttered harsh lan"
13810323	unit	relation	13	4.95	semcor	part	word present in another sense	an individual or group or structure or other entity regarded as a structural or functional
01097119	field	act	10	5.24	semcor	commercial-enterprise	word present in another sense	"a particular kind of commercial enterprise; ""they are outstanding in their field"""
08081668	religion	group	15	4.74	semcor	institution	word present in another sense	"an institution to express belief in a divine power; ""he was raised in the Baptist religion"
10508710	reader	person	19	4.34	semcor	scholar		a person who enjoys reading
05933054	sight	cognition	17	4.54	semcor	cognition	word present in another sense	"an instance of visual perception; ""the sight of his wife brought him back to reality""; ""th"
05751794	culture	cognition	12	5.03	semcor	cognition	word present in another sense	the tastes in art and manners that are favored by a social group
08539072	business_district	location	13	4.93	semcor	district		"the central area or commercial center of a town or city; ""the heart of Birmingham's downto"
07644967	chicken	food	16	4.63	semcor	meat	word present in another sense	the flesh of a chicken used for food
06786629	direction	communication	13	4.93	semcor	information	word present in another sense	"a message describing how something is to be done; ""he gave directions faster than she coul"
08231184	league	group	11	5.13	semcor	association	word present in another sense	an association of sports teams that organizes matches for its members
05845652	model	cognition	11	5.13	semcor	category	word present in another sense	"a type of product; ""his car was an old model"""
06660942	foreign_policy	communication	14	4.82	semcor	argumentation		a policy governing international relations
10289176	man	person	4	5.82	semcor	assistant	word present in another sense	"a male subordinate; ""the chief stationed two men outside the building""; ""he awaited word f"
04733118	aspect	attribute	18	4.41	semcor	characteristic	word present in another sense	a characteristic to be considered
05203397	capacity	attribute	15	4.71	semcor	ability	word present in another sense	"capability to perform or produce; ""among his gifts is his capacity for true altruism""; ""li"
04620216	character	attribute	11	5.11	semcor	trait	word present in another sense	the inherent complex of attributes that determines a persons moral and ethical actions and
09909060	character	person	11	5.11	semcor	adult	word present in another sense	"a person of a specified kind (usually with many eccentricities); ""a real character""; ""a st"
07423560	development	event	9	5.31	semcor	change	word present in another sense	"a recent event that has some relevance for the present situation; ""recent developments in "
04960729	white	attribute	7	5.51	semcor	attribute		the quality or state of the achromatic color of greatest lightness (bearing the least rese
00602220	Secretary_of_the_Interior	act	18	4.4	semcor	occupation		"the position of the head of the Department of the Interior; ""the position of Interior Secr"
07955057	content	group	12	5.0	semcor	collection		"everything that is included in a collection and that is held or included in something; ""he"
05695554	equivalent	cognition	17	4.5	semcor	cognition		a person or thing equal to another in value or measure or force or effect or significance 
02793495	barn	artifact	22	3.99	semcor	building		an outlying farm building for storing grain or animal feed and housing farm animals
13968547	order	state	7	5.49	semcor	state	word present in another sense	"established customary state (especially of society); ""order ruled in the streets""; ""law an"
11473291	life	phenomenon	3	5.89	semcor	organic-phenomenon	word present in another sense	"the organic phenomenon that distinguishes living organisms from nonliving ones; ""there is "
08424951	market	group	9	5.29	semcor	class	word present in another sense	"the customers for a particular product or service; ""before they publish any book they try "
00625699	set	act	6	5.59	semcor	exercise	word present in another sense	"several exercises intended to be done in series; ""he did four sets of the incline bench pr"
08566707	end	location	5	5.68	semcor	surface	word present in another sense	"the surface at either extremity of a three-dimensional object; ""one end of the box was mar"
05677340	feel	cognition	5	5.67	semcor	cognition		"an intuitive awareness; ""he has a feel for animals"" or ""it's easy when you get the feel of"
03588414	item	artifact	16	4.57	semcor	physical-object	word present in another sense	"a whole individual unit; especially when included in a list or collection; ""they reduced t"
07162194	proposal	communication	17	4.47	semcor	information	word present in another sense	something proposed (such as a plan or assumption)
15118453	time_off	time	4	5.77	semcor	time-period		"a time period when you are not required to work; ""he requested time off to attend his gran"
14922107	fraction	substance	22	3.96	semcor	chemical	word present in another sense	a component of a mixture that has been separated by a fractional process
00818678	hands	act	10	5.16	semcor	responsibility	word present in another sense	(with `in') guardianship over; in divorce cases it is the right to house and care for and 
00255710	wash	act	17	4.46	semcor	work		the work of cleansing (usually with soap and water)
14776804	active_agent	substance	16	4.56	semcor	agent		chemical agent capable of activity
13791389	connection	relation	14	4.76	semcor	relation	word present in another sense	a relation between things or events (as in the case of one causing the other or sharing fe
05902872	system	cognition	6	5.56	semcor	plan	word present in another sense	"a procedure or process for obtaining an objective; ""they had to devise a system that did n"
05154908	aid	attribute	14	4.75	semcor	resource	word present in another sense	"a resource; ""visual aids in teaching"""
08079613	baseball_club	group	17	4.45	semcor	team	word present in another sense	"a team of professional baseball players who play and travel together; ""each club played si"
05707269	exception	cognition	18	4.35	semcor	cognition	word present in another sense	"a deliberate act of omission; ""with the exception of the children, everyone was told the n"
00165942	move	act	8	5.35	semcor	act	word present in another sense	"the act of deciding to do something; ""he didn't make a move to help""; ""his first move was "
08425303	traffic	group	13	4.85	semcor	collection	word present in another sense	the aggregation of things (pedestrians or vehicles) coming and going in a particular local
05984066	point	cognition	6	5.54	semcor	goal	word present in another sense	"the object of an activity; ""what is the point of discussing it?"""
00844254	sexual_activity	act	16	4.54	semcor	organic-process	word present in another sense	"activities associated with sexual intercourse; ""they had sex in the back seat"""
04931965	structure	attribute	13	4.84	semcor	constitution	word present in another sense	"the manner of construction of something and the arrangement of its parts; ""artists must st"
05035961	energy	attribute	9	5.23	semcor	force		"forceful exertion; ""he plays tennis with great energy""; ""he's full of zip"""
11416988	response	phenomenon	11	5.03	semcor	consequence	word present in another sense	"a result; ""this situation developed in response to events in Africa"""
01064148	rest	act	9	5.23	semcor	act	word present in another sense	"freedom from activity (work or strain or responsibility); ""took his repose by the swimming"
15046900	solid	substance	14	4.73	semcor	substance		matter that is solid at room temperature and pressure
08429052	column	group	18	4.33	semcor	single-file	word present in another sense	a line of units following one after another
14857897	debris	substance	22	3.92	semcor	rubbish	word present in another sense	the remains of something that has been destroyed or broken up
10288763	man	person	3	5.82	semcor	person	word present in another sense	"an adult male person who has a manly character (virile and courageous competent); ""the arm"
14008806	operation	state	12	4.92	semcor	state	word present in another sense	"the state of being in effect or being operative; ""that rule is no longer in operation"""
00350030	turn	act	8	5.32	semcor	act		"the act of changing or reversing the direction of the course; ""he took a turn to the right"
05115568	plenty	attribute	14	4.72	semcor	magnitude		"a full supply; ""there was plenty of food for everyone"""
05984182	thing	cognition	4	5.72	semcor	goal		"a special objective; ""the thing is to stay in bounds"""
09722658	Mexican	person	17	4.41	semcor	inhabitant		a native or inhabitant of Mexico
02994219	center_field	artifact	12	4.91	semcor	geographical-area	word present in another sense	"the piece of ground in the outfield directly ahead of the catcher; ""he hit the ball to dee"
08275185	school	group	4	5.71	semcor	group	word present in another sense	a body of creative artists or writers or thinkers linked by a similar style or by similar 
00132601	single	act	7	5.41	semcor	accomplishment		a base hit on which the batter stops safely at first base
00142665	comparison	act	16	4.51	semcor	work	word present in another sense	"the act of examining resemblances; ""they made a comparison of noise levels""; ""the fraction"
08482271	head	group	6	5.51	semcor	group	word present in another sense	"the front of a military formation or procession; ""the head of the column advanced boldly"";"
09224911	body	object	7	5.4	semcor	natural-object	word present in another sense	an individual 3-dimensional object that has mass and that is distinguishable from other ob
08646306	darkness	location	18	4.3	semcor	region	word present in another sense	"an unilluminated area; ""he moved off into the darkness"""
08052549	federal_government	group	11	5.0	semcor	government		a government with strong central powers
08062970	newspaper	group	15	4.6	semcor	publisher	word present in another sense	"a business firm that publishes newspapers; ""Murdoch owns many newspapers"""
08648322	section	location	11	5.0	semcor	region	word present in another sense	a distinct region or subdivision of a territorial or political area or community or group 
01032368	church_service	act	11	4.99	semcor	religious-service	word present in another sense	"a service conducted in a house of worship; ""don't be late for church"""
07988857	couple	group	9	5.19	semcor	kin	word present in another sense	"a pair of people who live together; ""a married couple from Chicago"""
07945657	dead	group	9	5.19	semcor	people		"people who are no longer living; ""they buried the dead"""
08593262	line	location	6	5.49	semcor	place	word present in another sense	a spatial location defined by a real or imaginary unidimensional extent
07447641	party	event	6	5.49	semcor	social-occasion	word present in another sense	"an occasion on which people can assemble for social interaction and entertainment; ""he pla"
09893015	captain	person	12	4.89	semcor	policeman	word present in another sense	a policeman in charge of a precinct
04620558	spirit	attribute	13	4.79	semcor	trait	word present in another sense	a fundamental emotional and activating principle determining one's character
05256358	part	body	3	5.78	semcor	place	word present in another sense	a line of scalp that can be seen when sections of hair are combed in opposite directions; 
01077350	prevention	act	18	4.28	semcor	act	word present in another sense	"the act of preventing; ""there was no bar against leaving""; ""money was allocated to study t"
07445265	progress	event	13	4.78	semcor	event	word present in another sense	"a movement forward; ""he listened for the progress of the troops"""
06667317	code	communication	10	5.08	semcor	information	word present in another sense	a set of rules or principles or laws (especially written ones)
07962124	mass	group	12	4.87	semcor	collection	word present in another sense	an ill-structured collection of similar things (objects or people)
10375214	old_boy	person	10	5.07	semcor	man		a familiar term of address for a man
13780449	relations	relation	14	4.67	semcor	relation		mutual dealings or connections or communications among persons or groups
04827957	sin	attribute	17	4.37	semcor	attribute	word present in another sense	estrangement from god
00929718	writing	act	10	5.07	semcor	creation	word present in another sense	"the act of creating written works; ""writing was a form of therapy for him""; ""it was a matt"
07406765	current	event	8	5.27	semcor	event	word present in another sense	"a steady flow of a fluid (usually from natural causes); ""the raft floated downstream on th"
07966927	business	group	5	5.56	semcor	group	word present in another sense	"business concerns collectively; ""Government and business could not agree"""
00237078	constitution	act	15	4.56	semcor	act	word present in another sense	"the act of forming or establishing something; ""the constitution of a PTA group last year"";"
00635850	examination	act	18	4.26	semcor	work	word present in another sense	the act of examining something closely (as for mistakes)
11420831	spectrum	phenomenon	18	4.26	semcor	group	word present in another sense	an ordered array of the components of an emission or wave
00241699	start	act	5	5.56	semcor	activity		"a turn to be a starter (in a game at the beginning); ""he got his start because one of the "
14474894	success	state	10	5.06	semcor	destiny	word present in another sense	"a state of prosperity or fame; ""he is enjoying great success""; ""he does not consider wealt"
09898892	case	person	5	5.55	semcor	person	word present in another sense	"a person requiring professional services; ""a typical case was the suburban housewife descr"
08376250	chain	group	14	4.65	semcor	group	word present in another sense	"a series of things depending on each other as if linked together; ""the chain of command""; "
00838367	eating	act	12	4.85	semcor	consumption		the act of consuming food
07139873	expression	communication	15	4.55	semcor	communication		"the communication (in speech or writing) of your beliefs or opinions; ""expressions of good"
08613593	outside	location	8	5.25	semcor	place	word present in another sense	the region that is outside of something
08226514	town	group	8	5.24	semcor	group	word present in another sense	"the people living in a municipality smaller than a city; ""the whole town cheered the team"""
00787465	contribution	act	17	4.34	semcor	attempt	word present in another sense	"the part played by a person in bringing about a result; ""I am proud of my contribution in "
15224486	term	time	8	5.23	semcor	time-period	word present in another sense	"a limited period of time; ""a prison term""; ""he left school before the end of term"""
00280853	approach	act	11	4.93	semcor	act		"the act of drawing spatially closer to something; ""the hunter's approach scattered the gee"
09222406	black_body	object	9	5.13	semcor	natural-object		a hypothetical object capable of absorbing all the electromagnetic radiation falling on it
02855925	blue	artifact	9	5.13	semcor	clothing	word present in another sense	"blue clothing; ""she was wearing blue"""
08646188	light	location	7	5.33	semcor	region	word present in another sense	"an illuminated area; ""he stepped into the light"""
05301908	mouth	body	12	4.83	semcor	passage	word present in another sense	the externally visible part of the oral cavity on the face and the system of organs surrou
08482700	rear	group	16	4.43	semcor	group	word present in another sense	"the back of a military formation or procession; ""infantrymen were in the rear"""
09451517	surface	object	12	4.83	semcor	layer	word present in another sense	"the outermost level of the land or sea; ""earthquakes originate far below the surface""; ""th"
08137738	Department_of_State	group	9	5.12	semcor	administrative-division	word present in another sense	"the federal department in the United States that sets and maintains foreign policies; ""the"
11669335	flower	plant	16	4.42	semcor	plant-part	word present in another sense	reproductive organ of angiosperm plants especially one having showy or colorful parts
00835032	breath	act	15	4.52	semcor	organic-process		"the process of taking in and expelling air during breathing; ""he took a deep breath and di"
05625465	imagination	cognition	18	4.22	semcor	cognition	word present in another sense	the formation of a mental image of something that is not perceived as real and is not pres
14590293	saline_solution	substance	27	3.32	semcor	chemical-solution		an isotonic solution of sodium chloride and distilled water
07145508	session	communication	13	4.72	semcor	information	word present in another sense	"a meeting for execution of a group's functions; ""it was the opening session of the legisla"
08411585	day_school	group	5	5.51	semcor	school		a private school taking day students only
00426928	diversion	act	25	3.51	semcor	activity	word present in another sense	"an activity that diverts or amuses or stimulates; ""scuba diving is provided as a diversion"
01239064	engagement	act	17	4.31	semcor	act	word present in another sense	"the act of sharing in the activities of a group; ""the teacher tried to increase his studen"
04820258	clarity	attribute	21	3.9	semcor	attribute		free from obscurity and easy to understand; the comprehensibility of clear expression
13344071	security	possession	8	5.2	semcor	possession	word present in another sense	"defense against financial failure; financial independence; ""his pension gave him security "
05852553	side	cognition	5	5.5	semcor	aspect	word present in another sense	"an aspect of something (as contrasted with some other implied aspect); ""he was on the heav"
06845599	trade_name	communication	10	5.0	semcor	name	word present in another sense	a name given to a product or service
07121157	cry	communication	14	4.59	semcor	information	word present in another sense	"a loud utterance of emotion (especially when inarticulate); ""a cry of rage""; ""a yell of pa"
05784831	consideration	cognition	17	4.28	semcor	thinking	word present in another sense	the process of giving careful thought to something
06770275	agreement	communication	11	4.88	semcor	information	word present in another sense	"the statement (oral or written) of an exchange of promises; ""they had an agreement that th"
09935990	colleague	person	20	3.98	semcor	associate	word present in another sense	"a person who is member of one's class or profession; ""the surgeon consulted his colleagues"
10056398	end	person	3	5.68	semcor	football-player	word present in another sense	"(football) the person who plays at one end of the line of scrimmage; ""the end managed to h"
05798043	experiment	cognition	16	4.38	semcor	thinking	word present in another sense	"the testing of an idea; ""it was an experiment in living""; ""not all experimentation is done"
15277730	flow	time	13	4.68	semcor	relation		the amount of fluid that flows in a given time
07486229	wish	feeling	8	5.18	semcor	desire		"a specific feeling of desire; ""he got his wish""; ""he was above all wishing and desire"""
13371760	gold	possession	8	5.17	semcor	wealth	word present in another sense	coins made of gold
05123416	extent	attribute	15	4.47	semcor	magnitude	word present in another sense	"the distance or area or volume over which something extends; ""the vast extent of the deser"
03610098	keep	artifact	3	5.66	semcor	structure	word present in another sense	the main tower within the walls of a medieval castle or fortress
08181658	middle_class	group	10	4.96	semcor	class		the social class between the lower and upper classes
04091839	right_field	artifact	8	5.16	semcor	geographical-area	word present in another sense	the piece of ground in the outfield on the catcher's right
00964343	combat	act	14	4.56	semcor	battle		an engagement fought between two military forces
15203120	fiscal_year	time	17	4.25	semcor	year		any accounting period of 12 months
08584618	high	location	2	5.75	zipf	topographic-point		"a high place; ""they stood on high and observed the countryside""; ""he doesn't like heights"""
00560529	pass	act	9	5.05	semcor	plan	word present in another sense	"(American football) a play that involves one player throwing the ball to a teammate; ""the "
03984381	porch	artifact	21	3.85	semcor	structure		a structure attached to the exterior of a building often forming a covered entrance
13928668	relationship	state	8	5.15	semcor	state	word present in another sense	a state involving mutual dealings between people or parties or countries
09604981	self	person	7	5.25	semcor	person	word present in another sense	"a person considered as a unique individual; ""one's own self"""
04263614	source	artifact	8	5.15	semcor	facility		a facility where something is available
13329047	tax_write-off	possession	12	4.75	semcor	write-off		a reduction in the gross amount on which a tax is calculated; reduces taxes by the percent
04417809	theater	artifact	16	4.35	semcor	building	word present in another sense	"a building where theatrical performances or motion-picture shows can be presented; ""the ho"
06652242	rule	communication	10	4.94	semcor	information	word present in another sense	prescribed guide for conduct or action
05087297	distribution	attribute	13	4.64	semcor	placement		the spatial or geographic property of being scattered about over a range, area, or volume;
05913538	principle	cognition	16	4.34	semcor	idea	word present in another sense	a basic generalization that is accepted as true and that can be used as a basis for reason
05861067	sum	cognition	16	4.34	semcor	quantity	word present in another sense	a quantity obtained by the addition of a group of numbers
00019613	substance	tops	17	4.23	semcor	substance	word present in another sense	"the real physical matter of which a person or thing consists; ""DNA is the substance of our"
05693919	support	cognition	4	5.53	semcor	cognition	word present in another sense	"something providing immaterial assistance to a person or cause or interest; ""the policy fo"
06879521	display	communication	13	4.63	semcor	demo	word present in another sense	"something intended to communicate a particular impression; ""made a display of strength""; """
00103834	drive	act	8	5.13	semcor	act	word present in another sense	"the act of applying force to propel something; ""after reaching the desired velocity the dr"
05721500	feeling	cognition	8	5.13	semcor	perception	word present in another sense	"a physical sensation that you experience; ""he had a queasy feeling""; ""I had a strange feel"
14563784	light	state	6	5.33	semcor	condition	word present in another sense	"a condition of spiritual awareness; divine illumination; ""follow God's light"""
08381165	management	group	8	5.13	semcor	group	word present in another sense	those in charge of running a business
09179606	why	motive	0	5.93	zipf	motivation		the cause or intention underlying an action or situation, especially in the phrase `the wh
15164354	Thursday	time	13	4.62	semcor	time-period		the fifth day of the week; the fourth working day
15145171	age	time	6	5.32	semcor	time-period	word present in another sense	a time of life (usually defined in years) at which some particular qualification or power 
00962567	civil_war	act	11	4.82	semcor	military-action		a war between factions in the same country
05810250	real_world	cognition	5	5.42	semcor	cognition		"the practical world as opposed to the academic world; ""a good consultant must have a lot o"
05909921	training_program	cognition	10	4.92	semcor	method		a program designed for training in specific skills
14841770	breath	substance	14	4.52	semcor	air		"the air that is inhaled and exhaled in respiration; ""his sour breath offended her"""
05917477	effect	cognition	9	5.02	semcor	idea		"an impression (especially one that is artificial or contrived); ""he just did it for effect"
07999291	sex	group	7	5.22	semcor	collection	word present in another sense	"either of the two categories (male or female) into which most organisms are divided; ""the "
07365849	stop	event	4	5.52	semcor	ending	word present in another sense	"the event of something ending; ""it came to a stop at the bottom of the hill"""
15263795	tomorrow	time	9	5.02	semcor	future		"the near future; ""tomorrow's world""; ""everyone hopes for a better tomorrow"""
03120778	court	artifact	5	5.41	semcor	room	word present in another sense	"a room in which a lawcourt sits; ""television cameras were admitted in the courtroom"""
05131902	level	attribute	5	5.41	semcor	altitude	word present in another sense	"height above ground; ""the water reached ankle level""; ""the pictures were at the same level"
06720964	name	communication	3	5.61	semcor	information	word present in another sense	a defamatory or abusive word or phrase
06534548	public_law	communication	7	5.21	semcor	legal-document		a law affecting the public at large
06198505	Call	cognition	4	5.51	semcor	inclination	word present in another sense	"a special disposition (as if from a divine source) to pursue a particular course; ""he was "
07475364	defeat	event	14	4.51	semcor	ending		"an unsuccessful ending to a struggle or contest; ""it was a narrow defeat""; ""the army's onl"
05651399	memory	cognition	11	4.81	semcor	cognition	word present in another sense	"the power of retaining and recalling past experience; ""he had a good memory when he was yo"
09625401	national	person	4	5.51	semcor	person	word present in another sense	"a person who owes allegiance to that nation; ""a monarch has a duty to his subjects"""
06277135	radio	communication	9	5.01	semcor	storage-medium	word present in another sense	medium for communication
04063661	recording	artifact	14	4.51	semcor	signal	word present in another sense	a signal that encodes something (e.g., picture or sound) that has been recorded
08436288	body	group	5	5.4	semcor	system	word present in another sense	"a collection of particulars considered as a system; ""a body of law""; ""a body of doctrine"";"
08184861	company	group	3	5.6	semcor	group	word present in another sense	"a social gathering of guests or companions; ""the house was filled with company when I arri"
00803617	control	act	5	5.4	semcor	activity	word present in another sense	"the activity of managing or exerting control over something; ""the control of the mob by th"
03599628	job	artifact	4	5.5	semcor	workplace	word present in another sense	"a workplace; as in the expression ""on the job"";"
08199025	military	group	7	5.2	semcor	organization		"the military forces of a nation; ""their military is the largest in the region""; ""the milit"
08225090	neighborhood	group	14	4.5	semcor	community		"people living near one another; ""it is a friendly neighborhood""; ""my neighborhood voted fo"
05058140	speed	attribute	9	5.0	semcor	pace		"a rate (usually rapid) at which something happens; ""the project advanced with gratifying s"
06343520	title	communication	8	5.1	semcor	name	word present in another sense	"the name of a work of art or literary composition etc.; ""he looked for books with the word"
07357388	improvement	event	14	4.49	semcor	change	word present in another sense	a change for the better; progress in development
08186047	service	group	4	5.49	semcor	company	word present in another sense	a company or agency that performs a public service; subject to government regulation
01006675	test	act	7	5.19	semcor	activity		any standardized procedure for measuring sensitivity or memory or intelligence or aptitude
08560952	view	location	7	5.19	semcor	place	word present in another sense	"the range of the eye; ""they were soon out of view"""
06156752	history	cognition	5	5.39	semcor	cognition	word present in another sense	"all that is remembered of the past as preserved in writing; a body of knowledge; ""the dawn"
03954199	plan	artifact	6	5.29	semcor	artifact	word present in another sense	"scale drawing of a structure; ""the plans for City Hall were on file"""
07224151	warning	communication	13	4.59	semcor	act		"a message informing of danger; ""a warning that still more bombs could explode"""
02472987	world	animal	0	5.89	zipf	human	word present in another sense	"all of the living human inhabitants of the earth; ""all the world loves a lover""; ""she alwa"
05753564	education	cognition	6	5.28	semcor	cognition	word present in another sense	"the gradual process of acquiring knowledge; ""education is a preparation for life""; ""a girl"
09678009	Christian	person	10	4.88	semcor	person		a religious person who believes Jesus is the Christ and who is a member of a Christian den
04713428	agreement	attribute	10	4.88	semcor	characteristic	word present in another sense	"compatibility of observations; ""there was no agreement between theory and measurement""; ""t"
06762711	comment	communication	10	4.88	semcor	information		a written explanation or criticism or illustration that is added to a book or other textua
10130447	girl	person	5	5.38	semcor	woman	word present in another sense	"a friendly informal reference to a grown woman; ""Mrs. Smith was just one of the girls"""
01042242	Mass	act	10	4.87	semcor	activity	word present in another sense	(Roman Catholic Church and Protestant Churches) the celebration of the Eucharist
00282613	career	act	8	5.07	semcor	act	word present in another sense	"the general progression of your working or professional life; ""the general had had a disti"
04675646	figure	attribute	8	5.07	semcor	impression	word present in another sense	"the impression produced by a person; ""he cut a fine figure""; ""a heroic figure"""
13862780	figure	shape	8	5.07	semcor	shape	word present in another sense	a combination of points and lines and planes that form a visible palpable shape
03399240	front_door	artifact	10	4.87	semcor	entrance		exterior door (at the entrance) at the front of a building
00731222	mission	act	10	4.87	semcor	duty	word present in another sense	"a special assignment that is given to a person or group; ""a confidential mission to London"
15256022	top	time	3	5.57	semcor	concept	word present in another sense	"the first half of an inning; while the visiting team is at bat; ""a relief pitcher took ove"
06672752	example	communication	6	5.27	semcor	admonition	word present in another sense	"punishment intended as a warning to others; ""they decided to make an example of him"""
00201058	passage	act	16	4.27	semcor	act	word present in another sense	the act of passing from one state or place to the next
15141693	past	time	5	5.36	semcor	time-period	word present in another sense	a earlier period in someone's life (especially one that they have reason to keep secret); 
08226018	state_government	group	5	5.36	semcor	government		the government of a state in the United States
08398773	assortment	group	26	3.26	semcor	collection	word present in another sense	"a collection containing a variety of sorts of things; ""a great assortment of cars was on d"
00829378	care	act	3	5.56	semcor	protection	word present in another sense	"attention and management implying responsibility for safety; ""he is in the care of a bodyg"
10420031	petitioner	person	30	2.86	semcor	applicant		"one praying humbly for something; ""a suppliant for her favors"""
05705355	study	cognition	6	5.26	semcor	engrossment	word present in another sense	"a state of deep mental absorption; ""she is in a deep study"""
06649426	case	communication	3	5.55	semcor	indication	word present in another sense	"a statement of facts and reasons used to support an argument; ""he stated his case clearly"""
06784966	case	communication	3	5.55	semcor	problem	word present in another sense	"a problem requiring investigation; ""Perry Mason solved the case of the missing heir"""
03109486	corner	artifact	11	4.75	semcor	intersection	word present in another sense	"the intersection of two streets; ""standing on the corner watching all the girls go by"""
03109881	corner	artifact	11	4.75	semcor	structure	word present in another sense	"an interior angle formed by two meeting walls; ""a piano was in one corner of the room"""
03313873	face	artifact	4	5.45	semcor	artifact	word present in another sense	the striking or working surface of an implement
08189659	unit	group	9	4.95	semcor	organization	word present in another sense	"an organization regarded as part of a larger social group; ""the coach said the offensive u"
05618056	brain	cognition	9	4.94	semcor	intelligence	word present in another sense	"mental ability; ""he's got plenty of brains but no common sense"""
02884225	box	artifact	8	5.04	semcor	room	word present in another sense	"private area in a theater or grandstand where a small group can watch the performance; ""th"
06733939	evidence	communication	7	5.14	semcor	information	word present in another sense	(law) all the means by which any alleged matter of fact whose truth is investigated at jud
05671676	personal_business	cognition	8	5.04	semcor	matter-of-concern		"matters of personal concern; ""get his affairs in order"""
04731925	point	attribute	3	5.54	semcor	characteristic	word present in another sense	"an outstanding characteristic; ""his acting was one of the high points of the movie"""
04353803	sum	artifact	15	4.34	semcor	physical-object	word present in another sense	the whole amount
04836683	energy	attribute	6	5.23	semcor	motivational-drive		"enterprising or ambitious drive; ""Europeans often laugh at American energy"""
01017320	support	act	3	5.53	semcor	activity	word present in another sense	"the act of bearing the weight of or strengthening; ""he leaned against the wall for support"
15164105	Tuesday	time	12	4.63	semcor	time-period		the third day of the week; the second working day
01135952	administration	act	9	4.93	semcor	management		a method of tending to or managing the affairs of a some group of people (especially the g
00823750	defense	act	9	4.93	semcor	protection		"protection from harm; ""sanitation is the best defense against disease"""
13983304	light	state	5	5.33	semcor	state	word present in another sense	"having abundant light or illumination; ""they played as long as it was light""; ""as long as "
07051975	lyric	communication	22	3.63	semcor	text	word present in another sense	"the text of a popular song or musical-comedy number; ""his compositions always started with"
13815342	scale	relation	10	4.83	semcor	relation	word present in another sense	"relative magnitude; ""they entertained on a grand scale"""
00285557	step	act	7	5.13	semcor	act	word present in another sense	"the act of changing location by raising the foot and setting it down; ""he walked with unst"
06277803	video	communication	4	5.43	semcor	information	word present in another sense	"the visible part of a television transmission; ""they could still receive the sound but the"
05943066	faith	cognition	10	4.82	semcor	belief	word present in another sense	"complete confidence in a person or plan etc; ""he cherished the faith of a good woman""; ""th"
01199697	hearing	act	10	4.82	semcor	act		(law) a proceeding (usually by a court) where evidence is taken for the purpose of determi
07002599	profile	communication	10	4.82	semcor	data-chart	word present in another sense	an analysis (often in graphical form) representing the extent to which something exhibits 
05651680	reason	cognition	5	5.32	semcor	cognition	word present in another sense	"the capacity for rational thought or inference or discrimination; ""we are told that man is"
05614476	eye	cognition	8	5.02	semcor	cognition	word present in another sense	"good discernment (either visually or as if visually); ""she has an eye for fresh talent""; """
00238022	introduction	act	13	4.52	semcor	act	word present in another sense	"the act of beginning something new; ""they looked forward to the debut of their new product"
01076046	stop	act	3	5.52	semcor	act	word present in another sense	"the act of stopping something; ""the third baseman made some remarkable stops""; ""his stoppa"
13929037	account	state	6	5.21	semcor	state	word present in another sense	a formal contractual relationship established to provide for regular banking or brokerage 
05893356	given	cognition	4	5.41	semcor	hypothesis	word present in another sense	an assumption that is taken for granted
08231499	major_league	group	9	4.91	semcor	association		the most important league in any sport (especially baseball)
08060446	manufacturer	group	16	4.21	semcor	organization	word present in another sense	a business engaged in manufacturing some product
05982915	mind	cognition	4	5.41	semcor	purpose	word present in another sense	"your intention; what you intend to do; ""he had in mind to see his old teacher""; ""the idea "
00047745	record	act	6	5.21	semcor	accomplishment	word present in another sense	"the sum of recognized accomplishments; ""the lawyer has a good record""; ""the track record s"
05844105	style	cognition	7	5.11	semcor	category	word present in another sense	"a particular kind (as to appearance); ""this style of shoe is in demand"""
04677514	form	attribute	5	5.31	semcor	appearance	word present in another sense	"the visual appearance of something or someone; ""the delicate cast of his features"""
11495607	head	phenomenon	3	5.51	semcor	pressure	word present in another sense	"the pressure exerted by a fluid; ""a head of steam"""
08213978	brigade	group	19	3.9	semcor	military-unit		army unit smaller than a division
08190292	command	group	11	4.7	semcor	military-unit	word present in another sense	a military unit or region under the control of a single officer
15143276	death	time	4	5.4	semcor	amount	word present in another sense	"the time at which life ends; continuing until dead; ""she stayed until his death""; ""a strug"
05704694	focus	cognition	8	5.0	semcor	engrossment	word present in another sense	"the concentration of attention or energy on something; ""the focus of activity shifted to m"
08649167	side	location	3	5.5	semcor	place	word present in another sense	"a line segment forming part of the perimeter of a plane figure; ""the hypotenuse of a right"
06632947	good_night	communication	3	5.49	semcor	information		a conventional expression of farewell
01204294	line	act	3	5.49	semcor	conformity	word present in another sense	"acting in conformity; ""in line with""; ""he got out of line""; ""toe the line"""
01009871	order	act	3	5.49	semcor	activity	word present in another sense	"the act of putting things in a sequential arrangement; ""there were mistakes in the orderin"
13260190	return	possession	6	5.19	semcor	income	word present in another sense	the income or profit arising from such transactions as the sale of land or other property;
00293916	run	act	3	5.49	semcor	act		"the act of running; traveling on foot at a fast pace; ""he broke into a run""; ""his daily ru"
00558883	run	act	3	5.49	semcor	plan		(American football) a play in which a player attempts to carry the ball through or past th
00584891	service	act	3	5.49	semcor	occupation	word present in another sense	"employment in or work for another; ""he retired after 30 years of service"""
15164233	Wednesday	time	12	4.59	semcor	time-period		the fourth day of the week; the third working day
13395897	dollar	possession	12	4.59	semcor	bill	word present in another sense	a piece of paper money worth one dollar
06511874	resolution	communication	12	4.59	semcor	document	word present in another sense	a formal expression by a meeting; agreed to by a vote
04682462	spot	attribute	9	4.89	semcor	decorative-design	word present in another sense	"a small contrasting part of something; ""a bald spot""; ""a leopard's spots""; ""a patch of clo"
00611433	education	act	5	5.28	semcor	profession	word present in another sense	the profession of teaching (especially at a school or college or university)
00157081	influence	act	10	4.78	semcor	act	word present in another sense	causing something without any direct or apparent effort
10661002	stranger	person	15	4.28	semcor	traveler		anyone who does not belong in the environment in which they are found
00383952	break	act	6	5.18	semcor	delay	word present in another sense	"an act of delaying or interrupting the continuity; ""it was presented without commercial br"
13810615	member	relation	6	5.18	semcor	part	word present in another sense	"anything that belongs to a set or class; ""snakes are members of the class Reptilia""; ""memb"
14500047	mess	state	12	4.57	semcor	disorderliness		"a state of confusion and disorderliness; ""the house was a mess""; ""she smoothed the mussine"
01252918	radiation	act	15	4.27	semcor	act	word present in another sense	the act of spreading outward from a central source
07229245	thank_you	communication	3	5.47	semcor	thanks		a conversational expression of gratitude
05725527	heat	cognition	9	4.86	semcor	perception	word present in another sense	the sensation caused by heat energy
15043763	snow	substance	11	4.66	semcor	layer	word present in another sense	a layer of snowflakes (white crystals of frozen water) covering the ground
02746978	art_school	artifact	6	5.15	semcor	schoolhouse		a school specializing in art
10015215	director	person	6	5.15	semcor	supervisor	word present in another sense	someone who supervises the actors and directs the action in the production of a show
05176082	due	attribute	4	5.35	semcor	concept		"that which is deserved or owed; ""give the devil his due"""
10468750	president	person	3	5.45	semcor	administrator	word present in another sense	the head administrative officer of a college or university
07493280	relief	feeling	12	4.55	semcor	pleasure	word present in another sense	"the feeling that comes when something burdensome is removed or reduced; ""as he heard the n"
13956488	truth	state	7	5.05	semcor	state	word present in another sense	"conformity to reality or actuality; ""they debated the truth of the proposition""; ""the situ"
01063939	wait	act	4	5.35	semcor	act		"the act of waiting (remaining inactive in one place while expecting something); ""the wait "
07465781	World_Series	event	5	5.24	semcor	contest		"series that constitutes the playoff for the baseball championship; ""we watched the World S"
13240839	community	possession	4	5.34	semcor	ownership	word present in another sense	"common ownership; ""they shared a community of possessions"""
04113641	round	artifact	6	5.14	semcor	ammunition		a charge of ammunition for a single shot
06888944	sight	communication	12	4.54	semcor	information	word present in another sense	"anything that is seen; ""he was a familiar sight on the television""; ""they went to Paris to"
04227144	sketch	artifact	17	4.04	semcor	artifact	word present in another sense	"preliminary drawing for later elaboration; ""he made several studies before starting to pai"
08385280	visit	group	7	5.04	semcor	group	word present in another sense	a meeting arranged by the visitor to see someone (such as a doctor or lawyer) for treatmen
09641002	white_man	person	4	5.34	semcor	man		a man who is White
01103614	issue	act	5	5.23	semcor	printing	word present in another sense	the act of issuing printed materials
06596978	issue	communication	5	5.23	semcor	periodical	word present in another sense	"one of a series published periodically; ""she found an old issue of the magazine in her den"
05917328	reaction	cognition	10	4.73	semcor	idea	word present in another sense	"an idea evoked by some experience; ""his reaction to the news was to start planning what to"
09906986	chancellor	person	16	4.13	semcor	head-of-state	word present in another sense	the person who is head of state (in several countries)
08160276	citizenry	group	28	2.93	semcor	group	word present in another sense	"the body of citizens of a state or country; ""the Spanish people"""
13985818	emotional_state	state	11	4.63	semcor	emotion	word present in another sense	"the state of a person's emotions (especially with regard to pleasure or dejection); ""his e"
04951373	light	attribute	4	5.33	semcor	attribute	word present in another sense	"the visual effect of illumination on objects or scenes as created in pictures; ""he could p"
10389398	owner	person	9	4.83	semcor	person	word present in another sense	"a person who owns something; ""they are searching for the owner of the car""; ""who is the ow"
08410282	public_school	group	4	5.33	semcor	school		a tuition free school in the United States supported by taxes and controlled by a school b
00409483	operation	act	8	4.92	semcor	activity	word present in another sense	"a planned activity involving many people performing various actions; ""they organized a res"
01143040	preparation	act	14	4.32	semcor	activity		"the activity of putting or setting in order in advance of some act or purpose; ""preparatio"
01096454	trade	act	6	5.12	semcor	undertaking	word present in another sense	"the business given to a commercial establishment by its customers; ""even before noon there"
00457382	turn	act	4	5.32	semcor	activity	word present in another sense	"(game) the activity of doing something in an agreed succession; ""it is my turn""; ""it is st"
07423365	turn	event	4	5.32	semcor	change	word present in another sense	"an unforeseen development; ""events suddenly took an awkward turn"""
07317764	failure	event	10	4.72	semcor	event	word present in another sense	"an event that does not accomplish its intended purpose; ""the surprise party was a complete"
06767922	shot	communication	5	5.22	semcor	remark	word present in another sense	an aggressive remark directed at a person like a missile and intended to have a telling ef
00127286	base_on_balls	act	13	4.41	semcor	accomplishment	word present in another sense	"(baseball) an advance to first base by a batter who receives four balls; ""he worked the pi"
09876892	brother	person	6	5.11	semcor	member	word present in another sense	"a male person who is a fellow member (of a fraternity or religion or other group); ""none o"
15141059	days	time	1	5.61	zipf	time-period		"the time during which someone's life continues; ""the monarch's last days""; ""in his final y"
00843128	drinking	act	10	4.71	semcor	consumption	word present in another sense	the act of consuming liquids
05889896	fact	cognition	3	5.41	semcor	concept	word present in another sense	"a concept whose truth can be proved; ""scientific hypotheses are not facts"""
05637965	hand	cognition	3	5.41	semcor	cognition	word present in another sense	"ability; ""he wanted to try his hand at singing"""
13337322	market_value	possession	8	4.91	semcor	worth	word present in another sense	the price at which buyers and sellers trade the item in an open marketplace
06636524	record	communication	5	5.21	semcor	fact	word present in another sense	"a compilation of the known facts regarding something or someone; ""Al Smith used to say, `L"
07409592	touch	event	8	4.91	semcor	event	word present in another sense	"the event of something coming in contact with the body; ""he longed for the touch of her ha"
14422871	development	state	4	5.31	semcor	improvement	word present in another sense	a state in which things are improving; the result of developing (as in the early part of a
05910940	agenda	cognition	14	4.3	semcor	plan	word present in another sense	a temporally organized plan for matters to be attended to
08582837	hell	location	6	5.1	semcor	place	word present in another sense	"any place of pain and turmoil; ""the hell of battle""; ""the inferno of the engine room""; ""wh"
15117516	hours	time	3	5.4	semcor	time-period		"an indefinite period of time; ""they talked for hours"""
05818182	particular	cognition	7	5.0	semcor	cognition		"a fact about some part (as opposed to general); ""he always reasons from the particular to "
07006712	stage	communication	6	5.1	semcor	dramaturgy	word present in another sense	"the theater as a profession (usually `the stage'); ""an early movie simply showed a long ki"
04326084	stone	artifact	9	4.8	semcor	building-material	word present in another sense	building material consisting of a piece of rock hewn in a definite shape for a special pur
00295701	travel	act	7	5.0	semcor	act		"the act of going from one place to another; ""he enjoyed selling but he hated the travel"""
05099389	bulk	attribute	15	4.19	semcor	magnitude	word present in another sense	"the property of something that is great in magnitude; ""it is cheaper to buy it in bulk""; """
07330007	destiny	event	15	4.19	semcor	event	word present in another sense	an event (or a course of events) that will inevitably happen in the future
13246475	real_property	possession	7	4.99	semcor	belongings		property consisting of houses and land
06964901	French	communication	6	5.09	semcor	natural-language		the Romance language spoken in France and in countries colonized by France
00022903	article	tops	6	5.09	semcor	artifact	word present in another sense	"one of a class of artifacts; ""an article of clothing"""
03654374	left_field	artifact	6	5.09	semcor	geographical-area	word present in another sense	"the piece of ground in the outfield on the catcher's left; ""the batter flied out to left"""
04073208	release	artifact	6	5.09	semcor	merchandise	word present in another sense	"merchandise issued for sale or public showing (especially a record or film); ""a new releas"
14485436	room	state	3	5.39	semcor	opportunity	word present in another sense	"opportunity for; ""room for improvement"""
04854604	wrong	attribute	3	5.39	semcor	attribute		"that which is contrary to the principles of justice or law; ""he feels that you are in the "
05692910	influence	cognition	9	4.78	semcor	cognition	word present in another sense	"a cognitive factor that tends to have an effect on what you do; ""her wishes had a great in"
00796886	enterprise	act	13	4.38	semcor	undertaking	word present in another sense	a purposeful or industrious undertaking (especially one that requires effort or boldness);
05929670	hero	cognition	10	4.68	semcor	theatrical-role	word present in another sense	the principal character in a play or movie or novel or poem
00219012	killing	act	8	4.88	semcor	act		the act of terminating a life
07472657	race	event	6	5.08	semcor	contest	word present in another sense	"any competition; ""the race for the presidency"""
05027135	body_weight	attribute	8	4.87	semcor	attribute		the weight of a person's body
06503724	entry	communication	10	4.67	semcor	indication		an item inserted in a written record
08511570	foot	location	8	4.87	semcor	place	word present in another sense	"the lower part of anything; ""curled up on the foot of the bed""; ""the foot of the page""; ""t"
07968702	interest	group	5	5.17	semcor	group	word present in another sense	(usually plural) a social group whose members control some field of activity and who have 
00067526	loss	act	6	5.07	semcor	act	word present in another sense	"the act of losing someone or something; ""everyone expected him to win so his loss was a sh"
00970645	mission	act	8	4.87	semcor	military-operation		"an operation that is assigned by a higher headquarters; ""the planes were on a bombing miss"
04125021	safe	artifact	6	5.07	semcor	box		strongbox where valuables can be safely kept
06362953	writing	communication	6	5.07	semcor	information		the work of a writer; anything expressed in letters of the alphabet (especially when consi
07467846	meet	event	4	5.27	semcor	contest		a meeting at which a number of athletic contests are held
13821570	frequency	relation	13	4.36	semcor	ratio	word present in another sense	the ratio of the number of observations in a statistical category to the total number of o
08646902	landscape	location	13	4.36	semcor	region		an expanse of scenery that can be seen in a single view
00456563	night_game	act	3	5.36	semcor	sport		a game played under artificial illumination at night
00113113	press	act	5	5.16	semcor	act	word present in another sense	"the act of pressing; the exertion of pressure; ""he gave the button a press""; ""he used pres"
13925550	silence	state	12	4.46	semcor	condition	word present in another sense	"the state of being silent (as when no one is speaking); ""there was a shocked silence""; ""he"
06776138	wit	communication	17	3.96	semcor	information	word present in another sense	a message whose ingenuity or verbal skill or incongruity has the power to evoke laughter
00802629	chance	act	4	5.26	semcor	risk		"a risk involving danger; ""you take a chance when you let her drive"""
09747722	German	person	7	4.95	semcor	inhabitant		a person of German nationality
00043195	discovery	act	12	4.45	semcor	act	word present in another sense	the act of discovering something
00633864	investigation	act	9	4.75	semcor	work		the work of inquiring into something thoroughly and systematically
07210225	protest	communication	12	4.45	semcor	objection	word present in another sense	"a formal and solemn declaration of objection; ""they finished the game under protest to the"
05675905	awareness	cognition	12	4.44	semcor	cognition	word present in another sense	"having knowledge of; ""he had no awareness of his mistakes""; ""his sudden consciousness of t"
02856463	board	artifact	4	5.24	semcor	artifact	word present in another sense	"a flat piece of material designed for a special purpose; ""he nailed boards across the wind"
08551628	field	location	4	5.24	semcor	region	word present in another sense	"a region in which active military operations are in progress; ""the army was in the field a"
13344804	insurance	possession	7	4.94	semcor	possession	word present in another sense	promise of reimbursement in the case of loss; paid to people or companies so concerned abo
09379111	opening	object	7	4.94	semcor	empty-space	word present in another sense	"an open or empty space in or between things; ""there was a small opening between the trees"""
07259772	rule	communication	7	4.94	semcor	concept	word present in another sense	(linguistics) a rule describing (or prescribing) a linguistic practice
06203956	anti-Semitism	cognition	22	3.44	semcor	racism		the intense dislike for and prejudice against Jewish people
10548537	salesman	person	20	3.64	semcor	employee		a man salesperson
05661668	solution	cognition	8	4.84	semcor	method	word present in another sense	"a method for solving a problem; ""the easy solution is to look it up in the handbook"""
10648237	stand-in	person	5	5.14	semcor	peer	word present in another sense	"someone who takes the place of another (as when things get dangerous or difficult); ""the s"
04345288	stuff	artifact	5	5.14	semcor	physical-object		"miscellaneous unspecified objects; ""the trunk was full of stuff"""
10751265	vice_president	person	10	4.64	semcor	executive-director		an executive officer ranking immediately below a president; may serve in the president's p
00880662	watch	act	3	5.34	semcor	work	word present in another sense	a purposeful surveillance to guard or observe
15292336	watch	time	3	5.34	semcor	shift	word present in another sense	a period of time (4 or 2 hours) during which some of a ship's crew are on duty
08222293	audience	group	9	4.73	semcor	group	word present in another sense	"the part of the general public interested in a source of information or entertainment; ""ev"
05137165	height	attribute	11	4.53	semcor	spatial-extent		the vertical dimension of extension; distance from the base of something to the top
03528901	home_plate	artifact	11	4.53	semcor	equipment	word present in another sense	(baseball) base consisting of a rubber slab where the batter stands; it must be touched by
14448910	suffering	state	11	4.53	semcor	misery	word present in another sense	misery resulting from affliction
05686955	difficulty	cognition	13	4.33	semcor	cognition	word present in another sense	a factor causing trouble in achieving a positive result or tending to produce a negative r
03242995	drive	artifact	5	5.13	semcor	mechanism	word present in another sense	"a mechanism by which force or power is transmitted in a machine; ""a variable speed drive p"
15255804	inning	time	18	3.83	semcor	concept		(baseball) one of nine divisions of play during which each team has a turn at bat
10276659	light	person	3	5.33	semcor	person	word present in another sense	"a person regarded very fondly; ""the light of my life"""
04146976	school_system	artifact	3	5.33	semcor	structure		establishment including the plant and equipment for providing education from kindergarten 
06815714	score	communication	8	4.83	semcor	sheet-music	word present in another sense	a written form of a musical composition; parts for different instruments appear on separat
04204619	short	artifact	3	5.33	semcor	geographical-area		the location on a baseball field where the shortstop is stationed
03953020	place_of_business	artifact	3	5.32	semcor	structure		an establishment (a factory or an assembly plant or retail store or warehouse etc.) where 
13846900	third	relation	3	5.32	semcor	rank		"following the second position in an ordering or series; ""a distant third""; ""he answered th"
08083599	Roman_Catholic	group	14	4.22	semcor	institution		the Christian Church based in the Vatican and presided over by a pope and an episcopal hie
05703307	eye	cognition	6	5.02	semcor	cognition	word present in another sense	"attention to what is seen; ""he tried to catch her eye"""
13969700	peace	state	6	5.02	semcor	state	word present in another sense	"harmonious relations; freedom from disputes; ""the roommates lived in peace together"""
06694796	character	communication	5	5.11	semcor	recommendation	word present in another sense	a formal recommendation by a former employer to a potential future employer describing the
14524661	climate	state	9	4.71	semcor	condition	word present in another sense	"the prevailing psychological state; ""the climate of opinion""; ""the national mood had chang"
05768806	dream	cognition	7	4.91	semcor	cognition	word present in another sense	"imaginative thoughts indulged in while awake; ""he lives in a dream that has nothing to do "
05949603	eyes	cognition	4	5.21	semcor	belief		"opinion or judgment; ""in the eyes of the law""; ""I was wrong in her eyes"""
13869991	straight_line	shape	7	4.91	semcor	shape		"a line traced by a point traveling in a constant direction; a line of zero curvature; ""the"
09728403	Russian	person	6	5.01	semcor	person		a native or inhabitant of Russia
01081628	association	act	6	5.01	semcor	act	word present in another sense	"the act of consorting with or joining with others; ""you cannot be convicted of criminal gu"
03176763	department_store	artifact	8	4.81	semcor	structure		a large retail store organized into departments offering a variety of merchandise; commonl
08556491	domain	location	13	4.31	semcor	region	word present in another sense	"territory over which rule or control is exercised; ""his domain extended into Europe""; ""he "
08383909	family_business	group	3	5.31	semcor	firm		a corporation that is entirely owned by the members of a single family
04624826	heart	attribute	3	5.31	semcor	disposition	word present in another sense	"an inclination or tendency of a certain kind; ""he had a change of heart"""
07324917	rise	event	8	4.81	semcor	event		a growth in strength or number or importance
01181475	due_process	act	6	5.0	semcor	act		(law) the administration of justice according to established rules and principles; based o
08566554	end_point	location	3	5.3	semcor	place		a place where something ends or is complete
06780882	fun	communication	3	5.3	semcor	information	word present in another sense	"verbal wit or mockery (often at another's expense but not to be taken seriously); ""he beca"
03843092	oil	artifact	5	5.1	semcor	paint	word present in another sense	oil paint containing pigment that is used by an artist
05712076	sensation	cognition	17	3.9	semcor	perception	word present in another sense	"an unelaborated elementary awareness of stimulation; ""a sensation of touch"""
09432060	sheet	object	12	4.4	semcor	empty-space	word present in another sense	"any broad thin expanse or surface; ""a sheet of ice"""
09732668	English	person	4	5.19	semcor	people		the people of England
13975752	confusion	state	14	4.19	semcor	state	word present in another sense	"disorder resulting from a failure to behave predictably; ""the army retreated in confusion"""
08588152	inside	location	4	5.19	semcor	surface	word present in another sense	the inner or enclosed surface of something
00312784	ocean_trip	act	11	4.49	semcor	act	word present in another sense	an act of traveling by water
00794367	test	act	4	5.19	semcor	attempt	word present in another sense	"the act of undergoing testing; ""he survived the great test of battle""; ""candidates must co"
00310666	tour	act	6	4.99	semcor	journey		"a journey or route all the way around a particular place or area; ""they took an extended t"
05983463	view	cognition	4	5.19	semcor	purpose	word present in another sense	purpose; the phrase `with a view to' means `with the intention of' or `for the purpose of'
15202634	calendar_year	time	13	4.29	semcor	year		the year (reckoned from January 1 to December 31) according to Gregorian calendar
13982000	cold_war	state	7	4.89	semcor	hostility		a state of political hostility between countries using means short of armed warfare
13331778	resource	possession	12	4.39	semcor	possession	word present in another sense	available source of wealth; a new or reserve supply that can be drawn upon when needed
07201804	word_picture	communication	7	4.89	semcor	information		"a graphic or vivid verbal description; ""too often the narrative was interrupted by long wo"
04921900	education	attribute	3	5.28	semcor	attribute	word present in another sense	"the result of good upbringing (especially knowledge of correct social behavior); ""a woman "
00282050	progress	act	8	4.78	semcor	act	word present in another sense	the act of moving forward (as toward a goal)
01049685	cover	act	5	5.08	semcor	activity		"the act of concealing the existence of something by obstructing the view of it; ""the cover"
04702957	definition	attribute	10	4.58	semcor	attribute	word present in another sense	"clarity of outline; ""exercise had given his muscles superior definition"""
05180881	door	attribute	5	5.08	semcor	entree	word present in another sense	"anything providing a means of access (or escape); ""we closed the door to Haitian immigrant"
13820993	efficiency	relation	12	4.38	semcor	ratio		the ratio of the output to the input of any system
13518963	natural_process	process	7	4.88	semcor	process	word present in another sense	"a process existing in or produced by nature (rather than by the intent of human beings); """
00809465	possession	act	12	4.38	semcor	activity	word present in another sense	the act of having and controlling property
13992738	self-government	state	5	5.08	semcor	freedom		government of a political unit by its own people
06793231	sign	communication	5	5.08	semcor	information	word present in another sense	"a public display of a message; ""he posted signs in all the shop windows"""
05920791	significance	cognition	14	4.18	semcor	idea	word present in another sense	"a meaning that is not expressly stated but can be inferred; ""the significance of his remar"
00192613	economy	act	7	4.87	semcor	act	word present in another sense	"an act of economizing; reduction in cost; ""it was a small economy to walk to work every da"
00125629	hit	act	2	5.37	zipf	act		"the act of contacting one thing with another; ""repeated hitting raised a large bruise""; ""a"
06639674	index	communication	10	4.57	semcor	fact	word present in another sense	a number or ratio (a value on a scale of measurement) derived from a series of observed fa
00730984	mission	act	7	4.87	semcor	work		the organized work of a religious missionary
07399452	voice	event	5	5.07	semcor	event	word present in another sense	"a sound suggestive of a vocal utterance; ""the noisy voice of the waterfall""; ""the incessan"
00694681	justice	act	6	4.97	semcor	judgment	word present in another sense	judgment involved in the determination of rights and the assignment of rewards and punishm
08400965	membership	group	11	4.47	semcor	group	word present in another sense	"the body of members of an organization or group; ""they polled their membership""; ""they fou"
15267536	stopping_point	time	13	4.27	semcor	amount	word present in another sense	"the temporal end; the concluding time; ""the stopping point of each round was signaled by a"
08223263	following	group	1	5.46	zipf	group		a group of followers or enthusiasts
03526198	hole	artifact	9	4.66	semcor	artifact	word present in another sense	an opening deliberately made in or through something
00282840	march	act	3	5.26	semcor	act	word present in another sense	"a steady advance; ""the march of science""; ""the march of time"""
05701363	process	cognition	3	5.26	semcor	cognition	word present in another sense	(psychology) the performance of some composite cognitive activity; an operation that affec
00546389	song	act	3	5.26	semcor	activity		"the act of singing; ""with a shout and a song they marched up to the gates"""
07394588	song	event	3	5.26	semcor	event		"a distinctive or characteristic sound; ""the song of bullets was in the air""; ""the song of "
07169242	word	communication	3	5.26	semcor	bid	word present in another sense	"a verbal command for action; ""when I give the word, charge!"""
06950528	German	communication	6	4.95	semcor	natural-language		the standard German language; developed historically from West Germanic
02797881	base	artifact	5	5.05	semcor	equipment	word present in another sense	"a place that the runner must touch before scoring; ""he scrambled to get back to the bag"""
06535222	legislation	communication	10	4.55	semcor	jurisprudence	word present in another sense	law enacted by a legislative body
00885764	life_class	act	3	5.25	semcor	course-of-instruction		an art class using a live human model
08310389	meeting	group	4	5.15	semcor	group	word present in another sense	"a small informal social gathering; ""there was an informal meeting in my living room"""
15120528	modern_times	time	6	4.95	semcor	time-period		"the circumstances and ideas of the present age; ""in modern times like these"""
04379964	table	artifact	5	5.05	semcor	furniture	word present in another sense	"a piece of furniture with tableware for a meal laid out on it; ""I reserved a table at my f"
05861317	degree	cognition	6	4.94	semcor	information	word present in another sense	the highest power of a term or variable
01191158	opinion	act	6	4.94	semcor	judgement	word present in another sense	the reason for a court's judgment (as opposed to the decision itself)
07309457	piece	event	5	5.04	semcor	instance	word present in another sense	"an instance of some kind; ""it was a nice piece of work""; ""he had a bit of good luck"""
07173766	reading	communication	4	5.14	semcor	explanation		"a particular interpretation or performance; ""on that reading it was an insult""; ""he was fa"
05726345	structure	cognition	7	4.84	semcor	cognition	word present in another sense	"the complex composition of knowledge as elements and their combinations; ""his lectures hav"
08242223	core	group	8	4.73	semcor	set	word present in another sense	"a small group of indispensable persons or things; ""five periodicals make up the core of th"
06206800	respect	cognition	5	5.03	semcor	attitude		"an attitude of admiration or esteem; ""she lost all respect for him"""
05916155	suggestion	cognition	13	4.23	semcor	idea	word present in another sense	"an idea that is suggested; ""the picnic was her suggestion"""
13365698	support	possession	0	5.53	zipf	possession	word present in another sense	"financial resources provided to make some project possible; ""the foundation provided suppo"
05715283	taste	cognition	8	4.73	semcor	perception	word present in another sense	the sensation that results when taste buds in the tongue and throat convey information abo
05855904	term	cognition	3	5.23	semcor	quantity	word present in another sense	"any distinct quantity contained in a polynomial; ""the general term of an algebraic equatio"
10298912	master	person	6	4.93	semcor	sailor	word present in another sense	an officer who is licensed to command a merchant ship
13360498	trust	possession	4	5.13	semcor	belongings	word present in another sense	something (as property) held by one party (the trustee) for the benefit of another (the be
07509996	wonder	feeling	6	4.93	semcor	feeling	word present in another sense	the feeling aroused by something strange and surprising
08368907	generation	group	7	4.82	semcor	group		group of genetically related organisms constituting a single step in the line of descent
05794057	key	cognition	4	5.12	semcor	thinking	word present in another sense	"something crucial for explaining; ""the key to development is economic integration"""
05636887	skill	cognition	11	4.42	semcor	cognition	word present in another sense	"ability to produce solutions in some problem domain; ""the skill of a well-trained boxer""; "
00346095	wave	act	9	4.62	semcor	motion	word present in another sense	"a movement like that of a sudden occurrence or increase in a specified phenomenon; ""a wave"
08285594	trade_school	group	5	5.02	semcor	school		a secondary school teaching the skilled trades
04571292	weight	artifact	5	5.02	semcor	equipment		sports equipment used in calisthenic exercises and weightlifting; it is not attached to an
01228645	attention	act	4	5.11	semcor	courtesy	word present in another sense	"a courteous act indicating affection; ""she tried to win his heart with her many attentions"
05853636	attention	cognition	4	5.11	semcor	feature	word present in another sense	"a general interest that leads people to want to know more; ""She was the center of attentio"
04945057	desire	attribute	9	4.61	semcor	attribute	word present in another sense	"an inclination to want things; ""a man of many desires"""
03899328	path	artifact	8	4.71	semcor	artifact	word present in another sense	a way especially designed for a particular use
00722479	position	act	3	5.21	semcor	role	word present in another sense	"(in team sports) the role assigned to an individual player; ""what position does he play?"""
08622201	position	location	3	5.21	semcor	place	word present in another sense	"the appropriate or customary location; ""the cars were in position"""
00275572	staining	act	23	3.21	semcor	act		(histology) the use of a dye to color specimens for microscopic study
00363788	addition	act	5	5.01	semcor	act	word present in another sense	"the act of adding one thing to another; ""the addition of flowers created a pleasing effect"
00521562	presentation	act	12	4.31	semcor	entertainment	word present in another sense	"a show or display; the act of presenting something to sight or view; ""the presentation of "
10522633	Republican	person	8	4.7	semcor	politician		a member of the Republican Party
03018209	china	artifact	4	5.1	semcor	utensil		high quality porcelain originally made only in China
01256743	lead	act	3	5.2	semcor	leadership	word present in another sense	"a position of leadership (especially in the phrase `take the lead'); ""he takes the lead in"
00936620	painting	act	9	4.6	semcor	artistic-creation	word present in another sense	"creating a picture with paints; ""he studied painting and sculpture for many years"""
05794694	planning	cognition	6	4.9	semcor	thinking	word present in another sense	the cognitive process of thinking about what you will do in the event of something happeni
08367880	political_system	group	4	5.1	semcor	group		the members of a social organization who are in power
15010703	salt	substance	9	4.6	semcor	compound	word present in another sense	a compound formed by replacing hydrogen in an acid by a metal (or a radical that acts like
04601690	work_of_art	artifact	3	5.2	semcor	fine-art		art that is a product of one of the fine arts (especially a painting or sculpture of artis
06155432	English	cognition	3	5.19	semcor	humanities		the discipline that studies the English language and literature
14008342	behavior	state	8	4.69	semcor	state	word present in another sense	the action or reaction of something (as a machine or substance) under specified circumstan
05463533	center	body	3	5.19	semcor	body-part	word present in another sense	"a cluster of nerve cells governing a specific bodily process; ""in most people the speech c"
05812038	center	cognition	3	5.19	semcor	cognition	word present in another sense	"the object upon which interest and attention focuses; ""his stories made him the center of "
07339329	contact	event	5	4.99	semcor	event	word present in another sense	"the physical coming together of two or more things; ""contact with the pier scraped paint f"
13792692	link	relation	5	4.99	semcor	relation	word present in another sense	the means of connection between things linked in series
07447022	return	event	3	5.19	semcor	event	word present in another sense	the occurrence of a change in direction back in the opposite direction
05713737	smell	cognition	10	4.49	semcor	perception	word present in another sense	the sensation that results when olfactory receptors in the nose are stimulated by particul
09444783	star	object	3	5.19	semcor	celestial-body	word present in another sense	any celestial body visible (as a point of light) from the Earth at night
04965661	yellow	attribute	8	4.69	semcor	attribute		yellow color or pigment; the chromatic color resembling the hue of sunflowers or ripe lemo
02824448	bell	artifact	9	4.59	semcor	device		a hollow device made of metal that makes a ringing sound when struck
08478018	camp	group	7	4.79	semcor	group	word present in another sense	"a group of people living together in a camp; ""the whole camp laughed at his mistake"""
01321230	male	animal	6	4.89	semcor	animal		an animal that produces gametes (spermatozoa) that can fertilize female gametes (ova)
10435988	pitcher	person	17	3.79	semcor	person		"(baseball) the person who does the pitching; ""our pitcher has a sore arm"""
01028655	worship	act	12	4.29	semcor	activity		the activity of worshipping
09732544	British	person	3	5.18	semcor	people		the people of Great Britain
00329227	flow	act	8	4.68	semcor	act	word present in another sense	the act of flowing or streaming; continuous progression
03449858	government_office	artifact	3	5.18	semcor	office		an office where government employees work
05555473	middle	body	3	5.18	semcor	body-part	word present in another sense	"the middle area of the human torso (usually in front); ""young American women believe that "
15280497	pace	time	11	4.38	semcor	relation	word present in another sense	the rate of moving (especially walking or running)
08287586	staff	group	4	5.08	semcor	group	word present in another sense	"the body of teachers and administrators at a school; ""the dean addressed the letter to the"
00283568	walk	act	4	5.08	semcor	act		"the act of traveling by foot; ""walking is a healthy form of exercise"""
01185611	appeal	act	8	4.67	semcor	act	word present in another sense	(law) a legal proceeding in which the appellant resorts to a higher court for the purpose 
07137807	detail	communication	9	4.57	semcor	discussion	word present in another sense	"extended treatment of particulars; ""the essay contained too much detail"""
05162985	loss	attribute	4	5.07	semcor	disadvantage	word present in another sense	"the disadvantage that results from losing something; ""his loss of credibility led to his r"
06255613	paper	communication	4	5.07	semcor	storage-medium	word present in another sense	"a medium for written communication; ""the notion of an office running without paper is absu"
05014442	room_temperature	attribute	9	4.57	semcor	temperature		the normal temperature of room in which people live
00179683	voice	act	4	5.07	semcor	act	word present in another sense	"a means or agency by which something is expressed or communicated; ""the voice of the law"";"
06363778	writing	communication	4	5.07	semcor	oeuvre		"(usually plural) the collected work of an author; ""the idea occurs with increasing frequen"
06313651	construction	communication	5	4.97	semcor	language	word present in another sense	a group of words that form a constituent of a sentence and are considered as a single unit
05790758	favorite	cognition	5	4.97	semcor	cognition		"something regarded with special favor or liking; ""that book is one of my favorites"""
03417345	garden	artifact	7	4.77	semcor	plot	word present in another sense	a plot of ground where plants are cultivated
10573129	Secretary_of_the_Treasury	person	13	4.16	semcor	chief		"the person who holds the secretaryship of the Treasury Department; ""Alexander Hamilton was"
00181191	co-option	act	8	4.66	semcor	act		the selection of a new member (usually by a vote of the existing membership)
00651813	contrast	act	10	4.46	semcor	work	word present in another sense	the act of distinguishing by comparing differences
00367768	extension	act	10	4.46	semcor	expansion	word present in another sense	"act of expanding in scope; making more widely available; ""extension of the program to all "
00302394	flight	act	6	4.86	semcor	act	word present in another sense	"an instance of traveling by air; ""flying was still an exciting adventure for him"""
03363059	flight	artifact	6	4.86	semcor	stairway	word present in another sense	a stairway (set of steps) between one floor or landing and the next
08220534	flight	group	6	4.86	semcor	group	word present in another sense	a formation of aircraft in flight
06692572	cheer	communication	14	4.06	semcor	information		a cry or shout of approval
08131530	Department_of_Defense	group	7	4.75	semcor	administrative-division		the federal department responsible for safeguarding national security of the United States
02671062	access	artifact	4	5.05	semcor	artifact	word present in another sense	"a way of entering or leaving; ""he took a wrong turn on the access to the bridge"""
02798290	base	artifact	4	5.05	semcor	facility	word present in another sense	"installation from which a military force initiates operations; ""the attack wiped out our f"
05129565	distance	attribute	6	4.85	semcor	magnitude	word present in another sense	"size of the gap between two places; ""the distance from New York to Chicago""; ""he determine"
01086081	giving	act	3	5.15	semcor	act	word present in another sense	the act of giving
05829782	joy	cognition	9	4.55	semcor	cognition	word present in another sense	"something or someone that provides a source of happiness; ""a joy to behold""; ""the pleasure"
03729951	material	artifact	5	4.95	semcor	equipment	word present in another sense	"things needed for doing or making something; ""writing materials""; ""useful teaching materia"
06370792	mystery	communication	10	4.45	semcor	fiction	word present in another sense	a story about a crime (usually murder) presented as a novel or play or movie
14856893	sewage	substance	19	3.55	semcor	waste		waste matter carried away in sewers or drains
00745637	evil	act	7	4.74	semcor	activity		morally objectionable behavior
06658118	floor	communication	5	4.94	semcor	argumentation	word present in another sense	"a lower limit; ""the government established a wage floor"""
07313636	injury	event	7	4.74	semcor	accident	word present in another sense	an accident that results in physical damage or hurt
00341243	reach	act	5	4.94	semcor	motion		the act of physically reaching or thrusting out
09985075	client	person	9	4.54	semcor	person		a person who seeks the advice of a lawyer
10372076	official	person	3	5.14	semcor	person	word present in another sense	"someone who administers the rules of a game or sport; ""the golfer asked for an official wh"
05816790	reading	cognition	3	5.14	semcor	cognition	word present in another sense	a datum about some physical state that is presented to a user by a meter or similar instru
07123012	scream	communication	13	4.14	semcor	cry		"sharp piercing cry; ""her screaming attracted the neighbors"""
01232842	visit	act	4	5.04	semcor	coming-together	word present in another sense	the act of visiting in an official capacity (as for an inspection)
09994943	dead_person	person	4	5.03	semcor	person		"someone who is no longer alive; ""I wonder what the dead person would have done"""
13954118	retirement	state	9	4.53	semcor	status	word present in another sense	the state of being retired from one's business or occupation
08480847	blue	group	3	5.13	semcor	organization	word present in another sense	"any organization or party whose uniforms or badges are blue; ""the Union army was a vast bl"
00634586	count	act	6	4.83	semcor	work		"the act of counting; reciting numbers in ascending order; ""the counting continued for seve"
14408086	difficulty	state	11	4.33	semcor	condition	word present in another sense	a condition or state of affairs almost beyond one's ability to deal with and requiring gre
07520411	horror	feeling	10	4.43	semcor	fear		intense and profound fear
03701391	machine_gun	artifact	8	4.63	semcor	gun		a rapidly firing automatic gun (often mounted)
06999436	picture	communication	3	5.13	semcor	information		"illustrations used to decorate or explain a text; ""the dictionary had many pictures"""
13816862	scale	relation	6	4.83	semcor	ratio	word present in another sense	"the ratio between the size of something and a representation of it; ""the scale of the map"""
05095691	size	attribute	3	5.13	semcor	attribute		the property resulting from being one of a series of graduated measurements (as of clothin
04895246	trust	attribute	3	5.13	semcor	trait	word present in another sense	"the trait of believing in the honesty and reliability of others; ""the experience destroyed"
00548326	acting	act	6	4.82	semcor	activity	word present in another sense	the performance of a part or role in a drama
07417644	crisis	event	8	4.62	semcor	event	word present in another sense	"a crucial stage or turning point in the course of something; ""after the crisis the patient"
05624042	endowment	cognition	19	3.52	semcor	cognition	word present in another sense	natural abilities or qualities
00415226	fashion	act	6	4.82	semcor	practice	word present in another sense	characteristic or habitual practice
15249636	generation	time	6	4.82	semcor	time-period		"the normal time between successive generations; ""they had to wait a generation for that pr"
00114431	pull	act	6	4.82	semcor	act		"the act of pulling; applying force to move something toward or with you; ""the pull up the "
08660934	target	location	6	4.82	semcor	topographic-point	word present in another sense	the location of the target that is to be hit
15256714	turn	time	1	5.32	zipf	concept		(sports) a division during which one team is on the offensive
08672738	village	location	6	4.82	semcor	settlement	word present in another sense	a settlement smaller than a town
14486274	despair	state	16	3.82	semcor	condition	word present in another sense	"a state in which all hope is lost or absent; ""in the depths of despair""; ""they were rescue"
05928513	interpretation	cognition	12	4.22	semcor	cognition	word present in another sense	a mental representation of the meaning or significance of something
05172322	weight	attribute	4	5.02	semcor	importance		"the relative importance granted to something; ""his opinion carries great weight""; ""the pro"
09921792	Church_Father	person	5	4.91	semcor	theologian	word present in another sense	(Christianity) any of about 70 theologians in the period from the 2nd to the 7th century w
05772667	analysis	cognition	5	4.91	semcor	thinking		the abstract separation of a whole into its constituent parts in order to study the parts 
05193338	color	attribute	5	4.91	semcor	attribute	word present in another sense	"interest and variety and intensity; ""the Puritan Period was lacking in color""; ""the charac"
05736149	evaluation	cognition	12	4.21	semcor	appraisal	word present in another sense	"an appraisal of the value of something; ""he set a high valuation on friendship"""
08145553	post_office	group	3	5.11	semcor	administrative-division		"a local branch where postal services are available"""
00182213	vote	act	3	5.11	semcor	act	word present in another sense	"the opinion of a group as determined by voting; ""they put the question to a vote"""
04592962	wing	artifact	8	4.61	semcor	stage	word present in another sense	a stage area out of sight of the audience
06944348	Russian	communication	4	5.01	semcor	natural-language		the Slavic language that is the official language of Russia
03387016	foundation	artifact	6	4.81	semcor	structure	word present in another sense	"lowest support of a structure; ""it was built on a base of solid rock""; ""he stood at the fo"
08178741	population	group	4	5.01	semcor	group	word present in another sense	"a group of organisms of the same species inhabiting a given area; ""they hired hunters to k"
04929976	treatment	attribute	4	5.01	semcor	attribute	word present in another sense	"a manner of dealing with something artistically; ""his treatment of space borrows from Ital"
01055165	camping	act	14	4.0	semcor	act		the act of encamping and living in tents in a camp
15097017	detergent	substance	22	3.2	semcor	agent	word present in another sense	a surface-active chemical widely used in industry and laundering
07366289	deviation	event	20	3.4	semcor	variation	word present in another sense	"a variation that deviates from the standard or norm; ""the deviation from the mean"""
09619168	female	person	4	5.0	semcor	person		a person who belongs to the sex that can have babies
10165957	hearing_examiner	person	19	3.5	semcor	official		an official appointed by a government agency to conduct an investigation or administrative
07305907	hell	event	3	5.1	semcor	trouble	word present in another sense	"a cause of difficulty and suffering; ""war is hell""; ""go to blazes"""
08161477	senate	group	6	4.8	semcor	legislature		assembly possessing high legislative powers
08378819	social_organization	group	6	4.8	semcor	system	word present in another sense	the people in a society considered as a system organized by a characteristic pattern of re
00330160	speed	act	4	5.0	semcor	act		changing location rapidly
00948737	water_development	act	3	5.1	semcor	activity		making an area of water more useful
04588365	window	artifact	6	4.8	semcor	artifact	word present in another sense	a transparent opening in a vehicle that allow vision out of the sides or back; usually is 
00124880	contact	act	4	4.99	semcor	act	word present in another sense	"the act of touching physically; ""her fingers came in contact with the light switch"""
10804287	young_buck	person	14	3.99	semcor	adolescent		a teenager or a young adult male
09732903	French	person	3	5.09	semcor	people		the people of France
00457723	attack	act	3	5.09	semcor	activity	word present in another sense	"an offensive move in a sport or game; ""they won the game with a 10-hit attack in the 9th i"
00773814	attack	act	3	5.09	semcor	crime	word present in another sense	"the act of attacking; ""attacks on women increased last year""; ""they made an attempt on his"
02945161	camp	artifact	6	4.79	semcor	housing	word present in another sense	"temporary lodgings in the country for travelers or vacationers; ""level ground is best for "
09893344	captain	person	5	4.89	semcor	leader	word present in another sense	"the leader of a group of people; ""a captain of industry"""
15228267	quarter-hour	time	8	4.59	semcor	time-unit		a quarter of an hour
06371999	short_story	communication	3	5.09	semcor	fiction		a prose narrative shorter than a novel
08253815	dinner	group	6	4.78	semcor	party	word present in another sense	"a party of people assembled to have dinner together; ""guests should never be late to a din"
00363260	increase	act	3	5.08	semcor	act	word present in another sense	"the act of increasing something; ""he gave me an increase in salary"""
07361576	killing	event	5	4.88	semcor	death		an event that causes someone to die
10283663	major-general	person	3	5.08	semcor	skilled-worker		a general officer ranking above a brigadier general and below a lieutenant general
08411170	private_school	group	3	5.08	semcor	school		a school established and controlled privately and supported by endowment and tuition
05952979	theory	cognition	5	4.88	semcor	belief	word present in another sense	"a belief that can guide behavior; ""the architect has a theory that more is less""; ""they ki"
05003090	walk	attribute	3	5.08	semcor	carriage		"manner of walking; ""he had a funny walk"""
08159924	York	group	0	5.37	zipf	royalty		the English royal house (a branch of the Plantagenet line) that reigned from 1461 to 1485;
05892096	assumption	cognition	13	4.07	semcor	hypothesis		"a hypothesis that is taken for granted; ""any society is built upon certain assumptions"""
07561112	diet	food	8	4.57	semcor	food	word present in another sense	a prescribed selection of foods
07287472	loss	event	3	5.07	semcor	event	word present in another sense	"the experience of losing a loved one; ""he sympathized on the loss of their grandfather"""
06148148	politics	cognition	5	4.87	semcor	social-science	word present in another sense	the study of government of states and other political units
05353819	pulmonary_artery	body	21	3.27	semcor	tube		one of two arteries (branches of the pulmonary trunk) that carry venous blood from the hea
07277697	voice	communication	3	5.07	semcor	information	word present in another sense	"something suggestive of speech in being a medium of expression; ""the wee small voice of co"
15142167	birth	time	6	4.77	semcor	commencement	word present in another sense	"the time when something begins (especially life); ""they divorced after the birth of the ch"
07289956	episode	event	4	4.97	semcor	event	word present in another sense	a happening that is distinctive in a series of related events
15278132	flux	time	18	3.57	semcor	relation	word present in another sense	the rate of flow of energy or particles across a given surface
03417749	garden	artifact	6	4.77	semcor	yard	word present in another sense	a yard or lawn adjoining a house
07046339	movement	communication	4	4.97	semcor	musical-composition	word present in another sense	"a major self-contained part of a symphony or sonata; ""the second movement is slow and melo"
08643933	safety	location	4	4.97	semcor	region	word present in another sense	"a safe place; ""He ran to safety"""
05561507	leg	body	7	4.66	semcor	limb	word present in another sense	a structure in animals that is similar to a human leg and used for locomotion
06309931	subject	communication	4	4.96	semcor	language	word present in another sense	(grammar) one of the two main constituents of a sentence; the grammatical constituent abou
04425804	third_base	artifact	5	4.86	semcor	equipment		"the base that must be touched third by a base runner in baseball; ""he was cut down on a cl"
08562067	Earth	location	3	5.06	semcor	place	word present in another sense	"the abode of mortals (as contrasted with Heaven or Hell); ""it was hell on earth"""
00077419	acquisition	act	11	4.26	semcor	act	word present in another sense	"the act of contracting or assuming or acquiring possession of something; ""the acquisition "
00868196	crying	act	8	4.56	semcor	organic-process		the process of shedding tears (usually accompanied by sobs or other inarticulate sounds); 
00411048	practice	act	3	5.06	semcor	act	word present in another sense	"translating an idea into action; ""a hard theory to put into practice""; ""differences betwee"
13165646	stick	plant	6	4.76	semcor	branch	word present in another sense	a small thin branch of a tree
06255081	vehicle	communication	6	4.76	semcor	storage-medium	word present in another sense	"a medium for the expression or achievement of something; ""his editorials provided a vehicl"
07523905	anxiety	feeling	9	4.45	semcor	emotion	word present in another sense	a vague unpleasant emotion that is experienced in anticipation of some (usually ill-define
14618253	base	substance	3	5.05	semcor	compound	word present in another sense	any of various water-soluble compounds capable of turning litmus blue and reacting with an
05798569	control_condition	cognition	6	4.75	semcor	idea	word present in another sense	"a standard against which other conditions can be compared in a scientific experiment; ""the"
05094725	depth	attribute	8	4.55	semcor	degree		degree of psychological or intellectual profundity
08070465	insurance_company	group	5	4.85	semcor	institution		a financial institution that sells insurance
08283507	medical_school	group	3	5.05	semcor	school		a graduate school offering study leading to a medical degree
07164546	offer	communication	3	5.05	semcor	information	word present in another sense	"something offered (as a proposal or bid); ""noteworthy new offerings for investors included"
15139552	pass	time	3	5.05	semcor	leave	word present in another sense	"(military) a written leave of absence; ""he had a pass for three days"""
05844881	species	cognition	5	4.85	semcor	category	word present in another sense	"a specific kind of something; ""a species of molecule""; ""a species of villainy"""
02789487	bar	artifact	4	4.94	semcor	counter	word present in another sense	"a counter where you can obtain food or drink; ""he bought a hot dog and a coke at the bar"""
11412592	by-product	phenomenon	4	4.94	semcor	consequence		a secondary and sometimes unexpected consequence
08511970	bottom	location	5	4.84	semcor	place	word present in another sense	"the lowest part of anything; ""they started at the bottom of the hill"""
05988498	dark	cognition	3	5.04	semcor	ignorance	word present in another sense	"an unenlightened state; ""he was in the dark concerning their intentions""; ""his lectures di"
01083077	distribution	act	7	4.64	semcor	act		the act of distributing or spreading or apportioning
05036394	intensity	attribute	12	4.14	semcor	degree		high level or degree; the property of being intense
07082819	note	communication	3	5.04	semcor	tone	word present in another sense	"a tone of voice that shows what the speaker is feeling; ""there was a note of uncertainty i"
07654667	piece	food	3	5.04	semcor	helping	word present in another sense	"a serving that has been cut from a larger portion; ""a piece of pie""; ""a slice of bread"""
04076846	representation	artifact	10	4.34	semcor	artifact		a creation that is a visual or tangible rendering of someone or something
05926676	representation	cognition	10	4.34	semcor	cognition		a presentation to the mind in the form of an idea or image
07123404	war_cry	communication	8	4.54	semcor	cry		a yell intended to rally a group of soldiers in battle
06966825	Spanish	communication	6	4.73	semcor	natural-language		the Romance language spoken in most of Spain and the countries colonized by Spain
08642632	presence	location	6	4.73	semcor	region	word present in another sense	"the immediate proximity of someone or something; ""she blushed in his presence""; ""he sensed"
13837200	price_war	relation	3	5.03	semcor	relation	word present in another sense	intense competition in which competitors cut retail prices to gain business
00433216	sport	act	6	4.73	semcor	occupation	word present in another sense	the occupation of athletes who compete for pay
15263045	tonight	time	3	5.03	semcor	nowadays		the present or immediately coming night
03074574	column	artifact	10	4.33	semcor	tubing	word present in another sense	a vertical glass tube used in column chromatography; a mixture is poured in the top and wa
03727274	master	artifact	4	4.93	semcor	artifact		an original creation (i.e., an audio recording) from which copies can be made
05713524	vision	cognition	7	4.63	semcor	perception	word present in another sense	"the perceptual experience of seeing; ""the runners emerged from the trees into his clear vi"
07250034	commercial	communication	4	4.92	semcor	ad		a commercially sponsored ad on radio or television
05898171	ghost	cognition	9	4.42	semcor	semblance	word present in another sense	"a mental representation of some haunting experience; ""he looked like he had seen a ghost"";"
05752544	learning	cognition	4	4.92	semcor	cognition	word present in another sense	"the cognitive process of acquiring skill or knowledge; ""the child's acquisition of languag"
00112312	push	act	5	4.82	semcor	act		"the act of applying force in order to move something away; ""he gave the door a hard push"";"
04571088	weight	artifact	3	5.02	semcor	artifact		an artifact that is heavy
09679316	Protestant	person	15	3.81	semcor	person		an adherent of Protestantism
00874806	evaluation	act	11	4.21	semcor	judgment		act of ascertaining or fixing the value or worth of
07513035	feelings	feeling	6	4.71	semcor	sensitivity		emotional or moral sensitivity (especially in relation to personal principles or dignity);
09180431	urge	motive	12	4.11	semcor	motivation	word present in another sense	"an instinctive motive; ""profound religious impulses"""
14778436	agent	substance	5	4.81	semcor	agent	word present in another sense	a substance that exerts some force or effect
14421139	association	state	3	5.01	semcor	state	word present in another sense	"the state of being connected together as in memory or imagination; ""his association of his"
08325686	committee	group	3	5.01	semcor	organization	word present in another sense	a self-constituted organization to promote something
13875185	disk	shape	13	4.01	semcor	shape	word present in another sense	"something with a round shape resembling a flat circular plate; ""the moon's disk hung in a "
09269882	draw	object	5	4.81	semcor	gully	word present in another sense	a gully that is shallower than a ravine
06508112	minutes	communication	0	5.31	zipf	indication		a written account of what transpired at a meeting
07019172	musical	communication	8	4.51	semcor	film		a play or film whose action and dialogue is interspersed with singing and dancing
11494472	potential_energy	phenomenon	5	4.81	semcor	physical-phenomenon		the mechanical energy that a body has by virtue of its position; stored energy
01321456	adult	animal	5	4.8	semcor	animal	word present in another sense	any mature animal
15152817	adulthood	time	17	3.6	semcor	time-period		the period of time in your life after your physical growth has stopped and you are fully d
05145573	average_cost	attribute	4	4.9	semcor	worth		total cost for all units bought (or produced) divided by the number of units
00235435	beginning	act	3	5.0	semcor	act	word present in another sense	"the act of starting something; ""he was responsible for the beginning of negotiations"""
13816521	content	relation	3	5.0	semcor	ratio		the proportion of a substance that is contained in a mixture or alloy etc.
00037200	credit	act	3	5.0	semcor	accomplishment	word present in another sense	used in the phrase `to your credit' in order to indicate an achievement deserving praise; 
08273843	crowd	group	6	4.7	semcor	group	word present in another sense	"an informal body of friends; ""he still hangs out with the same crowd"""
15287830	cycle	time	7	4.6	semcor	amount	word present in another sense	"an interval during which a recurring sequence of events occurs; ""the never-ending cycle of"
09542339	devil	person	10	4.3	semcor	disembodied-spirit		an evil supernatural being
04703235	focus	attribute	3	5.0	semcor	attribute		"maximum clarity or distinctness of an image rendered by an optical system; ""in focus""; ""ou"
08080025	football_team	group	3	5.0	semcor	team		a team that plays football
03763403	military_post	artifact	3	5.0	semcor	facility		"military installation at which a body of troops is stationed; ""this military post provides"
05703429	notice	cognition	4	4.9	semcor	cognition	word present in another sense	"the act of noticing or paying attention; ""he escaped the notice of the police"""
06316048	phrase	communication	10	4.3	semcor	language		an expression consisting of one or more words forming a grammatical constituent of a sente
00928371	planning	act	4	4.9	semcor	creation		the act or process of drawing up plans or layouts for some project or enterprise
04039848	radar	artifact	11	4.2	semcor	instrument	word present in another sense	measuring instrument in which the echo of a pulse of microwave radiation is used to detect
07338681	blow	event	7	4.59	semcor	impact	word present in another sense	"an impact (as from a collision); ""the bump threw him off the bicycle"""
03485997	handle	artifact	5	4.79	semcor	physical-object	word present in another sense	"the appendage to an object that is designed to be held in order to use or move it; ""he gra"
09624168	male	person	4	4.89	semcor	person		a person who belongs to the sex that cannot have babies
13956097	reality	state	4	4.89	semcor	state	word present in another sense	"the state of the world as it really is rather than as you might want it to be; ""businessme"
08312241	town_meeting	group	4	4.89	semcor	government		government of a town by an assembly of the qualified voters
14456054	vacuum	state	12	4.09	semcor	condition	word present in another sense	the absence of matter
04623113	nature	attribute	3	4.98	semcor	trait	word present in another sense	the complex of emotional and intellectual attributes that determine a person's characteris
09680136	non-Catholic	person	8	4.48	semcor	person		a religious person who is not a Catholic
08121542	police_department	group	3	4.98	semcor	administrative-division		the department of local government concerned with enforcing the law and preventing crime
04415815	test_room	artifact	3	4.98	semcor	room		a room in which tests are conducted
05644527	efficiency	cognition	9	4.38	semcor	state		"skillfulness in avoiding wasted time and effort; ""she did the work with great efficiency"""
03391301	frame	artifact	7	4.58	semcor	structure		the framework for a pair of eyeglasses
00138221	kiss	act	7	4.58	semcor	act		the act of caressing with the lips (or an instance thereof)
00285889	pace	act	9	4.38	semcor	act	word present in another sense	a step in walking or running
08323301	appeal_board	group	7	4.57	semcor	board-of-directors		a board of officials that are not judicial but are appointed to hear appeals
06315638	complement	communication	15	3.77	semcor	language		a word or phrase used to complete a grammatical construction
05895723	mistake	cognition	6	4.67	semcor	idea	word present in another sense	"an understanding of something that is not correct; ""he wasn't going to admit his mistake"";"
08615926	parts	location	2	5.07	zipf	environment		"the local environment; ""he hasn't been seen around these parts in years"""
06501311	platform	communication	6	4.67	semcor	document	word present in another sense	"a document stating the aims and principles of a political party; ""their candidate simply i"
00811355	storage	act	7	4.57	semcor	activity	word present in another sense	the act of storing something
05823517	background	cognition	5	4.77	semcor	cognition	word present in another sense	"information that is essential to understanding a situation or problem; ""the embassy filled"
13302001	cost_of_living	possession	3	4.97	semcor	outgo		"average cost of basic necessities of life (as food and shelter and clothing); ""a rise in t"
06396330	episode	communication	3	4.97	semcor	music	word present in another sense	a brief section of a literary or dramatic work that forms part of a connected series
05762998	recognition	cognition	8	4.47	semcor	cognition	word present in another sense	"the process of recognizing something or someone by remembering; ""a politician whose recall"
04144782	scene	artifact	3	4.97	semcor	fine-art	word present in another sense	graphic art consisting of the graphic or photographic representation of a visual percept; 
00712225	application	act	4	4.86	semcor	labor	word present in another sense	"the work of applying something; ""the doctor prescribed a topical application of iodine""; """
09890749	candidate	person	6	4.66	semcor	person		someone who is considered for something (for an office or prize or honor etc.)
00385791	division	act	4	4.86	semcor	act	word present in another sense	the act or process of dividing
08390157	infantry	group	13	3.96	semcor	military-unit	word present in another sense	"an army unit consisting of soldiers who fight on foot; ""there came ten thousand horsemen a"
00724168	third_base	act	4	4.86	semcor	role		the fielding position of the player on a baseball team who is stationed near the third of 
01217859	employment	act	7	4.56	semcor	act	word present in another sense	the act of giving someone a job
06259898	channel	communication	4	4.85	semcor	communication	word present in another sense	"a path over which electrical signals can pass; ""a channel is typically what you rent from "
05175904	claim	attribute	3	4.95	semcor	concept	word present in another sense	"an informal right to something; ""his claim on her attentions""; ""his title to fame"""
05763412	identity	cognition	6	4.65	semcor	cognition	word present in another sense	"the individual characteristics by which a thing or person is recognized or known; ""genetic"
05797597	inquiry	cognition	10	4.25	semcor	thinking	word present in another sense	"a search for knowledge; ""their pottery deserves more research than it has received"""
03636248	lamp	artifact	12	4.05	semcor	device	word present in another sense	an artificial source of visible illumination
05845562	manner	cognition	7	4.55	semcor	category	word present in another sense	"a kind; ""what manner of man are you?"""
00391599	removal	act	9	4.35	semcor	act		"the act of removing; ""he had surgery for the removal of a malignancy"""
13931765	sexual_relationship	state	6	4.65	semcor	relationship		a relationship involving sexual intimacy
07130050	speech	communication	4	4.85	semcor	information	word present in another sense	"something spoken; ""he could hear them uttering merry speeches"""
04802907	accuracy	attribute	10	4.24	semcor	attribute	word present in another sense	"the quality of being near to the true value; ""he was beginning to doubt the accuracy of hi"
05793000	explanation	cognition	8	4.44	semcor	thinking	word present in another sense	thought that makes something comprehensible
08615638	parking_lot	location	8	4.44	semcor	lot	word present in another sense	a lot where cars are parked
03550153	hut	artifact	14	3.84	semcor	structure		temporary military shelter
05955323	principle	cognition	9	4.34	semcor	ideal-value	word present in another sense	"a rule or standard especially of good behavior; ""a man of principle""; ""he will not violate"
00959376	brush	act	10	4.23	semcor	fight	word present in another sense	a minor short-term fight
07307754	discharge	event	13	3.93	semcor	event		the sudden giving off of energy
08184600	mob	group	12	4.03	semcor	crowd		a disorderly crowd of people
08633957	port	location	5	4.73	semcor	geographic-point		a place (seaport or airport) where people and merchandise can enter or leave a country
14410089	stress	state	5	4.73	semcor	condition		"difficulty that causes worry or emotional tension; ""she endured the stresses and strains o"
05749619	taste	cognition	5	4.73	semcor	cognition	word present in another sense	"delicate discrimination (especially of aesthetic values); ""arrogance and lack of taste con"
04473432	transportation_system	artifact	7	4.53	semcor	facility	word present in another sense	a facility consisting of the means and equipment necessary for the movement of passengers 
08696931	European_country	location	3	4.93	semcor	district		any one of the countries occupying the European continent
08253141	dance	group	3	4.93	semcor	party		a party of people assembled for dancing
14174549	infection	state	9	4.33	semcor	condition	word present in another sense	the pathological state resulting from the invasion of the body by pathogenic microorganism
08272652	score	group	4	4.83	semcor	set	word present in another sense	"a set of twenty members; ""a score were sent out but only one returned"""
05853449	surface	cognition	4	4.83	semcor	aspect	word present in another sense	"a superficial aspect as opposed to the real nature of something; ""it was not what it appea"
00104539	throw	act	4	4.83	semcor	act		"the act of throwing (propelling something with a rapid movement of the arm and wrist); ""th"
00001740	entity	tops	11	4.12	semcor			that which is perceived or known or inferred to have its own distinct existence (living or
07372565	fuss	event	16	3.62	semcor	activity	word present in another sense	"an angry disturbance; ""he didn't want to make a fuss""; ""they had labor trouble""; ""a spot o"
01323781	giant	animal	6	4.62	semcor	animal	word present in another sense	any creature of exceptional size
14484778	hearing	state	4	4.82	semcor	opportunity	word present in another sense	"an opportunity to state your case and be heard; ""they condemned him without a hearing""; ""h"
01136519	organization	act	3	4.92	semcor	management	word present in another sense	"the act of organizing a business or an activity related to a business; ""he was brought in "
08461595	stream	group	6	4.62	semcor	group	word present in another sense	"dominant course (suggestive of running water) of successive events or ideas; ""two streams "
08295580	United_Nations	group	5	4.72	semcor	organization		an organization of independent states formed in 1945 to promote international peace and se
10786033	witness	person	7	4.52	semcor	perceiver	word present in another sense	someone who sees an event and reports what happened
15196537	Christmas	time	3	4.91	semcor	time-period		period extending from Dec. 24 to Jan. 6
04988478	color	attribute	3	4.91	semcor	attribute	word present in another sense	"the timbre of a musical sound; ""the recording fails to capture the true color of the origi"
09941964	commanding_officer	person	14	3.81	semcor	skilled-worker		an officer in command of a military unit
15008607	rain	substance	5	4.71	semcor	water	word present in another sense	drops of fresh water that fall as precipitation from clouds
04230093	skin	artifact	3	4.91	semcor	artifact	word present in another sense	"an outer surface (usually thin); ""the skin of an airplane"""
04931428	touch	attribute	3	4.91	semcor	attribute	word present in another sense	"a distinguishing style; ""this room needs a woman's touch"""
07164163	touch	communication	3	4.91	semcor	suggestion	word present in another sense	"a suggestion of some quality; ""there was a touch of sarcasm in his tone""; ""he detected a g"
06217103	democracy	cognition	7	4.51	semcor	political-orientation	word present in another sense	the political orientation of those who favor government by the people or by their elected 
04981658	ring	attribute	4	4.81	semcor	attribute	word present in another sense	"a characteristic sound; ""it has the ring of sincerity"""
08119525	sales_department	group	4	4.81	semcor	administrative-division		the division of a business that is responsible for selling products or services
13563522	supply	process	4	4.81	semcor	process	word present in another sense	offering goods and services for sale
00742645	waste	act	4	4.81	semcor	activity	word present in another sense	useless or profitless activity; using or expending or consuming thoughtlessly or carelessl
06976392	Greek	communication	7	4.5	semcor	natural-language		the Hellenic branch of the Indo-European family of languages
09877951	buddy	person	8	4.4	semcor	person	word present in another sense	a close friend who accompanies his buddies in their activities
05197797	command	attribute	5	4.7	semcor	attribute	word present in another sense	"the power or authority to command; ""an admiral in command"""
00428270	dancing	act	7	4.5	semcor	activity	word present in another sense	taking a series of rhythmical steps (and movements) in time to music
08244062	gang	group	7	4.5	semcor	association	word present in another sense	"an association of criminals; ""police tried to break up the gang""; ""a pack of thieves"""
13257098	gross_national_product	possession	9	4.3	semcor	worth		former measure of the United States economy; the total market value of goods and services 
03650173	layer	artifact	8	4.4	semcor	artifact	word present in another sense	"single thickness of usually some homogeneous substance; ""slices of hard-boiled egg on a be"
15280346	miles_per_hour	time	5	4.7	semcor	relation		the ratio of the distance traveled (in miles) to the time spent traveling (in hours)
06317464	part_of_speech	communication	4	4.8	semcor	collection		one of the traditional categories of words intended to reflect their functions in a gramma
06226057	Christianity	cognition	10	4.19	semcor	religion		a monotheistic system of beliefs and practices based on the Old Testament and the teaching
08426461	formation	group	7	4.49	semcor	group	word present in another sense	"an arrangement of people or things acting as a unit; ""a defensive formation""; ""a formation"
00248977	improvement	act	7	4.49	semcor	act	word present in another sense	"the act of improving something; ""their improvements increased the value of the property"""
10801291	writer	person	5	4.69	semcor	person	word present in another sense	a person who is able to write and has written something
14541044	danger	state	6	4.59	semcor	agent	word present in another sense	"a cause of pain or injury or loss; ""he feared the dangers of traveling by air"""
07936459	ice_water	food	3	4.89	semcor	drink		water served ice-cold or with ice
00545501	singing	act	6	4.59	semcor	performing		the act of singing vocal music
15278825	growth_rate	time	4	4.78	semcor	relation		the rate of increase in size per unit time
00225150	shooting	act	4	4.78	semcor	act	word present in another sense	"killing someone by gunfire; ""when the shooting stopped there were three dead bodies"""
13913849	branch	shape	6	4.58	semcor	shape	word present in another sense	"a part of a forked or branching shape; ""he broke off one of the branches"""
07231294	challenge	communication	3	4.88	semcor	act	word present in another sense	a call to engage in a contest or fight
05866653	intersection	cognition	13	3.88	semcor	concept	word present in another sense	a point where lines intersect
11527177	X_ray	phenomenon	6	4.57	semcor	physical-phenomenon		electromagnetic radiation of short wavelength produced when high-speed electrons strike a 
13440063	bodily_process	process	14	3.77	semcor	organic-process	word present in another sense	"an organic process that takes place in the body; ""respiratory activity"""
00522145	exhibition	act	8	4.37	semcor	entertainment	word present in another sense	"the act of exhibiting; ""a remarkable exhibition of musicianship"""
00087423	grant	act	5	4.67	semcor	act	word present in another sense	the act of providing a subsidy
03961939	platform	artifact	5	4.67	semcor	artifact		"a raised horizontal surface; ""the speaker mounted the platform"""
00611972	politics	act	3	4.87	semcor	profession	word present in another sense	the profession devoted to governing and to political affairs
07390400	pop	event	3	4.87	semcor	event	word present in another sense	a sharp explosive sound as from a gunshot or drawing a cork
07444668	shift	event	6	4.57	semcor	event	word present in another sense	an event in which something is displaced without rotation
13947415	social_station	state	3	4.87	semcor	status	word present in another sense	"position in a social hierarchy; ""the British are more aware of social status than American"
05696425	substitute	cognition	10	4.17	semcor	cognition		a person or thing that takes or can take the place of another
00639975	testing	act	5	4.67	semcor	experiment		the act of subjecting to experimental test in order to determine how well something works;
01385527	host	animal	4	4.77	semcor	organism	word present in another sense	an animal or plant that nourishes and supports a parasite; it does not benefit and is ofte
14433361	leadership	state	4	4.77	semcor	status	word present in another sense	"the status of a leader; ""they challenged his leadership of the union"""
00565302	stroke	act	9	4.27	semcor	act	word present in another sense	(sports) the act of swinging or striking at a ball with a club or racket or bat or cue or 
15027189	antibody	substance	17	3.46	semcor	protein		any of a large variety of proteins normally present in the body or produced in response to
00217014	destruction	act	8	4.36	semcor	act	word present in another sense	the termination of something by causing so much damage to it that it cannot be repaired or
08220440	flight	group	3	4.86	semcor	military-unit	word present in another sense	an air force unit smaller than a squadron
03526805	hole	artifact	5	4.66	semcor	amount	word present in another sense	"one playing period (from tee to green) on a golf course; ""he played 18 holes"""
03660909	library	artifact	3	4.86	semcor	room	word present in another sense	"a room where books are kept; ""they had brandy in the library"""
14493145	poverty	state	7	4.46	semcor	condition		the state of having little or no money and few or no material possessions
06417598	reference_book	communication	5	4.66	semcor	book	word present in another sense	"a book to which you can refer for authoritative facts; ""he contributed articles to the bas"
13875027	sector	shape	5	4.66	semcor	shape	word present in another sense	a plane figure bounded by two radii and the included arc of a circle
13948136	standing	state	3	4.86	semcor	status		"social or financial or professional status or reputation; ""of equal standing""; ""a member i"
09867956	boss	person	4	4.76	semcor	employer		"a person responsible for hiring workers; ""the boss hired three more men for the new job"""
00173761	instrument	act	9	4.26	semcor	act	word present in another sense	"the means whereby some act is accomplished; ""my greed was the instrument of my destruction"
05967977	magic	cognition	4	4.76	semcor	belief		any art that invokes supernatural powers
07185325	request	communication	4	4.76	semcor	act	word present in another sense	the verbal act of requesting
07424109	revolution	event	6	4.56	semcor	change	word present in another sense	"a drastic and far-reaching change in ways of thinking and behaving; ""the industrial revolu"
04565039	ways	artifact	1	5.06	zipf	structure		structure consisting of a sloping way down to the water from the place where ships are bui
14716997	brass	substance	11	4.05	semcor	alloy		an alloy of copper and zinc
07496463	distress	feeling	12	3.95	semcor	painfulness	word present in another sense	"psychological suffering; ""the death of his wife caused him great distress"""
05199286	effectiveness	attribute	11	4.05	semcor	attribute		power to be effective; the quality of being able to bring about an effect
01109467	exchange	act	3	4.85	semcor	transaction	word present in another sense	"the act of giving something in return for something received; ""deductible losses on sales "
01191975	finding	act	3	4.85	semcor	judgement		the decision of a court on issues of fact or law
07412092	flash	event	7	4.45	semcor	event	word present in another sense	a sudden intense burst of radiant energy
13256691	gross	possession	7	4.45	semcor	possession	word present in another sense	the entire amount of income before any deductions are made
13310230	income_tax	possession	4	4.75	semcor	tax		a personal tax levied on annual income
06691083	pass	communication	1	5.05	zipf	permission	word present in another sense	"any authorization to pass or go somewhere; ""the pass to visit had a strict time limit"""
13245626	personal_property	possession	3	4.85	semcor	belongings		movable property (as distinguished from real estate)
01209220	relief	act	6	4.55	semcor	assist	word present in another sense	"assistance in time of difficulty; ""the contributions provided some relief for the victims"""
00437929	split	act	5	4.65	semcor	accomplishment	word present in another sense	extending the legs at right angles to the trunk (one in front and the other in back)
05144663	evil	attribute	4	4.74	semcor	attribute		"that which causes harm or destruction or misfortune; ""the evil that men do lives after the"
05923696	ideal	cognition	7	4.44	semcor	idea	word present in another sense	the idea of something that is perfect; something that one hopes to attain
10259225	lieutenant	person	7	4.44	semcor	person		an officer in a police force
07575984	supper	food	14	3.74	semcor	meal		a light evening meal; served in early evening if dinner is at midday or served late in the
01061333	demand	act	3	4.84	semcor	activity	word present in another sense	"the act of demanding; ""the kidnapper's exorbitant demands for money"""
03773504	missile	artifact	10	4.14	semcor	rocket		a rocket carrying a warhead of conventional or nuclear explosives; may be ballistic or dir
03977678	police_station	artifact	3	4.84	semcor	station-facility		a station that serves as headquarters for police in a particular district; serves as a pla
05225602	structure	body	3	4.84	semcor	body-part	word present in another sense	"a particular complex anatomical part of a living thing; ""he has good bone structure"""
05832745	burden	cognition	9	4.23	semcor	cognition	word present in another sense	"an onerous or difficult concern; ""the burden of responsibility""; ""that's a load off my min"
03463381	ground_floor	artifact	4	4.73	semcor	storey		the floor of a building that is at or nearest to the level of the ground around the buildi
10373525	Federal	person	0	5.13	zipf	federal-agent		any federal law-enforcement officer
09936892	college_student	person	3	4.83	semcor	student		a student enrolled in a college or university
06268567	column	communication	8	4.33	semcor	article	word present in another sense	an article giving opinions or perspectives
05657999	ear	cognition	7	4.43	semcor	sense	word present in another sense	"good hearing; ""he had a keen ear""; ""a good ear for pitch"""
14482968	prospect	state	10	4.13	semcor	potential		"the possibility of future success; ""his prospects as a writer are excellent"""
13421462	budget	possession	3	4.82	semcor	plan	word present in another sense	"a summary of intended expenditures along with proposals for how to meet them; ""the preside"
08453464	civil_law	group	3	4.82	semcor	jurisprudence		the body of laws established by a state or nation for its own regulation
06365102	literature	communication	5	4.62	semcor	information	word present in another sense	"published writings in a particular style on a particular subject; ""the technical literatur"
11498203	push	phenomenon	3	4.82	semcor	physical-phenomenon		"the force used in pushing; ""the push of the water on the walls of the tank""; ""the thrust o"
04394261	target	artifact	3	4.82	semcor	equipment	word present in another sense	sports equipment consisting of an object set up for a marksman or archer to aim at
08068597	Hollywood	group	6	4.52	semcor	organization		the film industry of the United States
02950256	cannon	artifact	11	4.02	semcor	artifact		a large artillery gun that is usually on wheels
06635944	details	communication	2	4.91	zipf	information		"true confidential information; ""after the trial he gave us the real details"""
00380083	mix	act	4	4.71	semcor	act	word present in another sense	"the act of mixing together; ""paste made by a mix of flour and water""; ""the mixing of sound"
07359599	transformation	event	9	4.21	semcor	change	word present in another sense	a qualitative change
03233423	draw	artifact	3	4.81	semcor	physical-object	word present in another sense	"anything (straws or pebbles etc.) taken or chosen at random; ""the luck of the draw""; ""they"
00324384	rise	act	3	4.81	semcor	act	word present in another sense	the act of changing location in an upward direction
07480790	soul	feeling	3	4.81	semcor	feeling		deep feeling or emotion
07445896	spread	event	3	4.81	semcor	event	word present in another sense	process or result of distributing or extending over a wide expanse of space
04446276	toilet	artifact	8	4.31	semcor	room	word present in another sense	a room or building equipped with one or more toilets
14491271	wealth	state	6	4.51	semcor	condition	word present in another sense	the state of being rich and affluent; having a plentiful supply of material goods and mone
14324274	agony	state	15	3.6	semcor	physical-pain	word present in another sense	a state of acute pain
06876309	gesture	communication	12	3.9	semcor	information	word present in another sense	the use of movements (especially of the hands) to communicate familiar or prearranged sign
05827684	stimulation	cognition	14	3.7	semcor	cognition	word present in another sense	any stimulating information or event; acts to arouse action
04588587	window	artifact	3	4.8	semcor	panel	word present in another sense	a transparent panel (as of an envelope) inserted in an otherwise opaque material
07321772	appearance	event	4	4.69	semcor	event	word present in another sense	the event of coming into sight
00163779	appointment	act	6	4.49	semcor	act	word present in another sense	"the act of putting a person into a non-elective position; ""the appointment had to be appro"
05748285	differentiation	cognition	16	3.49	semcor	cognition	word present in another sense	"a discrimination between things as different and distinct; ""it is necessary to make a dist"
09620794	native	person	4	4.69	semcor	person		"an indigenous person who was born in a particular place; ""the art of the natives of the no"
07508486	pride	feeling	6	4.49	semcor	feeling	word present in another sense	a feeling of self-respect and personal worth
05864177	random_variable	cognition	11	3.99	semcor	variable	word present in another sense	a variable quantity that is random
02404186	beef	animal	8	4.29	semcor	cattle	word present in another sense	cattle that are reared for their meat
07144834	press_conference	communication	3	4.78	semcor	information		a conference at which press and tv reporters ask questions of a politician or other celebr
07440240	rush	event	6	4.48	semcor	event		a sudden forceful flow
06455138	Gospel	communication	9	4.18	semcor	information		the four books in the New Testament (Matthew, Mark, Luke, and John) that tell the story of
09539517	Michael	person	0	5.08	zipf	angel		(Old Testament) the guardian archangel of the Jews
03234306	drawing	artifact	5	4.58	semcor	artifact	word present in another sense	"a representation of forms or objects on a surface by means of lines; ""drawings of abstract"
00785959	experiment	act	7	4.38	semcor	undertaking	word present in another sense	"a venture at something new or different; ""as an experiment he decided to grow a beard"""
05156319	favor	attribute	5	4.58	semcor	asset	word present in another sense	"an advantage to the benefit of someone or something; ""the outcome was in his favor"""
14873641	formulation	substance	16	3.48	semcor	compound		"a substance prepared according to a formula; ""the physician prescribed a commercial prepar"
03391464	frame	artifact	5	4.58	semcor	photograph		a single one of a series of still transparent pictures forming a cinema, television or vid
13861934	picture_plane	shape	5	4.58	semcor	geometric-plane		the plane that is in the foreground of a drawing or painting; coextensive with but differe
10453533	pope	person	7	4.38	semcor	leader		the head of the Roman Catholic Church
06627623	Christmas_card	communication	4	4.67	semcor	greeting-card		a card expressing a Christmas greeting
08279298	academy	group	5	4.57	semcor	school	word present in another sense	a secondary school (usually private)
00171249	device	act	4	4.67	semcor	act	word present in another sense	"any clever maneuver; ""he would stoop to any device to win a point""; ""it was a great sales "
06802785	hint	communication	10	4.07	semcor	indication	word present in another sense	a slight indication
13556893	smoke	process	4	4.67	semcor	process	word present in another sense	"a hot vapor containing fine particles of carbon being produced by combustion; ""the fire pr"
00644702	testing	act	4	4.67	semcor	work		"an examination of the characteristics of something; ""there are laboratories for commercial"
06278136	audio	communication	6	4.47	semcor	information	word present in another sense	"the audible part of a transmitted signal; ""they always raise the audio for commercials"""
02899808	bridge	artifact	3	4.77	semcor	device	word present in another sense	a circuit consisting of two branches (4 arms arranged in a diamond configuration) across w
03003730	chamber	artifact	6	4.47	semcor	enclosure		a natural or artificial enclosed space
05900263	defense_program	cognition	3	4.77	semcor	method		a program for defending a country against its enemies
04752859	gap	attribute	6	4.47	semcor	attribute	word present in another sense	"a conspicuous disparity or difference as between two figures; ""gap between income and outg"
08183802	host	group	3	4.77	semcor	army	word present in another sense	archaic terms for army
05617310	leadership	cognition	3	4.77	semcor	cognition	word present in another sense	"the ability to lead; ""he believed that leadership can be taught"""
05133107	length	attribute	3	4.77	semcor	magnitude		"the property of being the extent of something from beginning to end; ""the editor limited t"
13512506	mechanism	process	8	4.27	semcor	chemical-process	word present in another sense	"the atomic process that occurs during a chemical reaction; ""he determined unique mechanism"
09403333	radio_source	object	3	4.77	semcor	natural-object		an object that radiates radio waves
00488225	card_game	act	1	4.96	zipf	game		a game played with playing cards
01014066	collection	act	1	4.96	zipf	activity	word present in another sense	the act of gathering something together
06689667	consent	communication	7	4.36	semcor	permission		"permission to do something; ""he indicated his consent"""
06606044	moral	communication	6	4.46	semcor	meaning	word present in another sense	"the significance of a story or event; ""the moral of the story is to love thy neighbor"""
07009946	script	communication	7	4.36	semcor	information	word present in another sense	a written version of a play or other dramatic composition; used in preparing for a perform
07966719	sector	group	4	4.66	semcor	group	word present in another sense	"a social group that forms part of the society or the economy; ""the public sector"""
13984613	shade	state	9	4.16	semcor	dark	word present in another sense	"relative darkness caused by light rays being intercepted by an opaque body; ""it is much co"
13978344	storm	state	4	4.66	semcor	disturbance	word present in another sense	"a violent commotion or disturbance; ""the storms that had characterized their relationship "
04494204	tube	artifact	7	4.36	semcor	device	word present in another sense	electronic device consisting of a system of electrodes arranged in an evacuated glass or m
04553389	wash	artifact	6	4.46	semcor	paint		a thin coat of water-base paint
14820425	conjugate_solution	substance	22	2.86	semcor	chemical-solution		a mixture of two partially miscible liquids A and B produces two conjugate solutions: one 
13128003	crown	plant	5	4.56	semcor	place	word present in another sense	the upper branches and leaves of a tree or other plant
08161591	United_States_Senate	group	4	4.65	semcor	legislature		the upper house of the United States Congress
05339047	bronchial_artery	body	25	2.55	semcor	tube		arteries that accompany the bronchioles
15097209	builder	substance	12	3.85	semcor	material	word present in another sense	a substance added to soaps or detergents to increase their cleansing action
03067912	collage	artifact	17	3.35	semcor	image		a paste-up made by sticking together pieces of paper or photographs to form an artistic im
04953186	flash	attribute	6	4.45	semcor	attribute	word present in another sense	a momentary brightness
04961691	gray	attribute	6	4.45	semcor	attribute		a neutral achromatic color midway between white and black
03878066	palace	artifact	6	4.45	semcor	house	word present in another sense	a large and stately mansion
04049098	railway_station	artifact	7	4.35	semcor	station-facility		terminal where trains load or unload passengers or goods
13290991	relief	possession	5	4.55	semcor	damages	word present in another sense	"(law) redress awarded by a court; ""was the relief supposed to be protection from future ha"
15266034	youth	time	3	4.75	semcor	time-period	word present in another sense	"an early period of development; ""during the youth of the project"""
00974444	assault	act	6	4.44	semcor	battle	word present in another sense	close fighting during the culmination of a military attack
04852088	evil	attribute	3	4.74	semcor	attribute		"the quality of being morally wrong in principle or practice; ""attempts to explain the orig"
05922949	reference	cognition	3	4.74	semcor	idea	word present in another sense	the most direct or specific meaning of a word or expression; the class of objects that an 
04568557	web	artifact	3	4.74	semcor	trap	word present in another sense	an intricate trap that entangles or ensnares its victim
09901143	catcher	person	15	3.54	semcor	athlete		(baseball) the person who plays the position of catcher
07483439	conflict	feeling	4	4.64	semcor	feeling	word present in another sense	"opposition between two simultaneous but incompatible feelings; ""he was immobilized by conf"
05203649	military_capability	attribute	10	4.04	semcor	ability	word present in another sense	"capability in terms of personnel and materiel that affect the capacity to fight a war; ""we"
10689878	talent	person	4	4.64	semcor	expert		a person who possesses unusual innate ability in some field or activity
02737833	arm	artifact	3	4.73	semcor	structure	word present in another sense	"any projection that is thought to resemble a human arm; ""the arm of the record player""; ""a"
03464467	guard	artifact	3	4.73	semcor	device	word present in another sense	a device designed to prevent injury or accidents
15240291	spring_training	time	3	4.73	semcor	time-period		preseason training during the spring
14435187	stress	state	3	4.73	semcor	emphasis		"special emphasis attached to something; ""the stress was more on accuracy than on speed"""
08632096	unknown	location	5	4.53	semcor	region		"an unknown and unexplored region; ""they came like angels out the unknown"""
09946278	companion	person	9	4.13	semcor	traveler	word present in another sense	a traveler who accompanies you
03537866	horror	artifact	6	4.43	semcor			"something that inspires dislike; something horrible; ""the painting that others found so be"
00879759	observation	act	9	4.13	semcor	activity	word present in another sense	the act of observing; taking a patient look
08629508	rear	location	6	4.43	semcor	side	word present in another sense	"the side of an object that is opposite its front; ""his room was toward the rear of the hot"
05806623	appreciation	cognition	9	4.12	semcor	cognition		"understanding of the nature or meaning or quality or magnitude of something; ""he has a goo"
07247925	public_relations	communication	4	4.62	semcor	promotional-material		a promotion intended to create goodwill for a person or institution
00319939	pursuit	act	9	4.12	semcor	act	word present in another sense	"the act of pursuing in an effort to overtake or capture; ""the culprit started to run and t"
09680504	Roman_Catholic	person	8	4.22	semcor	person		a member of the Roman Catholic Church
07944408	blind	group	5	4.52	semcor	people		"people who have severe visual impairments, considered as a group; ""he spent hours reading "
04766275	complexity	attribute	10	4.02	semcor	attribute		"the quality of being intricate and compounded; ""he enjoyed the complexity of modern comput"
00136329	kick	act	3	4.72	semcor	blow	word present in another sense	"the act of delivering a blow with the foot; ""he gave the ball a powerful kick""; ""the team'"
08456993	ordering	group	10	4.02	semcor	group	word present in another sense	"logical or comprehensible arrangement of separate elements; ""we shall consider these quest"
13941806	plane	state	3	4.72	semcor	state	word present in another sense	"a level of existence or development; ""he lived on a worldly plane"""
06185955	teaching	cognition	3	4.72	semcor	doctrine	word present in another sense	"a doctrine that is taught; ""the teachings of religion""; ""he believed all the Christian pre"
01229938	assembly	act	4	4.61	semcor	act		"the social act of assembling; ""they demanded the right of assembly"""
08568142	medium	location	4	4.61	semcor	environment	word present in another sense	"the surrounding environment; ""fish require an aqueous medium"""
07882886	mix	food	3	4.71	semcor	foodstuff	word present in another sense	a commercially prepared mixture of dry ingredients
14450691	necessity	state	11	3.91	semcor	need	word present in another sense	the condition of being essential or indispensable
15165490	noon	time	9	4.11	semcor	time-of-day		the middle of the day
13815742	proportion	relation	9	4.11	semcor	ratio	word present in another sense	the quotient obtained when the magnitude of a part is divided by the magnitude of the whol
13253612	purchase	possession	3	4.71	semcor	acquisition	word present in another sense	something acquired by purchase
07548978	resentment	feeling	14	3.61	semcor	emotion		a feeling of deep and bitter anger and ill-will
00121166	sending	act	4	4.61	semcor	act		the act of causing something to go (especially messages)
07129867	speaking	communication	1	4.91	zipf	information		the utterance of intelligible speech
00270919	engagement	act	7	4.31	semcor	occupation	word present in another sense	"employment for performers or performing groups that lasts for a limited period of time; ""t"
00910203	recording	act	5	4.51	semcor	creation	word present in another sense	"the act of making a record (especially an audio record); ""she watched the recording from a"
05116128	wealth	attribute	5	4.51	semcor	magnitude	word present in another sense	"the quality of profuse abundance; ""she has a wealth of talent"""
01202904	cooperation	act	7	4.3	semcor	act	word present in another sense	"joint operation or action; ""their cooperation with us was essential for the success of our"
08548065	cross_section	location	3	4.7	semcor	plane-section	word present in another sense	a section created by a plane cutting a solid perpendicular to its longest axis
10019187	district_manager	person	3	4.7	semcor	manager		a manager who supervises the sales activity for a district
08242799	gang	group	5	4.5	semcor	organization	word present in another sense	an organized group of workmen
14039534	hunger	state	9	4.1	semcor	condition		a physiological need for food; the consequence of food deprivation
03638511	landing	artifact	6	4.4	semcor	artifact		an intermediate platform in a staircase
00717208	painting	act	4	4.6	semcor	labor	word present in another sense	"the act of applying paint to a surface; ""you can finish the job of painting faster with a "
06733476	threat	communication	4	4.6	semcor	declaration		"declaration of an intention or a determination to inflict harm on another; ""his threat to "
07226015	threat	communication	4	4.6	semcor	act		"a warning that something unpleasant is imminent; ""they were under threat of arrest"""
05683582	confusion	cognition	8	4.19	semcor	condition	word present in another sense	"a mental state characterized by a lack of clear and orderly thought and behavior; ""a confu"
14490564	debt	state	3	4.69	semcor	state	word present in another sense	"the state of owing something (especially money); ""he is badly in debt"""
00036762	feat	act	10	3.99	semcor	accomplishment		"a notable achievement; ""he performed a great feat""; ""the book was her finest effort"""
09491966	monster	person	5	4.49	semcor	cognition		an imaginary creature usually having various human and animal parts
14959939	straw	substance	10	3.99	semcor	fiber	word present in another sense	plant fiber used e.g. for making baskets and hats or as fodder
09871364	boyfriend	person	4	4.59	semcor	man	word present in another sense	"a man who is the lover of a girl or young woman; ""if I'd known he was her boyfriend I woul"
10197525	idiot	person	6	4.39	semcor	person		a person of subnormal intelligence
06792645	radio_beam	communication	9	4.09	semcor	signal	word present in another sense	a signal transmitted along a narrow path; guides airplane pilots in darkness or bad weathe
05633860	resource	cognition	6	4.39	semcor	cognition	word present in another sense	"the ability to deal resourcefully with unusual problems; ""a man of resource"""
13871134	tangent	shape	18	3.19	semcor	shape	word present in another sense	a straight line or plane that touches a curve or curved surface at a point but does not in
13923219	conditions	state	0	4.98	zipf	context		"the prevailing context that influences the performance or the outcome of a process; ""there"
08060694	partnership	group	5	4.48	semcor	organization	word present in another sense	the members of a business venture created by contract
00093483	rescue	act	5	4.48	semcor	recovery	word present in another sense	"recovery or preservation from loss or danger; ""work is the deliverance of mankind""; ""a sur"
00560293	rush	act	5	4.48	semcor	plan		"(American football) an attempt to advance the ball by running into the line; ""the lineback"
01250101	amendment	act	6	4.38	semcor	correction	word present in another sense	the act of amending or correcting
06308765	ending	communication	3	4.68	semcor	language-unit	word present in another sense	"the end of a word (a suffix or inflectional ending or final morpheme); ""I don't like words"
13482330	flow	process	3	4.68	semcor	process		any uninterrupted stream or discharge
13859512	gradient	relation	15	3.48	semcor	relation		a graded change in the magnitude of some physical quantity or dimension
14541852	hazard	state	10	3.98	semcor	agent	word present in another sense	"a source of danger; a possibility of incurring loss or misfortune; ""drinking alcohol is a "
00137279	place_kick	act	3	4.68	semcor	blow		(sports) a kick in which the ball is placed on the ground before kicking
10533013	rival	person	8	4.18	semcor	person	word present in another sense	"the contestant you hope to defeat; ""he had respect for his rivals""; ""he wanted to know wha"
06220616	socialism	cognition	11	3.88	semcor	political-orientation		a political theory advocating state ownership of industry
00194969	variation	act	9	4.08	semcor	activity	word present in another sense	"an activity that varies from a norm or standard; ""any variation in his routine was immedia"
14530836	capability	state	9	4.07	semcor	condition	word present in another sense	"the susceptibility of something to a particular treatment; ""the capability of a metal to b"
14422035	continuity	state	12	3.77	semcor	connectedness		uninterrupted connection or union
13254237	grant	possession	3	4.67	semcor	possession	word present in another sense	(law) a transfer of property by deed of conveyance
14424780	maturity	state	11	3.87	semcor	state		state of being mature; full development
01107726	operations	act	1	4.87	zipf	transaction		financial transactions at a brokerage; having to do with the execution of trades and keepi
10379620	opposition	person	4	4.57	semcor	person	word present in another sense	a contestant that you are matched against
13854649	opposition	relation	4	4.57	semcor	relation	word present in another sense	the relation between opposed entities
03033362	circuit	artifact	5	4.47	semcor	device		an electrical device that provides a path for electrical current to flow
05088804	concentration	attribute	7	4.27	semcor	placement	word present in another sense	the spatial property of being crowded together
00453935	fishing	act	5	4.47	semcor	sport		the act of someone who fishes as a diversion
13903387	margin	shape	7	4.27	semcor	shape	word present in another sense	the boundary line or the area immediately inside the boundary
08185758	utility	group	7	4.27	semcor	company	word present in another sense	a company that performs a public service; subject to government regulation
03071923	colors	artifact	5	4.46	semcor	flag		a flag that shows its nationality
13293625	costs	possession	0	4.96	zipf	reimbursement		pecuniary reimbursement to the winning party for the expenses of litigation
04864200	determination	attribute	8	4.16	semcor	trait	word present in another sense	"the quality of being determined to do or achieve something; firmness of purpose; ""his dete"
04684358	glory	attribute	6	4.36	semcor	appearance	word present in another sense	"brilliant radiant beauty; ""the glory of the sunrise"""
05669797	heritage	cognition	6	4.36	semcor	cognition		"practices that are handed down from the past by tradition; ""a heritage of freedom"""
09304750	hole	object	3	4.66	semcor	natural-depression	word present in another sense	a depression hollowed out of solid matter
15224692	prison_term	time	3	4.66	semcor	time-period	word present in another sense	"the period of time a prisoner is imprisoned; ""he served a prison term of 15 months""; ""his "
04959230	shade	attribute	8	4.16	semcor	attribute	word present in another sense	"a quality of a given color that differs slightly from another color; ""after several trials"
00344421	sitting	act	1	4.86	zipf	motion		"(photography) the act of assuming a certain position (as for a photograph or portrait); ""h"
04339291	strip	artifact	6	4.36	semcor	artifact	word present in another sense	artifact consisting of a narrow flat piece of material
04566257	weaponry	artifact	16	3.36	semcor	artifact		weapons considered collectively
02726681	apartment_building	artifact	4	4.56	semcor	building		a building that is divided into apartments
07509572	astonishment	feeling	21	2.86	semcor	feeling		"the feeling that accompanies something extremely surprising; ""he looked at me in astonishm"
03129123	creation	artifact	4	4.56	semcor	artifact	word present in another sense	an artifact that has been brought into existence by someone
07328942	creation	event	4	4.56	semcor	event	word present in another sense	"the event that occurred at the beginning of something; ""from its creation the plan was doo"
14404160	depression	state	4	4.56	semcor	condition	word present in another sense	a mental state characterized by a pessimistic sense of inadequacy and a despondent lack of
14458181	grace	state	4	4.56	semcor	state	word present in another sense	(Christian theology) a state of sanctification by God; the state of one who is under such 
14434681	importance	state	4	4.56	semcor	status	word present in another sense	"a prominent status; ""a person of importance"""
09622302	lover	person	7	4.26	semcor	person	word present in another sense	a person who loves someone or is loved by someone
10752480	victim	person	4	4.56	semcor	person	word present in another sense	a person who is tricked or swindled
01248191	admission	act	8	4.15	semcor	act	word present in another sense	"the act of admitting someone to enter; ""the surgery was performed on his second admission "
05553288	breast	body	6	4.35	semcor	body-part	word present in another sense	"the front of the trunk from the neck to the abdomen; ""he beat his breast in anger"""
13873917	circle	shape	4	4.55	semcor	shape	word present in another sense	"something approximating the shape of a circle; ""the chairs were arranged in a circle"""
14483744	confidence	state	3	4.65	semcor	condition	word present in another sense	"a state of confident hopefulness that events will be favorable; ""public confidence in the "
07214432	discovery	communication	5	4.45	semcor	act	word present in another sense	something that is discovered
08569165	extreme_point	location	4	4.55	semcor	place	word present in another sense	the point located farthest from the middle of something
03318438	fake	artifact	3	4.65	semcor	copy		something that is a counterfeit; not what it seems to be
07410207	knock	event	6	4.35	semcor	impact	word present in another sense	"a vigorous blow; ""the sudden knock floored him""; ""he took a bash right in his face""; ""he g"
03959936	plate	artifact	4	4.55	semcor	artifact	word present in another sense	a sheet of metal or wood or glass or plastic
11503644	resistance	phenomenon	4	4.55	semcor	physical-phenomenon	word present in another sense	any mechanical force that tends to retard or oppose motion
12125890	rice	plant	4	4.55	semcor	grass	word present in another sense	annual or perennial rhizomatous marsh grasses; seed used for food; straw used for paper
05044822	sequence	attribute	6	4.35	semcor	attribute	word present in another sense	"a following of one thing after another in time; ""the doctor saw a sequence of patients"""
09460312	trail	object	5	4.45	semcor	path	word present in another sense	"a track or mark left by something that has passed; ""there as a trail of blood""; ""a tear le"
02806530	bath	artifact	5	4.44	semcor	vessel		a vessel containing liquid in which something is immersed (as to process it or to maintain
00197772	replacement	act	5	4.44	semcor	act		"the act of furnishing an equivalent person or thing in the place of another; ""replacing th"
13356985	treasury	possession	7	4.24	semcor	possession		the funds of a government or institution or individual
02153445	animal_foot	animal	4	4.54	semcor	body-part	word present in another sense	the pedal extremity of vertebrates other than human beings
05858936	constant	cognition	4	4.54	semcor	quantity		a quantity that does not vary
13270038	contribution	possession	6	4.34	semcor	gift	word present in another sense	a voluntary gift (as of money or service or ideas) made to some worthwhile cause
14916512	ideal_gas	substance	6	4.34	semcor	fluid		a hypothetical gas with molecules of negligible size that exert no intermolecular forces
01205010	keeping	act	1	4.84	zipf	conformity		"conformity or harmony; ""his behavior was not in keeping with the occasion"""
06349220	written_communication	communication	4	4.54	semcor	information		communication by means of written symbols (either printed or handwritten)
06691989	applause	communication	11	3.83	semcor	information		a demonstration of approval by clapping the hands together
06713752	blame	communication	3	4.63	semcor	criticism	word present in another sense	"a reproach for some lapse or misdeed; ""he took the blame for it""; ""it was a bum rap"""
13903079	boundary	shape	8	4.13	semcor	shape	word present in another sense	a line determining the limits of an area
00960688	civil_defense	act	3	4.63	semcor	protection		activities organized by civilians for their own protection in time of war or disaster
13900422	column	shape	6	4.33	semcor	shape	word present in another sense	"anything that approximates the shape of a column or tower; ""the test tube held a column of"
03078287	communication_system	artifact	3	4.63	semcor	system-instrumentality		a system for communicating
00413239	custom	act	5	4.43	semcor	practice	word present in another sense	accepted or habitual practice
11450566	electricity	phenomenon	5	4.43	semcor	physical-phenomenon	word present in another sense	"energy made available by the flow of electric charge through a conductor; ""they built a ca"
10639925	sports_fan	person	3	4.63	semcor	advocate	word present in another sense	an enthusiastic devotee of sports
09822830	attorney_general	person	3	4.62	semcor	person		the chief law officer of a country or state
07528470	bang	feeling	6	4.32	semcor	joy	word present in another sense	"the swift release of a store of affective force; ""they got a great bang out of it""; ""what "
09906538	champion	person	3	4.62	semcor	person	word present in another sense	someone who fights for a cause
15295045	flower	time	5	4.42	semcor	time-period	word present in another sense	the period of greatest prosperity or productivity
03592245	jail	artifact	3	4.62	semcor	structure		a correctional institution used to detain persons who are in the lawful custody of the gov
14005892	stream	state	3	4.62	semcor	state	word present in another sense	"something that resembles a flowing stream in moving continuously; ""a stream of people empt"
02851099	blind	artifact	4	4.52	semcor	artifact	word present in another sense	"a protective covering that keeps things out or hinders sight; ""they had just moved in and "
00377364	explosion	act	7	4.22	semcor	act	word present in another sense	"the act of exploding or bursting; ""the explosion of the firecrackers awoke the children""; "
15162388	festival	time	2	4.72	zipf	time-period	word present in another sense	a day or period of time set aside for feasting and celebration
06632511	hello	communication	2	4.72	zipf	greeting		"an expression of greeting; ""every morning they exchanged polite hellos"""
08274826	outfit	group	7	4.22	semcor	organization	word present in another sense	any cohesive unit such as a military company
00094001	redemption	act	11	3.82	semcor	recovery	word present in another sense	(theology) the act of delivering from sin or saving from evil
08161971	United_States_House_of_Representatives	group	5	4.41	semcor	legislative-house		the lower legislative house of the United States Congress
02749790	assembly	artifact	3	4.61	semcor	machine		a group of machine parts that fit together to form a self-contained unit
01211019	boost	act	5	4.41	semcor	assist		the act of giving hope or support to someone
09921034	chosen	person	3	4.61	semcor	darling		"one who is the object of choice; who is given preference; ""she was Mama's chosen"""
07492516	comfort	feeling	5	4.41	semcor	pleasure	word present in another sense	a feeling of freedom from worry or disappointment
09957156	conservative	person	3	4.61	semcor	adult		a person who is reluctant to accept changes and new ideas
03624134	knife	artifact	5	4.41	semcor	weapon	word present in another sense	a weapon with a handle and blade with a sharp point
05091194	proportion	attribute	8	4.11	semcor	magnitude	word present in another sense	"magnitude or extent; ""a building of vast proportions"""
05280698	short_bone	body	5	4.41	semcor	bone		a bone that is of approximately equal dimension in all directions
09465795	unit_cell	object	3	4.61	semcor			the smallest group of atoms or molecules whose repetition at regular intervals in three di
00815644	aim	act	4	4.51	semcor	activity		"the action of directing something at an object; ""he took aim and fired"""
01048697	presentation	act	6	4.31	semcor	activity	word present in another sense	"the activity of formally presenting something (as a prize or reward); ""she gave the trophy"
04778401	stability	attribute	6	4.31	semcor	attribute		the quality or attribute of being firm and steadfast
09710164	Greek	person	4	4.5	semcor	inhabitant		a native or inhabitant of Greece
10802283	Yankee	person	13	3.6	semcor	inhabitant		an American who lives in the North (especially during the American Civil War)
13311830	capital_gain	possession	3	4.6	semcor	possession	word present in another sense	the amount by which the selling price of an asset exceeds the purchase price; the gain is 
05781541	conclusion	cognition	5	4.4	semcor	hypothesis	word present in another sense	"an intuitive assumption; ""jump to a conclusion"""
08309086	convention	group	4	4.5	semcor	meeting		"a large formal assembly; ""political convention"""
05695806	counterpart	cognition	12	3.7	semcor	cognition		a person or thing having the same function or characteristics as another
13457378	decline	process	5	4.4	semcor	process	word present in another sense	change toward something smaller or lower
09407346	remains	object	1	4.8	zipf	physical-object		"any object that is left unused or still extant; ""I threw out the remains of my dinner"""
00257580	shower	act	4	4.5	semcor	cleaning	word present in another sense	"washing yourself by standing upright under water sprayed from a nozzle; ""he took a shower "
01233627	appearance	act	2	4.69	zipf	act	word present in another sense	formal attendance (in court or at a hearing) of a party in an action
00925207	formation	act	4	4.49	semcor	manufacture	word present in another sense	the act of fabricating something in a particular shape
06341431	Mrs	communication	0	4.89	zipf	title-of-respect		a form of address for a married woman
13246079	effects	possession	0	4.89	zipf	belongings		"property of a personal character that is portable but not used in business; ""she left some"
07370125	entrance	event	5	4.39	semcor	event	word present in another sense	a movement into or inward
06328643	gender	communication	3	4.59	semcor	collection		a grammatical category in inflected languages governing the agreement between nouns and pr
14473655	good_fortune	state	6	4.29	semcor	destiny	word present in another sense	an auspicious state resulting from favorable outcomes
14480420	liquid	state	5	4.39	semcor	state-of-matter	word present in another sense	the state in which a substance exhibits a characteristic readiness to flow with little or 
05046009	timing	attribute	6	4.29	semcor	attribute		the time when something happens
08675967	urban_area	location	3	4.59	semcor	geographical-area		a geographical area constituting a city or town
06962600	Latin	communication	4	4.48	semcor	natural-language		any dialect of the language of ancient Rome
10350220	Nazi	person	6	4.28	semcor	adult		a German member of Adolf Hitler's political party
01057759	feeding	act	6	4.28	semcor	provision		the act of supplying food and nourishment
00730247	assignment	act	7	4.18	semcor	duty	word present in another sense	"a duty that you are assigned to perform (especially in the armed forces); ""hazardous duty"""
07939638	classification	group	7	4.18	semcor	group		a group of people or things arranged by class or category
04836074	enterprise	attribute	5	4.38	semcor	motivational-drive	word present in another sense	readiness to embark on bold new ventures
08056231	enterprise	group	5	4.38	semcor	organization	word present in another sense	"an organization created for business ventures; ""a growing enterprise must have a bold lead"
01007053	intelligence_test	act	3	4.58	semcor	activity		"a psychometric test of intelligence; ""they used to think that intelligence is what an inte"
05138958	merit	attribute	8	4.08	semcor	worth	word present in another sense	"any admirable quality or attribute; ""work of great merit"""
08390511	militia	group	10	3.88	semcor	military-unit		civilians trained as soldiers but not part of the regular army
13314936	rates	possession	0	4.88	zipf	tax		a local tax on property (usually used in the plural)
07419792	recovery	event	3	4.58	semcor	change	word present in another sense	"return to an original state; ""the recovery of the forest after the fire was surprisingly r"
10707804	thief	person	10	3.88	semcor	criminal		a criminal who takes property belonging to someone else with the intention of keeping it o
04966240	amber	attribute	9	3.97	semcor	attribute	word present in another sense	"a deep yellow color; ""an amber light illuminated the room""; ""he admired the gold of her ha"
05202497	capability	attribute	8	4.07	semcor	ability		"the quality of being capable -- physically or intellectually or legally; ""he worked to the"
07491038	delight	feeling	9	3.97	semcor	pleasure		"a feeling of extreme pleasure or satisfaction; ""his delight to see her was obvious to all"""
00769092	fraud	act	5	4.37	semcor	crime	word present in another sense	intentional deception resulting in injury to another person
06720784	name_calling	communication	0	4.87	zipf	information		"verbal abuse; a crude substitute for argument; ""sticks and stones may break my bones but n"
11683989	seed	plant	5	4.37	semcor	plant-part	word present in another sense	a mature fertilized plant ovule consisting of an embryo and its food source and having a p
05148699	utility	attribute	6	4.27	semcor	attribute	word present in another sense	the quality of being of practical use
05397333	vessel	body	6	4.27	semcor	tube	word present in another sense	a tube in which a body fluid circulates
03086183	concentration_camp	artifact	7	4.16	semcor	camp		a penal camp where political prisoners or prisoners of war are confined (usually under har
00882159	listening	act	2	4.66	zipf	activity		"the act of hearing attentively; ""you can learn a lot by just listening""; ""they make good m"
03850966	opium	artifact	14	3.46	semcor	drug		an addictive narcotic extracted from seed capsules of the opium poppy
03871083	package	artifact	4	4.46	semcor	container	word present in another sense	a wrapped container
10589140	sheriff	person	7	4.16	semcor	person		the principal law-enforcement officer in a county
05660937	teaching_method	cognition	4	4.46	semcor	method		the principles and methods of instruction
00922327	mining	act	3	4.56	semcor	economic-production		the act of extracting ores or coal etc from the earth
14010927	arrest	state	3	4.55	semcor	state	word present in another sense	"the state of inactivity following an interruption; ""the negotiations were in arrest""; ""hel"
03067518	cold_frame	artifact	4	4.45	semcor	artifact		protective covering consisting of a wooden frame with a glass top in which small plants ar
00243918	cooking	act	4	4.45	semcor	act		"the act of preparing something (as food) by the application of heat; ""cooking can be a gre"
08218592	day_shift	group	3	4.55	semcor	organization		workers who work during the day (as 8 a.m. to 4 p.m.)
03238131	dressing_room	artifact	7	4.15	semcor	room		a room in which you can change clothes
00072068	error	act	3	4.55	semcor	act	word present in another sense	(baseball) a failure of a defensive player to make an out when normal play would have suff
04853765	error	attribute	3	4.55	semcor	attribute	word present in another sense	departure from what is ethically acceptable
00260881	land_reform	act	4	4.45	semcor	reform		a redistribution of agricultural land (especially by government action)
05119223	luxury	attribute	5	4.35	semcor	trait		something that is an indulgence rather than a necessity
07323922	origin	event	3	4.55	semcor	event	word present in another sense	an event that is a beginning; a first part or stage of subsequent events
03945167	pipe	artifact	6	4.25	semcor	tubing	word present in another sense	a tube with a small bowl at one end; used for smoking tobacco
03960664	plate	artifact	3	4.55	semcor	illustration	word present in another sense	a full-page illustration (usually on slick paper)
08190609	task_force	group	3	4.55	semcor	military-unit		a temporary military unit formed to accomplish a particular objective
07113732	tone_system	communication	4	4.45	semcor	system		the system of tones used in a particular language or dialect of a tone language
07295629	wages	event	6	4.25	semcor	result	word present in another sense	"a recompense for worthy acts or retribution for wrongdoing; ""the wages of sin is death""; """
00048225	arrival	act	4	4.44	semcor	accomplishment		accomplishment of an objective
13987423	happiness	state	4	4.44	semcor	emotion		state of well-being characterized by emotions ranging from contentment to intense joy
04808639	popularity	attribute	6	4.24	semcor	attribute		"the quality of being widely admired or accepted or sought after; ""his charm soon won him a"
07359920	population_shift	event	4	4.44	semcor	change		a change in the relative numbers of the different groups of individuals making up a popula
14591091	suspension	substance	6	4.24	semcor	mixture		a mixture in which fine particles are suspended in a fluid where they are supported by buo
07273136	tag	communication	4	4.44	semcor	label	word present in another sense	a label written or printed on paper, cardboard, or plastic that is attached to something t
09477037	web	object	1	4.74	zipf	physical-object	word present in another sense	"an intricate network suggesting something that was formed by weaving or interweaving; ""the"
05051249	duration	attribute	7	4.14	semcor	attribute		"continuance in time; ""the ceremony was of short duration""; ""he complained about the length"
08557482	empire	location	3	4.54	semcor	region	word present in another sense	the domain ruled by an emperor or empress; the region over which imperial dominion is exer
03537085	horn	artifact	7	4.14	semcor	noisemaker	word present in another sense	a noisemaker (as at parties or games) that makes a loud noise when you blow through it
14451189	hurry	state	7	4.14	semcor	need	word present in another sense	"a condition of urgency making it necessary to hurry; ""in a hurry to lock the door"""
15206195	quarter-century	time	3	4.54	semcor	time-period		a period of 25 years
07246932	weapon	communication	3	4.54	semcor	communication	word present in another sense	"a means of persuading or arguing; ""he used all his conversational weapons"""
03007130	chapel	artifact	8	4.03	semcor	building		a place of worship that has its own altar
06788785	recipe	communication	6	4.23	semcor	information	word present in another sense	directions for making something
08263113	Republican_Party	group	2	4.63	zipf	political-party		the younger of two major political parties in the United States; GOP is an acronym for gra
05076472	composition	attribute	5	4.33	semcor	placement	word present in another sense	the spatial property resulting from the arrangement of parts in relation to each other and
07289481	miracle	event	7	4.13	semcor	event	word present in another sense	any amazing or wonderful occurrence
10471250	priest	person	5	4.33	semcor	leader	word present in another sense	a person who performs religious duties and ceremonies in a non-Christian religion
08112096	profession	group	7	4.13	semcor	group	word present in another sense	"the body of people in a learned occupation; ""the news spread rapidly through the medical p"
00121366	transmission	act	5	4.33	semcor	act	word present in another sense	the act of sending a message; causing a message to be transmitted
02207449	worker	animal	4	4.43	semcor	insect	word present in another sense	sterile member of a colony of social insects that forages for food and cares for the larva
07544647	affection	feeling	9	3.92	semcor	feeling	word present in another sense	"a positive feeling of liking; ""he had trouble expressing the affection he felt""; ""the chil"
00721660	behalf	act	4	4.42	semcor	duty		"as the agent of or on someone's part (usually expressed as ""on behalf of"" rather than ""in "
02827883	belt	artifact	4	4.42	semcor	loop	word present in another sense	endless loop of flexible material between two rotating shafts or pulleys
01026897	ceremony	act	4	4.42	semcor	activity	word present in another sense	"any activity that is performed in an especially solemn elaborate or formal way; ""the cerem"
09945319	communist	person	5	4.32	semcor	politician	word present in another sense	a socialist who advocates communism
08387035	cream	group	2	4.62	zipf	elite	word present in another sense	"the best people or things in a group; ""the cream of England's young men were killed in the"
07189130	prayer	communication	4	4.42	semcor	act	word present in another sense	reverent petition to a deity
03235042	drawing_room	artifact	3	4.52	semcor	room		a formal room where visitors can be received and entertained
05632446	fantasy	cognition	3	4.52	semcor	cognition		"imagination unrestricted by reality; ""a schoolgirl fantasy"""
13994806	license	state	3	4.52	semcor	freedom	word present in another sense	freedom to deviate deliberately from normally applicable rules or practices (especially in
03674591	links	artifact	1	4.72	zipf	facility		a golf course that is built on sandy ground near a shore
13874384	arc	shape	6	4.21	semcor	curved-shape		a continuous portion of a circle
05668095	code_of_conduct	cognition	4	4.41	semcor	normal		a set of conventional principles and expectations that are considered binding on any perso
09936620	collector	person	9	3.91	semcor	person		a person who collects things
09614684	defender	person	7	4.11	semcor	person		a person who cares for persons or property
05056102	immortality	attribute	14	3.41	semcor	attribute		the quality or state of being immortal
01128137	law_enforcement	act	4	4.41	semcor	act		ensuring obedience to the laws
10460806	potter	person	7	4.11	semcor	craftsman		a craftsman who shapes pottery on a potter's wheel and bakes them it a kiln
04283378	spoke	artifact	2	4.61	zipf	support-device		support consisting of a radial member of a wheel joining the hub to the rim
00878456	stare	act	9	3.91	semcor	activity		a fixed look with eyes open wide
08285246	technical_school	group	1	4.71	zipf	school		a school teaching mechanical and industrial arts and the applied sciences
09941383	commander	person	3	4.51	semcor	leader		someone in an official position of authority who can command or control others
05748054	discrimination	cognition	5	4.31	semcor	cognition	word present in another sense	the cognitive process whereby two or more stimuli are distinguished
14052403	disorder	state	5	4.31	semcor	condition		"a physical condition in which there is a disturbance of normal functioning; ""the doctor pr"
06616806	documentary	communication	5	4.31	semcor	film		a film or TV program presenting the facts about a person or event
14874196	free_radical	substance	5	4.31	semcor	atom	word present in another sense	an atom or group of atoms with at least one unpaired electron; in the body it is usually a
15143726	grave	time	5	4.31	semcor	amount	word present in another sense	"death of a person; ""he went to his grave without forgiving me""; ""from cradle to grave"""
03830835	nose	artifact	3	4.51	semcor	front	word present in another sense	"a front that resembles a human nose (especially the front of an aircraft); ""the nose of th"
07347224	sound_wave	event	3	4.51	semcor	wave-motion		(acoustics) a wave that transmits sound
07553301	sympathy	feeling	8	4.01	semcor	feeling	word present in another sense	sharing the feelings of others (especially feelings of sorrow or anguish)
13947174	tie	state	3	4.51	semcor	status		equality of score in a contest
09716933	Roman	person	3	4.5	semcor	inhabitant		a resident of modern Rome
12633638	apple_tree	plant	3	4.5	semcor	tree		any tree of the genus Malus especially those bearing firm rounded edible fruits
07500159	approval	feeling	3	4.5	semcor	feeling		"a feeling of liking something or someone good; ""although she fussed at them, she secretly "
14883206	crystal	substance	4	4.4	semcor	substance	word present in another sense	a solid formed by the solidification of a chemical and having a highly regular atomic stru
15272029	delay	time	4	4.4	semcor	pause	word present in another sense	"time during which some action is awaited; ""instant replay caused too long a delay""; ""he or"
07125786	devil	communication	5	4.3	semcor	information		"a word used in exclamations of confusion; ""what the devil""; ""the deuce with it""; ""the dick"
08584449	hiding_place	location	5	4.3	semcor	topographic-point		a place suitable for hiding something (such as yourself)
03679384	living_quarters	artifact	6	4.2	semcor	housing		"housing available for people to live in; ""he found quarters for his family""; ""I visited hi"
08231678	minor_league	group	3	4.5	semcor	association		a league of teams that do not belong to a major league (especially baseball)
05926236	wisdom	cognition	5	4.3	semcor	cognition		accumulated knowledge or erudition or enlightenment
03028596	church_bell	artifact	3	4.49	semcor	device		"a bell in a church tower (usually sounded to summon people to church); ""church bells were "
05734018	criticism	cognition	3	4.49	semcor	appraisal	word present in another sense	"a serious examination and judgment of something; ""constructive criticism is always appreci"
10784281	junior	person	3	4.49	semcor	person		"term of address for a disrespectful and annoying male; ""look here, junior, it's none of yo"
10329945	monster	person	3	4.49	semcor	person		a cruel wicked and inhuman person
04886646	pride	attribute	3	4.49	semcor	trait	word present in another sense	the trait of being spurred on by a dislike of falling below your standards
02979662	cast	artifact	0	4.79	zipf	copy	word present in another sense	object formed by a mold
07450651	celebration	event	5	4.29	semcor	social-occasion	word present in another sense	a joyful occasion for special festivities to mark some happy event
00875246	estimate	act	5	4.29	semcor	judgment	word present in another sense	"a judgment of the qualities of something or somebody; ""many factors are involved in any es"
06875697	sign_language	communication	0	4.79	zipf	language		language expressed by visible hand gestures
04299370	stall	artifact	10	3.79	semcor	room	word present in another sense	a compartment in a stable where a single animal is confined and fed
06536389	translation	communication	4	4.39	semcor	indication	word present in another sense	a written communication in a second language having the same meaning as the written commun
02894337	breakfast_table	artifact	3	4.48	semcor	table		a table where breakfast is eaten
00831191	breathing	act	5	4.28	semcor	organic-process		the bodily process of inhalation and exhalation; the process of taking in oxygen from inha
03456186	grey	artifact	3	4.48	semcor	clothing		"clothing that is a grey color; ""he was dressed in grey"""
06564387	legislative_act	communication	5	4.28	semcor	legal-document		an act passed by a legislative body
03112099	corridor	artifact	9	3.88	semcor	artifact		an enclosed passageway; rooms usually open onto it
10130877	girlfriend	person	1	4.68	zipf	woman	word present in another sense	"any female friend; ""Mary and her girlfriend organized the party"""
10224578	journalist	person	4	4.38	semcor	writer		a writer for newspapers and magazines
05921123	kernel	cognition	12	3.58	semcor	cognition	word present in another sense	"the choicest or most essential or most vital part of some idea or experience; ""the gist of"
01743086	anaconda	animal	18	2.97	semcor	snake		large arboreal boa of tropical South America
14857021	effluent	substance	21	2.67	semcor	waste		water mixed with waste matter
05060189	haste	attribute	14	3.37	semcor	pace	word present in another sense	"overly eager speed (and possible carelessness); ""he soon regretted his haste"""
05127782	horizon	attribute	7	4.07	semcor	scope	word present in another sense	"the range of interest or activity that can be anticipated; ""It is beyond the horizon of pr"
05108740	quantity	attribute	7	4.07	semcor	magnitude	word present in another sense	"an adequate or large amount; ""he had a quantity of ammunition"""
00834636	smoke	act	1	4.67	zipf	organic-process	word present in another sense	"the act of smoking tobacco or other substances; ""he went outside for a smoke""; ""smoking st"
15269513	time_interval	time	10	3.77	semcor	amount		a definite length of time marked off by two instants
06594258	weekly	communication	2	4.57	zipf	series		a periodical that is published every week (or 52 issues per year)
15131994	Eastern_Time	time	0	4.77	zipf	time		standard time in the 5th time zone west of Greenwich, reckoned at the 75th meridian; used 
08302724	World_Health_Organization	group	0	4.77	zipf	organization		a United Nations agency to coordinate international health activities and to help governme
04961331	bone	attribute	3	4.47	semcor	attribute	word present in another sense	a shade of white the color of bleached bones
14757848	bone	substance	3	4.47	semcor	animal-material	word present in another sense	the porous calcified substance from which bones are made
00729285	lesson	act	3	4.47	semcor	assignment	word present in another sense	"a task assigned for individual study; ""he did the lesson for today"""
00098385	mechanism	act	5	4.27	semcor	carrying-out	word present in another sense	"the technical aspects of doing something; ""a mechanism of social control""; ""mechanisms of "
14515633	province	state	3	4.47	semcor	situation	word present in another sense	"the proper sphere or extent of your activities; ""it was his province to take care of himse"
08398179	rank_and_file	group	5	4.27	semcor	organization	word present in another sense	"the ordinary members of an organization (such as the enlisted soldiers of an army); ""the s"
05924920	criterion	cognition	13	3.46	semcor	idea	word present in another sense	"the ideal in terms of which something can be judged; ""they live by the standards of their "
05752422	letters	cognition	1	4.66	zipf	cognition		"the literary culture; ""this book shows American letters at its best"""
07087641	transition	communication	3	4.46	semcor	musical-composition		a musical passage moving from one key to another
00152018	designation	act	10	3.76	semcor	act	word present in another sense	the act of designating or identifying something
05710687	detection	cognition	7	4.06	semcor	perception		"the perception that something has occurred or some state exists; ""early detection can ofte"
10083358	fellow	person	0	4.76	zipf	man	word present in another sense	"an informal form of address for a man; ""Say, fellow, what are you doing?""; ""Hey buster, wh"
09767700	actress	person	3	4.45	semcor	actor		a female actor
01127019	enforcement	act	3	4.45	semcor	act		the act of enforcing; ensuring observance of or obedience to
07975026	gathering	group	5	4.25	semcor	group		a group of persons together in one place
08414964	grand_jury	group	4	4.35	semcor	jury		a jury to inquire into accusations of crime and to evaluate the grounds for indictments
05275651	long_bone	body	3	4.45	semcor	bone		in limbs of vertebrate animals: a long cylindrical bone that contains marrow
10311021	messenger	person	8	3.95	semcor	traveler	word present in another sense	a person who carries a message
00048374	arrival	act	3	4.44	semcor	act		"the act of arriving at a certain place; ""they awaited her arrival"""
00157463	exposure	act	3	4.44	semcor	act	word present in another sense	"the act of subjecting someone to an influencing experience; ""she denounced the exposure of"
08409835	junior_high_school	group	3	4.44	semcor	school		a secondary school usually including 7th and 8th grades
06275095	cable	communication	2	4.54	zipf	message	word present in another sense	a telegram sent abroad
02935891	cafeteria	artifact	13	3.44	semcor	restaurant		a restaurant where you serve yourself and pay a cashier
00948206	exploitation	act	9	3.84	semcor	activity	word present in another sense	"the act of making some area of land or water more profitable or productive or useful; ""the"
06512324	joint_resolution	communication	4	4.34	semcor	document		a resolution passed by both houses of Congress which becomes legally binding when signed b
00120202	leap	act	8	3.94	semcor	act	word present in another sense	a light, self-propelled movement upwards or forwards
10318293	mill-hand	person	4	4.34	semcor	employee		a workman in a mill or factory
00880046	monitoring	act	4	4.34	semcor	activity		"the act of observing something (and sometimes keeping a record of it); ""the monitoring of "
07203016	sketch	communication	7	4.04	semcor	act	word present in another sense	a brief literary description
01213886	backing	act	5	4.23	semcor	blessing	word present in another sense	"the act of providing approval and support; ""his vigorous backing of the conservatives got "
02937469	cake	artifact	2	4.53	zipf	artifact	word present in another sense	"a block of solid substance (such as soap or wax); ""a bar of chocolate"""
10019072	district_attorney	person	2	4.53	zipf	prosecutor		an official prosecutor for a judicial district
15268993	threshold	time	7	4.03	semcor	commencement		"the starting point for a new state or experience; ""on the threshold of manhood"""
07026239	chamber_music	communication	3	4.43	semcor	music		serious music performed by a small group of musicians
01144876	guidance	act	4	4.33	semcor	management	word present in another sense	the act of guiding or showing the way
07202579	label	communication	3	4.43	semcor	act	word present in another sense	"a brief description given for purposes of identification; ""the label Modern is applied to "
08113797	ministry	group	1	4.63	zipf	group	word present in another sense	religious ministers collectively (especially Presbyterian)
00106272	pitch	act	3	4.43	semcor	act	word present in another sense	(baseball) the act of throwing a baseball by a pitcher to a batter
07695965	sandwich	food	6	4.13	semcor	snack-food		two (or more) slices of bread with a filling between them
02734725	architecture	artifact	3	4.42	semcor	building	word present in another sense	an architectural product or work
00088481	capture	act	3	4.42	semcor	act		the act of forcibly dispossessing an owner of property
03200701	dining_room	artifact	6	4.12	semcor	room		a room used for dining
03297735	establishment	artifact	3	4.42	semcor	structure		a public or private structure (business or governmental or educational) including building
05650329	faculty	cognition	4	4.32	semcor	cognition	word present in another sense	one of the inherent cognitive or perceptual powers of the mind
10382380	ordinary	person	3	4.42	semcor	judge		a judge of a probate court
05022457	flexibility	attribute	7	4.02	semcor	attribute		the property of being flexible; easily bent or shaped
00336805	kick	act	0	4.72	zipf	motion	word present in another sense	"a rhythmic thrusting movement of the legs as in swimming or calisthenics; ""the kick must b"
09733333	Swiss	person	5	4.21	semcor	people		the natives or inhabitants of Switzerland
07966570	minority	group	3	4.41	semcor	group	word present in another sense	a group of people who differ racially or politically from a larger group of which it is a 
08500433	outer_space	location	5	4.21	semcor	place	word present in another sense	"any location outside the Earth's atmosphere; ""the astronauts walked in outer space without"
05710356	penetration	cognition	10	3.71	semcor	cognition	word present in another sense	clear or deep perception of a situation
03965456	plaza	artifact	8	3.91	semcor	structure	word present in another sense	mercantile establishment consisting of a carefully landscaped complex of shops representin
04046810	rail	artifact	3	4.41	semcor	railway	word present in another sense	"short for railway; ""he traveled by rail""; ""he was concerned with rail safety"""
00810598	retention	act	9	3.81	semcor	activity		the act of retaining something
10547145	saint	person	3	4.41	semcor	deity		a person who has died and has been declared a saint by canonization
10580772	sergeant	person	6	4.11	semcor	skilled-worker		any of several noncommissioned officer ranks in the Army or Air Force or Marines ranking a
10749123	veteran	person	5	4.21	semcor	expert	word present in another sense	an experienced person who has been through many battles; someone who has given long servic
10749353	veteran	person	5	4.21	semcor	skilled-worker	word present in another sense	a person who has served in the armed forces
08518374	campus	location	2	4.51	zipf	field		a field on which the buildings of a university are situated
14941230	liquor	substance	7	4.01	semcor	liquid-substance	word present in another sense	a liquid substance that is a solution (or emulsion or suspension) used or obtained in an i
13332009	natural_resource	possession	4	4.31	semcor	possession		resources (actual and potential) supplied by nature
08293982	alliance	group	3	4.4	semcor	organization	word present in another sense	an organization of people (or countries) involved in a pact or treaty
09801864	apprentice	person	10	3.7	semcor	person	word present in another sense	works for an expert to learn a trade
02880189	bow	artifact	4	4.3	semcor	knot	word present in another sense	a knot with two loops and loose ends; used to tie shoelaces
00992331	dating	act	0	4.7	zipf	work		use of chemical analysis to estimate the age of geological specimens
01135372	dealing	act	1	4.6	zipf	management		"method or manner of conduct in relation to others; ""honest dealing"""
10011785	dick	person	0	4.7	zipf	detective	colloquial	someone who is a detective
11525303	elements	phenomenon	0	4.7	zipf	weather		"violent or severe weather (viewed as caused by the action of the four elements); ""they fel"
03315805	facing	artifact	2	4.5	zipf	liner		a lining applied to the edge of a garment for ornamentation or strengthening
00433802	gymnastics	act	11	3.6	semcor	sport		a sport that involves exercises intended to display strength and balance and agility
06009537	major_axis	cognition	7	4.0	semcor	place		the longest axis of an ellipse or ellipsoid; passes through the two foci
14535431	moisture	state	8	3.9	semcor	condition		"wetness caused by water; ""drops of wet gleamed on the window"""
05761559	recall	cognition	3	4.4	semcor	cognition		the process of remembering (especially the process of recovering information by mental eff
09218641	ben	object	0	4.69	zipf	mountain		"a mountain or tall hill; ""they were climbing the ben"""
09504915	destiny	person	5	4.19	semcor	agent	word present in another sense	the ultimate agency regarded as predetermining the course of events (often personified as 
14459422	perfection	state	7	3.99	semcor	state		the state of being without a flaw or defect
00400645	rehabilitation	act	7	3.99	semcor	restoration	word present in another sense	the restoration of someone to a useful place in society
09845589	beast	person	4	4.29	semcor	wrongdoer	word present in another sense	a cruelly rapacious person
00049003	entrance	act	3	4.39	semcor	act	word present in another sense	"the act of entering; ""she made a grand entrance"""
14858950	fallout	substance	10	3.69	semcor	dust		the radioactive particles that settle to the ground after a nuclear explosion
03343853	firearm	artifact	10	3.69	semcor	gun	word present in another sense	"a portable gun; ""he wore his firearm in a shoulder holster"""
04716864	fitness	attribute	3	4.39	semcor	attribute	word present in another sense	"the quality of being suitable; ""they had to prove their fitness for the position"""
07971023	folks	group	1	4.59	zipf	kin		"your parents; ""he wrote to his folks every day"""
13931436	love_affair	state	4	4.29	semcor	relationship		a relationship between two lovers
06094587	physics	cognition	3	4.39	semcor	natural-science	word present in another sense	"the physical properties, phenomena, and laws of something; ""he studied the physics of radi"
14758536	shell	substance	3	4.39	semcor	animal-material	word present in another sense	the material that forms the hard outer covering of many animals
06904943	tone_language	communication	3	4.39	semcor	natural-language		a language in which different tones distinguish different meanings
01205156	collaboration	act	4	4.28	semcor	act		"act of working jointly; ""they worked either in collaboration or independently"""
15137425	spare_time	time	4	4.28	semcor	time-period		time available for hobbies and other activities that you enjoy
09179264	occasion	motive	3	4.38	semcor	motivation	word present in another sense	"reason; ""there was no occasion for complaint"""
10470460	prey	person	7	3.98	semcor	victim	word present in another sense	a person who is the aim of an attack (especially a victim of ridicule or exploitation) by 
04717139	qualification	attribute	8	3.88	semcor	attribute		"an attribute that must be met or complied with and that fits a person for something; ""her "
11510067	solar_radiation	phenomenon	6	4.08	semcor	physical-phenomenon	word present in another sense	radiation from the sun
00212065	graduation	act	6	4.07	semcor	act		the successful completion of a program of study
03470629	gun_trigger	artifact	5	4.17	semcor	bar		lever that activates the firing mechanism of a gun
13851067	index	relation	1	4.57	zipf	scale-of-measurement	word present in another sense	a numerical scale used to compare variables with one another or with some reference number
05033046	legs	attribute	0	4.67	zipf	strength	slang	"staying power; ""that old Broadway play really has legs"""
00751944	lying	act	0	4.67	zipf	activity	word present in another sense	the deliberate act of deviating from the truth
15153225	maturity	time	8	3.87	semcor	day-of-the-month		the date on which an obligation must be repaid
12390485	pansy	plant	19	2.77	semcor	plant		large-flowered garden plant derived chiefly from the wild pansy of Europe and having velve
15134340	span	time	6	4.07	semcor	time-period		"the complete duration of something; ""the job was finished in the span of an hour"""
06734467	testimony	communication	5	4.17	semcor	information		a solemn statement made under oath
13918387	tongue	shape	3	4.37	semcor	shape	word present in another sense	"any long thin projection that is transient; ""tongues of flame licked at the walls""; ""rifle"
04952242	brightness	attribute	11	3.57	semcor	attribute		the location of a visual perception along a continuum from black to white
08212527	corps	group	4	4.27	semcor	military-unit		an army unit usually consisting of two or more divisions and their support
03895293	passage	artifact	4	4.27	semcor	artifact	word present in another sense	a way through or along which someone or something may pass
08348400	United_States_Secret_Service	group	0	4.66	zipf	intelligence-service		the United States intelligence agency that protects current and former presidents and vice
13992514	autonomy	state	8	3.86	semcor	freedom	word present in another sense	immunity from arbitrary exercise of authority: political independence
15135822	fourth_dimension	time	7	3.96	semcor	spatial-extent	word present in another sense	the fourth coordinate that is required (along with three spatial dimensions) to specify a 
04846770	morality	attribute	8	3.86	semcor	attribute		concern with the distinction between good and evil or right and wrong; right or good condu
13541167	processing	process	2	4.46	zipf	process		"preparing or putting through a prescribed procedure; ""the processing of newly arrived immi"
06884097	Crown	communication	1	4.56	zipf	symbol	word present in another sense	the Crown (or the reigning monarch) as the symbol of the power and authority of a monarchy
13453160	cooling	process	6	4.06	semcor	process		the process of becoming cooler; a falling temperature
05681117	sleeping	cognition	1	4.56	zipf	sleep		the state of being asleep
07938773	arrangement	group	4	4.25	semcor	group		an orderly grouping (of things or persons) considered as a unit; the result of arranging; 
05829656	bonus	cognition	2	4.45	zipf	cognition	word present in another sense	"anything that tends to arouse; ""his approval was an added fillip"""
08406619	charity	group	2	4.45	zipf	foundation	word present in another sense	a foundation created to promote the public good (not for assistance to any particular indi
04850996	corruption	attribute	3	4.35	semcor	attribute	word present in another sense	"moral perversion; impairment of virtue and moral principles; ""the luxury and corruption am"
07386370	knock	event	3	4.35	semcor	event		"the sound of knocking (as on a door or in an engine or bearing); ""the knocking grew louder"
14940856	liquid_air	substance	3	4.35	semcor	air		air in a liquid state
10498816	quarterback	person	7	3.95	semcor	football-player		(football) the person who plays quarterback
04768028	rhythm	attribute	6	4.05	semcor	attribute	word present in another sense	recurring at regular intervals
04173172	sequence	artifact	3	4.35	semcor	photographic-film	word present in another sense	film consisting of a succession of related shots that develop a given subject in a movie
09448945	stretch	object	3	4.35	semcor	empty-space		"a large and unbroken expanse or distance; ""a stretch of highway""; ""a stretch of clear wate"
10002151	Democrat	person	4	4.24	semcor	politician		a member of the Democratic Party
07457126	Olympic_Games	event	2	4.44	zipf	contest		the modern revival of the ancient games held once every 4 years in a selected country
00179916	wings	act	2	4.44	zipf	act		"a means of flight or ascent; ""necessity lends wings to inspiration"""
07131511	accent	communication	5	4.14	semcor	information		"distinctive manner of oral expression; ""he couldn't suppress his contemptuous accent""; ""sh"
15133621	duration	time	5	4.14	semcor	time-period		the period of time during which something continues
00329819	flood	act	3	4.34	semcor	act	word present in another sense	a large flow
10126177	generator	person	7	3.94	semcor	maker	word present in another sense	"someone who originates or causes or initiates something; ""he was the generator of several "
06492664	inventory	communication	5	4.14	semcor	list	word present in another sense	a detailed list of all the items in stock
07193184	questioning	communication	6	4.04	semcor	act		a request for information
07397355	thunder	event	5	4.14	semcor	noise	word present in another sense	a booming or crashing noise caused by air expanding along the path of a bolt of lightning
09727627	Pole	person	4	4.23	semcor	inhabitant	word present in another sense	a native or inhabitant of Poland
07420671	expense	event	4	4.23	semcor	damage	word present in another sense	"a detriment or sacrifice; ""at the expense of"""
05565696	palm	body	4	4.23	semcor	body-part	word present in another sense	the inner surface of the hand from the wrist to the base of the fingers
03936764	pill	artifact	6	4.03	semcor	artifact	word present in another sense	something that resembles a tablet of medicine in shape or size
00090253	reception	act	4	4.23	semcor	act	word present in another sense	the act of receiving
02687172	aircraft_carrier	artifact	5	4.13	semcor	warship	word present in another sense	a large warship that carries planes and has a long flat deck for takeoffs and landings
08512259	boundary	location	5	4.13	semcor	place		the line or plane indicating the limit or extent of something
02932227	cabin	artifact	5	4.13	semcor	room	word present in another sense	small room on a ship or boat where people sleep
12415765	falls	plant	0	4.63	zipf	plant-part		the petals or sepals of a flower that bend downward (especially the outer perianth of an i
07423818	phenomenon	event	5	4.13	semcor	change	word present in another sense	a remarkable development
10025730	donor	person	7	3.92	semcor	person	word present in another sense	person who makes a gift of property
03335030	fighter	artifact	3	4.32	semcor	airplane		a high-speed military or naval airplane designed to destroy enemy aircraft in the air
03590306	jacket	artifact	3	4.32	semcor	wrap	word present in another sense	"an outer wrapping or casing; ""phonograph records were sold in cardboard jackets"""
03619650	kit	artifact	2	4.42	zipf	case	word present in another sense	a case for containing a set of articles
06008609	axis	cognition	6	4.02	semcor	place	word present in another sense	a straight line through a body or figure that satisfies certain conditions
02406174	dairy_cattle	animal	8	3.82	semcor	cattle		cattle that are reared for their milk
07511380	fever	feeling	4	4.22	semcor	anticipation	word present in another sense	"intense nervous anticipation; ""in a fever of resentment"""
04644512	willingness	attribute	8	3.82	semcor	disposition		"cheerful compliance; ""he expressed his willingness to help"""
07176804	accord	communication	8	3.81	semcor	act	word present in another sense	"concurrence of opinion; ""we are in accord with your proposal"""
05417975	blood_vessel	body	4	4.21	semcor	tube		a vessel in which blood circulates
06664594	canon	communication	5	4.11	semcor	information	word present in another sense	a rule or especially body of rules or principles generally established as valid and fundam
00229260	closure	act	5	4.11	semcor	act	word present in another sense	"termination of operations; ""they regretted the closure of the day care center"""
08128964	Department_of_Agriculture	group	3	4.31	semcor	administrative-division		the federal department that administers programs that provide services to farmers (includi
06746580	announcement	communication	3	4.31	semcor	information	word present in another sense	a public statement containing information about an event that has happened or is going to 
06891022	presentation	communication	3	4.31	semcor	information	word present in another sense	the act of making something publicly available; presenting news or other information by br
14562324	ruin	state	3	4.31	semcor	condition	word present in another sense	"an irrecoverable state of devastation and destruction; ""you have brought ruin on this enti"
04412901	terminal	artifact	3	4.31	semcor	station-facility	word present in another sense	station where transport vehicles load or unload passengers or goods
00132982	triple	act	3	4.31	semcor	accomplishment		a base hit at which the batter stops safely at third base
08369615	beat_generation	group	0	4.6	zipf	coevals		a United States youth subculture of the 1950s; rejected possessions or regular work or tra
00378069	burning	act	1	4.5	zipf	act		"the act of burning something; ""the burning of leaves was prohibited by a town ordinance"""
00812526	clasp	act	15	3.1	semcor	activity	word present in another sense	"the act of grasping; ""he released his clasp on my arm""; ""he has a strong grip for an old m"
04897762	demeanor	attribute	14	3.2	semcor	trait	word present in another sense	(behavioral attributes) the way a person behaves toward other people
14437552	esteem	state	7	3.9	semcor	honour		"the condition of being honored (esteemed or respected or well regarded); ""it is held in es"
09183693	ethical_motive	motive	9	3.7	semcor	motivation	word present in another sense	motivation based on ideas of right and wrong
03493664	hardware	artifact	3	4.3	semcor	artifact	word present in another sense	major items of military weaponry (as tanks or missile)
09621545	intellectual	person	3	4.3	semcor	person	word present in another sense	a person who uses the mind creatively
07045353	phrase	communication	3	4.3	semcor	musical-composition		a short musical passage
00449295	racing	act	1	4.5	zipf	sport		the sport of engaging in contests of speed
04890112	wisdom	attribute	3	4.3	semcor	trait		the trait of utilizing knowledge and experience with common sense and insight
09718936	Korean	person	1	4.49	zipf	inhabitant		a native or inhabitant of Korea who speaks the Korean language
10060352	entrepreneur	person	6	3.99	semcor	person	word present in another sense	someone who organizes a business venture and assumes the risk for it
00945777	exploration	act	4	4.19	semcor	activity	word present in another sense	a careful systematic search
14868243	filling	substance	4	4.19	semcor	material		"any material that fills a space or container; ""there was not enough fill for the trench"""
06646628	trace	communication	4	4.19	semcor	indication	word present in another sense	"an indication that something has been present; ""there wasn't a trace of evidence for the c"
02970100	carrier	artifact	3	4.29	semcor	vehicle	word present in another sense	"a self-propelled wheeled vehicle designed specifically to carry something; ""refrigerated c"
05997361	communications	cognition	0	4.59	zipf	field-of-study		the discipline that studies the principles of transmiting information and the methods by w
06198876	devices	cognition	0	4.59	zipf	inclination		"an inclination or desire; used in the plural in the phrase `left to your own devices'; ""ev"
00713594	handling	act	2	4.39	zipf	labor		manual (or mechanical) carrying or moving or delivering or working with something
03595860	jet	artifact	3	4.29	semcor	airplane	word present in another sense	an airplane powered by one or more jet engines
05434927	nucleus	body	10	3.59	semcor	organelle		a part of the cell containing DNA and RNA and responsible for growth and reproduction
04677716	persona	attribute	9	3.69	semcor	appearance	word present in another sense	"(Jungian psychology) a personal facade that one presents to the world; ""a public image is "
04060647	receiver	artifact	5	4.09	semcor	equipment		set that receives radio or tv signals
08587571	shooting_preserve	location	5	4.09	semcor	district		a preserve on which hunting is permitted during certain months of the year
04258982	sole	artifact	3	4.29	semcor	underside		the underside of footwear or a golf club
06343971	heading	communication	1	4.48	zipf	line-of-text	word present in another sense	"a line of text serving to indicate what the passage below it is about; ""the heading seemed"
10238375	knight	person	3	4.28	semcor	leader	word present in another sense	originally a person of noble birth trained to arms and chivalry; today in Great Britain a 
04060065	rear_window	artifact	3	4.28	semcor	artifact		car window that allows vision out of the back of the car
10759331	volunteer	person	3	4.28	semcor	skilled-worker	word present in another sense	(military) a person who freely enlists for service
02799593	baseball_diamond	artifact	4	4.18	semcor	geographical-area	word present in another sense	the area of a baseball field that is enclosed by 3 bases and home plate
09960688	contractor	person	5	4.08	semcor	person		someone (a person or firm) who contracts to build things
13491876	heating	process	4	4.18	semcor	process		the process of becoming warmer; a rising temperature
05836468	perception	cognition	4	4.18	semcor	concept	word present in another sense	"a way of conceiving something; ""Luther had a new perception of the Bible"""
04551055	warehouse	artifact	5	4.08	semcor	facility	word present in another sense	a storehouse for goods and merchandise
02701260	amen_corner	artifact	7	3.87	semcor	structure		area reserved for persons leading the responsive `amens'
09927451	clergyman	person	14	3.17	semcor	leader		a member of the clergy and a spiritual leader of the Christian Church
05962602	imitation	cognition	11	3.47	semcor	doctrine		the doctrine that representations of nature or human behavior should be accurate imitation
06556481	mandate	communication	6	3.97	semcor	legal-document	word present in another sense	a document giving an official instruction or command
11503060	reflection	phenomenon	4	4.17	semcor	physical-phenomenon	word present in another sense	the phenomenon of a propagating wave (light or sound) being thrown back from a surface
06648207	testimony	communication	4	4.17	semcor	indication		"something that serves as evidence; ""his effort was testimony to his devotion"""
06732710	testimony	communication	4	4.17	semcor	assertion		"an assertion offering firsthand authentication of a fact; ""according to his own testimony "
00375071	concentration	act	3	4.27	semcor	act	word present in another sense	strengthening the concentration (as of a solute in a mixture) by removing diluting materia
00309115	passage	act	3	4.27	semcor	journey	word present in another sense	"a journey usually by ship; ""the outward passage took 10 days"""
00967780	biological_warfare	act	7	3.86	semcor	military-action		the use of bacteria or viruses or toxins to destroy men and animals or food
00281462	closing	act	1	4.46	zipf	act	word present in another sense	"approaching a particular destination; a coming closer; a narrowing of a gap; ""the ship's r"
04848492	conscience	attribute	6	3.96	semcor	attribute	word present in another sense	"conformity to one's own sense of right conduct; ""a person of unflagging conscience"""
14001348	dependence	state	9	3.66	semcor	state		the state of relying on or being controlled by someone or something else
08101937	lineage	group	11	3.46	semcor	kin	word present in another sense	"the descendants of one individual; ""his entire lineage has been warriors"""
04612722	yield	artifact	4	4.16	semcor	product	word present in another sense	an amount of a product
06449735	Old_Testament	communication	5	4.06	semcor	will		the collection of books comprising the sacred scripture of the Hebrews and recording their
06832896	Q	communication	0	4.56	zipf	letter-of-the-alphabet		the 17th letter of the Roman alphabet
13329641	assets	possession	0	4.56	zipf	possession		anything of material value or usefulness that is owned by a person or company
06524935	conspiracy	communication	3	4.26	semcor	information	word present in another sense	a secret agreement between two or more people to perform an unlawful act
00521970	demonstration	act	5	4.06	semcor	entertainment	word present in another sense	"a show of military force or preparedness; ""he confused the enemy with feints and demonstra"
00147187	encounter	act	3	4.26	semcor	act	word present in another sense	a casual meeting with a person or thing
13946760	equality	state	3	4.26	semcor	status	word present in another sense	"a state of being essentially equal or equivalent; equally balanced; ""on a par with the bes"
03368637	flower_garden	artifact	3	4.26	semcor	plot		a garden featuring flowering plants
01240210	intervention	act	3	4.26	semcor	act	word present in another sense	"the act of intervening (as to mediate a dispute, etc.); ""it occurs without human intervent"
09410928	rip	object	3	4.26	semcor	empty-space	word present in another sense	"an opening made forcibly as by pulling apart; ""there was a rip in his pants""; ""she had sna"
00797878	venture	act	3	4.26	semcor	undertaking	word present in another sense	any venturesome undertaking especially one with an uncertain outcome
08192970	United_States_Marine_Corps	group	5	4.05	semcor	military-service		an amphibious division of the United States Navy
09787293	amazon	person	0	4.55	zipf	woman		a large strong and aggressive woman
05690916	barrier	cognition	4	4.15	semcor	cognition	word present in another sense	"any condition that makes it difficult to make progress or to achieve an objective; ""intole"
02894431	break_seal	artifact	3	4.25	semcor	fastener		"a seal that must be broken when first used and cannot easily be resealed; ""it was stored i"
02920164	bunk	artifact	11	3.45	semcor	container		a long trough for feeding cattle
01205564	compromise	act	4	4.15	semcor	act	word present in another sense	a middle way between two extremes
09966139	corporal	person	9	3.65	semcor	skilled-worker		a noncommissioned officer in the Army or Air Force or Marines
09257949	covering	object	1	4.45	zipf	natural-object		"a natural object that covers or envelops; ""under a covering of dust""; ""the fox was flushed"
14391876	craze	state	12	3.35	semcor	mental-disorder	word present in another sense	state of violent mental agitation
10038620	duke	person	1	4.45	zipf	leader	word present in another sense	a British peer of the highest rank
10260322	lieutenant_governor	person	3	4.25	semcor	official		an elected official serving as deputy to the governor of a state of the United States
08640300	roads	location	0	4.55	zipf	region		a partly sheltered anchorage
04191943	shelter	artifact	3	4.25	semcor	artifact	word present in another sense	protective covering that provides protection from the weather
07129602	sigh	communication	6	3.95	semcor	information		an utterance made by exhaling audibly
13876371	spiral	shape	7	3.85	semcor	curved-shape		a plane curve traced by a point circling about the center but at increasing distances from
11523031	vapor_pressure	phenomenon	10	3.55	semcor	pressure		the pressure exerted by a vapor; often understood to mean saturated vapor pressure (the va
05802912	conversion	cognition	3	4.24	semcor	calculation	word present in another sense	"a change in the units or form of an expression: ""conversion from Fahrenheit to Centigrade"""
07388987	pat	event	3	4.24	semcor	event	word present in another sense	the sound made by a gentle blow
10453265	poor_devil	person	3	4.24	semcor	victim		someone you feel sorry for
04987620	timbre	attribute	19	2.64	semcor	attribute	word present in another sense	"(music) the distinctive property of a complex sound (a voice or noise or musical sound); """
08395682	Army_Intelligence	group	0	4.54	zipf	organization		an agency of the United States Army responsible for providing timely and relevant and accu
00493308	Michigan	act	0	4.54	zipf	game		a gambling card game in which chips are placed on the ace and king and queen and jack of s
04689198	binding	attribute	4	4.14	semcor	attraction		the capacity to attract and hold something
07051185	blues	communication	2	4.34	zipf	folk-music		a type of folksong that originated among Black Americans at the beginning of the 20th cent
02403325	bull	animal	2	4.34	zipf	cattle		uncastrated adult male of domestic cattle
03068181	collar	artifact	5	4.04	semcor	artifact	word present in another sense	a band that fits around the neck and is usually folded over
08542403	commonwealth	location	2	4.34	zipf	constituent-state		the official name of some states in the United States (Massachusetts and Pennsylvania and 
08438928	grove	group	6	3.94	semcor	vegetation		a small growth of trees without underbrush
15169248	sunset	time	5	4.04	semcor	time-of-day	word present in another sense	the time in the evening at which the sun begins to fall below the horizon
01135529	supervision	act	6	3.94	semcor	management		management by overseeing the performance or operation of a person or group
04847298	virtue	attribute	6	3.94	semcor	good	word present in another sense	the quality of doing what is right and avoiding what is wrong
00042311	causing	act	0	4.53	zipf	act		the act of causing something to happen
01792158	cock	animal	3	4.23	semcor	chicken		adult male chicken
00123234	discharge	act	6	3.93	semcor	shooting		the act of discharging a gun
00976531	invasion	act	3	4.23	semcor	attack	word present in another sense	the act of invading; the act of an army that invades for conquest or plunder
13165815	trunk	plant	5	4.03	semcor	stalk	word present in another sense	the main stem of a tree; usually covered with bark; the bole is usually the part that is c
00941604	avenue	act	1	4.43	zipf	creation	word present in another sense	"a line of approach; ""they explored every avenue they could think of""; ""it promises to open"
01176219	beating	act	1	4.43	zipf	fight		the act of overcoming or outdoing
07419599	conservation	event	2	4.33	zipf	change	word present in another sense	an occurrence of improvement by virtue of preventing loss or injury or other change
14640756	hydrogen_atom	substance	10	3.53	semcor	atom		an atom of hydrogen
07416714	juncture	event	15	3.03	semcor	event	word present in another sense	"an event that occurs at a critical time; ""at such junctures he always had an impulse to le"
07873807	pizza	food	1	4.43	zipf	prepared-dish		Italian open pie made of thin bread dough spread with a spiced mixture of e.g. tomato sauc
07331400	separation	event	4	4.13	semcor	change	word present in another sense	coming apart
00442115	swimming	act	1	4.43	zipf	sport		"the act of swimming; ""it was the swimming they enjoyed most"": ""they took a short swim in t"
06266417	journalism	communication	4	4.12	semcor	storage-medium		newspapers and magazines collectively
08614545	parade_ground	location	4	4.12	semcor	geographical-area		an area for holding parades
10502950	racist	person	1	4.42	zipf	advocate		a person with a prejudiced belief that one race is superior to others
11517999	surface_tension	phenomenon	4	4.12	semcor	physical-phenomenon		a phenomenon at the surface of a liquid caused by intermolecular forces
04402984	telephone_wire	artifact	4	4.12	semcor	conducting-wire	word present in another sense	the wire that carries telegraph and telephone signals
05694791	temptation	cognition	8	3.72	semcor	cognition	word present in another sense	something that seduces or has the quality to seduce
06183899	theology	cognition	6	3.92	semcor	method	word present in another sense	"a particular system or school of religious beliefs and teachings; ""Jewish theology""; ""Roma"
09468959	variable	object	4	4.12	semcor		word present in another sense	"something that is likely to vary; something that is subject to variation; ""the weather is "
00557419	completion	act	3	4.22	semcor	act		(American football) a successful forward pass in football
07143624	consultation	communication	5	4.02	semcor	information	word present in another sense	"a conference (usually with someone important); ""he had a consultation with the judge""; ""he"
14446493	convenience	state	5	4.02	semcor	comfort		"the state of being suitable or opportune; ""chairs arranged for his own convenience"""
07555014	enthusiasm	feeling	5	4.02	semcor	feeling	word present in another sense	a feeling of excitement
07373602	fusion	event	5	4.02	semcor	event		an occurrence that involves the production of a union
05766247	interpretation	cognition	3	4.22	semcor	thinking		"an explanation of something that is not immediately obvious; ""the edict was subject to man"
07412993	lightning	event	3	4.22	semcor	event	word present in another sense	the flash of light that accompanies an electric discharge in the atmosphere (or something 
14002481	tension	state	3	4.22	semcor	equilibrium	word present in another sense	a balance between and interplay of opposing elements or tendencies (especially in art or l
05834567	inspiration	cognition	1	4.41	zipf	idea	word present in another sense	arousal of the mind to special unusual activity or creativity
14705287	paste	substance	6	3.91	semcor	mixture		any mixture of a soft and malleable consistency
14036735	rage	state	4	4.11	semcor	condition		"a state of extreme anger; ""she fell into a rage and refused to answer"""
04347754	submarine	artifact	7	3.81	semcor	warship		a submersible warship usually armed with torpedoes
05867283	vertex	cognition	13	3.21	semcor	concept	word present in another sense	the point of intersection of lines or the point opposite the base of a figure
05772356	reasoning	cognition	5	4.01	semcor	thinking		thinking that is coherent and logical
09715833	Israeli	person	1	4.4	zipf	inhabitant		a native or inhabitant of Israel
01043333	Stations	act	0	4.5	zipf	prayer		(Roman Catholic Church) a devotion consisting of fourteen prayers said before a series of 
07939382	array	group	4	4.1	semcor	group		"an orderly arrangement; ""an array of troops in battle order"""
13439807	blowing	process	3	4.2	semcor	process		processing that involves blowing a gas
08397856	cavalry	group	7	3.8	semcor	organization	word present in another sense	"troops trained to fight on horseback; ""500 horse led the attack"""
07213395	disclosure	communication	5	4.0	semcor	act		the speech act of making something evident
04806655	distinction	attribute	4	4.1	semcor	attribute		"a distinguishing quality; ""it has the distinction of being the cheapest restaurant in town"
01246086	flip	act	3	4.2	semcor	activity		the act of flipping a coin
03491178	hanging	artifact	0	4.5	zipf	decoration		"decoration that is hung (as a tapestry) on a wall or over a window; ""the cold castle walls"
13903576	periphery	shape	12	3.3	semcor	shape		the outside boundary or surface of something
11608250	pine	plant	4	4.1	semcor	tree		a coniferous tree
03985684	portal	artifact	5	4.0	semcor	entrance		"a grand and imposing entrance (often extended metaphorically); ""the portals of the cathedr"
07516905	wrath	feeling	8	3.7	semcor	fury		intense anger (usually on an epic scale)
10227490	Junior	person	0	4.49	zipf	child		a son who has the same first name as his father
08514865	fence_line	location	3	4.19	semcor	boundary-line		a boundary line created by a fence
08222203	gallery	group	0	4.49	zipf	audience	word present in another sense	spectators at a golf or tennis match
00450335	riding	act	0	4.49	zipf	sport		the sport of siting on the back of a horse while controlling its movements
02868638	bomb_shelter	artifact	4	4.09	semcor	enclosure		a chamber (often underground) reinforced against bombing and provided with food and living
01127379	execution	act	2	4.29	zipf	act	word present in another sense	"the act of accomplishing some aim or executing some order; ""the agency was created for the"
07499113	leaning	feeling	6	3.89	semcor	feeling	word present in another sense	"an inclination to do something; ""he felt leanings toward frivolity"""
12724942	willow	plant	8	3.69	semcor	tree		any of numerous deciduous trees and shrubs of the genus Salix
04986796	bass	attribute	2	4.28	zipf	pitch		the lowest part of the musical range
08270938	galaxy	group	2	4.28	zipf	collection	word present in another sense	a splendid assemblage (especially of famous people)
06403291	printing	communication	2	4.28	zipf	information	word present in another sense	text handwritten in the style of printed matter
00083729	procurement	act	8	3.68	semcor	act	word present in another sense	"the act of getting possession of something; ""he was responsible for the procurement of mat"
00164345	assignment	act	3	4.18	semcor	act	word present in another sense	"the act of distributing something to designated places or persons; ""the first task is the "
06545528	assignment	communication	3	4.18	semcor	legal-document	word present in another sense	the instrument by which a claim or right or interest or property is transferred from one p
08101410	breed	group	4	4.08	semcor	taxonomic-variety	word present in another sense	"a special variety of domesticated animals within a species; ""he experimented on a particul"
02970849	cart	artifact	5	3.98	semcor	wagon		a heavy open wagon usually having two wheels and drawn by an animal
05015463	chill	attribute	3	4.18	semcor	coldness		coldness due to a cold environment
14066203	collapse	state	3	4.18	semcor	illness	word present in another sense	"an abrupt failure of function or complete physical exhaustion; ""the commander's prostratio"
05870180	compound	cognition	3	4.18	semcor	concept	word present in another sense	a whole formed by a union of two or more elements or parts
03106110	cord	artifact	5	3.98	semcor	artifact	word present in another sense	"a line made of twisted fibers or threads; ""the bundle was tied with a cord"""
00430140	gambling	act	4	4.08	semcor	activity	word present in another sense	the act of playing for stakes in the hope of winning (including the payment of a price for
07551691	good_humor	feeling	3	4.18	semcor	temper		a cheerful and agreeable mood
12268918	oak	plant	3	4.18	semcor	wood	word present in another sense	the hard durable wood of any oak; used especially for furniture and flooring
10476331	prisoner_of_war	person	3	4.18	semcor	prisoner		a person who surrenders to (or is taken by) the enemy in time of war
15052555	spray	substance	3	4.18	semcor	pesticide	word present in another sense	a pesticide in suspension or solution; intended for spraying
06381869	verse	communication	3	4.18	semcor	poem		a piece of poetry
10628222	Southerner	person	19	2.57	semcor	inhabitant		an American who lives in the South
09223725	blanket	object	4	4.07	semcor	natural-object	word present in another sense	"anything that covers; ""there was a blanket of snow"""
05170574	consequence	attribute	4	4.07	semcor	importance	word present in another sense	"having important effects or influence; ""decisions of great consequence are made by the pre"
07294019	consequence	event	4	4.07	semcor	result	word present in another sense	the outcome of an event especially as relative to an individual
00649760	dialysis	act	12	3.27	semcor	work		separation of substances in solution by means of their unequal diffusion through semiperme
00396029	drain	act	4	4.07	semcor	act	word present in another sense	emptying something accomplished by allowing liquid to run out of it
05499379	hypothalamus	body	18	2.67	semcor	body-part		a basal part of the diencephalon governing autonomic nervous system
11675537	pollen	plant	10	3.47	semcor	plant-part		the fine spores that contain male gametes and that are borne by an anther in a flowering p
04097622	roadway	artifact	11	3.37	semcor	road	word present in another sense	a road (especially that part of a road) over which vehicles travel
07223811	scandal	communication	3	4.17	semcor	gossip	word present in another sense	disgraceful gossip about the private lives of other people
05127959	sweep	attribute	5	3.97	semcor	scope		"a wide scope; ""the sweep of the plains"""
09661107	Miami	person	0	4.47	zipf	person		a member of the extinct Algonquian people formerly living in northern Indiana and southern
00145218	joining	act	0	4.47	zipf	act	word present in another sense	"the act of bringing two things into contact (especially for communication); ""the joining o"
09762011	accused	person	0	4.46	zipf	defendant		a defendant in a criminal proceeding
03072056	colors	artifact	0	4.46	zipf	decorative-design		"a distinguishing emblem; ""his tie proclaimed his school colors"""
09989290	dame	person	5	3.96	semcor	woman	word present in another sense	"a woman of refinement; ""a chauffeur opened the door of the limousine for the grand lady"""
04877421	dedication	attribute	5	3.96	semcor	attribute		complete and wholehearted fidelity
05780885	deduction	cognition	10	3.46	semcor	thinking	word present in another sense	"something that is inferred (deduced or entailed or implied); ""his resignation had politica"
00417397	embrace	act	3	4.16	semcor	activity		the act of clasping another person in the arms (as in greeting or affection)
14016361	fatigue	state	6	3.86	semcor	state		"temporary loss of strength and energy resulting from hard physical or mental work; ""he was"
03390207	fraction	artifact	5	3.96	semcor	physical-object	word present in another sense	a small part or item forming a piece of a whole
07264820	input_signal	communication	3	4.16	semcor	signal		signal going into an electronic system
13506477	laying	process	3	4.16	semcor	organic-process		the production of eggs (especially in birds)
04014297	protective_covering	artifact	5	3.96	semcor	artifact	word present in another sense	"a covering that is intend to protect from damage or injury; ""they had no protection from t"
15148467	teens	time	3	4.16	semcor	time-period		the time of life between the ages of 12 and 20
04944048	tendency	attribute	5	3.96	semcor	attribute	word present in another sense	a characteristic likelihood of or natural disposition toward a certain condition or charac
00938419	tracing	act	9	3.56	semcor	artistic-creation		the act of drawing a plan or diagram or outline
07528097	triumph	feeling	5	3.96	semcor	joy		the exultation of victory
04747899	equality	attribute	2	4.26	zipf	attribute		the quality of being the same in quantity or measure or value or status
09463919	turf	object	7	3.76	semcor	physical-object		surface layer of ground containing a mat of grass and grass roots
15182053	New_Year's_Eve	time	4	4.05	semcor	time-period		the last day of the year
08547544	crest	location	8	3.65	semcor	place		the top line of a hill, mountain, or wave
08399977	odds_and_ends	group	3	4.15	semcor	collection		a motley assortment of things
00127151	pitching	act	7	3.75	semcor	act		(baseball) playing the position of pitcher on a baseball team
05403427	plasma	body	5	3.95	semcor	substance	word present in another sense	the colorless watery fluid of the blood and lymph that contains no cells, but in which the
08587174	reservation	location	5	3.95	semcor	district	word present in another sense	a district that is reserved for particular purpose
04348548	subsection	artifact	12	3.25	semcor	section		a section of a section; a part of a part; i.e., a part of something already divided
00496599	hearts	act	0	4.44	zipf	game		a form of whist in which players avoid winning tricks containing hearts or the queen of sp
05892427	prerequisite	cognition	12	3.24	semcor	responsibility		"something that is required in advance; ""Latin was a prerequisite for admission"""
00483409	singles	act	0	4.44	zipf	sport		badminton played with one person on each side
01056236	visiting	act	0	4.44	zipf	visit		"the activity of making visits; ""the purpose was to promote homes, clubs, visiting, and oth"
11428379	beam	phenomenon	3	4.14	semcor	physical-phenomenon	word present in another sense	a group of nearly parallel lines of electromagnetic radiation
03511426	heel	artifact	6	3.84	semcor	underside	word present in another sense	the bottom of a shoe or boot; the back part of a shoe or boot that touches the ground and 
03946325	pipeline	artifact	4	4.04	semcor	pipage	word present in another sense	"a pipe used to transport liquids or gases; ""a pipeline runs from the wells to the seaport"""
01177327	rebellion	act	5	3.94	semcor	act	word present in another sense	"refusal to accept some authority or code or convention; ""each generation must have its own"
13565379	synthesis	process	6	3.84	semcor	chemical-process		the process of producing a chemical compound (usually by the union of simpler chemical com
05644922	inability	cognition	5	3.93	semcor	cognition		lack of ability (especially mental ability) to do something
05110772	supplement	attribute	4	4.03	semcor	increment		a quantity added (e.g. to make up for a deficiency)
11425088	apparent_motion	phenomenon	3	4.13	semcor	physical-phenomenon	word present in another sense	an optical illusion of motion produced by viewing a rapid succession of still pictures of 
07251779	cheering	communication	6	3.83	semcor	information		"encouragement in the form of cheers from spectators; ""it's all over but the shouting"""
00297532	crossing	act	1	4.33	zipf	act	word present in another sense	traveling across
11477384	magnetic_field	phenomenon	3	4.13	semcor	physical-phenomenon	word present in another sense	the lines of force surrounding a permanent magnet or a moving charged particle
13261242	margin_of_profit	possession	3	4.13	semcor	ratio		the ratio gross profits divided by net sales
05937524	prototype	cognition	6	3.83	semcor	cognition	word present in another sense	"a standard or typical example; ""he is the prototype of good breeding""; ""he provided Americ"
10491309	publisher	person	3	4.13	semcor	professional	word present in another sense	a person engaged in publishing periodicals or books or music
00056912	retreat	act	3	4.13	semcor	departure		(military) withdrawal of troops to a more favorable position to escape the enemy's superio
00552097	roleplaying	act	16	2.83	semcor	activity		acting a particular role (as in psychotherapy)
14414294	separation	state	3	4.13	semcor	state	word present in another sense	the state of lacking unity
04313503	steering_wheel	artifact	6	3.83	semcor	control	word present in another sense	a handwheel that is used for steering
13100677	vine	plant	7	3.73	semcor	plant		a plant with a weak stem that derives support from climbing, twining, or creeping along a 
15188154	Easter	time	3	4.12	semcor	holiday		a Christian celebration of the Resurrection of Christ; celebrated on the Sunday following 
08095647	Islam	group	0	4.42	zipf	civilization		"the civilization of Muslims collectively which is governed by the Muslim religion; ""Islam "
02710201	android	artifact	0	4.42	zipf	automaton	word present in another sense	an automaton that resembles a human being
02869249	bones	artifact	1	4.32	zipf	musical-instrument		a percussion instrument consisting of a pair of hollow pieces of wood or bone (usually hel
04829182	humanity	attribute	1	4.32	zipf	attribute		the quality of being humane
03578435	interface	artifact	3	4.12	semcor	surface	word present in another sense	(chemistry) a surface forming a common boundary between two things (two objects or liquids
14982265	phosphate	substance	10	3.42	semcor	compound		a salt of phosphoric acid
05813626	reminder	cognition	3	4.12	semcor	cognition		an experience that causes you to remember something
06506757	reminder	communication	3	4.12	semcor	information		"a message that helps you remember something; ""he ignored his wife's reminders"""
04885398	abandon	attribute	4	4.02	semcor	trait		"the trait of lacking restraint or control; reckless freedom from inhibition or worry; ""she"
04910684	dignity	attribute	4	4.02	semcor	comportment	word present in another sense	"formality in bearing and appearance; ""he behaved with great dignity"""
11447851	drift	phenomenon	6	3.82	semcor	physical-phenomenon	word present in another sense	a force that moves something along
00945205	film_editing	act	2	4.22	zipf	creation	word present in another sense	the activity of selecting the scenes to be shown and putting them together to create a fil
03717750	manifold	artifact	11	3.32	semcor	pipage	word present in another sense	a pipe that has several lateral outlets to or from other pipes
01030820	ritual	act	4	4.02	semcor	practice	word present in another sense	the prescribed procedure for conducting religious ceremonies
06420678	vocabulary	communication	6	3.82	semcor	book		a listing of the words used in some enterprise
06936070	Tho	communication	0	4.41	zipf	natural-language		a branch of the Tai languages
02673291	ace	artifact	3	4.11	semcor	playing-card	word present in another sense	one of four playing cards in a deck having a single pip on its face
11421822	activation_energy	phenomenon	6	3.81	semcor	physical-phenomenon		the energy that an atomic system must acquire before a process (such as an emission or rea
06998748	artwork	communication	3	4.11	semcor	information	word present in another sense	"photographs or other visual representations in a printed publication; ""the publisher was r"
06487897	catalog	communication	5	3.91	semcor	list	word present in another sense	"a complete list of things; usually arranged systematically; ""it does not pretend to be a c"
09962414	convert	person	3	4.11	semcor	person		a person who has been converted to another religious or political belief
07491708	enjoyment	feeling	6	3.81	semcor	pleasure		the pleasure felt when having a good time
15170331	fortnight	time	10	3.41	semcor	time-period		"a period of fourteen consecutive days; ""most major tennis tournaments last a fortnight"""
10184081	hood	person	2	4.21	zipf	criminal	word present in another sense	an aggressive and violent young criminal
08223688	parish	group	3	4.11	semcor	community		a local church community
09409203	ribbon	object	6	3.81	semcor	physical-object	word present in another sense	"any long object resembling a thin line; ""a mere ribbon of land""; ""the lighted ribbon of tr"
06889138	spectacle	communication	8	3.61	semcor	information		"something or someone seen (especially a notable or unusual sight); ""the tragic spectacle o"
04274530	sphere	artifact	5	3.91	semcor	artifact	word present in another sense	any spherically shaped artifact
04633453	vitality	attribute	10	3.41	semcor	activeness		an energetic style
03378593	footage	artifact	1	4.31	zipf	photographic-film		"film that has been shot; ""they had stock footage of lightning, tornados, and hurricanes""; "
13811900	sympathy	relation	4	4.01	semcor	close-connection	word present in another sense	a relation of affinity or harmony between people; whatever affects one correspondingly aff
07268967	Academy_Award	communication	0	4.4	zipf	symbol		an annual award by the Academy of Motion Picture Arts and Sciences for achievements in mot
12945828	Alexander	plant	0	4.4	zipf	plant		European herb somewhat resembling celery widely naturalized in Britain coastal regions and
14418822	alliance	state	0	4.4	zipf	state	word present in another sense	the state of being allied or confederated
14717275	bronze	substance	2	4.2	zipf	alloy	word present in another sense	an alloy of copper and tin and sometimes other elements; also any copper-base alloy contai
13995824	discretion	state	5	3.9	semcor	freedom		freedom to act or judge on one's own
05198622	disposal	attribute	4	4.0	semcor	attribute		"the power to use something or someone; ""used all the resources at his disposal"""
04749572	distinction	attribute	3	4.1	semcor	attribute		"a distinguishing difference; ""he learned the distinction between gold and lead"""
01253060	emission	act	7	3.7	semcor	act		the act of emitting; causing to flow forth
06379721	epic_poem	communication	4	4.0	semcor	poem		a long narrative poem telling of a hero's deeds
13333696	equity	possession	1	4.3	zipf	possession	word present in another sense	the difference between the market value of a property and the claims held against it
07486628	longing	feeling	9	3.5	semcor	desire		prolonged unfulfilled desire or need
08621393	polls	location	3	4.1	semcor	place		the place where people vote
10710632	tiger	person	1	4.3	zipf	person	word present in another sense	"a fierce or audacious person; ""he's a tiger on the tennis court""; ""it aroused the tiger in"
06505517	transcript	communication	7	3.7	semcor	indication	word present in another sense	a reproduction of a written record (e.g. of a legal or school record)
04934546	consistency	attribute	4	3.99	semcor	attribute	word present in another sense	"the property of holding together and retaining its shape; ""wool has more body than rayon"";"
07204401	denial	communication	4	3.99	semcor	act	word present in another sense	"the act of refusing to comply (as with a request); ""it resulted in a complete denial of hi"
00968479	expedition	act	4	3.99	semcor	campaign	word present in another sense	a military campaign designed to achieve a specific objective in a foreign country
00322634	injection	act	4	3.99	semcor	act	word present in another sense	the forceful insertion of a substance under pressure
07497473	liking	feeling	4	3.99	semcor	feeling		"a feeling of pleasure and enjoyment; ""I've always had a liking for reading""; ""she develope"
13936676	nightmare	state	2	4.19	zipf	condition	word present in another sense	a situation resembling a terrifying dream
06793426	poster	communication	2	4.19	zipf	information	word present in another sense	"a sign posted in a public place as an advertisement; ""a poster advertised the coming attra"
10671736	successor	person	4	3.99	semcor	peer		"a person who follows next in order; ""he was President Lincoln's successor"""
09729530	Arab	person	0	4.39	zipf	person		a member of a Semitic people originally from the Arabian peninsula and surrounding territo
08124971	Central_Intelligence_Agency	group	0	4.39	zipf	intelligence-service		an independent agency of the United States government responsible for collecting and coord
06739509	accounting	communication	1	4.29	zipf	explanation	word present in another sense	"a convincing explanation that reveals basic causes; ""he was unable to give a clear account"
07176499	bye	communication	0	4.39	zipf	act	word present in another sense	"you advance to the next round in a tournament without playing an opponent; ""he had a bye i"
09903153	celebrity	person	1	4.29	zipf	adult		"a widely known person; ""he was a baseball celebrity"""
08151490	cult	group	3	4.09	semcor	institution		followers of an exclusive system of religious beliefs and practices
00067397	default	act	1	4.29	zipf	absence		"loss due to not showing up; ""he lost the game by default"""
06629392	farewell	communication	5	3.89	semcor	information		an acknowledgment or expression of goodwill at parting
10252921	left-handed_pitcher	person	7	3.69	semcor	person		a baseball pitcher who throws the ball with the left hand
08180190	multitude	group	8	3.59	semcor	group	word present in another sense	"the common people generally; ""separate the warriors from the mass""; ""power to the people"""
13856110	mutual_opposition	relation	3	4.09	semcor	relation		"a relation between two opposite attributes or tendencies; ""he viewed it as a balanced pola"
06284573	slot	communication	3	4.09	semcor	spatial-relation	word present in another sense	a position in a grammatical linguistic construction in which a variety of alternative unit
07651454	variety_meat	food	0	4.39	zipf	meat		edible viscera of a butchered animal
06649325	con	communication	1	4.28	zipf	indication		an argument opposed to a proposal
04756504	odds	attribute	1	4.28	zipf	attribute		the likelihood of a thing occurring rather than not occurring
07369604	adjustment	event	5	3.88	semcor	change	word present in another sense	making or becoming suitable; adjusting to circumstances
09874618	bride	person	3	4.08	semcor	spouse	word present in another sense	a woman who has recently been married
06264176	broadcast_medium	communication	2	4.18	zipf	medium		a medium that disseminates via telecommunications
11674914	bud	plant	3	4.08	semcor	plant-part		a partially opened flower
06261464	channels	communication	0	4.38	zipf	communication		"official routes of communication; ""you have to go through channels"""
07448608	cocktail_party	event	5	3.88	semcor	social-occasion		an afternoon party at which cocktails are served
09986189	cyclist	person	8	3.58	semcor	rider		a person who rides a bicycle
07955961	findings	group	0	4.38	zipf	collection		a collection of tools and other articles used by an artisan to make jewelry or clothing or
07047011	suite	communication	2	4.18	zipf	musical-composition	word present in another sense	a musical composition of several movements only loosely connected
08672199	township	location	4	3.98	semcor	district	word present in another sense	"an administrative division of a county; ""the town is responsible for snow removal"""
10752930	victor	person	2	4.18	zipf	person	word present in another sense	a combatant who is able to defeat rivals
09770743	administrator	person	3	4.07	semcor	person	word present in another sense	the party appointed by a probate court to distribute the estate of someone who dies withou
01233397	attendance	act	2	4.17	zipf	act		the act of being present (at a meeting or event etc.)
05521514	cunt	body	5	3.87	semcor	organ		obscene terms for female genitals
07270179	marker	communication	5	3.87	semcor	symbol	word present in another sense	"a distinguishing symbol; ""the owner's mark was on all the sheep"""
10295951	marshal	person	5	3.87	semcor	person		a law officer having duties similar to those of a sheriff in carrying out the judgments of
13390626	penny	possession	3	4.07	semcor	coin		a coin worth one-hundredth of the value of the basic unit
00643943	scan	act	3	4.07	semcor	work		"the act of scanning; systematic examination of a prescribed region; ""he made a thorough sc"
01010458	succession	act	4	3.97	semcor	activity	word present in another sense	"the action of following in order; ""he played the trumps in sequence"""
10677713	supporter	person	3	4.07	semcor	advocate	word present in another sense	"a person who backs a politician or a team etc.; ""all their supporters came out for the gam"
00652466	surveillance	act	2	4.17	zipf	work		close observation of a person or group (usually by the police)
06248968	tactics	cognition	2	4.17	zipf	field-of-study		the branch of military science dealing with detailed maneuvers to achieve objectives set b
13370669	treasure	possession	2	4.17	zipf	wealth	word present in another sense	"accumulated wealth in the form of money or jewels etc.; ""the pirates hid their treasure on"
00954086	blockade	act	8	3.57	semcor	military-action		a war measure that isolates some area of importance to the enemy
13997253	bondage	state	9	3.46	semcor	state		the state of being under the control of another person
14476290	catastrophe	state	8	3.56	semcor	adversity		"a state of extreme (usually irremediable) ruin and misfortune; ""lack of funds has resulted"
06253371	circulation	communication	4	3.96	semcor	communication	word present in another sense	the dissemination of copies of periodicals (as newspapers or magazines)
08184335	drove	group	0	4.36	zipf	group		a group of animals (a herd or flock) moving together
00467995	field_hockey	act	0	4.36	zipf	sport		a game resembling ice hockey that is played on an open field; two opposing teams use curve
03481824	hammer	artifact	2	4.16	zipf	mechanism	word present in another sense	the part of a gunlock that strikes the percussion cap when the trigger is pulled
05775081	prediction	cognition	4	3.96	semcor	thinking	word present in another sense	the act of predicting (as by reasoning about the future)
05808102	revelation	cognition	4	3.96	semcor	insight		an enlightening or astonishing disclosure
10560247	school_superintendent	person	4	3.96	semcor	supervisor		the superintendent of a school system
04231272	skirt	artifact	4	3.96	semcor	artifact	word present in another sense	cloth covering that forms the part of a garment below the waist
00188766	touchdown	act	4	3.96	semcor	accomplishment		a score in American football; being in possession of the ball across the opponents' goal l
05983943	occasions	cognition	1	4.26	zipf	goal		"something you have to do; ""he minded his own specialized occasions"""
14786257	starting_buffer	substance	6	3.76	semcor	chemical-solution		buffer solution at the start of a reaction
06834138	alpha	communication	1	4.25	zipf	letter-of-the-alphabet		the 1st letter of the Greek alphabet
01100658	banking	act	0	4.35	zipf	finance	word present in another sense	engaging in the business of keeping money for savings and checking accounts or for exchang
02931148	cab	artifact	4	3.95	semcor	room	word present in another sense	a compartment at the front of a motor vehicle or locomotive where driver sits
09938554	color_sergeant	person	3	4.05	semcor	skilled-worker		a sergeant in a color guard who carries one of the colors
07167954	filing	communication	3	4.05	semcor	submission		"the entering of a legal document into the public record; ""he filed a complaint""; ""he filed"
09955944	rep	person	0	4.35	zipf	congressman		informal abbreviation of `representative'
10553402	savage	person	3	4.05	semcor	person		a member of an uncivilized people
05019661	sensitivity	attribute	4	3.95	semcor	attribute	word present in another sense	the ability to respond to physical stimuli or to register small physical amounts or differ
06755454	thesis	communication	3	4.05	semcor	premise		an unproved statement put forward as a premise in an argument
11458102	fluorescence	phenomenon	11	3.24	semcor	visible-light		light emitted during absorption of radiation of some other (invisible) wavelength
04312432	steeple	artifact	16	2.74	semcor	tower		a tall tower that forms the superstructure of a building (usually a church or temple) and 
07130341	whisper	communication	6	3.74	semcor	information		speaking softly without vibration of the vocal cords
02891188	brake_system	artifact	4	3.94	semcor	brake		a braking device consisting of a combination of interacting parts that work to slow a moto
08541288	clearing	location	3	4.04	semcor	geographical-area		a tract of land with few or no trees in the middle of a wooded area
05956019	ethic	cognition	8	3.54	semcor	ideal-value		"the principles of right and wrong that are accepted by an individual or a social group; ""t"
03434188	generator	artifact	4	3.94	semcor	apparatus	word present in another sense	an apparatus that produces a vapor or gas
03463832	grove	artifact	4	3.94	semcor	plot		garden consisting of a small cultivated wood without undergrowth
00940412	invention	act	3	4.04	semcor	creation	word present in another sense	the act of inventing
02122948	kitten	animal	7	3.64	semcor	young		young domestic cat
05736736	pricing	cognition	3	4.04	semcor	appraisal		the evaluation of something in terms of its price
14065412	roots	state	0	4.34	zipf	state		the condition of belonging to a particular place or group by virtue of social or ethnic or
07123552	yelling	communication	3	4.04	semcor	cry		uttering a loud inarticulate cry as of pain or excitement
13491616	healing	process	1	4.23	zipf	organic-process		the natural process by which the body repairs itself
05870790	syndrome	cognition	1	4.23	zipf	concept	word present in another sense	"a complex of concurrent things; ""every word has a syndrome of meanings"""
09657748	Iowa	person	0	4.33	zipf	person		a member of the Siouan people formerly living in Iowa and Minnesota and Missouri
06637677	gen	communication	0	4.33	zipf	information		"informal term for information; ""give me the gen on your new line of computers"""
04898087	manners	attribute	5	3.83	semcor	trait		"social deportment; ""he has the manners of a pig"""
05965022	nationalism	cognition	5	3.83	semcor	doctrine		the doctrine that your national culture and interests are superior to any other
14046202	pregnancy	state	0	4.33	zipf	condition		the state of being pregnant; the period from conception to birth when a woman carries a de
04093223	rings	artifact	0	4.33	zipf	equipment		gymnastic apparatus consisting of a pair of heavy metal circles (usually covered with leat
01562265	robin	animal	0	4.33	zipf	bird		small Old World songbird with a reddish breast
05395286	valve	body	2	4.13	zipf	body-part	word present in another sense	a structure in a hollow organ (like the heart) with a flap to insure one-way flow of fluid
06999233	illustration	communication	4	3.92	semcor	information	word present in another sense	artwork that helps make something clear or attractive
14406573	irritation	state	9	3.42	semcor	condition		the psychological state of being irritated or annoyed
03594945	jeep	artifact	6	3.72	semcor	car		a car suitable for traveling over rough terrain
06318062	verb	communication	6	3.72	semcor	collection		the word class that serves as the predicate of a sentence
06882561	badge	communication	3	4.02	semcor	cognition		an emblem (a small piece of plastic or cloth or metal) that signifies your status (rank or
13795695	bearing	relation	1	4.22	zipf	relation	word present in another sense	"relevant relation or interconnection; ""those issues have no bearing on our situation"""
08434029	machinery	group	3	4.02	semcor	system	word present in another sense	"a system of means and activities whereby a social institution functions; ""the complex mach"
04052658	ranch_house	artifact	3	4.02	semcor	house		a one story house with a low pitched roof
10618848	socialist	person	1	4.22	zipf	politician		a political advocate of socialism
05651242	vocabulary	cognition	5	3.82	semcor	cognition		a language user's knowledge of words
06695227	compliment	communication	4	3.91	semcor	praise		a remark (or act) expressing praise and admiration
08146782	denomination	group	10	3.31	semcor	organization		a group of religious congregations having its own organization and a distinctive faith
13985462	gloom	state	10	3.31	semcor	dark	word present in another sense	"a state of partial or total darkness; ""he struck a match to dispel the gloom"""
07035870	hymn	communication	7	3.61	semcor	musical-composition		a song of praise (to God or to a saint or to a nation)
00095502	liberation	act	4	3.91	semcor	accomplishment	word present in another sense	the act of liberating someone or something
05697976	reliance	cognition	5	3.81	semcor	condition	word present in another sense	"certainty based on past experience; ""he wrote the paper with considerable reliance on the "
05761918	remembrance	cognition	7	3.61	semcor	cognition		the ability to recall past occurrences
07740855	Jonathan	food	0	4.31	zipf	apple		red late-ripening apple; primarily eaten raw
02743426	arsenal	artifact	0	4.31	zipf	artifact		all the weapons and equipment that a country has
02858044	boards	artifact	0	4.31	zipf	stage		"the stage of a theater; ""most actors love to stride the boards"""
05624700	creativity	cognition	3	4.01	semcor	cognition		the ability to create
06637824	database	communication	0	4.31	zipf	information	word present in another sense	an organized body of related information
09869706	Bourbon	person	7	3.6	semcor	adult		a reactionary politician in the United States (usually from the South)
08212146	SA	group	0	4.3	zipf	military-unit		Nazi militia created by Hitler in 1921 that helped him to power but was eclipsed by the SS
11411610	aftermath	phenomenon	4	3.9	semcor	consequence	word present in another sense	"the consequences of an event (especially a catastrophic event); ""the aftermath of war""; ""i"
04783247	authenticity	attribute	7	3.6	semcor	credibility		undisputed credibility
06834245	beta	communication	1	4.2	zipf	letter-of-the-alphabet		the 2nd letter of the Greek alphabet
02236355	bug	animal	1	4.2	zipf	insect		general term for any insect or similar creeping or crawling invertebrate
00126886	catching	act	1	4.2	zipf	act		(baseball) playing the position of catcher on a baseball team
01128390	domination	act	6	3.7	semcor	act	word present in another sense	social control by dominating
07435533	epidemic	event	5	3.8	semcor	event		a widespread outbreak of an infectious disease; many people are infected at the same time
00335988	jerk	act	3	4.0	semcor	motion		an abrupt spasmodic movement
05055974	mortality	attribute	4	3.9	semcor	attribute		the quality or state of being mortal
01062817	pause	act	3	4.0	semcor	act	word present in another sense	temporary inactivity
14516743	pollution	state	1	4.2	zipf	condition		undesirable state of the natural environment being contaminated with harmful substances as
00066075	semester_hour	act	3	4.0	semcor	course-credit		a unit of academic credit; one hour a week for an academic semester
13286524	slice	possession	3	4.0	semcor	possession	word present in another sense	"a share of something; ""a slice of the company's revenue"""
08217302	string_section	group	0	4.3	zipf	organization		the section of an orchestra that plays stringed instruments
04400499	telegraph	artifact	3	4.0	semcor	apparatus		apparatus used to communicate at a distance over a wire (usually in Morse code)
06239361	yoga	cognition	1	4.2	zipf	religion		Hindu discipline aimed at training the consciousness for a state of perfect spiritual insi
06199702	bent	cognition	3	3.99	semcor	inclination	word present in another sense	"a relatively permanent inclination to react in a particular way; ""the set of his mind was "
04745932	consistency	attribute	3	3.99	semcor	similarity		a harmonious uniformity or agreement among things or parts
09981834	cub	person	8	3.49	semcor	person		an awkward and inexperienced youth
00309647	expedition	act	3	3.99	semcor	journey	word present in another sense	a journey organized for a particular purpose
00907919	filming	act	1	4.19	zipf	photography		the act of making a film
07012135	scenario	communication	1	4.19	zipf	information	word present in another sense	an outline or synopsis of a play (or, by extension, of a literary work)
05891783	speculation	cognition	3	3.99	semcor	hypothesis	word present in another sense	a hypothesis that has been formed by speculating or conjecturing (usually with little hard
08087570	Protestant_Church	group	5	3.79	semcor	institution		the Protestant churches and denominations collectively
00978413	bombing	act	2	4.09	zipf	attack		an attack by dropping bombs
03148920	curb	artifact	5	3.79	semcor	edge		an edge between a sidewalk and a roadway consisting of a line of curbstones (usually formi
08588699	midst	location	4	3.89	semcor	inside		"the location of something surrounded by other things; ""in the midst of the crowd"""
00849523	reproduction	act	5	3.79	semcor	organic-process	word present in another sense	the sexual activity of conceiving and bearing offspring
04747445	resemblance	attribute	7	3.59	semcor	similarity		similarity in appearance or external or superficial details
00721431	stead	act	11	3.19	semcor	duty	word present in another sense	"the post or function properly or customarily occupied or served by another; ""can you go in"
05199869	efficacy	attribute	6	3.68	semcor	attribute		"capacity or power to produce a desired effect; ""concern about the safety and efficacy of t"
07272084	logo	communication	0	4.28	zipf	symbol		a company emblem or device
04324910	stocks	artifact	0	4.28	zipf	structure		a frame that supports a boat while it is under construction
06944623	Ukrainian	communication	1	4.18	zipf	natural-language		the Slavic language spoken in the Ukraine
02801525	basin	artifact	2	4.08	zipf	vessel		"a bowl-shaped vessel; usually used for holding food or liquids; ""she mixed the dough in a "
00187144	bull's_eye	act	13	2.98	semcor	accomplishment		"in target shooting: a score made by hitting the center of the target; ""in repeated sets of"
01792042	chick	animal	2	4.08	zipf	chicken		young bird especially of domestic fowl
10041373	earl	person	1	4.18	zipf	leader		a British peer ranking below a marquess and above a viscount
09282724	foam	object	5	3.78	semcor	bubble		"a mass of small bubbles formed in or on a liquid; ""the beer had a thick head of foam"""
07126734	howl	communication	11	3.18	semcor	information		"a long loud emotional utterance; ""he gave a howl of pain""; ""howls of laughter""; ""their how"
03547658	hub	artifact	2	4.08	zipf	physical-object		the central part of a car wheel (or fan or propeller etc) through which the shaft or axle 
08405490	posse	group	11	3.18	semcor	police		a temporary police force
10483530	prophet	person	3	3.98	semcor	visionary		an authoritative person who divines the future
07508705	self-esteem	feeling	4	3.88	semcor	feeling		a feeling of pride in yourself
00347180	shaking	act	2	4.08	zipf	motion		the act of causing something to move up and down (or back and forth) with quick movements
07892418	vintage	food	1	4.18	zipf	wine		a season's yield of wine from a vineyard
08433727	aviation	group	1	4.17	zipf	collection	word present in another sense	the aggregation of a country's military aircraft
02772197	backyard	artifact	4	3.87	semcor	yard		the grounds in back of a house
09879297	bully	person	4	3.87	semcor	wrongdoer		a cruel and brutal fellow
04664058	caution	attribute	3	3.97	semcor	trait	word present in another sense	"the trait of being cautious; being attentive to possible danger; ""a man of caution"""
07225167	caution	communication	3	3.97	semcor	act	word present in another sense	"a warning against certain acts; ""a caveat against unfair practices"""
05054130	continuity	attribute	5	3.77	semcor	attribute		the property of a continuous and connected period of time
14117805	diabetes	state	1	4.17	zipf	genetic-disease		a polygenic disease characterized by abnormally high glucose levels in the blood; any of s
04728786	excellence	attribute	2	4.07	zipf	attribute		the quality of excelling; possessing good qualities in high degree
05845332	genre	cognition	1	4.17	zipf	category		a kind of literary or artistic work
14326607	headache	state	3	3.97	semcor	physical-pain		pain in the head caused by dilation of cerebral arteries or muscle contractions or a react
07162545	hypothesis	communication	4	3.87	semcor	information	word present in another sense	a proposal intended to explain certain facts or observations
13248393	lease	possession	1	4.17	zipf	belongings	word present in another sense	property that is leased or rented out or let
05800272	testament	cognition	2	4.07	zipf	creed		"a profession of belief; ""he stated his political testament"""
07089622	vein	communication	5	3.77	semcor	information	word present in another sense	"a distinctive style or manner; ""he continued in this vein for several minutes"""
08171592	Allies	group	0	4.27	zipf	organization		the alliance of nations that fought the Axis in World War II and which (with subsequent ad
06489968	credits	communication	0	4.27	zipf	list		a list of acknowledgements of those who contributed to the creation of a film (usually run
06427831	editing	communication	0	4.27	zipf	information		putting something (as a literary work or a legislative bill) into acceptable form
15191233	Halloween	time	1	4.16	zipf	time-period		the evening before All Saints' Day; often devoted to pranks played by young people
08389297	artillery	group	3	3.96	semcor	military-unit		an army unit that uses big guns
09813696	assassin	person	6	3.66	semcor	murderer		a murderer (especially one who kills a prominent political figure) who kills by a surprise
09843956	batter	person	7	3.56	semcor	athlete	word present in another sense	(baseball) a ballplayer who is batting
02954068	canvas	artifact	3	3.96	semcor	painting	word present in another sense	an oil painting on canvas fabric
02977936	casino	artifact	1	4.16	zipf	building		a public building for gambling and entertainment
10018861	distributor	person	6	3.66	semcor	person	word present in another sense	someone who markets merchandise
10099375	follower	person	7	3.56	semcor	person		a person who accepts the leadership of another
10216106	investor	person	3	3.96	semcor	person	word present in another sense	someone who commits capital in order to gain financial returns
00797361	marathon	act	1	4.16	zipf	undertaking	word present in another sense	any long and arduous undertaking
10296618	martyr	person	8	3.46	semcor	victim		one who suffers for the sake of principle
10323752	mistress	person	4	3.86	semcor	woman		an adulterous woman; a woman who has an ongoing extramarital sexual relationship with a ma
06893285	premiere	communication	1	4.16	zipf	performance		the first public performance of a play or movie
01184814	proceeding	act	6	3.66	semcor	act		(law) the institution of a sequence of steps by which legal judgments are invoked
05102101	radius	attribute	4	3.86	semcor	spatial-extent		the length of a line segment between the center and circumference of a circle or sphere
10697135	Ted	person	0	4.26	zipf	wrongdoer		a tough youth of 1950's and 1960's wearing Edwardian style clothes
09889941	camper	person	10	3.26	semcor	person		someone living temporarily in a tent or lodge for recreation
08303504	federation	group	0	4.26	zipf	organization		an organization formed by merging several groups or parties
04857738	heroism	attribute	10	3.26	semcor	courage		the qualities of a hero or heroine; exceptional or heroic courage when facing danger (espe
07943300	peoples	group	0	4.26	zipf	people		"the human beings of a particular nation or community or ethnic group; ""the indigenous peop"
08460585	streak	group	2	4.06	zipf	group		"an unbroken series of events; ""had a streak of bad luck""; ""Nicklaus had a run of birdies"""
01744270	Indian_python	animal	5	3.75	semcor	snake		very large python of southeast Asia
01246926	ambush	act	7	3.55	semcor	attack	word present in another sense	the act of concealing yourself and lying in wait to attack by surprise
07990824	brood	group	10	3.25	semcor	group		the young of an animal cared for at one time
05785508	contemplation	cognition	11	3.15	semcor	thinking	word present in another sense	a calm, lengthy, intent consideration
14476852	distress	state	3	3.95	semcor	adversity		"a state of adversity (danger or affliction or need); ""a ship in distress""; ""she was the cl"
10053004	emperor	person	0	4.25	zipf	sovereign		the male ruler of an empire
08161258	governed	group	4	3.85	semcor	group		"the body of people who are citizens of a particular government; ""governments derive their "
03450230	gown	artifact	5	3.75	semcor	dress	word present in another sense	a woman's dress, usually with a close-fitting bodice and a long flared skirt, often worn o
10230097	khan	person	0	4.25	zipf	person		a title given to rulers or other important people in Asian countries
05275905	lower_jaw	body	3	3.95	semcor	jaw		the jaw in vertebrates that is hinged to open the mouth
04773351	mobility	attribute	2	4.05	zipf	attribute		the quality of moving freely
01052372	orientation	act	2	4.05	zipf	locating	word present in another sense	the act of orienting
14786361	phosphate_buffer_solution	substance	10	3.25	semcor	chemical-solution		a solution containing a phosphate buffer
06888345	screening	communication	1	4.15	zipf	information		the display of a motion picture
07963087	stack	group	2	4.05	zipf	pile		an orderly pile
14437976	stature	state	8	3.45	semcor	honour		"high level of respect gained by impressive development or achievement; ""a man of great sta"
05951323	anticipation	cognition	5	3.74	semcor	expectation	word present in another sense	"something expected (as on the basis of a norm); ""each of them had their own anticipations"""
00759694	terrorism	act	0	4.24	zipf	act		the calculated use of violence (or the threat of violence) against civilians in order to a
15201116	Thanksgiving	time	2	4.04	zipf	holiday		fourth Thursday in November in the United States; second Monday in October in Canada; comm
01140193	accreditation	act	7	3.54	semcor	management		the act of granting credit or recognition (especially with respect to educational institut
10008254	desk_sergeant	person	3	3.94	semcor	police-sergeant		the police sergeant on duty in a police station
08440630	dictatorship	group	6	3.64	semcor	group		a form of government in which the ruler is an absolute dictator (not restricted by a const
07039478	finale	communication	2	4.04	zipf	conclusion		the closing section of a musical composition
03560161	idol	artifact	3	3.94	semcor	artifact		"a material effigy that is worshipped; ""thou shalt not make unto thee any graven image""; ""m"
00879271	inspection	act	1	4.14	zipf	work	word present in another sense	"a formal or official examination; ""the platoon stood ready for review""; ""we had to wait fo"
09627906	recipient	person	3	3.94	semcor	person		a person who receives something
10541229	ruler	person	4	3.84	semcor	person	word present in another sense	"a person who rules or commands; ""swayer of the universe"""
00076884	spill	act	4	3.84	semcor	trouble	word present in another sense	"a sudden drop from an upright position; ""he had a nasty spill on the ice"""
09452395	swamp	object	4	3.84	semcor	physical-object	word present in another sense	low land that is seasonally flooded; has more woody plants than a marsh and better drainag
06798187	symptom	communication	6	3.64	semcor	indication	word present in another sense	anything that accompanies X and is regarded as an indication of X's existence
10695050	teammate	person	4	3.84	semcor	associate	word present in another sense	"a fellow member of a team; ""it was his first start against his former teammates"""
00782072	treason	act	4	3.84	semcor	crime		a crime that undermines the offender's government
05910712	vocational_program	cognition	6	3.64	semcor	method		a program of vocational education
09752795	Leo	person	0	4.23	zipf	person	word present in another sense	(astrology) a person who is born while the sun is in Leo
01253277	discharge	act	3	3.93	semcor	act		the act of venting
14837506	dressed_ore	substance	3	3.93	semcor	ore		the desired mineral that is left after impurities have been removed from mined ore
00395333	elimination	act	3	3.93	semcor	act		the act of removing or getting rid of something
00440218	jumping	act	0	4.23	zipf	sport		the act of participating in an athletic competition in which you must jump
14066661	nervous_breakdown	state	3	3.93	semcor	crack-up		a severe or incapacitating emotional disorder
04401680	telephone_booth	artifact	3	3.93	semcor	booth		booth for using a telephone
15291498	tenure	time	3	3.93	semcor	time-period		the term during which some position is held
05849667	texture	cognition	3	3.93	semcor	property	word present in another sense	"the essential quality of something; ""the texture of Neapolitan life"""
06662366	Monroe_Doctrine	communication	6	3.63	semcor	argumentation		an American foreign policy opposing interference in the western hemisphere from outside po
03089348	cone	artifact	4	3.83	semcor	artifact		any cone-shaped artifact
06731378	contention	communication	5	3.73	semcor	assertion		a point asserted as part of an argument
03499796	haven	artifact	1	4.13	zipf	structure	word present in another sense	a shelter serving as a place of safety or sanctuary
15268682	termination	time	5	3.73	semcor	amount		"a coming to an end of a contract period; ""the expiry of his driver's license"""
11521940	ultraviolet	phenomenon	9	3.33	semcor	physical-phenomenon		radiation lying in the ultraviolet range; wave lengths shorter than light but longer than 
02888817	brad	artifact	1	4.12	zipf	nail		a small nail
02209624	bumblebee	animal	13	2.92	semcor	bee		robust hairy social bee of temperate regions
08188235	ensemble	group	5	3.72	semcor	organization		"a group of musicians playing or singing together; ""a string ensemble"""
11465888	haze	phenomenon	8	3.42	semcor	physical-phenomenon		atmospheric moisture or dust or smoke that causes reduced visibility
15137676	leisure	time	3	3.92	semcor	time-period	word present in another sense	"time available for ease and relaxation; ""his job left him little leisure"""
05690269	obstacle	cognition	5	3.72	semcor	cognition	word present in another sense	"something immaterial that stands in the way and must be circumvented or surmounted; ""lack "
10410668	peasant	person	6	3.62	semcor	person	word present in another sense	a country person
00937656	sculpture	act	3	3.92	semcor	artistic-creation	word present in another sense	creating figures or designs in three dimensions
05822239	specimen	cognition	5	3.72	semcor	example	word present in another sense	an example regarded as typical of its class
04402580	telephone_receiver	artifact	3	3.92	semcor	headphone		earphone that converts electrical signals into sounds
08372411	tribe	group	1	4.12	zipf	group	word present in another sense	a social division of (usually preliterate) people
06320569	verb	communication	5	3.72	semcor	word		a content word that denotes an action, occurrence, or state of existence
06983114	Ron	communication	0	4.22	zipf	natural-language		a Chadic language spoken in northern Nigeria
09843716	batman	person	0	4.22	zipf	assistant		an orderly assigned to serve a British military officer
09862621	bobby	person	0	4.22	zipf	policeman		an informal term for a British policeman
07370410	climb	event	0	4.22	zipf	event		an event that involves rising to a higher point (as in altitude or temperature or intensit
10256537	liar	person	2	4.02	zipf	wrongdoer		a person who has lied or who lies repeatedly
13437181	backup	process	0	4.21	zipf	accretion		"an accumulation caused by clogging or a stoppage; ""a traffic backup on the main street""; """
14478684	bankruptcy	state	1	4.11	zipf	failure	word present in another sense	"a state of complete lack of some abstract property; ""spiritual bankruptcy""; ""moral bankrup"
09887850	caller	person	6	3.61	semcor	visitor	word present in another sense	"a social or business visitor; ""the room was a mess because he hadn't expected company"""
00864226	conditional_reflex	act	10	3.21	semcor	organic-process		an acquired response that is under the control of (conditional on the occurrence of) a sti
13484644	freeze	process	1	4.11	zipf	process	word present in another sense	the withdrawal of heat to change something from a liquid to a solid
11469481	infrared	phenomenon	5	3.71	semcor	physical-phenomenon		electromagnetic radiation with wavelengths longer than visible light but shorter than radi
07051620	lied	communication	0	4.21	zipf	musical-composition		a German art song of the 19th century for voice and piano
03727605	masterpiece	artifact	4	3.81	semcor	product		the most outstanding work of a creative artist or craftsman
05711915	melody	cognition	4	3.81	semcor	perception		the perception of pleasant arrangements of musical notes
05378234	pulmonary_vein	body	9	3.31	semcor	vein		any of four veins that carry arterial blood from the lungs to the left atrium of the heart
00276813	staining	act	10	3.21	semcor	act		the act of spotting or staining something
04325704	stole	artifact	0	4.21	zipf	scarf		a wide scarf worn about their shoulders by women
09535622	goddess	person	2	4.01	zipf	deity		a female deity
10272913	loser	person	2	4.01	zipf	person		a contestant who loses the contest
06592991	archives	communication	1	4.1	zipf	publication		collection of records especially about an institution
07510184	awe	feeling	4	3.8	semcor	feeling		"an overwhelming feeling of wonder or admiration; ""he stared over the edge with a feeling o"
02782093	balloon	artifact	3	3.9	semcor	aircraft	word present in another sense	large tough nonrigid bag filled with gas or heated air
02874214	booth	artifact	1	4.1	zipf	table	word present in another sense	a table (in a restaurant or bar) surrounded by two high-backed benches
07379695	chorus	event	3	3.9	semcor	event	word present in another sense	"any utterance produced simultaneously by a group; ""a chorus of boos"""
14810704	chrome	substance	3	3.9	semcor	chromium		another word for chromium when it is used in dyes or pigments
06214744	communism	cognition	4	3.8	semcor	political-orientation		a political theory favoring collectivism in a classless society
02207179	drone	animal	2	4.0	zipf	bee		stingless male bee in a colony of social bees (especially honeybees) whose sole function i
07370671	elevation	event	3	3.9	semcor	event	word present in another sense	"the event of something being raised upward; ""an elevation of the temperature in the aftern"
06868709	fa	communication	0	4.2	zipf	syllable		the syllable naming the fourth (subdominant) note of the diatonic scale in solmization
14521648	fog	state	3	3.9	semcor	atmospheric-state	word present in another sense	an atmosphere in which visibility is reduced because of a cloud of some substance
01228380	gesture	act	3	3.9	semcor	indication	word present in another sense	"something done as an indication of intention; ""a political gesture""; ""a gesture of defianc"
04763293	individuality	attribute	10	3.2	semcor	trait		"the quality of being individual; ""so absorbed by the movement that she lost all sense of i"
12397210	marijuana	plant	0	4.2	zipf	shrub		a strong-smelling plant from whose dried leaves a number of euphoriant and hallucinogenic 
03835197	nude	artifact	2	4.0	zipf	painting		a painting of a naked human figure
05302422	os	body	1	4.1	zipf	passage		a mouth or mouthlike opening
06788565	prescription	communication	2	4.0	zipf	information	word present in another sense	directions prescribed beforehand; the action of prescribing authoritative rules or directi
01322604	puppy	animal	2	4.0	zipf	dog		a young dog
06714552	respects	communication	3	3.9	semcor	information		"(often used with `pay') a formal expression of esteem; ""he paid his respects to the mayor"""
06821770	shaft	communication	3	3.9	semcor	indication	word present in another sense	a line that forms the length of an arrow pointer
06353445	spelling	communication	2	4.0	zipf	information		forming words with letters according to the principles underlying accepted usage
04695176	stain	attribute	5	3.7	semcor	appearance	word present in another sense	"a soiled or discolored appearance; ""the wine left a dark stain"""
00788766	striving	act	7	3.5	semcor	attempt		an effortful attempt to attain a goal
08136260	Federal_Bureau_of_Investigation	group	0	4.19	zipf	organization		a federal law enforcement agency that is the principal investigative arm of the Department
02756098	attire	artifact	7	3.49	semcor	clothing	word present in another sense	"clothing of a distinctive style or for a particular occasion; ""formal attire""; ""battle dre"
13317002	customs	possession	0	4.19	zipf	tariff	word present in another sense	money collected under a tariff
08222750	viewing_audience	group	2	3.99	zipf	group		the audience reached by television
08578951	ghetto	location	5	3.69	semcor	quarter		formerly the restricted quarter of many European cities in which Jews were required to liv
01162376	imprisonment	act	3	3.89	semcor	punishment		putting someone in prison or in jail as lawful punishment
09337048	leak	object	1	4.09	zipf	hole		"an accidental hole that allows something (fluid or light etc.) to enter or escape; ""one of"
08274443	troop	group	5	3.69	semcor	military-unit	word present in another sense	a cavalry unit corresponding to an infantry company
00348953	outreach	act	5	3.68	semcor	motion		"the act of reaching out; ""the outreach toward truth of the human spirit"""
04813540	breeding	attribute	1	4.08	zipf	attribute		elegance by virtue of fineness of manner and expression
06489659	contents	communication	0	4.18	zipf	list		a list of divisions (chapters or articles) and the pages on which they start
05931512	grid	cognition	0	4.18	zipf	cognition		a pattern of regularly spaced horizontal and vertical lines
07326369	opener	event	3	3.88	semcor	event		"the first event in a series; ""she played Chopin for her opener""; ""the season's opener was "
14408646	predicament	state	9	3.28	semcor	condition		"a situation from which extrication is difficult especially an unpleasant or trying one; ""f"
07532440	sadness	feeling	3	3.88	semcor	feeling		emotions experienced when not in a state of well-being
04253751	soap	artifact	0	4.18	zipf	drug	word present in another sense	street names for gamma hydroxybutyrate
04953380	sparkle	attribute	8	3.38	semcor	appearance	word present in another sense	"merriment expressed by a brightness or gleam or animation of countenance; ""he had a sparkl"
10753546	villain	person	3	3.88	semcor	person		a wicked or evil person; someone who does evil deliberately
10520286	Renaissance_man	person	3	3.87	semcor	scholar		a modern scholar who is in a position to acquire more than superficial knowledge about man
00445802	boxing	act	0	4.17	zipf	sport		fighting with the fists
03386011	fortress	artifact	4	3.77	semcor	structure		a fortified defensive structure
03432972	gem	artifact	3	3.87	semcor	fine-art	word present in another sense	art highly prized for its beauty or perfection
13257511	gross_domestic_product	possession	0	4.17	zipf	worth		the measure of an economy adopted by the United States in 1991; the total market values of
04982478	hush	attribute	7	3.47	semcor	silence		"(poetic) tranquil silence; ""the still of the night"""
07579276	swallow	food	3	3.87	semcor	indefinite-quantity		"a small amount of liquid food; ""a sup of ale"""
07044760	symphony	communication	4	3.77	semcor	music		a long and complex sonata for symphony orchestra
06709442	trophy	communication	0	4.17	zipf	symbol	word present in another sense	an award for success in war or hunting
06403393	handwriting	communication	6	3.57	semcor	information	word present in another sense	"something written by hand; ""she recognized his handwriting""; ""his hand was illegible"""
00845523	sexual_intercourse	act	6	3.57	semcor	organic-process	word present in another sense	the act of sexual procreation between a man and a woman; the man's penis is inserted into 
02814533	beach_wagon	artifact	3	3.86	semcor	car	word present in another sense	a car that has a long body and rear door with space behind rear seat
07539790	boredom	feeling	7	3.46	semcor	desire		the feeling of being bored by something tedious
01100877	cooperative	act	3	3.86	semcor	organization		a jointly owned commercial enterprise (usually organized by farmers or consumers) that pro
09966710	correspondent	person	3	3.86	semcor	writer	word present in another sense	a journalist employed to provide news stories for newspapers or broadcast media
04715075	irony	attribute	3	3.86	semcor	characteristic		"incongruity between what might be expected and what actually occurs; ""the irony of Ireland"
10282482	maid	person	3	3.86	semcor	girl	word present in another sense	an unmarried girl (especially a virgin)
00264913	modernization	act	8	3.36	semcor	act		"making modern in appearance or behavior; ""the modernization of Nigeria will be a long proc"
05645597	stupidity	cognition	5	3.66	semcor	cognition		a poor ability to understand or to profit from experience
00424599	cruelty	act	4	3.76	semcor	maltreatment	word present in another sense	a cruel act; a deliberate infliction of pain and suffering
00061290	dispatch	act	4	3.76	semcor	departure	word present in another sense	the act of sending off something
06682794	dispatch	communication	4	3.76	semcor	news-report		an official report (usually sent in haste)
05033410	tolerance	attribute	1	4.06	zipf	strength		the power or capacity of an organism to tolerate unfavorable environmental conditions
05333777	artery	body	5	3.65	semcor	tube		a blood vessel that carries blood from the heart to the body
05726093	believing	cognition	0	4.15	zipf	cognition		"the cognitive process that leads to convictions; ""seeing is believing"""
08456727	bureaucracy	group	6	3.55	semcor	group	word present in another sense	nonelective government officials
13857676	contradiction	relation	7	3.45	semcor	relation	word present in another sense	opposition between two conflicting forces or ideas
05592126	costa	body	0	4.15	zipf	body-part		a riblike part of a plant or animal (such as a middle rib of a leaf or a thickened vein of
14528873	exemption	state	5	3.65	semcor	condition	word present in another sense	immunity from an obligation or duty
10072708	explorer	person	3	3.85	semcor	person		someone who travels into little known regions (especially for some scientific purpose)
07324380	genesis	event	3	3.85	semcor	event		a coming into being
10154601	hack	person	1	4.05	zipf	person	word present in another sense	one who works hard at boring tasks
08226978	hamlet	group	5	3.65	semcor	community		a community of people smaller than a village
03888605	parallel_bars	artifact	1	4.05	zipf	equipment		gymnastic apparatus consisting of two parallel wooden rods supported on uprights
11478299	resonance	phenomenon	5	3.65	semcor	physical-phenomenon		an excited state of a stable particle causing a sharp maximum in the probability of absorp
10583387	settler	person	10	3.15	semcor	traveler		a person who settles in a new colony or moves into new country
05082507	stance	attribute	1	4.05	zipf	attribute		standing posture
04381302	tablet	artifact	1	4.05	zipf	slab		a slab of stone or wood suitable for bearing an inscription
05103072	thickness	attribute	4	3.75	semcor	spatial-extent		the dimension through an object as opposed to its length or width
06504965	timeline	communication	0	4.15	zipf	indication		a sequence of related events arranged in chronological order and displayed along a line (u
14883517	twins	substance	0	4.15	zipf	substance		(mineralogy) two interwoven crystals that are mirror images on each other
13573368	vicious_circle	process	4	3.75	semcor	feedback-loop		one trouble leads to another that aggravates the first
00053609	disappearance	act	4	3.74	semcor	departure		the act of leaving secretly or without explanation
05032565	endurance	attribute	4	3.74	semcor	strength	word present in another sense	"the power to withstand hardship or stress; ""the marathon tests a runner's endurance"""
14126660	blindness	state	7	3.44	semcor	disability		the state of being blind or lacking sight
00840517	dining	act	0	4.14	zipf	consumption		the act of eating dinner
13826959	incidence	relation	5	3.64	semcor	ratio		the relative frequency of occurrence of something
06405699	inscription	communication	6	3.54	semcor	information		letters inscribed (especially words engraved or carved) on something
03891538	parlor	artifact	8	3.34	semcor	room		reception room in an inn or club where visitors can be received
05653575	responsiveness	cognition	11	3.04	semcor	sensitiveness		responsive to stimulation
01145359	restraint	act	5	3.64	semcor	activity	word present in another sense	"the act of controlling by restraining someone or something; ""the unlawful restraint of tra"
00223854	slaughter	act	3	3.84	semcor	act		the killing of animals (as for food)
06402565	typing	communication	3	3.84	semcor	information		writing done with a typewriter
06966310	Portuguese	communication	1	4.03	zipf	natural-language		the Romance language spoken in Portugal and Brazil
10276764	lunatic	person	7	3.43	semcor	person		an insane person
00815801	navigation	act	1	4.03	zipf	activity	word present in another sense	the guidance of ships or airplanes from place to place
02671421	accessory	artifact	5	3.63	semcor	component		a supplementary component that improves capability
11422597	aerosol	phenomenon	11	3.03	semcor	physical-phenomenon		a cloud of solid or liquid particles in a gas
08540532	borough	location	3	3.83	semcor	district		one of the administrative divisions of a large city
07380144	clang	event	15	2.63	semcor	noise	word present in another sense	"a loud resonant repeating noise; ""he could hear the clang of distant bells"""
00553823	commotion	act	10	3.13	semcor	motion		the act of making a noisy disturbance
13456567	decay	process	3	3.83	semcor	process	word present in another sense	a gradual decrease; as of stored charge or current
00123783	gunfire	act	6	3.53	semcor	shooting		"the act of shooting a gun; ""the gunfire endangered innocent bystanders""; ""they retreated i"
00729108	homework	act	0	4.13	zipf	assignment		preparatory school work done outside school (especially at home)
08182962	horde	group	9	3.23	semcor	group	word present in another sense	a vast multitude
00556313	maneuver	act	6	3.53	semcor	act	word present in another sense	"a deliberate coordinated movement requiring dexterity and skill; ""he made a great maneuver"
00074524	oversight	act	3	3.83	semcor	mistake		a mistake resulting from inattention
10407726	patron	person	4	3.73	semcor	customer		a regular customer
10407954	patron	person	4	3.73	semcor	person		someone who supports or champions something
07465290	playoff	event	0	4.13	zipf	contest		any final competition to determine a championship
04558578	watercolor	artifact	9	3.23	semcor	painting		a painting produced with watercolors
00562398	blocking	act	0	4.12	zipf	act	word present in another sense	the act of obstructing or deflecting someone's movements
15058544	cholesterol	substance	4	3.72	semcor	liquid-substance		an animal sterol that is normally synthesized by the liver; the most abundant steroid in a
07066659	expressive_style	communication	7	3.42	semcor	information	word present in another sense	a way of expressing something (in language or art or music etc.) that is characteristic of
14890945	grease	substance	4	3.72	semcor	oil		a thick fatty oil (especially one used to lubricate machinery)
00240184	initiation	act	6	3.52	semcor	act	word present in another sense	"the act of starting something for the first time; introducing something new; ""she looked f"
08509111	jungle	location	0	4.12	zipf	place		a location marked by an intense competition and struggle for survival
13252513	plantation	possession	4	3.72	semcor	landed-estate		an estate where cash crops are grown on a large scale (especially in tropical areas)
08214470	platoon	group	6	3.52	semcor	military-unit		a military unit that is a subdivision of a company; usually has a headquarters and two or 
05807540	realization	cognition	4	3.72	semcor	cognition	word present in another sense	"coming to understand something clearly and distinctly; ""a growing realization of the risk "
08565506	Eden	location	3	3.82	semcor	place		any place of complete bliss and delight and peace
05697135	certainty	cognition	3	3.82	semcor	condition		"the state of being certain; ""his certainty reassured the others"""
07466415	diving	event	1	4.02	zipf	match		an athletic competition that involves diving into water
13491464	hatch	process	3	3.82	semcor	organic-process	word present in another sense	the production of young from an egg
08627161	premises	location	1	4.02	zipf	geographical-area		"land and the buildings on it; ""bread is baked on the premises""; ""the were evicted from the"
00399393	revision	act	3	3.82	semcor	act	word present in another sense	"the act of revising or altering (involving reconsideration and modification); ""it would re"
09921409	chump	person	12	2.91	semcor	person	word present in another sense	a person who is gullible and easy to take advantage of
04700642	coating	attribute	4	3.71	semcor	appearance	word present in another sense	a decorative texture or appearance of a surface (or the substance that gives it that appea
14403282	disturbance	state	5	3.61	semcor	condition	word present in another sense	"an unhappy and worried mental state; ""there was too much anger and disturbance""; ""she didn"
07334206	doom	event	3	3.81	semcor	event		"an unpleasant or disastrous destiny; ""everyone was aware of the approaching doom but was h"
05169601	greatness	attribute	4	3.71	semcor	importance		the property possessed by something or someone of outstanding importance or eminence
05410646	insulin	body	3	3.81	semcor	hormone		hormone secreted by the isles of Langerhans in the pancreas; regulates storage of glycogen
08400331	litter	group	4	3.71	semcor	group		the offspring at one birth of a multiparous mammal
03718458	manor	artifact	3	3.81	semcor	house		the mansion of a lord or wealthy person
11484975	moonlight	phenomenon	5	3.61	semcor	visible-light	word present in another sense	"the light of the Moon; ""moonlight is the smuggler's enemy""; ""the Moon was bright enough to"
01052450	planting	act	3	3.81	semcor	locating		"the act of fixing firmly in place; ""he ordered the planting of policemen outside every doo"
05952678	superstition	cognition	9	3.21	semcor	belief		an irrational belief arising from ignorance or fear
05750163	vogue	cognition	4	3.71	semcor	cognition	word present in another sense	"the popular taste at a given time; ""leather is the latest vogue""; ""he followed current tre"
14973133	pad	substance	1	4.01	zipf	paper		a number of sheets of paper fastened together along one edge
00819024	preservation	act	1	4.01	zipf	protection	word present in another sense	the activity of protecting something from loss or danger
09740724	Anglo-American	person	3	3.8	semcor	inhabitant		an American who was born in Britain or one whose ancestors were British
12352287	banana	plant	1	4.0	zipf	plant	word present in another sense	any of several tropical and subtropical treelike herbs of the genus Musa having a terminal
13953467	citizenship	state	0	4.1	zipf	status		the status of a citizen with rights and duties
00451370	cycling	act	0	4.1	zipf	sport		the sport of traveling on a bicycle or motorcycle
15243976	eternity	time	3	3.8	semcor	time		time without end
07235335	indictment	communication	4	3.7	semcor	legal-document		a formal document written for a prosecuting attorney charging a person with some offense
06218623	liberalism	cognition	6	3.5	semcor	political-orientation		a political orientation that favors social progress by reform and by changing laws rather 
15141213	millennium	time	4	3.7	semcor	time-period		a span of 1000 years
03792334	mound	artifact	5	3.6	semcor	equipment	word present in another sense	(baseball) the slight elevation on which the pitcher stands
04517535	vaccine	artifact	1	4.0	zipf	antigen		immunogen consisting of a suspension of weakened or dead pathogenic cells injected in orde
15088308	vinyl	substance	1	4.0	zipf	chemical-group	word present in another sense	a univalent chemical radical derived from ethylene
04975122	hue	attribute	6	3.49	semcor	attribute		the quality of a color as determined by its dominant wavelength
15092409	vitamin_E	substance	1	3.99	zipf	vitamin		a fat-soluble vitamin that is essential for normal reproduction; an important antioxidant 
09654374	Dakota	person	0	4.09	zipf	person		a member of the Siouan people of the northern Mississippi valley; commonly called the Siou
06932130	Karen	communication	0	4.09	zipf	natural-language		the Tibeto-Burman language spoken in the Thailand and Burmese borderlands
13439088	blaze	process	4	3.69	semcor	flame		"a strong flame that burns brightly; ""the blaze spread rapidly"""
09968845	counselor	person	3	3.79	semcor	adviser		someone who gives advice about problems
06691442	encouragement	communication	3	3.79	semcor	information		the expression of approval and support
08572162	flies	location	0	4.09	zipf	region		(theater) the space over the stage (out of view of the audience) used to store scenery (dr
02377703	saddle_horse	animal	4	3.69	semcor	horse		a lightweight horse kept for riding only
10625438	sophomore	person	4	3.69	semcor	student		a second-year undergraduate
10722965	traitor	person	4	3.69	semcor	criminal		someone who betrays his country by committing treason
04903813	composure	attribute	9	3.18	semcor	disposition		"steadiness of mind under stress; ""he accepted their problems with composure and she with e"
14127211	infectious_disease	state	3	3.78	semcor	communicable-disease		a disease transmitted only by a specific kind of contact
00770270	misdemeanor	act	7	3.38	semcor	crime	word present in another sense	a crime less serious than a felony
01743605	python	animal	3	3.78	semcor	snake		large Old World boas
14143415	tuberculosis	state	5	3.58	semcor	communicable-disease		infection transmitted by inhalation or ingestion of tubercle bacilli and manifested in fev
01136265	conducting	act	0	4.07	zipf	management		the way of administering a business
09614047	coward	person	4	3.67	semcor	person		a person who shows fear or timidity
07507098	embarrassment	feeling	3	3.77	semcor	shame		the shame you feel when your inadequacy or guilt is made public
03420559	garrison	artifact	4	3.67	semcor	facility		a fortified military post where troops are stationed
13959069	occurrence	state	3	3.77	semcor	presence		"an instance of something occurring; ""a disease of frequent occurrence""; ""the occurrence (o"
10371450	officeholder	person	23	1.77	semcor	official		"someone who is appointed or elected to an office and who holds a position of trust; ""he is"
06541820	prohibition	communication	3	3.77	semcor	legal-document	word present in another sense	"a law forbidding the sale of alcoholic beverages; ""in 1920 the 18th amendment to the Const"
05855748	quantum	cognition	0	4.07	zipf	quantity	word present in another sense	a discrete amount of something that is analogous to the quantities in quantum theory
12136720	reed	plant	0	4.07	zipf	plant		tall woody perennial grasses with hollow slender stems especially of the genera Arundo and
05805902	comprehension	cognition	5	3.57	semcor	cognition		an ability to understand the meaning or importance of something (or the knowledge acquired
07407970	flux	event	5	3.57	semcor	event	word present in another sense	a flow or discharge
05859071	parameter	cognition	5	3.57	semcor	quantity	word present in another sense	a constant in the equation of a curve that can be varied to yield a family of similar curv
09935434	collaborator	person	9	3.16	semcor	associate	word present in another sense	"an associate in an activity or endeavor or sphere of common interest; ""the musician and th"
15055633	vapor	substance	5	3.56	semcor	mixture		a visible suspension in the air of particles of some substance
06013471	decomposition	cognition	8	3.26	semcor	vector-algebra		the analysis of a vector field
13392688	guinea	possession	0	4.06	zipf	coin		a former British gold coin worth 21 shillings
15016314	gunpowder	substance	8	3.26	semcor	explosive	word present in another sense	a mixture of potassium nitrate, charcoal, and sulfur in a 75:15:10 ratio which is used in 
04047401	railing	artifact	8	3.26	semcor	physical-barrier	word present in another sense	a barrier consisting of a horizontal bar and supports
06698150	Associate_in_Nursing	communication	0	4.05	zipf	academic-degree		an associate degree in nursing
07529817	belonging	feeling	0	4.05	zipf	feeling		"happiness felt in a secure relationship; ""with his classmates he felt a sense of belonging"
00461782	bowling	act	0	4.05	zipf	game		a game in which balls are rolled at an object or group of objects with the aim of knocking
07433973	distortion	event	5	3.55	semcor	damage	word present in another sense	a change for the worse
14415163	loneliness	state	4	3.65	semcor	isolation		the state of being alone in solitary isolation
03786715	mortar	artifact	3	3.75	semcor	artifact	word present in another sense	a muzzle-loading high-angle gun with a short barrel that fires shells at high elevations f
05526384	penis	body	0	4.05	zipf	organ	word present in another sense	the male organ of copulation (`member' is a euphemism)
04178897	sewage_system	artifact	5	3.55	semcor	facility		facility consisting of a system of sewers for carrying off liquid and solid sewage
04201618	shook	artifact	0	4.05	zipf	barrel		a disassembled barrel; the parts packed for storage or shipment
13938210	status_quo	state	3	3.75	semcor	situation		the existing state of affairs
07491476	amusement	feeling	3	3.74	semcor	pleasure		a feeling of delight at being entertained
14081941	seizure	state	3	3.74	semcor	trouble		"a sudden occurrence (or recurrence) of a disease; ""he suffered an epileptic seizure"""
06373645	storyline	communication	3	3.74	semcor	storyline	word present in another sense	the plot of a book or play or film
10682850	sweetheart	person	3	3.74	semcor	person		"any well-liked individual; ""he's a sweetheart"""
10682953	sweetheart	person	3	3.74	semcor	person		a person loved by another person
15264363	tempo	time	3	3.74	semcor	time	word present in another sense	(music) the speed at which a composition is to be played
06699579	Bachelor_of_Science	communication	1	3.94	zipf	academic-degree		a bachelor's degree in science
02690270	airline	artifact	0	4.04	zipf	hose	word present in another sense	a hose that carries air under pressure
00999245	calibration	act	7	3.34	semcor	activity		the act of checking or adjusting (by comparison with a standard) the accuracy of a measuri
03078802	commuter	artifact	6	3.44	semcor	train		a passenger train that is ridden primarily by passengers who travel regularly from one pla
07492655	consolation	feeling	5	3.54	semcor	pleasure	word present in another sense	"the comfort you feel when consoled in times of disappointment; ""second place was no consol"
00418903	exploitation	act	2	3.84	zipf	practice		"an act that exploits or victimizes someone (treats them unfairly); ""capitalistic exploitat"
08482113	flank	group	4	3.64	semcor	group	word present in another sense	"the side of military or naval formation; ""they attacked the enemy's right flank"""
04744814	likeness	attribute	7	3.34	semcor	similarity		"similarity in appearance or character or nature between persons or things; ""man created Go"
04179126	sewer	artifact	4	3.64	semcor	drain	word present in another sense	a waste pipe that carries away sewage or surface water
10677271	supplier	person	2	3.84	zipf	person		someone whose business is to supply a particular service or commodity
04363210	surface-to-air_missile	artifact	0	4.04	zipf	rocket		a guided missile fired from land or shipboard against an airborne target
12396924	cannabis	plant	0	4.03	zipf	shrub		any plant of the genus Cannabis; a coarse bushy annual with palmate leaves and clusters of
07323231	manifestation	event	6	3.43	semcor	event		"a clear appearance; ""a manifestation of great emotion"""
07904190	marc	food	0	4.03	zipf	brandy		made from residue of grapes or apples after pressing
07392483	rumble	event	6	3.43	semcor	noise		"a loud low dull continuous noise; ""they heard the rumbling of thunder"""
15225797	semester	time	0	4.03	zipf	school-term		one of two divisions of an academic year
05927586	stereotype	cognition	6	3.43	semcor	cognition		"a conventional or formulaic conception or image; ""regional stereotypes have been part of A"
09544109	vampire	person	0	4.03	zipf	disembodied-spirit		(folklore) a corpse that rises at night to drink the blood of the living
00959992	maneuver	act	5	3.53	semcor	military-operation		a military training exercise
07106800	metaphor	communication	3	3.73	semcor	information		a figure of speech in which an expression is used to refer to something that it does not l
05793210	rationale	cognition	5	3.53	semcor	thinking	word present in another sense	(law) an explanation of the fundamental reasons (especially an explanation of the working 
07050177	refrain	communication	4	3.63	semcor	music	word present in another sense	the part of a song where a soloist is joined by a group of singers
07534430	sorrow	feeling	3	3.73	semcor	feeling	word present in another sense	"an emotion of great sadness associated with loss or bereavement; ""he tried to express his "
01169744	confrontation	act	3	3.72	semcor	act	word present in another sense	"the act of hostile groups opposing each other; ""the government was not ready for a confron"
06216160	conservatism	cognition	6	3.42	semcor	political-orientation		a political or theological orientation advocating the preservation of the best in society 
06422144	instruction_manual	communication	1	3.92	zipf	manual		a manual usually accompanying a technical device and explaining how to install or operate 
00420477	persecution	act	3	3.72	semcor	maltreatment		the act of persecuting (especially on the basis of race or religion)
06376572	prose	communication	3	3.72	semcor	information		ordinary writing as distinguished from verse
00931847	realization	act	3	3.72	semcor	creation		making real or giving the appearance of reality
04111962	rotor	artifact	6	3.42	semcor	device		the rotating armature of a motor or generator
01215036	sponsorship	act	3	3.72	semcor	support		the act of sponsoring (either officially or financially)
00205891	forfeit	act	7	3.32	semcor	act	word present in another sense	the act of losing or surrendering something as a penalty for a mistake or fault or failure
03513376	helmet	artifact	0	4.02	zipf	shield	word present in another sense	armor plate that protects the head
13936304	inclusion	state	0	4.02	zipf	situation		the state of being included
00457228	innings	act	0	4.02	zipf	activity		the batting turn of a cricket player or team
01237415	consolidation	act	3	3.71	semcor	act	word present in another sense	"the act of combining into an integral whole; ""a consolidation of two corporations""; ""after"
05262185	mustache	body	6	3.41	semcor	hair		"an unshaved growth of hair on the upper lip; ""he looked younger after he shaved off his mu"
13804375	paradigm	relation	4	3.61	semcor	relation		systematic arrangement of all the inflected forms of a word
05510907	tract	body	3	3.71	semcor	body-part	word present in another sense	a system of body parts that together serve some particular purpose
08673395	tract	location	3	3.71	semcor	geographical-area	word present in another sense	an extended area of land
14931472	aa	substance	0	4.01	zipf	stone		a dry form of lava resembling clinkers
07519040	harassment	feeling	0	4.01	zipf	anger		"a feeling of intense annoyance caused by being tormented; ""so great was his harassment tha"
06698640	Bachelor_of_Arts	communication	1	3.9	zipf	academic-degree		a bachelor's degree in arts and sciences
01036333	Communion	act	4	3.6	semcor	practice		"the act of participating in the celebration of the Eucharist; ""the governor took Communion"
05854150	abstraction	cognition	7	3.3	semcor	concept		"a concept or idea not associated with any specific instance; ""he loved her only in the abs"
09771204	admiral	person	0	4.0	zipf	skilled-worker		the supreme commander of a fleet; ranks above a vice admiral and below a fleet admiral
07220586	anecdote	communication	8	3.2	semcor	act		short account of an incident (especially a biographical one)
02792552	barge	artifact	5	3.5	semcor	boat	word present in another sense	a flatbottom boat for carrying heavy loads (especially on canals)
02956699	capitol	artifact	0	4.0	zipf	building		a building occupied by a state legislature
14487731	contamination	state	3	3.7	semcor	condition	word present in another sense	the state of being contaminated
04915866	crust	attribute	3	3.7	semcor	manner	word present in another sense	the trait of being rude and impertinent; inclined to take liberties
13836550	elevation	relation	1	3.9	zipf	spatial-relation	word present in another sense	angular distance above the horizon (especially of a celestial object)
04840011	kindness	attribute	0	4.0	zipf	good		the quality of being warmhearted and considerate and humane and sympathetic
07317144	lottery	event	0	4.0	zipf	chance-event	word present in another sense	"something that is regarded as a chance event; ""the election was just a lottery to them"""
05145708	marginal_cost	attribute	3	3.7	semcor	worth	word present in another sense	the increase or decrease in costs as a result of one more or one less unit of output
00822970	precaution	act	6	3.4	semcor	measure	word present in another sense	"a precautionary measure warding off impending danger or damage or injury etc.; ""he put an "
14543931	vulnerability	state	3	3.7	semcor	danger	word present in another sense	"the state of being vulnerable or exposed; ""his vulnerability to litigation""; ""his exposure"
07377473	blare	event	16	2.39	semcor	noise		a loud harsh or strident noise
09871229	cub	person	5	3.49	semcor	male-child		a male child (a familiar term of address to a boy)
06644393	fingerprint	communication	5	3.49	semcor	indication		a print made by an impression of the ridges in the skin of a finger; often used for biomet
03577818	interchange	artifact	5	3.49	semcor	junction		a junction of highways on different levels that permits traffic to move from one to anothe
13404248	ledger	possession	5	3.49	semcor	transaction-record	word present in another sense	"a record in which commercial accounts are recorded; ""they got a subpoena to examine our bo"
09821253	attacker	person	4	3.59	semcor	wrongdoer		someone who attacks
04749709	discrepancy	attribute	7	3.29	semcor	attribute	word present in another sense	"a difference between conflicting facts or claims or opinions; ""a growing divergence of opi"
14461231	entirety	state	3	3.69	semcor	unity		"the state of being total and complete; ""he read the article in its entirety""; ""appalled by"
14486767	purity	state	3	3.69	semcor	condition		being undiluted or unmixed with extraneous material
04087126	rib	artifact	4	3.59	semcor	support-device	word present in another sense	support resembling the rib of an animal
02355227	squirrel	animal	3	3.69	semcor	mammal		a kind of arboreal rodent having a long bushy tail
04728376	superiority	attribute	4	3.59	semcor	quality		the quality of being superior
14699321	bank_gravel	substance	3	3.68	semcor	gravel		gravel as found in natural deposits
08236438	consortium	group	3	3.68	semcor	association	word present in another sense	an association of companies for some definite purpose
04067658	reel	artifact	3	3.68	semcor	photographic-film	word present in another sense	a roll of photographic film holding a series of frames to be projected by a movie projecto
04145056	scenery	artifact	3	3.68	semcor	stage-set	word present in another sense	"the painted structures of a stage set that are intended to suggest a particular locale; ""t"
01235463	vengeance	act	3	3.68	semcor	retaliation		the act of taking revenge (harming someone in retaliation for something harmful that they 
14055408	ailment	state	10	2.98	semcor	condition		an often persistent bodily disorder or disease; a cause for complaining
14279632	crown_gall	state	7	3.28	semcor	plant-disease		a bacterial disease of plants (especially pome and stone fruits and grapes and roses) whic
01179707	disobedience	act	7	3.28	semcor	act		the failure to obey
07069948	formulation	communication	5	3.48	semcor	information		"the style of expressing yourself; ""he suggested a better formulation""; ""his manner of expr"
05327767	gland	body	6	3.38	semcor	organ		any of various organs that synthesize substances needed by the body and release it through
07517737	indignation	feeling	9	3.08	semcor	anger		a feeling of righteous anger
04211528	shutter	artifact	5	3.48	semcor	mechanism	word present in another sense	a mechanical device on a camera that opens and closes to control the time of a photographi
08174398	North_Atlantic_Treaty_Organization	group	0	3.97	zipf	organization		an international organization created in 1949 by the North Atlantic Treaty for purposes of
00048828	advent	act	3	3.67	semcor	accomplishment		"arrival that has been awaited (especially of something momentous); ""the advent of the comp"
06604319	ambiguity	communication	6	3.37	semcor	saying	word present in another sense	an expression whose meaning cannot be determined from its context
07496755	anguish	feeling	6	3.37	semcor	painfulness	word present in another sense	extreme mental distress
02753044	atom_bomb	artifact	3	3.67	semcor	bomb		a nuclear weapon in which enormous energy is released by nuclear fission (splitting the nu
06801580	contour	communication	6	3.37	semcor	indication	word present in another sense	a line drawn on a map connecting points of equal height
14264858	foot_rot	state	3	3.67	semcor	animal-disease		contagious degenerative infection of the feet of hoofed animals (especially cattle and she
13986679	gratification	state	7	3.27	semcor	emotion	word present in another sense	"state of being gratified or satisfied; ""dull repetitious work gives no gratification""; ""to"
04732543	hallmark	attribute	6	3.37	semcor	characteristic	word present in another sense	a distinctive characteristic or attribute
15281870	revolutions_per_minute	time	6	3.37	semcor	relation		"rate of revolution of a motor; ""the engine was doing 6000 revs"""
04241940	slit	artifact	5	3.47	semcor	artifact		a long narrow opening
00999588	tuning	act	3	3.67	semcor	activity		(music) calibrating something (an instrument or electronic circuit) to a standard frequenc
08682389	western_hemisphere	location	3	3.67	semcor	hemisphere	word present in another sense	the hemisphere that includes North America and South America
05706629	disregard	cognition	3	3.66	semcor	cognition	word present in another sense	lack of attention and due care
04952570	glare	attribute	6	3.36	semcor	attribute	word present in another sense	a light within the field of vision that is brighter than the brightness to which the eyes 
00736375	mischief	act	6	3.36	semcor	activity		reckless or malicious behavior that causes discomfort or annoyance in others
15150134	sixties	time	6	3.36	semcor	decade		the decade from 1960 to 1969
00510475	spree	act	4	3.56	semcor	act		a brief indulgence of your impulses
10650162	statesman	person	5	3.46	semcor	politician		a man who is a respected leader in national or international affairs
08087981	Anglican_Church	group	6	3.35	semcor	organization		the national church of England (and all other churches in other countries that share its b
05940414	blur	cognition	4	3.55	semcor	cognition		"a hazy or indistinct representation; ""it happened so fast it was just a blur""; ""he tried t"
06489070	checklist	communication	5	3.45	semcor	list		a list of items (names or tasks etc.) to be checked or consulted
14446652	discomfort	state	3	3.65	semcor	condition		the state of being tense and feeling pain
05699434	hesitation	cognition	4	3.55	semcor	incertitude		indecision in speech or action
05985381	lore	cognition	4	3.55	semcor	cognition		"knowledge gained through tradition or anecdote; ""early peoples passed on plant and animal "
00874977	marking	act	0	3.95	zipf	judgment		"evaluation of performance by assigning a grade or score; ""what he disliked about teaching "
00739270	negligence	act	3	3.65	semcor	act	word present in another sense	failure to act with the prudence that a reasonable person would exercise under the same ci
03839993	obstruction	artifact	4	3.55	semcor	structure		any structure that makes progress difficult
11477921	resonance	phenomenon	3	3.65	semcor	oscillation		a vibration of large amplitude produced by a relatively small vibration near the same freq
13111504	stump	plant	5	3.45	semcor	plant-part		the base part of a tree that remains standing after the tree has been felled
14455966	vacancy	state	3	3.65	semcor	condition		being unoccupied
09925592	claimant	person	8	3.14	semcor	applicant		"someone who claims a benefit or right or title; ""claimants of unemployment compensation""; "
00203753	avoidance	act	4	3.54	semcor	rejection		deliberately avoiding; keeping away from or preventing from happening
02809364	baton	artifact	3	3.64	semcor	rod		a thin tapered rod used by a conductor to lead an orchestra or choir
02378625	charger	animal	3	3.64	semcor	horse	word present in another sense	formerly a strong swift horse ridden into battle
03040587	cleansing_agent	artifact	4	3.54	semcor	compound		a preparation used in cleaning something
10212501	interpreter	person	4	3.54	semcor	mediator	word present in another sense	someone who mediates between speakers of different languages
05707495	intuition	cognition	4	3.54	semcor	cognition	word present in another sense	instinctive knowing (without the use of rational processes)
07978423	mythology	group	3	3.64	semcor	collection		myths collectively; the body of stories associated with a culture or institution or person
00863513	reflex	act	5	3.44	semcor	organic-process		an automatic instinctive unlearned reaction to a stimulus
07348258	swell	event	3	3.64	semcor	wave		the undulating movement of the surface of the open sea
10433737	pimp	person	5	3.43	semcor	wrongdoer		someone who procures customers for whores (in England they call a pimp a ponce)
06486161	batting_order	communication	1	3.83	zipf	roster	word present in another sense	"(baseball) a list of batters in the order in which they will bat; ""the managers presented "
13439390	blooming	process	6	3.33	semcor	organic-process		"the organic process of bearing flowers; ""you will stop all bloom if you let the flowers go"
05285623	marrow	body	4	3.53	semcor	tissue		the fatty network of connective tissue that fills the cavities of bones
10438172	planner	person	4	3.53	semcor	person	word present in another sense	a person who makes plans
09701603	Englishman	person	5	3.42	semcor	inhabitant		a man who is a native or inhabitant of England
02670186	accelerator	artifact	5	3.42	semcor	valve	word present in another sense	a valve that regulates the supply of fuel to the engine
04951716	aura	attribute	4	3.52	semcor	attribute	word present in another sense	an indication of radiant light drawn around the head of a saint
03141065	cruiser	artifact	4	3.52	semcor	car		a car in which policemen cruise the streets; equipped with radiotelephonic communications 
01020488	high_fidelity	act	4	3.52	semcor	activity		the reproduction of sound with little or no distortion
07453195	initiation	event	4	3.52	semcor	ceremony	word present in another sense	"a formal entry into an organization or position or office; ""his initiation into the club"";"
04762915	specificity	attribute	7	3.22	semcor	attribute		"the quality of being specific rather than general; ""add a desirable note of specificity to"
00366846	escalation	act	6	3.32	semcor	act		"an increase to counteract a perceived discrepancy; ""higher wages caused an escalation of p"
06704115	Ph.D.	communication	0	3.91	zipf	academic-degree		a doctorate usually based on at least 3 years graduate study and a dissertation; the highe
04658106	hostility	attribute	3	3.61	semcor	disposition	word present in another sense	"a hostile (very unfriendly) disposition; ""he could not conceal his hostility"""
13541975	proliferation	process	3	3.61	semcor	growth		growth by the rapid multiplication of parts
01384687	parasite	animal	4	3.51	semcor	organism		an animal or plant that lives in or on a host (another animal or plant); it obtains nouris
07234230	accusation	communication	3	3.6	semcor	information	word present in another sense	a formal charge of wrongdoing brought against a person; the act of imputing blame or guilt
09821831	attendant	person	3	3.6	semcor	assistant		someone who waits on or tends to or attends to the needs of another
14798039	carbon_tetrachloride	substance	19	2.0	semcor	solvent		a colorless nonflammable liquid used as a solvent for fats and oils; because of its toxici
07134575	communion	communication	3	3.6	semcor	communication		sharing thoughts and feelings
10157128	halfback	person	9	3.0	semcor	football-player		(football) the running back who plays the offensive halfback position
05493303	lobe	body	6	3.3	semcor	body-part		"(anatomy) a somewhat rounded subdivision of a bodily organ or part; ""ear lobe"""
00266645	ventilation	act	3	3.6	semcor	act		the act of supplying fresh air and getting rid of foul air
13940456	acme	state	10	2.89	semcor	state	word present in another sense	"the highest level or degree attainable; the highest stage of development; ""his landscapes "
01074970	naval_blockade	act	4	3.49	semcor	military-action		the interdiction of a nation's lines of communication at sea by the use of naval power
08403907	Iraqi_National_Congress	group	0	3.89	zipf	group		a heterogeneous collection of groups united in their opposition to Saddam Hussein's govern
08053407	Soviets	group	3	3.59	semcor	government		"the government of the Soviet Union; ""the Soviets said they wanted to increase trade with E"
05149832	avail	attribute	3	3.59	semcor	attribute	word present in another sense	"a means of serving; ""of no avail""; ""there's no help for it"""
05486510	cerebral_cortex	body	6	3.29	semcor	body-part		the layer of unmyelinated neurons (the grey matter) forming the cortex of the cerebrum
07125523	exclamation	communication	8	3.09	semcor	information		"an abrupt excited utterance; ""she gave an exclamation of delight""; ""there was much exclaim"
08182716	multitude	group	3	3.59	semcor	group		a large gathering of people
01144355	scheduling	act	2	3.69	zipf	activity	word present in another sense	setting an order and time for planned events
10601078	sinner	person	5	3.39	semcor	wrongdoer		a person who sins (without repenting)
09730533	Scot	person	6	3.28	semcor	inhabitant		a native or inhabitant of Scotland
05902327	blueprint	cognition	4	3.48	semcor	plan	word present in another sense	"something intended as a guide for making something else; ""a blueprint for a house""; ""a pat"
07502829	disapproval	feeling	6	3.28	semcor	feeling		a feeling of disliking something or what someone is doing
10042845	eccentric	person	3	3.58	semcor	person		a person with an unusual or odd personality
03282591	emblem	artifact	3	3.58	semcor	decorative-design		special design or visual object representing a quality, type, group, etc.
05068461	gradient	attribute	4	3.48	semcor	spatial-relation	word present in another sense	"the property possessed by a line or surface that departs from the horizontal; ""a five-degr"
07304852	misfortune	event	5	3.38	semcor	trouble		unnecessary and unforeseen trouble resulting from an unfortunate event
14475405	misfortune	state	5	3.38	semcor	destiny		an unfortunate state resulting from unfavorable outcomes
01018630	repetition	act	4	3.48	semcor	activity		the act of doing or performing again
06227263	Catholicism	cognition	5	3.37	semcor	religion		the beliefs and practices of a Catholic Church
00847340	coupling	act	4	3.47	semcor	organic-process	word present in another sense	"the act of pairing a male and female for reproductive purposes; ""the casual couplings of a"
01020936	imitation	act	4	3.47	semcor	activity		copying (or trying to copy) the actions of someone else
03562126	imitation	artifact	4	3.47	semcor	copy		something copied or derived from an original
07565725	ration	food	7	3.17	semcor	food		"the food allowance for one day (especially for service personnel); ""the rations should be "
00141396	autopsy	act	3	3.57	semcor	work		an examination and dissection of a dead body to determine cause of death or the changes pr
01172441	hassle	act	3	3.57	semcor	fight		disorderly fighting
08539276	outskirts	location	3	3.56	semcor	region		"outlying areas (as of a city or town); ""they lived on the outskirts of Houston""; ""they min"
13556509	slump	process	5	3.36	semcor	process		"a noticeable deterioration in performance or quality; ""the team went into a slump""; ""a gra"
07693972	biscuit	food	4	3.45	semcor	bread		small round bread leavened with baking-powder or soda
10120085	gangster	person	3	3.55	semcor	criminal		a criminal who is a member of gang
00837098	gasp	act	4	3.45	semcor	organic-process		"a short labored intake of breath with the mouth open; ""she gave a gasp and fainted"""
05774614	inference	cognition	6	3.25	semcor	thinking		the reasoning involved in drawing a conclusion or making a logical judgment on the basis o
07683786	loaf_of_bread	food	4	3.45	semcor	bread		a shaped mass of baked bread that is usually sliced before eating
07202391	portrayal	communication	3	3.55	semcor	information	word present in another sense	a word picture of a person's appearance and character
07391240	rattle	event	5	3.35	semcor	noise	word present in another sense	a rapid series of short loud sounds (as might be heard with a stethoscope in some types of
00100543	rendition	act	4	3.45	semcor	performing		"the act of interpreting something as expressed in an artistic performance; ""her rendition "
10669991	subordinate	person	4	3.45	semcor	assistant		an assistant subject to the authority or control of another
06622709	telegram	communication	3	3.55	semcor	message	word present in another sense	a message transmitted by telegraph
09708405	Frenchman	person	5	3.34	semcor	inhabitant		a person of French nationality
02831724	berth	artifact	4	3.44	semcor	bed		a bed on a ship or train; usually in tiers
08581503	haunt	location	3	3.54	semcor	region	word present in another sense	a frequently visited place
07191777	insistence	communication	4	3.44	semcor	demand	word present in another sense	continual and persistent demands
08409969	preparatory_school	group	4	3.44	semcor	school		a private secondary school
14433587	prominence	state	3	3.54	semcor	status		the state of being prominent: widely known or eminent
08683383	whereabouts	location	3	3.54	semcor	place		"the general location where something is; ""I questioned him about his whereabouts on the ni"
11470492	kinetic_energy	phenomenon	4	3.43	semcor	physical-phenomenon		the mechanical energy that a body has by virtue of its motion
06687358	sanction	communication	4	3.43	semcor	information	word present in another sense	"formal and explicit approval; ""a Democrat usually gets the union's endorsement"""
02679788	additive	artifact	5	3.33	semcor	addition		something added to enhance food or gasoline or paint or medicine
05714466	aroma	cognition	6	3.23	semcor	perception	word present in another sense	a distinctive odor that is pleasant
05032351	backbone	attribute	3	3.53	semcor	courage	colloquial,word present in another sense	"fortitude and determination; ""he didn't have the guts to try it"""
02984699	cathode	artifact	8	3.03	semcor	device		a negatively charged electrode that is the source of electrons entering an electrical devi
03422072	gas_burner	artifact	3	3.53	semcor	apparatus		burner such that combustible gas issues from a nozzle to form a steady flame
06176107	syntax	cognition	3	3.53	semcor	cognition		the grammatical arrangement of words in sentences
02783324	ballroom	artifact	3	3.52	semcor	room		large room used mainly for dancing
09938272	color_bearer	person	4	3.42	semcor	soldier		the soldier who carries the standard of the unit in military parades or in battle
01223257	condemnation	act	3	3.52	semcor	judgment		(law) the act of condemning (as land forfeited for public use) or judging to be unfit for 
03726760	mast	artifact	3	3.52	semcor	pole		a vertical spar for supporting sails
03801880	music_stool	artifact	3	3.52	semcor	stool		a stool for piano players; usually adjustable in height
10388440	overlord	person	8	3.02	semcor	person		a person who has general authority over others
04571566	weir	artifact	3	3.52	semcor	dam		a low dam built across a stream to raise its level or divert its flow
05670972	worldly_concern	cognition	5	3.32	semcor	matter-of-concern	word present in another sense	"the concerns of this life as distinguished from heaven and the afterlife; ""they consider t"
06607809	absurdity	communication	6	3.21	semcor	nonsense		a message whose content is at variance with reason
03054311	clubhouse	artifact	4	3.41	semcor	building	word present in another sense	"a building that is occupied by a social club; ""the clubhouse needed a new roof"""
14500567	clutter	state	6	3.21	semcor	disorderliness		a confused multitude of things
14435445	eminence	state	6	3.21	semcor	status	word present in another sense	"high status importance owing to marked superiority; ""a scholar of great eminence"""
07344663	ripple	event	4	3.41	semcor	wave		a small wave on the surface of a liquid
08613345	silhouette	location	5	3.31	semcor	lineation		an outline of a solid object (as cast by its shadow)
07443761	substitution	event	4	3.41	semcor	variation	word present in another sense	"an event in which one thing is substituted for another; ""the replacement of lost blood by "
04788011	airs	attribute	3	3.51	semcor	attribute		"affected manners intended to impress others; ""don't put on airs with me"""
02758134	auditorium	artifact	3	3.51	semcor	structure		the area of a theater or concert hall where the audience sits
10098710	foe	person	3	3.51	semcor	person	word present in another sense	"a personal enemy; ""they had been political foes for years"""
00041899	acquiring	act	0	3.8	zipf	act		"the act of acquiring something; ""I envied his talent for acquiring""; ""he's much more inter"
09188229	adjunct	object	5	3.3	semcor			something added to another thing but not an essential part of it
09875540	brigadier	person	5	3.3	semcor	skilled-worker		a general officer ranking below a major general
08541609	commune	location	5	3.3	semcor	district		the smallest administrative district of several European countries
05037813	ferocity	attribute	9	2.9	semcor	degree	word present in another sense	"the property of being wild or turbulent; ""the storm's violence"""
13953936	footing	state	3	3.5	semcor	status		"status with respect to the relations between people or groups; ""on good terms with her in-"
00554107	havoc	act	3	3.5	semcor	motion		violent and needless disturbance
10195593	hypocrite	person	4	3.4	semcor	wrongdoer		a person who professes beliefs and opinions that he or she does not hold in order to conce
02283201	moth	animal	3	3.5	semcor	insect		typically crepuscular or nocturnal insect having a stout body and feathery or hairlike ant
03802007	musket	artifact	9	2.9	semcor	gun		a muzzle-loading shoulder gun with a long barrel; formerly used by infantrymen
10355449	newcomer	person	4	3.4	semcor	person	word present in another sense	any new participant in some activity
05830527	nuisance	cognition	3	3.5	semcor	cognition		(law) a broad legal concept including anything that disturbs the reasonable use of your pr
01167146	obedience	act	3	3.5	semcor	act		the act of obeying; dutiful or submissive behavior with respect to another person
01341727	potato_yellow-dwarf_virus	animal	3	3.5	semcor	virus		the virus that produces stunting and yellowing of the leaves of potato plants
03357376	flap	artifact	3	3.49	semcor	artifact		"any broad thin and limber covering attached at one edge; hangs loose or projects freely; """
04216106	siding	artifact	3	3.49	semcor	railroad-track	word present in another sense	a short stretch of railroad track used to store rolling stock or enable trains on the same
00401314	vocational_rehabilitation	act	3	3.49	semcor	restoration		providing training in a specific trade with the aim of gaining employment
15096783	wetting_agent	substance	9	2.89	semcor	agent		a chemical agent capable of reducing the surface tension of a liquid in which it is dissol
02781338	ballistic_missile	artifact	4	3.39	semcor	rocket		a missile that is guided in the first part of its flight but falls freely as it approaches
07112942	consonant_system	communication	7	3.09	semcor	system		the system of consonants used in a particular language
14207809	fibrosis	state	6	3.19	semcor	condition		development of excess fibrous connective tissue in an organ
07533097	melancholy	feeling	4	3.39	semcor	feeling		a feeling of thoughtful sadness
05738625	assay	cognition	5	3.28	semcor	appraisal	word present in another sense	"an appraisal of the state of affairs; ""they made an assay of the contents""; ""a check on it"
04907991	defiance	attribute	3	3.48	semcor	trait		intentionally contemptuous behavior or attitude
10016103	disciple	person	4	3.38	semcor	person		someone who believes and helps to spread the doctrine of another
13988101	ecstasy	state	3	3.48	semcor	condition	word present in another sense	a state of elated bliss
15145586	infancy	time	4	3.38	semcor	time-period		the early stage of growth or development
07355014	omega	event	0	3.78	zipf	ending		"the ending of a series or sequence; ""the Alpha and the Omega, the first and the last, the "
15148584	twenties	time	3	3.48	semcor	time-period		the time of life between 20 and 30
00622266	wrestle	act	3	3.48	semcor	struggle		"the act of engaging in close hand-to-hand combat; ""they had a fierce wrestle""; ""we watched"
02803934	bass_fiddle	artifact	4	3.37	semcor	musical-instrument		largest and lowest member of the violin family
03249342	drugstore	artifact	7	3.07	semcor	shop	word present in another sense	a retail shop where medicine and other articles are sold
13800801	modification	relation	0	3.77	zipf	relation		the grammatical relation that exists when a word qualifies the meaning of the phrase
08388207	nobility	group	3	3.47	semcor	elite		a privileged class holding hereditary titles
07287730	ordeal	event	3	3.47	semcor	event		a severe or trying experience
05034225	potency	attribute	5	3.27	semcor	attribute	word present in another sense	"capacity to produce strong physiological or chemical effects; ""the toxin's potency""; ""the "
04162998	seating	artifact	0	3.77	zipf	spatial-relation		"an area that includes places where several people can sit; ""there is seating for 40 studen"
02153959	hoof	animal	7	3.06	semcor	body-part		the foot of an ungulate mammal
07367812	interruption	event	4	3.36	semcor	event		"some abrupt occurrence that interrupts an ongoing activity; ""the telephone is an annoying "
14561327	decomposition	state	5	3.26	semcor	condition		in a decomposed state
05128870	acreage	attribute	7	3.05	semcor	magnitude		"an area of ground used for some particular purpose (such as building or farming); ""he want"
09860506	blond	person	2	3.55	zipf	person		a person with fair skin and hair
02920083	bunk	artifact	3	3.45	semcor	bed		a rough bed (as at a campsite)
10090864	fingerprint_expert	person	3	3.45	semcor	specialist		a specialist in identifying fingerprints
05050668	modernity	attribute	5	3.25	semcor	attribute		"the quality of being current or of the present; ""a shopping mall would instill a spirit of"
06893565	rendition	communication	3	3.45	semcor	performance		"a performance of a musical composition or a dramatic role etc.; ""they heard a live renditi"
08651832	slum	location	5	3.25	semcor	district		a district of a city marked by poverty and inferior living conditions
05002352	stature	attribute	3	3.45	semcor	attribute		(of a standing person) the distance from head to foot
13860145	temperature_gradient	relation	3	3.45	semcor	relation		change in temperature as a function of distance (especially altitude)
05413241	thyroid_hormone	body	4	3.35	semcor	hormone		any of several closely related compounds that are produced by the thyroid gland and are ac
00976698	infiltration	act	5	3.24	semcor	attack		a process in which individuals (or small groups) penetrate an area (especially the militar
09669125	Sioux	person	3	3.44	semcor	person		a member of a group of North American Indian peoples who spoke a Siouan language and who r
09610405	commoner	person	9	2.84	semcor	person		a person who holds no title
05152364	feasibility	attribute	3	3.44	semcor	attribute		the quality of being doable
04891333	folly	attribute	4	3.34	semcor	trait		the trait of acting stupidly or rashly
07532112	fulfillment	feeling	3	3.44	semcor	satisfaction		a feeling of satisfaction at having achieved your desires
07505676	indifference	feeling	4	3.34	semcor	feeling		unbiased impartial unconcern
07084166	intonation	communication	9	2.84	semcor	manner-of-speaking		rise and fall of the voice pitch
09181557	mania	motive	3	3.44	semcor	motivation	word present in another sense	an irrational but irresistible motive for a belief or action
02087551	hound	animal	3	3.43	semcor	dog		any of several breeds of dog used for hunting typically having large drooping ears
06798558	manifestation	communication	3	3.43	semcor	indication		"a manifest indication of the existence or presence or nature of some person or thing; ""a m"
13366137	comforts	possession	4	3.33	semcor	keep		"things that make you comfortable and at ease; ""all the comforts of home"""
03254189	dugout	artifact	7	3.03	semcor	structure		either of two low shelters on either side of a baseball diamond where the players and coac
10317500	military_policeman	person	0	3.73	zipf	person		a member of the military police who polices soldiers and guards prisoners
15057744	steroid	substance	4	3.33	semcor	compound		any of several fat-soluble organic compounds having as a basis 17 carbon atoms in four rin
07112550	vowel	communication	4	3.33	semcor	language-unit		a speech sound made with the vocal tract open
07049713	ballad	communication	3	3.42	semcor	musical-composition		a narrative song with a recurrent refrain
04812268	elegance	attribute	3	3.42	semcor	attribute		"a refined quality of gracefulness and good taste; ""she conveys an aura of elegance and gen"
01126856	enactment	act	5	3.22	semcor	legislation	word present in another sense	the passing of a law by a legislative body
03322836	farmhouse	artifact	3	3.42	semcor	house		house for a farmer and family
14972807	ozone	substance	3	3.42	semcor	fluid		a colorless gas (O3) soluble in alkalis and cold water; a strong oxidizing agent; can be p
10508475	reactionary	person	5	3.22	semcor	adult		an extreme conservative; an opponent of progress or liberalism
10152083	gunman	person	4	3.32	semcor	murderer	word present in another sense	a professional killer who uses a gun
08380768	directorate	group	3	3.41	semcor	board-of-directors	word present in another sense	a group of persons chosen to govern the affairs of a corporation or other large institutio
05551711	pectoral	body	8	2.91	semcor	muscle		either of two large muscles of the chest
04590553	windshield	artifact	3	3.41	semcor	screen-netting		transparent screen (as of glass) to protect occupants of a vehicle
00204439	abandonment	act	3	3.4	semcor	rejection		the act of giving something up
09186359	abyss	object	3	3.4	semcor	empty-space		a bottomless gulf or pit; any unfathomable (or apparently unfathomable) cavity or chasm or
13811184	leftover	relation	3	3.4	semcor	residual		a small part or portion that remains after the main part no longer exists
09346613	mare	object	1	3.6	zipf	place		a dark region of considerable extent on the surface of the moon
07392982	scrape	event	3	3.4	semcor	noise	word present in another sense	"a harsh noise made by scraping; ""the scrape of violin bows distracted her"""
07900958	sherry	food	3	3.4	semcor	wine		dry to sweet amber wine from the Jerez region of southern Spain or similar wines produced 
05123935	frontage	attribute	7	2.99	semcor	magnitude		the extent of land abutting on a street or water
07521674	apprehension	feeling	6	3.09	semcor	fear		"fearful expectation or anticipation; ""the student looked around the examination room with "
13289845	appropriation	possession	3	3.39	semcor	standard		money set aside (as by a legislature) for a specific purpose
15147504	boyhood	time	6	3.09	semcor	childhood		the childhood of a boy
09950457	compulsive	person	4	3.29	semcor	person		a person with a compulsive disposition; someone who feels compelled to do certain things
07366627	discrepancy	event	4	3.29	semcor	variation	word present in another sense	an event that departs from expectations
04998530	physique	attribute	4	3.29	semcor	attribute		constitution of the human body
01238424	amalgamation	act	6	3.08	semcor	act		the combination of two or more commercial companies
02419796	antelope	animal	6	3.08	semcor	mammal		graceful Old World ruminant with long legs and horns directed upward and backward; include
02973017	cartridge_holder	artifact	2	3.48	zipf	mechanism	word present in another sense	a metal frame or container holding cartridges; can be inserted into an automatic gun
03274796	electrode	artifact	3	3.38	semcor	device		a conductor used to make electrical contact with some part of a circuit
08510169	fatherland	location	7	2.98	semcor	district		the country where you were born
10294953	marksman	person	8	2.88	semcor	shooter		someone skilled in shooting
09837088	bandit	person	3	3.37	semcor	criminal		an armed thief who is (usually) a member of a band
08510456	birthplace	location	3	3.37	semcor	root	word present in another sense	"where something originated or was nurtured in its early existence; ""the birthplace of civi"
00372226	buildup	act	3	3.37	semcor	act		"the act of building up an accumulation; ""I envied his rapid buildup of assets""; ""a militar"
06790042	dogma	communication	4	3.27	semcor	doctrine		a religious doctrine that is proclaimed as true without proof
10185793	horseman	person	6	3.07	semcor	rider		a man skilled in equitation
00155487	localization	act	4	3.27	semcor	act	word present in another sense	"a determination of the place where something is; ""he got a good fix on the target"""
06325370	pronoun	communication	5	3.17	semcor	word		a function word that is used in place of a noun or noun phrase
01754876	rattlesnake	animal	8	2.87	semcor	snake		pit viper with horny segments at the end of the tail that rattle when shaken
01215719	reassurance	act	4	3.27	semcor	support		the act of reassuring; restoring someone's confidence
15147850	adolescence	time	3	3.36	semcor	time-period		the time period between the beginning of puberty and adulthood
01054335	occupancy	act	3	3.36	semcor	act		an act of being a tenant or occupant
00747215	pornography	act	0	3.66	zipf	creation		creative activity (writing or pictures or films etc.) of no literary or artistic value oth
00361192	withholding	act	3	3.36	semcor	diminution		the act of deducting from an employee's salary
00852181	contraception	act	4	3.26	semcor	activity		birth control by the use of devices (diaphragm or intrauterine device or condom) or drugs 
05751173	fad	cognition	4	3.26	semcor	fashion		"an interest followed with exaggerated zeal; ""he always follows the latest fads""; ""it was a"
06367571	nonfiction	communication	4	3.26	semcor	information		prose writing that is not fictional
02869837	bonnet	artifact	3	3.35	semcor	hat		a hat tied under the chin
03282060	embankment	artifact	5	3.15	semcor	structure		a long artificial mound of stone or earth; built to hold back water or to support a road o
06812417	exponent	communication	7	2.95	semcor	information	word present in another sense	a mathematical notation indicating the number of times a quantity is multiplied by itself
10164233	headmaster	person	4	3.25	semcor	principal		presiding officer of a school
07211950	lament	communication	4	3.25	semcor	information		"a cry of sorrow and grief; ""their pitiful laments could be heard throughout the ward"""
04160036	sealing_wax	artifact	3	3.35	semcor	fastener	word present in another sense	fastener consisting of a resinous composition that is plastic when warm; used for sealing 
13894434	bulge	shape	4	3.24	semcor	shape	word present in another sense	"something that bulges out or is protuberant or projects from its surroundings; ""the gun in"
06321702	adjective	communication	3	3.34	semcor	word		a word that expresses an attribute of something
06766544	allusion	communication	7	2.94	semcor	remark		passing reference or indirect mention
05634613	originality	cognition	3	3.34	semcor	cognition		the ability to think and act independently
05483890	pituitary	body	7	2.94	semcor	organ		the master gland of the endocrine system; located at the base of the brain
06253518	propagation	communication	3	3.34	semcor	communication	word present in another sense	the spreading of something (a belief or practice) into new regions
06713512	reproach	communication	7	2.94	semcor	criticism		"a mild rebuke or criticism; ""words of reproach"""
07175575	assent	communication	6	3.03	semcor	act		"agreement with a statement or proposal to do something; ""he gave his assent eagerly""; ""a m"
07303335	bonfire	event	3	3.33	semcor	event		a large outdoor fire that is lighted as a signal or in celebration
00311809	excursion	act	3	3.33	semcor	journey	word present in another sense	"a journey taken for pleasure; ""many summer excursions to the shore""; ""it was merely a plea"
07390945	racket	event	3	3.33	semcor	noise		a loud and disturbing noise
14591804	sludge	substance	4	3.23	semcor	substance	word present in another sense	the precipitate produced by sewage treatment
07113903	vowel_system	communication	3	3.33	semcor	system		the system of vowels used in a particular language
00218208	annihilation	act	4	3.22	semcor	act		destruction by annihilating something
01012712	categorization	act	8	2.82	semcor	activity		the act of distributing things into classes or categories of the same type
15073973	thyrotropin	substance	22	1.42	semcor	hormone		anterior pituitary hormone that stimulates the function of the thyroid gland
03585438	irons	artifact	3	3.32	semcor	shackle		metal shackles; for hands or legs
01231548	rendezvous	act	3	3.32	semcor	coming-together		a meeting planned at a certain time and place
05740929	biopsy	cognition	3	3.31	semcor	attempt		examination of tissues or liquids from the living body to determine the existence or cause
01076359	complication	act	3	3.31	semcor	act	word present in another sense	the act or process of complicating
04679549	countenance	attribute	7	2.91	semcor	appearance		"the appearance conveyed by a person's face; ""a pleasant countenance""; ""a stern visage"""
00649482	spectroscopy	act	3	3.31	semcor	work	word present in another sense	the use of spectroscopes to analyze spectra
04383301	tack_hammer	artifact	3	3.31	semcor	hammer		a light hammer that is used to drive tacks
05296253	tendon	body	3	3.31	semcor	tissue		a cord or band of inelastic tissue connecting a muscle with its bony attachment
03096593	contraceptive	artifact	5	3.11	semcor	device		an agent or device intended to prevent conception
00392848	abstraction	act	3	3.3	semcor	act		the act of withdrawing or removing something
05780104	abstraction	cognition	3	3.3	semcor	thinking		the process of formulating general concepts by abstracting common properties of instances
02782778	ballpark	artifact	3	3.3	semcor	stadium	word present in another sense	"a facility in which ball games are played (especially baseball games); ""take me out to the"
05559908	extremity	body	6	3.0	semcor	body-part	word present in another sense	"an external body part that projects from the body; ""it is important to keep the extremitie"
07412310	flicker	event	5	3.1	semcor	event		a momentary flash of light
14863521	manure	substance	4	3.2	semcor	fertilizer		any animal or plant material used to fertilize land especially animal excreta usually with
03802228	musket_ball	artifact	7	2.9	semcor	pellet	word present in another sense	"a solid projectile that is shot by a musket; ""they had to carry a ramrod as well as powder"
04069276	reflector	artifact	6	3.0	semcor	device		device that reflects radiation
05678148	sensibility	cognition	4	3.2	semcor	consciousness		mental responsiveness and awareness
07273924	shrug	communication	3	3.3	semcor	information		a gesture involving the shoulders
02311060	larva	animal	6	2.99	semcor	animal		the immature free-living form of most invertebrates and amphibians and fish which at hatch
00088725	apprehension	act	5	3.09	semcor	act	word present in another sense	"the act of apprehending (especially apprehending a criminal); ""the policeman on the beat g"
07073208	articulation	communication	5	3.09	semcor	communication	word present in another sense	"expressing in coherent verbal form; ""the articulation of my feelings""; ""I gave voice to my"
07121361	bellow	communication	8	2.79	semcor	cry		"a very loud utterance (like the sound of an animal); ""his bellow filled the hallway"""
14420464	coherence	state	5	3.09	semcor	connectedness		the state of cohering or sticking together
03189083	diaphragm	artifact	5	3.09	semcor	mechanism	word present in another sense	"a mechanical device in a camera that controls size of aperture of the lens; ""the new camer"
14583670	impurity	substance	9	2.69	semcor	waste		"worthless or dangerous material that should be removed; ""there were impurities in the wate"
03453443	grape_arbor	artifact	3	3.28	semcor	structure		an arbor where grapes are grown
09442838	splinter	object	3	3.28	semcor	bit		"a small thin sharp bit or wood or glass or metal; ""he got a splinter in his finger""; ""it b"
05064541	topography	attribute	3	3.28	semcor	attribute	word present in another sense	the configuration of a surface and the relations among its man-made and natural features
01616318	vulture	animal	4	3.18	semcor	bird		any of various large diurnal birds of prey having naked heads and weak claws and feeding c
06228549	Protestantism	cognition	6	2.97	semcor	religion		the theological system of any of the churches of western Christendom that separated from t
04859449	audacity	attribute	3	3.27	semcor	courage		fearless daring
02855089	blower	artifact	3	3.27	semcor	device		a device that produces a current of air
09891300	cannon_fodder	person	3	3.27	semcor	soldier	colloquial	soldiers who are regarded as expendable in the face of artillery fire
14793921	cellulose	substance	5	3.07	semcor	molecule		a polysaccharide that is the chief constituent of all plant tissues and fibers
00923995	devising	act	7	2.87	semcor	production		"the act that results in something coming to be; ""the devising of plans""; ""the fashioning o"
13861580	facet_plane	shape	4	3.17	semcor	geometric-plane		the plane of a facet of an object (as of a cube)
10153594	gymnast	person	5	3.07	semcor	athlete		an athlete who is skilled in gymnastics
03527444	holster	artifact	5	3.07	semcor	artifact		a sheath (usually leather) for carrying a handgun
06341340	Mister	communication	0	3.56	zipf	title-of-respect		a form of address for a man
06372095	fable	communication	4	3.16	semcor	fiction		a short moral story (often with animal characters)
04763650	singularity	attribute	4	3.16	semcor	trait		"the quality of being one of a kind; ""that singularity distinguished him from all his compa"
10654827	stepmother	person	4	3.16	semcor	parent		the wife of your father by a subsequent marriage
02410702	American_bison	animal	3	3.26	semcor	mammal	word present in another sense	large shaggy-haired brown bison of North American plains
07043275	concerto	communication	3	3.26	semcor	music		a composition for orchestra and a soloist
05596651	pelvis	body	3	3.26	semcor	body-part	word present in another sense	the structure of the vertebrate skeleton supporting the lower limbs in humans and the hind
11492014	polarization	phenomenon	3	3.26	semcor	physical-phenomenon		the phenomenon in which waves of light or other radiation are restricted in direction of v
10743356	Utopian	person	4	3.15	semcor	person		"an idealistic (but usually impractical) social reformer; ""a Utopian believes in the ultima"
00731947	errand	act	5	3.05	semcor	journey		a short trip that is taken in the performance of a necessary task or mission
05016171	hotness	attribute	9	2.65	semcor	temperature	word present in another sense	the presence of heat
14846779	nectar	substance	3	3.25	semcor	secretion		a sweet liquid secretion that is attractive to pollinators
04255899	sod_house	artifact	3	3.25	semcor	house		a house built of sod or adobe laid in horizontal courses
00320284	trailing	act	0	3.55	zipf	act		the pursuit (of a person or animal) by following tracks or marks they left behind
04502502	tweed	artifact	3	3.25	semcor	fabric		thick woolen fabric used for clothing; originated in Scotland
00388392	branching	act	3	3.24	semcor	act	word present in another sense	the act of branching out or dividing into branches
03513627	hem	artifact	3	3.24	semcor	limit		the edge of a piece of cloth; especially the finished edge that has been doubled under and
04900121	modesty	attribute	3	3.24	semcor	trait	word present in another sense	formality and propriety of manner
00269018	reclamation	act	4	3.14	semcor	restoration	word present in another sense	the conversion of wasteland into land suitable for use of habitation or cultivation
04627241	tenderness	attribute	3	3.24	semcor	trait		a tendency to express warm and affectionate feeling
14513944	milieu	state	6	2.93	semcor	situation	word present in another sense	the environmental condition
00818362	shielding	act	3	3.23	semcor	protection		the act of shielding from harm
01241331	vindication	act	6	2.93	semcor	accomplishment		"the act of vindicating or defending against criticism or censure etc.; ""friends provided a"
04558804	watercolor	artifact	3	3.23	semcor	paint		a water-base paint (with water-soluble pigments); used by artists
09939313	combatant	person	6	2.92	semcor	person		someone who fights (or is fighting)
04800596	freshness	attribute	4	3.12	semcor	attribute	word present in another sense	originality by virtue of being refreshingly novel
05585205	knuckle	body	3	3.22	semcor	articulation		a joint of a finger when the fist is closed
00554200	melee	act	3	3.22	semcor	motion		a noisy riotous fight
05893653	misconception	cognition	3	3.22	semcor	idea		an incorrect conception
02701393	Americana	artifact	3	3.21	semcor	artifact		any artifact (such as books or furniture or art) that is distinctive of America
07222581	fairytale	communication	3	3.21	semcor	narrative		a story about fairies; told to amuse children
05774415	generalization	cognition	3	3.21	semcor	mental-association	word present in another sense	reasoning from detailed facts to general principles
04598792	woodwork	artifact	3	3.21	semcor	product		work made of wood; especially moldings or stairways or furniture
13954818	actuality	state	4	3.1	semcor	state		"the state of actually existing objectively; ""a hope that progressed from possibility to ac"
05622456	aptitude	cognition	3	3.2	semcor	cognition		inherent ability
09230041	burrow	object	4	3.1	semcor	natural-depression	word present in another sense	a hole made by an animal, usually for shelter
03299261	etcetera	artifact	8	2.7	semcor	physical-object		"additional unspecified odds and ends; more of the same; ""his report was full of etceteras"""
05222940	septum	body	6	2.9	semcor	body-part		(anatomy) a dividing partition between two tissues or cavities
10623650	soloist	person	5	3.0	semcor	instrumentalist		a musician who performs a solo
08147188	Protestant_denomination	group	3	3.19	semcor	organization		group of Protestant congregations
13979503	agitation	state	3	3.19	semcor	state	word present in another sense	"a state of agitation or turbulent change or development; ""the political ferment produced n"
00385266	breakaway	act	3	3.19	semcor	act		"the act of breaking away or withdrawing from; ""there was a breakaway by the discontented m"
07115021	consonant	communication	4	3.09	semcor	language-unit		a speech sound that is not a vowel
06420781	glossary	communication	3	3.19	semcor	book		an alphabetical list of technical terms in some specialized field of knowledge; usually pu
01127623	imposition	act	3	3.19	semcor	act		the act of imposing something (as a tax or an embargo)
15272685	interlude	time	4	3.09	semcor	amount		an intervening period or episode
14094068	multiple_sclerosis	state	2	3.29	zipf	autoimmune-disease		a chronic progressive nervous disorder involving loss of myelin sheath around certain nerv
03881893	pane	artifact	4	3.09	semcor	artifact		sheet glass cut in shapes for windows or doors
15027970	Rh_antibody	substance	4	3.08	semcor	protein		rhesus factor antibody
14731509	albumin	substance	9	2.58	semcor	protein		a simple water-soluble protein found in many animal tissues and liquids
06193727	credence	cognition	4	3.08	semcor	attitude		"the mental attitude that something is believable and should be accepted as true; ""he gave "
05810440	deja_vu	cognition	7	2.78	semcor	cognition		the experience of thinking that a new situation had occurred before
03748162	mercantile_establishment	artifact	3	3.18	semcor	structure		a place of business for retailing goods
01062997	respite	act	3	3.18	semcor	act	word present in another sense	"a pause from doing something (as work); ""we took a 10-minute break""; ""he took time out to "
13566535	thaw	process	3	3.18	semcor	process	word present in another sense	"the process whereby heat changes something from a solid to a liquid; ""the power failure ca"
14015361	deadlock	state	5	2.97	semcor	condition	word present in another sense	"a situation in which no progress can be made or no advancement is possible; ""reached an im"
14835478	dilution	substance	4	3.07	semcor	chemical-solution		a diluted solution
00553362	dislocation	act	6	2.87	semcor	motion	word present in another sense	"the act of disrupting an established order so it fails to continue; ""the social dislocatio"
05401951	bloodstream	body	3	3.16	semcor	blood		the blood flowing through the circulatory system
05150855	futility	attribute	5	2.96	semcor	attribute		uselessness as a consequence of having no practical result
15279104	hertz	time	4	3.06	semcor	relation	word present in another sense	the unit of frequency; one hertz has a periodic interval of one second
14860603	sodium_nitrate	substance	3	3.16	semcor	compound		(NaNO3) used especially as a fertilizer and explosive
07531713	complacency	feeling	4	3.05	semcor	satisfaction		"the feeling you have when you are satisfied with yourself; ""his complacency was absolutely"
00878926	contemplation	act	3	3.15	semcor	activity		a long and thoughtful observation
07528212	exhilaration	feeling	9	2.55	semcor	joy	word present in another sense	"the feeling of lively and cheerful joy; ""he could hardly conceal his excitement when she a"
05032193	fortitude	attribute	3	3.15	semcor	courage		strength of mind that enables one to endure adversity with courage
15294607	incubation_period	time	3	3.15	semcor	time-period	word present in another sense	the period between infection and the appearance of symptoms of the disease
07540424	displeasure	feeling	3	3.14	semcor	anger		the feeling of being displeased or annoyed or dissatisfied with someone or something
07497797	fondness	feeling	3	3.14	semcor	feeling		"a predisposition to like something; ""he had a fondness for whiskey"""
07153838	proverb	communication	3	3.14	semcor	saying	word present in another sense	a condensed but memorable saying embodying some important fact of experience that is taken
05333467	spleen	body	3	3.14	semcor	tissue	word present in another sense	a large dark-red oval organ on the left side of the body between the stomach and the diaph
02881757	bowler_hat	artifact	0	3.44	zipf	hat		a felt hat that is round and hard with a narrow brim
08584218	hideout	location	4	3.04	semcor	topographic-point	word present in another sense	a hiding place; usually a remote place used by outlaws
14447019	malaise	state	6	2.84	semcor	condition		physical discomfort (as mild sickness or depression)
10592986	shortstop	person	4	3.04	semcor	athlete		(baseball) the person who plays the shortstop position
06629610	adieu	communication	6	2.83	semcor	information		"a farewell remark; ""they said their good-byes"""
13991245	complicity	state	4	3.03	semcor	guilt		guilt as an accomplice in a crime or offense
02226429	grasshopper	animal	4	3.03	semcor	insect		terrestrial plant-eating insect with hind legs adapted for leaping
05102578	radius_of_curvature	attribute	3	3.13	semcor	spatial-extent		the radius of the circle of curvature; the absolute value of the reciprocal of the curvatu
00371487	amplification	act	3	3.12	semcor	act		"addition of extra material or illustration or clarifying detail; ""a few remarks added in a"
08647354	churchyard	location	5	2.92	semcor	geographical-area		the yard associated with a church
06246700	condensation	cognition	3	3.12	semcor	cognition	word present in another sense	(psychoanalysis) an unconscious process whereby two ideas or images combine into a single 
14202996	cyst	state	3	3.12	semcor	condition		a closed sac that develops abnormally in some body structure
01260867	excitation	act	4	3.02	semcor	act	word present in another sense	"something that agitates and arouses; ""he looked forward to the excitements of the day"""
14051056	freshness	state	3	3.12	semcor	condition	word present in another sense	an alert and refreshed state
07126383	groan	communication	3	3.12	semcor	information		an utterance expressing pain or disapproval
14563564	iniquity	state	7	2.72	semcor	condition	word present in another sense	"absence of moral or spiritual values; ""the powers of darkness"""
07286368	omen	event	3	3.12	semcor	augury		"a sign of something about to happen; ""he looked for an omen before going into battle"""
09266946	dipole	object	6	2.81	semcor			a pair of equal and opposite electric charges or magnetic poles separated by a small dista
12310349	lilac	plant	3	3.11	semcor	shrub		any of various plants of the genus Syringa having large panicles of usually fragrant flowe
10386984	outfielder	person	4	3.01	semcor	athlete		(baseball) a person who plays in the outfield
07494972	pang	feeling	3	3.11	semcor	feeling		"a sudden sharp feeling; ""pangs of regret""; ""she felt a stab of excitement""; ""twinges of co"
10516692	registrant	person	8	2.61	semcor	person		a person who is formally entered (along with others) in a register (and who obtains certai
13553916	secretion	process	3	3.11	semcor	organic-process	word present in another sense	the organic process of synthesizing and releasing some substance
13366537	subsistence	possession	3	3.11	semcor	keep		"minimal (or marginal) resources for subsisting; ""social security provided only a bare subs"
04645599	unwillingness	attribute	3	3.11	semcor	disposition		"the trait of being unwilling; ""his unwillingness to cooperate vetoed every proposal I made"
14315549	bloat	state	8	2.6	semcor	swelling		swelling of the rumen or intestinal tract of domestic animals caused by excessive gas
07303585	campfire	event	3	3.1	semcor	event		a small outdoor fire for warmth or cooking (as at a camp)
09181330	compulsion	motive	3	3.1	semcor	motivation		"an urge to do or say something that might be better left undone or unsaid; ""he felt a comp"
10019308	ditch_digger	person	3	3.1	semcor	digger		a laborer who digs ditches
07555184	eagerness	feeling	5	2.9	semcor	feeling		a positive feeling of wanting to push ahead with something
05020358	elasticity	attribute	3	3.1	semcor	attribute	word present in another sense	the tendency of a body to return to its original shape after it has been stretched or comp
05316025	eyeball	body	3	3.1	semcor	body-part		the ball-shaped capsule containing the vertebrate eye
07491981	gusto	feeling	4	3.0	semcor	pleasure	word present in another sense	vigorous and enthusiastic enjoyment
05098750	multiplicity	attribute	6	2.8	semcor	magnitude		the property of being multiple
13978709	tumult	state	7	2.7	semcor	disturbance		a state of commotion and noise and confusion
09745438	Rhode_Islander	person	4	2.99	semcor	inhabitant		a native or resident of Rhode Island
02380745	bronco	animal	4	2.99	semcor	horse		an unbroken or imperfectly broken mustang
06320801	modifier	communication	5	2.89	semcor	word		a content word that qualifies the meaning of a noun or verb
13243780	proprietorship	possession	10	2.39	semcor	ownership		an unincorporated business owned by a single person who is responsible for its liabilities
04527648	veranda	artifact	5	2.89	semcor	structure	word present in another sense	a porch along the outside of a building (sometimes partly enclosed)
04814238	magnificence	attribute	6	2.79	semcor	attribute	word present in another sense	"the quality of being magnificent or splendid or grand; ""for magnificence and personal serv"
10482921	propagandist	person	7	2.69	semcor	communicator		a person who disseminates messages calculated to assist some cause or some government
09797742	anti-Semite	person	7	2.68	semcor	person		someone who hates and would persecute Jews
11512818	conduction	phenomenon	4	2.98	semcor	physical-phenomenon		the transmission of heat or electricity or sound
07144416	huddle	communication	3	3.08	semcor	information	colloquial	(informal) a quick private conference
11876976	kale	plant	0	3.38	zipf	plant	word present in another sense	a hardy cabbage with coarse curly leaves that do not form a head
06351202	orthography	communication	8	2.58	semcor	information		a method of representing the sounds of a language by written or printed symbols
05178715	prerogative	attribute	3	3.08	semcor	concept	word present in another sense	a right reserved exclusively by a particular person or group (especially a hereditary or o
14999106	protease	substance	6	2.78	semcor	enzyme		any enzyme that catalyzes the splitting of proteins into smaller peptide fractions and ami
09950150	Comptroller_General	person	3	3.07	semcor	official		a United States federal official who supervises expenditures and settles claims against th
04954534	gleam	attribute	4	2.97	semcor	attribute	word present in another sense	an appearance of reflected light
07412478	gleam	event	4	2.97	semcor	event		a flash of light (especially reflected light)
14393161	neurosis	state	8	2.57	semcor	mental-disorder		a mental or personality disturbance not attributable to any known neurological or organic 
03020692	chisel	artifact	4	2.96	semcor	cutter		an edge tool with a flat steel blade with a cutting edge
00368939	crop-dusting	act	3	3.06	semcor	expansion		the dispersion of fungicides or insecticides or fertilizer on growing crops (often from a 
04954920	luster	attribute	4	2.96	semcor	attribute		a quality that outshines the usual
06177450	phonology	cognition	7	2.66	semcor	linguistics		the study of the sound system of a given language and the analysis and classification of i
07518878	aggravation	feeling	6	2.76	semcor	anger		an exasperated feeling of annoyance
07507742	chagrin	feeling	5	2.86	semcor	shame		strong feelings of embarrassment
06281721	frequency_modulation	communication	1	3.26	zipf	communication		modulation of the frequency of the (radio) carrier wave
04918767	immediacy	attribute	6	2.76	semcor	characteristic		"lack of an intervening or mediating agency; ""the immediacy of television coverage"""
04409384	tenement	artifact	5	2.86	semcor	building		a run-down apartment house barely meeting minimal standards
03578251	intercontinental_ballistic_missile	artifact	4	2.95	semcor	rocket		a ballistic missile that is capable of traveling from one continent to another
10037385	drunkard	person	6	2.74	semcor	consumer		a chronic drinker
11527386	X-ray_diffraction	phenomenon	3	3.04	semcor	physical-phenomenon		the scattering of X rays by the atoms of a crystal; the diffraction pattern shows structur
13263779	bequest	possession	5	2.84	semcor	gift		(law) a gift of personal property by will
13821977	intelligence_quotient	relation	4	2.94	semcor	ratio		a measure of a person's intelligence as indicated by an intelligence test; the ratio of a 
14375576	nervousness	state	3	3.04	semcor	condition		"an uneasy psychological state; ""he suffered an attack of nerves"""
13165727	bough	plant	6	2.73	semcor	branch		any of the larger branches of a tree
05061345	deceleration	attribute	6	2.73	semcor	change		"a decrease in rate of change; ""the deceleration of the arms race"""
00840189	gulp	act	4	2.93	semcor	consumption	word present in another sense	"a large and hurried swallow; ""he finished it at a single gulp"""
08591399	lair	location	1	3.23	zipf	habitat		the habitation of wild animals
10294602	mariner	person	3	3.03	semcor	sailor	word present in another sense	a man who serves as a sailor
10388732	overseer	person	4	2.93	semcor	supervisor	word present in another sense	a person who directs and manages an organization
07518468	pique	feeling	4	2.93	semcor	anger	word present in another sense	"a sudden outburst of anger; ""his temper sparked like damp firewood"""
04229480	skiff	artifact	7	2.63	semcor	boat		any of various small boats propelled by oars or by sails or by a motor
15024240	hemoglobin	substance	4	2.92	semcor	protein		a hemoprotein composed of globin and heme that gives red blood cells their characteristic 
05548521	shunt	body	5	2.82	semcor	passage		a passage by which a bodily fluid (especially blood) is diverted from one channel to anoth
04681230	speck	attribute	3	3.02	semcor	decorative-design		"a very small spot; ""the plane was just a speck in the sky"""
05601357	countenance	body	4	2.91	semcor	face	colloquial,word present in another sense	the human face (`kisser' and `smiler' and `mug' are informal terms for `face' and `phiz' i
05063349	two-dimensionality	attribute	9	2.41	semcor	attribute		the property of having two dimensions
01073995	hindrance	act	3	3.01	semcor	act	word present in another sense	the act of hindering or obstructing or impeding
07502669	antipathy	feeling	6	2.7	semcor	feeling		a feeling of intense dislike
09970963	countryman	person	4	2.9	semcor	person		a man from your own country
06715638	derision	communication	5	2.8	semcor	information		contemptuous laughter
05692419	determinant	cognition	4	2.9	semcor	cognition		"a determining or causal element or factor; ""education is an important determinant of one's"
05962936	individualism	cognition	3	3.0	semcor	doctrine		the doctrine that government should not interfere in commercial affairs
02464065	stifle	animal	3	3.0	semcor	articulation	word present in another sense	joint between the femur and tibia in a quadruped; corresponds to the human knee
06399631	addendum	communication	4	2.89	semcor	information	word present in another sense	textual matter that is added onto a publication; usually at the end
14938467	lint	substance	3	2.99	semcor	fiber		fine ravellings of cotton or linen fibers
13512238	maturation	process	3	2.99	semcor	organic-process		coming to full development; becoming mature
06705891	pennant	communication	4	2.89	semcor	symbol	word present in another sense	the award given to the champion
04233715	slacks	artifact	4	2.89	semcor	trousers		(usually in the plural) pants for casual wear
04565233	wayside	artifact	3	2.99	semcor	limit		"edge of a way or road or path; ""flowers along the wayside"""
04634540	exuberance	attribute	5	2.79	semcor	activeness	word present in another sense	overflowing with eager enjoyment or approval
14922371	iodide	substance	7	2.59	semcor	compound		a salt or ester of hydriodic acid
05268510	capillary_bed	body	4	2.88	semcor	tissue		a layer of tissue densely packed with capillaries
04076433	repertory	artifact	3	2.98	semcor	facility		a storehouse where a stock of things is kept
07393161	screech	event	4	2.88	semcor	noise		"a high-pitched noise resembling a human cry; ""he ducked at the screechings of shells""; ""he"
13951444	inferiority	state	3	2.97	semcor	status		the state of being inferior
06300823	lexical_entry	communication	3	2.97	semcor	indication		the entry in a dictionary of information about a word
08435937	subsystem	group	4	2.87	semcor	system		a system that is part of some larger system
07396945	thump	event	3	2.97	semcor	event		a heavy dull sound (as made by impact of heavy objects)
10791221	workman	person	3	2.96	semcor	employee		an employee who performs manual or industrial labor
05897553	apparition	cognition	4	2.86	semcor	semblance	word present in another sense	"something existing in perception only; ""a ghostly apparition at midnight"""
09547111	apparition	person	4	2.86	semcor	disembodied-spirit		"a ghostly appearing figure; ""we were unprepared for the apparition that confronted us"""
02902535	bristle	artifact	5	2.75	semcor	fiber		a stiff fiber (coarse hair or filament); natural or synthetic
14797641	carbon_monoxide	substance	0	3.25	zipf	compound		an odorless very poisonous gas that is a product of incomplete combustion of carbon
00055315	desertion	act	4	2.85	semcor	departure		"withdrawing support or help despite allegiance or responsibility; ""his abandonment of his "
00966504	rustling	act	4	2.85	semcor	larceny		the stealing of cattle
10721124	traditionalist	person	5	2.75	semcor	adult		one who adheres to traditional views
07020423	vaudeville	communication	4	2.85	semcor	show		a variety show with songs and comic acts etc.
14438125	repute	state	6	2.64	semcor	honour	word present in another sense	the state of being held in high esteem and honor
07467393	semifinal	event	0	3.24	zipf	match		one of the two competitions in the next to the last round of an elimination tournament
04743370	oneness	attribute	4	2.84	semcor	identicalness	word present in another sense	the quality of being united into one
05147940	productiveness	attribute	13	1.94	semcor	attribute		the quality of being productive or having the power to produce
03204306	dipper	artifact	4	2.83	semcor	ladle		a ladle that has a cup with a long handle
04912982	politeness	attribute	3	2.93	semcor	manner		a courteous manner that respects accepted social usage
05335971	aorta	body	3	2.92	semcor	tube		the large trunk artery that carries blood from the left ventricle of the heart to branch a
02912894	bugle	artifact	3	2.92	semcor	brass-instrument		a brass instrument without valves; used for military calls and fanfares
09923418	cipher	person	1	3.12	zipf	person	word present in another sense	a person of no influence
05294995	fibrous_tissue	body	3	2.92	semcor	tissue		tissue consisting of or containing fibers in both animals and plants
05327134	mucous_membrane	body	5	2.72	semcor	tissue		mucus-secreting membrane lining all body cavities or passages that communicate with the ex
11486708	necrosis	phenomenon	3	2.92	semcor	organic-phenomenon		the localized death of living cells (as from infection or the interruption of blood supply
02693070	airstrip	artifact	4	2.81	semcor	landing-field	word present in another sense	an airfield without normal airport facilities
13795180	applicability	relation	3	2.91	semcor	relevance		relevance by virtue of being applicable to the matter at hand
05204982	helplessness	attribute	3	2.91	semcor	attribute	word present in another sense	"powerlessness revealed by an inability to act; ""in spite of their weakness the group remai"
08578032	epicenter	location	3	2.9	semcor	geographic-point	word present in another sense	the point on the Earth's surface directly above the focus of an earthquake
07223635	grapevine	communication	3	2.9	semcor	gossip		"gossip spread by spoken communication; ""the news of their affair was spread by word of mou"
10481711	proletarian	person	4	2.8	semcor	person	word present in another sense	"a member of the working class (not necessarily employed); ""workers of the world--unite!"""
14407283	restlessness	state	4	2.8	semcor	condition		a lack of patience; irritation with anything that causes delay
00737188	abnormality	act	3	2.89	semcor	activity		behavior that breaches the rule or etiquette or custom or morality
01616086	osprey	animal	3	2.89	semcor	bird		large harmless hawk found worldwide that feeds on fish and builds a bulky nest often occup
10604634	skeptic	person	3	2.89	semcor	person		someone who habitually doubts accepted beliefs
14600504	acetone	substance	4	2.79	semcor	ketone		the simplest ketone; a highly inflammable liquid widely used as an organic solvent and as 
02956069	capillary	artifact	3	2.88	semcor	tubing		a tube of small internal diameter; holds liquid by capillary action
14778982	reagent	substance	3	2.88	semcor	agent		a chemical agent for use in chemical reactions
14446034	reprieve	state	3	2.88	semcor	relief	word present in another sense	a (temporary) relief from harm or discomfort
10253122	left-hander	person	3	2.87	semcor	person		"a person who uses the left hand with greater skill than the right; ""their pitcher was a so"
08389438	musketry	group	13	1.87	semcor	military-unit		musketeers and their muskets collectively
00253395	catharsis	act	5	2.67	semcor	cleaning		(psychoanalysis) purging of emotional tensions
05432948	cytoplasm	body	4	2.77	semcor	substance		the protoplasm of a cell excluding the nucleus; is full of proteins that control cell meta
07529245	gaiety	feeling	6	2.57	semcor	feeling		a gay feeling
10230801	kidnapper	person	4	2.77	semcor	criminal		someone who unlawfully seizes and detains a victim (usually for ransom)
07386920	mutter	event	4	2.77	semcor	event		a low continuous indistinct sound; often accompanied by movement of the lips without the p
04010205	promenade	artifact	0	3.17	zipf	artifact		a public area set aside as a pedestrian walk
04837232	aggressiveness	attribute	3	2.86	semcor	motivational-drive		the quality of being bold and enterprising
14486639	nadir	state	3	2.86	semcor	adversity	word present in another sense	an extreme state of adversity; the lowest point of anything
15082766	tyrosine	substance	3	2.86	semcor	amino-acid		an amino acid found in most proteins; a precursor of several hormones
02790996	barbell	artifact	5	2.65	semcor	equipment		a bar to which heavy discs are attached at each end; used in weightlifting
07529377	hilarity	feeling	4	2.75	semcor	feeling		great merriment
05962785	mimesis	cognition	11	2.05	semcor	doctrine		the imitative representation of nature and human behavior in art and literature
05278584	phalanx	body	3	2.85	semcor	bone		any of the bones of the fingers or toes
13538757	polymerization	process	3	2.85	semcor	chemical-process		a chemical process that combines several monomers to form a polymer or polymeric compound
00572838	putt	act	0	3.15	zipf	act		"hitting a golf ball that is on the green using a putter; ""his putting let him down today; "
02391994	rhinoceros	animal	3	2.85	semcor	mammal		massive powerful herbivorous odd-toed ungulate of southeast Asia and Africa having very th
04947186	smoothness	attribute	3	2.85	semcor	texture		"a texture without roughness; smooth to the touch; ""admiring the slim smoothness of her thi"
04786763	spontaneity	attribute	3	2.85	semcor	attribute		"the quality of being spontaneous and coming from natural feelings without constraint; ""the"
14491625	affluence	state	4	2.74	semcor	condition		"abundant wealth; ""they studied forerunners of richness or poverty""; ""the richness all arou"
08502672	backwoods	location	4	2.74	semcor	rural-area		a remote and undeveloped area
05391977	left_ventricle	body	4	2.74	semcor	body-part		the chamber on the left side of the heart that receives arterial blood from the left atriu
06751833	lemma	communication	4	2.74	semcor	proposition	word present in another sense	a subsidiary proposition that is assumed to be true in order to prove another proposition
00384802	dissociation	act	3	2.84	semcor	act		the act of removing from association
02208280	honeybee	animal	6	2.54	semcor	bee		social bee often domesticated for the honey it produces
05810768	reliving	cognition	3	2.84	semcor	cognition		"a recurrence of a prior experience; ""the reliving of a strong emotion can be therapeutic"""
04232800	skylight	artifact	3	2.84	semcor	window-unit		a window in a roof to admit daylight
06633896	congratulation	communication	4	2.73	semcor	act		the act of acknowledging that someone has an occasion for celebration
01017987	continuance	act	4	2.73	semcor	activity		the act of continuing an activity without interruption
13414310	checkbook	possession	5	2.63	semcor	transaction-record		a book issued to holders of checking accounts
15044844	sodium_carbonate	substance	0	3.13	zipf	compound		a sodium salt of carbonic acid; used in making soap powders and glass and paper
00854000	caressing	act	4	2.72	semcor	organic-process		affectionate play (or foreplay without contact with the genital organs)
14147380	emphysema	state	4	2.72	semcor	respiratory-disease		an abnormal condition of the lungs marked by decreased respiratory function; associated wi
01048912	concealment	act	2	2.92	zipf	activity		the activity of keeping something secret
14854847	droppings	substance	3	2.82	semcor	waste		fecal matter of animals
08500819	interplanetary_space	location	3	2.82	semcor	place		the part of outer space within the solar system
10441037	playmate	person	3	2.82	semcor	companion		a companion at play
09544262	banshee	person	3	2.81	semcor	disembodied-spirit		(Irish folklore) a female spirit who wails to warn of impending death
07882497	concoction	food	3	2.81	semcor	foodstuff	word present in another sense	"any foodstuff made by combining different ingredients; ""he volunteered to taste her latest"
00754956	pretense	act	1	3.01	zipf	activity		"the act of giving a false appearance; ""his conformity was only pretending"""
06889591	bravado	communication	3	2.8	semcor	information		a swaggering show of courage
00376400	breakage	act	2	2.9	zipf	act	word present in another sense	"the act of breaking something; ""the breakage was unavoidable"""
03702719	macintosh	artifact	0	3.1	zipf	raincoat		a waterproof raincoat made of rubberized fabric
08126290	National_Aeronautics_and_Space_Administration	group	0	3.09	zipf	organization	word present in another sense	an independent agency of the United States government responsible for aviation and spacefl
09902611	cavalryman	person	10	2.09	semcor	soldier		a soldier in a motorized army unit
03100490	conveyance	artifact	3	2.79	semcor	artifact	word present in another sense	something that serves as a means of transportation
06163548	dialectic	cognition	4	2.69	semcor	philosophy		any formal system of reasoning that arrives at the truth by the exchange of logical argume
07522128	foreboding	feeling	3	2.79	semcor	fear		"a feeling of evil to come; ""a steadily escalating sense of foreboding""; ""the lawyer had a "
07081177	parlance	communication	3	2.79	semcor	information		a manner of speaking that is natural to native speakers of a language
03980874	poncho	artifact	3	2.79	semcor	garment		a blanket-like cloak with a hole in the center for the head
10636488	spinster	person	4	2.69	semcor	woman	word present in another sense	an elderly unmarried woman
00439484	somersault	act	6	2.48	semcor	accomplishment		an acrobatic feat in which the feet roll over the head (either forward or backward) and re
04329190	storehouse	artifact	4	2.68	semcor	facility	word present in another sense	"a depository for goods; ""storehouses were built close to the docks"""
04632157	liveliness	attribute	8	2.28	semcor	activeness	word present in another sense	"animation and energy in action or expression; ""it was a heavy play and the actors tried in"
03880770	panacea	artifact	3	2.78	semcor	remedy		hypothetical remedy for all ills or diseases; once sought by the alchemists
02381004	buckskin	animal	8	2.27	semcor	horse		horse of a light yellowish dun color with dark mane and tail
11503482	double_refraction	phenomenon	3	2.77	semcor	physical-phenomenon		splitting a ray into two parallel rays polarized perpendicularly
05699172	indecision	cognition	3	2.77	semcor	incertitude		"doubt concerning two or more possible alternatives or courses of action; ""his indecision w"
14922779	thyroglobulin	substance	16	1.47	semcor	protein		an iodine containing protein that is obtained from the thyroid gland and exhibits the gene
07428450	perturbation	event	4	2.66	semcor	activity	word present in another sense	"activity that is a malfunction, intrusion, or interruption; ""the term `distress' connotes "
00374835	aggravation	act	3	2.76	semcor	act		"action that makes a problem or a disease (or its symptoms) worse; ""the aggravation of her "
08153102	laity	group	3	2.76	semcor	group		in Christianity, members of a religious community that do not have the priestly responsibi
14141062	typhus	state	3	2.76	semcor	communicable-disease		rickettsial disease transmitted by body lice and characterized by skin rash and high fever
07380473	clatter	event	4	2.65	semcor	noise		"a rattling noise (often produced by rapid movement); ""the shutters clattered against the h"
00988320	fusillade	act	12	1.85	semcor	attack		"rapid simultaneous discharge of firearms; ""our fusillade from the left flank caught them b"
07252378	goad	communication	4	2.65	semcor	information	word present in another sense	"a verbalization that encourages you to attempt something; ""the ceaseless prodding got on h"
03745146	menagerie	artifact	2	2.85	zipf	facility		the facility where wild animals are housed for exhibition
04740326	monotony	attribute	3	2.75	semcor	attribute		"the quality of wearisome constancy, routine, and lack of variety; ""he had never grown accu"
10029985	redcoat	person	12	1.85	semcor	soldier		British soldier; so-called because of his red coat (especially during the American Revolut
04904352	repose	attribute	3	2.75	semcor	disposition		a disposition free from stress or emotion
07038615	orchestration	communication	3	2.74	semcor	musical-composition		an arrangement of a piece of music for performance by an orchestra or band
01222859	twit	act	3	2.74	semcor	behavior		aggravation by deriding or mocking or criticizing
06727616	pronouncement	communication	5	2.54	semcor	declaration		an authoritative declaration
14850948	ethyl_acetate	substance	3	2.73	semcor	ester		a fragrant colorless flammable volatile liquid ester made from ethanol and acetic acid; us
04160847	searchlight	artifact	3	2.73	semcor	light		a light source with reflectors that projects a beam of light in a particular direction
06860177	trill	communication	3	2.73	semcor	musical-note	word present in another sense	a note that alternates rapidly with another note a semitone above it
04765691	universality	attribute	3	2.73	semcor	attribute		the quality of being universal; existing everywhere
05037394	vehemence	attribute	8	2.23	semcor	degree	word present in another sense	"intensity or forcefulness of expression; ""the vehemence of his denial""; ""his emphasis on c"
03214966	divan	artifact	5	2.53	semcor	sofa		a long backless sofa (usually with pillows against a wall)
00735936	misbehavior	act	5	2.53	semcor	activity		improper or wicked or immoral behavior
03159640	dais	artifact	4	2.62	semcor	artifact		a platform raised above the surrounding level to give prominence to the person on it
09269972	dregs	object	4	2.62	semcor	sediment		sediment that has settled at the bottom of a liquid
05816622	datum	cognition	5	2.52	semcor	cognition		an item of factual information derived from measurement or research
04888268	condescension	attribute	3	2.71	semcor	sin		the trait of displaying arrogance by patronizing those considered inferior
04853873	frailty	attribute	3	2.71	semcor	attribute		moral weakness
04745679	homogeneity	attribute	4	2.61	semcor	similarity		"the quality of being similar or comparable in kind or nature; ""there is a remarkable homog"
11426914	repulsion	phenomenon	4	2.61	semcor	physical-phenomenon		the force by which bodies repel one another
09835506	ballplayer	person	8	2.2	semcor	athlete		an athlete who plays baseball
02931294	cabana	artifact	3	2.7	semcor	tent		a small tent used as a dressing room beside the sea or a swimming pool
13428159	aeration	process	5	2.49	semcor	process		"the process of exposing to air (so as to purify); ""the aeration of the soil"""
02682569	aerator	artifact	11	1.89	semcor	apparatus		an apparatus for exposing something to the air (as sewage)
14487184	impurity	state	3	2.69	semcor	condition		the condition of being impure
13878306	ellipse	shape	3	2.68	semcor	conic-section		a closed plane curve resulting from the intersection of a circular cone and a plane cuttin
07174433	misinterpretation	communication	3	2.68	semcor	explanation		"putting the wrong interpretation on; ""his misinterpretation of the question caused his err"
15135996	workweek	time	4	2.58	semcor	time-period	word present in another sense	"hours or days of work in a calendar week; ""they worked a 40-hour week"""
05984936	acculturation	cognition	6	2.37	semcor	cognition	word present in another sense	all the knowledge and values shared by a society
07186828	entreaty	communication	11	1.87	semcor	act	word present in another sense	"earnest or urgent request; ""an entreaty to stop the fighting""; ""an appeal for help""; ""an a"
03338143	fillet	artifact	0	2.97	zipf	fastener		fastener consisting of a narrow strip of welded metal used to join steel members
15291199	apogee	time	4	2.57	semcor	phase	word present in another sense	"a final climactic stage; ""their achievements stand as a culmination of centuries of develo"
07444392	diurnal_variation	event	3	2.67	semcor	variation		fluctuations that occur during each day
11750989	melilotus	plant	17	1.27	semcor	plant		erect annual or biennial plant grown extensively especially for hay and soil improvement
08657249	stratum	location	3	2.67	semcor	layer	word present in another sense	one of several parallel layers of material arranged one on top of another (such as a layer
00823884	inoculation	act	3	2.66	semcor	protection		taking a vaccine as a precaution against contracting a disease
14618050	anionic_detergent	substance	7	2.26	semcor	agent		a class of synthetic detergents in which the molecules do not ionize in aqueous solutions
02885108	boxcar	artifact	5	2.45	semcor	railcar		a freight car with roof and sliding doors in the sides
00575365	cinch	act	3	2.65	semcor	undertaking	word present in another sense	"any undertaking that is easy to do; ""marketing this product will be no picnic"""
11485582	sunbeam	phenomenon	3	2.65	semcor	beam-of-light		a ray of sunlight
07184545	affray	communication	7	2.24	semcor	quarrel		noisy quarrel
05413647	thyroxine	body	9	2.04	semcor	hormone		hormone produced by the thyroid glands to regulate metabolism by controlling the rate of o
01397114	alga	animal	6	2.33	semcor	microorganism		primitive chlorophyll-containing mainly aquatic eukaryotic organisms lacking true stems an
03049695	closeup	artifact	3	2.63	semcor	photograph		a photograph taken at close range
07542675	discouragement	feeling	4	2.53	semcor	despair	word present in another sense	the feeling of despair in the face of obstacles
08560785	earshot	location	3	2.63	semcor	place		"the range within which a voice can be heard; ""the children were told to stay within earsho"
05698982	incredulity	cognition	4	2.53	semcor	incertitude		doubt about the truth of something
04630378	stoicism	attribute	3	2.63	semcor	trait		an indifference to pleasure or pain
01742172	boa_constrictor	animal	6	2.32	semcor	snake		very large boa of tropical America and West Indies
14910748	hydride	substance	4	2.52	semcor	compound		any binary compound formed by the union of hydrogen and other elements
05115804	profusion	attribute	4	2.52	semcor	magnitude		"the property of being extremely abundant; ""the profusion of detail""; ""the idiomatic richne"
00633108	quackery	act	6	2.32	semcor	activity		medical practice and advice based on observation and experience in ignorance of scientific
07232988	denunciation	communication	3	2.61	semcor	act		a public act of denouncing
07238455	insinuation	communication	4	2.51	semcor	information		an indirect (and usually malicious) implication
08466175	cubism	group	5	2.4	semcor	movement		an artistic movement in France beginning in 1907 that featured surfaces of geometrical pla
14417551	discontinuity	state	4	2.5	semcor	state		lack of connection or continuity
10039663	dunce	person	4	2.5	semcor	person		a stupid person; these words are used to express a low opinion of someone's intelligence
03578981	interferometer	artifact	4	2.5	semcor	instrument		any measuring instrument that uses interference patterns to make accurate measurements of 
03882611	paneling	artifact	3	2.6	semcor	panel		a panel or section of panels in a wall or door
07512315	earnestness	feeling	5	2.39	semcor	feeling		an earnest and sincere feeling
13897198	ellipsoid	shape	5	2.39	semcor	shape		"a surface whose plane sections are all ellipses or circles; ""the Earth is an ellipsoid"""
05673209	forgetfulness	cognition	3	2.58	semcor	condition		tendency to forget
05498773	limbic_system	body	4	2.48	semcor	body-part		a system of functionally related neural structures in the brain that are involved in emoti
04745240	parallelism	attribute	3	2.58	semcor	similarity	word present in another sense	similarity by virtue of corresponding
10355942	New_Englander	person	5	2.38	semcor	inhabitant		an American who lives in New England
08476988	analytical_cubism	group	5	2.38	semcor	movement		the early phase of cubism
10249459	lawman	person	4	2.47	semcor	person		an officer of the law
05638606	marksmanship	cognition	3	2.57	semcor	skill		skill in shooting
13119870	bramble	plant	3	2.56	semcor	plant		any of various rough thorny shrubs or vines
05048301	concurrence	attribute	3	2.56	semcor	attribute	word present in another sense	"the temporal property of two things happening at the same time; ""the interval determining "
06319157	adverb	communication	3	2.55	semcor	collection		the word class that qualifies verbs or clauses
09619824	individualist	person	3	2.55	semcor	person		a person who pursues independent thought or action
09353603	micelle	object	11	1.75	semcor	particle		an electrically charged particle built up from polymeric molecules or ions and occurring i
10404672	passerby	person	3	2.55	semcor	pedestrian		a person who passes by casually or by chance
06764623	postscript	communication	1	2.75	zipf	annotation	word present in another sense	a note appended to a letter after the signature
10643218	squatter	person	3	2.55	semcor	traveler		someone who settles lawfully on government land with the intent to acquire title to it
05249420	anastomosis	body	7	2.14	semcor	state		a natural or surgical joining of parts or branches of tubular structures so as to make or 
07555402	ardor	feeling	5	2.34	semcor	feeling	word present in another sense	"a feeling of strong eagerness (usually in favor of a person or cause); ""they were imbued w"
07113192	phonemic_system	communication	4	2.44	semcor	system		the system of phonemes recognized in a language
10773394	weightlifter	person	4	2.44	semcor	athlete		an athlete who lifts barbells
03666362	light-emitting_diode	artifact	0	2.83	zipf	diode		diode such that light emitted at a p-n junction is proportional to the bias current; color
03743422	megaton_bomb	artifact	5	2.33	semcor	bomb		a nuclear weapon with an explosive power equivalent to one million tons of TNT
02880546	bowed_stringed_instrument	artifact	3	2.52	semcor	musical-instrument	word present in another sense	"stringed instruments that are played with a bow; ""the strings played superlatively well"""
10530677	rifleman	person	3	2.52	semcor	shooter		someone skilled in the use of a rifle
05018785	luminescence	attribute	3	2.51	semcor	luminosity	word present in another sense	light from nonthermal sources
03906224	pegboard	artifact	8	2.01	semcor	board		a board perforated with regularly spaced holes into which pegs can be fitted
09762821	achiever	person	3	2.5	semcor	person	word present in another sense	"a person with a record of successes; ""his son would never be the achiever that his father "
01349948	bacillus	animal	1	2.7	zipf	bacterium		aerobic rod-shaped spore-producing bacterium; often occurring in chainlike formations; fou
10456138	positivist	person	6	2.2	semcor	person		someone who emphasizes observable facts and excludes metaphysical speculation about origin
07394814	spatter	event	4	2.4	semcor	noise		"the noise of something spattering or sputtering explosively; ""he heard a spatter of gunfir"
05038823	titer	attribute	8	2.0	semcor	concentration		the concentration of a solution as determined by titration
10066732	evaluator	person	3	2.49	semcor	authority	word present in another sense	an authority who is able to estimate worth or quality
00436187	handstand	act	3	2.49	semcor	exercise		the act of supporting yourself by your hands alone in an upside down position
11496881	osmotic_pressure	phenomenon	3	2.49	semcor	pressure		(physical chemistry) the pressure exerted by a solution necessary to prevent osmosis into 
00940842	conceptualization	act	3	2.48	semcor	creation		inventing or contriving an idea or explanation and formulating it mentally
09617577	experimenter	person	3	2.48	semcor	research-worker		a research worker who conducts experiments
01018366	prolongation	act	4	2.38	semcor	activity		"the act of prolonging something; ""there was an indefinite prolongation of the peace talks"""
14413162	acquiescence	state	3	2.47	semcor	situation		acceptance without protest
06768901	restatement	communication	4	2.37	semcor	information		a revised statement
07154046	platitude	communication	6	2.17	semcor	remark		a trite or obvious remark
06493158	masthead	communication	3	2.46	semcor	list	word present in another sense	a listing printed in all issues of a newspaper or magazine (usually on the editorial page)
11800020	American_ginseng	plant	0	2.76	zipf	plant		North American woodland herb similar to and used as substitute for the Chinese ginseng
14045141	erectile_dysfunction	state	0	2.76	zipf	dysfunction		impotence resulting from a man's inability to have or maintain an erection of his penis
07027090	operetta	communication	4	2.36	semcor	opera		a short amusing opera
14715008	strychnine	substance	4	2.36	semcor	poison		an alkaloid plant toxin extracted chiefly from nux vomica; formerly used as a stimulant
05678474	wakefulness	cognition	4	2.36	semcor	consciousness		"a periodic state during which you are conscious and aware of the world; ""consciousness dur"
09957013	conscientious_objector	person	3	2.45	semcor	person		one who refuses to serve in the armed forces on grounds of conscience
07160752	soliloquy	communication	3	2.45	semcor	information		speech you make to yourself
04581595	whorehouse	artifact	5	2.25	semcor	building		a building where prostitutes are available
13442639	calving	process	3	2.44	semcor	organic-process		giving birth to a calf
07383823	footfall	event	4	2.34	semcor	event	word present in another sense	"the sound of a step of someone walking; ""he heard footsteps on the porch"""
00315700	commutation	act	3	2.43	semcor	act		the travel of a commuter
04246731	smokehouse	artifact	3	2.43	semcor	building		a small house where smoke is used to cure meat or fish
05524615	testis	body	3	2.43	semcor	organ	word present in another sense	"one of the two male reproductive glands that produce spermatozoa and secrete androgens; ""s"
07520112	frisson	feeling	5	2.22	semcor	fear	word present in another sense	"an almost pleasurable sensation of fright; ""a frisson of surprise shot through him"""
15279957	megahertz	time	5	2.22	semcor	relation		one million periods per second
14547643	infirmity	state	4	2.32	semcor	condition		the state of being weak in health or body (especially from old age)
05747582	reappraisal	cognition	4	2.32	semcor	appraisal	word present in another sense	a new appraisal or evaluation
10560106	schoolmate	person	4	2.32	semcor	acquaintance		an acquaintance that you go to school with
07014320	effusion	communication	3	2.41	semcor	demo		an unrestrained expression of emotion
07237758	incrimination	communication	3	2.41	semcor	information		"an accusation that you are responsible for some lapse or misdeed; ""his incrimination was b"
05993367	positivism	cognition	3	2.41	semcor	doctrine		the form of empiricism that bases all knowledge on perceptual experience (not on intuition
05063564	three-dimensionality	attribute	3	2.41	semcor	attribute		the property of having three dimensions
06608277	buzzword	communication	1	2.61	zipf	nonsense		stock phrases that have become nonsense through endless repetition
08689449	beachhead	location	3	2.4	semcor	place		"a bridgehead on the enemy's shoreline seized by an amphibious operation; ""the Germans were"
10276238	luminary	person	3	2.39	semcor	adult		"a celebrity who is an inspiration to others; ""he was host to a large gathering of luminari"
13528750	ossification	process	6	2.09	semcor	organic-process		the developmental process of bone formation
10695333	teamster	person	5	2.19	semcor	worker	word present in another sense	the driver of a team of horses doing hauling
14113021	myocardial_infarction	state	1	2.58	zipf	condition		destruction of heart tissue resulting from obstruction of the blood supply to the heart mu
10204921	infantryman	person	3	2.38	semcor	soldier		fights on foot with small arms
04742535	sameness	attribute	3	2.37	semcor	attribute		"the quality of being alike; ""sameness of purpose kept them together"""
06540863	divestiture	communication	4	2.27	semcor	legal-document	word present in another sense	an order to an offending party to rid itself of property; it has the purpose of depriving 
00629318	pushup	act	6	2.06	semcor	exercise		an arm exercise performed lying face to the floor and pushing the body up and down with th
05653710	excitability	cognition	4	2.26	semcor	sensitiveness		excessive sensitivity of an organ or body part
00288880	footstep	act	4	2.26	semcor	act	word present in another sense	the act of taking a step in walking
10494935	pursuer	person	3	2.35	semcor	traveler		"a person who is pursuing and trying to overtake or capture; ""always before he had been abl"
13977732	convulsion	state	5	2.14	semcor	disturbance	word present in another sense	"a violent disturbance; ""the convulsions of the stock market"""
10362682	Northerner	person	3	2.34	semcor	inhabitant		an inhabitant of the North
01225783	rebuff	act	3	2.34	semcor	discourtesy		a deliberate discourteous act (usually as an expression of anger or disapproval)
06907728	Athapaskan	communication	14	1.23	semcor	natural-language		a group of Amerindian languages (the name coined by an American anthropologist, Edward Sap
04052235	ramrod	artifact	4	2.23	semcor	rod		a rod used to ram the charge into a muzzle-loading firearm
04470232	tranquilizer	artifact	3	2.33	semcor	drug		a drug used to reduce stress or tension without reducing mental clarity
13841863	mutuality	relation	5	2.13	semcor	relation		a reciprocal relation between interdependent entities (objects or individuals or groups)
11518168	interfacial_tension	phenomenon	3	2.31	semcor	physical-phenomenon		surface tension at the surface separating two non-miscible liquids
10378026	onlooker	person	3	2.31	semcor	spectator		someone who looks on
13098648	xylem	plant	4	2.21	semcor	plant-part		the woody part of plants: the supporting and water-conducting tissue, consisting primarily
14272347	scours	state	5	2.11	semcor	animal-disease		diarrhea in livestock
01389188	Protozoa	animal	3	2.3	semcor	phylum		in some classifications considered a superphylum or a subkingdom; comprises flagellates; c
05702726	attentiveness	cognition	3	2.3	semcor	cognition		"paying particular notice (as to children or helpless people); ""his attentiveness to her wi"
12914923	verbena	plant	3	2.3	semcor	flower		any of numerous tropical or subtropical American plants of the genus Verbena grown for the
07135080	chitchat	communication	3	2.29	semcor	conversation	word present in another sense	light informal conversation for social occasions
10408438	patroness	person	4	2.19	semcor	person		a woman who is a patron or the wife of a patron
10157744	fathead	person	3	2.28	semcor	fool	word present in another sense	a man who is a stupid incompetent fool
00117578	belch	act	3	2.27	semcor	act		a reflex that expels gas noisily from the stomach through the mouth
15236176	microsecond	time	4	2.17	semcor	time-unit		one millionth (10^-6) of a second; one thousandth of a millisecond
07553964	commiseration	feeling	7	1.86	semcor	feeling	word present in another sense	"a feeling of sympathy and sorrow for the misfortunes of others; ""the blind are too often o"
14694765	reactant	substance	3	2.26	semcor	chemical		a chemical substance that is present at the start of a chemical reaction
13572436	vaporization	process	3	2.26	semcor	process		the process of becoming a vapor
10539715	rotter	person	4	2.15	semcor	person	word present in another sense	"a person who is deemed to be despicable or contemptible; ""only a rotter would do that""; ""k"
03575240	instrumentality	artifact	3	2.24	semcor	artifact		an artifact (or system of artifacts) that is instrumental in accomplishing some end
05268619	parenchyma	body	4	2.14	semcor	tissue		animal tissue that constitutes the essential part of an organ as contrasted with e.g. conn
10001764	demigod	person	1	2.44	zipf	leader		a person with great powers and abilities
07420991	pulsation	event	3	2.23	semcor	wave-motion	word present in another sense	(electronics) a sharp transient wave in the normal electrical state (or a series of such t
09862183	boatswain	person	3	2.22	semcor	sailor		a petty officer on a merchant ship who controls the work of other seamen
07572353	commissariat	food	1	2.42	zipf	food		a stock or supply of foods
05388115	pleura	body	6	1.92	semcor	tissue		the thin serous membrane around the lungs and inner walls of the chest
11410023	photochemical_exchange	phenomenon	3	2.21	semcor	chemical-phenomenon		an exchange produced by the chemical action of radiant energy (especially light)
05403702	antiserum	body	6	1.91	semcor	substance		blood serum containing antibodies against specific antigens; provides immunity to a diseas
03326371	feedlot	artifact	5	2.0	semcor	building		a building where livestock are fattened for market
07199922	rejoinder	communication	3	2.2	semcor	act	word present in another sense	"a quick reply to a question or remark (especially a witty or critical one); ""it brought a "
02810270	batter's_box	artifact	3	2.19	semcor	structure		an area on a baseball diamond (on either side of home plate) marked by lines within which 
09944337	committeeman	person	3	2.19	semcor	member		a man who is a member of committee
13473836	elution	process	4	2.09	semcor	process		the process of extracting one material from another by washing with a solvent to remove ad
13844212	interrelation	relation	6	1.89	semcor	relation		"mutual or reciprocal relation or relatedness; ""interrelationships of animal structure and "
05021884	malleability	attribute	3	2.19	semcor	attribute		the property of being physically malleable; the property of something that can be worked o
05639651	salesmanship	cognition	3	2.19	semcor	skill		"skill in selling; skill in persuading people to buy; ""he read a book on salesmanship but i"
06200741	disfavor	cognition	4	2.07	semcor	inclination		an inclination to withhold approval from some person or group
15268857	terminus_ad_quem	time	3	2.17	semcor	amount	word present in another sense	final or latest limiting point
05805157	cognizance	cognition	2	2.25	zipf	cognition		"range of what one can know or understand; ""beyond my ken"""
06716234	jeer	communication	3	2.14	semcor	information		showing your contempt by derision
10503247	racketeer	person	3	2.14	semcor	criminal		someone who commits crimes for profit (especially one who obtains money by fraud or extort
05549350	deltoid	body	3	2.13	semcor	muscle		a large triangular muscle covering the shoulder joint and serving to abduct and flex and e
10274639	lout	person	3	2.13	semcor	person	word present in another sense	an awkward stupid person
10544480	rustler	person	4	2.03	semcor	criminal		someone who steals livestock (especially cattle)
09788237	amicus_curiae	person	3	2.12	semcor	adviser		an adviser to the court on some matter of law who is not a party to the case; usually some
10039271	duffer	person	3	2.12	semcor	person		"an incompetent or clumsy person; ""as a golfer he was only a duffer"""
13569905	transpiration	process	3	2.12	semcor	process		the passage of gases through fine tubes because of differences in pressure or temperature
06598445	perusal	communication	1	2.32	zipf	cognition		reading carefully with intent to remember
04396093	taw	artifact	1	2.32	zipf	toy-marble	word present in another sense	a large marble used for shooting in the game of marbles
05282433	dentition	body	0	2.41	zipf	set		the kind and number and arrangement of teeth (collectively) in a person or animal
03456665	greatcoat	artifact	8	1.61	semcor	coat		a heavy coat worn over clothes in winter
15022171	globulin	substance	3	2.11	semcor	protein		a family of proteins found in blood and milk and muscle and in plant seed
05974564	Platonism	cognition	3	2.1	semcor	doctrine	word present in another sense	(philosophy) the philosophical doctrine that abstract concepts exist independent of their 
05531511	bronchus	body	7	1.7	semcor	passage		either of the two main branches of the trachea
02859184	boater	artifact	3	2.09	semcor	hat	word present in another sense	a stiff hat made of straw with a flat crown
05930136	percept	cognition	6	1.78	semcor	cognition	word present in another sense	the representation of what is perceived; basic component in the formation of a concept
02854739	bloomers	artifact	0	2.38	zipf	underpants		"underpants worn by women; ""she was afraid that her bloomers might have been showing"""
09951717	concessionaire	person	3	2.06	semcor	businessman		someone who holds or operates a concession
07399917	whir	event	3	2.04	semcor	event		"sound of something in rapid motion; ""whir of a bird's wings""; ""the whir of the propellers"""
09881358	busboy	person	3	2.03	semcor	employee		a restaurant attendant who sets tables and assists waiters and clears away dirty dishes
04651974	muteness	attribute	8	1.52	semcor	trait	word present in another sense	"a refusal to speak when expected; ""his silence about my contribution was surprising"""
00404726	contortion	act	3	2.01	semcor	act		the act of twisting or deforming the shape of something (e.g., yourself)
04626280	emotionality	attribute	3	2.01	semcor	trait		emotional nature or quality
10102800	forefather	person	3	2.01	semcor	ancestor	word present in another sense	"the founder of a family; ""keep the faith of our forefathers"""
05323889	auricle	body	6	1.7	semcor	body-part	word present in another sense	the externally visible cartilaginous structure of the external ear
09902017	cattleman	person	3	2.0	semcor	stockman		a man who raises (or tends) cattle
11674798	catkin	plant	7	1.59	semcor	plant-part		a cylindrical spikelike inflorescence
07525555	scruple	feeling	4	1.89	semcor	emotion	word present in another sense	uneasiness about the fitness of an action
10605848	skirmisher	person	7	1.59	semcor	person		someone who skirmishes (e.g., as a member of a scouting party)
04035748	quirt	artifact	7	1.58	semcor	whip		whip with a leather thong at the end
02210427	andrena	animal	9	1.36	semcor	bee		a bee that is a member of the genus Andrena
07325762	menarche	event	4	1.86	semcor	event		the first occurrence of menstruation in a woman
10660729	straggler	person	3	1.96	semcor	dawdler		someone who strays or falls behind
03519578	highroad	artifact	6	1.66	semcor	highway		a highway
04764242	idiosyncrasy	attribute	3	1.95	semcor	trait		a behavioral attribute that is distinctive and peculiar to an individual
10047459	egotist	person	3	1.94	semcor	person		a conceited and self-centered person
14994726	polyphosphate	substance	6	1.64	semcor	compound		a salt or ester of polyphosphoric acid
04124098	saddlebag	artifact	3	1.93	semcor	bag		a large bag (or pair of bags) hung over a saddle
15028684	agglutinin	substance	8	1.43	semcor	protein		an antibody that causes agglutination of a specific antigen
01395254	ciliate	animal	4	1.81	semcor	microorganism		a protozoan with a microscopic appendage extending from the surface of the cell
13385216	boodle	possession	3	1.91	semcor	standard	word present in another sense	informal terms for money
00047550	underachievement	act	3	1.9	semcor	accomplishment		poorer than expected performance (poorer than might have been predicted from intelligence 
13428608	agglutination	process	3	1.89	semcor	organic-process		a clumping of bacteria or red cells when held together by antibodies (agglutinins)
04625882	compulsiveness	attribute	10	1.19	semcor	trait		the trait of acting compulsively
10338094	muleteer	person	10	1.19	semcor	laborer	word present in another sense	a worker who drives mules
14221138	lupus_erythematosus	state	0	2.18	zipf	autoimmune-disease		a chronic inflammatory collagen disease affecting connective tissue (skin or joints)
07004241	electroencephalogram	communication	3	1.88	semcor	graph		a graphical record of electrical activity of the brain; produced by an electroencephalogra
05705722	watchfulness	cognition	4	1.77	semcor	attention		"the process of paying close and continuous attention; ""wakefulness, watchfulness, and bell"
03718335	manometer	artifact	6	1.56	semcor	gauge		a pressure gauge for comparing pressures of a gas
04864515	doggedness	attribute	6	1.55	semcor	trait		persistent determination
06602935	intension	communication	3	1.85	semcor	meaning		what you must know in order to determine the reference of an expression
05040081	molarity	attribute	5	1.65	semcor	concentration		concentration measured by the number of moles of solute per liter of solution
10061656	epicure	person	3	1.83	semcor	person		a person devoted to refined sensuous enjoyment (especially good food and drink)
09811852	artilleryman	person	5	1.63	semcor	skilled-worker		a serviceman in the artillery
02209508	Bombus	animal	4	1.71	semcor	genus		bumblebees
10548419	salesgirl	person	4	1.7	semcor	employee		a woman salesperson
04491388	truncheon	artifact	0	2.1	zipf	club		a short stout club used primarily by policemen
14276360	tularemia	state	3	1.79	semcor	animal-disease		a highly infectious disease of rodents (especially rabbits and squirrels) and sometimes tr
07508996	amour_propre	feeling	5	1.57	semcor	feeling	word present in another sense	feelings of excessive pride
05592504	epiphysis	body	5	1.57	semcor	bone		the end of a long bone; initially separated from the main bone by a layer of cartilage tha
10355306	neutralist	person	5	1.57	semcor	advocate		an advocate of neutrality in international affairs
06880533	exemplification	communication	3	1.76	semcor	demo	word present in another sense	showing by example
07694839	hardtack	food	3	1.76	semcor	bread		very hard unsalted biscuit or bread; a former ship's staple
05535247	jejunum	body	3	1.74	semcor	intestine		the part of the small intestine between the duodenum and the ileum
05574633	gastrocnemius	body	4	1.63	semcor	muscle		the muscle in the back part of the leg that forms the greater part of the calf; responsibl
15072857	thymine	substance	0	2.01	zipf	compound		a base found in DNA (but not in RNA) and derived from pyrimidine; pairs with adenine
14750122	diethylstilbestrol	substance	4	1.59	semcor	hormone		a potent estrogen used in medicine and in feed for livestock and poultry
14348895	laminitis	state	1	1.86	zipf	inflammation		inflammation of the laminated tissue that attaches the hoof to the foot of a horse
13570923	ultracentrifugation	process	4	1.56	semcor	process		centrifugation at very high speeds
04998417	laterality	attribute	4	1.55	semcor	attribute	word present in another sense	superior development of one side of the body
05775829	prevision	cognition	5	1.45	semcor	vision		a prophetic vision (as in a dream)
05528395	alveolus	body	5	1.44	semcor	body-part		a tiny sac for holding air in the lungs; formed by the terminal dilation of tiny air passa
14548105	cachexia	state	0	1.93	zipf	condition		any general reduction in vitality and strength of body and mind resulting from a debilitat
04783567	cogency	attribute	4	1.53	semcor	credibility		the quality of being valid and rigorous
06709692	disapprobation	communication	4	1.51	semcor	information		"an expression of strong disapproval; pronouncing as wrong or morally culpable; ""his uncomp"
05000913	plumpness	attribute	4	1.5	semcor	fatness		the bodily property of being well rounded
15274441	letup	time	4	1.49	semcor	pause		"a pause during which things are calm or activities are diminished; ""there was never a letu"
05493650	lobule	body	3	1.58	semcor	body-part		a small lobe or subdivision of a lobe
07233996	imprecation	communication	5	1.35	semcor	act		"the act of calling down a curse that invokes evil (and usually serves as an insult); ""he s"
09439213	soapsuds	object	7	1.15	semcor	bubble		the froth produced by soaps or detergents
14897941	benzoin	substance	0	1.84	zipf	compound		gum resin used especially in treating skin irritation
05559122	latissimus_dorsi	body	4	1.44	semcor	muscle		a broad flat muscle on either side of the back
10388647	overnighter	person	3	1.53	semcor	customer		a guest who stays overnight
07570720	nutriment	food	3	1.51	semcor	food	word present in another sense	a source of materials to nourish the body
03530803	honkytonk	artifact	5	1.3	semcor	cabaret		a cheap disreputable nightclub or dance hall
00746587	profanation	act	3	1.5	semcor	activity		"blasphemous behavior; the act of depriving something of its sacred character; ""desecration"
13845239	synchronism	relation	3	1.5	semcor	relation		"the relation that exists when things occur at the same time; ""the drug produces an increas"
04861486	resoluteness	attribute	4	1.39	semcor	trait	word present in another sense	"the trait of being resolute; ""his resoluteness carried him through the battle""; ""it was hi"
06662712	neutralism	communication	4	1.34	semcor	argumentation		a policy of neutrality or nonalignment in international affairs
14896018	Zanzibar_copal	substance	0	1.73	zipf	compound		a hard copal derived from an African tree
10770545	watercolorist	person	4	1.33	semcor	painter		a painter who paints with watercolors
04718999	handiness	attribute	3	1.42	semcor	attribute		the quality of being at hand when needed
11427736	autofluorescence	phenomenon	3	1.41	semcor	visible-light		self-induced fluorescence
04710127	asperity	attribute	3	1.38	semcor	difficulty	word present in another sense	"something hard to endure; ""the asperity of northern winters"""
10669009	subjectivist	person	3	1.38	semcor	person		a person who subscribes to subjectivism
04880830	artlessness	attribute	5	1.17	semcor	attribute		the quality of innocent naivete
04506506	ultracentrifuge	artifact	3	1.31	semcor	centrifuge		a high speed centrifuge used to determine the relative molecular masses of large molecules
14771643	phenothiazine	substance	3	1.23	semcor	compound		a compound used primarily in veterinary medicine to rid farm animals of internal parasites
04029734	pyrometer	artifact	3	1.23	semcor	thermometer		a thermometer designed to measure high temperatures
07244305	kerygma	communication	3	1.21	semcor	sermon		preaching the gospel of Christ in the manner of the early church
15066125	tabun	substance	0	1.5	zipf	agent		the first known nerve agent, synthesized by German chemists in 1936; a highly toxic combus
07113080	morphophonemic_system	communication	3	1.19	semcor	system		the morphophonemics of a particular language
10389976	oyabun	person	4	1.08	semcor	supervisor		a Japanese supervisor
04760611	literalness	attribute	3	1.18	semcor	attribute		adhereing to the concrete construal of something
14794304	diethylaminoethyl_cellulose	substance	14	0.0	semcor	molecule		used for chromatography
05461610	mononuclear_phagocyte_system	body	0	1.4	zipf	body-part		a widely distributed system of free and fixed macrophages derived from bone marrow
04729984	stateliness	attribute	1	1.25	zipf	attribute		impressiveness in scale or proportion
04853948	corruptness	attribute	1	1.24	zipf	attribute	word present in another sense	lack of integrity or honesty (especially susceptibility to bribery); use of a position of 
05531666	bronchiole	body	13	0.0	semcor	passage		any of the smallest bronchial ducts; ending in alveoli
05872742	rudiment	cognition	0	1.27	zipf	principle	word present in another sense	"the elementary stages of any subject (usually plural); ""he mastered only the rudiments of "
07246742	expostulation	communication	12	0.0	semcor	communication	word present in another sense	the act of expressing earnest opposition or protest
06178660	morphophonemics	cognition	9	0.0	semcor	linguistics		the study of the phonological realization of the allomorphs of the morphemes of a language
06924659	Mariposan	communication	8	0.0	semcor	natural-language		a Penutian language spoken by the Yokuts in the San Joaquin Valley
14774090	beebread	substance	7	0.0	semcor	mixture		a mixture of nectar and pollen prepared by worker bees and fed to larvae
10222353	jimdandy	person	7	0.0	semcor	ideal		"someone excellent of their kind; ""he's a jimdandy of a soldier"""
06769032	demythologization	communication	6	0.0	semcor	information		the restatement of a message (as a religious one) in rational terms
04802629	erroneousness	attribute	6	0.0	semcor	attribute	word present in another sense	inadvertent incorrectness
13329322	losings	possession	6	0.0	semcor	lost-item		something lost (especially money lost at gambling)
13099373	pseudophloem	plant	6	0.0	semcor	plant-part		false phloem
14834906	di-iodotyrosine	substance	5	0.0	semcor	amino-acid		tyrosine with two iodine atoms added
05985999	eruditeness	cognition	5	0.0	semcor	acquired-knowledge	word present in another sense	profound scholarly knowledge
05224755	hilus	body	5	0.0	semcor	body-part		"(anatomy) a depression or fissure where vessels or nerves or ducts enter a bodily organ; """
05924165	introject	cognition	5	0.0	semcor	ideal-value		(psychoanalysis) parental figures (and their values) that you introjected as a child; the 
14834807	mono-iodotyrosine	substance	5	0.0	semcor	amino-acid		tyrosine with one iodine atom added
05481746	neopallium	body	5	0.0	semcor	body-part		the cortical part of the neencephalon
14526764	unsusceptibility	state	5	0.0	semcor	condition	word present in another sense	"the state of not being susceptible; ""unsusceptibility to rust"""
02210921	Nomia_melanderi	animal	4	0.0	semcor	bee		a common solitary bee important for pollinating alfalfa in the western United States
02209755	Psithyrus	animal	4	0.0	semcor	genus		a large bee that resembles the bumblebee but lacks pollen-collecting apparatus and a worke
01744555	amethystine_python	animal	4	0.0	semcor	snake		a python having the color of amethyst
14889728	goitrogen	substance	4	0.0	semcor	compound		any substance (such as thiouracil) that induces the formation of a goiter
06179574	lexicostatistics	cognition	4	0.0	semcor	linguistics		a statistical technique used in glottochronology; used to estimate how long ago different 
04823416	obscureness	attribute	4	0.0	semcor	attribute		the quality of being unclear or abstruse and hard to understand
13527726	organification	process	4	0.0	semcor	organic-process		the process of organ formation
14835230	tri-iodothyronine	substance	4	0.0	semcor	amino-acid		thyronine with three iodine atoms added
13845838	asynchronism	relation	3	0.0	semcor	relation		"the relation that exists when things occur at unrelated times; ""the stimulus produced a de"
04889337	clannishness	attribute	3	0.0	semcor	sin		tendency to associate with only a select group
05149127	detergency	attribute	3	0.0	semcor	attribute		detergent quality; the quality of having cleansing power
03252064	drygoods	artifact	3	0.0	semcor	commodity		textiles or clothing and related merchandise
14585960	floccule	substance	3	0.0	semcor	material		a small loosely aggregated mass of flocculent material suspended in or precipitated from a
10144571	graverobber	person	3	0.0	semcor	criminal		someone who takes bodies from graves and sells them for anatomical dissection
03488784	handspike	artifact	3	0.0	semcor	bar		a metal bar (or length of pipe) used as a lever
10175507	highjacker	person	3	0.0	semcor	criminal		a holdup man who stops a vehicle and steals from it
15143012	incipiency	time	3	0.0	semcor	commencement		"beginning to exist or to be apparent; ""he placed the incipience of democratic faith at aro"
01261490	incitation	act	3	0.0	semcor	act		"an act of urging on or spurring on or rousing to action or instigating; ""the incitement of"
07591330	lobscouse	food	3	0.0	semcor	prepared-dish		a stew of meat and vegetables and hardtack that is eaten by sailors
05459953	myofibril	body	3	0.0	semcor	fiber		one of many contractile filaments that make up a striated muscle fiber
04989657	plangency	attribute	3	0.0	semcor	attribute		having the character of a loud deep sound; the quality of being resonant
15069998	thiouracil	substance	3	0.0	semcor	compound		depresses the function of the thyroid gland
04646990	committedness	attribute	2	0.0	zipf	trait	word present in another sense	"the trait of sincere and steadfast fixity of purpose; ""a man of energy and commitment"""
