abalone	agent
abalone	animal
abalone	body
abalone	invertebrate
abalone	mollusc
abalone	organism
abalone	phenomenon
abalone	physical-object
abalone	species
abalone	universe
abdomen	phenomenon
abdomen	physical-object
abdomen	universe
abelian-group	logical-relation
abelian-group	mathematical-set
abelian-group	subset
aberration	event
aberration	luminosity
aberration	phenomenon
ability	attribute
ability	logical-relation
ability	property
abortion	destruction
abortion	event
abortion	phenomenon
absence	event
absence	phenomenon
absorption	event
absorption	locating
absorption	phenomenon
absorption	visit
abuse	accomplishment
abuse	act
abuse	activity
abuse	communication
abuse	event
abuse	information
abuse	phenomenon
abuse	procedure
abuse	reaction.phenomenon
abuse	universe
abuse	volition
academic-degree	artifact
academic-degree	contract-condition
academic-degree	indication
academic-degree	information
academic-degree	line-of-text
academic-degree	phenomenon
academic-degree	physical-object
academic-degree	text
academic-degree	universe
academic-degree	vehicle-body
academy	agent
academy	association
academy	collection
academy	group
academy	organization
academy	phenomenon
academy	team
academy	universe
acceptance-sampling	accomplishment
acceptance-sampling	act
acceptance-sampling	activity
acceptance-sampling	event
acceptance-sampling	phenomenon
acceptance-sampling	procedure
acceptance-sampling	volition
access	attribute
access	logical-relation
access	normal
access	property
accident	event
accident	phenomenon
accommodation	accomplishment
accommodation	act
accommodation	activity
accommodation	event
accommodation	phenomenon
accommodation	procedure
accommodation	volition
accomplishment	event
accomplishment	phenomenon
account	article
account	artifact
account	contract-condition
account	data-file
account	essay
account	indication
account	information
account	line-of-text
account	news
account	note
account	phenomenon
account	physical-object
account	text
account	universe
account	vehicle-body
accretion	event
accretion	extension.time
accretion	increase
accretion	phenomenon
accusation	accomplishment
accusation	act
accusation	activity
accusation	affirmation
accusation	communication
accusation	event
accusation	information
accusation	phenomenon
accusation	procedure
accusation	universe
accusation	volition
ace	agent
ace	animal
ace	body
ace	human
ace	mammal
ace	organism
ace	person
ace	phenomenon
ace	physical-object
ace	populace
ace	self
ace	species
ace	universe
ace	vertebrate
acid	compound
acid	material
acid	phenomenon
acid	substance
acid	universe
acknowledgment	amateur
acknowledgment	ambiance
acknowledgment	attribute
acknowledgment	circumstance
acknowledgment	civilisation
acknowledgment	crowd
acknowledgment	custom
acknowledgment	danger
acknowledgment	expert
acknowledgment	freedom
acknowledgment	hero
acknowledgment	lap
acknowledgment	literary-works
acknowledgment	logical-relation
acknowledgment	normal
acknowledgment	point-of-view
acknowledgment	practice
acknowledgment	property
acknowledgment	society
acknowledgment	status
acknowledgment	tension
acknowledgment	way
acquaintance	attribute
acquaintance	logical-relation
acquaintance	property
acquired-knowledge	accomplishment
acquired-knowledge	act
acquired-knowledge	activity
acquired-knowledge	event
acquired-knowledge	leader
acquired-knowledge	phenomenon
acquired-knowledge	procedure
acquired-knowledge	volition
acquisition	accomplishment
acquisition	act
acquisition	activity
acquisition	event
acquisition	phenomenon
acquisition	procedure
acquisition	volition
act	event
act	phenomenon
act-of-play	accomplishment
act-of-play	act
act-of-play	activity
act-of-play	communication
act-of-play	event
act-of-play	information
act-of-play	performing
act-of-play	phenomenon
act-of-play	procedure
act-of-play	stage-production
act-of-play	universe
act-of-play	volition
action	logical-relation
action	signified
action-mechanism	artifact
action-mechanism	component
action-mechanism	device
action-mechanism	mechanism
action-mechanism	phenomenon
action-mechanism	universe
action-mechanism	vehicle-body
activeness	attribute
activeness	logical-relation
activeness	property
activewear	artifact
activewear	clothing
activewear	fashion
activewear	phenomenon
activewear	universe
activewear	vehicle-body
activity	event
activity	phenomenon
ad	accomplishment
ad	act
ad	activity
ad	communication
ad	event
ad	information
ad	phenomenon
ad	procedure
ad	universe
ad	volition
adaptation	artifact
adaptation	contract-condition
adaptation	indication
adaptation	information
adaptation	line-of-text
adaptation	phenomenon
adaptation	physical-object
adaptation	text
adaptation	universe
adaptation	vehicle-body
adapter	artifact
adapter	device
adapter	phenomenon
adapter	universe
adapter	vehicle-body
addiction	attribute
addiction	logical-relation
addiction	property
addition	event
addition	locating
addition	phenomenon
addition	visit
additive-inverse	amateur
additive-inverse	ambiance
additive-inverse	attribute
additive-inverse	circumstance
additive-inverse	civilisation
additive-inverse	crowd
additive-inverse	custom
additive-inverse	danger
additive-inverse	expert
additive-inverse	freedom
additive-inverse	hero
additive-inverse	lap
additive-inverse	literary-works
additive-inverse	logical-relation
additive-inverse	normal
additive-inverse	point-of-view
additive-inverse	practice
additive-inverse	property
additive-inverse	society
additive-inverse	status
additive-inverse	tension
additive-inverse	way
address	artifact
address	development
address	phenomenon
address	place
address	universe
address	vehicle-body
adeptness	attribute
adeptness	logical-relation
adeptness	property
adhesive	artifact
adhesive	device
adhesive	material
adhesive	phenomenon
adhesive	substance
adhesive	universe
adhesive	vehicle-body
administrative-division	agent
administrative-division	association
administrative-division	collection
administrative-division	group
administrative-division	organization
administrative-division	phenomenon
administrative-division	team
administrative-division	universe
administrator	attribute
administrator	logical-relation
administrator	property
admiration	attribute
admiration	logical-relation
admiration	property
admission	accomplishment
admission	act
admission	activity
admission	affirmation
admission	communication
admission	event
admission	information
admission	phenomenon
admission	procedure
admission	universe
admission	volition
admonition	attribute
admonition	logical-relation
admonition	normal
admonition	property
adolescent	agent
adolescent	animal
adolescent	body
adolescent	human
adolescent	mammal
adolescent	organism
adolescent	person
adolescent	phenomenon
adolescent	physical-object
adolescent	populace
adolescent	self
adolescent	species
adolescent	universe
adolescent	vertebrate
adoption	accomplishment
adoption	act
adoption	activity
adoption	event
adoption	phenomenon
adoption	procedure
adoption	volition
adult	agent
adult	animal
adult	body
adult	human
adult	mammal
adult	organism
adult	person
adult	phenomenon
adult	physical-object
adult	populace
adult	self
adult	species
adult	universe
adult	vertebrate
advancement	amateur
advancement	ambiance
advancement	attribute
advancement	circumstance
advancement	civilisation
advancement	crowd
advancement	custom
advancement	danger
advancement	expert
advancement	freedom
advancement	hero
advancement	lap
advancement	literary-works
advancement	logical-relation
advancement	normal
advancement	point-of-view
advancement	practice
advancement	property
advancement	society
advancement	status
advancement	tension
advancement	way
advantage	amateur
advantage	ambiance
advantage	attribute
advantage	circumstance
advantage	civilisation
advantage	crowd
advantage	custom
advantage	danger
advantage	expert
advantage	freedom
advantage	hero
advantage	lap
advantage	literary-works
advantage	logical-relation
advantage	normal
advantage	point-of-view
advantage	practice
advantage	property
advantage	society
advantage	status
advantage	tension
advantage	way
adventure	amateur
adventure	ambiance
adventure	attribute
adventure	circumstance
adventure	civilisation
adventure	crowd
adventure	custom
adventure	danger
adventure	expert
adventure	freedom
adventure	hero
adventure	lap
adventure	literary-works
adventure	logical-relation
adventure	normal
adventure	point-of-view
adventure	practice
adventure	property
adventure	society
adventure	status
adventure	tension
adventure	way
adversary	agent
adversary	animal
adversary	body
adversary	human
adversary	mammal
adversary	organism
adversary	person
adversary	phenomenon
adversary	physical-object
adversary	populace
adversary	self
adversary	species
adversary	universe
adversary	vertebrate
adversity	amateur
adversity	ambiance
adversity	attribute
adversity	circumstance
adversity	civilisation
adversity	crowd
adversity	custom
adversity	danger
adversity	expert
adversity	freedom
adversity	hero
adversity	lap
adversity	literary-works
adversity	logical-relation
adversity	normal
adversity	point-of-view
adversity	practice
adversity	property
adversity	society
adversity	status
adversity	tension
adversity	way
advertising	accomplishment
advertising	act
advertising	activity
advertising	event
advertising	exchange
advertising	interaction
advertising	phenomenon
advertising	procedure
advertising	selling
advertising	transaction
advertising	volition
advice	accomplishment
advice	act
advice	activity
advice	communication
advice	event
advice	information
advice	phenomenon
advice	procedure
advice	universe
advice	volition
adviser	attribute
adviser	logical-relation
adviser	property
advocate	agent
advocate	animal
advocate	body
advocate	human
advocate	mammal
advocate	organism
advocate	person
advocate	phenomenon
advocate	physical-object
advocate	populace
advocate	self
advocate	species
advocate	universe
advocate	vertebrate
affair	accomplishment
affair	act
affair	activity
affair	event
affair	phenomenon
affair	procedure
affair	volition
affiliation	accomplishment
affiliation	act
affiliation	activity
affiliation	event
affiliation	phenomenon
affiliation	procedure
affiliation	volition
affine-geometry	field-of-study
affine-geometry	logical-relation
affine-geometry	signified
affine-transformation	logical-relation
affinity	amateur
affinity	ambiance
affinity	attribute
affinity	circumstance
affinity	civilisation
affinity	crowd
affinity	custom
affinity	danger
affinity	expert
affinity	freedom
affinity	hero
affinity	lap
affinity	literary-works
affinity	logical-relation
affinity	normal
affinity	point-of-view
affinity	practice
affinity	property
affinity	society
affinity	status
affinity	tension
affinity	way
affinity.relation	accomplishment
affinity.relation	act
affinity.relation	activity
affinity.relation	event
affinity.relation	phenomenon
affinity.relation	procedure
affinity.relation	volition
affirmation	accomplishment
affirmation	act
affirmation	activity
affirmation	communication
affirmation	event
affirmation	information
affirmation	phenomenon
affirmation	procedure
affirmation	universe
affirmation	volition
afternoon	logical-relation
afternoon	quantity
age	attribute
age	logical-relation
age	property
age-norm	logical-relation
age-norm	quantity
agenda	artifact
agenda	contract-condition
agenda	indication
agenda	information
agenda	line-of-text
agenda	phenomenon
agenda	physical-object
agenda	text
agenda	universe
agenda	vehicle-body
agent	phenomenon
agent	universe
aggression	accomplishment
aggression	act
aggression	activity
aggression	contest
aggression	event
aggression	fight
aggression	phenomenon
aggression	procedure
aggression	volition
aggression	war
agitation	amateur
agitation	ambiance
agitation	attribute
agitation	circumstance
agitation	civilisation
agitation	crowd
agitation	custom
agitation	danger
agitation	expert
agitation	freedom
agitation	hero
agitation	lap
agitation	literary-works
agitation	logical-relation
agitation	normal
agitation	point-of-view
agitation	practice
agitation	property
agitation	society
agitation	status
agitation	tension
agitation	way
agony	attribute
agony	logical-relation
agony	property
agreement	accomplishment
agreement	act
agreement	activity
agreement	cooperation
agreement	event
agreement	phenomenon
agreement	procedure
agreement	volition
aid	accomplishment
aid	act
aid	activity
aid	event
aid	phenomenon
aid	procedure
aid	volition
air	material
air	phenomenon
air	substance
air	universe
air-conditioner	artifact
air-conditioner	device
air-conditioner	phenomenon
air-conditioner	universe
air-conditioner	vehicle-body
air-duct	phenomenon
air-duct	place
air-duct	universe
air-mattress	artifact
air-mattress	phenomenon
air-mattress	universe
air-mattress	vehicle-body
air-pump	artifact
air-pump	device
air-pump	phenomenon
air-pump	pump
air-pump	universe
air-pump	vehicle-body
airbrush	artifact
airbrush	device
airbrush	phenomenon
airbrush	universe
airbrush	vehicle-body
aircraft	artifact
aircraft	device
aircraft	phenomenon
aircraft	universe
aircraft	vehicle
aircraft	vehicle-body
aircraft-wing	artifact
aircraft-wing	component
aircraft-wing	device
aircraft-wing	mechanism
aircraft-wing	phenomenon
aircraft-wing	universe
aircraft-wing	vehicle-body
airship	aircraft
airship	artifact
airship	device
airship	phenomenon
airship	universe
airship	vehicle
airship	vehicle-body
aisle	land
aisle	phenomenon
aisle	place
aisle	universe
aisle	yard
alabaster	material
alabaster	mineral
alabaster	phenomenon
alabaster	substance
alabaster	universe
alarm	artifact
alarm	device
alarm	phenomenon
alarm	universe
alarm	vehicle-body
alarm-clock	artifact
alarm-clock	clock
alarm-clock	device
alarm-clock	phenomenon
alarm-clock	universe
alarm-clock	vehicle-body
album	artifact
album	book
album	component
album	device
album	indication
album	information
album	mechanism
album	phenomenon
album	physical-object
album	universe
album	vehicle-body
alcohol	drink
alcohol	food
alcohol	material
alcohol	phenomenon
alcohol	substance
alcohol	universe
algebra	field-of-study
algebra	logical-relation
algebra	signified
algebraic-transposition	accomplishment
algebraic-transposition	act
algebraic-transposition	activity
algebraic-transposition	calculation
algebraic-transposition	event
algebraic-transposition	information
algebraic-transposition	phenomenon
algebraic-transposition	procedure
algebraic-transposition	universe
algebraic-transposition	volition
algorithm	logical-relation
algorithm	measure
algorithm	routine
algorithm	signified
alimony	accomplishment
alimony	act
alimony	activity
alimony	event
alimony	phenomenon
alimony	procedure
alimony	volition
alliance	logical-relation
alloy	material
alloy	phenomenon
alloy	substance
alloy	universe
ally	agent
ally	country
ally	land
ally	phenomenon
ally	place
ally	universe
ally	yard
aloofness	attribute
aloofness	logical-relation
aloofness	property
altar	artifact
altar	phenomenon
altar	universe
altar	vehicle-body
aluminum	chemical-element
aluminum	material
aluminum	phenomenon
aluminum	substance
aluminum	universe
alumnus	attribute
alumnus	logical-relation
alumnus	property
amateur	attribute
amateur	logical-relation
amateur	normal
amateur	property
ambiance	attribute
ambiance	logical-relation
ambiance	normal
ambiance	property
ambiguity	attribute
ambiguity	logical-relation
ambiguity	property
ambition	attribute
ambition	logical-relation
ambition	property
amendment	accomplishment
amendment	act
amendment	activity
amendment	affirmation
amendment	communication
amendment	event
amendment	information
amendment	phenomenon
amendment	procedure
amendment	universe
amendment	volition
ammonia	compound
ammonia	material
ammonia	phenomenon
ammonia	substance
ammonia	universe
ammunition	artifact
ammunition	device
ammunition	pellet
ammunition	phenomenon
ammunition	universe
ammunition	vehicle-body
ammunition	weapon
amphetamine	material
amphetamine	phenomenon
amphetamine	substance
amphetamine	universe
amphibian	agent
amphibian	animal
amphibian	body
amphibian	organism
amphibian	phenomenon
amphibian	physical-object
amphibian	species
amphibian	universe
amphibian	vertebrate
analogue	amateur
analogue	ambiance
analogue	attribute
analogue	circumstance
analogue	civilisation
analogue	crowd
analogue	custom
analogue	danger
analogue	expert
analogue	freedom
analogue	hero
analogue	lap
analogue	literary-works
analogue	logical-relation
analogue	normal
analogue	point-of-view
analogue	practice
analogue	property
analogue	society
analogue	status
analogue	tension
analogue	way
analogy	accomplishment
analogy	act
analogy	activity
analogy	event
analogy	information
analogy	phenomenon
analogy	procedure
analogy	thinking
analogy	universe
analogy	volition
analysis-of-variance	field-of-study
analysis-of-variance	logical-relation
analysis-of-variance	signified
analyst	attribute
analyst	logical-relation
analyst	property
analytic-geometry	field-of-study
analytic-geometry	logical-relation
analytic-geometry	signified
ancestor	attribute
ancestor	logical-relation
ancestor	property
anchor	artifact
anchor	device
anchor	phenomenon
anchor	universe
anchor	vehicle-body
anchor-chain	artifact
anchor-chain	device
anchor-chain	phenomenon
anchor-chain	universe
anchor-chain	vehicle-body
anemometer	artifact
anemometer	device
anemometer	phenomenon
anemometer	universe
anemometer	vehicle-body
angle	attribute
angle	curve
angle	logical-relation
angle	property
angle	shape
angle-of-inclination	logical-relation
angle-of-inclination	quantity
animal	agent
animal	organism
animal	phenomenon
animal	physical-object
animal	species
animal	universe
animal-fat	body-part
animal-fat	material
animal-fat	phenomenon
animal-fat	physical-object
animal-fat	substance
animal-fat	tissue
animal-fat	universe
animal-material	material
animal-material	phenomenon
animal-material	substance
animal-material	universe
animal-pack	agent
animal-pack	collection
animal-pack	group
animal-pack	phenomenon
animal-pack	universe
animal-product	material
animal-product	phenomenon
animal-product	substance
animal-product	universe
anise	body-part
anise	botanical-fruit
anise	phenomenon
anise	physical-object
anise	universe
ankle	body-part
ankle	phenomenon
ankle	physical-object
ankle	universe
anklet	artifact
anklet	fine-art
anklet	indication
anklet	information
anklet	phenomenon
anklet	physical-object
anklet	universe
anklet	vehicle-body
annex	artifact
annex	development
annex	phenomenon
annex	room
annex	universe
annex	vehicle-body
anniversary	day
anniversary	logical-relation
anniversary	quantity
annotation	artifact
annotation	contract-condition
annotation	indication
annotation	information
annotation	line-of-text
annotation	phenomenon
annotation	physical-object
annotation	text
annotation	universe
annotation	vehicle-body
announcement	accomplishment
announcement	act
announcement	activity
announcement	communication
announcement	event
announcement	information
announcement	phenomenon
announcement	procedure
announcement	universe
announcement	volition
answer	accomplishment
answer	act
answer	activity
answer	affirmation
answer	communication
answer	event
answer	information
answer	phenomenon
answer	procedure
answer	universe
answer	volition
answering-machine	artifact
answering-machine	device
answering-machine	phenomenon
answering-machine	universe
answering-machine	vehicle-body
ant	agent
ant	animal
ant	body
ant	insect
ant	invertebrate
ant	organism
ant	phenomenon
ant	physical-object
ant	species
ant	universe
antacid	material
antacid	phenomenon
antacid	substance
antacid	universe
antenna	artifact
antenna	component
antenna	device
antenna	mechanism
antenna	phenomenon
antenna	universe
antenna	vehicle-body
anteroom	artifact
anteroom	development
anteroom	phenomenon
anteroom	room
anteroom	universe
anteroom	vehicle-body
antibiotic	material
antibiotic	phenomenon
antibiotic	substance
antibiotic	universe
anticipation	attribute
anticipation	logical-relation
anticipation	property
antiderivative	information
antiderivative	phenomenon
antiderivative	universe
antihistamine	material
antihistamine	phenomenon
antihistamine	substance
antihistamine	universe
antique	artifact
antique	phenomenon
antique	universe
antique	vehicle-body
anvil	artifact
anvil	device
anvil	phenomenon
anvil	universe
anvil	vehicle-body
apartment	address
apartment	artifact
apartment	development
apartment	phenomenon
apartment	place
apartment	universe
apartment	vehicle-body
apathy	attribute
apathy	logical-relation
apathy	property
apology	accomplishment
apology	act
apology	activity
apology	communication
apology	event
apology	information
apology	phenomenon
apology	procedure
apology	reaction.phenomenon
apology	universe
apology	volition
apparatus	artifact
apparatus	device
apparatus	phenomenon
apparatus	universe
apparatus	vehicle-body
apparel	artifact
apparel	clothing
apparel	fashion
apparel	phenomenon
apparel	universe
apparel	vehicle-body
appeal	amateur
appeal	ambiance
appeal	attribute
appeal	circumstance
appeal	civilisation
appeal	crowd
appeal	custom
appeal	danger
appeal	expert
appeal	freedom
appeal	hero
appeal	lap
appeal	literary-works
appeal	logical-relation
appeal	normal
appeal	point-of-view
appeal	practice
appeal	property
appeal	society
appeal	status
appeal	tension
appeal	way
appearance	amateur
appearance	ambiance
appearance	attribute
appearance	circumstance
appearance	civilisation
appearance	crowd
appearance	custom
appearance	danger
appearance	expert
appearance	freedom
appearance	hero
appearance	lap
appearance	literary-works
appearance	logical-relation
appearance	normal
appearance	point-of-view
appearance	practice
appearance	property
appearance	society
appearance	status
appearance	tension
appearance	way
appendix	body-part
appendix	phenomenon
appendix	physical-object
appendix	universe
appetite	attribute
appetite	logical-relation
appetite	property
apple-butter	food
apple-butter	material
apple-butter	phenomenon
apple-butter	substance
apple-butter	universe
appliance	artifact
appliance	device
appliance	phenomenon
appliance	universe
appliance	vehicle-body
applicant	attribute
applicant	logical-relation
applicant	property
application	code
application	computer-program
application	logical-relation
application	measure
application	routine
application	signified
applique	artifact
applique	fine-art
applique	indication
applique	information
applique	phenomenon
applique	physical-object
applique	universe
applique	vehicle-body
appointment	accomplishment
appointment	act
appointment	activity
appointment	communication
appointment	event
appointment	information
appointment	phenomenon
appointment	procedure
appointment	universe
appointment	volition
appraisal	accomplishment
appraisal	act
appraisal	activity
appraisal	comparison
appraisal	event
appraisal	information
appraisal	phenomenon
appraisal	procedure
appraisal	universe
appraisal	volition
appraisal-report	artifact
appraisal-report	contract-condition
appraisal-report	indication
appraisal-report	information
appraisal-report	line-of-text
appraisal-report	phenomenon
appraisal-report	physical-object
appraisal-report	text
appraisal-report	universe
appraisal-report	vehicle-body
apricot	body-part
apricot	botanical-fruit
apricot	phenomenon
apricot	physical-object
apricot	universe
apron	artifact
apron	clothing
apron	fashion
apron	phenomenon
apron	universe
apron	vehicle-body
aquarium	artifact
aquarium	carrying-case
aquarium	device
aquarium	holder
aquarium	phenomenon
aquarium	universe
aquarium	vehicle-body
aquatic-plant	agent
aquatic-plant	organism
aquatic-plant	phenomenon
aquatic-plant	physical-object
aquatic-plant	plant
aquatic-plant	species
aquatic-plant	universe
aqueduct	artifact
aqueduct	device
aqueduct	phenomenon
aqueduct	universe
aqueduct	vehicle-body
arachnid	agent
arachnid	animal
arachnid	body
arachnid	invertebrate
arachnid	organism
arachnid	phenomenon
arachnid	physical-object
arachnid	species
arachnid	universe
arc-cosecant	logical-relation
arc-cosine	logical-relation
arc-cotangent	logical-relation
arc-lamp	artifact
arc-lamp	device
arc-lamp	phenomenon
arc-lamp	universe
arc-lamp	vehicle-body
arc-secant	logical-relation
arc-sine	logical-relation
arc-tangent	logical-relation
arch	artifact
arch	development
arch	phenomenon
arch	universe
arch	vehicle-body
architecture	field-of-study
architecture	logical-relation
architecture	signified
archive	agent
archive	association
archive	collection
archive	group
archive	organization
archive	phenomenon
archive	team
archive	universe
ardor	attribute
ardor	logical-relation
ardor	property
arena	artifact
arena	development
arena	phenomenon
arena	universe
arena	vehicle-body
argument	accomplishment
argument	act
argument	activity
argument	communication
argument	contest
argument	event
argument	information
argument	phenomenon
argument	procedure
argument	universe
argument	volition
argument	war
argumentation	accomplishment
argumentation	act
argumentation	activity
argumentation	event
argumentation	information
argumentation	phenomenon
argumentation	procedure
argumentation	thinking
argumentation	universe
argumentation	volition
arithmetic	field-of-study
arithmetic	logical-relation
arithmetic	signified
arithmetic-mean	logical-relation
arithmetic-operation	accomplishment
arithmetic-operation	act
arithmetic-operation	activity
arithmetic-operation	calculation
arithmetic-operation	event
arithmetic-operation	information
arithmetic-operation	phenomenon
arithmetic-operation	procedure
arithmetic-operation	universe
arithmetic-operation	volition
arithmetic-progression	logical-relation
arity	logical-relation
arity	number
arity	quantity
arm	body-part
arm	phenomenon
arm	physical-object
arm	universe
armchair	artifact
armchair	chair
armchair	furniture
armchair	phenomenon
armchair	seat
armchair	universe
armchair	vehicle-body
armoire	artifact
armoire	phenomenon
armoire	universe
armoire	vehicle-body
army	agent
army	association
army	collection
army	group
army	military-service
army	organization
army	phenomenon
army	team
army	universe
army-division	agent
army-division	association
army-division	collection
army-division	group
army-division	organization
army-division	phenomenon
army-division	team
army-division	universe
arrangement-scheme	logical-relation
arrow	artifact
arrow	device
arrow	pellet
arrow	phenomenon
arrow	universe
arrow	vehicle-body
arrow	weapon
artichoke	body-part
artichoke	botanical-fruit
artichoke	phenomenon
artichoke	physical-object
artichoke	universe
article	artifact
article	contract-condition
article	data-file
article	essay
article	indication
article	information
article	line-of-text
article	news
article	note
article	phenomenon
article	physical-object
article	text
article	universe
article	vehicle-body
articulation	body-part
articulation	phenomenon
articulation	physical-object
articulation	universe
artifact	phenomenon
artifact	universe
artistic-creation	artifact
artistic-creation	fine-art
artistic-creation	indication
artistic-creation	information
artistic-creation	phenomenon
artistic-creation	physical-object
artistic-creation	universe
artistic-creation	vehicle-body
ash	material
ash	phenomenon
ash	substance
ash	universe
ashtray	artifact
ashtray	device
ashtray	phenomenon
ashtray	universe
ashtray	vehicle-body
asparagus	body-part
asparagus	botanical-fruit
asparagus	phenomenon
asparagus	physical-object
asparagus	universe
aspect	attribute
aspect	logical-relation
aspect	property
aspiration	attribute
aspiration	logical-relation
aspiration	property
aspirin	material
aspirin	phenomenon
aspirin	substance
aspirin	universe
ass	agent
ass	animal
ass	body
ass	mammal
ass	organism
ass	phenomenon
ass	physical-object
ass	species
ass	universe
ass	vertebrate
assault	accomplishment
assault	act
assault	activity
assault	contest
assault	event
assault	fight
assault	phenomenon
assault	procedure
assault	volition
assault	war
assembly-hall	artifact
assembly-hall	development
assembly-hall	phenomenon
assembly-hall	room
assembly-hall	universe
assembly-hall	vehicle-body
assertion	accomplishment
assertion	act
assertion	activity
assertion	affirmation
assertion	communication
assertion	event
assertion	information
assertion	phenomenon
assertion	procedure
assertion	universe
assertion	volition
assignment	accomplishment
assignment	act
assignment	activity
assignment	event
assignment	phenomenon
assignment	procedure
assignment	volition
assimilation	accomplishment
assimilation	act
assimilation	activity
assimilation	event
assimilation	phenomenon
assimilation	procedure
assimilation	volition
assist	accomplishment
assist	act
assist	activity
assist	cooperation
assist	event
assist	phenomenon
assist	procedure
assist	volition
assistant	agent
assistant	animal
assistant	body
assistant	human
assistant	mammal
assistant	organism
assistant	person
assistant	phenomenon
assistant	physical-object
assistant	populace
assistant	self
assistant	species
assistant	universe
assistant	vertebrate
association	agent
association	collection
association	group
association	phenomenon
association	universe
assurance	accomplishment
assurance	act
assurance	activity
assurance	communication
assurance	event
assurance	information
assurance	phenomenon
assurance	procedure
assurance	universe
assurance	volition
asterisk	character
asterisk	information
asterisk	phenomenon
asterisk	symbol
asterisk	universe
astronomy	field-of-study
astronomy	logical-relation
astronomy	signified
asymmetry	attribute
asymmetry	logical-relation
asymmetry	property
asymmetry	shape
atom	chemical-element
atom	material
atom	phenomenon
atom	substance
atom	universe
attachment	artifact
attachment	phenomenon
attachment	universe
attachment	vehicle-body
attack	accomplishment
attack	act
attack	activity
attack	event
attack	phenomenon
attack	procedure
attack	volition
attempt	accomplishment
attempt	act
attempt	activity
attempt	event
attempt	phenomenon
attempt	procedure
attempt	volition
attention	attribute
attention	logical-relation
attention	property
attitude	logical-relation
attraction	amateur
attraction	ambiance
attraction	attribute
attraction	circumstance
attraction	civilisation
attraction	crowd
attraction	custom
attraction	danger
attraction	expert
attraction	freedom
attraction	hero
attraction	lap
attraction	literary-works
attraction	logical-relation
attraction	normal
attraction	point-of-view
attraction	practice
attraction	property
attraction	society
attraction	status
attraction	tension
attraction	way
attractive-force	event
attractive-force	phenomenon
attribute	logical-relation
audience	event
audience	perception
audience	phenomenon
audio	indication
audio	information
audio	phenomenon
audio	physical-object
audio	universe
audio-amplifier	artifact
audio-amplifier	device
audio-amplifier	phenomenon
audio-amplifier	universe
audio-amplifier	vehicle-body
auditor	agent
auditor	animal
auditor	body
auditor	human
auditor	mammal
auditor	organism
auditor	person
auditor	phenomenon
auditor	physical-object
auditor	populace
auditor	self
auditor	species
auditor	universe
auditor	vertebrate
auger	artifact
auger	device
auger	phenomenon
auger	universe
auger	vehicle-body
augury	amateur
augury	ambiance
augury	attribute
augury	circumstance
augury	civilisation
augury	crowd
augury	custom
augury	danger
augury	expert
augury	freedom
augury	hero
augury	lap
augury	literary-works
augury	logical-relation
augury	normal
augury	point-of-view
augury	practice
augury	property
augury	society
augury	status
augury	tension
augury	way
aunt	attribute
aunt	logical-relation
aunt	property
authorities	attribute
authorities	logical-relation
authorities	property
authority	agent
authority	animal
authority	body
authority	human
authority	mammal
authority	organism
authority	person
authority	phenomenon
authority	physical-object
authority	populace
authority	self
authority	species
authority	universe
authority	vertebrate
autoclave	artifact
autoclave	device
autoclave	phenomenon
autoclave	universe
autoclave	vehicle-body
automaton	artifact
automaton	device
automaton	phenomenon
automaton	universe
automaton	vehicle-body
automobile-horn	artifact
automobile-horn	device
automobile-horn	phenomenon
automobile-horn	universe
automobile-horn	vehicle-body
autonomy	attribute
autonomy	logical-relation
autonomy	property
avant-garde	agent
avant-garde	collection
avant-garde	group
avant-garde	phenomenon
avant-garde	universe
avenue	artifact
avenue	development
avenue	phenomenon
avenue	universe
avenue	vehicle-body
average	logical-relation
average	quantity
aviation	accomplishment
aviation	act
aviation	activity
aviation	event
aviation	leader
aviation	phenomenon
aviation	procedure
aviation	transport
aviation	visit
aviation	volition
avocation	accomplishment
avocation	act
avocation	activity
avocation	event
avocation	phenomenon
avocation	procedure
avocation	volition
awning	artifact
awning	device
awning	phenomenon
awning	universe
awning	vehicle-body
ax	artifact
ax	cutter
ax	device
ax	phenomenon
ax	universe
ax	vehicle-body
axe-head	artifact
axe-head	component
axe-head	device
axe-head	mechanism
axe-head	phenomenon
axe-head	universe
axe-head	vehicle-body
axiom	information
axiom	line-of-text
axiom	phenomenon
axiom	sentence
axiom	universe
axis	artifact
axis	component
axis	device
axis	mechanism
axis	phenomenon
axis	universe
axis	vehicle-body
baby	agent
baby	animal
baby	body
baby	child
baby	human
baby	mammal
baby	organism
baby	person
baby	phenomenon
baby	physical-object
baby	populace
baby	self
baby	species
baby	universe
baby	vertebrate
baby	young-people
backlog	accomplishment
backlog	act
backlog	activity
backlog	event
backlog	phenomenon
backlog	procedure
backlog	volition
backpack	artifact
backpack	carrying-case
backpack	device
backpack	holder
backpack	phenomenon
backpack	sack
backpack	universe
backpack	vehicle-body
bacterium	agent
bacterium	microorganism
bacterium	organism
bacterium	phenomenon
bacterium	physical-object
bacterium	species
bacterium	universe
badminton-racquet	artifact
badminton-racquet	device
badminton-racquet	phenomenon
badminton-racquet	universe
badminton-racquet	vehicle-body
bag	artifact
bag	carrying-case
bag	device
bag	holder
bag	phenomenon
bag	universe
bag	vehicle-body
bail	logical-relation
bail	measure
bail	routine
bail	signified
bail-bond	logical-relation
bail-bond	quantity
bait	amateur
bait	ambiance
bait	attribute
bait	circumstance
bait	civilisation
bait	crowd
bait	custom
bait	danger
bait	expert
bait	freedom
bait	hero
bait	lap
bait	literary-works
bait	logical-relation
bait	normal
bait	point-of-view
bait	practice
bait	property
bait	society
bait	status
bait	tension
bait	way
baking-powder	material
baking-powder	phenomenon
baking-powder	substance
baking-powder	universe
baking-soda	compound
baking-soda	material
baking-soda	phenomenon
baking-soda	substance
baking-soda	universe
baking-tray	artifact
baking-tray	device
baking-tray	phenomenon
baking-tray	universe
baking-tray	vehicle-body
balaclava	artifact
balaclava	clothing
balaclava	fashion
balaclava	phenomenon
balaclava	universe
balaclava	vehicle-body
balance	attribute
balance	logical-relation
balance	property
balance-beam	artifact
balance-beam	device
balance-beam	phenomenon
balance-beam	universe
balance-beam	vehicle-body
balcony	artifact
balcony	development
balcony	phenomenon
balcony	universe
balcony	vehicle-body
ball	artifact
ball	game-equipment
ball	phenomenon
ball	universe
ball	vehicle-body
ballast	phenomenon
ballast	universe
ballcock	artifact
ballcock	device
ballcock	phenomenon
ballcock	universe
ballcock	vehicle-body
ballet	event
ballet	motion
ballet	phenomenon
ballot	artifact
ballot	contract-condition
ballot	indication
ballot	information
ballot	line-of-text
ballot	phenomenon
ballot	physical-object
ballot	text
ballot	universe
ballot	vehicle-body
band	artifact
band	fabric
band	phenomenon
band	universe
band	vehicle-body
band-saw	artifact
band-saw	device
band-saw	phenomenon
band-saw	universe
band-saw	vehicle-body
bandage	artifact
bandage	fabric
bandage	phenomenon
bandage	universe
bandage	vehicle-body
bandana	artifact
bandana	clothing
bandana	fashion
bandana	phenomenon
bandana	universe
bandana	vehicle-body
bang	event
bang	phenomenon
bankruptcy	accomplishment
bankruptcy	act
bankruptcy	activity
bankruptcy	event
bankruptcy	leader
bankruptcy	phenomenon
bankruptcy	procedure
bankruptcy	volition
banner	artifact
banner	fabric
banner	phenomenon
banner	universe
banner	vehicle-body
banquet	accomplishment
banquet	act
banquet	activity
banquet	coming-together
banquet	event
banquet	phenomenon
banquet	procedure
banquet	volition
bar	chemical-element
bar	material
bar	phenomenon
bar	substance
bar	universe
barbecue-grill	artifact
barbecue-grill	device
barbecue-grill	phenomenon
barbecue-grill	universe
barbecue-grill	vehicle-body
barbed-wire	artifact
barbed-wire	phenomenon
barbed-wire	universe
barbed-wire	vehicle-body
barbed-wire	wire
bargain	logical-relation
bargain	signified
bark	body-part
bark	phenomenon
bark	physical-object
bark	universe
barometer	artifact
barometer	device
barometer	phenomenon
barometer	universe
barometer	vehicle-body
barrel-shape	attribute
barrel-shape	logical-relation
barrel-shape	property
barrel-shape	shape
barrette	artifact
barrette	clothing
barrette	fashion
barrette	phenomenon
barrette	universe
barrette	vehicle-body
barrier	artifact
barrier	development
barrier	phenomenon
barrier	universe
barrier	vehicle-body
barroom	agent
barroom	association
barroom	collection
barroom	group
barroom	organization
barroom	phenomenon
barroom	team
barroom	universe
barter	accomplishment
barter	act
barter	activity
barter	event
barter	exchange
barter	interaction
barter	phenomenon
barter	procedure
barter	transaction
barter	volition
base	artifact
base	component
base	device
base	mechanism
base	phenomenon
base	universe
base	vehicle-body
baseball-ball	artifact
baseball-ball	ball
baseball-ball	game-equipment
baseball-ball	phenomenon
baseball-ball	universe
baseball-ball	vehicle-body
baseball-cap	artifact
baseball-cap	cap
baseball-cap	clothing
baseball-cap	fashion
baseball-cap	phenomenon
baseball-cap	universe
baseball-cap	vehicle-body
basement	artifact
basement	development
basement	phenomenon
basement	universe
basement	vehicle-body
basis	logical-relation
basis	signified
basket	artifact
basket	carrying-case
basket	device
basket	holder
basket	phenomenon
basket	universe
basket	vehicle-body
basketball-backboard	artifact
basketball-backboard	device
basketball-backboard	phenomenon
basketball-backboard	universe
basketball-backboard	vehicle-body
basketball-hoop	artifact
basketball-hoop	phenomenon
basketball-hoop	universe
basketball-hoop	vehicle-body
bassinet	artifact
bassinet	phenomenon
bassinet	universe
bassinet	vehicle-body
baster	artifact
baster	device
baster	phenomenon
baster	universe
baster	vehicle-body
bat	agent
bat	animal
bat	body
bat	mammal
bat	organism
bat	phenomenon
bat	physical-object
bat	species
bat	universe
bat	vertebrate
batch	amateur
batch	ambiance
batch	attribute
batch	circumstance
batch	civilisation
batch	crowd
batch	custom
batch	danger
batch	expert
batch	freedom
batch	hero
batch	lap
batch	literary-works
batch	logical-relation
batch	normal
batch	point-of-view
batch	practice
batch	property
batch	society
batch	status
batch	tension
batch	way
bath-mat	artifact
bath-mat	fabric
bath-mat	phenomenon
bath-mat	universe
bath-mat	vehicle-body
bath-towel	artifact
bath-towel	fabric
bath-towel	phenomenon
bath-towel	universe
bath-towel	vehicle-body
bathrobe	artifact
bathrobe	clothing
bathrobe	fashion
bathrobe	phenomenon
bathrobe	universe
bathrobe	vehicle-body
bathroom	artifact
bathroom	development
bathroom	phenomenon
bathroom	room
bathroom	universe
bathroom	vehicle-body
bathtub	artifact
bathtub	carrying-case
bathtub	device
bathtub	holder
bathtub	phenomenon
bathtub	universe
bathtub	vehicle-body
batter	food
batter	material
batter	phenomenon
batter	substance
batter	universe
battery	accomplishment
battery	act
battery	activity
battery	contest
battery	event
battery	fight
battery	phenomenon
battery	procedure
battery	volition
battery	war
battle	accomplishment
battle	act
battle	activity
battle	contest
battle	event
battle	fight
battle	phenomenon
battle	procedure
battle	volition
battle	war
battlefield	phenomenon
battlefield	place
battlefield	universe
battlefront	phenomenon
battlefront	place
battlefront	universe
bayes'-postulate	information
bayes'-postulate	line-of-text
bayes'-postulate	phenomenon
bayes'-postulate	sentence
bayes'-postulate	universe
bayes'-theorem	logical-relation
bayes'-theorem	signified
bayonet	artifact
bayonet	device
bayonet	phenomenon
bayonet	universe
bayonet	vehicle-body
bayonet	weapon
beach	land
beach	phenomenon
beach	place
beach	universe
beach	yard
beach-towel	artifact
beach-towel	fabric
beach-towel	phenomenon
beach-towel	universe
beach-towel	vehicle-body
bead	artifact
bead	phenomenon
bead	universe
bead	vehicle-body
beak	body-part
beak	phenomenon
beak	physical-object
beak	universe
beaker	artifact
beaker	phenomenon
beaker	universe
beaker	vehicle-body
beam	artifact
beam	phenomenon
beam	universe
beam	vehicle-body
beam-of-light	event
beam-of-light	luminosity
beam-of-light	phenomenon
beanie	artifact
beanie	clothing
beanie	fashion
beanie	phenomenon
beanie	universe
beanie	vehicle-body
bear	agent
bear	animal
bear	body
bear	mammal
bear	organism
bear	phenomenon
bear	physical-object
bear	species
bear	universe
bear	vertebrate
beard	hair
beard	phenomenon
beard	physical-object
beard	universe
bearing	attribute
bearing	inclination
bearing	logical-relation
bearing	mentality
bearing	property
bearing	range-of-a-function
bearing	trait
bed	artifact
bed	furniture
bed	phenomenon
bed	universe
bed	vehicle-body
bed-linen	artifact
bed-linen	phenomenon
bed-linen	universe
bed-linen	vehicle-body
bedding	artifact
bedding	clothing
bedding	fashion
bedding	phenomenon
bedding	universe
bedding	vehicle-body
bedroom	artifact
bedroom	development
bedroom	phenomenon
bedroom	room
bedroom	universe
bedroom	vehicle-body
bee	agent
bee	animal
bee	body
bee	insect
bee	invertebrate
bee	organism
bee	phenomenon
bee	physical-object
bee	species
bee	universe
beef	food
beef	material
beef	meat
beef	phenomenon
beef	substance
beef	universe
beer	drink
beer	food
beer	material
beer	phenomenon
beer	substance
beer	universe
beet	body-part
beet	botanical-fruit
beet	phenomenon
beet	physical-object
beet	universe
beet-sugar	compound
beet-sugar	material
beet-sugar	phenomenon
beet-sugar	substance
beet-sugar	sugar
beet-sugar	universe
behavior	event
behavior	motion
behavior	phenomenon
belief	logical-relation
belief	signified
bellows	artifact
bellows	device
bellows	phenomenon
bellows	universe
bellows	vehicle-body
belongings	attribute
belongings	logical-relation
belongings	property
beloved	agent
beloved	animal
beloved	body
beloved	human
beloved	mammal
beloved	organism
beloved	person
beloved	phenomenon
beloved	physical-object
beloved	populace
beloved	self
beloved	species
beloved	universe
beloved	vertebrate
belt	artifact
belt	clothing
belt	fashion
belt	phenomenon
belt	universe
belt	vehicle-body
belt-buckle	artifact
belt-buckle	device
belt-buckle	phenomenon
belt-buckle	universe
belt-buckle	vehicle-body
bench	artifact
bench	furniture
bench	phenomenon
bench	seat
bench	universe
bench	vehicle-body
bend	phenomenon
bend	place
bend	universe
beneficiary	attribute
beneficiary	logical-relation
beneficiary	property
benefit	amateur
benefit	ambiance
benefit	attribute
benefit	circumstance
benefit	civilisation
benefit	crowd
benefit	custom
benefit	danger
benefit	expert
benefit	freedom
benefit	hero
benefit	lap
benefit	literary-works
benefit	logical-relation
benefit	normal
benefit	point-of-view
benefit	practice
benefit	property
benefit	society
benefit	status
benefit	tension
benefit	way
benefit-performance	accomplishment
benefit-performance	act
benefit-performance	activity
benefit-performance	communication
benefit-performance	event
benefit-performance	information
benefit-performance	performing
benefit-performance	phenomenon
benefit-performance	procedure
benefit-performance	stage-production
benefit-performance	universe
benefit-performance	volition
beret	artifact
beret	clothing
beret	fashion
beret	phenomenon
beret	universe
beret	vehicle-body
bernoulli's-law	logical-relation
bernoulli's-law	signified
berry	body-part
berry	botanical-fruit
berry	phenomenon
berry	physical-object
berry	universe
bet	accomplishment
bet	act
bet	activity
bet	event
bet	exchange
bet	interaction
bet	phenomenon
bet	procedure
bet	transaction
bet	volition
betrothal	accomplishment
betrothal	act
betrothal	activity
betrothal	communication
betrothal	event
betrothal	information
betrothal	phenomenon
betrothal	procedure
betrothal	universe
betrothal	volition
bias	logical-relation
bib	artifact
bib	clothing
bib	fashion
bib	phenomenon
bib	universe
bib	vehicle-body
bible	artifact
bible	book
bible	component
bible	device
bible	indication
bible	information
bible	mechanism
bible	phenomenon
bible	physical-object
bible	universe
bible	vehicle-body
bicycle-pump	artifact
bicycle-pump	device
bicycle-pump	phenomenon
bicycle-pump	pump
bicycle-pump	universe
bicycle-pump	vehicle-body
bicycle-wheel	artifact
bicycle-wheel	phenomenon
bicycle-wheel	universe
bicycle-wheel	vehicle-body
bicycle-wheel	wheel
bid	accomplishment
bid	act
bid	activity
bid	communication
bid	event
bid	information
bid	phenomenon
bid	procedure
bid	universe
bid	volition
bidet	artifact
bidet	device
bidet	phenomenon
bidet	universe
bidet	vehicle-body
bikini	artifact
bikini	clothing
bikini	fashion
bikini	phenomenon
bikini	universe
bikini	vehicle-body
bill	artifact
bill	cash
bill	contract-condition
bill	currency
bill	indication
bill	information
bill	line-of-text
bill	phenomenon
bill	physical-object
bill	text
bill	universe
bill	vehicle-body
billiard-ball	artifact
billiard-ball	ball
billiard-ball	game-equipment
billiard-ball	phenomenon
billiard-ball	universe
billiard-ball	vehicle-body
billiard-table	artifact
billiard-table	game-equipment
billiard-table	phenomenon
billiard-table	universe
billiard-table	vehicle-body
bin	artifact
bin	carrying-case
bin	device
bin	holder
bin	phenomenon
bin	universe
bin	vehicle-body
binder	artifact
binder	device
binder	phenomenon
binder	universe
binder	vehicle-body
binoculars	artifact
binoculars	device
binoculars	phenomenon
binoculars	universe
binoculars	vehicle-body
binomial	logical-relation
binomial	quantity
binomial-distribution	logical-relation
binomial-theorem	logical-relation
binomial-theorem	signified
biography	artifact
biography	contract-condition
biography	data-file
biography	indication
biography	information
biography	line-of-text
biography	myth
biography	news
biography	note
biography	phenomenon
biography	physical-object
biography	text
biography	universe
biography	vehicle-body
biology	field-of-study
biology	logical-relation
biology	signified
biota	agent
biota	organism
biota	phenomenon
biota	physical-object
biota	species
biota	universe
biquadratic	logical-relation
biquadratic	quantity
bird	agent
bird	animal
bird	body
bird	organism
bird	phenomenon
bird	physical-object
bird	species
bird	universe
bird	vertebrate
bird-feeder	artifact
bird-feeder	device
bird-feeder	phenomenon
bird-feeder	universe
bird-feeder	vehicle-body
bird-food	food
bird-food	phenomenon
bird-food	universe
birdcall	information
birdcall	language
birdcall	line-of-text
birdcall	phenomenon
birdcall	universe
birdhouse	artifact
birdhouse	development
birdhouse	phenomenon
birdhouse	universe
birdhouse	vehicle-body
birth	event
birth	phenomenon
birth	visit
birthday	day
birthday	logical-relation
birthday	quantity
biserial-correlation-coefficient	logical-relation
biserial-correlation-coefficient	quantity
bit	phenomenon
bit	universe
bitter	beer
bitter	drink
bitter	food
bitter	material
bitter	phenomenon
bitter	substance
bitter	universe
bitumen	compound
bitumen	material
bitumen	phenomenon
bitumen	substance
bitumen	universe
blackberry	body-part
blackberry	botanical-fruit
blackberry	phenomenon
blackberry	physical-object
blackberry	universe
blackmail	accomplishment
blackmail	act
blackmail	activity
blackmail	event
blackmail	phenomenon
blackmail	procedure
blackmail	volition
blade	artifact
blade	cutter
blade	device
blade	phenomenon
blade	universe
blade	vehicle-body
blanket	artifact
blanket	fabric
blanket	phenomenon
blanket	universe
blanket	vehicle-body
blast	event
blast	phenomenon
blazer	artifact
blazer	clothing
blazer	fashion
blazer	phenomenon
blazer	universe
blazer	vehicle-body
blink-of-an-eye	amateur
blink-of-an-eye	ambiance
blink-of-an-eye	attribute
blink-of-an-eye	circumstance
blink-of-an-eye	civilisation
blink-of-an-eye	crowd
blink-of-an-eye	custom
blink-of-an-eye	danger
blink-of-an-eye	expert
blink-of-an-eye	freedom
blink-of-an-eye	hero
blink-of-an-eye	lap
blink-of-an-eye	literary-works
blink-of-an-eye	logical-relation
blink-of-an-eye	normal
blink-of-an-eye	point-of-view
blink-of-an-eye	practice
blink-of-an-eye	property
blink-of-an-eye	society
blink-of-an-eye	status
blink-of-an-eye	tension
blink-of-an-eye	way
block	land
block	phenomenon
block	place
block	universe
block	yard
blood	material
blood	phenomenon
blood	substance
blood	universe
bloodshed	destruction
bloodshed	event
bloodshed	phenomenon
blow	event
blow	phenomenon
blow	visit
board	artifact
board	device
board	phenomenon
board	universe
board	vehicle-body
board-game	accomplishment
board-game	act
board-game	activity
board-game	contest
board-game	event
board-game	game
board-game	pastime-game
board-game	phenomenon
board-game	procedure
board-game	volition
board-game	war
board-of-directors	agent
board-of-directors	association
board-of-directors	collection
board-of-directors	group
board-of-directors	organization
board-of-directors	phenomenon
board-of-directors	team
board-of-directors	universe
boat	artifact
boat	device
boat	phenomenon
boat	universe
boat	vehicle
boat	vehicle-body
boat-hook	artifact
boat-hook	device
boat-hook	phenomenon
boat-hook	universe
boat-hook	vehicle-body
body	agent
body	organism
body	phenomenon
body	physical-object
body	species
body	universe
body-of-water	phenomenon
body-of-water	place
body-of-water	universe
body-part	phenomenon
body-part	physical-object
body-part	universe
boiler	artifact
boiler	device
boiler	phenomenon
boiler	universe
boiler	vehicle-body
bok-choy	body-part
bok-choy	botanical-fruit
bok-choy	phenomenon
bok-choy	physical-object
bok-choy	universe
boldness	attribute
boldness	inclination
boldness	logical-relation
boldness	mentality
boldness	property
boldness	range-of-a-function
boldness	trait
bolt-cutter	artifact
bolt-cutter	device
bolt-cutter	phenomenon
bolt-cutter	universe
bolt-cutter	vehicle-body
bomb	artifact
bomb	device
bomb	phenomenon
bomb	universe
bomb	vehicle-body
bomb	weapon
bone	body-part
bone	phenomenon
bone	physical-object
bone	universe
book	artifact
book	component
book	device
book	indication
book	information
book	mechanism
book	phenomenon
book	physical-object
book	universe
book	vehicle-body
book-appendix	artifact
book-appendix	contract-condition
book-appendix	indication
book-appendix	information
book-appendix	line-of-text
book-appendix	phenomenon
book-appendix	physical-object
book-appendix	text
book-appendix	universe
book-appendix	vehicle-body
book-copy	artifact
book-copy	book
book-copy	component
book-copy	device
book-copy	indication
book-copy	information
book-copy	mechanism
book-copy	phenomenon
book-copy	physical-object
book-copy	universe
book-copy	vehicle-body
book-index	artifact
book-index	contract-condition
book-index	indication
book-index	information
book-index	line-of-text
book-index	phenomenon
book-index	physical-object
book-index	text
book-index	universe
book-index	vehicle-body
bookcase	artifact
bookcase	furniture
bookcase	phenomenon
bookcase	universe
bookcase	vehicle-body
bookend	artifact
bookend	device
bookend	phenomenon
bookend	universe
bookend	vehicle-body
booklet	artifact
booklet	book
booklet	component
booklet	device
booklet	indication
booklet	information
booklet	mechanism
booklet	phenomenon
booklet	physical-object
booklet	universe
booklet	vehicle-body
bookmark	artifact
bookmark	device
bookmark	phenomenon
bookmark	universe
bookmark	vehicle-body
bookshelf	artifact
bookshelf	device
bookshelf	phenomenon
bookshelf	universe
bookshelf	vehicle-body
boom	amateur
boom	ambiance
boom	attribute
boom	circumstance
boom	civilisation
boom	crowd
boom	custom
boom	danger
boom	expert
boom	freedom
boom	hero
boom	lap
boom	literary-works
boom	logical-relation
boom	normal
boom	point-of-view
boom	practice
boom	property
boom	society
boom	status
boom	tension
boom	way
boomerang	artifact
boomerang	device
boomerang	phenomenon
boomerang	universe
boomerang	vehicle-body
boomerang	weapon
boot	artifact
boot	clothing
boot	fashion
boot	phenomenon
boot	universe
boot	vehicle-body
booth	artifact
booth	development
booth	phenomenon
booth	room
booth	universe
booth	vehicle-body
bosom	amateur
bosom	ambiance
bosom	attribute
bosom	circumstance
bosom	civilisation
bosom	crowd
bosom	custom
bosom	danger
bosom	expert
bosom	freedom
bosom	hero
bosom	lap
bosom	literary-works
bosom	logical-relation
bosom	normal
bosom	point-of-view
bosom	practice
bosom	property
bosom	society
bosom	status
bosom	tension
bosom	way
botanical-fruit	body-part
botanical-fruit	phenomenon
botanical-fruit	physical-object
botanical-fruit	universe
bottle	artifact
bottle	carrying-case
bottle	device
bottle	holder
bottle	phenomenon
bottle	universe
bottle	vehicle-body
bottle-cap	artifact
bottle-cap	device
bottle-cap	phenomenon
bottle-cap	universe
bottle-cap	vehicle-body
bottle-opener	artifact
bottle-opener	device
bottle-opener	phenomenon
bottle-opener	universe
bottle-opener	vehicle-body
bottled-water	compound
bottled-water	material
bottled-water	phenomenon
bottled-water	substance
bottled-water	universe
bottled-water	water
bottom	artifact
bottom	boat
bottom	device
bottom	phenomenon
bottom	ship
bottom	universe
bottom	vehicle
bottom	vehicle-body
boundary-condition	logical-relation
boundary-condition	signified
boundary-line	phenomenon
boundary-line	place
boundary-line	universe
bow	artifact
bow	device
bow	phenomenon
bow	universe
bow	vehicle-body
bow	weapon
bow-tie	artifact
bow-tie	clothing
bow-tie	fashion
bow-tie	phenomenon
bow-tie	universe
bow-tie	vehicle-body
bowl	artifact
bowl	phenomenon
bowl	universe
bowl	vehicle-body
bowling-pin	artifact
bowling-pin	phenomenon
bowling-pin	universe
bowling-pin	vehicle-body
box	artifact
box	carrying-case
box	device
box	holder
box	phenomenon
box	universe
box	vehicle-body
boxing-glove	artifact
boxing-glove	clothing
boxing-glove	fashion
boxing-glove	phenomenon
boxing-glove	universe
boxing-glove	vehicle-body
boxing-ring	phenomenon
boxing-ring	place
boxing-ring	universe
bra	artifact
bra	clothing
bra	fashion
bra	phenomenon
bra	universe
bra	vehicle-body
braces	artifact
braces	device
braces	phenomenon
braces	universe
braces	vehicle-body
bracket	character
bracket	information
bracket	phenomenon
bracket	symbol
bracket	universe
braid	hair
braid	phenomenon
braid	physical-object
braid	universe
brain	body-part
brain	organ
brain	phenomenon
brain	physical-object
brain	universe
brake	artifact
brake	device
brake	phenomenon
brake	universe
brake	vehicle-body
branch	body-part
branch	phenomenon
branch	physical-object
branch	universe
brand	category
brand	logical-relation
brazier	artifact
brazier	device
brazier	phenomenon
brazier	universe
brazier	vehicle-body
breadboard	artifact
breadboard	phenomenon
breadboard	universe
breadboard	vehicle-body
breakdown	attribute
breakdown	logical-relation
breakdown	normal
breakdown	property
breast	body-part
breast	organ
breast	phenomenon
breast	physical-object
breast	universe
breathalyzer	artifact
breathalyzer	device
breathalyzer	phenomenon
breathalyzer	universe
breathalyzer	vehicle-body
breeze	event
breeze	phenomenon
breeze	wind
brick	artifact
brick	phenomenon
brick	universe
brick	vehicle-body
bride	agent
bride	animal
bride	body
bride	human
bride	lady
bride	mammal
bride	organism
bride	person
bride	phenomenon
bride	physical-object
bride	populace
bride	self
bride	species
bride	universe
bride	vertebrate
bride	woman
bridle	artifact
bridle	device
bridle	phenomenon
bridle	universe
bridle	vehicle-body
briefcase	artifact
briefcase	carrying-case
briefcase	device
briefcase	holder
briefcase	phenomenon
briefcase	universe
briefcase	vehicle-body
briefs	artifact
briefs	clothing
briefs	fashion
briefs	phenomenon
briefs	universe
briefs	vehicle-body
brilliance	attribute
brilliance	logical-relation
brilliance	property
brim	artifact
brim	phenomenon
brim	universe
brim	vehicle-body
brink	phenomenon
brink	place
brink	universe
broadcast	artifact
broadcast	contract-condition
broadcast	data-file
broadcast	indication
broadcast	information
broadcast	line-of-text
broadcast	message
broadcast	news
broadcast	note
broadcast	phenomenon
broadcast	physical-object
broadcast	text
broadcast	universe
broadcast	vehicle-body
bronze	artifact
bronze	fine-art
bronze	indication
bronze	information
bronze	phenomenon
bronze	physical-object
bronze	universe
bronze	vehicle-body
brooch	artifact
brooch	fine-art
brooch	indication
brooch	information
brooch	phenomenon
brooch	physical-object
brooch	universe
brooch	vehicle-body
broom	artifact
broom	brush
broom	device
broom	phenomenon
broom	universe
broom	vehicle-body
broth	food
broth	material
broth	phenomenon
broth	substance
broth	universe
brother	attribute
brother	logical-relation
brother	property
brow	body-part
brow	phenomenon
brow	physical-object
brow	universe
brush	artifact
brush	device
brush	phenomenon
brush	universe
brush	vehicle-body
bubble	phenomenon
bubble	physical-object
bubble	universe
bucket	artifact
bucket	carrying-case
bucket	device
bucket	holder
bucket	phenomenon
bucket	universe
bucket	vehicle-body
budget	logical-relation
budget	quantity
buffalo	agent
buffalo	animal
buffalo	body
buffalo	mammal
buffalo	organism
buffalo	phenomenon
buffalo	physical-object
buffalo	species
buffalo	universe
buffalo	vertebrate
buffer	artifact
buffer	device
buffer	phenomenon
buffer	universe
buffer	vehicle-body
building	artifact
building	development
building	phenomenon
building	universe
building	vehicle-body
building-material	phenomenon
building-material	universe
bulb	body-part
bulb	phenomenon
bulb	physical-object
bulb	universe
bulldozer	artifact
bulldozer	device
bulldozer	phenomenon
bulldozer	universe
bulldozer	vehicle-body
bullet	artifact
bullet	device
bullet	pellet
bullet	phenomenon
bullet	universe
bullet	vehicle-body
bullet	weapon
bulletin	artifact
bulletin	contract-condition
bulletin	indication
bulletin	information
bulletin	line-of-text
bulletin	phenomenon
bulletin	physical-object
bulletin	text
bulletin	universe
bulletin	vehicle-body
bulletin-board	artifact
bulletin-board	component
bulletin-board	device
bulletin-board	indication
bulletin-board	information
bulletin-board	mechanism
bulletin-board	phenomenon
bulletin-board	physical-object
bulletin-board	signboard
bulletin-board	universe
bulletin-board	vehicle-body
bullion	chemical-element
bullion	material
bullion	phenomenon
bullion	substance
bullion	universe
bunch	collection
bunch	phenomenon
bundle	collection
bundle	phenomenon
bungalow	address
bungalow	artifact
bungalow	building
bungalow	development
bungalow	house
bungalow	phenomenon
bungalow	place
bungalow	universe
bungalow	vehicle-body
bungee-cord	artifact
bungee-cord	phenomenon
bungee-cord	universe
bungee-cord	vehicle-body
bunk-bed	artifact
bunk-bed	bed
bunk-bed	furniture
bunk-bed	phenomenon
bunk-bed	universe
bunk-bed	vehicle-body
bureaucracy	attribute
bureaucracy	logical-relation
bureaucracy	property
burial	event
burial	locating
burial	phenomenon
burial	visit
burn	event
burn	injury
burn	phenomenon
bus-ticket	artifact
bus-ticket	contract-condition
bus-ticket	indication
bus-ticket	information
bus-ticket	line-of-text
bus-ticket	phenomenon
bus-ticket	physical-object
bus-ticket	text
bus-ticket	universe
bus-ticket	vehicle-body
bushing	phenomenon
bushing	universe
business-deal	accomplishment
business-deal	act
business-deal	activity
business-deal	event
business-deal	exchange
business-deal	interaction
business-deal	phenomenon
business-deal	procedure
business-deal	transaction
business-deal	volition
business-operation	agent
business-operation	association
business-operation	collection
business-operation	company
business-operation	firm
business-operation	group
business-operation	organization
business-operation	phenomenon
business-operation	team
business-operation	universe
businessman	attribute
businessman	logical-relation
businessman	property
bustle	amateur
bustle	ambiance
bustle	attribute
bustle	circumstance
bustle	civilisation
bustle	crowd
bustle	custom
bustle	danger
bustle	expert
bustle	freedom
bustle	hero
bustle	lap
bustle	literary-works
bustle	logical-relation
bustle	normal
bustle	point-of-view
bustle	practice
bustle	property
bustle	society
bustle	status
bustle	tension
bustle	way
butane	material
butane	phenomenon
butane	substance
butane	universe
butter-dish	artifact
butter-dish	device
butter-dish	dish
butter-dish	holder
butter-dish	phenomenon
butter-dish	universe
butter-dish	vehicle-body
butterfly	agent
butterfly	animal
butterfly	body
butterfly	insect
butterfly	invertebrate
butterfly	organism
butterfly	phenomenon
butterfly	physical-object
butterfly	species
butterfly	universe
buttocks	body-part
buttocks	phenomenon
buttocks	physical-object
buttocks	universe
button	artifact
button	device
button	phenomenon
button	universe
button	vehicle-body
cabaret	artifact
cabaret	development
cabaret	disco
cabaret	phenomenon
cabaret	universe
cabaret	vehicle-body
cabin	artifact
cabin	phenomenon
cabin	universe
cabin	vehicle-body
cabinet	artifact
cabinet	carrying-case
cabinet	device
cabinet	furniture
cabinet	holder
cabinet	phenomenon
cabinet	universe
cabinet	vehicle-body
cable	artifact
cable	development
cable	phenomenon
cable	universe
cable	vehicle-body
cadaver	agent
cadaver	organism
cadaver	phenomenon
cadaver	physical-object
cadaver	species
cadaver	universe
caddy	artifact
caddy	carrying-case
caddy	device
caddy	holder
caddy	phenomenon
caddy	universe
caddy	vehicle-body
cage	artifact
cage	device
cage	holder
cage	phenomenon
cage	universe
cage	vehicle-body
cake	food
cake	material
cake	phenomenon
cake	substance
cake	universe
calamity	amateur
calamity	ambiance
calamity	attribute
calamity	circumstance
calamity	civilisation
calamity	crowd
calamity	custom
calamity	danger
calamity	expert
calamity	freedom
calamity	hero
calamity	lap
calamity	literary-works
calamity	logical-relation
calamity	normal
calamity	point-of-view
calamity	practice
calamity	property
calamity	society
calamity	status
calamity	tension
calamity	way
calculation	accomplishment
calculation	act
calculation	activity
calculation	event
calculation	information
calculation	phenomenon
calculation	procedure
calculation	universe
calculation	volition
calculator	artifact
calculator	device
calculator	machine
calculator	machinery
calculator	phenomenon
calculator	universe
calculator	vehicle-body
calculus	field-of-study
calculus	logical-relation
calculus	signified
calculus-of-variations	field-of-study
calculus-of-variations	logical-relation
calculus-of-variations	signified
calendar	logical-relation
calendar	quantity
calendar-month	logical-relation
calendar-month	quantity
calf	agent
calf	animal
calf	body
calf	livestock
calf	mammal
calf	organism
calf	phenomenon
calf	physical-object
calf	species
calf	universe
calf	vertebrate
caliper	artifact
caliper	device
caliper	phenomenon
caliper	universe
caliper	vehicle-body
call	accomplishment
call	act
call	activity
call	coming-together
call	event
call	phenomenon
call	procedure
call	volition
caller-id	artifact
caller-id	component
caller-id	device
caller-id	mechanism
caller-id	phenomenon
caller-id	universe
caller-id	vehicle-body
calling-card	artifact
calling-card	contract-condition
calling-card	indication
calling-card	information
calling-card	line-of-text
calling-card	phenomenon
calling-card	physical-object
calling-card	text
calling-card	universe
calling-card	vehicle-body
camcorder	artifact
camcorder	camera
camcorder	device
camcorder	phenomenon
camcorder	universe
camcorder	vehicle-body
camera	artifact
camera	device
camera	phenomenon
camera	universe
camera	vehicle-body
camera-lens	artifact
camera-lens	device
camera-lens	phenomenon
camera-lens	universe
camera-lens	vehicle-body
camp	agent
camp	association
camp	collection
camp	group
camp	organization
camp	phenomenon
camp	team
camp	universe
campaign	accomplishment
campaign	act
campaign	activity
campaign	contest
campaign	event
campaign	fight
campaign	phenomenon
campaign	procedure
campaign	volition
campaign	war
campaigner	attribute
campaigner	logical-relation
campaigner	property
candle	artifact
candle	device
candle	phenomenon
candle	universe
candle	vehicle-body
candle-holder	artifact
candle-holder	phenomenon
candle-holder	universe
candle-holder	vehicle-body
candy	food
candy	material
candy	phenomenon
candy	substance
candy	universe
cane	artifact
cane	device
cane	phenomenon
cane	universe
cane	vehicle-body
cane-sugar	compound
cane-sugar	material
cane-sugar	phenomenon
cane-sugar	substance
cane-sugar	sugar
cane-sugar	universe
canned-meat	food
canned-meat	material
canned-meat	phenomenon
canned-meat	substance
canned-meat	universe
cannister	artifact
cannister	carrying-case
cannister	device
cannister	holder
cannister	phenomenon
cannister	universe
cannister	vehicle-body
canopy	artifact
canopy	fabric
canopy	phenomenon
canopy	universe
canopy	vehicle-body
canteen	artifact
canteen	carrying-case
canteen	device
canteen	holder
canteen	phenomenon
canteen	universe
canteen	vehicle-body
canvas	artifact
canvas	cotton
canvas	fabric
canvas	phenomenon
canvas	universe
canvas	vehicle-body
cap	artifact
cap	clothing
cap	fashion
cap	phenomenon
cap	universe
cap	vehicle-body
capacity	logical-relation
capacity	quantity
capacity	vector
capital-city	land
capital-city	phenomenon
capital-city	place
capital-city	universe
capital-city	yard
capital-letter	character
capital-letter	information
capital-letter	phenomenon
capital-letter	symbol
capital-letter	universe
caprice	attribute
caprice	logical-relation
caprice	property
caption	artifact
caption	contract-condition
caption	indication
caption	information
caption	line-of-text
caption	phenomenon
caption	physical-object
caption	text
caption	universe
caption	vehicle-body
caput	body-part
caput	phenomenon
caput	physical-object
caput	universe
car-battery	artifact
car-battery	device
car-battery	phenomenon
car-battery	universe
car-battery	vehicle-body
car-care	accomplishment
car-care	act
car-care	activity
car-care	care
car-care	event
car-care	phenomenon
car-care	procedure
car-care	volition
car-seat	artifact
car-seat	chair
car-seat	furniture
car-seat	phenomenon
car-seat	seat
car-seat	universe
car-seat	vehicle-body
carabiner	artifact
carabiner	device
carabiner	phenomenon
carabiner	universe
carabiner	vehicle-body
carafe	artifact
carafe	phenomenon
carafe	universe
carafe	vehicle-body
caramel	compound
caramel	material
caramel	phenomenon
caramel	substance
caramel	sugar
caramel	universe
caravan	artifact
caravan	device
caravan	phenomenon
caravan	universe
caravan	vehicle-body
carbon	chemical-element
carbon	material
carbon	phenomenon
carbon	substance
carbon	universe
carbon-paper	artifact
carbon-paper	phenomenon
carbon-paper	universe
carbon-paper	vehicle-body
carbonated-water	compound
carbonated-water	material
carbonated-water	phenomenon
carbonated-water	substance
carbonated-water	universe
carbonated-water	water
card	artifact
card	game-equipment
card	indication
card	information
card	phenomenon
card	physical-object
card	playing-card
card	universe
card	vehicle-body
card-hand	collection
card-hand	phenomenon
cardigan	artifact
cardigan	clothing
cardigan	fashion
cardigan	phenomenon
cardigan	universe
cardigan	vehicle-body
cardinality	logical-relation
cardinality	number
cardinality	quantity
cardoon	body-part
cardoon	botanical-fruit
cardoon	phenomenon
cardoon	physical-object
cardoon	universe
care	accomplishment
care	act
care	activity
care	event
care	phenomenon
care	procedure
care	volition
career	attribute
career	logical-relation
career	property
cargo	artifact
cargo	phenomenon
cargo	universe
cargo	vehicle-body
carnival	agent
carnival	association
carnival	collection
carnival	company
carnival	firm
carnival	group
carnival	organization
carnival	phenomenon
carnival	team
carnival	universe
carob	body-part
carob	phenomenon
carob	physical-object
carob	universe
carousel	artifact
carousel	phenomenon
carousel	universe
carousel	vehicle-body
carpentry	accomplishment
carpentry	act
carpentry	activity
carpentry	creation
carpentry	event
carpentry	phenomenon
carpentry	procedure
carpentry	volition
carpet-sweeper	artifact
carpet-sweeper	device
carpet-sweeper	phenomenon
carpet-sweeper	universe
carpet-sweeper	vehicle-body
carport	artifact
carport	building
carport	development
carport	phenomenon
carport	universe
carport	vehicle-body
carriage	amateur
carriage	ambiance
carriage	attribute
carriage	circumstance
carriage	civilisation
carriage	crowd
carriage	custom
carriage	danger
carriage	expert
carriage	freedom
carriage	hero
carriage	lap
carriage	literary-works
carriage	logical-relation
carriage	normal
carriage	point-of-view
carriage	practice
carriage	property
carriage	society
carriage	status
carriage	tension
carriage	way
carrier	artifact
carrier	device
carrier	holder
carrier	phenomenon
carrier	universe
carrier	vehicle-body
carrot	body-part
carrot	botanical-fruit
carrot	phenomenon
carrot	physical-object
carrot	universe
carrying-case	artifact
carrying-case	device
carrying-case	holder
carrying-case	phenomenon
carrying-case	universe
carrying-case	vehicle-body
carrying-out	accomplishment
carrying-out	act
carrying-out	activity
carrying-out	event
carrying-out	phenomenon
carrying-out	procedure
carrying-out	volition
carton	artifact
carton	box
carton	carrying-case
carton	device
carton	holder
carton	phenomenon
carton	universe
carton	vehicle-body
cartoon	information
cartoon	phenomenon
cartoon	universe
cartridge	artifact
cartridge	device
cartridge	pellet
cartridge	phenomenon
cartridge	universe
cartridge	vehicle-body
cartridge	weapon
carving-fork	artifact
carving-fork	device
carving-fork	phenomenon
carving-fork	tableware
carving-fork	universe
carving-fork	vehicle-body
case	artifact
case	carrying-case
case	device
case	holder
case	phenomenon
case	universe
case	vehicle-body
casein	material
casein	phenomenon
casein	protein
casein	substance
casein	universe
cash	artifact
cash	contract-condition
cash	indication
cash	information
cash	line-of-text
cash	phenomenon
cash	physical-object
cash	text
cash	universe
cash	vehicle-body
cash-register	artifact
cash-register	device
cash-register	phenomenon
cash-register	universe
cash-register	vehicle-body
casserole-dish	artifact
casserole-dish	device
casserole-dish	dish
casserole-dish	holder
casserole-dish	phenomenon
casserole-dish	universe
casserole-dish	vehicle-body
cassette-player	artifact
cassette-player	device
cassette-player	machine
cassette-player	machinery
cassette-player	phenomenon
cassette-player	universe
cassette-player	vehicle-body
cast	artifact
cast	device
cast	phenomenon
cast	universe
cast	vehicle-body
cast-of-characters	agent
cast-of-characters	collection
cast-of-characters	group
cast-of-characters	people
cast-of-characters	phenomenon
cast-of-characters	school-class
cast-of-characters	universe
caster	artifact
caster	device
caster	phenomenon
caster	universe
caster	vehicle-body
castle	artifact
castle	building
castle	development
castle	phenomenon
castle	universe
castle	vehicle-body
casualty	agent
casualty	animal
casualty	body
casualty	human
casualty	mammal
casualty	organism
casualty	person
casualty	phenomenon
casualty	physical-object
casualty	populace
casualty	self
casualty	species
casualty	universe
casualty	vertebrate
cat	agent
cat	animal
cat	body
cat	mammal
cat	organism
cat	phenomenon
cat	physical-object
cat	species
cat	universe
cat	vertebrate
cat-food	food
cat-food	phenomenon
cat-food	universe
catch	amateur
catch	ambiance
catch	attribute
catch	circumstance
catch	civilisation
catch	crowd
catch	custom
catch	danger
catch	expert
catch	freedom
catch	hero
catch	lap
catch	literary-works
catch	logical-relation
catch	normal
catch	point-of-view
catch	practice
catch	property
catch	society
catch	status
catch	tension
catch	way
category	logical-relation
cattle	agent
cattle	animal
cattle	body
cattle	livestock
cattle	mammal
cattle	organism
cattle	phenomenon
cattle	physical-object
cattle	species
cattle	universe
cattle	vertebrate
cause	accomplishment
cause	act
cause	activity
cause	event
cause	phenomenon
cause	procedure
cause	volition
caution	attribute
caution	logical-relation
caution	property
ceiling	artifact
ceiling	development
ceiling	phenomenon
ceiling	universe
ceiling	vehicle-body
ceiling.communication	logical-relation
ceiling.communication	quantity
celebration	accomplishment
celebration	act
celebration	activity
celebration	coming-together
celebration	event
celebration	party
celebration	phenomenon
celebration	procedure
celebration	volition
celestial-body	phenomenon
celestial-body	universe
cell	body-part
cell	phenomenon
cell	physical-object
cell	universe
cell-culture	event
cell-culture	growth
cell-culture	phenomenon
cellular-telephone	artifact
cellular-telephone	component
cellular-telephone	device
cellular-telephone	mechanism
cellular-telephone	phenomenon
cellular-telephone	phone
cellular-telephone	universe
cellular-telephone	vehicle-body
celluloid	artifact
celluloid	contract-condition
celluloid	indication
celluloid	information
celluloid	line-of-text
celluloid	phenomenon
celluloid	physical-object
celluloid	text
celluloid	universe
celluloid	vehicle-body
cement-mixer	artifact
cement-mixer	device
cement-mixer	phenomenon
cement-mixer	universe
cement-mixer	vehicle-body
cemetery	land
cemetery	phenomenon
cemetery	place
cemetery	universe
cemetery	yard
censoring	event
censoring	phenomenon
censoring	visit
census	accomplishment
census	act
census	activity
census	calculation
census	event
census	information
census	phenomenon
census	procedure
census	universe
census	volition
center	agent
center	association
center	collection
center	group
center	organization
center	phenomenon
center	team
center	universe
central-area	phenomenon
central-area	place
central-area	universe
centre	phenomenon
centre	place
centre	universe
centrifuge	artifact
centrifuge	device
centrifuge	phenomenon
centrifuge	universe
centrifuge	vehicle-body
ceramic	artifact
ceramic	phenomenon
ceramic	universe
ceramic	vehicle-body
cereal	food
cereal	phenomenon
cereal	universe
cerebral-hemisphere	body-part
cerebral-hemisphere	phenomenon
cerebral-hemisphere	physical-object
cerebral-hemisphere	universe
ceremony	accomplishment
ceremony	act
ceremony	activity
ceremony	event
ceremony	phenomenon
ceremony	procedure
ceremony	volition
certificate	artifact
certificate	contract-condition
certificate	data-file
certificate	indication
certificate	information
certificate	line-of-text
certificate	news
certificate	note
certificate	phenomenon
certificate	physical-object
certificate	text
certificate	universe
certificate	vehicle-body
chaff	body-part
chaff	phenomenon
chaff	physical-object
chaff	universe
chafing-dish	artifact
chafing-dish	device
chafing-dish	phenomenon
chafing-dish	universe
chafing-dish	vehicle-body
chainsaw	artifact
chainsaw	device
chainsaw	phenomenon
chainsaw	universe
chainsaw	vehicle-body
chair	artifact
chair	furniture
chair	phenomenon
chair	seat
chair	universe
chair	vehicle-body
chaise	artifact
chaise	chair
chaise	furniture
chaise	phenomenon
chaise	seat
chaise	universe
chaise	vehicle-body
chalk	artifact
chalk	device
chalk	phenomenon
chalk	universe
chalk	vehicle-body
challenge	accomplishment
challenge	act
challenge	activity
challenge	communication
challenge	event
challenge	information
challenge	phenomenon
challenge	procedure
challenge	universe
challenge	volition
challenging-situation	amateur
challenging-situation	ambiance
challenging-situation	attribute
challenging-situation	circumstance
challenging-situation	civilisation
challenging-situation	crowd
challenging-situation	custom
challenging-situation	danger
challenging-situation	expert
challenging-situation	freedom
challenging-situation	hero
challenging-situation	lap
challenging-situation	literary-works
challenging-situation	logical-relation
challenging-situation	normal
challenging-situation	point-of-view
challenging-situation	practice
challenging-situation	property
challenging-situation	society
challenging-situation	status
challenging-situation	tension
challenging-situation	way
chamois-leather	artifact
chamois-leather	fabric
chamois-leather	leather
chamois-leather	phenomenon
chamois-leather	universe
chamois-leather	vehicle-body
champion	agent
champion	animal
champion	body
champion	human
champion	mammal
champion	organism
champion	person
champion	phenomenon
champion	physical-object
champion	populace
champion	self
champion	species
champion	universe
champion	vertebrate
championship	amateur
championship	ambiance
championship	attribute
championship	circumstance
championship	civilisation
championship	crowd
championship	custom
championship	danger
championship	expert
championship	freedom
championship	hero
championship	lap
championship	literary-works
championship	logical-relation
championship	normal
championship	point-of-view
championship	practice
championship	property
championship	society
championship	status
championship	tension
championship	way
chance-event	event
chance-event	phenomenon
chandelier	artifact
chandelier	device
chandelier	phenomenon
chandelier	universe
chandelier	vehicle-body
change	event
change	phenomenon
channel	artifact
channel	development
channel	phenomenon
channel	universe
channel	vehicle-body
chaos	amateur
chaos	ambiance
chaos	attribute
chaos	circumstance
chaos	civilisation
chaos	crowd
chaos	custom
chaos	danger
chaos	expert
chaos	freedom
chaos	hero
chaos	lap
chaos	literary-works
chaos	logical-relation
chaos	normal
chaos	point-of-view
chaos	practice
chaos	property
chaos	society
chaos	status
chaos	tension
chaos	way
chap	artifact
chap	clothing
chap	fashion
chap	phenomenon
chap	universe
chap	vehicle-body
chapter	artifact
chapter	contract-condition
chapter	essay
chapter	indication
chapter	information
chapter	line-of-text
chapter	phenomenon
chapter	physical-object
chapter	text
chapter	universe
chapter	vehicle-body
character	information
character	phenomenon
character	universe
characteristic	attribute
characteristic	logical-relation
characteristic	property
chard	body-part
chard	botanical-fruit
chard	phenomenon
chard	physical-object
chard	universe
charge	accomplishment
charge	act
charge	activity
charge	advice
charge	communication
charge	event
charge	information
charge	phenomenon
charge	procedure
charge	universe
charge	volition
charitable-organization	agent
charitable-organization	association
charitable-organization	collection
charitable-organization	group
charitable-organization	organization
charitable-organization	phenomenon
charitable-organization	team
charitable-organization	universe
charity	accomplishment
charity	act
charity	activity
charity	event
charity	phenomenon
charity	procedure
charity	volition
charm	amateur
charm	ambiance
charm	attribute
charm	circumstance
charm	civilisation
charm	crowd
charm	custom
charm	danger
charm	expert
charm	freedom
charm	hero
charm	lap
charm	literary-works
charm	logical-relation
charm	normal
charm	point-of-view
charm	practice
charm	property
charm	society
charm	status
charm	tension
charm	way
chart	indication
chart	information
chart	phenomenon
chart	physical-object
chart	universe
charter	artifact
charter	contract-condition
charter	indication
charter	information
charter	line-of-text
charter	phenomenon
charter	physical-object
charter	text
charter	universe
charter	vehicle-body
chauvinist	agent
chauvinist	collection
chauvinist	group
chauvinist	people
chauvinist	phenomenon
chauvinist	school-class
chauvinist	universe
check	accomplishment
check	act
check	activity
check	event
check	phenomenon
check	procedure
check	volition
check-mark	information
check-mark	phenomenon
check-mark	universe
check-pattern	artifact
check-pattern	fabric
check-pattern	phenomenon
check-pattern	universe
check-pattern	vehicle-body
checkup	accomplishment
checkup	act
checkup	activity
checkup	event
checkup	information
checkup	phenomenon
checkup	procedure
checkup	search
checkup	universe
checkup	volition
cheek	body-part
cheek	phenomenon
cheek	physical-object
cheek	universe
cheese-dip	food
cheese-dip	material
cheese-dip	phenomenon
cheese-dip	substance
cheese-dip	universe
chemical	material
chemical	phenomenon
chemical	substance
chemical	universe
chemical-element	material
chemical-element	phenomenon
chemical-element	substance
chemical-element	universe
chemical-reaction	event
chemical-reaction	phenomenon
chemical-solution	material
chemical-solution	phenomenon
chemical-solution	substance
chemical-solution	universe
chemistry	field-of-study
chemistry	logical-relation
chemistry	signified
cherimoya	body-part
cherimoya	botanical-fruit
cherimoya	phenomenon
cherimoya	physical-object
cherimoya	universe
cherry	body-part
cherry	botanical-fruit
cherry	phenomenon
cherry	physical-object
cherry	universe
chess-king	artifact
chess-king	game-equipment
chess-king	phenomenon
chess-king	universe
chess-king	vehicle-body
chest-of-drawers	artifact
chest-of-drawers	carrying-case
chest-of-drawers	device
chest-of-drawers	furniture
chest-of-drawers	holder
chest-of-drawers	phenomenon
chest-of-drawers	universe
chest-of-drawers	vehicle-body
chicken	agent
chicken	animal
chicken	bird
chicken	body
chicken	organism
chicken	phenomenon
chicken	physical-object
chicken	species
chicken	universe
chicken	vertebrate
chief	attribute
chief	logical-relation
chief	property
child	agent
child	animal
child	body
child	human
child	mammal
child	organism
child	person
child	phenomenon
child	physical-object
child	populace
child	self
child	species
child	universe
child	vertebrate
child	young-people
child-adoption	accomplishment
child-adoption	act
child-adoption	activity
child-adoption	event
child-adoption	leader
child-adoption	phenomenon
child-adoption	procedure
child-adoption	volition
childcare	accomplishment
childcare	act
childcare	activity
childcare	care
childcare	event
childcare	phenomenon
childcare	procedure
childcare	volition
childhood	logical-relation
childhood	quantity
chili	body-part
chili	botanical-fruit
chili	phenomenon
chili	physical-object
chili	universe
chimney	artifact
chimney	development
chimney	device
chimney	phenomenon
chimney	universe
chimney	vehicle-body
chin	body-part
chin	phenomenon
chin	physical-object
chin	universe
china-cabinet	artifact
china-cabinet	carrying-case
china-cabinet	device
china-cabinet	furniture
china-cabinet	holder
china-cabinet	phenomenon
china-cabinet	universe
china-cabinet	vehicle-body
chips	food
chips	material
chips	phenomenon
chips	substance
chips	universe
chit	article
chit	artifact
chit	contract-condition
chit	data-file
chit	essay
chit	indication
chit	information
chit	line-of-text
chit	news
chit	note
chit	phenomenon
chit	physical-object
chit	text
chit	universe
chit	vehicle-body
chopsticks	artifact
chopsticks	device
chopsticks	phenomenon
chopsticks	universe
chopsticks	vehicle-body
chord	logical-relation
chord	signified
christmas-tree	agent
christmas-tree	organism
christmas-tree	phenomenon
christmas-tree	physical-object
christmas-tree	plant
christmas-tree	species
christmas-tree	universe
chromium	chemical-element
chromium	material
chromium	phenomenon
chromium	substance
chromium	universe
chronicle	artifact
chronicle	contract-condition
chronicle	data-file
chronicle	indication
chronicle	information
chronicle	line-of-text
chronicle	myth
chronicle	news
chronicle	note
chronicle	phenomenon
chronicle	physical-object
chronicle	text
chronicle	universe
chronicle	vehicle-body
chute	artifact
chute	phenomenon
chute	universe
chute	vehicle-body
chutney	food
chutney	material
chutney	phenomenon
chutney	substance
chutney	universe
cigar	artifact
cigar	device
cigar	phenomenon
cigar	universe
cigar	vehicle-body
cigar-cutter	artifact
cigar-cutter	device
cigar-cutter	phenomenon
cigar-cutter	universe
cigar-cutter	vehicle-body
cigarette	artifact
cigarette	device
cigarette	phenomenon
cigarette	universe
cigarette	vehicle-body
cigarette-case	artifact
cigarette-case	phenomenon
cigarette-case	universe
cigarette-case	vehicle-body
cigarette-holder	artifact
cigarette-holder	phenomenon
cigarette-holder	universe
cigarette-holder	vehicle-body
cigarette-lighter	artifact
cigarette-lighter	device
cigarette-lighter	phenomenon
cigarette-lighter	universe
cigarette-lighter	vehicle-body
cigarillo	artifact
cigarillo	phenomenon
cigarillo	universe
cigarillo	vehicle-body
cinch	artifact
cinch	device
cinch	phenomenon
cinch	universe
cinch	vehicle-body
cinema	artifact
cinema	development
cinema	phenomenon
cinema	universe
cinema	vehicle-body
circuit-card	artifact
circuit-card	component
circuit-card	device
circuit-card	mechanism
circuit-card	phenomenon
circuit-card	universe
circuit-card	vehicle-body
circular	accomplishment
circular	act
circular	activity
circular	ad
circular	communication
circular	event
circular	information
circular	phenomenon
circular	procedure
circular	universe
circular	volition
circulation	event
circulation	phenomenon
circumstance	attribute
circumstance	logical-relation
circumstance	normal
circumstance	property
citation	artifact
citation	contract-condition
citation	indication
citation	information
citation	line-of-text
citation	phenomenon
citation	physical-object
citation	text
citation	universe
citation	vehicle-body
citizen	agent
citizen	collection
citizen	group
citizen	people
citizen	phenomenon
citizen	school-class
citizen	universe
city	agent
city	land
city	phenomenon
city	place
city	universe
city	yard
city-ward	agent
city-ward	phenomenon
city-ward	place
city-ward	universe
civilisation	attribute
civilisation	logical-relation
civilisation	normal
civilisation	property
civilization	amateur
civilization	ambiance
civilization	attribute
civilization	circumstance
civilization	civilisation
civilization	crowd
civilization	custom
civilization	danger
civilization	expert
civilization	freedom
civilization	hero
civilization	lap
civilization	literary-works
civilization	logical-relation
civilization	normal
civilization	point-of-view
civilization	practice
civilization	property
civilization	society
civilization	status
civilization	tension
civilization	way
claim	accomplishment
claim	act
claim	activity
claim	affirmation
claim	communication
claim	event
claim	information
claim	phenomenon
claim	procedure
claim	universe
claim	volition
clam	agent
clam	animal
clam	body
clam	invertebrate
clam	mollusc
clam	organism
clam	phenomenon
clam	physical-object
clam	species
clam	universe
clamp	artifact
clamp	device
clamp	phenomenon
clamp	universe
clamp	vehicle-body
clash	accomplishment
clash	act
clash	activity
clash	contest
clash	event
clash	phenomenon
clash	procedure
clash	volition
clash	war
clasp	artifact
clasp	device
clasp	phenomenon
clasp	universe
clasp	vehicle-body
class	agent
class	collection
class	group
class	phenomenon
class	universe
classroom	artifact
classroom	development
classroom	phenomenon
classroom	room
classroom	universe
classroom	vehicle-body
claw	artifact
claw	device
claw	phenomenon
claw	universe
claw	vehicle-body
clay	material
clay	phenomenon
clay	soil
clay	substance
clay	universe
clay-pigeon	artifact
clay-pigeon	device
clay-pigeon	phenomenon
clay-pigeon	universe
clay-pigeon	vehicle-body
cleaning	event
cleaning	phenomenon
cleaning	visit
clemency	amateur
clemency	ambiance
clemency	attribute
clemency	circumstance
clemency	civilisation
clemency	crowd
clemency	custom
clemency	danger
clemency	expert
clemency	freedom
clemency	hero
clemency	lap
clemency	literary-works
clemency	logical-relation
clemency	normal
clemency	point-of-view
clemency	practice
clemency	property
clemency	society
clemency	status
clemency	tension
clemency	way
climate	attribute
climate	logical-relation
climate	property
clinic	agent
clinic	association
clinic	collection
clinic	group
clinic	organization
clinic	phenomenon
clinic	team
clinic	universe
clip	artifact
clip	device
clip	phenomenon
clip	universe
clip	vehicle-body
clipboard	artifact
clipboard	device
clipboard	phenomenon
clipboard	universe
clipboard	vehicle-body
clipping	artifact
clipping	contract-condition
clipping	indication
clipping	information
clipping	line-of-text
clipping	phenomenon
clipping	physical-object
clipping	text
clipping	universe
clipping	vehicle-body
clique	agent
clique	collection
clique	group
clique	phenomenon
clique	universe
clock	artifact
clock	device
clock	phenomenon
clock	universe
clock	vehicle-body
clock-time	logical-relation
clock-time	quantity
clod	phenomenon
clod	universe
closed-interval	logical-relation
closed-interval	mathematical-set
closed-interval	subset
closet	artifact
closet	carrying-case
closet	device
closet	furniture
closet	holder
closet	phenomenon
closet	universe
closet	vehicle-body
closure	accomplishment
closure	act
closure	activity
closure	event
closure	information
closure	phenomenon
closure	procedure
closure	universe
closure	volition
clothespin	artifact
clothespin	device
clothespin	phenomenon
clothespin	universe
clothespin	vehicle-body
clothing	artifact
clothing	phenomenon
clothing	universe
clothing	vehicle-body
cloud	material
cloud	phenomenon
cloud	substance
cloud	universe
club	artifact
club	cane
club	device
club	phenomenon
club	universe
club	vehicle-body
club-card	artifact
club-card	phenomenon
club-card	universe
club-card	vehicle-body
coach	attribute
coach	logical-relation
coach	property
coaching	accomplishment
coaching	acquired-knowledge
coaching	act
coaching	activity
coaching	education
coaching	event
coaching	leader
coaching	phenomenon
coaching	procedure
coaching	volition
coalescence	combination
coalescence	event
coalescence	phenomenon
coaster	artifact
coaster	device
coaster	phenomenon
coaster	universe
coaster	vehicle-body
coaster-wagon	artifact
coaster-wagon	device
coaster-wagon	phenomenon
coaster-wagon	universe
coaster-wagon	vehicle-body
coat	artifact
coat	clothing
coat	fashion
coat	phenomenon
coat	universe
coat	vehicle-body
coating	phenomenon
coating	physical-object
coating	universe
cockle	agent
cockle	animal
cockle	body
cockle	invertebrate
cockle	mollusc
cockle	organism
cockle	phenomenon
cockle	physical-object
cockle	species
cockle	universe
cocktail-sauce	food
cocktail-sauce	material
cocktail-sauce	phenomenon
cocktail-sauce	substance
cocktail-sauce	universe
cocktail-shaker	artifact
cocktail-shaker	device
cocktail-shaker	phenomenon
cocktail-shaker	universe
cocktail-shaker	vehicle-body
code	logical-relation
code	measure
code	routine
code	signified
coefficient-of-concordance	logical-relation
coefficient-of-concordance	quantity
coevals	agent
coevals	collection
coevals	contemporary
coevals	group
coevals	people
coevals	phenomenon
coevals	school-class
coevals	universe
coffee-cake	food
coffee-cake	material
coffee-cake	phenomenon
coffee-cake	substance
coffee-cake	universe
coffee-filter	artifact
coffee-filter	device
coffee-filter	filter
coffee-filter	phenomenon
coffee-filter	universe
coffee-filter	vehicle-body
coffee-grinder	artifact
coffee-grinder	device
coffee-grinder	phenomenon
coffee-grinder	universe
coffee-grinder	vehicle-body
coffee-table	artifact
coffee-table	furniture
coffee-table	phenomenon
coffee-table	table-furniture
coffee-table	universe
coffee-table	vehicle-body
coffin	artifact
coffin	carrying-case
coffin	device
coffin	holder
coffin	phenomenon
coffin	universe
coffin	vehicle-body
cognition	attribute
cognition	logical-relation
cognition	property
coil	attribute
coil	logical-relation
coil	property
coil	shape
coin	artifact
coin	cash
coin	contract-condition
coin	currency
coin	indication
coin	information
coin	line-of-text
coin	phenomenon
coin	physical-object
coin	text
coin	universe
coin	vehicle-body
coincidence	event
coincidence	phenomenon
coke	material
coke	phenomenon
coke	substance
coke	universe
colander	artifact
colander	phenomenon
colander	universe
colander	vehicle-body
cold	attribute
cold	logical-relation
cold	property
coldness	logical-relation
coldness	quantity
collapse	diminution
collapse	event
collapse	phenomenon
collar	artifact
collar	phenomenon
collar	universe
collar	vehicle-body
colleague	attribute
colleague	logical-relation
colleague	property
collection	phenomenon
college	agent
college	association
college	collection
college	group
college	organization
college	phenomenon
college	school
college	team
college	universe
cologne	chemical-solution
cologne	material
cologne	phenomenon
cologne	substance
cologne	universe
colon	body-part
colon	phenomenon
colon	physical-object
colon	universe
colony	agent
colony	phenomenon
colony	place
colony	universe
color	amateur
color	ambiance
color	attribute
color	circumstance
color	civilisation
color	crowd
color	custom
color	danger
color	expert
color	freedom
color	hero
color	lap
color	literary-works
color	logical-relation
color	normal
color	point-of-view
color	practice
color	property
color	society
color	status
color	tension
color	way
column	artifact
column	development
column	phenomenon
column	universe
column	vehicle-body
column.group	logical-relation
comb	artifact
comb	brush
comb	device
comb	phenomenon
comb	universe
comb	vehicle-body
combination	event
combination	phenomenon
combinatorial-combination	event
combinatorial-combination	phenomenon
comedy	artifact
comedy	contract-condition
comedy	fiction
comedy	folklore
comedy	indication
comedy	information
comedy	legend
comedy	line-of-text
comedy	myth
comedy	phenomenon
comedy	physical-object
comedy	text
comedy	universe
comedy	vehicle-body
comet	celestial-body
comet	phenomenon
comet	universe
comfort	attribute
comfort	logical-relation
comfort	property
comforter	artifact
comforter	fabric
comforter	phenomenon
comforter	universe
comforter	vehicle-body
comic-strip	indication
comic-strip	information
comic-strip	phenomenon
comic-strip	physical-object
comic-strip	universe
coming-together	accomplishment
coming-together	act
coming-together	activity
coming-together	event
coming-together	phenomenon
coming-together	procedure
coming-together	volition
command	attribute
command	logical-relation
command	property
commemoration	accomplishment
commemoration	act
commemoration	activity
commemoration	communication
commemoration	event
commemoration	information
commemoration	phenomenon
commemoration	procedure
commemoration	reaction.phenomenon
commemoration	universe
commemoration	volition
commencement	logical-relation
commencement	quantity
commerce	accomplishment
commerce	act
commerce	activity
commerce	event
commerce	exchange
commerce	interaction
commerce	phenomenon
commerce	procedure
commerce	transaction
commerce	volition
commercial-enterprise	accomplishment
commercial-enterprise	act
commercial-enterprise	activity
commercial-enterprise	event
commercial-enterprise	exchange
commercial-enterprise	interaction
commercial-enterprise	phenomenon
commercial-enterprise	procedure
commercial-enterprise	transaction
commercial-enterprise	volition
commission	logical-relation
commission	quantity
commitment	amateur
commitment	ambiance
commitment	attribute
commitment	circumstance
commitment	civilisation
commitment	crowd
commitment	custom
commitment	danger
commitment	expert
commitment	freedom
commitment	hero
commitment	lap
commitment	literary-works
commitment	logical-relation
commitment	normal
commitment	point-of-view
commitment	practice
commitment	property
commitment	society
commitment	status
commitment	tension
commitment	way
committee	agent
committee	association
committee	collection
committee	group
committee	organization
committee	phenomenon
committee	team
committee	universe
commodity	artifact
commodity	phenomenon
commodity	universe
commodity	vehicle-body
common-sense	attribute
common-sense	logical-relation
common-sense	property
communication	accomplishment
communication	act
communication	activity
communication	event
communication	information
communication	phenomenon
communication	procedure
communication	universe
communication	volition
communicative-contact	accomplishment
communicative-contact	act
communicative-contact	activity
communicative-contact	communication
communicative-contact	event
communicative-contact	information
communicative-contact	phenomenon
communicative-contact	procedure
communicative-contact	universe
communicative-contact	volition
community	agent
community	collection
community	group
community	people
community	phenomenon
community	school-class
community	universe
companionship	accomplishment
companionship	act
companionship	activity
companionship	coming-together
companionship	event
companionship	phenomenon
companionship	procedure
companionship	volition
company	agent
company	association
company	collection
company	group
company	organization
company	phenomenon
company	team
company	universe
comparison	accomplishment
comparison	act
comparison	activity
comparison	event
comparison	information
comparison	phenomenon
comparison	procedure
comparison	universe
comparison	volition
compartment	phenomenon
compartment	place
compartment	universe
compassion	attribute
compassion	inclination
compassion	logical-relation
compassion	mentality
compassion	property
compassion	range-of-a-function
compassion	trait
competence	amateur
competence	ambiance
competence	attribute
competence	circumstance
competence	civilisation
competence	crowd
competence	custom
competence	danger
competence	expert
competence	freedom
competence	hero
competence	lap
competence	literary-works
competence	logical-relation
competence	normal
competence	point-of-view
competence	practice
competence	property
competence	society
competence	status
competence	tension
competence	way
competition	accomplishment
competition	act
competition	activity
competition	contest
competition	event
competition	phenomenon
competition	procedure
competition	volition
competition	war
competition-jury	agent
competition-jury	collection
competition-jury	group
competition-jury	phenomenon
competition-jury	universe
competitive-edge	amateur
competitive-edge	ambiance
competitive-edge	attribute
competitive-edge	circumstance
competitive-edge	civilisation
competitive-edge	crowd
competitive-edge	custom
competitive-edge	danger
competitive-edge	expert
competitive-edge	freedom
competitive-edge	hero
competitive-edge	lap
competitive-edge	literary-works
competitive-edge	logical-relation
competitive-edge	normal
competitive-edge	point-of-view
competitive-edge	practice
competitive-edge	property
competitive-edge	society
competitive-edge	status
competitive-edge	tension
competitive-edge	way
competitive-lead	amateur
competitive-lead	ambiance
competitive-lead	attribute
competitive-lead	circumstance
competitive-lead	civilisation
competitive-lead	crowd
competitive-lead	custom
competitive-lead	danger
competitive-lead	expert
competitive-lead	freedom
competitive-lead	hero
competitive-lead	lap
competitive-lead	literary-works
competitive-lead	logical-relation
competitive-lead	normal
competitive-lead	point-of-view
competitive-lead	practice
competitive-lead	property
competitive-lead	society
competitive-lead	status
competitive-lead	tension
competitive-lead	way
compiler	code
compiler	computer-program
compiler	logical-relation
compiler	measure
compiler	routine
compiler	signified
complex-number	logical-relation
complex-number	number
complex-number	quantity
complication	amateur
complication	ambiance
complication	attribute
complication	circumstance
complication	civilisation
complication	crowd
complication	custom
complication	danger
complication	expert
complication	freedom
complication	hero
complication	lap
complication	literary-works
complication	logical-relation
complication	normal
complication	point-of-view
complication	practice
complication	property
complication	society
complication	status
complication	tension
complication	way
component	artifact
component	device
component	phenomenon
component	universe
component	vehicle-body
composition	artifact
composition	contract-condition
composition	essay
composition	indication
composition	information
composition	line-of-text
composition	phenomenon
composition	physical-object
composition	text
composition	universe
composition	vehicle-body
compost	material
compost	phenomenon
compost	substance
compost	universe
compound	material
compound	phenomenon
compound	substance
compound	universe
compromise	accomplishment
compromise	act
compromise	activity
compromise	communication
compromise	event
compromise	information
compromise	phenomenon
compromise	procedure
compromise	universe
compromise	volition
computer	artifact
computer	device
computer	phenomenon
computer	universe
computer	vehicle-body
computer-program	logical-relation
computer-program	measure
computer-program	routine
computer-program	signified
computer-science	field-of-study
computer-science	logical-relation
computer-science	signified
computer-virus	code
computer-virus	computer-program
computer-virus	logical-relation
computer-virus	measure
computer-virus	routine
computer-virus	signified
computer-worm	code
computer-worm	computer-program
computer-worm	logical-relation
computer-worm	measure
computer-worm	routine
computer-worm	signified
comrade	agent
comrade	animal
comrade	body
comrade	human
comrade	mammal
comrade	man
comrade	organism
comrade	person
comrade	phenomenon
comrade	physical-object
comrade	populace
comrade	self
comrade	species
comrade	universe
comrade	vertebrate
concave-polygon	attribute
concave-polygon	curve
concave-polygon	logical-relation
concave-polygon	polygon
concave-polygon	property
concave-polygon	shape
concept	logical-relation
concept	signified
conception	event
conception	phenomenon
concern.cognition	logical-relation
concern.cognition	signified
concert	accomplishment
concert	act
concert	activity
concert	communication
concert	event
concert	information
concert	performing
concert	phenomenon
concert	procedure
concert	stage-production
concert	universe
concert	volition
concertina	artifact
concertina	device
concertina	musical-instrument
concertina	phenomenon
concertina	universe
concertina	vehicle-body
concession	accomplishment
concession	act
concession	activity
concession	communication
concession	event
concession	information
concession	phenomenon
concession	procedure
concession	universe
concession	volition
conclusion	accomplishment
conclusion	act
conclusion	activity
conclusion	communication
conclusion	event
conclusion	information
conclusion	phenomenon
conclusion	procedure
conclusion	universe
conclusion	volition
condenser	artifact
condenser	device
condenser	phenomenon
condenser	universe
condenser	vehicle-body
condition	attribute
condition	logical-relation
condition	property
conditional-probability	logical-relation
conditional-probability	probability
conditioner	chemical-solution
conditioner	material
conditioner	phenomenon
conditioner	substance
conditioner	universe
condom	artifact
condom	device
condom	phenomenon
condom	universe
condom	vehicle-body
conductor	attribute
conductor	logical-relation
conductor	property
confederation	agent
confederation	association
confederation	collection
confederation	group
confederation	organization
confederation	phenomenon
confederation	team
confederation	universe
conference	accomplishment
conference	act
conference	activity
conference	coming-together
conference	event
conference	phenomenon
conference	procedure
conference	volition
confession	accomplishment
confession	act
confession	activity
confession	affirmation
confession	communication
confession	event
confession	information
confession	phenomenon
confession	procedure
confession	universe
confession	volition
confidence	attribute
confidence	logical-relation
confidence	property
confirmation	accomplishment
confirmation	act
confirmation	activity
confirmation	event
confirmation	information
confirmation	phenomenon
confirmation	procedure
confirmation	thinking
confirmation	universe
confirmation	volition
conflict	accomplishment
conflict	act
conflict	activity
conflict	contest
conflict	event
conflict	phenomenon
conflict	procedure
conflict	volition
conflict	war
conformity	attribute
conformity	logical-relation
conformity	normal
conformity	property
confrontation	accomplishment
confrontation	act
confrontation	activity
confrontation	contest
confrontation	event
confrontation	phenomenon
confrontation	procedure
confrontation	volition
confrontation	war
confusion	event
confusion	phenomenon
conglomerate	agent
conglomerate	association
conglomerate	collection
conglomerate	company
conglomerate	firm
conglomerate	group
conglomerate	organization
conglomerate	phenomenon
conglomerate	team
conglomerate	universe
conic-section	attribute
conic-section	logical-relation
conic-section	property
conic-section	shape
connectedness	attribute
connectedness	logical-relation
connectedness	property
connection	event
connection	phenomenon
connector	artifact
connector	phenomenon
connector	universe
connector	vehicle-body
conscience	attribute
conscience	logical-relation
conscience	property
consciousness	attribute
consciousness	logical-relation
consciousness	property
conscription	accomplishment
conscription	act
conscription	activity
conscription	bid
conscription	communication
conscription	event
conscription	information
conscription	phenomenon
conscription	procedure
conscription	universe
conscription	volition
consensus	accomplishment
consensus	act
consensus	activity
consensus	cooperation
consensus	event
consensus	phenomenon
consensus	procedure
consensus	volition
consequence	event
consequence	phenomenon
conservation	accomplishment
conservation	act
conservation	activity
conservation	care
conservation	event
conservation	phenomenon
conservation	procedure
conservation	volition
consideration	attribute
consideration	logical-relation
consideration	property
conspiracy	logical-relation
conspiracy	measure
conspiracy	plan
conspiracy	routine
conspiracy	signified
constellation	celestial-body
constellation	phenomenon
constellation	universe
constituency	agent
constituency	collection
constituency	group
constituency	phenomenon
constituency	universe
constituent-state	agent
constituent-state	land
constituent-state	phenomenon
constituent-state	place
constituent-state	universe
constituent-state	yard
constitution	attribute
constitution	logical-relation
constitution	property
constraint	attribute
constraint	logical-relation
constraint	normal
constraint	property
construction	accomplishment
construction	act
construction	activity
construction	creation
construction	event
construction	phenomenon
construction	procedure
construction	volition
consultation	accomplishment
consultation	act
consultation	activity
consultation	coming-together
consultation	event
consultation	phenomenon
consultation	procedure
consultation	volition
consulting	accomplishment
consulting	act
consulting	activity
consulting	event
consulting	exchange
consulting	interaction
consulting	phenomenon
consulting	procedure
consulting	transaction
consulting	volition
consumption	diminution
consumption	event
consumption	phenomenon
consumption	visit
contact	accomplishment
contact	act
contact	activity
contact	communication
contact	event
contact	information
contact	phenomenon
contact	procedure
contact	universe
contact	volition
contact-lens	artifact
contact-lens	device
contact-lens	phenomenon
contact-lens	universe
contact-lens	vehicle-body
contemporary	agent
contemporary	collection
contemporary	group
contemporary	people
contemporary	phenomenon
contemporary	school-class
contemporary	universe
contest	accomplishment
contest	act
contest	activity
contest	event
contest	phenomenon
contest	procedure
contest	volition
context	logical-relation
context	signified
continent	land
continent	phenomenon
continent	place
continent	universe
continent	yard
contract	logical-relation
contract	signified
contract-condition	artifact
contract-condition	indication
contract-condition	information
contract-condition	line-of-text
contract-condition	phenomenon
contract-condition	physical-object
contract-condition	universe
contract-condition	vehicle-body
contraction	event
contraction	phenomenon
contradiction	logical-relation
contradiction	signified
contribution	accomplishment
contribution	act
contribution	activity
contribution	event
contribution	phenomenon
contribution	procedure
contribution	volition
control-panel	artifact
control-panel	component
control-panel	device
control-panel	mechanism
control-panel	phenomenon
control-panel	universe
control-panel	vehicle-body
control-stick	artifact
control-stick	device
control-stick	phenomenon
control-stick	universe
control-stick	vehicle-body
convalescence	event
convalescence	phenomenon
conventionality	amateur
conventionality	ambiance
conventionality	attribute
conventionality	circumstance
conventionality	civilisation
conventionality	crowd
conventionality	custom
conventionality	danger
conventionality	expert
conventionality	freedom
conventionality	hero
conventionality	lap
conventionality	literary-works
conventionality	logical-relation
conventionality	normal
conventionality	point-of-view
conventionality	practice
conventionality	property
conventionality	society
conventionality	status
conventionality	tension
conventionality	way
conversation	accomplishment
conversation	act
conversation	activity
conversation	communication
conversation	event
conversation	information
conversation	phenomenon
conversation	procedure
conversation	universe
conversation	volition
conversion	event
conversion	phenomenon
converter	artifact
converter	device
converter	phenomenon
converter	universe
converter	vehicle-body
convex-polygon	attribute
convex-polygon	curve
convex-polygon	logical-relation
convex-polygon	polygon
convex-polygon	property
convex-polygon	shape
conviction	logical-relation
conviction	signified
cook	agent
cook	animal
cook	body
cook	human
cook	mammal
cook	organism
cook	person
cook	phenomenon
cook	physical-object
cook	populace
cook	self
cook	species
cook	universe
cook	vertebrate
cooker	artifact
cooker	device
cooker	phenomenon
cooker	universe
cooker	vehicle-body
cookie	food
cookie	material
cookie	phenomenon
cookie	substance
cookie	universe
cookie-cutter	artifact
cookie-cutter	cutter
cookie-cutter	device
cookie-cutter	phenomenon
cookie-cutter	universe
cookie-cutter	vehicle-body
cookie-jar	artifact
cookie-jar	phenomenon
cookie-jar	universe
cookie-jar	vehicle-body
cooking-oil	food
cooking-oil	phenomenon
cooking-oil	universe
cooking-pot	artifact
cooking-pot	carrying-case
cooking-pot	device
cooking-pot	holder
cooking-pot	pan
cooking-pot	phenomenon
cooking-pot	universe
cooking-pot	vehicle-body
cookware	artifact
cookware	device
cookware	phenomenon
cookware	universe
cookware	vehicle-body
cooler	artifact
cooler	carrying-case
cooler	device
cooler	electric-refrigerator
cooler	holder
cooler	phenomenon
cooler	universe
cooler	vehicle-body
cooperation	accomplishment
cooperation	act
cooperation	activity
cooperation	event
cooperation	phenomenon
cooperation	procedure
cooperation	volition
coordinate-origin	logical-relation
coordinate-origin	signified
copper	chemical-element
copper	material
copper	phenomenon
copper	substance
copper	universe
copy	artifact
copy	phenomenon
copy	universe
copy	vehicle-body
copyright	artifact
copyright	contract-condition
copyright	indication
copyright	information
copyright	line-of-text
copyright	phenomenon
copyright	physical-object
copyright	text
copyright	universe
copyright	vehicle-body
coral	agent
coral	animal
coral	body
coral	invertebrate
coral	organism
coral	phenomenon
coral	physical-object
coral	species
coral	universe
cord	artifact
cord	fabric
cord	phenomenon
cord	universe
cord	vehicle-body
cordial-reception	accomplishment
cordial-reception	act
cordial-reception	activity
cordial-reception	communication
cordial-reception	event
cordial-reception	information
cordial-reception	phenomenon
cordial-reception	procedure
cordial-reception	reaction.phenomenon
cordial-reception	universe
cordial-reception	volition
core	phenomenon
core	place
core	universe
corer	artifact
corer	cutter
corer	device
corer	phenomenon
corer	universe
corer	vehicle-body
corkscrew	artifact
corkscrew	device
corkscrew	phenomenon
corkscrew	universe
corkscrew	vehicle-body
corn-syrup	food
corn-syrup	material
corn-syrup	phenomenon
corn-syrup	substance
corn-syrup	universe
corner	phenomenon
corner	place
corner	universe
cornice	artifact
cornice	phenomenon
cornice	universe
cornice	vehicle-body
corollary	accomplishment
corollary	act
corollary	activity
corollary	event
corollary	information
corollary	phenomenon
corollary	procedure
corollary	thinking
corollary	universe
corollary	volition
correction	amateur
correction	ambiance
correction	attribute
correction	circumstance
correction	civilisation
correction	crowd
correction	custom
correction	danger
correction	expert
correction	freedom
correction	hero
correction	lap
correction	literary-works
correction	logical-relation
correction	normal
correction	point-of-view
correction	practice
correction	property
correction	society
correction	status
correction	tension
correction	way
correlation	logical-relation
correlation-coefficient	logical-relation
correlation-coefficient	number
correlation-coefficient	quantity
correlational-analysis	logical-relation
correlational-analysis	measure
correlational-analysis	routine
correlational-analysis	signified
correspondence	accomplishment
correspondence	act
correspondence	activity
correspondence	communication
correspondence	event
correspondence	information
correspondence	phenomenon
correspondence	procedure
correspondence	universe
correspondence	volition
corruption	event
corruption	phenomenon
corsage	artifact
corsage	fine-art
corsage	indication
corsage	information
corsage	phenomenon
corsage	physical-object
corsage	universe
corsage	vehicle-body
corset	artifact
corset	clothing
corset	fashion
corset	phenomenon
corset	universe
corset	vehicle-body
cosmetic	material
cosmetic	phenomenon
cosmetic	substance
cosmetic	universe
cost-estimate	accomplishment
cost-estimate	act
cost-estimate	activity
cost-estimate	affirmation
cost-estimate	communication
cost-estimate	event
cost-estimate	information
cost-estimate	phenomenon
cost-estimate	procedure
cost-estimate	universe
cost-estimate	volition
costume	artifact
costume	clothing
costume	fashion
costume	phenomenon
costume	universe
costume	vehicle-body
cot	artifact
cot	bed
cot	furniture
cot	phenomenon
cot	universe
cot	vehicle-body
cotton	artifact
cotton	fabric
cotton	phenomenon
cotton	universe
cotton	vehicle-body
cotton-fiber	phenomenon
cotton-fiber	physical-object
cotton-fiber	universe
cottonseed	body-part
cottonseed	phenomenon
cottonseed	physical-object
cottonseed	seed
cottonseed	universe
cough-drop	food
cough-drop	material
cough-drop	phenomenon
cough-drop	substance
cough-drop	universe
council	agent
council	association
council	board-of-directors
council	collection
council	group
council	organization
council	phenomenon
council	team
council	universe
counter	artifact
counter	furniture
counter	phenomenon
counter	table-furniture
counter	universe
counter	vehicle-body
counterspy	attribute
counterspy	logical-relation
counterspy	property
countertop	phenomenon
countertop	place
countertop	universe
country	agent
country	land
country	phenomenon
country	place
country	universe
country	yard
coup-d'etat	accomplishment
coup-d'etat	act
coup-d'etat	activity
coup-d'etat	event
coup-d'etat	phenomenon
coup-d'etat	procedure
coup-d'etat	volition
couple	agent
couple	collection
couple	group
couple	people
couple	phenomenon
couple	school-class
couple	universe
coupon	artifact
coupon	contract-condition
coupon	indication
coupon	information
coupon	line-of-text
coupon	phenomenon
coupon	physical-object
coupon	text
coupon	universe
coupon	vehicle-body
courage	attribute
courage	inclination
courage	logical-relation
courage	mentality
courage	property
courage	range-of-a-function
courage	trait
course	accomplishment
course	act
course	activity
course	event
course	phenomenon
course	procedure
course	volition
course-credit	attribute
course-credit	logical-relation
course-credit	normal
course-credit	property
course-drift	event
course-drift	phenomenon
course-of-instruction	accomplishment
course-of-instruction	acquired-knowledge
course-of-instruction	act
course-of-instruction	activity
course-of-instruction	education
course-of-instruction	event
course-of-instruction	leader
course-of-instruction	phenomenon
course-of-instruction	procedure
course-of-instruction	volition
course-of-study	attribute
course-of-study	logical-relation
course-of-study	normal
course-of-study	property
court	artifact
court	development
court	phenomenon
court	universe
court	vehicle-body
courtesy	amateur
courtesy	ambiance
courtesy	attribute
courtesy	circumstance
courtesy	civilisation
courtesy	crowd
courtesy	custom
courtesy	danger
courtesy	expert
courtesy	freedom
courtesy	hero
courtesy	lap
courtesy	literary-works
courtesy	logical-relation
courtesy	normal
courtesy	point-of-view
courtesy	practice
courtesy	property
courtesy	society
courtesy	status
courtesy	tension
courtesy	way
courtship	accomplishment
courtship	act
courtship	activity
courtship	event
courtship	phenomenon
courtship	procedure
courtship	volition
cousin	attribute
cousin	logical-relation
cousin	property
couturier	attribute
couturier	logical-relation
couturier	property
covariance	logical-relation
covariation	amateur
covariation	ambiance
covariation	attribute
covariation	circumstance
covariation	civilisation
covariation	crowd
covariation	custom
covariation	danger
covariation	expert
covariation	freedom
covariation	hero
covariation	lap
covariation	literary-works
covariation	logical-relation
covariation	normal
covariation	point-of-view
covariation	practice
covariation	property
covariation	society
covariation	status
covariation	tension
covariation	way
coverage	accomplishment
coverage	act
coverage	activity
coverage	communication
coverage	event
coverage	information
coverage	phenomenon
coverage	procedure
coverage	universe
coverage	volition
crack-up	attribute
crack-up	logical-relation
crack-up	property
crackpot	agent
crackpot	animal
crackpot	body
crackpot	human
crackpot	mammal
crackpot	organism
crackpot	person
crackpot	phenomenon
crackpot	physical-object
crackpot	populace
crackpot	self
crackpot	species
crackpot	universe
crackpot	vertebrate
cradle	artifact
cradle	phenomenon
cradle	universe
cradle	vehicle-body
craft	attribute
craft	logical-relation
craft	property
craft-vehicle	artifact
craft-vehicle	device
craft-vehicle	phenomenon
craft-vehicle	universe
craft-vehicle	vehicle
craft-vehicle	vehicle-body
craftsman	attribute
craftsman	logical-relation
craftsman	property
craftsman	trade
craftsmanship	logical-relation
craftsmanship	signified
crampon	artifact
crampon	device
crampon	phenomenon
crampon	universe
crampon	vehicle-body
crane	artifact
crane	device
crane	phenomenon
crane	universe
crane	vehicle-body
crash	blow
crash	event
crash	impact
crash	phenomenon
crash	visit
crate	artifact
crate	box
crate	carrying-case
crate	device
crate	holder
crate	phenomenon
crate	universe
crate	vehicle-body
cravat	artifact
cravat	clothing
cravat	fashion
cravat	phenomenon
cravat	universe
cravat	vehicle-body
crayon	artifact
crayon	device
crayon	phenomenon
crayon	universe
crayon	vehicle-body
cream-sauce	food
cream-sauce	material
cream-sauce	phenomenon
cream-sauce	substance
cream-sauce	universe
creamer	artifact
creamer	phenomenon
creamer	universe
creamer	vehicle-body
creation	accomplishment
creation	act
creation	activity
creation	event
creation	phenomenon
creation	procedure
creation	volition
credibility	logical-relation
credibility	probability
credit	logical-relation
credit	quantity
creed	logical-relation
creed	signified
cremation	event
cremation	flame
cremation	phenomenon
crevice	attribute
crevice	logical-relation
crevice	property
crevice	shape
crib	artifact
crib	bed
crib	furniture
crib	phenomenon
crib	universe
crib	vehicle-body
cricket	agent
cricket	animal
cricket	body
cricket	insect
cricket	invertebrate
cricket	organism
cricket	phenomenon
cricket	physical-object
cricket	species
cricket	universe
cricket-ball	artifact
cricket-ball	ball
cricket-ball	game-equipment
cricket-ball	phenomenon
cricket-ball	universe
cricket-ball	vehicle-body
cricket-bat	artifact
cricket-bat	phenomenon
cricket-bat	universe
cricket-bat	vehicle-body
crime	attribute
crime	logical-relation
crime	normal
crime	property
criminal-record	artifact
criminal-record	contract-condition
criminal-record	indication
criminal-record	information
criminal-record	line-of-text
criminal-record	phenomenon
criminal-record	physical-object
criminal-record	text
criminal-record	universe
criminal-record	vehicle-body
crisis	amateur
crisis	ambiance
crisis	attribute
crisis	circumstance
crisis	civilisation
crisis	crowd
crisis	custom
crisis	danger
crisis	expert
crisis	freedom
crisis	hero
crisis	lap
crisis	literary-works
crisis	logical-relation
crisis	normal
crisis	point-of-view
crisis	practice
crisis	property
crisis	society
crisis	status
crisis	tension
crisis	way
crisp	food
crisp	phenomenon
crisp	universe
criticism	accomplishment
criticism	act
criticism	activity
criticism	affirmation
criticism	communication
criticism	event
criticism	information
criticism	phenomenon
criticism	procedure
criticism	universe
criticism	volition
critique	artifact
critique	contract-condition
critique	indication
critique	information
critique	line-of-text
critique	phenomenon
critique	physical-object
critique	text
critique	universe
critique	vehicle-body
crochet-hook	artifact
crochet-hook	device
crochet-hook	phenomenon
crochet-hook	universe
crochet-hook	vehicle-body
crook	attribute
crook	logical-relation
crook	property
crook	shape
crop	body-part
crop	botanical-fruit
crop	phenomenon
crop	physical-object
crop	universe
cross	artifact
cross	phenomenon
cross	universe
cross	vehicle-body
cross-section	artifact
cross-section	contract-condition
cross-section	data-file
cross-section	indication
cross-section	information
cross-section	line-of-text
cross-section	news
cross-section	note
cross-section	phenomenon
cross-section	physical-object
cross-section	text
cross-section	universe
cross-section	vehicle-body
crossbow	artifact
crossbow	device
crossbow	phenomenon
crossbow	universe
crossbow	vehicle-body
crossbow	weapon
crossing	phenomenon
crossing	place
crossing	universe
crowd	attribute
crowd	logical-relation
crowd	normal
crowd	property
crown	artifact
crown	clothing
crown	fashion
crown	phenomenon
crown	universe
crown	vehicle-body
cruelty	attribute
cruelty	logical-relation
cruelty	property
cruise	event
cruise	phenomenon
cruise	transport
cruise	visit
crusher	artifact
crusher	device
crusher	phenomenon
crusher	universe
crusher	vehicle-body
crustacean	agent
crustacean	animal
crustacean	body
crustacean	invertebrate
crustacean	organism
crustacean	phenomenon
crustacean	physical-object
crustacean	species
crustacean	universe
crutch	artifact
crutch	device
crutch	phenomenon
crutch	universe
crutch	vehicle-body
cry	accomplishment
cry	act
cry	activity
cry	communication
cry	event
cry	information
cry	phenomenon
cry	procedure
cry	reaction.phenomenon
cry	universe
cry	volition
crystal	artifact
crystal	phenomenon
crystal	universe
crystal	vehicle-body
cube	attribute
cube	logical-relation
cube	property
cube	shape
cubicle	artifact
cubicle	development
cubicle	phenomenon
cubicle	room
cubicle	universe
cubicle	vehicle-body
cuff	artifact
cuff	phenomenon
cuff	universe
cuff	vehicle-body
cultivator	artifact
cultivator	device
cultivator	phenomenon
cultivator	universe
cultivator	vehicle-body
culture	logical-relation
cupboard	artifact
cupboard	development
cupboard	phenomenon
cupboard	room
cupboard	universe
cupboard	vehicle-body
cupcake	food
cupcake	material
cupcake	phenomenon
cupcake	substance
cupcake	universe
curl	hair
curl	phenomenon
curl	physical-object
curl	universe
curling-iron	artifact
curling-iron	device
curling-iron	phenomenon
curling-iron	universe
curling-iron	vehicle-body
currant	body-part
currant	botanical-fruit
currant	phenomenon
currant	physical-object
currant	universe
currency	artifact
currency	contract-condition
currency	indication
currency	information
currency	line-of-text
currency	phenomenon
currency	physical-object
currency	text
currency	universe
currency	vehicle-body
current	event
current	phenomenon
curry-sauce	food
curry-sauce	material
curry-sauce	phenomenon
curry-sauce	substance
curry-sauce	universe
curtain	artifact
curtain	fabric
curtain	phenomenon
curtain	universe
curtain	vehicle-body
curve	attribute
curve	logical-relation
curve	property
curve	shape
curve-osculation	combination
curve-osculation	event
curve-osculation	phenomenon
curved-shape	attribute
curved-shape	curve
curved-shape	logical-relation
curved-shape	property
curved-shape	shape
curvilinear-correlation	logical-relation
curvilinear-regression	logical-relation
curvilinear-regression	quantity
curvilinear-regression	vector
cushion	artifact
cushion	phenomenon
cushion	universe
cushion	vehicle-body
custody	accomplishment
custody	act
custody	activity
custody	event
custody	phenomenon
custody	procedure
custody	volition
custom	attribute
custom	logical-relation
custom	normal
custom	property
customer	agent
customer	animal
customer	body
customer	human
customer	mammal
customer	organism
customer	person
customer	phenomenon
customer	physical-object
customer	populace
customer	self
customer	species
customer	universe
customer	vertebrate
cut	event
cut	phenomenon
cut-of-meat	food
cut-of-meat	material
cut-of-meat	meat
cut-of-meat	phenomenon
cut-of-meat	substance
cut-of-meat	universe
cut-rate-sale	accomplishment
cut-rate-sale	act
cut-rate-sale	activity
cut-rate-sale	event
cut-rate-sale	exchange
cut-rate-sale	interaction
cut-rate-sale	phenomenon
cut-rate-sale	procedure
cut-rate-sale	selling
cut-rate-sale	transaction
cut-rate-sale	volition
cutter	artifact
cutter	device
cutter	phenomenon
cutter	universe
cutter	vehicle-body
cutting	body-part
cutting	phenomenon
cutting	physical-object
cutting	universe
cutting-board	artifact
cutting-board	device
cutting-board	phenomenon
cutting-board	universe
cutting-board	vehicle-body
cycle	event
cycle	phenomenon
dad	agent
dad	animal
dad	body
dad	human
dad	mammal
dad	man
dad	organism
dad	person
dad	phenomenon
dad	physical-object
dad	populace
dad	self
dad	species
dad	universe
dad	vertebrate
dairy	artifact
dairy	development
dairy	phenomenon
dairy	universe
dairy	vehicle-body
damage	amateur
damage	ambiance
damage	attribute
damage	circumstance
damage	civilisation
damage	crowd
damage	custom
damage	danger
damage	expert
damage	freedom
damage	hero
damage	lap
damage	literary-works
damage	logical-relation
damage	normal
damage	point-of-view
damage	practice
damage	property
damage	society
damage	status
damage	tension
damage	way
danger	attribute
danger	logical-relation
danger	normal
danger	property
dark-blue	attribute
dark-blue	logical-relation
dark-blue	property
darkroom	artifact
darkroom	development
darkroom	phenomenon
darkroom	room
darkroom	universe
darkroom	vehicle-body
dartboard	artifact
dartboard	phenomenon
dartboard	universe
dartboard	vehicle-body
dash	amateur
dash	ambiance
dash	attribute
dash	circumstance
dash	civilisation
dash	crowd
dash	custom
dash	danger
dash	expert
dash	freedom
dash	hero
dash	lap
dash	literary-works
dash	logical-relation
dash	normal
dash	point-of-view
dash	practice
dash	property
dash	society
dash	status
dash	tension
dash	way
data-file	artifact
data-file	contract-condition
data-file	indication
data-file	information
data-file	line-of-text
data-file	phenomenon
data-file	physical-object
data-file	text
data-file	universe
data-file	vehicle-body
daughter	attribute
daughter	logical-relation
daughter	property
dawn	logical-relation
dawn	quantity
day	logical-relation
day	quantity
day-of-the-month	day
day-of-the-month	logical-relation
day-of-the-month	quantity
daycare	accomplishment
daycare	act
daycare	activity
daycare	care
daycare	event
daycare	phenomenon
daycare	procedure
daycare	volition
daylight	event
daylight	luminosity
daylight	phenomenon
daze	attribute
daze	logical-relation
daze	property
dead-body	agent
dead-body	organism
dead-body	phenomenon
dead-body	physical-object
dead-body	species
dead-body	universe
deadline	logical-relation
deadline	quantity
deal	accomplishment
deal	act
deal	activity
deal	event
deal	phenomenon
deal	procedure
deal	volition
dearth	amateur
dearth	ambiance
dearth	attribute
dearth	circumstance
dearth	civilisation
dearth	crowd
dearth	custom
dearth	danger
dearth	expert
dearth	freedom
dearth	hero
dearth	lap
dearth	literary-works
dearth	logical-relation
dearth	normal
dearth	point-of-view
dearth	practice
dearth	property
dearth	society
dearth	status
dearth	tension
dearth	way
death	event
death	phenomenon
debate	accomplishment
debate	act
debate	activity
debate	affirmation
debate	communication
debate	event
debate	information
debate	phenomenon
debate	procedure
debate	universe
debate	volition
debt	logical-relation
debt	quantity
decade	logical-relation
decade	quantity
decagon	attribute
decagon	logical-relation
decagon	property
decagon	shape
decal	information
decal	phenomenon
decal	universe
decay	event
decay	phenomenon
decile	indication
decile	information
decile	phenomenon
decile	physical-object
decile	universe
deck	artifact
deck	phenomenon
deck	universe
deck	vehicle-body
declaration	accomplishment
declaration	act
declaration	activity
declaration	affirmation
declaration	communication
declaration	event
declaration	information
declaration	phenomenon
declaration	procedure
declaration	universe
declaration	volition
declivity	land
declivity	phenomenon
declivity	place
declivity	universe
declivity	yard
decor	artifact
decor	phenomenon
decor	universe
decor	vehicle-body
decoration	artifact
decoration	fine-art
decoration	indication
decoration	information
decoration	phenomenon
decoration	physical-object
decoration	universe
decoration	vehicle-body
decorative-design	artifact
decorative-design	fine-art
decorative-design	indication
decorative-design	information
decorative-design	phenomenon
decorative-design	physical-object
decorative-design	universe
decorative-design	vehicle-body
decoy	artifact
decoy	device
decoy	phenomenon
decoy	universe
decoy	vehicle-body
decrease	diminution
decrease	event
decrease	phenomenon
deer	agent
deer	animal
deer	body
deer	mammal
deer	organism
deer	phenomenon
deer	physical-object
deer	species
deer	universe
deer	vertebrate
default-option	accomplishment
default-option	act
default-option	activity
default-option	event
default-option	information
default-option	phenomenon
default-option	procedure
default-option	universe
default-option	volition
defendant	attribute
defendant	logical-relation
defendant	property
deficit	logical-relation
deficit	quantity
definition	logical-relation
definition	signified
defroster	artifact
defroster	device
defroster	phenomenon
defroster	universe
defroster	vehicle-body
degree	logical-relation
degree	quantity
degree-of-freedom	logical-relation
degree-of-freedom	quantity
delay	event
delay	phenomenon
delegate	attribute
delegate	logical-relation
delegate	property
deliberation	accomplishment
deliberation	act
deliberation	activity
deliberation	event
deliberation	information
deliberation	phenomenon
deliberation	procedure
deliberation	universe
deliberation	volition
delivery	event
delivery	locating
delivery	phenomenon
delivery	visit
demand	accomplishment
demand	act
demand	activity
demand	advice
demand	communication
demand	event
demand	information
demand	phenomenon
demand	procedure
demand	universe
demand	volition
demo	accomplishment
demo	act
demo	activity
demo	communication
demo	event
demo	information
demo	phenomenon
demo	procedure
demo	universe
demo	volition
demographic	logical-relation
demographic	quantity
demonstrator	agent
demonstrator	animal
demonstrator	body
demonstrator	human
demonstrator	mammal
demonstrator	organism
demonstrator	person
demonstrator	phenomenon
demonstrator	physical-object
demonstrator	populace
demonstrator	self
demonstrator	species
demonstrator	universe
demonstrator	vertebrate
denial	accomplishment
denial	act
denial	activity
denial	affirmation
denial	communication
denial	event
denial	information
denial	phenomenon
denial	procedure
denial	universe
denial	volition
dental-care	accomplishment
dental-care	act
dental-care	activity
dental-care	care
dental-care	event
dental-care	phenomenon
dental-care	procedure
dental-care	volition
dental-floss	artifact
dental-floss	device
dental-floss	phenomenon
dental-floss	universe
dental-floss	vehicle-body
denture	artifact
denture	device
denture	phenomenon
denture	universe
denture	vehicle-body
deodorant	material
deodorant	phenomenon
deodorant	substance
deodorant	universe
departure	event
departure	phenomenon
departure	visit
dependent-variable	logical-relation
dependent-variable	quantity
depilatory	material
depilatory	phenomenon
depilatory	substance
depilatory	universe
depression	amateur
depression	ambiance
depression	attribute
depression	circumstance
depression	civilisation
depression	crowd
depression	custom
depression	danger
depression	expert
depression	freedom
depression	hero
depression	lap
depression	literary-works
depression	logical-relation
depression	normal
depression	point-of-view
depression	practice
depression	property
depression	society
depression	status
depression	tension
depression	way
deputation	agent
deputation	association
deputation	collection
deputation	group
deputation	organization
deputation	people
deputation	phenomenon
deputation	school-class
deputation	team
deputation	universe
deputy	attribute
deputy	logical-relation
deputy	property
derrick	artifact
derrick	crane
derrick	device
derrick	phenomenon
derrick	universe
derrick	vehicle-body
descent	event
descent	phenomenon
deservingness	amateur
deservingness	ambiance
deservingness	attribute
deservingness	circumstance
deservingness	civilisation
deservingness	crowd
deservingness	custom
deservingness	danger
deservingness	expert
deservingness	freedom
deservingness	hero
deservingness	lap
deservingness	literary-works
deservingness	logical-relation
deservingness	normal
deservingness	point-of-view
deservingness	practice
deservingness	property
deservingness	society
deservingness	status
deservingness	tension
deservingness	way
design	information
design	phenomenon
design	universe
desk	artifact
desk	furniture
desk	phenomenon
desk	table-furniture
desk	universe
desk	vehicle-body
desktop-computer	artifact
desktop-computer	device
desktop-computer	machine
desktop-computer	machinery
desktop-computer	phenomenon
desktop-computer	universe
desktop-computer	vehicle-body
destiny	amateur
destiny	ambiance
destiny	attribute
destiny	circumstance
destiny	civilisation
destiny	crowd
destiny	custom
destiny	danger
destiny	expert
destiny	freedom
destiny	hero
destiny	lap
destiny	literary-works
destiny	logical-relation
destiny	normal
destiny	point-of-view
destiny	practice
destiny	property
destiny	society
destiny	status
destiny	tension
destiny	way
destruction	event
destruction	phenomenon
detachment	attribute
detachment	logical-relation
detachment	property
detail	amateur
detail	ambiance
detail	attribute
detail	circumstance
detail	civilisation
detail	crowd
detail	custom
detail	danger
detail	expert
detail	freedom
detail	hero
detail	lap
detail	literary-works
detail	logical-relation
detail	normal
detail	point-of-view
detail	practice
detail	property
detail	society
detail	status
detail	tension
detail	way
detector	artifact
detector	device
detector	phenomenon
detector	universe
detector	vehicle-body
detention	attribute
detention	logical-relation
detention	property
detergent	material
detergent	phenomenon
detergent	substance
detergent	universe
development	artifact
development	phenomenon
development	universe
development	vehicle-body
device	artifact
device	phenomenon
device	universe
device	vehicle-body
diagnosis	accomplishment
diagnosis	act
diagnosis	activity
diagnosis	event
diagnosis	information
diagnosis	phenomenon
diagnosis	procedure
diagnosis	universe
diagnosis	volition
diagonal-line	logical-relation
diagonal-line	signified
diagram	information
diagram	phenomenon
diagram	universe
dialect	information
dialect	language
dialect	line-of-text
dialect	phenomenon
dialect	universe
dialog	accomplishment
dialog	act
dialog	activity
dialog	communication
dialog	conversation
dialog	event
dialog	information
dialog	phenomenon
dialog	procedure
dialog	universe
dialog	volition
dialogue	artifact
dialogue	contract-condition
dialogue	indication
dialogue	information
dialogue	line-of-text
dialogue	phenomenon
dialogue	physical-object
dialogue	text
dialogue	universe
dialogue	vehicle-body
diameter	logical-relation
diameter	signified
diamond	carbon
diamond	chemical-element
diamond	material
diamond	mineral
diamond	phenomenon
diamond	substance
diamond	universe
diaper	artifact
diaper	clothing
diaper	fashion
diaper	phenomenon
diaper	universe
diaper	vehicle-body
diary	article
diary	artifact
diary	contract-condition
diary	data-file
diary	essay
diary	indication
diary	information
diary	line-of-text
diary	news
diary	note
diary	phenomenon
diary	physical-object
diary	text
diary	universe
diary	vehicle-body
dictionary	artifact
dictionary	book
dictionary	component
dictionary	contract-condition
dictionary	data-file
dictionary	device
dictionary	indication
dictionary	information
dictionary	line-of-text
dictionary	mechanism
dictionary	news
dictionary	note
dictionary	phenomenon
dictionary	physical-object
dictionary	text
dictionary	universe
dictionary	vehicle-body
die	artifact
die	device
die	phenomenon
die	universe
die	vehicle-body
differential-calculus	field-of-study
differential-calculus	logical-relation
differential-calculus	signified
differentiation	accomplishment
differentiation	act
differentiation	activity
differentiation	calculation
differentiation	event
differentiation	information
differentiation	phenomenon
differentiation	procedure
differentiation	universe
differentiation	volition
difficulty	amateur
difficulty	ambiance
difficulty	attribute
difficulty	circumstance
difficulty	civilisation
difficulty	crowd
difficulty	custom
difficulty	danger
difficulty	expert
difficulty	freedom
difficulty	hero
difficulty	lap
difficulty	literary-works
difficulty	logical-relation
difficulty	normal
difficulty	point-of-view
difficulty	practice
difficulty	property
difficulty	society
difficulty	status
difficulty	tension
difficulty	way
dig	land
dig	phenomenon
dig	place
dig	universe
dig	yard
digital-camera	artifact
digital-camera	camera
digital-camera	device
digital-camera	phenomenon
digital-camera	universe
digital-camera	vehicle-body
dignity	amateur
dignity	ambiance
dignity	attribute
dignity	circumstance
dignity	civilisation
dignity	crowd
dignity	custom
dignity	danger
dignity	expert
dignity	freedom
dignity	hero
dignity	lap
dignity	literary-works
dignity	logical-relation
dignity	normal
dignity	point-of-view
dignity	practice
dignity	property
dignity	society
dignity	status
dignity	tension
dignity	way
dilemma	amateur
dilemma	ambiance
dilemma	attribute
dilemma	circumstance
dilemma	civilisation
dilemma	crowd
dilemma	custom
dilemma	danger
dilemma	expert
dilemma	freedom
dilemma	hero
dilemma	lap
dilemma	literary-works
dilemma	logical-relation
dilemma	normal
dilemma	point-of-view
dilemma	practice
dilemma	property
dilemma	society
dilemma	status
dilemma	tension
dilemma	way
diligence	attribute
diligence	logical-relation
diligence	property
diminution	event
diminution	phenomenon
dining-table	artifact
dining-table	furniture
dining-table	phenomenon
dining-table	table-furniture
dining-table	universe
dining-table	vehicle-body
dinnerware	artifact
dinnerware	phenomenon
dinnerware	universe
dinnerware	vehicle-body
dip	food
dip	material
dip	phenomenon
dip	substance
dip	universe
direction	amateur
direction	ambiance
direction	attribute
direction	circumstance
direction	civilisation
direction	crowd
direction	custom
direction	danger
direction	expert
direction	freedom
direction	hero
direction	lap
direction	literary-works
direction	logical-relation
direction	normal
direction	point-of-view
direction	practice
direction	property
direction	society
direction	status
direction	tension
direction	way
director	attribute
director	logical-relation
director	property
directory	artifact
directory	book
directory	component
directory	contract-condition
directory	data-file
directory	device
directory	indication
directory	information
directory	line-of-text
directory	mechanism
directory	news
directory	note
directory	phenomenon
directory	physical-object
directory	text
directory	universe
directory	vehicle-body
dirndl	artifact
dirndl	clothing
dirndl	fashion
dirndl	phenomenon
dirndl	universe
dirndl	vehicle-body
disability	attribute
disability	logical-relation
disability	property
disadvantage	amateur
disadvantage	ambiance
disadvantage	attribute
disadvantage	circumstance
disadvantage	civilisation
disadvantage	crowd
disadvantage	custom
disadvantage	danger
disadvantage	expert
disadvantage	freedom
disadvantage	hero
disadvantage	lap
disadvantage	literary-works
disadvantage	logical-relation
disadvantage	normal
disadvantage	point-of-view
disadvantage	practice
disadvantage	property
disadvantage	society
disadvantage	status
disadvantage	tension
disadvantage	way
disagreement	amateur
disagreement	ambiance
disagreement	attribute
disagreement	circumstance
disagreement	civilisation
disagreement	crowd
disagreement	custom
disagreement	danger
disagreement	expert
disagreement	freedom
disagreement	hero
disagreement	lap
disagreement	literary-works
disagreement	logical-relation
disagreement	normal
disagreement	point-of-view
disagreement	practice
disagreement	property
disagreement	society
disagreement	status
disagreement	tension
disagreement	way
discharge-lamp	artifact
discharge-lamp	device
discharge-lamp	phenomenon
discharge-lamp	universe
discharge-lamp	vehicle-body
discipline	accomplishment
discipline	act
discipline	activity
discipline	event
discipline	leader
discipline	phenomenon
discipline	procedure
discipline	volition
disco	artifact
disco	development
disco	phenomenon
disco	universe
disco	vehicle-body
discount	diminution
discount	event
discount	phenomenon
discourtesy	amateur
discourtesy	ambiance
discourtesy	attribute
discourtesy	circumstance
discourtesy	civilisation
discourtesy	crowd
discourtesy	custom
discourtesy	danger
discourtesy	expert
discourtesy	freedom
discourtesy	hero
discourtesy	lap
discourtesy	literary-works
discourtesy	logical-relation
discourtesy	normal
discourtesy	point-of-view
discourtesy	practice
discourtesy	property
discourtesy	society
discourtesy	status
discourtesy	tension
discourtesy	way
discovery	amateur
discovery	ambiance
discovery	attribute
discovery	circumstance
discovery	civilisation
discovery	crowd
discovery	custom
discovery	danger
discovery	expert
discovery	freedom
discovery	hero
discovery	lap
discovery	literary-works
discovery	logical-relation
discovery	normal
discovery	point-of-view
discovery	practice
discovery	property
discovery	society
discovery	status
discovery	tension
discovery	way
discrimination	amateur
discrimination	ambiance
discrimination	attribute
discrimination	circumstance
discrimination	civilisation
discrimination	crowd
discrimination	custom
discrimination	danger
discrimination	expert
discrimination	freedom
discrimination	hero
discrimination	lap
discrimination	literary-works
discrimination	logical-relation
discrimination	normal
discrimination	point-of-view
discrimination	practice
discrimination	property
discrimination	society
discrimination	status
discrimination	tension
discrimination	way
discus	artifact
discus	phenomenon
discus	universe
discus	vehicle-body
discussion	artifact
discussion	contract-condition
discussion	indication
discussion	information
discussion	line-of-text
discussion	phenomenon
discussion	physical-object
discussion	text
discussion	universe
discussion	vehicle-body
disease	attribute
disease	logical-relation
disease	property
disembodied-spirit	agent
disembodied-spirit	phenomenon
disembodied-spirit	self
disembodied-spirit	universe
disgrace	amateur
disgrace	ambiance
disgrace	attribute
disgrace	circumstance
disgrace	civilisation
disgrace	crowd
disgrace	custom
disgrace	danger
disgrace	expert
disgrace	freedom
disgrace	hero
disgrace	lap
disgrace	literary-works
disgrace	logical-relation
disgrace	normal
disgrace	point-of-view
disgrace	practice
disgrace	property
disgrace	society
disgrace	status
disgrace	tension
disgrace	way
dish	artifact
dish	device
dish	holder
dish	phenomenon
dish	universe
dish	vehicle-body
dish-aerial	artifact
dish-aerial	device
dish-aerial	phenomenon
dish-aerial	universe
dish-aerial	vehicle-body
dish-rack	artifact
dish-rack	device
dish-rack	phenomenon
dish-rack	universe
dish-rack	vehicle-body
dishwasher	artifact
dishwasher	device
dishwasher	phenomenon
dishwasher	universe
dishwasher	vehicle-body
disinfectant	material
disinfectant	phenomenon
disinfectant	substance
disinfectant	universe
disk	artifact
disk	phenomenon
disk	universe
disk	vehicle-body
dismissal	artifact
dismissal	contract-condition
dismissal	indication
dismissal	information
dismissal	line-of-text
dismissal	phenomenon
dismissal	physical-object
dismissal	text
dismissal	universe
dismissal	vehicle-body
disorderliness	amateur
disorderliness	ambiance
disorderliness	attribute
disorderliness	circumstance
disorderliness	civilisation
disorderliness	crowd
disorderliness	custom
disorderliness	danger
disorderliness	expert
disorderliness	freedom
disorderliness	hero
disorderliness	lap
disorderliness	literary-works
disorderliness	logical-relation
disorderliness	normal
disorderliness	point-of-view
disorderliness	practice
disorderliness	property
disorderliness	society
disorderliness	status
disorderliness	tension
disorderliness	way
dispenser	artifact
dispenser	carrying-case
dispenser	device
dispenser	holder
dispenser	phenomenon
dispenser	universe
dispenser	vehicle-body
display	accomplishment
display	act
display	activity
display	communication
display	event
display	information
display	phenomenon
display	procedure
display	stage-production
display	universe
display	volition
display-board	artifact
display-board	component
display-board	device
display-board	indication
display-board	information
display-board	mechanism
display-board	phenomenon
display-board	physical-object
display-board	signboard
display-board	universe
display-board	vehicle-body
disposition	attribute
disposition	inclination
disposition	logical-relation
disposition	mentality
disposition	property
disposition	range-of-a-function
disposition	trait
dispute	accomplishment
dispute	act
dispute	activity
dispute	argument
dispute	communication
dispute	contest
dispute	event
dispute	information
dispute	phenomenon
dispute	procedure
dispute	universe
dispute	volition
dispute	war
disregard	amateur
disregard	ambiance
disregard	attribute
disregard	circumstance
disregard	civilisation
disregard	crowd
disregard	custom
disregard	danger
disregard	expert
disregard	freedom
disregard	hero
disregard	lap
disregard	literary-works
disregard	logical-relation
disregard	normal
disregard	point-of-view
disregard	practice
disregard	property
disregard	society
disregard	status
disregard	tension
disregard	way
dissertation	artifact
dissertation	contract-condition
dissertation	indication
dissertation	information
dissertation	line-of-text
dissertation	phenomenon
dissertation	physical-object
dissertation	text
dissertation	universe
dissertation	vehicle-body
distance	logical-relation
distance	quantity
distilled-water	compound
distilled-water	material
distilled-water	phenomenon
distilled-water	substance
distilled-water	universe
distilled-water	water
distortion	amateur
distortion	ambiance
distortion	attribute
distortion	circumstance
distortion	civilisation
distortion	crowd
distortion	custom
distortion	danger
distortion	expert
distortion	freedom
distortion	hero
distortion	lap
distortion	literary-works
distortion	logical-relation
distortion	normal
distortion	point-of-view
distortion	practice
distortion	property
distortion	society
distortion	status
distortion	tension
distortion	way
distributor	agent
distributor	association
distributor	collection
distributor	company
distributor	firm
distributor	group
distributor	organization
distributor	phenomenon
distributor	team
distributor	universe
district	land
district	phenomenon
district	place
district	universe
district	yard
disturbance	amateur
disturbance	ambiance
disturbance	attribute
disturbance	circumstance
disturbance	civilisation
disturbance	crowd
disturbance	custom
disturbance	danger
disturbance	expert
disturbance	freedom
disturbance	hero
disturbance	lap
disturbance	literary-works
disturbance	logical-relation
disturbance	normal
disturbance	point-of-view
disturbance	practice
disturbance	property
disturbance	society
disturbance	status
disturbance	tension
disturbance	way
diverseness	amateur
diverseness	ambiance
diverseness	attribute
diverseness	circumstance
diverseness	civilisation
diverseness	crowd
diverseness	custom
diverseness	danger
diverseness	expert
diverseness	freedom
diverseness	hero
diverseness	lap
diverseness	literary-works
diverseness	logical-relation
diverseness	normal
diverseness	point-of-view
diverseness	practice
diverseness	property
diverseness	society
diverseness	status
diverseness	tension
diverseness	way
diversion	event
diversion	phenomenon
divider	artifact
divider	phenomenon
divider	universe
divider	vehicle-body
diving-board	artifact
diving-board	phenomenon
diving-board	universe
diving-board	vehicle-body
divorce	accomplishment
divorce	act
divorce	activity
divorce	communication
divorce	event
divorce	information
divorce	phenomenon
divorce	procedure
divorce	universe
divorce	volition
doctrine	logical-relation
doctrine	signified
document	artifact
document	contract-condition
document	data-file
document	indication
document	information
document	line-of-text
document	news
document	note
document	phenomenon
document	physical-object
document	text
document	universe
document	vehicle-body
documentation	accomplishment
documentation	act
documentation	activity
documentation	event
documentation	information
documentation	phenomenon
documentation	procedure
documentation	search
documentation	universe
documentation	volition
dodecagon	attribute
dodecagon	logical-relation
dodecagon	property
dodecagon	shape
dog	agent
dog	animal
dog	body
dog	livestock
dog	mammal
dog	organism
dog	phenomenon
dog	physical-object
dog	species
dog	universe
dog	vertebrate
dog-food	food
dog-food	phenomenon
dog-food	universe
dog-house	artifact
dog-house	device
dog-house	holder
dog-house	phenomenon
dog-house	universe
dog-house	vehicle-body
doily	artifact
doily	fabric
doily	phenomenon
doily	universe
doily	vehicle-body
doll	artifact
doll	device
doll	phenomenon
doll	plaything
doll	universe
doll	vehicle-body
dollhouse	artifact
dollhouse	device
dollhouse	phenomenon
dollhouse	plaything
dollhouse	universe
dollhouse	vehicle-body
dolly	artifact
dolly	device
dolly	phenomenon
dolly	universe
dolly	vehicle-body
dolomite	material
dolomite	mineral
dolomite	phenomenon
dolomite	substance
dolomite	universe
dolphin	agent
dolphin	animal
dolphin	body
dolphin	mammal
dolphin	organism
dolphin	phenomenon
dolphin	physical-object
dolphin	species
dolphin	universe
dolphin	vertebrate
dome	artifact
dome	ceiling
dome	development
dome	phenomenon
dome	universe
dome	vehicle-body
dominance	amateur
dominance	ambiance
dominance	attribute
dominance	circumstance
dominance	civilisation
dominance	crowd
dominance	custom
dominance	danger
dominance	expert
dominance	freedom
dominance	hero
dominance	lap
dominance	literary-works
dominance	logical-relation
dominance	normal
dominance	point-of-view
dominance	practice
dominance	property
dominance	society
dominance	status
dominance	tension
dominance	way
domination	amateur
domination	ambiance
domination	attribute
domination	circumstance
domination	civilisation
domination	crowd
domination	custom
domination	danger
domination	expert
domination	freedom
domination	hero
domination	lap
domination	literary-works
domination	logical-relation
domination	normal
domination	point-of-view
domination	practice
domination	property
domination	society
domination	status
domination	tension
domination	way
dominion	attribute
dominion	logical-relation
dominion	normal
dominion	property
donor	attribute
donor	logical-relation
donor	property
donut	food
donut	material
donut	phenomenon
donut	substance
donut	universe
door	artifact
door	device
door	gate
door	phenomenon
door	universe
door	vehicle-body
doorbell	artifact
doorbell	component
doorbell	device
doorbell	electric-switch
doorbell	mechanism
doorbell	phenomenon
doorbell	universe
doorbell	vehicle-body
doorsill	artifact
doorsill	phenomenon
doorsill	universe
doorsill	vehicle-body
dormitory	address
dormitory	artifact
dormitory	building
dormitory	development
dormitory	phenomenon
dormitory	place
dormitory	universe
dormitory	vehicle-body
dose	material
dose	phenomenon
dose	substance
dose	universe
dot	attribute
dot	logical-relation
dot	property
dot	shape
double	logical-relation
double	quantity
double-boiler	artifact
double-boiler	phenomenon
double-boiler	universe
double-boiler	vehicle-body
doubt	logical-relation
doubt	probability
dowel-pin	artifact
dowel-pin	component
dowel-pin	device
dowel-pin	mechanism
dowel-pin	phenomenon
dowel-pin	universe
dowel-pin	vehicle-body
down-payment	logical-relation
down-payment	quantity
downfall	attribute
downfall	logical-relation
downfall	normal
downfall	property
draft	artifact
draft	contract-condition
draft	indication
draft	information
draft	line-of-text
draft	phenomenon
draft	physical-object
draft	text
draft	universe
draft	vehicle-body
drafting-table	artifact
drafting-table	device
drafting-table	phenomenon
drafting-table	universe
drafting-table	vehicle-body
dragon	agent
dragon	phenomenon
dragon	universe
drain	artifact
drain	device
drain	phenomenon
drain	universe
drain	vehicle-body
drama	amateur
drama	ambiance
drama	attribute
drama	circumstance
drama	civilisation
drama	crowd
drama	custom
drama	danger
drama	expert
drama	freedom
drama	hero
drama	lap
drama	literary-works
drama	logical-relation
drama	normal
drama	point-of-view
drama	practice
drama	property
drama	society
drama	status
drama	tension
drama	way
dramatic-play	artifact
dramatic-play	contract-condition
dramatic-play	fiction
dramatic-play	folklore
dramatic-play	indication
dramatic-play	information
dramatic-play	legend
dramatic-play	line-of-text
dramatic-play	myth
dramatic-play	phenomenon
dramatic-play	physical-object
dramatic-play	text
dramatic-play	universe
dramatic-play	vehicle-body
dramaturgy	field-of-study
dramaturgy	logical-relation
dramaturgy	signified
draught	event
draught	phenomenon
drawer	artifact
drawer	carrying-case
drawer	device
drawer	holder
drawer	phenomenon
drawer	universe
drawer	vehicle-body
drawing	information
drawing	phenomenon
drawing	universe
dress	artifact
dress	clothing
dress	fashion
dress	phenomenon
dress	universe
dress	vehicle-body
dressing	artifact
dressing	device
dressing	phenomenon
dressing	universe
dressing	vehicle-body
dressing-gown	artifact
dressing-gown	clothing
dressing-gown	fashion
dressing-gown	phenomenon
dressing-gown	universe
dressing-gown	vehicle-body
dressmaking	attribute
dressmaking	logical-relation
dressmaking	property
dried-fruit	body-part
dried-fruit	botanical-fruit
dried-fruit	phenomenon
dried-fruit	physical-object
dried-fruit	universe
drift	phenomenon
drift	universe
drill	accomplishment
drill	acquired-knowledge
drill	act
drill	activity
drill	education
drill	event
drill	leader
drill	phenomenon
drill	procedure
drill	volition
drill-press	artifact
drill-press	cutter
drill-press	device
drill-press	phenomenon
drill-press	universe
drill-press	vehicle-body
drill-tool	artifact
drill-tool	device
drill-tool	phenomenon
drill-tool	universe
drill-tool	vehicle-body
drink	food
drink	material
drink	phenomenon
drink	substance
drink	universe
drinking	consumption
drinking	diminution
drinking	event
drinking	phenomenon
drinking	visit
drinking-fountain	artifact
drinking-fountain	device
drinking-fountain	phenomenon
drinking-fountain	universe
drinking-fountain	vehicle-body
drive	event
drive	phenomenon
drive	transport
drive	visit
driver	attribute
driver	logical-relation
driver	property
driveway	land
driveway	phenomenon
driveway	place
driveway	street
driveway	universe
driveway	yard
drone-aircraft	artifact
drone-aircraft	device
drone-aircraft	phenomenon
drone-aircraft	universe
drone-aircraft	vehicle-body
drop	attribute
drop	logical-relation
drop	property
drop	shape
drop-cloth	artifact
drop-cloth	device
drop-cloth	phenomenon
drop-cloth	universe
drop-cloth	vehicle-body
drug	material
drug	phenomenon
drug	substance
drug	universe
drug-user	attribute
drug-user	logical-relation
drug-user	property
dry-cleaning	event
dry-cleaning	phenomenon
dry-cleaning	visit
dryer	artifact
dryer	device
dryer	phenomenon
dryer	universe
dryer	vehicle-body
drywall	artifact
drywall	phenomenon
drywall	universe
drywall	vehicle-body
duck	agent
duck	animal
duck	bird
duck	body
duck	organism
duck	phenomenon
duck	physical-object
duck	species
duck	universe
duck	vertebrate
duffel-bag	artifact
duffel-bag	carrying-case
duffel-bag	device
duffel-bag	holder
duffel-bag	phenomenon
duffel-bag	universe
duffel-bag	vehicle-body
duke	attribute
duke	logical-relation
duke	property
dumbbell	artifact
dumbbell	device
dumbbell	phenomenon
dumbbell	universe
dumbbell	vehicle-body
dumpster	artifact
dumpster	carrying-case
dumpster	device
dumpster	holder
dumpster	phenomenon
dumpster	universe
dumpster	vehicle-body
dune-buggy	artifact
dune-buggy	device
dune-buggy	phenomenon
dune-buggy	universe
dune-buggy	vehicle
dune-buggy	vehicle-body
duster	artifact
duster	fabric
duster	phenomenon
duster	universe
duster	vehicle-body
dustpan	artifact
dustpan	device
dustpan	phenomenon
dustpan	universe
dustpan	vehicle-body
dutch-oven	artifact
dutch-oven	carrying-case
dutch-oven	device
dutch-oven	holder
dutch-oven	pan
dutch-oven	phenomenon
dutch-oven	universe
dutch-oven	vehicle-body
duvet	artifact
duvet	fabric
duvet	phenomenon
duvet	universe
duvet	vehicle-body
dwelling	address
dwelling	artifact
dwelling	development
dwelling	phenomenon
dwelling	place
dwelling	universe
dwelling	vehicle-body
dye	material
dye	phenomenon
dye	substance
dye	universe
eagle	agent
eagle	animal
eagle	bird
eagle	body
eagle	organism
eagle	phenomenon
eagle	physical-object
eagle	species
eagle	universe
eagle	vertebrate
eagle.communication	information
eagle.communication	phenomenon
eagle.communication	universe
ear	body-part
ear	organ
ear	phenomenon
ear	physical-object
ear	universe
earth-science	field-of-study
earth-science	logical-relation
earth-science	signified
ease	amateur
ease	ambiance
ease	attribute
ease	circumstance
ease	civilisation
ease	crowd
ease	custom
ease	danger
ease	expert
ease	freedom
ease	hero
ease	lap
ease	literary-works
ease	logical-relation
ease	normal
ease	point-of-view
ease	practice
ease	property
ease	society
ease	status
ease	tension
ease	way
easel	artifact
easel	device
easel	phenomenon
easel	tripod
easel	universe
easel	vehicle-body
easiness	attribute
easiness	logical-relation
easiness	property
east	phenomenon
east	place
east	universe
eccentricity	logical-relation
eccentricity	number
eccentricity	quantity
echo	event
echo	phenomenon
economic-consumption	event
economic-consumption	phenomenon
economic-system	attribute
economic-system	logical-relation
economic-system	property
economic-value	logical-relation
economic-value	quantity
economics	field-of-study
economics	logical-relation
economics	signified
economics	social-science
economy	attribute
economy	inclination
economy	logical-relation
economy	mentality
economy	property
economy	range-of-a-function
economy	trait
edge	phenomenon
edge	universe
education	accomplishment
education	act
education	activity
education	event
education	leader
education	phenomenon
education	procedure
education	volition
egg	body-part
egg	food
egg	material
egg	meat
egg	phenomenon
egg	physical-object
egg	substance
egg	universe
egg-cup	artifact
egg-cup	device
egg-cup	phenomenon
egg-cup	universe
egg-cup	vehicle-body
egg-white	body-part
egg-white	egg
egg-white	food
egg-white	material
egg-white	meat
egg-white	phenomenon
egg-white	physical-object
egg-white	substance
egg-white	universe
eggnog	drink
eggnog	food
eggnog	material
eggnog	phenomenon
eggnog	substance
eggnog	universe
eggshell	body-part
eggshell	phenomenon
eggshell	physical-object
eggshell	universe
elastic	artifact
elastic	device
elastic	phenomenon
elastic	universe
elastic	vehicle-body
elbow	body-part
elbow	phenomenon
elbow	physical-object
elbow	universe
election	accomplishment
election	act
election	activity
election	event
election	phenomenon
election	procedure
election	volition
electorate	attribute
electorate	logical-relation
electorate	property
electric-battery	artifact
electric-battery	device
electric-battery	phenomenon
electric-battery	universe
electric-battery	vehicle-body
electric-blanket	artifact
electric-blanket	device
electric-blanket	phenomenon
electric-blanket	universe
electric-blanket	vehicle-body
electric-charge	logical-relation
electric-charge	quantity
electric-charge	vector
electric-motor	artifact
electric-motor	device
electric-motor	phenomenon
electric-motor	transducer
electric-motor	universe
electric-motor	vehicle-body
electric-razor	artifact
electric-razor	device
electric-razor	phenomenon
electric-razor	universe
electric-razor	vehicle-body
electric-refrigerator	artifact
electric-refrigerator	carrying-case
electric-refrigerator	device
electric-refrigerator	holder
electric-refrigerator	phenomenon
electric-refrigerator	universe
electric-refrigerator	vehicle-body
electric-shock	event
electric-shock	phenomenon
electric-switch	artifact
electric-switch	component
electric-switch	device
electric-switch	mechanism
electric-switch	phenomenon
electric-switch	universe
electric-switch	vehicle-body
electrical-work	attribute
electrical-work	logical-relation
electrical-work	property
electrical-work	trade
electricity	event
electricity	phenomenon
electron	chemical-element
electron	material
electron	phenomenon
electron	substance
electron	universe
electronic-musical-instrument	artifact
electronic-musical-instrument	device
electronic-musical-instrument	musical-instrument
electronic-musical-instrument	phenomenon
electronic-musical-instrument	universe
electronic-musical-instrument	vehicle-body
electronics	field-of-study
electronics	logical-relation
electronics	signified
elementary-geometry	field-of-study
elementary-geometry	logical-relation
elementary-geometry	signified
elephant	agent
elephant	animal
elephant	body
elephant	mammal
elephant	organism
elephant	phenomenon
elephant	physical-object
elephant	species
elephant	universe
elephant	vertebrate
elevator	artifact
elevator	device
elevator	phenomenon
elevator	universe
elevator	vehicle-body
elite	agent
elite	collection
elite	group
elite	phenomenon
elite	universe
elliptic-geometry	field-of-study
elliptic-geometry	logical-relation
elliptic-geometry	signified
email	artifact
email	device
email	phenomenon
email	universe
email	vehicle-body
embassy	artifact
embassy	building
embassy	development
embassy	phenomenon
embassy	universe
embassy	vehicle-body
embellishment	artifact
embellishment	fine-art
embellishment	indication
embellishment	information
embellishment	phenomenon
embellishment	physical-object
embellishment	universe
embellishment	vehicle-body
embroidery	artifact
embroidery	fine-art
embroidery	indication
embroidery	information
embroidery	phenomenon
embroidery	physical-object
embroidery	universe
embroidery	vehicle-body
emergency	amateur
emergency	ambiance
emergency	attribute
emergency	circumstance
emergency	civilisation
emergency	crowd
emergency	custom
emergency	danger
emergency	expert
emergency	freedom
emergency	hero
emergency	lap
emergency	literary-works
emergency	logical-relation
emergency	normal
emergency	point-of-view
emergency	practice
emergency	property
emergency	society
emergency	status
emergency	tension
emergency	way
emotion	attribute
emotion	logical-relation
emotion	property
emphasis	amateur
emphasis	ambiance
emphasis	attribute
emphasis	circumstance
emphasis	civilisation
emphasis	crowd
emphasis	custom
emphasis	danger
emphasis	expert
emphasis	freedom
emphasis	hero
emphasis	lap
emphasis	literary-works
emphasis	logical-relation
emphasis	normal
emphasis	point-of-view
emphasis	practice
emphasis	property
emphasis	society
emphasis	status
emphasis	tension
emphasis	way
empire	agent
empire	association
empire	collection
empire	government
empire	group
empire	organization
empire	phenomenon
empire	team
empire	universe
employment	attribute
employment	logical-relation
employment	property
empty-space	phenomenon
empty-space	place
empty-space	universe
emu	agent
emu	animal
emu	bird
emu	body
emu	organism
emu	phenomenon
emu	physical-object
emu	species
emu	universe
emu	vertebrate
enchantress	agent
enchantress	animal
enchantress	body
enchantress	human
enchantress	lady
enchantress	mammal
enchantress	organism
enchantress	person
enchantress	phenomenon
enchantress	physical-object
enchantress	populace
enchantress	self
enchantress	species
enchantress	universe
enchantress	vertebrate
enchantress	woman
enclosure	phenomenon
enclosure	place
enclosure	universe
encounter	accomplishment
encounter	act
encounter	activity
encounter	coming-together
encounter	event
encounter	phenomenon
encounter	procedure
encounter	volition
end	phenomenon
end	place
end	universe
end-product	artifact
end-product	commodity
end-product	phenomenon
end-product	universe
end-product	vehicle-body
enemy	agent
enemy	collection
enemy	group
enemy	people
enemy	phenomenon
enemy	school-class
enemy	universe
engagement	accomplishment
engagement	act
engagement	activity
engagement	coming-together
engagement	event
engagement	phenomenon
engagement	procedure
engagement	volition
engine	artifact
engine	device
engine	machine
engine	machinery
engine	phenomenon
engine	universe
engine	vehicle-body
engineering	field-of-study
engineering	logical-relation
engineering	signified
engrossment	event
engrossment	perception
engrossment	phenomenon
entertainment	accomplishment
entertainment	act
entertainment	activity
entertainment	event
entertainment	phenomenon
entertainment	procedure
entertainment	volition
entertainment-center	artifact
entertainment-center	phenomenon
entertainment-center	universe
entertainment-center	vehicle-body
enthusiasm	attribute
enthusiasm	logical-relation
enthusiasm	property
enticement	accomplishment
enticement	act
enticement	activity
enticement	event
enticement	phenomenon
enticement	procedure
enticement	volition
entitlement	attribute
entitlement	logical-relation
entitlement	normal
entitlement	property
entrance	artifact
entrance	development
entrance	phenomenon
entrance	universe
entrance	vehicle-body
entrance-fee	logical-relation
entrance-fee	quantity
entree	attribute
entree	logical-relation
entree	normal
entree	property
envelope	artifact
envelope	carrying-case
envelope	device
envelope	holder
envelope	phenomenon
envelope	universe
envelope	vehicle-body
environment	phenomenon
environment	place
environment	universe
equalizer	artifact
equalizer	device
equalizer	phenomenon
equalizer	universe
equalizer	vehicle-body
equation-root	logical-relation
equation-root	mathematical-set
equation-root	subset
equidistribution	logical-relation
equidistribution	measure
equidistribution	routine
equidistribution	signified
equilibrium	amateur
equilibrium	ambiance
equilibrium	attribute
equilibrium	circumstance
equilibrium	civilisation
equilibrium	crowd
equilibrium	custom
equilibrium	danger
equilibrium	expert
equilibrium	freedom
equilibrium	hero
equilibrium	lap
equilibrium	literary-works
equilibrium	logical-relation
equilibrium	normal
equilibrium	point-of-view
equilibrium	practice
equilibrium	property
equilibrium	society
equilibrium	status
equilibrium	tension
equilibrium	way
equipment	artifact
equipment	device
equipment	phenomenon
equipment	universe
equipment	vehicle-body
era	logical-relation
era	quantity
eraser	artifact
eraser	device
eraser	phenomenon
eraser	universe
eraser	vehicle-body
erosion	event
erosion	phenomenon
erosion	visit
escalator	artifact
escalator	device
escalator	phenomenon
escalator	universe
escalator	vehicle-body
escape	event
escape	phenomenon
escape	visit
escort	attribute
escort	logical-relation
escort	property
espresso-maker	artifact
espresso-maker	device
espresso-maker	phenomenon
espresso-maker	universe
espresso-maker	vehicle-body
esprit-de-corps	attribute
esprit-de-corps	inclination
esprit-de-corps	logical-relation
esprit-de-corps	mentality
esprit-de-corps	property
esprit-de-corps	range-of-a-function
esprit-de-corps	trait
essay	artifact
essay	contract-condition
essay	indication
essay	information
essay	line-of-text
essay	phenomenon
essay	physical-object
essay	text
essay	universe
essay	vehicle-body
essential-oil	material
essential-oil	phenomenon
essential-oil	substance
essential-oil	universe
estimate	accomplishment
estimate	act
estimate	activity
estimate	calculation
estimate	event
estimate	information
estimate	phenomenon
estimate	procedure
estimate	universe
estimate	volition
estimation	logical-relation
ethics	field-of-study
ethics	logical-relation
ethics	signified
euclid's-axiom	logical-relation
euclid's-axiom	signified
euclidean-space	logical-relation
euclidean-space	mathematical-set
euclidean-space	subset
evaporative-cooler	artifact
evaporative-cooler	device
evaporative-cooler	phenomenon
evaporative-cooler	universe
evaporative-cooler	vehicle-body
evening	logical-relation
evening	quantity
evenness	amateur
evenness	ambiance
evenness	attribute
evenness	circumstance
evenness	civilisation
evenness	crowd
evenness	custom
evenness	danger
evenness	expert
evenness	freedom
evenness	hero
evenness	lap
evenness	literary-works
evenness	logical-relation
evenness	normal
evenness	point-of-view
evenness	practice
evenness	property
evenness	society
evenness	status
evenness	tension
evenness	way
event	phenomenon
evidence	accomplishment
evidence	act
evidence	activity
evidence	event
evidence	information
evidence	phenomenon
evidence	procedure
evidence	thinking
evidence	universe
evidence	volition
evolution	event
evolution	phenomenon
exam	artifact
exam	contract-condition
exam	device
exam	indication
exam	information
exam	line-of-text
exam	phenomenon
exam	physical-object
exam	text
exam	universe
exam	vehicle-body
examination	accomplishment
examination	act
examination	activity
examination	calculation
examination	event
examination	information
examination	phenomenon
examination	procedure
examination	universe
examination	volition
examiner	agent
examiner	animal
examiner	body
examiner	human
examiner	mammal
examiner	organism
examiner	person
examiner	phenomenon
examiner	physical-object
examiner	populace
examiner	self
examiner	species
examiner	universe
examiner	vertebrate
excerpt	artifact
excerpt	contract-condition
excerpt	indication
excerpt	information
excerpt	line-of-text
excerpt	phenomenon
excerpt	physical-object
excerpt	text
excerpt	universe
excerpt	vehicle-body
excess	amateur
excess	ambiance
excess	attribute
excess	circumstance
excess	civilisation
excess	crowd
excess	custom
excess	danger
excess	expert
excess	freedom
excess	hero
excess	lap
excess	literary-works
excess	logical-relation
excess	normal
excess	point-of-view
excess	practice
excess	property
excess	society
excess	status
excess	tension
excess	way
exchange	accomplishment
exchange	act
exchange	activity
exchange	event
exchange	phenomenon
exchange	procedure
exchange	volition
excitement	attribute
excitement	logical-relation
excitement	property
excuse	accomplishment
excuse	act
excuse	activity
excuse	affirmation
excuse	communication
excuse	event
excuse	information
excuse	phenomenon
excuse	procedure
excuse	universe
excuse	volition
execution	destruction
execution	event
execution	phenomenon
executive	agent
executive	association
executive	collection
executive	government
executive	group
executive	organization
executive	phenomenon
executive	team
executive	universe
exemplar	amateur
exemplar	ambiance
exemplar	attribute
exemplar	circumstance
exemplar	civilisation
exemplar	crowd
exemplar	custom
exemplar	danger
exemplar	expert
exemplar	freedom
exemplar	hero
exemplar	lap
exemplar	literary-works
exemplar	logical-relation
exemplar	normal
exemplar	point-of-view
exemplar	practice
exemplar	property
exemplar	society
exemplar	status
exemplar	tension
exemplar	way
exemption	attribute
exemption	logical-relation
exemption	normal
exemption	property
exercise-bike	artifact
exercise-bike	device
exercise-bike	phenomenon
exercise-bike	universe
exercise-bike	vehicle-body
exhibition	collection
exhibition	phenomenon
exile	event
exile	phenomenon
exile	visit
expansion	event
expansion	extension.time
expansion	increase
expansion	phenomenon
expectation	logical-relation
expectation	signified
expedition	agent
expedition	collection
expedition	group
expedition	phenomenon
expedition	universe
experience	accomplishment
experience	act
experience	activity
experience	event
experience	information
experience	phenomenon
experience	procedure
experience	universe
experience	volition
experiment	accomplishment
experiment	act
experiment	activity
experiment	event
experiment	information
experiment	phenomenon
experiment	procedure
experiment	search
experiment	universe
experiment	volition
expert	attribute
expert	logical-relation
expert	normal
expert	property
expertness	logical-relation
expertness	signified
explaining	accomplishment
explaining	act
explaining	activity
explaining	communication
explaining	event
explaining	information
explaining	phenomenon
explaining	procedure
explaining	universe
explaining	volition
explanation	logical-relation
explanation	signified
exploration	accomplishment
exploration	act
exploration	activity
exploration	event
exploration	information
exploration	phenomenon
exploration	procedure
exploration	universe
exploration	volition
explosion	event
explosion	phenomenon
explosive	artifact
explosive	device
explosive	phenomenon
explosive	universe
explosive	vehicle-body
exponential-equation	logical-relation
exponential-equation	signified
exponential-expression	logical-relation
exponential-expression	signified
exponential-series	logical-relation
exposure	attribute
exposure	logical-relation
exposure	property
expressway	artifact
expressway	development
expressway	phenomenon
expressway	universe
expressway	vehicle-body
extension	artifact
extension	component
extension	device
extension	mechanism
extension	phenomenon
extension	phone
extension	universe
extension	vehicle-body
extension-cord	artifact
extension-cord	device
extension-cord	phenomenon
extension-cord	universe
extension-cord	vehicle-body
extension.time	event
extension.time	phenomenon
extent	attribute
extent	logical-relation
extent	property
extract	chemical-solution
extract	material
extract	phenomenon
extract	substance
extract	universe
extrapolation	accomplishment
extrapolation	act
extrapolation	activity
extrapolation	calculation
extrapolation	event
extrapolation	information
extrapolation	phenomenon
extrapolation	procedure
extrapolation	universe
extrapolation	volition
extraterrestrial-being	agent
extraterrestrial-being	phenomenon
extraterrestrial-being	universe
extreme	amateur
extreme	ambiance
extreme	attribute
extreme	circumstance
extreme	civilisation
extreme	crowd
extreme	custom
extreme	danger
extreme	expert
extreme	freedom
extreme	hero
extreme	lap
extreme	literary-works
extreme	logical-relation
extreme	normal
extreme	point-of-view
extreme	practice
extreme	property
extreme	society
extreme	status
extreme	tension
extreme	way
eye	body-part
eye	organ
eye	phenomenon
eye	physical-object
eye	universe
eye-mask	artifact
eye-mask	clothing
eye-mask	fashion
eye-mask	mask
eye-mask	phenomenon
eye-mask	protective-mask
eye-mask	universe
eye-mask	vehicle-body
eyebrow	body-part
eyebrow	phenomenon
eyebrow	physical-object
eyebrow	universe
eyeglass	artifact
eyeglass	device
eyeglass	phenomenon
eyeglass	universe
eyeglass	vehicle-body
eyelid	body-part
eyelid	phenomenon
eyelid	physical-object
eyelid	universe
eyeliner	material
eyeliner	phenomenon
eyeliner	substance
eyeliner	universe
fabric	artifact
fabric	phenomenon
fabric	universe
fabric	vehicle-body
fabrication	accomplishment
fabrication	act
fabrication	activity
fabrication	creation
fabrication	event
fabrication	industry
fabrication	manufacture
fabrication	phenomenon
fabrication	procedure
fabrication	volition
facade	artifact
facade	phenomenon
facade	universe
facade	vehicle-body
face	body-part
face	cheek
face	phenomenon
face	physical-object
face	universe
face-powder	material
face-powder	phenomenon
face-powder	substance
face-powder	universe
facial	accomplishment
facial	act
facial	activity
facial	care
facial	event
facial	phenomenon
facial	procedure
facial	volition
facial-feature	body-part
facial-feature	cheek
facial-feature	phenomenon
facial-feature	physical-object
facial-feature	universe
facial-tissue	phenomenon
facial-tissue	physical-object
facial-tissue	universe
facility	artifact
facility	development
facility	phenomenon
facility	universe
facility	vehicle-body
facsimile	artifact
facsimile	component
facsimile	device
facsimile	mechanism
facsimile	phenomenon
facsimile	universe
facsimile	vehicle-body
fact	information
fact	line-of-text
fact	phenomenon
fact	remark
fact	sentence
fact	universe
factor	event
factor	phenomenon
factor-analysis	logical-relation
factor-analysis	measure
factor-analysis	routine
factor-analysis	signified
factorization	accomplishment
factorization	act
factorization	activity
factorization	calculation
factorization	event
factorization	information
factorization	phenomenon
factorization	procedure
factorization	universe
factorization	volition
factory	artifact
factory	development
factory	phenomenon
factory	universe
factory	vehicle-body
failing	amateur
failing	ambiance
failing	attribute
failing	circumstance
failing	civilisation
failing	crowd
failing	custom
failing	danger
failing	expert
failing	freedom
failing	hero
failing	lap
failing	literary-works
failing	logical-relation
failing	normal
failing	point-of-view
failing	practice
failing	property
failing	society
failing	status
failing	tension
failing	way
failure	amateur
failure	ambiance
failure	attribute
failure	circumstance
failure	civilisation
failure	crowd
failure	custom
failure	danger
failure	expert
failure	freedom
failure	hero
failure	lap
failure	literary-works
failure	logical-relation
failure	normal
failure	point-of-view
failure	practice
failure	property
failure	society
failure	status
failure	tension
failure	way
fair	accomplishment
fair	act
fair	activity
fair	coming-together
fair	event
fair	phenomenon
fair	procedure
fair	volition
fair-weather	event
fair-weather	phenomenon
fairy	agent
fairy	phenomenon
fairy	self
fairy	universe
fall	logical-relation
fall	quantity
fame	amateur
fame	ambiance
fame	attribute
fame	circumstance
fame	civilisation
fame	crowd
fame	custom
fame	danger
fame	expert
fame	freedom
fame	hero
fame	lap
fame	literary-works
fame	logical-relation
fame	normal
fame	point-of-view
fame	practice
fame	property
fame	society
fame	status
fame	tension
fame	way
family	agent
family	collection
family	group
family	kin
family	people
family	phenomenon
family	school-class
family	universe
family-line	agent
family-line	collection
family-line	group
family-line	kin
family-line	people
family-line	phenomenon
family-line	school-class
family-line	universe
fan	attribute
fan	logical-relation
fan	property
fan-device	artifact
fan-device	device
fan-device	phenomenon
fan-device	universe
fan-device	vehicle-body
fanny-pack	artifact
fanny-pack	carrying-case
fanny-pack	device
fanny-pack	holder
fanny-pack	phenomenon
fanny-pack	universe
fanny-pack	vehicle-body
fare	logical-relation
fare	quantity
farm	artifact
farm	development
farm	phenomenon
farm	universe
farm	vehicle-body
farmer	attribute
farmer	logical-relation
farmer	property
farming	accomplishment
farming	act
farming	activity
farming	event
farming	exchange
farming	interaction
farming	job
farming	phenomenon
farming	procedure
farming	transaction
farming	volition
fashion	artifact
fashion	phenomenon
fashion	universe
fashion	vehicle-body
fastener	artifact
fastener	device
fastener	phenomenon
fastener	universe
fastener	vehicle-body
fat	body-part
fat	material
fat	phenomenon
fat	physical-object
fat	substance
fat	tissue
fat	universe
father	attribute
father	logical-relation
father	property
fatness	attribute
fatness	logical-relation
fatness	property
fault	attribute
fault	logical-relation
fault	normal
fault	property
faux-pas	amateur
faux-pas	ambiance
faux-pas	attribute
faux-pas	circumstance
faux-pas	civilisation
faux-pas	crowd
faux-pas	custom
faux-pas	danger
faux-pas	expert
faux-pas	freedom
faux-pas	hero
faux-pas	lap
faux-pas	literary-works
faux-pas	logical-relation
faux-pas	normal
faux-pas	point-of-view
faux-pas	practice
faux-pas	property
faux-pas	society
faux-pas	status
faux-pas	tension
faux-pas	way
favor	amateur
favor	ambiance
favor	attribute
favor	circumstance
favor	civilisation
favor	crowd
favor	custom
favor	danger
favor	expert
favor	freedom
favor	hero
favor	lap
favor	literary-works
favor	logical-relation
favor	normal
favor	point-of-view
favor	practice
favor	property
favor	society
favor	status
favor	tension
favor	way
feather	body-part
feather	phenomenon
feather	physical-object
feather	universe
feature	attribute
feature	logical-relation
feature	property
federal-agent	agent
federal-agent	association
federal-agent	collection
federal-agent	government
federal-agent	group
federal-agent	organization
federal-agent	phenomenon
federal-agent	team
federal-agent	universe
feedback	accomplishment
feedback	act
feedback	activity
feedback	affirmation
feedback	communication
feedback	event
feedback	information
feedback	phenomenon
feedback	procedure
feedback	universe
feedback	volition
feeling	attribute
feeling	logical-relation
feeling	property
feijoa	body-part
feijoa	botanical-fruit
feijoa	phenomenon
feijoa	physical-object
feijoa	universe
felt	artifact
felt	fabric
felt	phenomenon
felt	universe
felt	vehicle-body
female-child	agent
female-child	animal
female-child	body
female-child	child
female-child	human
female-child	lady
female-child	mammal
female-child	organism
female-child	person
female-child	phenomenon
female-child	physical-object
female-child	populace
female-child	self
female-child	species
female-child	universe
female-child	vertebrate
female-child	woman
female-child	young-people
feminist	agent
feminist	collection
feminist	group
feminist	people
feminist	phenomenon
feminist	school-class
feminist	universe
fence	artifact
fence	development
fence	phenomenon
fence	universe
fence	vehicle-body
fencing-mask	artifact
fencing-mask	clothing
fencing-mask	fashion
fencing-mask	mask
fencing-mask	phenomenon
fencing-mask	protective-mask
fencing-mask	universe
fencing-mask	vehicle-body
ferry	artifact
ferry	boat
ferry	device
ferry	phenomenon
ferry	ship
ferry	universe
ferry	vehicle
ferry	vehicle-body
festival	accomplishment
festival	act
festival	activity
festival	event
festival	phenomenon
festival	procedure
festival	volition
fiber	phenomenon
fiber	physical-object
fiber	universe
fibreboard	artifact
fibreboard	phenomenon
fibreboard	universe
fibreboard	vehicle-body
fiction	artifact
fiction	contract-condition
fiction	indication
fiction	information
fiction	line-of-text
fiction	myth
fiction	phenomenon
fiction	physical-object
fiction	text
fiction	universe
fiction	vehicle-body
fictional-character	agent
fictional-character	phenomenon
fictional-character	self
fictional-character	universe
field	land
field	phenomenon
field	place
field	universe
field	yard
field-hockey-ball	artifact
field-hockey-ball	ball
field-hockey-ball	game-equipment
field-hockey-ball	phenomenon
field-hockey-ball	universe
field-hockey-ball	vehicle-body
field-of-study	logical-relation
field-of-study	signified
fig	body-part
fig	botanical-fruit
fig	phenomenon
fig	physical-object
fig	universe
fight	accomplishment
fight	act
fight	activity
fight	contest
fight	event
fight	phenomenon
fight	procedure
fight	volition
fight	war
figure	logical-relation
figure	quantity
figurine	artifact
figurine	fine-art
figurine	indication
figurine	information
figurine	phenomenon
figurine	physical-object
figurine	universe
figurine	vehicle-body
file	artifact
file	device
file	phenomenon
file	universe
file	vehicle-body
file-cabinet	artifact
file-cabinet	phenomenon
file-cabinet	universe
file-cabinet	vehicle-body
file-folder	artifact
file-folder	device
file-folder	phenomenon
file-folder	universe
file-folder	vehicle-body
film	artifact
film	celluloid
film	contract-condition
film	indication
film	information
film	line-of-text
film	phenomenon
film	physical-object
film	text
film	universe
film	vehicle-body
film.artifact	material
film.artifact	phenomenon
film.artifact	substance
film.artifact	universe
filter	artifact
filter	device
filter	phenomenon
filter	universe
filter	vehicle-body
filter-paper	artifact
filter-paper	device
filter-paper	phenomenon
filter-paper	universe
filter-paper	vehicle-body
final-examination	artifact
final-examination	contract-condition
final-examination	device
final-examination	exam
final-examination	indication
final-examination	information
final-examination	line-of-text
final-examination	phenomenon
final-examination	physical-object
final-examination	text
final-examination	universe
final-examination	vehicle-body
finance	accomplishment
finance	act
finance	activity
finance	event
finance	exchange
finance	interaction
finance	phenomenon
finance	procedure
finance	transaction
finance	volition
financial-sacrifice	logical-relation
financial-sacrifice	quantity
finder	artifact
finder	device
finder	phenomenon
finder	universe
finder	vehicle-body
fine-art	artifact
fine-art	indication
fine-art	information
fine-art	phenomenon
fine-art	physical-object
fine-art	universe
fine-art	vehicle-body
finger	body-part
finger	phenomenon
finger	physical-object
finger	universe
fingerboard	artifact
fingerboard	device
fingerboard	phenomenon
fingerboard	universe
fingerboard	vehicle-body
fingernail	phenomenon
fingernail	physical-object
fingernail	universe
finial	artifact
finial	fine-art
finial	indication
finial	information
finial	phenomenon
finial	physical-object
finial	universe
finial	vehicle-body
finish	phenomenon
finish	place
finish	universe
fire	artifact
fire	development
fire	device
fire	fireplace
fire	phenomenon
fire	universe
fire	vehicle-body
fire-alarm	artifact
fire-alarm	device
fire-alarm	phenomenon
fire-alarm	universe
fire-alarm	vehicle-body
fire-extinguisher	artifact
fire-extinguisher	device
fire-extinguisher	phenomenon
fire-extinguisher	universe
fire-extinguisher	vehicle-body
fireman	attribute
fireman	logical-relation
fireman	property
fireplace	artifact
fireplace	development
fireplace	device
fireplace	phenomenon
fireplace	universe
fireplace	vehicle-body
firm	agent
firm	association
firm	collection
firm	group
firm	organization
firm	phenomenon
firm	team
firm	universe
first-aid	accomplishment
first-aid	act
first-aid	activity
first-aid	event
first-aid	phenomenon
first-aid	procedure
first-aid	repair
first-aid	restoration
first-aid	therapy
first-aid	volition
first-aid-kit	collection
first-aid-kit	phenomenon
first-order-correlation	logical-relation
first-step	accomplishment
first-step	act
first-step	activity
first-step	event
first-step	phenomenon
first-step	procedure
first-step	volition
fish	agent
fish	animal
fish	body
fish	organism
fish	phenomenon
fish	physical-object
fish	species
fish	universe
fish	vertebrate
fish-liver-oil	material
fish-liver-oil	phenomenon
fish-liver-oil	substance
fish-liver-oil	universe
fisherman	attribute
fisherman	logical-relation
fisherman	property
fisherman	trade
fishing-line	artifact
fishing-line	device
fishing-line	phenomenon
fishing-line	universe
fishing-line	vehicle-body
fishing-net	artifact
fishing-net	device
fishing-net	phenomenon
fishing-net	universe
fishing-net	vehicle-body
fishing-rod	artifact
fishing-rod	device
fishing-rod	phenomenon
fishing-rod	universe
fishing-rod	vehicle-body
fishing-tackle	artifact
fishing-tackle	device
fishing-tackle	phenomenon
fishing-tackle	universe
fishing-tackle	vehicle-body
fit	attribute
fit	logical-relation
fit	property
fitness	amateur
fitness	ambiance
fitness	attribute
fitness	circumstance
fitness	civilisation
fitness	crowd
fitness	custom
fitness	danger
fitness	expert
fitness	freedom
fitness	hero
fitness	lap
fitness	literary-works
fitness	logical-relation
fitness	normal
fitness	point-of-view
fitness	practice
fitness	property
fitness	society
fitness	status
fitness	tension
fitness	way
fix	amateur
fix	ambiance
fix	attribute
fix	circumstance
fix	civilisation
fix	crowd
fix	custom
fix	danger
fix	expert
fix	freedom
fix	hero
fix	lap
fix	literary-works
fix	logical-relation
fix	normal
fix	point-of-view
fix	practice
fix	property
fix	society
fix	status
fix	tension
fix	way
fixings	food
fixings	phenomenon
fixings	universe
fixture	artifact
fixture	phenomenon
fixture	universe
fixture	vehicle-body
flag	information
flag	phenomenon
flag	universe
flagstone	phenomenon
flagstone	physical-object
flagstone	universe
flak	accomplishment
flak	act
flak	activity
flak	affirmation
flak	communication
flak	event
flak	information
flak	phenomenon
flak	procedure
flak	universe
flak	volition
flame	event
flame	phenomenon
flare	indication
flare	information
flare	phenomenon
flare	physical-object
flare	universe
flash	artifact
flash	device
flash	phenomenon
flash	universe
flash	vehicle-body
flashlight	artifact
flashlight	device
flashlight	phenomenon
flashlight	universe
flashlight	vehicle-body
flask	artifact
flask	bottle
flask	canteen
flask	carrying-case
flask	device
flask	holder
flask	phenomenon
flask	universe
flask	vehicle-body
flat	artifact
flat	phenomenon
flat	universe
flat	vehicle-body
flatfish	agent
flatfish	animal
flatfish	body
flatfish	fish
flatfish	organism
flatfish	phenomenon
flatfish	physical-object
flatfish	species
flatfish	universe
flatfish	vertebrate
flatware	artifact
flatware	device
flatware	phenomenon
flatware	universe
flatware	vehicle-body
fleet	collection
fleet	phenomenon
flesh	body-part
flesh	material
flesh	phenomenon
flesh	physical-object
flesh	substance
flesh	tissue
flesh	universe
flight	event
flight	phenomenon
flight	transport
flight	visit
flock	agent
flock	collection
flock	group
flock	phenomenon
flock	universe
flood	event
flood	phenomenon
floodlight	artifact
floodlight	device
floodlight	phenomenon
floodlight	universe
floodlight	vehicle-body
floor	artifact
floor	development
floor	phenomenon
floor	universe
floor	vehicle-body
floor-cover	artifact
floor-cover	phenomenon
floor-cover	universe
floor-cover	vehicle-body
flower	agent
flower	organism
flower	phenomenon
flower	physical-object
flower	plant
flower	species
flower	universe
flowerpot	artifact
flowerpot	carrying-case
flowerpot	device
flowerpot	holder
flowerpot	phenomenon
flowerpot	universe
flowerpot	vehicle-body
fluctuation	amateur
fluctuation	ambiance
fluctuation	attribute
fluctuation	circumstance
fluctuation	civilisation
fluctuation	crowd
fluctuation	custom
fluctuation	danger
fluctuation	expert
fluctuation	freedom
fluctuation	hero
fluctuation	lap
fluctuation	literary-works
fluctuation	logical-relation
fluctuation	normal
fluctuation	point-of-view
fluctuation	practice
fluctuation	property
fluctuation	society
fluctuation	status
fluctuation	tension
fluctuation	way
flue	artifact
flue	chimney
flue	development
flue	device
flue	phenomenon
flue	universe
flue	vehicle-body
fluid	attribute
fluid	logical-relation
fluid	property
fluid	state-of-matter
flux	material
flux	phenomenon
flux	substance
flux	universe
fly	agent
fly	animal
fly	body
fly	insect
fly	invertebrate
fly	organism
fly	phenomenon
fly	physical-object
fly	species
fly	universe
foe	attribute
foe	logical-relation
foe	property
fog	cloud
fog	material
fog	phenomenon
fog	substance
fog	universe
foil	artifact
foil	phenomenon
foil	universe
foil	vehicle-body
fold	attribute
fold	logical-relation
fold	property
fold	shape
folder	artifact
folder	phenomenon
folder	universe
folder	vehicle-body
folding-chair	artifact
folding-chair	chair
folding-chair	furniture
folding-chair	phenomenon
folding-chair	seat
folding-chair	universe
folding-chair	vehicle-body
folding-screen	artifact
folding-screen	phenomenon
folding-screen	universe
folding-screen	vehicle-body
folk	agent
folk	animal
folk	body
folk	human
folk	mammal
folk	organism
folk	person
folk	phenomenon
folk	physical-object
folk	populace
folk	self
folk	species
folk	universe
folk	vertebrate
folklore	artifact
folklore	contract-condition
folklore	indication
folklore	information
folklore	line-of-text
folklore	myth
folklore	phenomenon
folklore	physical-object
folklore	text
folklore	universe
folklore	vehicle-body
food	phenomenon
food	universe
food-coloring	food
food-coloring	phenomenon
food-coloring	universe
foodstuff	food
foodstuff	phenomenon
foodstuff	universe
fool	agent
fool	animal
fool	body
fool	human
fool	mammal
fool	organism
fool	person
fool	phenomenon
fool	physical-object
fool	populace
fool	self
fool	species
fool	universe
fool	vertebrate
foot	body-part
foot	phenomenon
foot	physical-object
foot	universe
footboard	artifact
footboard	component
footboard	device
footboard	mechanism
footboard	phenomenon
footboard	universe
footboard	vehicle-body
footstep	logical-relation
footstep	quantity
footwear	artifact
footwear	clothing
footwear	fashion
footwear	phenomenon
footwear	universe
footwear	vehicle-body
force	logical-relation
force	quantity
force	vector
foreigner	attribute
foreigner	logical-relation
foreigner	property
foreman	attribute
foreman	logical-relation
foreman	property
forestry	field-of-study
forestry	logical-relation
forestry	signified
fork	artifact
fork	device
fork	phenomenon
fork	tableware
fork	universe
fork	vehicle-body
form	artifact
form	contract-condition
form	indication
form	information
form	line-of-text
form	phenomenon
form	physical-object
form	text
form	universe
form	vehicle-body
formal-address	accomplishment
formal-address	act
formal-address	activity
formal-address	communication
formal-address	conversation
formal-address	event
formal-address	information
formal-address	phenomenon
formal-address	procedure
formal-address	stage-production
formal-address	universe
formal-address	volition
formal-application	artifact
formal-application	contract-condition
formal-application	indication
formal-application	information
formal-application	line-of-text
formal-application	phenomenon
formal-application	physical-object
formal-application	text
formal-application	universe
formal-application	vehicle-body
formal-proof	indication
formal-proof	information
formal-proof	phenomenon
formal-proof	physical-object
formal-proof	universe
format	accomplishment
format	act
format	activity
format	event
format	phenomenon
format	procedure
format	volition
formation	artifact
formation	phenomenon
formation	universe
formation	vehicle-body
formula	artifact
formula	contract-condition
formula	indication
formula	information
formula	line-of-text
formula	phenomenon
formula	physical-object
formula	text
formula	universe
formula	vehicle-body
forte	amateur
forte	ambiance
forte	attribute
forte	circumstance
forte	civilisation
forte	crowd
forte	custom
forte	danger
forte	expert
forte	freedom
forte	hero
forte	lap
forte	literary-works
forte	logical-relation
forte	normal
forte	point-of-view
forte	practice
forte	property
forte	society
forte	status
forte	tension
forte	way
fortune	amateur
fortune	ambiance
fortune	attribute
fortune	circumstance
fortune	civilisation
fortune	crowd
fortune	custom
fortune	danger
fortune	expert
fortune	freedom
fortune	hero
fortune	lap
fortune	literary-works
fortune	logical-relation
fortune	normal
fortune	point-of-view
fortune	practice
fortune	property
fortune	society
fortune	status
fortune	tension
fortune	way
forum	accomplishment
forum	act
forum	activity
forum	coming-together
forum	event
forum	phenomenon
forum	procedure
forum	volition
fossil	phenomenon
fossil	universe
foundation	agent
foundation	association
foundation	collection
foundation	group
foundation	organization
foundation	phenomenon
foundation	team
foundation	universe
foundation.relation	amateur
foundation.relation	ambiance
foundation.relation	attribute
foundation.relation	circumstance
foundation.relation	civilisation
foundation.relation	crowd
foundation.relation	custom
foundation.relation	danger
foundation.relation	expert
foundation.relation	freedom
foundation.relation	hero
foundation.relation	lap
foundation.relation	literary-works
foundation.relation	logical-relation
foundation.relation	normal
foundation.relation	point-of-view
foundation.relation	practice
foundation.relation	property
foundation.relation	society
foundation.relation	status
foundation.relation	tension
foundation.relation	way
fountain	artifact
fountain	device
fountain	phenomenon
fountain	universe
fountain	vehicle-body
fox	agent
fox	animal
fox	body
fox	mammal
fox	organism
fox	phenomenon
fox	physical-object
fox	species
fox	universe
fox	vertebrate
fractal	logical-relation
fractal-geometry	field-of-study
fractal-geometry	logical-relation
fractal-geometry	signified
fracture	event
fracture	injury
fracture	phenomenon
fragment	phenomenon
fragment	universe
franchise	agent
franchise	association
franchise	collection
franchise	company
franchise	firm
franchise	group
franchise	organization
franchise	phenomenon
franchise	team
franchise	universe
frank	food
frank	material
frank	phenomenon
frank	substance
frank	universe
fraud	accomplishment
fraud	act
fraud	activity
fraud	event
fraud	phenomenon
fraud	procedure
fraud	volition
freak	amateur
freak	ambiance
freak	attribute
freak	circumstance
freak	civilisation
freak	crowd
freak	custom
freak	danger
freak	expert
freak	freedom
freak	hero
freak	lap
freak	literary-works
freak	logical-relation
freak	normal
freak	point-of-view
freak	practice
freak	property
freak	society
freak	status
freak	tension
freak	way
freckle	phenomenon
freckle	physical-object
freckle	universe
free-fall	event
free-fall	phenomenon
freedom	attribute
freedom	logical-relation
freedom	normal
freedom	property
freewheel	artifact
freewheel	component
freewheel	device
freewheel	mechanism
freewheel	phenomenon
freewheel	universe
freewheel	vehicle-body
freeze	event
freeze	phenomenon
freezer	artifact
freezer	device
freezer	phenomenon
freezer	universe
freezer	vehicle-body
frequency	logical-relation
frequency	quantity
frequency	vector
frequency-band	collection
frequency-band	phenomenon
frequency-distribution	logical-relation
friend	attribute
friend	logical-relation
friend	property
friendship	accomplishment
friendship	act
friendship	activity
friendship	event
friendship	phenomenon
friendship	procedure
friendship	volition
frog	agent
frog	amphibian
frog	animal
frog	body
frog	organism
frog	phenomenon
frog	physical-object
frog	species
frog	universe
frog	vertebrate
fructose	compound
fructose	material
fructose	phenomenon
fructose	substance
fructose	universe
fruit	body-part
fruit	botanical-fruit
fruit	phenomenon
fruit	physical-object
fruit	universe
fruit-jelly	food
fruit-jelly	material
fruit-jelly	phenomenon
fruit-jelly	substance
fruit-jelly	universe
fryer	food
fryer	material
fryer	meat
fryer	phenomenon
fryer	substance
fryer	universe
frying-pan	artifact
frying-pan	carrying-case
frying-pan	device
frying-pan	holder
frying-pan	pan
frying-pan	phenomenon
frying-pan	universe
frying-pan	vehicle-body
fudge	food
fudge	material
fudge	phenomenon
fudge	substance
fudge	universe
fuel	material
fuel	phenomenon
fuel	substance
fuel	universe
fuel-cell	artifact
fuel-cell	component
fuel-cell	device
fuel-cell	mechanism
fuel-cell	phenomenon
fuel-cell	universe
fuel-cell	vehicle-body
fuel-oil	compound
fuel-oil	material
fuel-oil	oil
fuel-oil	phenomenon
fuel-oil	substance
fuel-oil	universe
fun	accomplishment
fun	act
fun	activity
fun	event
fun	phenomenon
fun	procedure
fun	volition
function	logical-relation
function-domain	logical-relation
function-domain	quantity
functioning	event
functioning	phenomenon
funeral	accomplishment
funeral	act
funeral	activity
funeral	coming-together
funeral	conference
funeral	event
funeral	meeting
funeral	phenomenon
funeral	procedure
funeral	volition
funeral-directing	attribute
funeral-directing	logical-relation
funeral-directing	property
funeral-directing	trade
fungus	agent
fungus	organism
fungus	phenomenon
fungus	physical-object
fungus	species
fungus	universe
funnel	artifact
funnel	device
funnel	phenomenon
funnel	universe
funnel	vehicle-body
furnace	artifact
furnace	device
furnace	phenomenon
furnace	universe
furnace	vehicle-body
furniture	artifact
furniture	phenomenon
furniture	universe
furniture	vehicle-body
futon	artifact
futon	phenomenon
futon	universe
futon	vehicle-body
gadget	artifact
gadget	device
gadget	phenomenon
gadget	universe
gadget	vehicle-body
gaiter	artifact
gaiter	clothing
gaiter	fashion
gaiter	phenomenon
gaiter	universe
gaiter	vehicle-body
galaxy	collection
galaxy	phenomenon
gallery	agent
gallery	association
gallery	collection
gallery	group
gallery	organization
gallery	phenomenon
gallery	team
gallery	universe
galois-theory	field-of-study
galois-theory	logical-relation
galois-theory	signified
game	accomplishment
game	act
game	activity
game	contest
game	event
game	phenomenon
game	procedure
game	volition
game	war
game-equipment	artifact
game-equipment	phenomenon
game-equipment	universe
game-equipment	vehicle-body
game-move	accomplishment
game-move	act
game-move	activity
game-move	event
game-move	phenomenon
game-move	procedure
game-move	volition
game-rule	logical-relation
game-rule	measure
game-rule	routine
game-rule	signified
garage	artifact
garage	development
garage	phenomenon
garage	universe
garage	vehicle-body
garbage	phenomenon
garbage	universe
garbage-disposal	artifact
garbage-disposal	device
garbage-disposal	machine
garbage-disposal	machinery
garbage-disposal	phenomenon
garbage-disposal	universe
garbage-disposal	vehicle-body
garden	agent
garden	organism
garden	phenomenon
garden	physical-object
garden	plant
garden	species
garden	universe
garden-bed	land
garden-bed	phenomenon
garden-bed	place
garden-bed	universe
garden-bed	yard
gardening	accomplishment
gardening	act
gardening	activity
gardening	care
gardening	event
gardening	phenomenon
gardening	procedure
gardening	volition
garland	artifact
garland	fine-art
garland	indication
garland	information
garland	phenomenon
garland	physical-object
garland	universe
garland	vehicle-body
garlic-press	artifact
garlic-press	device
garlic-press	phenomenon
garlic-press	universe
garlic-press	vehicle-body
garment	artifact
garment	clothing
garment	fashion
garment	phenomenon
garment	universe
garment	vehicle-body
garment-bag	artifact
garment-bag	phenomenon
garment-bag	universe
garment-bag	vehicle-body
garter	artifact
garter	clothing
garter	fashion
garter	phenomenon
garter	universe
garter	vehicle-body
garter-belt	artifact
garter-belt	clothing
garter-belt	fashion
garter-belt	phenomenon
garter-belt	universe
garter-belt	vehicle-body
gas-turbine	artifact
gas-turbine	device
gas-turbine	phenomenon
gas-turbine	transducer
gas-turbine	universe
gas-turbine	vehicle-body
gash	event
gash	injury
gash	phenomenon
gasoline	chemical-solution
gasoline	material
gasoline	phenomenon
gasoline	substance
gasoline	universe
gate	artifact
gate	device
gate	phenomenon
gate	universe
gate	vehicle-body
gauge	artifact
gauge	device
gauge	phenomenon
gauge	universe
gauge	vehicle-body
gauze	artifact
gauze	fabric
gauze	phenomenon
gauze	universe
gauze	vehicle-body
gaze	accomplishment
gaze	act
gaze	activity
gaze	event
gaze	perception
gaze	phenomenon
gaze	procedure
gaze	volition
gazebo	artifact
gazebo	building
gazebo	development
gazebo	phenomenon
gazebo	universe
gazebo	vehicle-body
gear	artifact
gear	component
gear	device
gear	mechanism
gear	phenomenon
gear	universe
gear	vehicle-body
gear-tooth	artifact
gear-tooth	phenomenon
gear-tooth	universe
gear-tooth	vehicle-body
geiger-counter	artifact
geiger-counter	device
geiger-counter	phenomenon
geiger-counter	universe
geiger-counter	vehicle-body
gelatine	material
gelatine	phenomenon
gelatine	protein
gelatine	substance
gelatine	universe
gene	compound
gene	material
gene	molecule
gene	phenomenon
gene	substance
gene	universe
genius	agent
genius	animal
genius	body
genius	human
genius	mammal
genius	organism
genius	person
genius	phenomenon
genius	physical-object
genius	populace
genius	self
genius	species
genius	universe
genius	vertebrate
gentleman	agent
gentleman	animal
gentleman	body
gentleman	human
gentleman	mammal
gentleman	man
gentleman	organism
gentleman	person
gentleman	phenomenon
gentleman	physical-object
gentleman	populace
gentleman	self
gentleman	species
gentleman	universe
gentleman	vertebrate
genus-pan	agent
genus-pan	animal
genus-pan	body
genus-pan	mammal
genus-pan	organism
genus-pan	phenomenon
genus-pan	physical-object
genus-pan	species
genus-pan	universe
genus-pan	vertebrate
geodesic	logical-relation
geodesic	signified
geographic-pole	phenomenon
geographic-pole	place
geographic-pole	universe
geography	field-of-study
geography	logical-relation
geography	signified
geometric-construction	accomplishment
geometric-construction	act
geometric-construction	activity
geometric-construction	calculation
geometric-construction	event
geometric-construction	information
geometric-construction	phenomenon
geometric-construction	procedure
geometric-construction	universe
geometric-construction	volition
geometric-mean	logical-relation
geometric-plane	attribute
geometric-plane	curve
geometric-plane	logical-relation
geometric-plane	property
geometric-plane	shape
geometric-progression	logical-relation
geometric-ray	logical-relation
geometric-ray	signified
geometric-reflection	logical-relation
geometric-rotation	logical-relation
geometric-superposition	event
geometric-superposition	locating
geometric-superposition	phenomenon
geometric-superposition	visit
geometry	field-of-study
geometry	logical-relation
geometry	signified
gesture	accomplishment
gesture	act
gesture	activity
gesture	communication
gesture	event
gesture	information
gesture	motion
gesture	phenomenon
gesture	procedure
gesture	reaction.phenomenon
gesture	universe
gesture	volition
ghost	agent
ghost	phenomenon
ghost	self
ghost	universe
giant	agent
giant	animal
giant	body
giant	human
giant	mammal
giant	organism
giant	person
giant	phenomenon
giant	physical-object
giant	populace
giant	self
giant	species
giant	universe
giant	vertebrate
gift	accomplishment
gift	act
gift	activity
gift	event
gift	phenomenon
gift	procedure
gift	volition
gift-wrapping	artifact
gift-wrapping	fine-art
gift-wrapping	indication
gift-wrapping	information
gift-wrapping	phenomenon
gift-wrapping	physical-object
gift-wrapping	universe
gift-wrapping	vehicle-body
gingerbread	food
gingerbread	material
gingerbread	phenomenon
gingerbread	substance
gingerbread	universe
girlfriend	agent
girlfriend	animal
girlfriend	body
girlfriend	human
girlfriend	lady
girlfriend	mammal
girlfriend	organism
girlfriend	person
girlfriend	phenomenon
girlfriend	physical-object
girlfriend	populace
girlfriend	self
girlfriend	species
girlfriend	universe
girlfriend	vertebrate
girlfriend	woman
glance	accomplishment
glance	act
glance	activity
glance	event
glance	perception
glance	phenomenon
glance	procedure
glance	volition
glass-cutter	artifact
glass-cutter	device
glass-cutter	phenomenon
glass-cutter	universe
glass-cutter	vehicle-body
glass-material	material
glass-material	phenomenon
glass-material	substance
glass-material	universe
glassware	artifact
glassware	phenomenon
glassware	universe
glassware	vehicle-body
glimpse	event
glimpse	perception
glimpse	phenomenon
gloom	amateur
gloom	ambiance
gloom	attribute
gloom	circumstance
gloom	civilisation
gloom	crowd
gloom	custom
gloom	danger
gloom	expert
gloom	freedom
gloom	hero
gloom	lap
gloom	literary-works
gloom	logical-relation
gloom	normal
gloom	point-of-view
gloom	practice
gloom	property
gloom	society
gloom	status
gloom	tension
gloom	way
glory	amateur
glory	ambiance
glory	attribute
glory	circumstance
glory	civilisation
glory	crowd
glory	custom
glory	danger
glory	expert
glory	freedom
glory	hero
glory	lap
glory	literary-works
glory	logical-relation
glory	normal
glory	point-of-view
glory	practice
glory	property
glory	society
glory	status
glory	tension
glory	way
glove	artifact
glove	clothing
glove	fashion
glove	phenomenon
glove	universe
glove	vehicle-body
glove-finger	artifact
glove-finger	phenomenon
glove-finger	universe
glove-finger	vehicle-body
glow	event
glow	luminosity
glow	phenomenon
glucose	compound
glucose	material
glucose	phenomenon
glucose	substance
glucose	universe
glue	material
glue	phenomenon
glue	substance
glue	universe
glycerol	compound
glycerol	material
glycerol	phenomenon
glycerol	substance
glycerol	universe
goalkeeper	attribute
goalkeeper	logical-relation
goalkeeper	property
goalposts	artifact
goalposts	game-equipment
goalposts	phenomenon
goalposts	universe
goalposts	vehicle-body
gold	chemical-element
gold	material
gold	phenomenon
gold	substance
gold	universe
golf-bag	artifact
golf-bag	carrying-case
golf-bag	device
golf-bag	holder
golf-bag	phenomenon
golf-bag	universe
golf-bag	vehicle-body
golf-club	artifact
golf-club	device
golf-club	phenomenon
golf-club	universe
golf-club	vehicle-body
golf-glove	artifact
golf-glove	clothing
golf-glove	fashion
golf-glove	phenomenon
golf-glove	universe
golf-glove	vehicle-body
golf-tee	artifact
golf-tee	device
golf-tee	phenomenon
golf-tee	universe
golf-tee	vehicle-body
good	amateur
good	ambiance
good	attribute
good	circumstance
good	civilisation
good	crowd
good	custom
good	danger
good	expert
good	freedom
good	hero
good	lap
good	literary-works
good	logical-relation
good	normal
good	point-of-view
good	practice
good	property
good	society
good	status
good	tension
good	way
good-name	amateur
good-name	ambiance
good-name	attribute
good-name	circumstance
good-name	civilisation
good-name	crowd
good-name	custom
good-name	danger
good-name	expert
good-name	freedom
good-name	hero
good-name	lap
good-name	literary-works
good-name	logical-relation
good-name	normal
good-name	point-of-view
good-name	practice
good-name	property
good-name	society
good-name	status
good-name	tension
good-name	way
good-repute	amateur
good-repute	ambiance
good-repute	attribute
good-repute	circumstance
good-repute	civilisation
good-repute	crowd
good-repute	custom
good-repute	danger
good-repute	expert
good-repute	freedom
good-repute	hero
good-repute	lap
good-repute	literary-works
good-repute	logical-relation
good-repute	normal
good-repute	point-of-view
good-repute	practice
good-repute	property
good-repute	society
good-repute	status
good-repute	tension
good-repute	way
good-will	attribute
good-will	inclination
good-will	logical-relation
good-will	mentality
good-will	property
good-will	range-of-a-function
good-will	trait
goose	agent
goose	animal
goose	bird
goose	body
goose	organism
goose	phenomenon
goose	physical-object
goose	species
goose	universe
goose	vertebrate
gooseberry	body-part
gooseberry	botanical-fruit
gooseberry	phenomenon
gooseberry	physical-object
gooseberry	universe
gossip	accomplishment
gossip	act
gossip	activity
gossip	communication
gossip	event
gossip	information
gossip	phenomenon
gossip	procedure
gossip	universe
gossip	volition
gouge	artifact
gouge	device
gouge	phenomenon
gouge	universe
gouge	vehicle-body
gourd	agent
gourd	organism
gourd	phenomenon
gourd	physical-object
gourd	plant
gourd	species
gourd	universe
government	agent
government	association
government	collection
government	group
government	organization
government	phenomenon
government	team
government	universe
government-administrator	attribute
government-administrator	logical-relation
government-administrator	property
gown	artifact
gown	clothing
gown	fashion
gown	phenomenon
gown	universe
gown	vehicle-body
grace	amateur
grace	ambiance
grace	attribute
grace	circumstance
grace	civilisation
grace	crowd
grace	custom
grace	danger
grace	expert
grace	freedom
grace	hero
grace	lap
grace	literary-works
grace	logical-relation
grace	normal
grace	point-of-view
grace	practice
grace	property
grace	society
grace	status
grace	tension
grace	way
gradation	attribute
gradation	logical-relation
gradation	property
grade	logical-relation
grade	quantity
graduated-cylinder	artifact
graduated-cylinder	carrying-case
graduated-cylinder	device
graduated-cylinder	holder
graduated-cylinder	phenomenon
graduated-cylinder	universe
graduated-cylinder	vehicle-body
grain-meal	food
grain-meal	phenomenon
grain-meal	universe
grain.object	phenomenon
grain.object	universe
grammar	field-of-study
grammar	logical-relation
grammar	signified
grandfather	attribute
grandfather	logical-relation
grandfather	property
grandfather-clock	artifact
grandfather-clock	device
grandfather-clock	phenomenon
grandfather-clock	universe
grandfather-clock	vehicle-body
grandma	attribute
grandma	logical-relation
grandma	property
granite	material
granite	mineral
granite	phenomenon
granite	substance
granite	universe
granola	food
granola	phenomenon
granola	universe
granola-bar	food
granola-bar	phenomenon
granola-bar	universe
grant	accomplishment
grant	act
grant	activity
grant	event
grant	phenomenon
grant	procedure
grant	volition
graph	information
graph	phenomenon
graph	universe
graphics	artifact
graphics	fine-art
graphics	indication
graphics	information
graphics	phenomenon
graphics	physical-object
graphics	universe
graphics	vehicle-body
grass	agent
grass	organism
grass	phenomenon
grass	physical-object
grass	plant
grass	species
grass	universe
grate	artifact
grate	device
grate	phenomenon
grate	universe
grate	vehicle-body
grater	artifact
grater	device
grater	phenomenon
grater	universe
grater	vehicle-body
gratuity	logical-relation
gratuity	quantity
grave	artifact
grave	development
grave	phenomenon
grave	universe
grave	vehicle-body
graveness	attribute
graveness	inclination
graveness	logical-relation
graveness	mentality
graveness	property
graveness	range-of-a-function
graveness	trait
gravity	event
gravity	phenomenon
gravy	food
gravy	material
gravy	phenomenon
gravy	substance
gravy	universe
gravy-boat	artifact
gravy-boat	device
gravy-boat	dish
gravy-boat	holder
gravy-boat	phenomenon
gravy-boat	universe
gravy-boat	vehicle-body
greaseproof-paper	paper
greenhouse	artifact
greenhouse	building
greenhouse	development
greenhouse	phenomenon
greenhouse	universe
greenhouse	vehicle-body
greeting	accomplishment
greeting	act
greeting	activity
greeting	communication
greeting	event
greeting	information
greeting	phenomenon
greeting	procedure
greeting	reaction.phenomenon
greeting	universe
greeting	volition
griddle	artifact
griddle	device
griddle	phenomenon
griddle	universe
griddle	vehicle-body
grill	artifact
grill	phenomenon
grill	universe
grill	vehicle-body
grimace	event
grimace	motion
grimace	phenomenon
grinding-machine	artifact
grinding-machine	device
grinding-machine	phenomenon
grinding-machine	universe
grinding-machine	vehicle-body
grinding-wheel	artifact
grinding-wheel	component
grinding-wheel	device
grinding-wheel	mechanism
grinding-wheel	phenomenon
grinding-wheel	universe
grinding-wheel	vehicle-body
grindstone	artifact
grindstone	device
grindstone	phenomenon
grindstone	universe
grindstone	vehicle-body
grip	amateur
grip	ambiance
grip	attribute
grip	circumstance
grip	civilisation
grip	crowd
grip	custom
grip	danger
grip	expert
grip	freedom
grip	hero
grip	lap
grip	literary-works
grip	logical-relation
grip	normal
grip	point-of-view
grip	practice
grip	property
grip	society
grip	status
grip	tension
grip	way
grocery	phenomenon
grocery	universe
grocery-store	agent
grocery-store	association
grocery-store	collection
grocery-store	company
grocery-store	firm
grocery-store	group
grocery-store	organization
grocery-store	phenomenon
grocery-store	shop
grocery-store	team
grocery-store	universe
grommet	artifact
grommet	phenomenon
grommet	universe
grommet	vehicle-body
groover	artifact
groover	device
groover	phenomenon
groover	universe
groover	vehicle-body
ground	information
ground	phenomenon
ground	universe
ground-cloth	artifact
ground-cloth	device
ground-cloth	phenomenon
ground-cloth	universe
ground-cloth	vehicle-body
ground-stake	artifact
ground-stake	phenomenon
ground-stake	universe
ground-stake	vehicle-body
group	agent
group	collection
group	phenomenon
group	universe
group-theory	field-of-study
group-theory	logical-relation
group-theory	signified
grout	material
grout	phenomenon
grout	substance
grout	universe
growth	event
growth	phenomenon
guacamole	food
guacamole	material
guacamole	phenomenon
guacamole	substance
guacamole	universe
guarantee	contract
guarantee	legal-document
guarantee	logical-relation
guarantee	signified
guard	attribute
guard	logical-relation
guard	property
guard-duty	accomplishment
guard-duty	act
guard-duty	activity
guard-duty	event
guard-duty	phenomenon
guard-duty	procedure
guard-duty	volition
guard-unit	agent
guard-unit	collection
guard-unit	group
guard-unit	phenomenon
guard-unit	universe
guava	body-part
guava	botanical-fruit
guava	phenomenon
guava	physical-object
guava	universe
guerrilla	agent
guerrilla	animal
guerrilla	body
guerrilla	human
guerrilla	mammal
guerrilla	organism
guerrilla	person
guerrilla	phenomenon
guerrilla	physical-object
guerrilla	populace
guerrilla	self
guerrilla	species
guerrilla	universe
guerrilla	vertebrate
guess	logical-relation
guess	signified
guest	attribute
guest	logical-relation
guest	property
guidance	accomplishment
guidance	act
guidance	activity
guidance	communication
guidance	event
guidance	information
guidance	phenomenon
guidance	procedure
guidance	universe
guidance	volition
guide	attribute
guide	logical-relation
guide	property
guidebook	artifact
guidebook	book
guidebook	component
guidebook	device
guidebook	indication
guidebook	information
guidebook	mechanism
guidebook	phenomenon
guidebook	physical-object
guidebook	universe
guidebook	vehicle-body
guidepost	attribute
guidepost	logical-relation
guidepost	normal
guidepost	property
guilt	amateur
guilt	ambiance
guilt	attribute
guilt	circumstance
guilt	civilisation
guilt	crowd
guilt	custom
guilt	danger
guilt	expert
guilt	freedom
guilt	hero
guilt	lap
guilt	literary-works
guilt	logical-relation
guilt	normal
guilt	point-of-view
guilt	practice
guilt	property
guilt	society
guilt	status
guilt	tension
guilt	way
guinea-fowl	agent
guinea-fowl	animal
guinea-fowl	bird
guinea-fowl	body
guinea-fowl	organism
guinea-fowl	phenomenon
guinea-fowl	physical-object
guinea-fowl	species
guinea-fowl	universe
guinea-fowl	vertebrate
guitar-pick	artifact
guitar-pick	device
guitar-pick	phenomenon
guitar-pick	universe
guitar-pick	vehicle-body
gun	artifact
gun	device
gun	phenomenon
gun	universe
gun	vehicle-body
gun	weapon
gun-barrel	artifact
gun-barrel	component
gun-barrel	device
gun-barrel	mechanism
gun-barrel	phenomenon
gun-barrel	universe
gun-barrel	vehicle-body
gun-case	artifact
gun-case	device
gun-case	phenomenon
gun-case	universe
gun-case	vehicle-body
gurney	artifact
gurney	device
gurney	phenomenon
gurney	universe
gurney	vehicle-body
gutter	artifact
gutter	device
gutter	phenomenon
gutter	universe
gutter	vehicle-body
gym	artifact
gym	development
gym	phenomenon
gym	universe
gym	vehicle-body
gym-mat	artifact
gym-mat	phenomenon
gym-mat	universe
gym-mat	vehicle-body
gypsum	material
gypsum	mineral
gypsum	phenomenon
gypsum	substance
gypsum	universe
habit	amateur
habit	ambiance
habit	attribute
habit	circumstance
habit	civilisation
habit	crowd
habit	custom
habit	danger
habit	expert
habit	freedom
habit	hero
habit	lap
habit	literary-works
habit	logical-relation
habit	normal
habit	point-of-view
habit	practice
habit	property
habit	society
habit	status
habit	tension
habit	way
habitat	phenomenon
habitat	place
habitat	universe
hair	phenomenon
hair	physical-object
hair	universe
hair-curler	artifact
hair-curler	device
hair-curler	phenomenon
hair-curler	universe
hair-curler	vehicle-body
hair-dryer	artifact
hair-dryer	device
hair-dryer	phenomenon
hair-dryer	universe
hair-dryer	vehicle-body
hair-slide	artifact
hair-slide	device
hair-slide	phenomenon
hair-slide	universe
hair-slide	vehicle-body
hairbrush	artifact
hairbrush	device
hairbrush	phenomenon
hairbrush	universe
hairbrush	vehicle-body
haircut	event
haircut	phenomenon
haircut	visit
hairdressing	event
hairdressing	phenomenon
hairdressing	visit
hairpin	artifact
hairpin	device
hairpin	phenomenon
hairpin	universe
hairpin	vehicle-body
hall	artifact
hall	building
hall	development
hall	phenomenon
hall	universe
hall	vehicle-body
hallway	artifact
hallway	development
hallway	phenomenon
hallway	room
hallway	universe
hallway	vehicle-body
ham	food
ham	material
ham	meat
ham	phenomenon
ham	pork
ham	substance
ham	universe
hammer	artifact
hammer	device
hammer	phenomenon
hammer	universe
hammer	vehicle-body
hammock	artifact
hammock	bed
hammock	furniture
hammock	phenomenon
hammock	universe
hammock	vehicle-body
hand	accomplishment
hand	act
hand	activity
hand	cooperation
hand	event
hand	phenomenon
hand	procedure
hand	volition
hand-saw	artifact
hand-saw	device
hand-saw	phenomenon
hand-saw	universe
hand-saw	vehicle-body
hand-truck	artifact
hand-truck	device
hand-truck	phenomenon
hand-truck	universe
hand-truck	vehicle-body
handbag	artifact
handbag	carrying-case
handbag	device
handbag	holder
handbag	phenomenon
handbag	sack
handbag	universe
handbag	vehicle-body
handball	artifact
handball	ball
handball	game-equipment
handball	phenomenon
handball	universe
handball	vehicle-body
handkerchief	artifact
handkerchief	fabric
handkerchief	phenomenon
handkerchief	universe
handkerchief	vehicle-body
handrail	artifact
handrail	component
handrail	device
handrail	mechanism
handrail	phenomenon
handrail	universe
handrail	vehicle-body
hanger	artifact
hanger	device
hanger	phenomenon
hanger	universe
hanger	vehicle-body
hard-drive	artifact
hard-drive	device
hard-drive	machine
hard-drive	machinery
hard-drive	phenomenon
hard-drive	universe
hard-drive	vehicle-body
hardboard	artifact
hardboard	phenomenon
hardboard	universe
hardboard	vehicle-body
hare	agent
hare	animal
hare	body
hare	mammal
hare	organism
hare	phenomenon
hare	physical-object
hare	rabbit
hare	species
hare	universe
hare	vertebrate
harmonic-mean	logical-relation
harmonic-progression	logical-relation
harmony	amateur
harmony	ambiance
harmony	attribute
harmony	circumstance
harmony	civilisation
harmony	crowd
harmony	custom
harmony	danger
harmony	expert
harmony	freedom
harmony	hero
harmony	lap
harmony	literary-works
harmony	logical-relation
harmony	normal
harmony	point-of-view
harmony	practice
harmony	property
harmony	society
harmony	status
harmony	tension
harmony	way
harness	artifact
harness	device
harness	phenomenon
harness	universe
harness	vehicle-body
harrow	artifact
harrow	device
harrow	phenomenon
harrow	universe
harrow	vehicle-body
harvest	event
harvest	locating
harvest	phenomenon
harvest	visit
harvester	artifact
harvester	device
harvester	phenomenon
harvester	universe
harvester	vehicle-body
haste	event
haste	phenomenon
hat	artifact
hat	cap
hat	clothing
hat	fashion
hat	phenomenon
hat	universe
hat	vehicle-body
hatch	artifact
hatch	phenomenon
hatch	universe
hatch	vehicle-body
hay	material
hay	phenomenon
hay	substance
hay	universe
hayfield	field
hayfield	land
hayfield	phenomenon
hayfield	place
hayfield	universe
hayfield	yard
head	phenomenon
head	universe
head-covering	artifact
head-covering	clothing
head-covering	fashion
head-covering	phenomenon
head-covering	universe
head-covering	vehicle-body
headband	artifact
headband	clothing
headband	fashion
headband	phenomenon
headband	universe
headband	vehicle-body
headboard	artifact
headboard	phenomenon
headboard	universe
headboard	vehicle-body
headdress	artifact
headdress	cap
headdress	clothing
headdress	fashion
headdress	phenomenon
headdress	universe
headdress	vehicle-body
headlamp	artifact
headlamp	device
headlamp	phenomenon
headlamp	universe
headlamp	vehicle-body
headline	artifact
headline	contract-condition
headline	indication
headline	information
headline	line-of-text
headline	phenomenon
headline	physical-object
headline	text
headline	universe
headline	vehicle-body
headphone	artifact
headphone	device
headphone	phenomenon
headphone	universe
headphone	vehicle-body
headquarters	agent
headquarters	association
headquarters	collection
headquarters	group
headquarters	organization
headquarters	phenomenon
headquarters	team
headquarters	universe
headroom	attribute
headroom	logical-relation
headroom	property
headset	artifact
headset	device
headset	phenomenon
headset	universe
headset	vehicle-body
health	attribute
health	logical-relation
health	property
health-care	accomplishment
health-care	act
health-care	activity
health-care	care
health-care	event
health-care	phenomenon
health-care	procedure
health-care	volition
health-condition	attribute
health-condition	logical-relation
health-condition	property
hearing-aid	artifact
hearing-aid	device
hearing-aid	phenomenon
hearing-aid	universe
hearing-aid	vehicle-body
heart	body-part
heart	organ
heart	phenomenon
heart	physical-object
heart	universe
heart-card	artifact
heart-card	phenomenon
heart-card	universe
heart-card	vehicle-body
heart-shape	attribute
heart-shape	logical-relation
heart-shape	property
heart-shape	shape
heat	logical-relation
heat	quantity
heat-pump	artifact
heat-pump	device
heat-pump	machine
heat-pump	machinery
heat-pump	phenomenon
heat-pump	universe
heat-pump	vehicle-body
heated-exchange	accomplishment
heated-exchange	act
heated-exchange	activity
heated-exchange	argument
heated-exchange	communication
heated-exchange	contest
heated-exchange	event
heated-exchange	information
heated-exchange	phenomenon
heated-exchange	procedure
heated-exchange	universe
heated-exchange	volition
heated-exchange	war
heating-pad	artifact
heating-pad	device
heating-pad	phenomenon
heating-pad	universe
heating-pad	vehicle-body
heating-system	artifact
heating-system	device
heating-system	phenomenon
heating-system	universe
heating-system	vehicle-body
hedge	artifact
hedge	phenomenon
hedge	universe
hedge	vehicle-body
hedge-trimmer	artifact
hedge-trimmer	device
hedge-trimmer	phenomenon
hedge-trimmer	universe
hedge-trimmer	vehicle-body
heel	body-part
heel	phenomenon
heel	physical-object
heel	universe
heir	attribute
heir	logical-relation
heir	property
helicopter	aircraft
helicopter	artifact
helicopter	device
helicopter	phenomenon
helicopter	universe
helicopter	vehicle
helicopter	vehicle-body
hell	phenomenon
hell	place
hell	universe
help-desk	accomplishment
help-desk	act
help-desk	activity
help-desk	cooperation
help-desk	event
help-desk	phenomenon
help-desk	procedure
help-desk	volition
helping	food
helping	phenomenon
helping	universe
hen	agent
hen	animal
hen	bird
hen	body
hen	chicken
hen	organism
hen	phenomenon
hen	physical-object
hen	species
hen	universe
hen	vertebrate
heptagon	attribute
heptagon	logical-relation
heptagon	property
heptagon	shape
herb	body-part
herb	botanical-fruit
herb	phenomenon
herb	physical-object
herb	universe
herbicide	material
herbicide	phenomenon
herbicide	substance
herbicide	universe
herd	agent
herd	collection
herd	group
herd	phenomenon
herd	universe
here-and-now	logical-relation
here-and-now	quantity
hero	attribute
hero	logical-relation
hero	normal
hero	property
hexagon	attribute
hexagon	logical-relation
hexagon	property
hexagon	shape
hide	body-part
hide	phenomenon
hide	physical-object
hide	universe
hideaway	phenomenon
hideaway	place
hideaway	universe
hierarchy	agent
hierarchy	association
hierarchy	collection
hierarchy	group
hierarchy	organization
hierarchy	phenomenon
hierarchy	team
hierarchy	universe
highlight	amateur
highlight	ambiance
highlight	attribute
highlight	circumstance
highlight	civilisation
highlight	crowd
highlight	custom
highlight	danger
highlight	expert
highlight	freedom
highlight	hero
highlight	lap
highlight	literary-works
highlight	logical-relation
highlight	normal
highlight	point-of-view
highlight	practice
highlight	property
highlight	society
highlight	status
highlight	tension
highlight	way
highlighter	artifact
highlighter	device
highlighter	phenomenon
highlighter	universe
highlighter	vehicle-body
hilbert-space	logical-relation
hilbert-space	mathematical-set
hilbert-space	subset
hindrance	phenomenon
hindrance	universe
hinge	artifact
hinge	component
hinge	device
hinge	mechanism
hinge	phenomenon
hinge	universe
hinge	vehicle-body
hip	body-part
hip	phenomenon
hip	physical-object
hip	universe
historic-period	logical-relation
historic-period	quantity
history	field-of-study
history	logical-relation
history	signified
hobby	artifact
hobby	device
hobby	doll
hobby	phenomenon
hobby	plaything
hobby	universe
hobby	vehicle-body
hockey-stick	artifact
hockey-stick	device
hockey-stick	phenomenon
hockey-stick	universe
hockey-stick	vehicle-body
hoe	artifact
hoe	device
hoe	phenomenon
hoe	universe
hoe	vehicle-body
hog	agent
hog	animal
hog	body
hog	mammal
hog	organism
hog	phenomenon
hog	physical-object
hog	species
hog	universe
hog	vertebrate
hoist	artifact
hoist	device
hoist	phenomenon
hoist	universe
hoist	vehicle-body
holder	artifact
holder	device
holder	phenomenon
holder	universe
holder	vehicle-body
holiday	logical-relation
holiday	quantity
home	agent
home	association
home	collection
home	group
home	organization
home	phenomenon
home	team
home	universe
homecoming	event
homecoming	phenomenon
homecoming	visit
honey	material
honey	phenomenon
honey	substance
honey	universe
honor	amateur
honor	ambiance
honor	attribute
honor	circumstance
honor	civilisation
honor	crowd
honor	custom
honor	danger
honor	expert
honor	freedom
honor	hero
honor	lap
honor	literary-works
honor	logical-relation
honor	normal
honor	point-of-view
honor	practice
honor	property
honor	society
honor	status
honor	tension
honor	way
honour	amateur
honour	ambiance
honour	attribute
honour	circumstance
honour	civilisation
honour	crowd
honour	custom
honour	danger
honour	expert
honour	freedom
honour	hero
honour	lap
honour	literary-works
honour	logical-relation
honour	normal
honour	point-of-view
honour	practice
honour	property
honour	society
honour	status
honour	tension
honour	way
hood	artifact
hood	clothing
hood	fashion
hood	phenomenon
hood	universe
hood	vehicle-body
hood-ornament	artifact
hood-ornament	phenomenon
hood-ornament	universe
hood-ornament	vehicle-body
hook	artifact
hook	device
hook	phenomenon
hook	universe
hook	vehicle-body
hoop	artifact
hoop	phenomenon
hoop	universe
hoop	vehicle-body
hope-chest	artifact
hope-chest	phenomenon
hope-chest	universe
hope-chest	vehicle-body
hopeful-anticipation	logical-relation
hopeful-anticipation	signified
horizon	phenomenon
horizon	place
horizon	universe
horizontal-bar	artifact
horizontal-bar	device
horizontal-bar	phenomenon
horizontal-bar	universe
horizontal-bar	vehicle-body
horn	body-part
horn	bone
horn	phenomenon
horn	physical-object
horn	universe
horoscope	accomplishment
horoscope	act
horoscope	activity
horoscope	affirmation
horoscope	communication
horoscope	event
horoscope	information
horoscope	phenomenon
horoscope	procedure
horoscope	universe
horoscope	volition
horse	agent
horse	animal
horse	body
horse	mammal
horse	organism
horse	phenomenon
horse	physical-object
horse	species
horse	universe
horse	vertebrate
horse-blanket	artifact
horse-blanket	phenomenon
horse-blanket	universe
horse-blanket	vehicle-body
horsehair	hair
horsehair	phenomenon
horsehair	physical-object
horsehair	universe
horseradish-sauce	food
horseradish-sauce	material
horseradish-sauce	phenomenon
horseradish-sauce	substance
horseradish-sauce	universe
horseshoe	artifact
horseshoe	phenomenon
horseshoe	universe
horseshoe	vehicle-body
hosiery	artifact
hosiery	clothing
hosiery	fashion
hosiery	phenomenon
hosiery	universe
hosiery	vehicle-body
hospital	address
hospital	artifact
hospital	development
hospital	phenomenon
hospital	place
hospital	universe
hospital	vehicle-body
hospital-bed	artifact
hospital-bed	phenomenon
hospital-bed	universe
hospital-bed	vehicle-body
host	attribute
host	logical-relation
host	property
hostage	attribute
hostage	logical-relation
hostage	property
hostility	amateur
hostility	ambiance
hostility	attribute
hostility	circumstance
hostility	civilisation
hostility	crowd
hostility	custom
hostility	danger
hostility	expert
hostility	freedom
hostility	hero
hostility	lap
hostility	literary-works
hostility	logical-relation
hostility	normal
hostility	point-of-view
hostility	practice
hostility	property
hostility	society
hostility	status
hostility	tension
hostility	way
hot-cereal	food
hot-cereal	phenomenon
hot-cereal	universe
hot-chocolate	drink
hot-chocolate	food
hot-chocolate	material
hot-chocolate	phenomenon
hot-chocolate	substance
hot-chocolate	universe
hot-plate	artifact
hot-plate	device
hot-plate	phenomenon
hot-plate	universe
hot-plate	vehicle-body
hot-sauce	food
hot-sauce	material
hot-sauce	phenomenon
hot-sauce	substance
hot-sauce	universe
hourglass	artifact
hourglass	device
hourglass	phenomenon
hourglass	universe
hourglass	vehicle-body
house	address
house	artifact
house	building
house	development
house	phenomenon
house	place
house	universe
house	vehicle-body
house-painting	attribute
house-painting	logical-relation
house-painting	property
house-painting	trade
housecleaning	event
housecleaning	phenomenon
housecleaning	visit
houseplant	agent
houseplant	organism
houseplant	phenomenon
houseplant	physical-object
houseplant	plant
houseplant	species
houseplant	universe
housework	attribute
housework	logical-relation
housework	property
housing	artifact
housing	building
housing	development
housing	phenomenon
housing	universe
housing	vehicle-body
hovel	artifact
hovel	building
hovel	development
hovel	phenomenon
hovel	universe
hovel	vehicle-body
human	agent
human	animal
human	body
human	mammal
human	organism
human	phenomenon
human	physical-object
human	species
human	universe
human	vertebrate
humanities	field-of-study
humanities	logical-relation
humanities	signified
humanness	agent
humanness	animal
humanness	body
humanness	human
humanness	mammal
humanness	organism
humanness	person
humanness	phenomenon
humanness	physical-object
humanness	populace
humanness	self
humanness	species
humanness	universe
humanness	vertebrate
hummus	food
hummus	material
hummus	phenomenon
hummus	substance
hummus	universe
humor	attribute
humor	inclination
humor	logical-relation
humor	mentality
humor	property
humor	range-of-a-function
humor	trait
hunt	accomplishment
hunt	act
hunt	activity
hunt	event
hunt	phenomenon
hunt	procedure
hunt	volition
hunter	agent
hunter	animal
hunter	body
hunter	human
hunter	mammal
hunter	organism
hunter	person
hunter	phenomenon
hunter	physical-object
hunter	populace
hunter	self
hunter	species
hunter	universe
hunter	vertebrate
hunting-expedition	event
hunting-expedition	phenomenon
hunting-expedition	visit
husband	attribute
husband	logical-relation
husband	property
hutch	artifact
hutch	device
hutch	holder
hutch	phenomenon
hutch	universe
hutch	vehicle-body
hybrid	agent
hybrid	organism
hybrid	phenomenon
hybrid	physical-object
hybrid	species
hybrid	universe
hygrometer	artifact
hygrometer	device
hygrometer	phenomenon
hygrometer	universe
hygrometer	vehicle-body
hyperbolic-geometry	field-of-study
hyperbolic-geometry	logical-relation
hyperbolic-geometry	signified
hypothesis	logical-relation
hypothesis	signified
ibuprofen	material
ibuprofen	phenomenon
ibuprofen	substance
ibuprofen	universe
ice	compound
ice	material
ice	phenomenon
ice	substance
ice	universe
ice	water
ice-maker	artifact
ice-maker	device
ice-maker	machine
ice-maker	machinery
ice-maker	phenomenon
ice-maker	universe
ice-maker	vehicle-body
ice-pack	artifact
ice-pack	device
ice-pack	phenomenon
ice-pack	universe
ice-pack	vehicle-body
ice-skate	artifact
ice-skate	device
ice-skate	phenomenon
ice-skate	universe
ice-skate	vehicle-body
icing	food
icing	material
icing	phenomenon
icing	substance
icing	universe
idea	logical-relation
idea	signified
ideal	amateur
ideal	ambiance
ideal	attribute
ideal	circumstance
ideal	civilisation
ideal	crowd
ideal	custom
ideal	danger
ideal	expert
ideal	freedom
ideal	hero
ideal	lap
ideal	literary-works
ideal	logical-relation
ideal	normal
ideal	point-of-view
ideal	practice
ideal	property
ideal	society
ideal	status
ideal	tension
ideal	way
ideal-value	amateur
ideal-value	ambiance
ideal-value	attribute
ideal-value	circumstance
ideal-value	civilisation
ideal-value	crowd
ideal-value	custom
ideal-value	danger
ideal-value	expert
ideal-value	freedom
ideal-value	hero
ideal-value	lap
ideal-value	literary-works
ideal-value	logical-relation
ideal-value	normal
ideal-value	point-of-view
ideal-value	practice
ideal-value	property
ideal-value	society
ideal-value	status
ideal-value	tension
ideal-value	way
identicalness	attribute
identicalness	logical-relation
identicalness	property
identification	indication
identification	information
identification	phenomenon
identification	physical-object
identification	universe
identity	attribute
identity	inclination
identity	logical-relation
identity	mentality
identity	property
identity	range-of-a-function
identity	trait
identity-card	artifact
identity-card	contract-condition
identity-card	indication
identity-card	information
identity-card	line-of-text
identity-card	phenomenon
identity-card	physical-object
identity-card	text
identity-card	universe
identity-card	vehicle-body
identity-element	character
identity-element	information
identity-element	phenomenon
identity-element	symbol
identity-element	universe
ignorance	logical-relation
ignorance	signified
illness	attribute
illness	logical-relation
illness	property
illustration	information
illustration	phenomenon
illustration	universe
image	information
image	phenomenon
image	universe
immigrant	attribute
immigrant	logical-relation
immigrant	property
immigration	event
immigration	phenomenon
immigration	visit
impact	event
impact	phenomenon
impact	visit
imperativeness	amateur
imperativeness	ambiance
imperativeness	attribute
imperativeness	circumstance
imperativeness	civilisation
imperativeness	crowd
imperativeness	custom
imperativeness	danger
imperativeness	expert
imperativeness	freedom
imperativeness	hero
imperativeness	lap
imperativeness	literary-works
imperativeness	logical-relation
imperativeness	normal
imperativeness	point-of-view
imperativeness	practice
imperativeness	property
imperativeness	society
imperativeness	status
imperativeness	tension
imperativeness	way
impetus	logical-relation
impetus	quantity
impetus	vector
implication	logical-relation
implication	signified
import	phenomenon
importance	amateur
importance	ambiance
importance	attribute
importance	circumstance
importance	civilisation
importance	crowd
importance	custom
importance	danger
importance	expert
importance	freedom
importance	hero
importance	lap
importance	literary-works
importance	logical-relation
importance	normal
importance	point-of-view
importance	practice
importance	property
importance	society
importance	status
importance	tension
importance	way
imposter	agent
imposter	animal
imposter	body
imposter	human
imposter	mammal
imposter	organism
imposter	person
imposter	phenomenon
imposter	physical-object
imposter	populace
imposter	self
imposter	species
imposter	universe
imposter	vertebrate
impression	amateur
impression	ambiance
impression	attribute
impression	circumstance
impression	civilisation
impression	crowd
impression	custom
impression	danger
impression	expert
impression	freedom
impression	hero
impression	lap
impression	literary-works
impression	logical-relation
impression	normal
impression	point-of-view
impression	practice
impression	property
impression	society
impression	status
impression	tension
impression	way
improvement	amateur
improvement	ambiance
improvement	attribute
improvement	circumstance
improvement	civilisation
improvement	crowd
improvement	custom
improvement	danger
improvement	expert
improvement	freedom
improvement	hero
improvement	lap
improvement	literary-works
improvement	logical-relation
improvement	normal
improvement	point-of-view
improvement	practice
improvement	property
improvement	society
improvement	status
improvement	tension
improvement	way
impudence	accomplishment
impudence	act
impudence	activity
impudence	communication
impudence	event
impudence	information
impudence	phenomenon
impudence	procedure
impudence	reaction.phenomenon
impudence	universe
impudence	volition
incense	material
incense	phenomenon
incense	substance
incense	universe
incertitude	attribute
incertitude	logical-relation
incertitude	property
incident	event
incident	phenomenon
inclination	attribute
inclination	logical-relation
inclination	property
income	logical-relation
income	quantity
increase	event
increase	phenomenon
increment	logical-relation
increment	quantity
incubator	artifact
incubator	device
incubator	phenomenon
incubator	universe
incubator	vehicle-body
indemnity	attribute
indemnity	logical-relation
indemnity	property
independent-variable	logical-relation
independent-variable	quantity
index	body-part
index	finger
index	phenomenon
index	physical-object
index	universe
indication	information
indication	phenomenon
indication	physical-object
indication	universe
indicator-needle	artifact
indicator-needle	component
indicator-needle	device
indicator-needle	mechanism
indicator-needle	phenomenon
indicator-needle	universe
indicator-needle	vehicle-body
indigence	amateur
indigence	ambiance
indigence	attribute
indigence	circumstance
indigence	civilisation
indigence	crowd
indigence	custom
indigence	danger
indigence	expert
indigence	freedom
indigence	hero
indigence	lap
indigence	literary-works
indigence	logical-relation
indigence	normal
indigence	point-of-view
indigence	practice
indigence	property
indigence	society
indigence	status
indigence	tension
indigence	way
individual	agent
individual	organism
individual	phenomenon
individual	physical-object
individual	species
individual	universe
industry	accomplishment
industry	act
industry	activity
industry	creation
industry	event
industry	phenomenon
industry	procedure
industry	volition
infection	event
infection	phenomenon
infinitesimal	logical-relation
infinitesimal	quantity
influence	amateur
influence	ambiance
influence	attribute
influence	circumstance
influence	civilisation
influence	crowd
influence	custom
influence	danger
influence	expert
influence	freedom
influence	hero
influence	lap
influence	literary-works
influence	logical-relation
influence	normal
influence	point-of-view
influence	practice
influence	property
influence	society
influence	status
influence	tension
influence	way
influence.phenomenon	event
influence.phenomenon	phenomenon
influential-contact	attribute
influential-contact	logical-relation
influential-contact	property
informant	attribute
informant	logical-relation
informant	property
information	phenomenon
information	universe
information-theory	logical-relation
information-theory	signified
infrastructure	artifact
infrastructure	phenomenon
infrastructure	universe
infrastructure	vehicle-body
ingredient	material
ingredient	phenomenon
ingredient	substance
ingredient	universe
inhabitant	agent
inhabitant	organism
inhabitant	phenomenon
inhabitant	physical-object
inhabitant	species
inhabitant	universe
inhibition	accomplishment
inhibition	act
inhibition	activity
inhibition	event
inhibition	information
inhibition	phenomenon
inhibition	procedure
inhibition	universe
inhibition	volition
initial	character
initial	information
initial	phenomenon
initial	symbol
initial	universe
injection	event
injection	locating
injection	phenomenon
injection	visit
injury	event
injury	phenomenon
ink	material
ink	phenomenon
ink	substance
ink	universe
inner-tube	artifact
inner-tube	phenomenon
inner-tube	universe
inner-tube	vehicle-body
innovation	artifact
innovation	phenomenon
innovation	universe
innovation	vehicle-body
inquest	accomplishment
inquest	act
inquest	activity
inquest	event
inquest	information
inquest	phenomenon
inquest	procedure
inquest	search
inquest	universe
inquest	volition
insect	agent
insect	animal
insect	body
insect	invertebrate
insect	organism
insect	phenomenon
insect	physical-object
insect	species
insect	universe
insecticide	material
insecticide	phenomenon
insecticide	substance
insecticide	universe
insert	artifact
insert	phenomenon
insert	universe
insert	vehicle-body
insider	attribute
insider	logical-relation
insider	property
insight	event
insight	phenomenon
insistence	accomplishment
insistence	act
insistence	activity
insistence	communication
insistence	event
insistence	information
insistence	phenomenon
insistence	procedure
insistence	universe
insistence	volition
insolvency	attribute
insolvency	logical-relation
insolvency	property
inspiration	event
inspiration	phenomenon
installation	event
installation	locating
installation	phenomenon
installation	visit
instinct	attribute
instinct	logical-relation
instinct	property
institution	agent
institution	association
institution	collection
institution	group
institution	organization
institution	phenomenon
institution	team
institution	universe
instrument	artifact
instrument	device
instrument	phenomenon
instrument	universe
instrument	vehicle-body
insufficiency	amateur
insufficiency	ambiance
insufficiency	attribute
insufficiency	circumstance
insufficiency	civilisation
insufficiency	crowd
insufficiency	custom
insufficiency	danger
insufficiency	expert
insufficiency	freedom
insufficiency	hero
insufficiency	lap
insufficiency	literary-works
insufficiency	logical-relation
insufficiency	normal
insufficiency	point-of-view
insufficiency	practice
insufficiency	property
insufficiency	society
insufficiency	status
insufficiency	tension
insufficiency	way
insulation	phenomenon
insulation	universe
insurance-coverage	logical-relation
insurance-coverage	quantity
insurgent	attribute
insurgent	logical-relation
insurgent	property
integral-calculus	field-of-study
integral-calculus	logical-relation
integral-calculus	signified
integrated-circuit	artifact
integrated-circuit	component
integrated-circuit	device
integrated-circuit	mechanism
integrated-circuit	phenomenon
integrated-circuit	universe
integrated-circuit	vehicle-body
integration	combination
integration	event
integration	phenomenon
integrity	attribute
integrity	logical-relation
integrity	normal
integrity	property
intellect	attribute
intellect	logical-relation
intellect	property
intelligence	attribute
intelligence	logical-relation
intelligence	property
intelligence-service	agent
intelligence-service	association
intelligence-service	collection
intelligence-service	government
intelligence-service	group
intelligence-service	organization
intelligence-service	phenomenon
intelligence-service	team
intelligence-service	universe
intended-use	attribute
intended-use	logical-relation
intended-use	property
intent	logical-relation
intent	signified
intention	accomplishment
intention	act
intention	activity
intention	event
intention	information
intention	phenomenon
intention	procedure
intention	universe
intention	volition
interaction	accomplishment
interaction	act
interaction	activity
interaction	event
interaction	phenomenon
interaction	procedure
interaction	volition
intercom	artifact
intercom	device
intercom	phenomenon
intercom	universe
intercom	vehicle-body
interest	logical-relation
interest	number
interest	quantity
interface	code
interface	computer-program
interface	logical-relation
interface	measure
interface	routine
interface	signified
interior-design	attribute
interior-design	logical-relation
interior-design	property
interior-design	trade
interpolation	accomplishment
interpolation	act
interpolation	activity
interpolation	calculation
interpolation	event
interpolation	information
interpolation	phenomenon
interpolation	procedure
interpolation	universe
interpolation	volition
interview	accomplishment
interview	act
interview	activity
interview	communication
interview	event
interview	information
interview	phenomenon
interview	procedure
interview	universe
interview	volition
intestine	body-part
intestine	phenomenon
intestine	physical-object
intestine	universe
intro	accomplishment
intro	act
intro	activity
intro	communication
intro	event
intro	information
intro	phenomenon
intro	procedure
intro	universe
intro	volition
introduction	accomplishment
introduction	act
introduction	activity
introduction	communication
introduction	event
introduction	information
introduction	phenomenon
introduction	procedure
introduction	universe
introduction	volition
introductory-text	artifact
introductory-text	book
introductory-text	component
introductory-text	device
introductory-text	indication
introductory-text	information
introductory-text	mechanism
introductory-text	phenomenon
introductory-text	physical-object
introductory-text	universe
introductory-text	vehicle-body
intuition	logical-relation
intuition	signified
invariance	attribute
invariance	logical-relation
invariance	property
invariant	attribute
invariant	logical-relation
invariant	property
invasion	event
invasion	phenomenon
invasion	visit
invention	event
invention	phenomenon
inverse-function	logical-relation
invertebrate	agent
invertebrate	animal
invertebrate	body
invertebrate	organism
invertebrate	phenomenon
invertebrate	physical-object
invertebrate	species
invertebrate	universe
investigator	agent
investigator	animal
investigator	body
investigator	human
investigator	mammal
investigator	organism
investigator	person
investigator	phenomenon
investigator	physical-object
investigator	populace
investigator	self
investigator	species
investigator	universe
investigator	vertebrate
investment	logical-relation
investment	quantity
invitation	accomplishment
invitation	act
invitation	activity
invitation	advice
invitation	communication
invitation	event
invitation	information
invitation	phenomenon
invitation	procedure
invitation	universe
invitation	volition
invoice	article
invoice	artifact
invoice	contract-condition
invoice	data-file
invoice	essay
invoice	indication
invoice	information
invoice	line-of-text
invoice	news
invoice	note
invoice	phenomenon
invoice	physical-object
invoice	text
invoice	universe
invoice	vehicle-body
iron	chemical-element
iron	material
iron	phenomenon
iron	substance
iron	universe
ironing	event
ironing	phenomenon
ironing-board	artifact
ironing-board	device
ironing-board	phenomenon
ironing-board	universe
ironing-board	vehicle-body
ironware	artifact
ironware	phenomenon
ironware	universe
ironware	vehicle-body
island	land
island	phenomenon
island	place
island	universe
island	yard
isogon	attribute
isogon	curve
isogon	logical-relation
isogon	polygon
isogon	property
isogon	shape
isolation	attribute
isolation	logical-relation
isolation	property
isometry	logical-relation
isotropy	attribute
isotropy	logical-relation
isotropy	property
issue	logical-relation
issue	signified
item	information
item	line-of-text
item	phenomenon
item	remark
item	sentence
item	universe
iteration	event
iteration	phenomenon
ivory	body-part
ivory	bone
ivory	phenomenon
ivory	physical-object
ivory	universe
jack	artifact
jack	device
jack	phenomenon
jack	universe
jack	vehicle-body
jacket	artifact
jacket	clothing
jacket	fashion
jacket	phenomenon
jacket	universe
jacket	vehicle-body
jail-cell	artifact
jail-cell	development
jail-cell	phenomenon
jail-cell	room
jail-cell	universe
jail-cell	vehicle-body
jam	food
jam	material
jam	phenomenon
jam	substance
jam	universe
jar	artifact
jar	phenomenon
jar	universe
jar	vehicle-body
javelin	artifact
javelin	device
javelin	phenomenon
javelin	universe
javelin	vehicle-body
javelin	weapon
jaw	body-part
jaw	bone
jaw	phenomenon
jaw	physical-object
jaw	universe
jeans	artifact
jeans	clothing
jeans	fashion
jeans	phenomenon
jeans	universe
jeans	vehicle-body
jelly	phenomenon
jelly	universe
jellyfish	agent
jellyfish	animal
jellyfish	body
jellyfish	invertebrate
jellyfish	organism
jellyfish	phenomenon
jellyfish	physical-object
jellyfish	species
jellyfish	universe
jerky	food
jerky	material
jerky	meat
jerky	phenomenon
jerky	substance
jerky	universe
jersey	artifact
jersey	clothing
jersey	fashion
jersey	phenomenon
jersey	shirt
jersey	universe
jersey	vehicle-body
jet	event
jet	phenomenon
jewel	material
jewel	mineral
jewel	phenomenon
jewel	substance
jewel	universe
jig	event
jig	motion
jig	phenomenon
jigsaw	artifact
jigsaw	device
jigsaw	phenomenon
jigsaw	universe
jigsaw	vehicle-body
jigsaw-puzzle	artifact
jigsaw-puzzle	phenomenon
jigsaw-puzzle	universe
jigsaw-puzzle	vehicle-body
job	accomplishment
job	act
job	activity
job	event
job	exchange
job	interaction
job	phenomenon
job	procedure
job	transaction
job	volition
job-placement	accomplishment
job-placement	act
job-placement	activity
job-placement	event
job-placement	exchange
job-placement	interaction
job-placement	phenomenon
job-placement	procedure
job-placement	transaction
job-placement	volition
jockey	attribute
jockey	logical-relation
jockey	property
joint	artifact
joint	phenomenon
joint	universe
joint	vehicle-body
joint-probability	logical-relation
joint-probability	probability
joke	amateur
joke	ambiance
joke	attribute
joke	circumstance
joke	civilisation
joke	crowd
joke	custom
joke	danger
joke	expert
joke	freedom
joke	hero
joke	lap
joke	literary-works
joke	logical-relation
joke	normal
joke	point-of-view
joke	practice
joke	property
joke	society
joke	status
joke	tension
joke	way
journal	artifact
journal	contract-condition
journal	indication
journal	information
journal	line-of-text
journal	periodical
journal	phenomenon
journal	physical-object
journal	series
journal	text
journal	universe
journal	vehicle-body
journey	event
journey	phenomenon
journey	visit
judgement	accomplishment
judgement	act
judgement	activity
judgement	communication
judgement	event
judgement	information
judgement	judicial-opinion
judgement	phenomenon
judgement	procedure
judgement	universe
judgement	volition
judging	accomplishment
judging	act
judging	activity
judging	event
judging	information
judging	phenomenon
judging	procedure
judging	universe
judging	volition
judgment	accomplishment
judgment	act
judgment	activity
judgment	event
judgment	information
judgment	phenomenon
judgment	procedure
judgment	universe
judgment	volition
judgment-of-conviction	accomplishment
judgment-of-conviction	act
judgment-of-conviction	activity
judgment-of-conviction	communication
judgment-of-conviction	event
judgment-of-conviction	information
judgment-of-conviction	judicial-opinion
judgment-of-conviction	phenomenon
judgment-of-conviction	procedure
judgment-of-conviction	universe
judgment-of-conviction	volition
judicial-opinion	accomplishment
judicial-opinion	act
judicial-opinion	activity
judicial-opinion	communication
judicial-opinion	event
judicial-opinion	information
judicial-opinion	phenomenon
judicial-opinion	procedure
judicial-opinion	universe
judicial-opinion	volition
juicer	artifact
juicer	device
juicer	phenomenon
juicer	universe
juicer	vehicle-body
jukebox	artifact
jukebox	device
jukebox	phenomenon
jukebox	universe
jukebox	vehicle-body
jump	event
jump	extension.time
jump	increase
jump	phenomenon
jump-rope	artifact
jump-rope	phenomenon
jump-rope	universe
jump-rope	vehicle-body
jumpsuit	artifact
jumpsuit	clothing
jumpsuit	fashion
jumpsuit	phenomenon
jumpsuit	universe
jumpsuit	vehicle-body
junction	phenomenon
junction	universe
juniper-berry	body-part
juniper-berry	botanical-fruit
juniper-berry	phenomenon
juniper-berry	physical-object
juniper-berry	universe
jury	agent
jury	collection
jury	group
jury	people
jury	phenomenon
jury	school-class
jury	universe
justice	amateur
justice	ambiance
justice	attribute
justice	circumstance
justice	civilisation
justice	crowd
justice	custom
justice	danger
justice	expert
justice	freedom
justice	hero
justice	lap
justice	literary-works
justice	logical-relation
justice	normal
justice	point-of-view
justice	practice
justice	property
justice	society
justice	status
justice	tension
justice	way
justification	accomplishment
justification	act
justification	activity
justification	event
justification	information
justification	phenomenon
justification	procedure
justification	thinking
justification	universe
justification	volition
jute	body-part
jute	phenomenon
jute	physical-object
jute	universe
kaleidoscope	artifact
kaleidoscope	device
kaleidoscope	phenomenon
kaleidoscope	plaything
kaleidoscope	universe
kaleidoscope	vehicle-body
keep	event
keep	phenomenon
kendall-partial-rank-correlation	logical-relation
kendall-test	logical-relation
kerosene	material
kerosene	phenomenon
kerosene	substance
kerosene	universe
kettle	artifact
kettle	carrying-case
kettle	device
kettle	holder
kettle	pan
kettle	phenomenon
kettle	universe
kettle	vehicle-body
key	artifact
key	device
key	phenomenon
key	universe
key	vehicle-body
kick	attribute
kick	logical-relation
kick	property
kidney	body-part
kidney	organ
kidney	phenomenon
kidney	physical-object
kidney	universe
killer	agent
killer	animal
killer	body
killer	human
killer	mammal
killer	organism
killer	person
killer	phenomenon
killer	physical-object
killer	populace
killer	self
killer	species
killer	universe
killer	vertebrate
kimono	artifact
kimono	clothing
kimono	fashion
kimono	phenomenon
kimono	universe
kimono	vehicle-body
kin	agent
kin	collection
kin	group
kin	people
kin	phenomenon
kin	school-class
kin	universe
king-card	artifact
king-card	phenomenon
king-card	universe
king-card	vehicle-body
kingdom	agent
kingdom	association
kingdom	collection
kingdom	government
kingdom	group
kingdom	organization
kingdom	phenomenon
kingdom	team
kingdom	universe
kinship	attribute
kinship	logical-relation
kinship	property
kit	collection
kit	phenomenon
kitchen	artifact
kitchen	development
kitchen	phenomenon
kitchen	place
kitchen	room
kitchen	universe
kitchen	vehicle-body
kitchen-appliance	artifact
kitchen-appliance	device
kitchen-appliance	phenomenon
kitchen-appliance	universe
kitchen-appliance	vehicle-body
kitchen-mixer	artifact
kitchen-mixer	device
kitchen-mixer	phenomenon
kitchen-mixer	universe
kitchen-mixer	vehicle-body
kitchenette	phenomenon
kitchenette	place
kitchenette	universe
kitchenware	artifact
kitchenware	phenomenon
kitchenware	universe
kitchenware	vehicle-body
kite	artifact
kite	device
kite	phenomenon
kite	plaything
kite	universe
kite	vehicle-body
kiwi-fruit	body-part
kiwi-fruit	botanical-fruit
kiwi-fruit	phenomenon
kiwi-fruit	physical-object
kiwi-fruit	universe
knee	body-part
knee	phenomenon
knee	physical-object
knee	universe
knife	artifact
knife	cutter
knife	device
knife	phenomenon
knife	universe
knife	vehicle-body
knight	artifact
knight	game-equipment
knight	phenomenon
knight	universe
knight	vehicle-body
knitting-machine	artifact
knitting-machine	device
knitting-machine	machine
knitting-machine	machinery
knitting-machine	phenomenon
knitting-machine	universe
knitting-machine	vehicle-body
knitting-needle	artifact
knitting-needle	device
knitting-needle	phenomenon
knitting-needle	universe
knitting-needle	vehicle-body
knot	event
knot	phenomenon
kohlrabi	body-part
kohlrabi	botanical-fruit
kohlrabi	phenomenon
kohlrabi	physical-object
kohlrabi	universe
koran	artifact
koran	book
koran	component
koran	device
koran	indication
koran	information
koran	mechanism
koran	phenomenon
koran	physical-object
koran	universe
koran	vehicle-body
kronecker-delta	logical-relation
kumquat	body-part
kumquat	botanical-fruit
kumquat	phenomenon
kumquat	physical-object
kumquat	universe
lab	artifact
lab	development
lab	phenomenon
lab	universe
lab	vehicle-body
label	indication
label	information
label	phenomenon
label	physical-object
label	universe
labor	accomplishment
labor	act
labor	activity
labor	event
labor	phenomenon
labor	procedure
labor	volition
laborer	attribute
laborer	logical-relation
laborer	property
labour	attribute
labour	logical-relation
labour	property
lace	artifact
lace	fabric
lace	phenomenon
lace	universe
lace	vehicle-body
lack	attribute
lack	logical-relation
lack	property
lacrosse-ball	artifact
lacrosse-ball	ball
lacrosse-ball	game-equipment
lacrosse-ball	phenomenon
lacrosse-ball	universe
lacrosse-ball	vehicle-body
lactose	compound
lactose	material
lactose	phenomenon
lactose	substance
lactose	universe
ladder	artifact
ladder	phenomenon
ladder	universe
ladder	vehicle-body
ladle	artifact
ladle	device
ladle	phenomenon
ladle	universe
ladle	vehicle-body
lady	agent
lady	animal
lady	body
lady	human
lady	mammal
lady	organism
lady	person
lady	phenomenon
lady	physical-object
lady	populace
lady	self
lady	species
lady	universe
lady	vertebrate
lamb	agent
lamb	animal
lamb	body
lamb	livestock
lamb	mammal
lamb	organism
lamb	phenomenon
lamb	physical-object
lamb	sheep
lamb	species
lamb	universe
lamb	vertebrate
lamp	artifact
lamp	device
lamp	phenomenon
lamp	universe
lamp	vehicle-body
lamp-shade	artifact
lamp-shade	phenomenon
lamp-shade	universe
lamp-shade	vehicle-body
land	phenomenon
land	place
land	universe
landlord	attribute
landlord	logical-relation
landlord	property
landmine	artifact
landmine	device
landmine	phenomenon
landmine	universe
landmine	vehicle-body
landowner	attribute
landowner	logical-relation
landowner	property
landscaping	accomplishment
landscaping	act
landscaping	activity
landscaping	care
landscaping	event
landscaping	phenomenon
landscaping	procedure
landscaping	volition
lane	artifact
lane	development
lane	phenomenon
lane	universe
lane	vehicle-body
language	information
language	line-of-text
language	phenomenon
language	universe
lantern	artifact
lantern	device
lantern	phenomenon
lantern	universe
lantern	vehicle-body
lanyard	artifact
lanyard	phenomenon
lanyard	universe
lanyard	vehicle-body
lap	attribute
lap	logical-relation
lap	normal
lap	property
laptop	artifact
laptop	computer
laptop	device
laptop	phenomenon
laptop	universe
laptop	vehicle-body
larceny	accomplishment
larceny	act
larceny	activity
larceny	event
larceny	phenomenon
larceny	procedure
larceny	volition
lard	food
lard	material
lard	meat
lard	phenomenon
lard	substance
lard	universe
laser	artifact
laser	device
laser	phenomenon
laser	universe
laser	vehicle-body
latch	artifact
latch	device
latch	phenomenon
latch	universe
latch	vehicle-body
latent-hostility	amateur
latent-hostility	ambiance
latent-hostility	attribute
latent-hostility	circumstance
latent-hostility	civilisation
latent-hostility	crowd
latent-hostility	custom
latent-hostility	danger
latent-hostility	expert
latent-hostility	freedom
latent-hostility	hero
latent-hostility	lap
latent-hostility	literary-works
latent-hostility	logical-relation
latent-hostility	normal
latent-hostility	point-of-view
latent-hostility	practice
latent-hostility	property
latent-hostility	society
latent-hostility	status
latent-hostility	tension
latent-hostility	way
lattice	artifact
lattice	fine-art
lattice	indication
lattice	information
lattice	phenomenon
lattice	physical-object
lattice	universe
lattice	vehicle-body
laundering	event
laundering	phenomenon
laundering	visit
laundry	artifact
laundry	fabric
laundry	phenomenon
laundry	universe
laundry	vehicle-body
laundry-basket	artifact
laundry-basket	device
laundry-basket	phenomenon
laundry-basket	universe
laundry-basket	vehicle-body
laundry-detergent	material
laundry-detergent	phenomenon
laundry-detergent	substance
laundry-detergent	universe
laurel-wreath	accomplishment
laurel-wreath	act
laurel-wreath	activity
laurel-wreath	event
laurel-wreath	phenomenon
laurel-wreath	procedure
laurel-wreath	volition
law	field-of-study
law	logical-relation
law	signified
lawn	field
lawn	land
lawn	phenomenon
lawn	place
lawn	universe
lawn	yard
lawn-mower	artifact
lawn-mower	device
lawn-mower	phenomenon
lawn-mower	universe
lawn-mower	vehicle-body
lawsuit	accomplishment
lawsuit	act
lawsuit	activity
lawsuit	contest
lawsuit	event
lawsuit	phenomenon
lawsuit	procedure
lawsuit	volition
lawsuit	war
layer	phenomenon
layer	place
layer	universe
layout	logical-relation
lead	attribute
lead	logical-relation
lead	property
lead-metal	chemical-element
lead-metal	material
lead-metal	phenomenon
lead-metal	substance
lead-metal	universe
leader	accomplishment
leader	act
leader	activity
leader	event
leader	phenomenon
leader	procedure
leader	volition
leadership	accomplishment
leadership	act
leadership	activity
leadership	event
leadership	leader
leadership	phenomenon
leadership	procedure
leadership	volition
leaf	body-part
leaf	organ
leaf	phenomenon
leaf	physical-object
leaf	universe
leaf-blade	body-part
leaf-blade	leaf
leaf-blade	organ
leaf-blade	phenomenon
leaf-blade	physical-object
leaf-blade	universe
lease	contract
lease	legal-document
lease	logical-relation
lease	signified
leash	artifact
leash	phenomenon
leash	universe
leash	vehicle-body
least-squares	logical-relation
least-squares	measure
least-squares	routine
least-squares	signified
leather	artifact
leather	fabric
leather	phenomenon
leather	universe
leather	vehicle-body
leave	logical-relation
leave	quantity
lectern	artifact
lectern	phenomenon
lectern	universe
lectern	vehicle-body
lecture	accomplishment
lecture	acquired-knowledge
lecture	act
lecture	activity
lecture	education
lecture	event
lecture	leader
lecture	phenomenon
lecture	procedure
lecture	volition
leek	body-part
leek	botanical-fruit
leek	phenomenon
leek	physical-object
leek	universe
leftovers	food
leftovers	phenomenon
leftovers	universe
leg	artifact
leg	phenomenon
leg	universe
leg	vehicle-body
leg-of-meat	food
leg-of-meat	material
leg-of-meat	meat
leg-of-meat	phenomenon
leg-of-meat	substance
leg-of-meat	universe
legal-action	accomplishment
legal-action	act
legal-action	activity
legal-action	contest
legal-action	event
legal-action	phenomenon
legal-action	procedure
legal-action	volition
legal-action	war
legal-age	logical-relation
legal-age	quantity
legal-document	logical-relation
legal-document	signified
legal-power	attribute
legal-power	logical-relation
legal-power	normal
legal-power	property
legal-procedure	logical-relation
legal-procedure	measure
legal-procedure	routine
legal-procedure	signified
legal-profession	attribute
legal-profession	logical-relation
legal-profession	property
legal-ward	attribute
legal-ward	logical-relation
legal-ward	property
legend	artifact
legend	contract-condition
legend	indication
legend	information
legend	line-of-text
legend	myth
legend	phenomenon
legend	physical-object
legend	text
legend	universe
legend	vehicle-body
legend-key	artifact
legend-key	contract-condition
legend-key	indication
legend-key	information
legend-key	line-of-text
legend-key	phenomenon
legend-key	physical-object
legend-key	text
legend-key	universe
legend-key	vehicle-body
leggings	artifact
leggings	clothing
leggings	fashion
leggings	phenomenon
leggings	universe
leggings	vehicle-body
legislation	accomplishment
legislation	act
legislation	activity
legislation	event
legislation	phenomenon
legislation	procedure
legislation	volition
lego	artifact
lego	device
lego	phenomenon
lego	universe
lego	vehicle-body
leisure	accomplishment
leisure	act
leisure	activity
leisure	event
leisure	phenomenon
leisure	procedure
leisure	volition
lengthiness	attribute
lengthiness	logical-relation
lengthiness	property
lens	artifact
lens	device
lens	phenomenon
lens	universe
lens	vehicle-body
lens-cap	artifact
lens-cap	device
lens-cap	phenomenon
lens-cap	universe
lens-cap	vehicle-body
leotard	artifact
leotard	clothing
leotard	fashion
leotard	phenomenon
leotard	universe
leotard	vehicle-body
lesson	accomplishment
lesson	acquired-knowledge
lesson	act
lesson	activity
lesson	education
lesson	event
lesson	leader
lesson	phenomenon
lesson	procedure
lesson	volition
letter	artifact
letter	contract-condition
letter	data-file
letter	indication
letter	information
letter	line-of-text
letter	news
letter	note
letter	phenomenon
letter	physical-object
letter	text
letter	universe
letter	vehicle-body
letter-of-the-alphabet	character
letter-of-the-alphabet	information
letter-of-the-alphabet	phenomenon
letter-of-the-alphabet	symbol
letter-of-the-alphabet	universe
letter-opener	artifact
letter-opener	device
letter-opener	phenomenon
letter-opener	universe
letter-opener	vehicle-body
level	attribute
level	logical-relation
level	normal
level	property
liability	attribute
liability	logical-relation
liability	property
liberty	attribute
liberty	logical-relation
liberty	normal
liberty	property
library	artifact
library	building
library	development
library	phenomenon
library	universe
library	vehicle-body
license	artifact
license	contract-condition
license	indication
license	information
license	line-of-text
license	phenomenon
license	physical-object
license	text
license	universe
license	vehicle-body
lid	artifact
lid	phenomenon
lid	universe
lid	vehicle-body
life-jacket	artifact
life-jacket	clothing
life-jacket	fashion
life-jacket	phenomenon
life-jacket	universe
life-jacket	vehicle-body
life-style	attribute
life-style	logical-relation
life-style	property
lift	event
lift	phenomenon
lift	transport
lift	visit
light	artifact
light	device
light	phenomenon
light	universe
light	vehicle-body
light-meter	artifact
light-meter	device
light-meter	phenomenon
light-meter	universe
light-meter	vehicle-body
lighter	artifact
lighter	device
lighter	phenomenon
lighter	universe
lighter	vehicle-body
lighting	artifact
lighting	device
lighting	phenomenon
lighting	universe
lighting	vehicle-body
lily	agent
lily	organism
lily	phenomenon
lily	physical-object
lily	plant
lily	species
lily	universe
limb	body-part
limb	phenomenon
limb	physical-object
limb	universe
limestone	material
limestone	mineral
limestone	phenomenon
limestone	substance
limestone	universe
limit	phenomenon
limit	place
limit	universe
limit.quantity	logical-relation
limit.quantity	quantity
limitation	amateur
limitation	ambiance
limitation	attribute
limitation	circumstance
limitation	civilisation
limitation	crowd
limitation	custom
limitation	danger
limitation	expert
limitation	freedom
limitation	hero
limitation	lap
limitation	literary-works
limitation	logical-relation
limitation	normal
limitation	point-of-view
limitation	practice
limitation	property
limitation	society
limitation	status
limitation	tension
limitation	way
line	accomplishment
line	act
line	activity
line	comparison
line	event
line	information
line	phenomenon
line	procedure
line	universe
line	volition
line-of-descent	attribute
line-of-descent	logical-relation
line-of-descent	property
line-of-text	information
line-of-text	phenomenon
line-of-text	universe
linear-algebra	field-of-study
linear-algebra	logical-relation
linear-algebra	signified
linear-operator	character
linear-operator	information
linear-operator	phenomenon
linear-operator	symbol
linear-operator	universe
linear-regression	logical-relation
linear-regression	quantity
linear-regression	vector
linen	artifact
linen	fabric
linen	phenomenon
linen	universe
linen	vehicle-body
liner	phenomenon
liner	universe
lingerie	artifact
lingerie	clothing
lingerie	fashion
lingerie	phenomenon
lingerie	universe
lingerie	vehicle-body
linguistic-context	artifact
linguistic-context	contract-condition
linguistic-context	indication
linguistic-context	information
linguistic-context	line-of-text
linguistic-context	phenomenon
linguistic-context	physical-object
linguistic-context	text
linguistic-context	universe
linguistic-context	vehicle-body
linguistics	field-of-study
linguistics	logical-relation
linguistics	signified
link	artifact
link	component
link	device
link	mechanism
link	phenomenon
link	universe
link	vehicle-body
linoleum	artifact
linoleum	phenomenon
linoleum	universe
linoleum	vehicle-body
linseed	body-part
linseed	phenomenon
linseed	physical-object
linseed	universe
lion	agent
lion	animal
lion	body
lion	mammal
lion	organism
lion	phenomenon
lion	physical-object
lion	species
lion	universe
lion	vertebrate
lip	body-part
lip	phenomenon
lip	physical-object
lip	universe
lipstick	material
lipstick	phenomenon
lipstick	substance
lipstick	universe
liquor	drink
liquor	food
liquor	material
liquor	phenomenon
liquor	substance
liquor	universe
list	artifact
list	contract-condition
list	indication
list	information
list	line-of-text
list	phenomenon
list	physical-object
list	text
list	universe
list	vehicle-body
literacy	attribute
literacy	logical-relation
literacy	property
literary-works	attribute
literary-works	logical-relation
literary-works	normal
literary-works	property
literature	field-of-study
literature	logical-relation
literature	signified
lithograph	indication
lithograph	information
lithograph	phenomenon
lithograph	physical-object
lithograph	universe
litigation	accomplishment
litigation	act
litigation	activity
litigation	contest
litigation	event
litigation	lawsuit
litigation	legal-action
litigation	phenomenon
litigation	procedure
litigation	volition
litigation	war
liver	body-part
liver	organ
liver	phenomenon
liver	physical-object
liver	universe
livestock	agent
livestock	animal
livestock	body
livestock	organism
livestock	phenomenon
livestock	physical-object
livestock	species
livestock	universe
load	phenomenon
load	universe
loafer	artifact
loafer	boot
loafer	clothing
loafer	fashion
loafer	footwear
loafer	phenomenon
loafer	shoe
loafer	universe
loafer	vehicle-body
loan	accomplishment
loan	act
loan	activity
loan	event
loan	phenomenon
loan	procedure
loan	volition
lobby	agent
lobby	association
lobby	collection
lobby	group
lobby	organization
lobby	phenomenon
lobby	team
lobby	universe
locating	event
locating	phenomenon
locating	visit
lock	artifact
lock	device
lock	phenomenon
lock	universe
lock	vehicle-body
locker	artifact
locker	carrying-case
locker	device
locker	holder
locker	phenomenon
locker	universe
locker	vehicle-body
locus	logical-relation
locus	mathematical-set
locus	subset
log-cabin	address
log-cabin	artifact
log-cabin	building
log-cabin	development
log-cabin	house
log-cabin	phenomenon
log-cabin	place
log-cabin	universe
log-cabin	vehicle-body
loganberry	body-part
loganberry	botanical-fruit
loganberry	phenomenon
loganberry	physical-object
loganberry	universe
logic	field-of-study
logic	logical-relation
logic	signified
logic.cognition	logical-relation
logic.cognition	signified
logical-completeness	attribute
logical-completeness	logical-relation
logical-completeness	property
logical-consistency	attribute
logical-consistency	logical-relation
logical-consistency	property
logical-negation	information
logical-negation	line-of-text
logical-negation	phenomenon
logical-negation	sentence
logical-negation	universe
logical-operation	accomplishment
logical-operation	act
logical-operation	activity
logical-operation	event
logical-operation	phenomenon
logical-operation	procedure
logical-operation	volition
logical-predicate	information
logical-predicate	line-of-text
logical-predicate	phenomenon
logical-predicate	universe
logical-subject	information
logical-subject	line-of-text
logical-subject	phenomenon
logical-subject	universe
longbow	artifact
longbow	device
longbow	phenomenon
longbow	universe
longbow	vehicle-body
longbow	weapon
loofah	body-part
loofah	material
loofah	phenomenon
loofah	physical-object
loofah	substance
loofah	tissue
loofah	universe
look	attribute
look	logical-relation
look	property
look-alike	agent
look-alike	animal
look-alike	body
look-alike	human
look-alike	mammal
look-alike	organism
look-alike	person
look-alike	phenomenon
look-alike	physical-object
look-alike	populace
look-alike	self
look-alike	species
look-alike	universe
look-alike	vertebrate
looking-glass	artifact
looking-glass	phenomenon
looking-glass	universe
looking-glass	vehicle-body
lookout	attribute
lookout	logical-relation
lookout	property
loop	attribute
loop	logical-relation
loop	property
loop	shape
loot	accomplishment
loot	act
loot	activity
loot	event
loot	phenomenon
loot	procedure
loot	volition
looting	accomplishment
looting	act
looting	activity
looting	event
looting	phenomenon
looting	procedure
looting	volition
loquat	body-part
loquat	botanical-fruit
loquat	phenomenon
loquat	physical-object
loquat	universe
loss	logical-relation
loss	quantity
loss-leader	phenomenon
loss-leader	universe
lost-item	amateur
lost-item	ambiance
lost-item	attribute
lost-item	circumstance
lost-item	civilisation
lost-item	crowd
lost-item	custom
lost-item	danger
lost-item	expert
lost-item	freedom
lost-item	hero
lost-item	lap
lost-item	literary-works
lost-item	logical-relation
lost-item	normal
lost-item	point-of-view
lost-item	practice
lost-item	property
lost-item	society
lost-item	status
lost-item	tension
lost-item	way
lot	land
lot	phenomenon
lot	place
lot	universe
lot	yard
lotion	chemical-solution
lotion	material
lotion	phenomenon
lotion	substance
lotion	universe
lottery	accomplishment
lottery	act
lottery	activity
lottery	contest
lottery	event
lottery	game
lottery	pastime-game
lottery	phenomenon
lottery	procedure
lottery	volition
lottery	war
lounge	phenomenon
lounge	place
lounge	universe
lounger	artifact
lounger	furniture
lounger	phenomenon
lounger	seat
lounger	universe
lounger	vehicle-body
loungewear	artifact
loungewear	clothing
loungewear	fashion
loungewear	phenomenon
loungewear	universe
loungewear	vehicle-body
love	amateur
love	ambiance
love	attribute
love	circumstance
love	civilisation
love	crowd
love	custom
love	danger
love	expert
love	freedom
love	hero
love	lap
love	literary-works
love	logical-relation
love	normal
love	point-of-view
love	practice
love	property
love	society
love	status
love	tension
love	way
lover	agent
lover	animal
lover	body
lover	human
lover	mammal
lover	organism
lover	person
lover	phenomenon
lover	physical-object
lover	populace
lover	self
lover	species
lover	universe
lover	vertebrate
low	phenomenon
low	universe
lower-bound	logical-relation
lower-bound	number
lower-bound	quantity
loyalty	attribute
loyalty	inclination
loyalty	logical-relation
loyalty	mentality
loyalty	property
loyalty	range-of-a-function
loyalty	trait
lozenge	material
lozenge	phenomenon
lozenge	substance
lozenge	universe
lp	audio
lp	indication
lp	information
lp	phenomenon
lp	physical-object
lp	universe
lubricant	material
lubricant	phenomenon
lubricant	substance
lubricant	universe
luck	accomplishment
luck	act
luck	activity
luck	event
luck	phenomenon
luck	procedure
luck	volition
luck.phenomenon	accomplishment
luck.phenomenon	act
luck.phenomenon	activity
luck.phenomenon	event
luck.phenomenon	phenomenon
luck.phenomenon	procedure
luck.phenomenon	volition
luggage	artifact
luggage	carrying-case
luggage	device
luggage	holder
luggage	phenomenon
luggage	universe
luggage	vehicle-body
luggage-compartment	artifact
luggage-compartment	carrying-case
luggage-compartment	device
luggage-compartment	holder
luggage-compartment	phenomenon
luggage-compartment	universe
luggage-compartment	vehicle-body
luminosity	event
luminosity	phenomenon
lung	body-part
lung	organ
lung	phenomenon
lung	physical-object
lung	universe
lychee	body-part
lychee	botanical-fruit
lychee	phenomenon
lychee	physical-object
lychee	universe
mace	material
mace	phenomenon
mace	substance
mace	universe
machete	artifact
machete	device
machete	phenomenon
machete	universe
machete	vehicle-body
machete	weapon
machine	artifact
machine	device
machine	phenomenon
machine	universe
machine	vehicle-body
machine-housing	artifact
machine-housing	component
machine-housing	device
machine-housing	mechanism
machine-housing	phenomenon
machine-housing	universe
machine-housing	vehicle-body
machine-tool	artifact
machine-tool	device
machine-tool	machine
machine-tool	machinery
machine-tool	phenomenon
machine-tool	universe
machine-tool	vehicle-body
machinery	artifact
machinery	device
machinery	phenomenon
machinery	universe
machinery	vehicle-body
mag	artifact
mag	contract-condition
mag	indication
mag	information
mag	line-of-text
mag	periodical
mag	phenomenon
mag	physical-object
mag	series
mag	text
mag	universe
mag	vehicle-body
magazine	artifact
magazine	contract-condition
magazine	indication
magazine	information
magazine	line-of-text
magazine	periodical
magazine	phenomenon
magazine	physical-object
magazine	series
magazine	text
magazine	universe
magazine	vehicle-body
magazine-rack	artifact
magazine-rack	device
magazine-rack	phenomenon
magazine-rack	universe
magazine-rack	vehicle-body
magic-trick	accomplishment
magic-trick	act
magic-trick	activity
magic-trick	event
magic-trick	phenomenon
magic-trick	procedure
magic-trick	volition
magnesium	chemical-element
magnesium	material
magnesium	phenomenon
magnesium	substance
magnesium	universe
magnifier	artifact
magnifier	device
magnifier	phenomenon
magnifier	universe
magnifier	vehicle-body
magnitude	attribute
magnitude	logical-relation
magnitude	property
mail	indication
mail	information
mail	phenomenon
mail	physical-object
mail	universe
mail-service	event
mail-service	phenomenon
mail-service	visit
mail-slot	artifact
mail-slot	device
mail-slot	phenomenon
mail-slot	universe
mail-slot	vehicle-body
mailbox	artifact
mailbox	carrying-case
mailbox	device
mailbox	holder
mailbox	phenomenon
mailbox	universe
mailbox	vehicle-body
mailman	attribute
mailman	logical-relation
mailman	property
mainstream	logical-relation
mainstream	signified
maize	agent
maize	organism
maize	phenomenon
maize	physical-object
maize	plant
maize	species
maize	universe
majority	logical-relation
majority	quantity
makeover	accomplishment
makeover	act
makeover	activity
makeover	event
makeover	phenomenon
makeover	procedure
makeover	volition
makeup	material
makeup	phenomenon
makeup	substance
makeup	universe
male-child	agent
male-child	animal
male-child	body
male-child	human
male-child	mammal
male-child	man
male-child	organism
male-child	person
male-child	phenomenon
male-child	physical-object
male-child	populace
male-child	self
male-child	species
male-child	universe
male-child	vertebrate
malice	attribute
malice	logical-relation
malice	property
malt-liquor	drink
malt-liquor	food
malt-liquor	liquor
malt-liquor	material
malt-liquor	phenomenon
malt-liquor	substance
malt-liquor	universe
maltreatment	amateur
maltreatment	ambiance
maltreatment	attribute
maltreatment	circumstance
maltreatment	civilisation
maltreatment	crowd
maltreatment	custom
maltreatment	danger
maltreatment	expert
maltreatment	freedom
maltreatment	hero
maltreatment	lap
maltreatment	literary-works
maltreatment	logical-relation
maltreatment	normal
maltreatment	point-of-view
maltreatment	practice
maltreatment	property
maltreatment	society
maltreatment	status
maltreatment	tension
maltreatment	way
mamey	body-part
mamey	botanical-fruit
mamey	phenomenon
mamey	physical-object
mamey	universe
mammal	agent
mammal	animal
mammal	body
mammal	organism
mammal	phenomenon
mammal	physical-object
mammal	species
mammal	universe
mammal	vertebrate
man	agent
man	animal
man	body
man	human
man	mammal
man	organism
man	person
man	phenomenon
man	physical-object
man	populace
man	self
man	species
man	universe
man	vertebrate
management	accomplishment
management	act
management	activity
management	event
management	leader
management	leadership
management	phenomenon
management	procedure
management	volition
mandelbrot-set	logical-relation
mandelbrot-set	mathematical-set
mandelbrot-set	subset
mangosteen	body-part
mangosteen	botanical-fruit
mangosteen	phenomenon
mangosteen	physical-object
mangosteen	universe
manicure	accomplishment
manicure	act
manicure	activity
manicure	care
manicure	event
manicure	phenomenon
manicure	procedure
manicure	volition
manifold	logical-relation
manifold	mathematical-set
manifold	subset
manner	attribute
manner	inclination
manner	logical-relation
manner	mentality
manner	property
manner	range-of-a-function
manner	trait
manner-of-speaking	attribute
manner-of-speaking	logical-relation
manner-of-speaking	property
manual	artifact
manual	book
manual	component
manual	device
manual	indication
manual	information
manual	mechanism
manual	phenomenon
manual	physical-object
manual	universe
manual	vehicle-body
manufacture	accomplishment
manufacture	act
manufacture	activity
manufacture	creation
manufacture	event
manufacture	phenomenon
manufacture	procedure
manufacture	volition
manufacturer	attribute
manufacturer	logical-relation
manufacturer	property
manus	body-part
manus	phenomenon
manus	physical-object
manus	universe
manuscript	artifact
manuscript	contract-condition
manuscript	indication
manuscript	information
manuscript	line-of-text
manuscript	phenomenon
manuscript	physical-object
manuscript	text
manuscript	universe
manuscript	vehicle-body
map	information
map	phenomenon
map	universe
maple-sugar	compound
maple-sugar	material
maple-sugar	phenomenon
maple-sugar	substance
maple-sugar	universe
maple-syrup	food
maple-syrup	material
maple-syrup	phenomenon
maple-syrup	substance
maple-syrup	universe
mar	calendar-month
mar	logical-relation
mar	quantity
marathon	accomplishment
marathon	act
marathon	activity
marathon	contest
marathon	event
marathon	game
marathon	pastime-game
marathon	phenomenon
marathon	procedure
marathon	race
marathon	sport
marathon	volition
marathon	war
march	accomplishment
march	act
march	activity
march	event
march	motion
march	phenomenon
march	procedure
march	visit
march	volition
marching-music	logical-relation
marching-music	signified
margarine	food
margarine	phenomenon
margarine	universe
margin	phenomenon
margin	place
margin	universe
marinade	food
marinade	phenomenon
marinade	universe
marionette	artifact
marionette	phenomenon
marionette	universe
marionette	vehicle-body
mark	logical-relation
mark	quantity
marker	artifact
marker	device
marker	phenomenon
marker	universe
marker	vehicle-body
marketing	accomplishment
marketing	act
marketing	activity
marketing	event
marketing	exchange
marketing	interaction
marketing	phenomenon
marketing	procedure
marketing	transaction
marketing	volition
marmalade	food
marmalade	material
marmalade	phenomenon
marmalade	substance
marmalade	universe
marriage	contract
marriage	legal-document
marriage	logical-relation
marriage	signified
marriage-proposal	accomplishment
marriage-proposal	act
marriage-proposal	activity
marriage-proposal	advice
marriage-proposal	communication
marriage-proposal	event
marriage-proposal	information
marriage-proposal	phenomenon
marriage-proposal	procedure
marriage-proposal	universe
marriage-proposal	volition
married-couple	contract
married-couple	legal-document
married-couple	logical-relation
married-couple	signified
marshmallow	food
marshmallow	material
marshmallow	phenomenon
marshmallow	substance
marshmallow	universe
mascara	material
mascara	phenomenon
mascara	substance
mascara	universe
masher	artifact
masher	device
masher	phenomenon
masher	universe
masher	vehicle-body
mask	artifact
mask	clothing
mask	fashion
mask	phenomenon
mask	universe
mask	vehicle-body
masonry	artifact
masonry	phenomenon
masonry	universe
masonry	vehicle-body
masonry-work	attribute
masonry-work	logical-relation
masonry-work	property
masonry-work	trade
mass	phenomenon
mass	universe
massage	accomplishment
massage	act
massage	activity
massage	event
massage	phenomenon
massage	procedure
massage	repair
massage	restoration
massage	therapy
massage	visit
massage	volition
master-of-ceremonies	attribute
master-of-ceremonies	logical-relation
master-of-ceremonies	property
mat	artifact
mat	fabric
mat	phenomenon
mat	universe
mat	vehicle-body
match	accomplishment
match	act
match	activity
match	contest
match	event
match	game
match	pastime-game
match	phenomenon
match	procedure
match	sport
match	volition
match	war
matchstick	artifact
matchstick	device
matchstick	phenomenon
matchstick	universe
matchstick	vehicle-body
material	phenomenon
material	universe
mathematical-analysis	field-of-study
mathematical-analysis	logical-relation
mathematical-analysis	signified
mathematical-expression	information
mathematical-expression	phenomenon
mathematical-expression	universe
mathematical-field	logical-relation
mathematical-field	mathematical-set
mathematical-field	subset
mathematical-group	logical-relation
mathematical-group	mathematical-set
mathematical-group	subset
mathematical-integration	accomplishment
mathematical-integration	act
mathematical-integration	activity
mathematical-integration	calculation
mathematical-integration	event
mathematical-integration	information
mathematical-integration	phenomenon
mathematical-integration	procedure
mathematical-integration	universe
mathematical-integration	volition
mathematical-interval	logical-relation
mathematical-interval	mathematical-set
mathematical-interval	subset
mathematical-operation	accomplishment
mathematical-operation	act
mathematical-operation	activity
mathematical-operation	calculation
mathematical-operation	event
mathematical-operation	information
mathematical-operation	phenomenon
mathematical-operation	procedure
mathematical-operation	universe
mathematical-operation	volition
mathematical-operator	logical-relation
mathematical-relation	logical-relation
mathematical-set	logical-relation
mathematical-space	logical-relation
mathematical-space	mathematical-set
mathematical-space	subset
mathematical-statement	information
mathematical-statement	phenomenon
mathematical-statement	universe
mathematical-subgroup	logical-relation
mathematical-subgroup	mathematical-set
mathematical-subgroup	subset
mathematics	field-of-study
mathematics	logical-relation
mathematics	signified
matrimony	contract
matrimony	legal-document
matrimony	logical-relation
matrimony	signified
matrix	indication
matrix	information
matrix	phenomenon
matrix	physical-object
matrix	universe
matrix-addition	accomplishment
matrix-addition	act
matrix-addition	activity
matrix-addition	calculation
matrix-addition	event
matrix-addition	information
matrix-addition	phenomenon
matrix-addition	procedure
matrix-addition	universe
matrix-addition	volition
matrix-algebra	field-of-study
matrix-algebra	logical-relation
matrix-algebra	signified
matrix-diagonal	logical-relation
matrix-diagonal	mathematical-set
matrix-diagonal	subset
matrix-inversion	accomplishment
matrix-inversion	act
matrix-inversion	activity
matrix-inversion	calculation
matrix-inversion	event
matrix-inversion	information
matrix-inversion	phenomenon
matrix-inversion	procedure
matrix-inversion	universe
matrix-inversion	volition
matrix-multiplication	accomplishment
matrix-multiplication	act
matrix-multiplication	activity
matrix-multiplication	calculation
matrix-multiplication	event
matrix-multiplication	information
matrix-multiplication	phenomenon
matrix-multiplication	procedure
matrix-multiplication	universe
matrix-multiplication	volition
matrix-operation	accomplishment
matrix-operation	act
matrix-operation	activity
matrix-operation	calculation
matrix-operation	event
matrix-operation	information
matrix-operation	phenomenon
matrix-operation	procedure
matrix-operation	universe
matrix-operation	volition
matrix-transposition	accomplishment
matrix-transposition	act
matrix-transposition	activity
matrix-transposition	calculation
matrix-transposition	event
matrix-transposition	information
matrix-transposition	phenomenon
matrix-transposition	procedure
matrix-transposition	universe
matrix-transposition	volition
mattock	artifact
mattock	device
mattock	phenomenon
mattock	universe
mattock	vehicle-body
mattress	artifact
mattress	phenomenon
mattress	universe
mattress	vehicle-body
mattress-pad	artifact
mattress-pad	device
mattress-pad	phenomenon
mattress-pad	universe
mattress-pad	vehicle-body
maximization	accomplishment
maximization	act
maximization	activity
maximization	calculation
maximization	event
maximization	information
maximization	phenomenon
maximization	procedure
maximization	universe
maximization	volition
maximum	logical-relation
maximum	quantity
maxwell's-equations	information
maxwell's-equations	phenomenon
maxwell's-equations	universe
maze	artifact
maze	development
maze	phenomenon
maze	universe
maze	vehicle-body
mead	drink
mead	food
mead	liquor
mead	material
mead	phenomenon
mead	substance
mead	universe
mean	logical-relation
mean	number
mean	quantity
mean-deviation	logical-relation
meaning	logical-relation
meaning	signified
means	artifact
means	device
means	phenomenon
means	universe
means	vehicle-body
measure	logical-relation
measure	signified
measuring-cup	artifact
measuring-cup	device
measuring-cup	phenomenon
measuring-cup	universe
measuring-cup	vehicle-body
measuring-stick	artifact
measuring-stick	device
measuring-stick	phenomenon
measuring-stick	universe
measuring-stick	vehicle-body
meat	food
meat	material
meat	phenomenon
meat	substance
meat	universe
mechanical-press	artifact
mechanical-press	device
mechanical-press	phenomenon
mechanical-press	universe
mechanical-press	vehicle-body
mechanism	artifact
mechanism	device
mechanism	phenomenon
mechanism	universe
mechanism	vehicle-body
median	logical-relation
medical-care	accomplishment
medical-care	act
medical-care	activity
medical-care	event
medical-care	phenomenon
medical-care	procedure
medical-care	repair
medical-care	restoration
medical-care	therapy
medical-care	volition
medical-instrument	artifact
medical-instrument	device
medical-instrument	phenomenon
medical-instrument	universe
medical-instrument	vehicle-body
medication	material
medication	phenomenon
medication	substance
medication	universe
medicine	field-of-study
medicine	logical-relation
medicine	signified
medicine-ball	artifact
medicine-ball	device
medicine-ball	phenomenon
medicine-ball	universe
medicine-ball	vehicle-body
medicine-cabinet	artifact
medicine-cabinet	carrying-case
medicine-cabinet	device
medicine-cabinet	furniture
medicine-cabinet	holder
medicine-cabinet	phenomenon
medicine-cabinet	universe
medicine-cabinet	vehicle-body
medium	accomplishment
medium	act
medium	activity
medium	communication
medium	event
medium	information
medium	phenomenon
medium	procedure
medium	universe
medium	volition
meeting	accomplishment
meeting	act
meeting	activity
meeting	coming-together
meeting	event
meeting	phenomenon
meeting	procedure
meeting	volition
melodic-theme	logical-relation
melodic-theme	musical-composition
melodic-theme	signified
member	agent
member	collection
member	group
member	people
member	phenomenon
member	school-class
member	universe
membership	agent
membership	animal
membership	body
membership	human
membership	mammal
membership	organism
membership	person
membership	phenomenon
membership	physical-object
membership	populace
membership	self
membership	species
membership	universe
membership	vertebrate
memo	artifact
memo	contract-condition
memo	indication
memo	information
memo	line-of-text
memo	phenomenon
memo	physical-object
memo	text
memo	universe
memo	vehicle-body
memorial	artifact
memorial	development
memorial	phenomenon
memorial	universe
memorial	vehicle-body
memory	event
memory	phenomenon
menace	amateur
menace	ambiance
menace	attribute
menace	circumstance
menace	civilisation
menace	crowd
menace	custom
menace	danger
menace	expert
menace	freedom
menace	hero
menace	lap
menace	literary-works
menace	logical-relation
menace	normal
menace	point-of-view
menace	practice
menace	property
menace	society
menace	status
menace	tension
menace	way
mental-association	accomplishment
mental-association	acquired-knowledge
mental-association	act
mental-association	activity
mental-association	education
mental-association	event
mental-association	leader
mental-association	phenomenon
mental-association	procedure
mental-association	volition
mental-hospital	address
mental-hospital	artifact
mental-hospital	development
mental-hospital	hospital
mental-hospital	phenomenon
mental-hospital	place
mental-hospital	universe
mental-hospital	vehicle-body
mental-image	information
mental-image	phenomenon
mental-image	universe
mentality	attribute
mentality	logical-relation
mentality	property
merchandise	artifact
merchandise	commodity
merchandise	phenomenon
merchandise	universe
merchandise	vehicle-body
merchant	attribute
merchant	logical-relation
merchant	property
message	artifact
message	contract-condition
message	data-file
message	indication
message	information
message	line-of-text
message	news
message	note
message	phenomenon
message	physical-object
message	text
message	universe
message	vehicle-body
metal	chemical-element
metal	material
metal	phenomenon
metal	substance
metal	universe
metal-detector	artifact
metal-detector	device
metal-detector	phenomenon
metal-detector	universe
metal-detector	vehicle-body
metal-drum	artifact
metal-drum	phenomenon
metal-drum	universe
metal-drum	vehicle-body
metamathematics	field-of-study
metamathematics	logical-relation
metamathematics	signified
meteorology	field-of-study
meteorology	logical-relation
meteorology	signified
method	logical-relation
method	measure
method	routine
method	signified
methodology	logical-relation
methodology	measure
methodology	routine
methodology	signified
metric-function	logical-relation
metric-space	logical-relation
metric-space	mathematical-set
metric-space	subset
microorganism	agent
microorganism	organism
microorganism	phenomenon
microorganism	physical-object
microorganism	species
microorganism	universe
microphone	artifact
microphone	component
microphone	device
microphone	mechanism
microphone	phenomenon
microphone	universe
microphone	vehicle-body
microscope	artifact
microscope	device
microscope	phenomenon
microscope	universe
microscope	vehicle-body
microscope-slide	artifact
microscope-slide	phenomenon
microscope-slide	universe
microscope-slide	vehicle-body
microtome	artifact
microtome	device
microtome	phenomenon
microtome	universe
microtome	vehicle-body
middleman	attribute
middleman	logical-relation
middleman	property
midnight	logical-relation
midnight	quantity
migration	event
migration	phenomenon
mile	amateur
mile	ambiance
mile	attribute
mile	circumstance
mile	civilisation
mile	crowd
mile	custom
mile	danger
mile	expert
mile	freedom
mile	hero
mile	lap
mile	literary-works
mile	logical-relation
mile	normal
mile	point-of-view
mile	practice
mile	property
mile	society
mile	status
mile	tension
mile	way
military-action	accomplishment
military-action	act
military-action	activity
military-action	battle
military-action	contest
military-action	event
military-action	fight
military-action	phenomenon
military-action	procedure
military-action	volition
military-action	war
military-control	accomplishment
military-control	act
military-control	activity
military-control	event
military-control	phenomenon
military-control	procedure
military-control	volition
military-service	agent
military-service	association
military-service	collection
military-service	group
military-service	organization
military-service	phenomenon
military-service	team
military-service	universe
military-strike	accomplishment
military-strike	act
military-strike	activity
military-strike	event
military-strike	phenomenon
military-strike	procedure
military-strike	volition
military-uniform	artifact
military-uniform	clothing
military-uniform	fashion
military-uniform	phenomenon
military-uniform	uniform
military-uniform	universe
military-uniform	vehicle-body
military-unit	agent
military-unit	association
military-unit	collection
military-unit	group
military-unit	organization
military-unit	phenomenon
military-unit	team
military-unit	universe
milk	material
milk	phenomenon
milk	substance
milk	universe
milking-machine	artifact
milking-machine	device
milking-machine	machine
milking-machine	machinery
milking-machine	phenomenon
milking-machine	universe
milking-machine	vehicle-body
mill	artifact
mill	device
mill	machine
mill	machinery
mill	phenomenon
mill	universe
mill	vehicle-body
milling-machine	artifact
milling-machine	device
milling-machine	phenomenon
milling-machine	universe
milling-machine	vehicle-body
millstone	artifact
millstone	phenomenon
millstone	universe
millstone	vehicle-body
mind	body-part
mind	organ
mind	phenomenon
mind	physical-object
mind	universe
mine	artifact
mine	development
mine	phenomenon
mine	universe
mine	vehicle-body
miner	attribute
miner	logical-relation
miner	property
mineral	material
mineral	phenomenon
mineral	substance
mineral	universe
mineral-water	compound
mineral-water	material
mineral-water	phenomenon
mineral-water	substance
mineral-water	universe
mineral-water	water
minimum	amateur
minimum	ambiance
minimum	attribute
minimum	circumstance
minimum	civilisation
minimum	crowd
minimum	custom
minimum	danger
minimum	expert
minimum	freedom
minimum	hero
minimum	lap
minimum	literary-works
minimum	logical-relation
minimum	normal
minimum	point-of-view
minimum	practice
minimum	property
minimum	society
minimum	status
minimum	tension
minimum	way
minister	attribute
minister	logical-relation
minister	property
ministry	agent
ministry	association
ministry	collection
ministry	group
ministry	organization
ministry	phenomenon
ministry	team
ministry	universe
minority	attribute
minority	logical-relation
minority	property
miracle	amateur
miracle	ambiance
miracle	attribute
miracle	circumstance
miracle	civilisation
miracle	crowd
miracle	custom
miracle	danger
miracle	expert
miracle	freedom
miracle	hero
miracle	lap
miracle	literary-works
miracle	logical-relation
miracle	normal
miracle	point-of-view
miracle	practice
miracle	property
miracle	society
miracle	status
miracle	tension
miracle	way
mirror	artifact
mirror	phenomenon
mirror	universe
mirror	vehicle-body
misery	amateur
misery	ambiance
misery	attribute
misery	circumstance
misery	civilisation
misery	crowd
misery	custom
misery	danger
misery	expert
misery	freedom
misery	hero
misery	lap
misery	literary-works
misery	logical-relation
misery	normal
misery	point-of-view
misery	practice
misery	property
misery	society
misery	status
misery	tension
misery	way
misgiving	attribute
misgiving	logical-relation
misgiving	property
mist	cloud
mist	material
mist	phenomenon
mist	substance
mist	universe
mistake	amateur
mistake	ambiance
mistake	attribute
mistake	circumstance
mistake	civilisation
mistake	crowd
mistake	custom
mistake	danger
mistake	expert
mistake	freedom
mistake	hero
mistake	lap
mistake	literary-works
mistake	logical-relation
mistake	normal
mistake	point-of-view
mistake	practice
mistake	property
mistake	society
mistake	status
mistake	tension
mistake	way
mitt	artifact
mitt	clothing
mitt	fashion
mitt	phenomenon
mitt	universe
mitt	vehicle-body
mitten	artifact
mitten	clothing
mitten	fashion
mitten	phenomenon
mitten	universe
mitten	vehicle-body
mix	combination
mix	event
mix	phenomenon
mixing-bowl	artifact
mixing-bowl	phenomenon
mixing-bowl	universe
mixing-bowl	vehicle-body
model	information
model	phenomenon
model	universe
module	artifact
module	component
module	device
module	mechanism
module	phenomenon
module	universe
module	vehicle-body
molasses	food
molasses	material
molasses	phenomenon
molasses	substance
molasses	universe
mold	agent
mold	fungus
mold	organism
mold	phenomenon
mold	physical-object
mold	species
mold	universe
molding	artifact
molding	fine-art
molding	indication
molding	information
molding	phenomenon
molding	physical-object
molding	universe
molding	vehicle-body
mole	agent
mole	animal
mole	body
mole	mammal
mole	organism
mole	phenomenon
mole	physical-object
mole	species
mole	universe
mole	vertebrate
mole.attribute	phenomenon
mole.attribute	physical-object
mole.attribute	universe
molecule	compound
molecule	material
molecule	phenomenon
molecule	substance
molecule	universe
mollusc	agent
mollusc	animal
mollusc	body
mollusc	invertebrate
mollusc	organism
mollusc	phenomenon
mollusc	physical-object
mollusc	species
mollusc	universe
momentum	logical-relation
momentum	quantity
momentum	vector
monastery	artifact
monastery	development
monastery	phenomenon
monastery	universe
monastery	vehicle-body
money	artifact
money	cash
money	contract-condition
money	currency
money	indication
money	information
money	line-of-text
money	phenomenon
money	physical-object
money	text
money	universe
money	vehicle-body
monic-polynomial	logical-relation
monic-polynomial	quantity
monkey	agent
monkey	animal
monkey	body
monkey	mammal
monkey	organism
monkey	phenomenon
monkey	physical-object
monkey	species
monkey	universe
monkey	vertebrate
monopoly	amateur
monopoly	ambiance
monopoly	attribute
monopoly	circumstance
monopoly	civilisation
monopoly	crowd
monopoly	custom
monopoly	danger
monopoly	expert
monopoly	freedom
monopoly	hero
monopoly	lap
monopoly	literary-works
monopoly	logical-relation
monopoly	normal
monopoly	point-of-view
monopoly	practice
monopoly	property
monopoly	society
monopoly	status
monopoly	tension
monopoly	way
mop	artifact
mop	device
mop	phenomenon
mop	universe
mop	vehicle-body
morale	attribute
morale	logical-relation
morale	property
morning	logical-relation
morning	quantity
morsel	food
morsel	phenomenon
morsel	universe
mortar	artifact
mortar	device
mortar	phenomenon
mortar	universe
mortar	vehicle-body
mosaic	artifact
mosaic	fine-art
mosaic	indication
mosaic	information
mosaic	phenomenon
mosaic	physical-object
mosaic	universe
mosaic	vehicle-body
mosquito	agent
mosquito	animal
mosquito	body
mosquito	insect
mosquito	invertebrate
mosquito	organism
mosquito	phenomenon
mosquito	physical-object
mosquito	species
mosquito	universe
mosquito-net	artifact
mosquito-net	device
mosquito-net	phenomenon
mosquito-net	universe
mosquito-net	vehicle-body
mother	attribute
mother	logical-relation
mother	property
motif	artifact
motif	fine-art
motif	indication
motif	information
motif	phenomenon
motif	physical-object
motif	universe
motif	vehicle-body
motion	event
motion	phenomenon
motivation	attribute
motivation	logical-relation
motivation	property
motivational-drive	attribute
motivational-drive	inclination
motivational-drive	logical-relation
motivational-drive	mentality
motivational-drive	property
motivational-drive	range-of-a-function
motivational-drive	trait
motor	artifact
motor	device
motor	machine
motor	machinery
motor	phenomenon
motor	universe
motor	vehicle-body
motorist	attribute
motorist	logical-relation
motorist	property
motto	artifact
motto	contract-condition
motto	indication
motto	information
motto	line-of-text
motto	phenomenon
motto	physical-object
motto	text
motto	universe
motto	vehicle-body
mould	artifact
mould	carrying-case
mould	device
mould	holder
mould	phenomenon
mould	universe
mould	vehicle-body
mouse	agent
mouse	animal
mouse	body
mouse	mammal
mouse	organism
mouse	phenomenon
mouse	physical-object
mouse	species
mouse	universe
mouse	vertebrate
mouth	body-part
mouth	phenomenon
mouth	physical-object
mouth	universe
mouthwash	chemical-solution
mouthwash	material
mouthwash	phenomenon
mouthwash	substance
mouthwash	universe
move	event
move	phenomenon
move	transport
move	visit
movement	agent
movement	association
movement	collection
movement	group
movement	organization
movement	phenomenon
movement	team
movement	universe
msg	food
msg	phenomenon
msg	universe
mug	artifact
mug	carrying-case
mug	device
mug	holder
mug	phenomenon
mug	universe
mug	vehicle-body
mulberry	body-part
mulberry	botanical-fruit
mulberry	phenomenon
mulberry	physical-object
mulberry	universe
mulch	material
mulch	phenomenon
mulch	soil
mulch	substance
mulch	universe
mule	agent
mule	animal
mule	body
mule	livestock
mule	mammal
mule	organism
mule	phenomenon
mule	physical-object
mule	species
mule	universe
mule	vertebrate
multicollinearity	logical-relation
multicollinearity	measure
multicollinearity	routine
multicollinearity	signified
multimedia	artifact
multimedia	contract-condition
multimedia	indication
multimedia	information
multimedia	line-of-text
multimedia	phenomenon
multimedia	physical-object
multimedia	text
multimedia	universe
multimedia	vehicle-body
multiple-correlation-coefficient	logical-relation
multiple-correlation-coefficient	quantity
multiple-regression	logical-relation
multiple-regression	measure
multiple-regression	routine
multiple-regression	signified
multiplexer	artifact
multiplexer	device
multiplexer	machine
multiplexer	machinery
multiplexer	phenomenon
multiplexer	universe
multiplexer	vehicle-body
multiplicative-inverse	amateur
multiplicative-inverse	ambiance
multiplicative-inverse	attribute
multiplicative-inverse	circumstance
multiplicative-inverse	civilisation
multiplicative-inverse	crowd
multiplicative-inverse	custom
multiplicative-inverse	danger
multiplicative-inverse	expert
multiplicative-inverse	freedom
multiplicative-inverse	hero
multiplicative-inverse	lap
multiplicative-inverse	literary-works
multiplicative-inverse	logical-relation
multiplicative-inverse	normal
multiplicative-inverse	point-of-view
multiplicative-inverse	practice
multiplicative-inverse	property
multiplicative-inverse	society
multiplicative-inverse	status
multiplicative-inverse	tension
multiplicative-inverse	way
multivariate-analysis	field-of-study
multivariate-analysis	logical-relation
multivariate-analysis	signified
murder	accomplishment
murder	act
murder	activity
murder	destruction
murder	event
murder	phenomenon
murder	procedure
murder	volition
muscle	body-part
muscle	phenomenon
muscle	physical-object
muscle	universe
museum	artifact
museum	building
museum	development
museum	phenomenon
museum	universe
museum	vehicle-body
mushroom-food	body-part
mushroom-food	botanical-fruit
mushroom-food	phenomenon
mushroom-food	physical-object
mushroom-food	universe
music	event
music	phenomenon
music-band	agent
music-band	collection
music-band	group
music-band	people
music-band	phenomenon
music-band	school-class
music-band	universe
music-box	artifact
music-box	device
music-box	phenomenon
music-box	universe
music-box	vehicle-body
music-lesson	accomplishment
music-lesson	acquired-knowledge
music-lesson	act
music-lesson	activity
music-lesson	education
music-lesson	event
music-lesson	leader
music-lesson	phenomenon
music-lesson	procedure
music-lesson	volition
music-stand	artifact
music-stand	device
music-stand	phenomenon
music-stand	universe
music-stand	vehicle-body
musical-composition	logical-relation
musical-composition	signified
musical-harmony	logical-relation
musical-harmony	signified
musical-instrument	artifact
musical-instrument	device
musical-instrument	phenomenon
musical-instrument	universe
musical-instrument	vehicle-body
musical-note	indication
musical-note	information
musical-note	phenomenon
musical-note	physical-object
musical-note	universe
musician	attribute
musician	logical-relation
musician	property
mussel	agent
mussel	animal
mussel	body
mussel	invertebrate
mussel	mollusc
mussel	organism
mussel	phenomenon
mussel	physical-object
mussel	species
mussel	universe
mutation	event
mutation	phenomenon
mystery	amateur
mystery	ambiance
mystery	attribute
mystery	circumstance
mystery	civilisation
mystery	crowd
mystery	custom
mystery	danger
mystery	expert
mystery	freedom
mystery	hero
mystery	lap
mystery	literary-works
mystery	logical-relation
mystery	normal
mystery	point-of-view
mystery	practice
mystery	property
mystery	society
mystery	status
mystery	tension
mystery	way
myth	artifact
myth	contract-condition
myth	indication
myth	information
myth	line-of-text
myth	phenomenon
myth	physical-object
myth	text
myth	universe
myth	vehicle-body
nail	artifact
nail	device
nail	phenomenon
nail	universe
nail	vehicle-body
nail-polish	chemical-solution
nail-polish	material
nail-polish	phenomenon
nail-polish	substance
nail-polish	universe
name	indication
name	information
name	phenomenon
name	physical-object
name	universe
napkin	artifact
napkin	phenomenon
napkin	universe
napkin	vehicle-body
napkin-ring	artifact
napkin-ring	phenomenon
napkin-ring	universe
napkin-ring	vehicle-body
narrative	accomplishment
narrative	act
narrative	activity
narrative	affirmation
narrative	communication
narrative	event
narrative	information
narrative	phenomenon
narrative	procedure
narrative	universe
narrative	volition
nationality	attribute
nationality	logical-relation
nationality	property
natural-event	accomplishment
natural-event	act
natural-event	activity
natural-event	event
natural-event	phenomenon
natural-event	procedure
natural-event	volition
natural-language	information
natural-language	language
natural-language	line-of-text
natural-language	phenomenon
natural-language	universe
natural-object	artifact
natural-object	phenomenon
natural-object	universe
natural-object	vehicle-body
natural-rubber	compound
natural-rubber	material
natural-rubber	phenomenon
natural-rubber	substance
natural-rubber	universe
natural-science	field-of-study
natural-science	logical-relation
natural-science	signified
nature	attribute
nature	logical-relation
nature	property
nature.object	phenomenon
nature.object	universe
nausea	event
nausea	phenomenon
navy	agent
navy	association
navy	collection
navy	group
navy	organization
navy	phenomenon
navy	team
navy	universe
nebulizer	artifact
nebulizer	device
nebulizer	phenomenon
nebulizer	universe
nebulizer	vehicle-body
neck	body-part
neck	phenomenon
neck	physical-object
neck	universe
necktie	artifact
necktie	clothing
necktie	fashion
necktie	phenomenon
necktie	universe
necktie	vehicle-body
need	attribute
need	logical-relation
need	property
needle	artifact
needle	device
needle	phenomenon
needle	universe
needle	vehicle-body
negative-correlation	logical-relation
negative-correlation	number
negative-correlation	quantity
negligence	attribute
negligence	inclination
negligence	logical-relation
negligence	mentality
negligence	property
negligence	range-of-a-function
negligence	trait
negotiation	accomplishment
negotiation	act
negotiation	activity
negotiation	coming-together
negotiation	event
negotiation	phenomenon
negotiation	procedure
negotiation	volition
neighbor	attribute
neighbor	logical-relation
neighbor	property
nephew	attribute
nephew	logical-relation
nephew	property
nerve	body-part
nerve	material
nerve	phenomenon
nerve	physical-object
nerve	substance
nerve	tissue
nerve	universe
nest	phenomenon
nest	physical-object
nest	universe
net	artifact
net	phenomenon
net	universe
net	vehicle-body
newcomer	attribute
newcomer	logical-relation
newcomer	property
news	artifact
news	contract-condition
news	indication
news	information
news	line-of-text
news	phenomenon
news	physical-object
news	text
news	universe
news	vehicle-body
news-program	artifact
news-program	contract-condition
news-program	indication
news-program	information
news-program	line-of-text
news-program	phenomenon
news-program	physical-object
news-program	text
news-program	universe
news-program	vehicle-body
news-report	article
news-report	artifact
news-report	contract-condition
news-report	data-file
news-report	essay
news-report	indication
news-report	information
news-report	line-of-text
news-report	news
news-report	note
news-report	phenomenon
news-report	physical-object
news-report	text
news-report	universe
news-report	vehicle-body
newspaper	artifact
newspaper	contract-condition
newspaper	indication
newspaper	information
newspaper	line-of-text
newspaper	periodical
newspaper	phenomenon
newspaper	physical-object
newspaper	series
newspaper	text
newspaper	universe
newspaper	vehicle-body
newsprint	artifact
newsprint	phenomenon
newsprint	universe
newsprint	vehicle-body
nickel	chemical-element
nickel	material
nickel	phenomenon
nickel	substance
nickel	universe
night	logical-relation
night	quantity
nightgown	artifact
nightgown	clothing
nightgown	fashion
nightgown	phenomenon
nightgown	universe
nightgown	vehicle-body
nightmare	event
nightmare	phenomenon
noise	event
noise	phenomenon
noisemaker	artifact
noisemaker	phenomenon
noisemaker	universe
noisemaker	vehicle-body
nomination	accomplishment
nomination	act
nomination	activity
nomination	communication
nomination	event
nomination	information
nomination	phenomenon
nomination	procedure
nomination	universe
nomination	volition
non-euclidean-geometry	field-of-study
non-euclidean-geometry	logical-relation
non-euclidean-geometry	signified
non-sequitur	accomplishment
non-sequitur	act
non-sequitur	activity
non-sequitur	event
non-sequitur	information
non-sequitur	phenomenon
non-sequitur	procedure
non-sequitur	thinking
non-sequitur	universe
non-sequitur	volition
nonagon	attribute
nonagon	logical-relation
nonagon	property
nonagon	shape
nonparametric-statistic	logical-relation
nonparametric-statistic	quantity
nonpayment	attribute
nonpayment	logical-relation
nonpayment	normal
nonpayment	property
nonsense	amateur
nonsense	ambiance
nonsense	attribute
nonsense	circumstance
nonsense	civilisation
nonsense	crowd
nonsense	custom
nonsense	danger
nonsense	expert
nonsense	freedom
nonsense	hero
nonsense	lap
nonsense	literary-works
nonsense	logical-relation
nonsense	normal
nonsense	point-of-view
nonsense	practice
nonsense	property
nonsense	society
nonsense	status
nonsense	tension
nonsense	way
norm	attribute
norm	logical-relation
norm	normal
norm	property
normal	attribute
normal	logical-relation
normal	property
normal-curve	logical-relation
normal-distribution	logical-relation
nose	body-part
nose	organ
nose	phenomenon
nose	physical-object
nose	universe
note	artifact
note	contract-condition
note	indication
note	information
note	line-of-text
note	phenomenon
note	physical-object
note	text
note	universe
note	vehicle-body
notebook	artifact
notebook	phenomenon
notebook	universe
notebook	vehicle-body
notebook-computer	artifact
notebook-computer	device
notebook-computer	machine
notebook-computer	machinery
notebook-computer	phenomenon
notebook-computer	universe
notebook-computer	vehicle-body
notice	accomplishment
notice	act
notice	activity
notice	communication
notice	event
notice	information
notice	phenomenon
notice	procedure
notice	universe
notice	volition
notion	logical-relation
notion	signified
noun	information
noun	line-of-text
noun	phenomenon
noun	universe
noun	word
novel	artifact
novel	book
novel	component
novel	contract-condition
novel	device
novel	fiction
novel	folklore
novel	indication
novel	information
novel	legend
novel	line-of-text
novel	mechanism
novel	myth
novel	phenomenon
novel	physical-object
novel	text
novel	universe
novel	vehicle-body
novelty	artifact
novelty	phenomenon
novelty	universe
novelty	vehicle-body
nowadays	logical-relation
nowadays	quantity
nozzle	artifact
nozzle	device
nozzle	phenomenon
nozzle	universe
nozzle	vehicle-body
nuance	amateur
nuance	ambiance
nuance	attribute
nuance	circumstance
nuance	civilisation
nuance	crowd
nuance	custom
nuance	danger
nuance	expert
nuance	freedom
nuance	hero
nuance	lap
nuance	literary-works
nuance	logical-relation
nuance	normal
nuance	point-of-view
nuance	practice
nuance	property
nuance	society
nuance	status
nuance	tension
nuance	way
nuclear-reactor	artifact
nuclear-reactor	device
nuclear-reactor	phenomenon
nuclear-reactor	universe
nuclear-reactor	vehicle-body
null-space	logical-relation
null-space	mathematical-set
null-space	subset
number	logical-relation
number	quantity
number-one-wood	artifact
number-one-wood	device
number-one-wood	phenomenon
number-one-wood	universe
number-one-wood	vehicle-body
numeral	character
numeral	information
numeral	phenomenon
numeral	symbol
numeral	universe
numerical-analysis	field-of-study
numerical-analysis	logical-relation
numerical-analysis	signified
nun	agent
nun	association
nun	collection
nun	group
nun	organization
nun	people
nun	phenomenon
nun	school-class
nun	team
nun	universe
nurse	attribute
nurse	logical-relation
nurse	property
nursery	artifact
nursery	development
nursery	phenomenon
nursery	room
nursery	universe
nursery	vehicle-body
nursing	accomplishment
nursing	act
nursing	activity
nursing	event
nursing	phenomenon
nursing	procedure
nursing	repair
nursing	restoration
nursing	therapy
nursing	volition
nut-butter	food
nut-butter	material
nut-butter	phenomenon
nut-butter	substance
nut-butter	universe
nutcracker	artifact
nutcracker	device
nutcracker	phenomenon
nutcracker	universe
nutcracker	vehicle-body
nutshell	body-part
nutshell	phenomenon
nutshell	physical-object
nutshell	universe
oak	agent
oak	organism
oak	phenomenon
oak	physical-object
oak	plant
oak	species
oak	tree
oak	universe
oar	artifact
oar	device
oar	phenomenon
oar	universe
oar	vehicle-body
oatmeal	food
oatmeal	material
oatmeal	phenomenon
oatmeal	substance
oatmeal	universe
objection	accomplishment
objection	act
objection	activity
objection	communication
objection	event
objection	information
objection	phenomenon
objection	procedure
objection	reaction.phenomenon
objection	universe
objection	volition
objective-lens	artifact
objective-lens	device
objective-lens	phenomenon
objective-lens	universe
objective-lens	vehicle-body
obstacle	event
obstacle	phenomenon
occasion	logical-relation
occasion	quantity
occlusion	phenomenon
occlusion	universe
occupation	attribute
occupation	logical-relation
occupation	property
ocean.quantity	amateur
ocean.quantity	ambiance
ocean.quantity	attribute
ocean.quantity	circumstance
ocean.quantity	civilisation
ocean.quantity	crowd
ocean.quantity	custom
ocean.quantity	danger
ocean.quantity	expert
ocean.quantity	freedom
ocean.quantity	hero
ocean.quantity	lap
ocean.quantity	literary-works
ocean.quantity	logical-relation
ocean.quantity	normal
ocean.quantity	point-of-view
ocean.quantity	practice
ocean.quantity	property
ocean.quantity	society
ocean.quantity	status
ocean.quantity	tension
ocean.quantity	way
octagon	attribute
octagon	logical-relation
octagon	property
octagon	shape
octopus	agent
octopus	animal
octopus	body
octopus	invertebrate
octopus	mollusc
octopus	organism
octopus	phenomenon
octopus	physical-object
octopus	species
octopus	universe
oddness	amateur
oddness	ambiance
oddness	attribute
oddness	circumstance
oddness	civilisation
oddness	crowd
oddness	custom
oddness	danger
oddness	expert
oddness	freedom
oddness	hero
oddness	lap
oddness	literary-works
oddness	logical-relation
oddness	normal
oddness	point-of-view
oddness	practice
oddness	property
oddness	society
oddness	status
oddness	tension
oddness	way
odometer	artifact
odometer	device
odometer	phenomenon
odometer	universe
odometer	vehicle-body
oeuvre	artifact
oeuvre	phenomenon
oeuvre	universe
oeuvre	vehicle-body
offal	food
offal	material
offal	meat
offal	phenomenon
offal	substance
offal	universe
offense	accomplishment
offense	act
offense	activity
offense	contest
offense	event
offense	fight
offense	phenomenon
offense	procedure
offense	volition
offense	war
offer	accomplishment
offer	act
offer	activity
offer	event
offer	phenomenon
offer	procedure
offer	volition
office	artifact
office	building
office	development
office	phenomenon
office	universe
office	vehicle-body
office-furniture	artifact
office-furniture	phenomenon
office-furniture	universe
office-furniture	vehicle-body
official	agent
official	animal
official	body
official	human
official	mammal
official	organism
official	person
official	phenomenon
official	physical-object
official	populace
official	self
official	species
official	universe
official	vertebrate
offspring	attribute
offspring	logical-relation
offspring	property
oil	compound
oil	material
oil	phenomenon
oil	substance
oil	universe
oil-filter	artifact
oil-filter	device
oil-filter	filter
oil-filter	phenomenon
oil-filter	universe
oil-filter	vehicle-body
oil-lamp	artifact
oil-lamp	device
oil-lamp	phenomenon
oil-lamp	universe
oil-lamp	vehicle-body
okra	body-part
okra	botanical-fruit
okra	phenomenon
okra	physical-object
okra	universe
old-age	logical-relation
old-age	quantity
olfactory-property	attribute
olfactory-property	logical-relation
olfactory-property	property
omission	amateur
omission	ambiance
omission	attribute
omission	circumstance
omission	civilisation
omission	crowd
omission	custom
omission	danger
omission	expert
omission	freedom
omission	hero
omission	lap
omission	literary-works
omission	logical-relation
omission	normal
omission	point-of-view
omission	practice
omission	property
omission	society
omission	status
omission	tension
omission	way
one-fourth	logical-relation
one-fourth	number
one-fourth	quantity
one-half	logical-relation
one-half	number
one-half	quantity
onion	body-part
onion	botanical-fruit
onion	phenomenon
onion	physical-object
onion	universe
onion-vegetable	body-part
onion-vegetable	botanical-fruit
onion-vegetable	phenomenon
onion-vegetable	physical-object
onion-vegetable	universe
open-interval	logical-relation
open-interval	mathematical-set
open-interval	subset
opera	artifact
opera	comedy
opera	contract-condition
opera	dramatic-play
opera	fiction
opera	folklore
opera	indication
opera	information
opera	legend
opera	line-of-text
opera	myth
opera	phenomenon
opera	physical-object
opera	text
opera	universe
opera	vehicle-body
operation	accomplishment
operation	act
operation	activity
operation	event
operation	phenomenon
operation	procedure
operation	repair
operation	restoration
operation	therapy
operation	volition
ophthalmoscope	artifact
ophthalmoscope	device
ophthalmoscope	phenomenon
ophthalmoscope	universe
ophthalmoscope	vehicle-body
opinion	logical-relation
opinion	signified
opinion-poll	accomplishment
opinion-poll	act
opinion-poll	activity
opinion-poll	event
opinion-poll	information
opinion-poll	phenomenon
opinion-poll	procedure
opinion-poll	search
opinion-poll	universe
opinion-poll	volition
opportunity	amateur
opportunity	ambiance
opportunity	attribute
opportunity	circumstance
opportunity	civilisation
opportunity	crowd
opportunity	custom
opportunity	danger
opportunity	expert
opportunity	freedom
opportunity	hero
opportunity	lap
opportunity	literary-works
opportunity	logical-relation
opportunity	normal
opportunity	point-of-view
opportunity	practice
opportunity	property
opportunity	society
opportunity	status
opportunity	tension
opportunity	way
opposing-view	logical-relation
opposing-view	signified
opposite	amateur
opposite	ambiance
opposite	attribute
opposite	circumstance
opposite	civilisation
opposite	crowd
opposite	custom
opposite	danger
opposite	expert
opposite	freedom
opposite	hero
opposite	lap
opposite	literary-works
opposite	logical-relation
opposite	normal
opposite	point-of-view
opposite	practice
opposite	property
opposite	society
opposite	status
opposite	tension
opposite	way
optical-fiber	artifact
optical-fiber	device
optical-fiber	phenomenon
optical-fiber	universe
optical-fiber	vehicle-body
optical-instrument	artifact
optical-instrument	device
optical-instrument	phenomenon
optical-instrument	universe
optical-instrument	vehicle-body
optimism	attribute
optimism	inclination
optimism	logical-relation
optimism	mentality
optimism	property
optimism	range-of-a-function
optimism	trait
option	amateur
option	ambiance
option	attribute
option	circumstance
option	civilisation
option	crowd
option	custom
option	danger
option	expert
option	freedom
option	hero
option	lap
option	literary-works
option	logical-relation
option	normal
option	point-of-view
option	practice
option	property
option	society
option	status
option	tension
option	way
orbit	phenomenon
orbit	place
orbit	universe
orchestra	agent
orchestra	collection
orchestra	group
orchestra	people
orchestra	phenomenon
orchestra	school-class
orchestra	universe
order	accomplishment
order	act
order	activity
order	advice
order	communication
order	event
order	information
order	phenomenon
order	procedure
order	universe
order	volition
orderliness	amateur
orderliness	ambiance
orderliness	attribute
orderliness	circumstance
orderliness	civilisation
orderliness	crowd
orderliness	custom
orderliness	danger
orderliness	expert
orderliness	freedom
orderliness	hero
orderliness	lap
orderliness	literary-works
orderliness	logical-relation
orderliness	normal
orderliness	point-of-view
orderliness	practice
orderliness	property
orderliness	society
orderliness	status
orderliness	tension
orderliness	way
ore	material
ore	mineral
ore	phenomenon
ore	substance
ore	universe
organ	body-part
organ	phenomenon
organ	physical-object
organ	universe
organism	agent
organism	phenomenon
organism	physical-object
organism	universe
organization	agent
organization	collection
organization	group
organization	phenomenon
organization	universe
organizer	artifact
organizer	computer
organizer	device
organizer	phenomenon
organizer	universe
organizer	vehicle-body
orgy	accomplishment
orgy	act
orgy	activity
orgy	event
orgy	phenomenon
orgy	procedure
orgy	volition
orientation	attribute
orientation	logical-relation
orientation	property
origin	attribute
origin	logical-relation
origin	property
ornamental-fountain	artifact
ornamental-fountain	phenomenon
ornamental-fountain	universe
ornamental-fountain	vehicle-body
oscilloscope	artifact
oscilloscope	device
oscilloscope	phenomenon
oscilloscope	universe
oscilloscope	vehicle-body
ostrich	agent
ostrich	animal
ostrich	bird
ostrich	body
ostrich	organism
ostrich	phenomenon
ostrich	physical-object
ostrich	species
ostrich	universe
ostrich	vertebrate
otoscope	artifact
otoscope	device
otoscope	phenomenon
otoscope	universe
otoscope	vehicle-body
ottoman	artifact
ottoman	furniture
ottoman	phenomenon
ottoman	seat
ottoman	universe
ottoman	vehicle-body
outdoor-deck	artifact
outdoor-deck	phenomenon
outdoor-deck	universe
outdoor-deck	vehicle-body
outerwear	artifact
outerwear	clothing
outerwear	fashion
outerwear	phenomenon
outerwear	universe
outerwear	vehicle-body
outgo	accomplishment
outgo	act
outgo	activity
outgo	event
outgo	phenomenon
outgo	procedure
outgo	volition
outlier	amateur
outlier	ambiance
outlier	attribute
outlier	circumstance
outlier	civilisation
outlier	crowd
outlier	custom
outlier	danger
outlier	expert
outlier	freedom
outlier	hero
outlier	lap
outlier	literary-works
outlier	logical-relation
outlier	normal
outlier	point-of-view
outlier	practice
outlier	property
outlier	society
outlier	status
outlier	tension
outlier	way
outline	artifact
outline	contract-condition
outline	indication
outline	information
outline	line-of-text
outline	phenomenon
outline	physical-object
outline	recapitulation
outline	summary
outline	text
outline	universe
outline	vehicle-body
output	logical-relation
output	quantity
outside	phenomenon
outside	place
outside	universe
oven	artifact
oven	carrying-case
oven	device
oven	holder
oven	phenomenon
oven	universe
oven	vehicle-body
overall	artifact
overall	clothing
overall	fashion
overall	phenomenon
overall	universe
overall	vehicle-body
overhaul	accomplishment
overhaul	act
overhaul	activity
overhaul	event
overhaul	phenomenon
overhaul	procedure
overhaul	repair
overhaul	restoration
overhaul	volition
overhead-projector	collection
overhead-projector	phenomenon
overview	artifact
overview	contract-condition
overview	indication
overview	information
overview	line-of-text
overview	phenomenon
overview	physical-object
overview	text
overview	universe
overview	vehicle-body
owl	agent
owl	animal
owl	bird
owl	body
owl	organism
owl	phenomenon
owl	physical-object
owl	species
owl	universe
owl	vertebrate
owner	agent
owner	animal
owner	body
owner	human
owner	mammal
owner	organism
owner	person
owner	phenomenon
owner	physical-object
owner	populace
owner	self
owner	species
owner	universe
owner	vertebrate
ownership	attribute
ownership	logical-relation
ownership	property
oxygen	chemical-element
oxygen	material
oxygen	phenomenon
oxygen	substance
oxygen	universe
pacifier	artifact
pacifier	device
pacifier	phenomenon
pacifier	universe
pacifier	vehicle-body
pack	artifact
pack	carrying-case
pack	device
pack	holder
pack	phenomenon
pack	universe
pack	vehicle-body
pack-of-cards	collection
pack-of-cards	phenomenon
package	collection
package	phenomenon
packaging	event
packaging	locating
packaging	phenomenon
packaging	visit
packet	artifact
packet	phenomenon
packet	universe
packet	vehicle-body
paddle	artifact
paddle	device
paddle	phenomenon
paddle	universe
paddle	vehicle-body
padlock	artifact
padlock	device
padlock	phenomenon
padlock	universe
padlock	vehicle-body
pager	artifact
pager	device
pager	phenomenon
pager	universe
pager	vehicle-body
pain	event
pain	phenomenon
pain-in-the-neck	agent
pain-in-the-neck	animal
pain-in-the-neck	body
pain-in-the-neck	human
pain-in-the-neck	mammal
pain-in-the-neck	organism
pain-in-the-neck	person
pain-in-the-neck	phenomenon
pain-in-the-neck	physical-object
pain-in-the-neck	populace
pain-in-the-neck	self
pain-in-the-neck	species
pain-in-the-neck	universe
pain-in-the-neck	vertebrate
painfulness	attribute
painfulness	logical-relation
painfulness	property
painkiller	material
painkiller	phenomenon
painkiller	substance
painkiller	universe
paint	material
paint	phenomenon
paint	substance
paint	universe
paintball	artifact
paintball	phenomenon
paintball	universe
paintball	vehicle-body
paintball-gun	artifact
paintball-gun	device
paintball-gun	phenomenon
paintball-gun	universe
paintball-gun	vehicle-body
paintbrush	artifact
paintbrush	device
paintbrush	phenomenon
paintbrush	universe
paintbrush	vehicle-body
painting	artifact
painting	fine-art
painting	indication
painting	information
painting	phenomenon
painting	physical-object
painting	universe
painting	vehicle-body
pair	agent
pair	collection
pair	group
pair	people
pair	phenomenon
pair	school-class
pair	universe
pajama	artifact
pajama	clothing
pajama	fashion
pajama	phenomenon
pajama	universe
pajama	vehicle-body
palace	artifact
palace	building
palace	development
palace	phenomenon
palace	universe
palace	vehicle-body
palette	artifact
palette	device
palette	phenomenon
palette	universe
palette	vehicle-body
palette-knife	artifact
palette-knife	device
palette-knife	phenomenon
palette-knife	universe
palette-knife	vehicle-body
pallet	artifact
pallet	device
pallet	holder
pallet	phenomenon
pallet	universe
pallet	vehicle-body
palm	agent
palm	organism
palm	phenomenon
palm	physical-object
palm	plant
palm	species
palm	tree
palm	universe
pan	artifact
pan	carrying-case
pan	device
pan	holder
pan	phenomenon
pan	universe
pan	vehicle-body
panel	artifact
panel	component
panel	device
panel	mechanism
panel	phenomenon
panel	universe
panel	vehicle-body
pannier	artifact
pannier	carrying-case
pannier	device
pannier	holder
pannier	phenomenon
pannier	universe
pannier	vehicle-body
panty	artifact
panty	clothing
panty	fashion
panty	phenomenon
panty	universe
panty	vehicle-body
paper-clip	artifact
paper-clip	device
paper-clip	phenomenon
paper-clip	universe
paper-clip	vehicle-body
paper-pulp	material
paper-pulp	phenomenon
paper-pulp	substance
paper-pulp	universe
paper-towel	artifact
paper-towel	phenomenon
paper-towel	universe
paper-towel	vehicle-body
paperboard	artifact
paperboard	phenomenon
paperboard	universe
paperboard	vehicle-body
paperweight	artifact
paperweight	phenomenon
paperweight	universe
paperweight	vehicle-body
parachute	artifact
parachute	device
parachute	phenomenon
parachute	universe
parachute	vehicle-body
parade	event
parade	phenomenon
paradiddle	event
paradiddle	phenomenon
paraffin-wax	compound
paraffin-wax	material
paraffin-wax	phenomenon
paraffin-wax	substance
paraffin-wax	universe
paraffin-wax	wax
paragraph	artifact
paragraph	contract-condition
paragraph	indication
paragraph	information
paragraph	line-of-text
paragraph	phenomenon
paragraph	physical-object
paragraph	text
paragraph	universe
paragraph	vehicle-body
parallel-line	amateur
parallel-line	ambiance
parallel-line	attribute
parallel-line	circumstance
parallel-line	civilisation
parallel-line	crowd
parallel-line	custom
parallel-line	danger
parallel-line	expert
parallel-line	freedom
parallel-line	hero
parallel-line	lap
parallel-line	literary-works
parallel-line	logical-relation
parallel-line	normal
parallel-line	point-of-view
parallel-line	practice
parallel-line	property
parallel-line	society
parallel-line	status
parallel-line	tension
parallel-line	way
parallelogram	attribute
parallelogram	curve
parallelogram	logical-relation
parallelogram	polygon
parallelogram	property
parallelogram	quadrilateral
parallelogram	shape
parametric-statistic	logical-relation
parametric-statistic	quantity
parasol	artifact
parasol	device
parasol	phenomenon
parasol	universe
parasol	vehicle-body
parcel	accomplishment
parcel	act
parcel	activity
parcel	event
parcel	phenomenon
parcel	procedure
parcel	volition
pardon	artifact
pardon	contract-condition
pardon	indication
pardon	information
pardon	line-of-text
pardon	phenomenon
pardon	physical-object
pardon	text
pardon	universe
pardon	vehicle-body
parent	attribute
parent	logical-relation
parent	property
parity	logical-relation
park	land
park	phenomenon
park	place
park	universe
park	yard
parking	phenomenon
parking	place
parking	universe
parole	accomplishment
parole	act
parole	activity
parole	communication
parole	event
parole	information
parole	phenomenon
parole	procedure
parole	universe
parole	volition
paroxysm	attribute
paroxysm	logical-relation
paroxysm	property
parsnip	body-part
parsnip	botanical-fruit
parsnip	phenomenon
parsnip	physical-object
parsnip	universe
partial-correlation	logical-relation
participant	agent
participant	animal
participant	body
participant	human
participant	mammal
participant	organism
participant	person
participant	phenomenon
participant	physical-object
participant	populace
participant	self
participant	species
participant	universe
participant	vertebrate
particle	chemical-element
particle	material
particle	phenomenon
particle	substance
particle	universe
particular-proposition	amateur
particular-proposition	ambiance
particular-proposition	attribute
particular-proposition	circumstance
particular-proposition	civilisation
particular-proposition	crowd
particular-proposition	custom
particular-proposition	danger
particular-proposition	expert
particular-proposition	freedom
particular-proposition	hero
particular-proposition	lap
particular-proposition	literary-works
particular-proposition	logical-relation
particular-proposition	normal
particular-proposition	point-of-view
particular-proposition	practice
particular-proposition	property
particular-proposition	society
particular-proposition	status
particular-proposition	tension
particular-proposition	way
partner	attribute
partner	logical-relation
partner	property
partnership	contract
partnership	legal-document
partnership	logical-relation
partnership	signified
party	accomplishment
party	act
party	activity
party	coming-together
party	event
party	phenomenon
party	procedure
party	volition
pass	artifact
pass	contract-condition
pass	indication
pass	information
pass	line-of-text
pass	phenomenon
pass	physical-object
pass	text
pass	universe
pass	vehicle-body
passage	body-part
passage	phenomenon
passage	physical-object
passage	universe
passenger	attribute
passenger	logical-relation
passenger	property
passing	attribute
passing	logical-relation
passing	normal
passing	property
passion	attribute
passion	logical-relation
passion	property
passport	artifact
passport	contract-condition
passport	indication
passport	information
passport	line-of-text
passport	phenomenon
passport	physical-object
passport	text
passport	universe
passport	vehicle-body
password	information
password	line-of-text
password	phenomenon
password	universe
pasta-sauce	food
pasta-sauce	material
pasta-sauce	phenomenon
pasta-sauce	substance
pasta-sauce	universe
pastel	attribute
pastel	logical-relation
pastel	property
pastime	accomplishment
pastime	act
pastime	activity
pastime	event
pastime	phenomenon
pastime	procedure
pastime	volition
pastime-game	accomplishment
pastime-game	act
pastime-game	activity
pastime-game	contest
pastime-game	event
pastime-game	phenomenon
pastime-game	procedure
pastime-game	volition
pastime-game	war
pastry	food
pastry	material
pastry	phenomenon
pastry	substance
pastry	universe
pastry-dough	food
pastry-dough	material
pastry-dough	phenomenon
pastry-dough	substance
pastry-dough	universe
pasture	field
pasture	land
pasture	phenomenon
pasture	place
pasture	universe
pasture	yard
patch	artifact
patch	fabric
patch	phenomenon
patch	universe
patch	vehicle-body
patent	artifact
patent	contract-condition
patent	indication
patent	information
patent	line-of-text
patent	phenomenon
patent	physical-object
patent	text
patent	universe
patent	vehicle-body
patent-leather	artifact
patent-leather	fabric
patent-leather	leather
patent-leather	phenomenon
patent-leather	universe
patent-leather	vehicle-body
path	phenomenon
path	place
path	universe
patience	attribute
patience	inclination
patience	logical-relation
patience	mentality
patience	property
patience	range-of-a-function
patience	trait
patient	agent
patient	animal
patient	body
patient	human
patient	mammal
patient	organism
patient	person
patient	phenomenon
patient	physical-object
patient	populace
patient	self
patient	species
patient	universe
patient	vertebrate
patio	land
patio	phenomenon
patio	place
patio	universe
patio	yard
patriot	agent
patriot	collection
patriot	group
patriot	people
patriot	phenomenon
patriot	school-class
patriot	universe
patriotism	attribute
patriotism	inclination
patriotism	logical-relation
patriotism	mentality
patriotism	property
patriotism	range-of-a-function
patriotism	trait
patrol	agent
patrol	association
patrol	collection
patrol	group
patrol	organization
patrol	phenomenon
patrol	team
patrol	universe
pattern	logical-relation
pause	logical-relation
pause	quantity
paving	material
paving	phenomenon
paving	substance
paving	universe
peak	land
peak	phenomenon
peak	place
peak	universe
peak	yard
peasant	agent
peasant	animal
peasant	body
peasant	human
peasant	mammal
peasant	organism
peasant	person
peasant	phenomenon
peasant	physical-object
peasant	populace
peasant	self
peasant	species
peasant	universe
peasant	vertebrate
peat	material
peat	phenomenon
peat	substance
peat	universe
pedestrian	accomplishment
pedestrian	act
pedestrian	activity
pedestrian	event
pedestrian	motion
pedestrian	phenomenon
pedestrian	procedure
pedestrian	visit
pedestrian	volition
pedicure	accomplishment
pedicure	act
pedicure	activity
pedicure	care
pedicure	event
pedicure	phenomenon
pedicure	procedure
pedicure	volition
pedometer	artifact
pedometer	device
pedometer	phenomenon
pedometer	universe
pedometer	vehicle-body
peel	body-part
peel	botanical-fruit
peel	phenomenon
peel	physical-object
peel	universe
peeler	artifact
peeler	device
peeler	phenomenon
peeler	universe
peeler	vehicle-body
peer	attribute
peer	logical-relation
peer	property
pellet	artifact
pellet	device
pellet	phenomenon
pellet	universe
pellet	vehicle-body
pellet	weapon
pen	artifact
pen	device
pen	phenomenon
pen	universe
pen	vehicle-body
pencil	artifact
pencil	device
pencil	phenomenon
pencil	universe
pencil	vehicle-body
pencil-case	artifact
pencil-case	box
pencil-case	carrying-case
pencil-case	device
pencil-case	holder
pencil-case	phenomenon
pencil-case	universe
pencil-case	vehicle-body
pencil-of-lines	attribute
pencil-of-lines	logical-relation
pencil-of-lines	property
pencil-of-lines	shape
pencil-sharpener	artifact
pencil-sharpener	device
pencil-sharpener	phenomenon
pencil-sharpener	universe
pencil-sharpener	vehicle-body
pendant	artifact
pendant	fine-art
pendant	indication
pendant	information
pendant	phenomenon
pendant	physical-object
pendant	universe
pendant	vehicle-body
pension	logical-relation
pension	quantity
pensioner	agent
pensioner	animal
pensioner	body
pensioner	human
pensioner	mammal
pensioner	organism
pensioner	person
pensioner	phenomenon
pensioner	physical-object
pensioner	populace
pensioner	self
pensioner	species
pensioner	universe
pensioner	vertebrate
pentagon	attribute
pentagon	logical-relation
pentagon	property
pentagon	shape
people	agent
people	collection
people	group
people	phenomenon
people	universe
pepper	agent
pepper	organism
pepper	phenomenon
pepper	physical-object
pepper	plant
pepper	species
pepper	universe
pepper-shaker	artifact
pepper-shaker	device
pepper-shaker	phenomenon
pepper-shaker	universe
pepper-shaker	vehicle-body
pepper-spray	artifact
pepper-spray	device
pepper-spray	phenomenon
pepper-spray	universe
pepper-spray	vehicle-body
perceiver	agent
perceiver	animal
perceiver	body
perceiver	human
perceiver	mammal
perceiver	organism
perceiver	person
perceiver	phenomenon
perceiver	physical-object
perceiver	populace
perceiver	self
perceiver	species
perceiver	universe
perceiver	vertebrate
percentage	logical-relation
percentage	number
percentage	quantity
percentile	indication
percentile	information
percentile	phenomenon
percentile	physical-object
percentile	universe
perception	event
perception	phenomenon
perceptiveness	attribute
perceptiveness	logical-relation
perceptiveness	property
perch	phenomenon
perch	physical-object
perch	universe
percolator	artifact
percolator	device
percolator	phenomenon
percolator	universe
percolator	vehicle-body
performance	accomplishment
performance	act
performance	activity
performance	communication
performance	event
performance	information
performance	performing
performance	phenomenon
performance	procedure
performance	stage-production
performance	universe
performance	volition
performing	accomplishment
performing	act
performing	activity
performing	communication
performing	event
performing	information
performing	phenomenon
performing	procedure
performing	stage-production
performing	universe
performing	volition
perfume	chemical-solution
perfume	material
perfume	phenomenon
perfume	substance
perfume	universe
period	character
period	information
period	phenomenon
period	symbol
period	universe
period.time	logical-relation
period.time	quantity
periodical	artifact
periodical	contract-condition
periodical	indication
periodical	information
periodical	line-of-text
periodical	phenomenon
periodical	physical-object
periodical	text
periodical	universe
periodical	vehicle-body
permutation	event
permutation	phenomenon
persimmon	body-part
persimmon	botanical-fruit
persimmon	phenomenon
persimmon	physical-object
persimmon	universe
person	agent
person	animal
person	body
person	human
person	mammal
person	organism
person	phenomenon
person	physical-object
person	self
person	species
person	universe
person	vertebrate
personal-care	accomplishment
personal-care	act
personal-care	activity
personal-care	care
personal-care	event
personal-care	phenomenon
personal-care	procedure
personal-care	volition
personality	attribute
personality	inclination
personality	logical-relation
personality	mentality
personality	property
personality	range-of-a-function
personality	trait
perspective	logical-relation
perspective	signified
perspiration	material
perspiration	phenomenon
perspiration	substance
perspiration	universe
pest	agent
pest	animal
pest	body
pest	human
pest	mammal
pest	organism
pest	person
pest	phenomenon
pest	physical-object
pest	populace
pest	self
pest	species
pest	universe
pest	vertebrate
pest-control	event
pest-control	phenomenon
pest-control	visit
pesticide	material
pesticide	phenomenon
pesticide	substance
pesticide	universe
pet	agent
pet	animal
pet	body
pet	livestock
pet	organism
pet	phenomenon
pet	physical-object
pet	species
pet	universe
pet-food	food
pet-food	phenomenon
pet-food	universe
pet-sitting	accomplishment
pet-sitting	act
pet-sitting	activity
pet-sitting	care
pet-sitting	event
pet-sitting	phenomenon
pet-sitting	procedure
pet-sitting	volition
petri-dish	artifact
petri-dish	device
petri-dish	dish
petri-dish	holder
petri-dish	phenomenon
petri-dish	universe
petri-dish	vehicle-body
petroleum-jelly	compound
petroleum-jelly	material
petroleum-jelly	oil
petroleum-jelly	phenomenon
petroleum-jelly	substance
petroleum-jelly	universe
petticoat	artifact
petticoat	clothing
petticoat	fashion
petticoat	phenomenon
petticoat	universe
petticoat	vehicle-body
phase	logical-relation
phase	quantity
phi-coefficient	logical-relation
phi-coefficient	quantity
philosopher	field-of-study
philosopher	logical-relation
philosopher	signified
philosophy	field-of-study
philosophy	logical-relation
philosophy	philosopher
philosophy	signified
phone	artifact
phone	component
phone	device
phone	mechanism
phone	phenomenon
phone	universe
phone	vehicle-body
phone-call	accomplishment
phone-call	act
phone-call	activity
phone-call	communication
phone-call	event
phone-call	information
phone-call	phenomenon
phone-call	procedure
phone-call	universe
phone-call	volition
phone-number	indication
phone-number	information
phone-number	phenomenon
phone-number	physical-object
phone-number	universe
phonograph-recording	audio
phonograph-recording	indication
phonograph-recording	information
phonograph-recording	phenomenon
phonograph-recording	physical-object
phonograph-recording	universe
photograph	indication
photograph	information
photograph	phenomenon
photograph	physical-object
photograph	universe
photographic-equipment	artifact
photographic-equipment	device
photographic-equipment	phenomenon
photographic-equipment	universe
photographic-equipment	vehicle-body
photographic-film	artifact
photographic-film	phenomenon
photographic-film	universe
photographic-film	vehicle-body
photographic-paper	artifact
photographic-paper	device
photographic-paper	phenomenon
photographic-paper	universe
photographic-paper	vehicle-body
photographic-plate	artifact
photographic-plate	device
photographic-plate	phenomenon
photographic-plate	universe
photographic-plate	vehicle-body
photography	accomplishment
photography	act
photography	activity
photography	event
photography	phenomenon
photography	procedure
photography	volition
physical-barrier	artifact
physical-barrier	development
physical-barrier	phenomenon
physical-barrier	universe
physical-barrier	vehicle-body
physical-object	phenomenon
physical-object	universe
physics	field-of-study
physics	logical-relation
physics	signified
piano-lesson	accomplishment
piano-lesson	acquired-knowledge
piano-lesson	act
piano-lesson	activity
piano-lesson	education
piano-lesson	event
piano-lesson	leader
piano-lesson	phenomenon
piano-lesson	procedure
piano-lesson	volition
pickax	artifact
pickax	device
pickax	phenomenon
pickax	universe
pickax	vehicle-body
picket	artifact
picket	development
picket	fence
picket	phenomenon
picket	universe
picket	vehicle-body
picture-frame	artifact
picture-frame	phenomenon
picture-frame	universe
picture-frame	vehicle-body
pie	food
pie	material
pie	phenomenon
pie	substance
pie	universe
pie-crust	food
pie-crust	material
pie-crust	phenomenon
pie-crust	substance
pie-crust	universe
piece-of-paper	paper
pier	artifact
pier	development
pier	phenomenon
pier	universe
pier	vehicle-body
pig	agent
pig	animal
pig	body
pig	human
pig	mammal
pig	organism
pig	person
pig	phenomenon
pig	physical-object
pig	populace
pig	self
pig	species
pig	universe
pig	vertebrate
pigeon	agent
pigeon	animal
pigeon	bird
pigeon	body
pigeon	organism
pigeon	phenomenon
pigeon	physical-object
pigeon	species
pigeon	universe
pigeon	vertebrate
piggy-bank	artifact
piggy-bank	device
piggy-bank	phenomenon
piggy-bank	universe
piggy-bank	vehicle-body
pile	collection
pile	phenomenon
piling	artifact
piling	device
piling	phenomenon
piling	universe
piling	vehicle-body
pill	material
pill	phenomenon
pill	substance
pill	universe
pillbox	artifact
pillbox	phenomenon
pillbox	universe
pillbox	vehicle-body
pillow	artifact
pillow	phenomenon
pillow	universe
pillow	vehicle-body
pillowcase	artifact
pillowcase	bed-linen
pillowcase	phenomenon
pillowcase	sheet
pillowcase	universe
pillowcase	vehicle-body
pinball-machine	artifact
pinball-machine	device
pinball-machine	phenomenon
pinball-machine	universe
pinball-machine	vehicle-body
pioneer	attribute
pioneer	logical-relation
pioneer	property
pipe	attribute
pipe	logical-relation
pipe	property
pipe	shape
pipe-cutter	artifact
pipe-cutter	cutter
pipe-cutter	device
pipe-cutter	phenomenon
pipe-cutter	universe
pipe-cutter	vehicle-body
pipette	artifact
pipette	device
pipette	phenomenon
pipette	universe
pipette	vehicle-body
pistol	artifact
pistol	device
pistol	gun
pistol	phenomenon
pistol	universe
pistol	vehicle-body
pistol	weapon
pit	artifact
pit	device
pit	phenomenon
pit	universe
pit	vehicle-body
pitahaya	body-part
pitahaya	botanical-fruit
pitahaya	phenomenon
pitahaya	physical-object
pitahaya	universe
pitch	attribute
pitch	logical-relation
pitch	property
pity	amateur
pity	ambiance
pity	attribute
pity	circumstance
pity	civilisation
pity	crowd
pity	custom
pity	danger
pity	expert
pity	freedom
pity	hero
pity	lap
pity	literary-works
pity	logical-relation
pity	normal
pity	point-of-view
pity	practice
pity	property
pity	society
pity	status
pity	tension
pity	way
place	phenomenon
place	universe
placement	accomplishment
placement	act
placement	activity
placement	event
placement	phenomenon
placement	procedure
placement	volition
plan	logical-relation
plan	measure
plan	routine
plan	signified
plane-geometry	field-of-study
plane-geometry	logical-relation
plane-geometry	signified
plane-section	phenomenon
plane-section	place
plane-section	universe
plane-ticket	artifact
plane-ticket	contract-condition
plane-ticket	indication
plane-ticket	information
plane-ticket	line-of-text
plane-ticket	phenomenon
plane-ticket	physical-object
plane-ticket	text
plane-ticket	universe
plane-ticket	vehicle-body
plank	artifact
plank	phenomenon
plank	universe
plank	vehicle-body
planner	artifact
planner	device
planner	machine
planner	machinery
planner	phenomenon
planner	universe
planner	vehicle-body
plant	agent
plant	organism
plant	phenomenon
plant	physical-object
plant	species
plant	universe
plant-root	body-part
plant-root	organ
plant-root	phenomenon
plant-root	physical-object
plant-root	universe
planter	artifact
planter	phenomenon
planter	universe
planter	vehicle-body
plaster	material
plaster	phenomenon
plaster	substance
plaster	universe
plastic	compound
plastic	material
plastic	phenomenon
plastic	substance
plastic	universe
plastic-film	artifact
plastic-film	phenomenon
plastic-film	universe
plastic-film	vehicle-body
plastic-wrap	material
plastic-wrap	phenomenon
plastic-wrap	substance
plastic-wrap	universe
plate	artifact
plate	device
plate	phenomenon
plate	tableware
plate	universe
plate	vehicle-body
platinum	chemical-element
platinum	material
platinum	phenomenon
platinum	substance
platinum	universe
play	accomplishment
play	act
play	activity
play	event
play	phenomenon
play	procedure
play	volition
player	agent
player	animal
player	body
player	human
player	mammal
player	organism
player	person
player	phenomenon
player	physical-object
player	populace
player	self
player	species
player	universe
player	vertebrate
playground-ball	artifact
playground-ball	ball
playground-ball	game-equipment
playground-ball	phenomenon
playground-ball	universe
playground-ball	vehicle-body
playground-swing	artifact
playground-swing	device
playground-swing	phenomenon
playground-swing	universe
playground-swing	vehicle-body
playhouse	artifact
playhouse	device
playhouse	dollhouse
playhouse	phenomenon
playhouse	plaything
playhouse	universe
playhouse	vehicle-body
playing-card	artifact
playing-card	game-equipment
playing-card	indication
playing-card	information
playing-card	phenomenon
playing-card	physical-object
playing-card	universe
playing-card	vehicle-body
playing-field	land
playing-field	phenomenon
playing-field	place
playing-field	universe
playing-field	yard
playpen	artifact
playpen	carrying-case
playpen	device
playpen	holder
playpen	phenomenon
playpen	universe
playpen	vehicle-body
plaything	artifact
plaything	device
plaything	phenomenon
plaything	universe
plaything	vehicle-body
plot	land
plot	phenomenon
plot	place
plot	universe
plot	yard
plot.communication	logical-relation
plot.communication	signified
plow	artifact
plow	device
plow	phenomenon
plow	universe
plow	vehicle-body
plug	artifact
plug	phenomenon
plug	stopper
plug	universe
plug	vehicle-body
plum	body-part
plum	botanical-fruit
plum	phenomenon
plum	physical-object
plum	universe
plumbing	artifact
plumbing	device
plumbing	phenomenon
plumbing	universe
plumbing	vehicle-body
plumbing-work	attribute
plumbing-work	logical-relation
plumbing-work	property
plumbing-work	trade
plumcot	body-part
plumcot	botanical-fruit
plumcot	phenomenon
plumcot	physical-object
plumcot	universe
plywood	artifact
plywood	phenomenon
plywood	universe
plywood	vehicle-body
pneumatic-drill	artifact
pneumatic-drill	device
pneumatic-drill	phenomenon
pneumatic-drill	universe
pneumatic-drill	vehicle-body
pocket	artifact
pocket	fabric
pocket	phenomenon
pocket	universe
pocket	vehicle-body
poem	artifact
poem	contract-condition
poem	fiction
poem	folklore
poem	indication
poem	information
poem	legend
poem	line-of-text
poem	myth
poem	phenomenon
poem	physical-object
poem	text
poem	universe
poem	vehicle-body
poetry	artifact
poetry	contract-condition
poetry	fiction
poetry	folklore
poetry	indication
poetry	information
poetry	legend
poetry	line-of-text
poetry	myth
poetry	phenomenon
poetry	physical-object
poetry	text
poetry	universe
poetry	vehicle-body
pogo-stick	artifact
pogo-stick	device
pogo-stick	phenomenon
pogo-stick	universe
pogo-stick	vehicle-body
point	attribute
point	logical-relation
point	property
point	shape
point-of-view	attribute
point-of-view	logical-relation
point-of-view	normal
point-of-view	property
pointer	information
pointer	phenomenon
pointer	universe
poison	material
poison	phenomenon
poison	substance
poison	universe
poisson-distribution	logical-relation
poker	artifact
poker	device
poker	phenomenon
poker	universe
poker	vehicle-body
poker-chip	artifact
poker-chip	phenomenon
poker-chip	universe
poker-chip	vehicle-body
pole	artifact
pole	phenomenon
pole	universe
pole	vehicle-body
police	agent
police	association
police	collection
police	group
police	organization
police	phenomenon
police	team
police	universe
policy	artifact
policy	contract-condition
policy	indication
policy	information
policy	line-of-text
policy	phenomenon
policy	physical-object
policy	text
policy	universe
policy	vehicle-body
polish	amateur
polish	ambiance
polish	attribute
polish	circumstance
polish	civilisation
polish	crowd
polish	custom
polish	danger
polish	expert
polish	freedom
polish	hero
polish	lap
polish	literary-works
polish	logical-relation
polish	normal
polish	point-of-view
polish	practice
polish	property
polish	society
polish	status
polish	tension
polish	way
polish-preparation	material
polish-preparation	phenomenon
polish-preparation	substance
polish-preparation	universe
political-campaign	accomplishment
political-campaign	act
political-campaign	activity
political-campaign	contest
political-campaign	event
political-campaign	phenomenon
political-campaign	procedure
political-campaign	volition
political-campaign	war
political-orientation	logical-relation
political-orientation	signified
politics	accomplishment
politics	act
politics	activity
politics	event
politics	phenomenon
politics	procedure
politics	volition
poll	accomplishment
poll	act
poll	activity
poll	calculation
poll	event
poll	information
poll	phenomenon
poll	procedure
poll	universe
poll	volition
polo-shirt	artifact
polo-shirt	clothing
polo-shirt	fashion
polo-shirt	phenomenon
polo-shirt	shirt
polo-shirt	universe
polo-shirt	vehicle-body
polygon	attribute
polygon	curve
polygon	logical-relation
polygon	property
polygon	shape
pomegranate	body-part
pomegranate	botanical-fruit
pomegranate	phenomenon
pomegranate	physical-object
pomegranate	universe
pomelo	body-part
pomelo	botanical-fruit
pomelo	phenomenon
pomelo	physical-object
pomelo	universe
pommel-horse	artifact
pommel-horse	phenomenon
pommel-horse	universe
pommel-horse	vehicle-body
pony	agent
pony	animal
pony	body
pony	horse
pony	mammal
pony	organism
pony	phenomenon
pony	physical-object
pony	species
pony	universe
pony	vertebrate
pool	body-of-water
pool	phenomenon
pool	place
pool	universe
poppy-seed	body-part
poppy-seed	phenomenon
poppy-seed	physical-object
poppy-seed	seed
poppy-seed	universe
populace	agent
populace	animal
populace	body
populace	human
populace	mammal
populace	organism
populace	phenomenon
populace	physical-object
populace	self
populace	species
populace	universe
populace	vertebrate
pork	food
pork	material
pork	meat
pork	phenomenon
pork	substance
pork	universe
portfolio	artifact
portfolio	phenomenon
portfolio	universe
portfolio	vehicle-body
portrait	information
portrait	phenomenon
portrait	universe
poser	attribute
poser	logical-relation
poser	property
position	logical-relation
position	signified
positive-correlation	logical-relation
positive-correlation	number
positive-correlation	percentage
positive-correlation	quantity
possibility	accomplishment
possibility	act
possibility	activity
possibility	event
possibility	information
possibility	phenomenon
possibility	procedure
possibility	universe
possibility	volition
post	information
post	phenomenon
post	universe
postage	information
postage	phenomenon
postage	universe
postage-meter	artifact
postage-meter	device
postage-meter	machine
postage-meter	machinery
postage-meter	phenomenon
postage-meter	universe
postage-meter	vehicle-body
postcard	indication
postcard	information
postcard	phenomenon
postcard	physical-object
postcard	universe
postulate	information
postulate	line-of-text
postulate	phenomenon
postulate	sentence
postulate	universe
pot	agent
pot	organism
pot	phenomenon
pot	physical-object
pot	plant
pot	species
pot	universe
potato	agent
potato	organism
potato	phenomenon
potato	physical-object
potato	plant
potato	species
potato	universe
potential	attribute
potential	logical-relation
potential	property
potpourri	artifact
potpourri	phenomenon
potpourri	universe
potpourri	vehicle-body
pottery	artifact
pottery	phenomenon
pottery	universe
pottery	vehicle-body
potty-seat	artifact
potty-seat	device
potty-seat	phenomenon
potty-seat	universe
potty-seat	vehicle-body
pouch	artifact
pouch	carrying-case
pouch	device
pouch	holder
pouch	phenomenon
pouch	universe
pouch	vehicle-body
poultry	agent
poultry	animal
poultry	bird
poultry	body
poultry	organism
poultry	phenomenon
poultry	physical-object
poultry	species
poultry	universe
poultry	vertebrate
pound	artifact
pound	development
pound	phenomenon
pound	universe
pound	vehicle-body
powder	material
powder	phenomenon
powder	substance
powder	universe
powdered-milk	material
powdered-milk	milk
powdered-milk	phenomenon
powdered-milk	substance
powdered-milk	universe
power	attribute
power	logical-relation
power	property
power-shovel	artifact
power-shovel	device
power-shovel	phenomenon
power-shovel	universe
power-shovel	vehicle-body
power-station	artifact
power-station	development
power-station	phenomenon
power-station	universe
power-station	vehicle-body
power-tool	artifact
power-tool	device
power-tool	phenomenon
power-tool	universe
power-tool	vehicle-body
practical-application	accomplishment
practical-application	act
practical-application	activity
practical-application	event
practical-application	phenomenon
practical-application	procedure
practical-application	volition
practice	attribute
practice	logical-relation
practice	normal
practice	property
practice-of-medicine	attribute
practice-of-medicine	logical-relation
practice-of-medicine	property
practice-session	accomplishment
practice-session	acquired-knowledge
practice-session	act
practice-session	activity
practice-session	education
practice-session	event
practice-session	leader
practice-session	phenomenon
practice-session	procedure
practice-session	volition
praise	accomplishment
praise	act
praise	activity
praise	communication
praise	event
praise	information
praise	phenomenon
praise	procedure
praise	reaction.phenomenon
praise	universe
praise	volition
prayer	accomplishment
prayer	act
prayer	activity
prayer	advice
prayer	communication
prayer	event
prayer	information
prayer	phenomenon
prayer	procedure
prayer	universe
prayer	volition
precedence	amateur
precedence	ambiance
precedence	attribute
precedence	circumstance
precedence	civilisation
precedence	crowd
precedence	custom
precedence	danger
precedence	expert
precedence	freedom
precedence	hero
precedence	lap
precedence	literary-works
precedence	logical-relation
precedence	normal
precedence	point-of-view
precedence	practice
precedence	property
precedence	society
precedence	status
precedence	tension
precedence	way
preciseness	amateur
preciseness	ambiance
preciseness	attribute
preciseness	circumstance
preciseness	civilisation
preciseness	crowd
preciseness	custom
preciseness	danger
preciseness	expert
preciseness	freedom
preciseness	hero
preciseness	lap
preciseness	literary-works
preciseness	logical-relation
preciseness	normal
preciseness	point-of-view
preciseness	practice
preciseness	property
preciseness	society
preciseness	status
preciseness	tension
preciseness	way
precondition	logical-relation
precondition	signified
predecessor	attribute
predecessor	logical-relation
predecessor	property
predictor-variable	logical-relation
predictor-variable	quantity
predilection	logical-relation
preference	attribute
preference	logical-relation
preference	property
premise	information
premise	line-of-text
premise	phenomenon
premise	sentence
premise	universe
premium	logical-relation
premium	quantity
preoccupation	attribute
preoccupation	logical-relation
preoccupation	property
prepared-dish	food
prepared-dish	material
prepared-dish	phenomenon
prepared-dish	substance
prepared-dish	universe
preponderance	attribute
preponderance	logical-relation
preponderance	property
prescription	artifact
prescription	contract-condition
prescription	indication
prescription	information
prescription	line-of-text
prescription	phenomenon
prescription	physical-object
prescription	text
prescription	universe
prescription	vehicle-body
prescription-drug	material
prescription-drug	phenomenon
prescription-drug	substance
prescription-drug	universe
presence	attribute
presence	logical-relation
presence	property
present	accomplishment
present	act
present	activity
present	event
present	phenomenon
present	procedure
present	volition
presentation	information
presentation	phenomenon
presentation	universe
preservation	attribute
preservation	logical-relation
preservation	property
preserves	food
preserves	material
preserves	phenomenon
preserves	substance
preserves	universe
presidency	logical-relation
presidency	quantity
press	artifact
press	device
press	phenomenon
press	universe
press	vehicle-body
prestige	amateur
prestige	ambiance
prestige	attribute
prestige	circumstance
prestige	civilisation
prestige	crowd
prestige	custom
prestige	danger
prestige	expert
prestige	freedom
prestige	hero
prestige	lap
prestige	literary-works
prestige	logical-relation
prestige	normal
prestige	point-of-view
prestige	practice
prestige	property
prestige	society
prestige	status
prestige	tension
prestige	way
prey	agent
prey	animal
prey	body
prey	organism
prey	phenomenon
prey	physical-object
prey	species
prey	universe
price	amateur
price	ambiance
price	attribute
price	circumstance
price	civilisation
price	crowd
price	custom
price	danger
price	expert
price	freedom
price	hero
price	lap
price	literary-works
price	logical-relation
price	normal
price	point-of-view
price	practice
price	property
price	society
price	status
price	tension
price	way
price-quotation	information
price-quotation	line-of-text
price-quotation	phenomenon
price-quotation	remark
price-quotation	sentence
price-quotation	universe
pride	attribute
pride	inclination
pride	logical-relation
pride	mentality
pride	property
pride	range-of-a-function
pride	trait
primary	accomplishment
primary	act
primary	activity
primary	election
primary	event
primary	phenomenon
primary	procedure
primary	volition
primer	material
primer	phenomenon
primer	substance
primer	universe
princess	agent
princess	animal
princess	body
princess	human
princess	lady
princess	mammal
princess	organism
princess	person
princess	phenomenon
princess	physical-object
princess	populace
princess	self
princess	species
princess	universe
princess	vertebrate
princess	woman
principle	logical-relation
principle	signified
print	artifact
print	fine-art
print	indication
print	information
print	phenomenon
print	physical-object
print	universe
print	vehicle-body
printed-circuit	artifact
printed-circuit	component
printed-circuit	device
printed-circuit	mechanism
printed-circuit	phenomenon
printed-circuit	universe
printed-circuit	vehicle-body
printing-ink	material
printing-ink	phenomenon
printing-ink	substance
printing-ink	universe
prism	artifact
prism	device
prism	phenomenon
prism	universe
prism	vehicle-body
prison	artifact
prison	building
prison	development
prison	phenomenon
prison	universe
prison	vehicle-body
privacy	attribute
privacy	inclination
privacy	logical-relation
privacy	mentality
privacy	property
privacy	range-of-a-function
privacy	trait
privation	amateur
privation	ambiance
privation	attribute
privation	circumstance
privation	civilisation
privation	crowd
privation	custom
privation	danger
privation	expert
privation	freedom
privation	hero
privation	lap
privation	literary-works
privation	logical-relation
privation	normal
privation	point-of-view
privation	practice
privation	property
privation	society
privation	status
privation	tension
privation	way
privilege	amateur
privilege	ambiance
privilege	attribute
privilege	circumstance
privilege	civilisation
privilege	crowd
privilege	custom
privilege	danger
privilege	expert
privilege	freedom
privilege	hero
privilege	lap
privilege	literary-works
privilege	logical-relation
privilege	normal
privilege	point-of-view
privilege	practice
privilege	property
privilege	society
privilege	status
privilege	tension
privilege	way
prize	accomplishment
prize	act
prize	activity
prize	event
prize	phenomenon
prize	procedure
prize	volition
probability	logical-relation
probability-theory	field-of-study
probability-theory	logical-relation
probability-theory	signified
probe	accomplishment
probe	act
probe	activity
probe	event
probe	information
probe	phenomenon
probe	procedure
probe	search
probe	universe
probe	volition
problem	information
problem	line-of-text
problem	phenomenon
problem	sentence
problem	universe
procedure	event
procedure	phenomenon
process	event
process	phenomenon
producer	agent
producer	animal
producer	body
producer	human
producer	mammal
producer	organism
producer	person
producer	phenomenon
producer	physical-object
producer	populace
producer	self
producer	species
producer	universe
producer	vertebrate
product-moment-correlation-coefficient	logical-relation
product-moment-correlation-coefficient	measure
product-moment-correlation-coefficient	routine
product-moment-correlation-coefficient	signified
product.phenomenon	event
product.phenomenon	phenomenon
production	event
production	phenomenon
production-line	artifact
production-line	device
production-line	phenomenon
production-line	universe
production-line	vehicle-body
profession	attribute
profession	logical-relation
profession	property
professional	attribute
professional	logical-relation
professional	property
proficiency	attribute
proficiency	logical-relation
proficiency	property
profile	information
profile	phenomenon
profile	universe
profit	amateur
profit	ambiance
profit	attribute
profit	circumstance
profit	civilisation
profit	crowd
profit	custom
profit	danger
profit	expert
profit	freedom
profit	hero
profit	lap
profit	literary-works
profit	logical-relation
profit	normal
profit	point-of-view
profit	practice
profit	property
profit	society
profit	status
profit	tension
profit	way
prognosis	accomplishment
prognosis	act
prognosis	activity
prognosis	affirmation
prognosis	communication
prognosis	event
prognosis	information
prognosis	phenomenon
prognosis	procedure
prognosis	universe
prognosis	volition
program	accomplishment
program	act
program	activity
program	communication
program	event
program	information
program	phenomenon
program	procedure
program	universe
program	volition
programme	accomplishment
programme	act
programme	activity
programme	communication
programme	event
programme	information
programme	phenomenon
programme	procedure
programme	universe
programme	volition
programming	accomplishment
programming	act
programming	activity
programming	event
programming	phenomenon
programming	procedure
programming	volition
projectile	artifact
projectile	device
projectile	pellet
projectile	phenomenon
projectile	universe
projectile	vehicle-body
projectile	weapon
projection	accomplishment
projection	act
projection	activity
projection	event
projection	information
projection	phenomenon
projection	procedure
projection	universe
projection	volition
projection.communication	event
projection.communication	luminosity
projection.communication	phenomenon
projective-duality	attribute
projective-duality	logical-relation
projective-duality	property
projective-geometry	field-of-study
projective-geometry	logical-relation
projective-geometry	signified
projector	artifact
projector	device
projector	phenomenon
projector	universe
projector	vehicle-body
promise	accomplishment
promise	act
promise	activity
promise	communication
promise	event
promise	information
promise	phenomenon
promise	procedure
promise	universe
promise	volition
promotion	event
promotion	locating
promotion	phenomenon
promotion	visit
promotional-material	artifact
promotional-material	contract-condition
promotional-material	indication
promotional-material	information
promotional-material	line-of-text
promotional-material	phenomenon
promotional-material	physical-object
promotional-material	text
promotional-material	universe
promotional-material	vehicle-body
propaganda	accomplishment
propaganda	act
propaganda	activity
propaganda	communication
propaganda	event
propaganda	information
propaganda	phenomenon
propaganda	procedure
propaganda	universe
propaganda	volition
propane	material
propane	phenomenon
propane	substance
propane	universe
property	logical-relation
proportion	amateur
proportion	ambiance
proportion	attribute
proportion	circumstance
proportion	civilisation
proportion	crowd
proportion	custom
proportion	danger
proportion	expert
proportion	freedom
proportion	hero
proportion	lap
proportion	literary-works
proportion	logical-relation
proportion	normal
proportion	point-of-view
proportion	practice
proportion	property
proportion	society
proportion	status
proportion	tension
proportion	way
proposal	accomplishment
proposal	act
proposal	activity
proposal	advice
proposal	communication
proposal	event
proposal	information
proposal	phenomenon
proposal	procedure
proposal	universe
proposal	volition
proposition	information
proposition	line-of-text
proposition	phenomenon
proposition	sentence
proposition	universe
prosecution	accomplishment
prosecution	act
prosecution	activity
prosecution	contest
prosecution	event
prosecution	lawsuit
prosecution	legal-action
prosecution	phenomenon
prosecution	procedure
prosecution	volition
prosecution	war
prosperity	amateur
prosperity	ambiance
prosperity	attribute
prosperity	circumstance
prosperity	civilisation
prosperity	crowd
prosperity	custom
prosperity	danger
prosperity	expert
prosperity	freedom
prosperity	hero
prosperity	lap
prosperity	literary-works
prosperity	logical-relation
prosperity	normal
prosperity	point-of-view
prosperity	practice
prosperity	property
prosperity	society
prosperity	status
prosperity	tension
prosperity	way
protection	accomplishment
protection	act
protection	activity
protection	care
protection	event
protection	phenomenon
protection	procedure
protection	volition
protective-mask	artifact
protective-mask	clothing
protective-mask	fashion
protective-mask	phenomenon
protective-mask	universe
protective-mask	vehicle-body
protective-sleeve	artifact
protective-sleeve	phenomenon
protective-sleeve	universe
protective-sleeve	vehicle-body
protein	material
protein	phenomenon
protein	substance
protein	universe
protest	accomplishment
protest	act
protest	activity
protest	event
protest	phenomenon
protest	procedure
protest	volition
protractor	artifact
protractor	device
protractor	phenomenon
protractor	universe
protractor	vehicle-body
provision	event
provision	locating
provision	phenomenon
provision	visit
pruning-saw	artifact
pruning-saw	device
pruning-saw	phenomenon
pruning-saw	universe
pruning-saw	vehicle-body
pruning-shears	artifact
pruning-shears	device
pruning-shears	phenomenon
pruning-shears	universe
pruning-shears	vehicle-body
psychoanalysis	accomplishment
psychoanalysis	act
psychoanalysis	activity
psychoanalysis	event
psychoanalysis	phenomenon
psychoanalysis	procedure
psychoanalysis	repair
psychoanalysis	restoration
psychoanalysis	therapy
psychoanalysis	volition
psychology	field-of-study
psychology	logical-relation
psychology	signified
psychology	social-science
public	agent
public	collection
public	group
public	people
public	phenomenon
public	school-class
public	universe
public-address-system	collection
public-address-system	phenomenon
public-attraction	accomplishment
public-attraction	act
public-attraction	activity
public-attraction	communication
public-attraction	event
public-attraction	information
public-attraction	phenomenon
public-attraction	procedure
public-attraction	universe
public-attraction	volition
public-house	artifact
public-house	building
public-house	development
public-house	phenomenon
public-house	universe
public-house	vehicle-body
public-lecture	accomplishment
public-lecture	act
public-lecture	activity
public-lecture	communication
public-lecture	conversation
public-lecture	event
public-lecture	formal-address
public-lecture	information
public-lecture	phenomenon
public-lecture	procedure
public-lecture	stage-production
public-lecture	universe
public-lecture	volition
public-opinion	logical-relation
public-opinion	signified
public-service	accomplishment
public-service	act
public-service	activity
public-service	cooperation
public-service	event
public-service	phenomenon
public-service	procedure
public-service	volition
public-square	land
public-square	phenomenon
public-square	place
public-square	universe
public-square	yard
publication	artifact
publication	contract-condition
publication	indication
publication	information
publication	line-of-text
publication	phenomenon
publication	physical-object
publication	text
publication	universe
publication	vehicle-body
publicity	artifact
publicity	contract-condition
publicity	indication
publicity	information
publicity	line-of-text
publicity	phenomenon
publicity	physical-object
publicity	text
publicity	universe
publicity	vehicle-body
publisher	agent
publisher	association
publisher	collection
publisher	company
publisher	firm
publisher	group
publisher	organization
publisher	phenomenon
publisher	team
publisher	universe
puck	artifact
puck	phenomenon
puck	universe
puck	vehicle-body
pullover	artifact
pullover	clothing
pullover	fashion
pullover	phenomenon
pullover	universe
pullover	vehicle-body
pulp	body-part
pulp	material
pulp	phenomenon
pulp	physical-object
pulp	substance
pulp	tissue
pulp	universe
pulse	event
pulse	phenomenon
pumice-stone	material
pumice-stone	mineral
pumice-stone	phenomenon
pumice-stone	substance
pumice-stone	universe
pump	artifact
pump	device
pump	phenomenon
pump	universe
pump	vehicle-body
punch	accomplishment
punch	act
punch	activity
punch	event
punch	phenomenon
punch	procedure
punch	visit
punch	volition
punch-bowl	artifact
punch-bowl	phenomenon
punch-bowl	universe
punch-bowl	vehicle-body
punch-drink	drink
punch-drink	food
punch-drink	material
punch-drink	phenomenon
punch-drink	substance
punch-drink	universe
puncher	artifact
puncher	device
puncher	phenomenon
puncher	universe
puncher	vehicle-body
punishment	accomplishment
punishment	act
punishment	activity
punishment	event
punishment	leader
punishment	phenomenon
punishment	procedure
punishment	volition
purchase	accomplishment
purchase	act
purchase	activity
purchase	event
purchase	exchange
purchase	interaction
purchase	phenomenon
purchase	procedure
purchase	transaction
purchase	volition
purpose	attribute
purpose	logical-relation
purpose	property
pursuit	accomplishment
pursuit	act
pursuit	activity
pursuit	event
pursuit	information
pursuit	phenomenon
pursuit	procedure
pursuit	search
pursuit	universe
pursuit	volition
push-button	artifact
push-button	component
push-button	device
push-button	electric-switch
push-button	mechanism
push-button	phenomenon
push-button	universe
push-button	vehicle-body
pushpin	artifact
pushpin	device
pushpin	phenomenon
pushpin	universe
pushpin	vehicle-body
putty-knife	artifact
putty-knife	device
putty-knife	phenomenon
putty-knife	universe
putty-knife	vehicle-body
puzzle	artifact
puzzle	phenomenon
puzzle	universe
puzzle	vehicle-body
pyramid	attribute
pyramid	logical-relation
pyramid	property
pyramid	shape
quadratic	logical-relation
quadratic	quantity
quadratics	field-of-study
quadratics	logical-relation
quadratics	signified
quadrature	accomplishment
quadrature	act
quadrature	activity
quadrature	calculation
quadrature	event
quadrature	information
quadrature	phenomenon
quadrature	procedure
quadrature	universe
quadrature	volition
quadrilateral	attribute
quadrilateral	curve
quadrilateral	logical-relation
quadrilateral	polygon
quadrilateral	property
quadrilateral	shape
quality	amateur
quality	ambiance
quality	attribute
quality	circumstance
quality	civilisation
quality	crowd
quality	custom
quality	danger
quality	expert
quality	freedom
quality	hero
quality	lap
quality	literary-works
quality	logical-relation
quality	normal
quality	point-of-view
quality	practice
quality	property
quality	society
quality	status
quality	tension
quality	way
quantic	logical-relation
quantic	signified
quantifier	information
quantifier	line-of-text
quantifier	phenomenon
quantifier	universe
quantifier	word
quantity	logical-relation
quarrel	accomplishment
quarrel	act
quarrel	activity
quarrel	argument
quarrel	communication
quarrel	contest
quarrel	event
quarrel	information
quarrel	phenomenon
quarrel	procedure
quarrel	universe
quarrel	volition
quarrel	war
quarter	land
quarter	phenomenon
quarter	place
quarter	universe
quarter	yard
quarter.time	logical-relation
quarter.time	quantity
quartile	indication
quartile	information
quartile	phenomenon
quartile	physical-object
quartile	universe
quartz-glass	material
quartz-glass	mineral
quartz-glass	phenomenon
quartz-glass	substance
quartz-glass	universe
quest	accomplishment
quest	act
quest	activity
quest	event
quest	phenomenon
quest	procedure
quest	volition
question	accomplishment
question	act
question	activity
question	communication
question	event
question	information
question	phenomenon
question	procedure
question	universe
question	volition
questionnaire	artifact
questionnaire	contract-condition
questionnaire	indication
questionnaire	information
questionnaire	line-of-text
questionnaire	phenomenon
questionnaire	physical-object
questionnaire	text
questionnaire	universe
questionnaire	vehicle-body
queue	agent
queue	collection
queue	group
queue	phenomenon
queue	universe
quicklime	compound
quicklime	material
quicklime	phenomenon
quicklime	substance
quicklime	universe
quince	body-part
quince	botanical-fruit
quince	phenomenon
quince	physical-object
quince	universe
quiver	artifact
quiver	phenomenon
quiver	universe
quiver	vehicle-body
quotation	artifact
quotation	contract-condition
quotation	indication
quotation	information
quotation	line-of-text
quotation	phenomenon
quotation	physical-object
quotation	text
quotation	universe
quotation	vehicle-body
rabbit	agent
rabbit	animal
rabbit	body
rabbit	mammal
rabbit	organism
rabbit	phenomenon
rabbit	physical-object
rabbit	species
rabbit	universe
rabbit	vertebrate
race	accomplishment
race	act
race	activity
race	contest
race	event
race	game
race	pastime-game
race	phenomenon
race	procedure
race	sport
race	volition
race	war
racetrack	artifact
racetrack	development
racetrack	land
racetrack	phenomenon
racetrack	place
racetrack	universe
racetrack	vehicle-body
racetrack	yard
racism	logical-relation
racism	signified
rack	artifact
rack	device
rack	holder
rack	phenomenon
rack	universe
rack	vehicle-body
racquetball	artifact
racquetball	ball
racquetball	game-equipment
racquetball	phenomenon
racquetball	universe
racquetball	vehicle-body
radiation	event
radiation	phenomenon
radiation-sickness	event
radiation-sickness	phenomenon
radiator	artifact
radiator	device
radiator	phenomenon
radiator	universe
radiator	vehicle-body
radical	agent
radical	collection
radical	group
radical	people
radical	phenomenon
radical	school-class
radical	universe
radical-expression	character
radical-expression	information
radical-expression	phenomenon
radical-expression	symbol
radical-expression	universe
radio	artifact
radio	component
radio	device
radio	mechanism
radio	phenomenon
radio	universe
radio	vehicle-body
radio-receiver	artifact
radio-receiver	component
radio-receiver	device
radio-receiver	mechanism
radio-receiver	phenomenon
radio-receiver	universe
radio-receiver	vehicle-body
radio-transmitter	artifact
radio-transmitter	device
radio-transmitter	phenomenon
radio-transmitter	universe
radio-transmitter	vehicle-body
radioactive-decay	event
radioactive-decay	phenomenon
rail	artifact
rail	phenomenon
rail	universe
rail	vehicle-body
rain-barrel	artifact
rain-barrel	device
rain-barrel	phenomenon
rain-barrel	universe
rain-barrel	vehicle-body
rain-gauge	artifact
rain-gauge	device
rain-gauge	phenomenon
rain-gauge	universe
rain-gauge	vehicle-body
rainbow	event
rainbow	luminosity
rainbow	phenomenon
raincoat	artifact
raincoat	clothing
raincoat	coat
raincoat	fashion
raincoat	jacket
raincoat	phenomenon
raincoat	universe
raincoat	vehicle-body
raise	logical-relation
raise	quantity
rake	logical-relation
rake	quantity
rake-tool	artifact
rake-tool	device
rake-tool	phenomenon
rake-tool	universe
rake-tool	vehicle-body
rally	accomplishment
rally	act
rally	activity
rally	coming-together
rally	event
rally	phenomenon
rally	procedure
rally	volition
ram	artifact
ram	device
ram	phenomenon
ram	universe
ram	vehicle-body
rambutan	body-part
rambutan	botanical-fruit
rambutan	phenomenon
rambutan	physical-object
rambutan	universe
ramekin	artifact
ramekin	device
ramekin	dish
ramekin	holder
ramekin	phenomenon
ramekin	universe
ramekin	vehicle-body
ramp	phenomenon
ramp	universe
ranch	artifact
ranch	development
ranch	farm
ranch	phenomenon
ranch	universe
ranch	vehicle-body
random-sample	artifact
random-sample	contract-condition
random-sample	data-file
random-sample	indication
random-sample	information
random-sample	line-of-text
random-sample	news
random-sample	note
random-sample	phenomenon
random-sample	physical-object
random-sample	text
random-sample	universe
random-sample	vehicle-body
randomness	amateur
randomness	ambiance
randomness	attribute
randomness	circumstance
randomness	civilisation
randomness	crowd
randomness	custom
randomness	danger
randomness	expert
randomness	freedom
randomness	hero
randomness	lap
randomness	literary-works
randomness	logical-relation
randomness	normal
randomness	point-of-view
randomness	practice
randomness	property
randomness	society
randomness	status
randomness	tension
randomness	way
range	field
range	land
range	phenomenon
range	place
range	universe
range	yard
range-of-a-function	attribute
range-of-a-function	logical-relation
range-of-a-function	property
rangefinder	artifact
rangefinder	device
rangefinder	phenomenon
rangefinder	universe
rangefinder	vehicle-body
rank	attribute
rank	logical-relation
rank	property
rank-order-correlation-coefficient	logical-relation
rank-order-correlation-coefficient	measure
rank-order-correlation-coefficient	routine
rank-order-correlation-coefficient	signified
rap	blow
rap	event
rap	impact
rap	phenomenon
rap	visit
rape	accomplishment
rape	act
rape	activity
rape	event
rape	phenomenon
rape	procedure
rape	volition
rat	agent
rat	animal
rat	body
rat	mammal
rat	organism
rat	phenomenon
rat	physical-object
rat	species
rat	universe
rat	vertebrate
ratio	logical-relation
ratio	number
ratio	quantity
rationality	attribute
rationality	logical-relation
rationality	property
rattle	artifact
rattle	device
rattle	phenomenon
rattle	plaything
rattle	universe
rattle	vehicle-body
raw-milk	material
raw-milk	milk
raw-milk	phenomenon
raw-milk	substance
raw-milk	universe
razor	artifact
razor	cutter
razor	device
razor	phenomenon
razor	universe
razor	vehicle-body
reaction	event
reaction	phenomenon
reaction.phenomenon	accomplishment
reaction.phenomenon	act
reaction.phenomenon	activity
reaction.phenomenon	communication
reaction.phenomenon	event
reaction.phenomenon	information
reaction.phenomenon	phenomenon
reaction.phenomenon	procedure
reaction.phenomenon	universe
reaction.phenomenon	volition
readiness	attribute
readiness	logical-relation
readiness	property
realism	amateur
realism	ambiance
realism	attribute
realism	circumstance
realism	civilisation
realism	crowd
realism	custom
realism	danger
realism	expert
realism	freedom
realism	hero
realism	lap
realism	literary-works
realism	logical-relation
realism	normal
realism	point-of-view
realism	practice
realism	property
realism	society
realism	status
realism	tension
realism	way
realm	amateur
realm	ambiance
realm	attribute
realm	circumstance
realm	civilisation
realm	crowd
realm	custom
realm	danger
realm	expert
realm	freedom
realm	hero
realm	lap
realm	literary-works
realm	logical-relation
realm	normal
realm	point-of-view
realm	practice
realm	property
realm	society
realm	status
realm	tension
realm	way
reamer	artifact
reamer	device
reamer	phenomenon
reamer	universe
reamer	vehicle-body
reason	logical-relation
reason	signified
rebellion	accomplishment
rebellion	act
rebellion	activity
rebellion	contest
rebellion	event
rebellion	fight
rebellion	phenomenon
rebellion	procedure
rebellion	volition
rebellion	war
recapitulation	artifact
recapitulation	contract-condition
recapitulation	indication
recapitulation	information
recapitulation	line-of-text
recapitulation	phenomenon
recapitulation	physical-object
recapitulation	text
recapitulation	universe
recapitulation	vehicle-body
reception	amateur
reception	ambiance
reception	attribute
reception	circumstance
reception	civilisation
reception	crowd
reception	custom
reception	danger
reception	expert
reception	freedom
reception	hero
reception	lap
reception	literary-works
reception	logical-relation
reception	normal
reception	point-of-view
reception	practice
reception	property
reception	society
reception	status
reception	tension
reception	way
reception-party	accomplishment
reception-party	act
reception-party	activity
reception-party	coming-together
reception-party	event
reception-party	party
reception-party	phenomenon
reception-party	procedure
reception-party	volition
recess	attribute
recess	logical-relation
recess	property
recess	shape
recession	diminution
recession	event
recession	phenomenon
reciprocating-saw	artifact
reciprocating-saw	device
reciprocating-saw	phenomenon
reciprocating-saw	universe
reciprocating-saw	vehicle-body
recognition	accomplishment
recognition	act
recognition	activity
recognition	communication
recognition	event
recognition	information
recognition	phenomenon
recognition	procedure
recognition	reaction.phenomenon
recognition	universe
recognition	volition
recommendation	accomplishment
recommendation	act
recommendation	activity
recommendation	affirmation
recommendation	communication
recommendation	event
recommendation	information
recommendation	phenomenon
recommendation	procedure
recommendation	universe
recommendation	volition
recompense	accomplishment
recompense	act
recompense	activity
recompense	event
recompense	exchange
recompense	interaction
recompense	phenomenon
recompense	procedure
recompense	transaction
recompense	volition
record	event
record	phenomenon
record-player	artifact
record-player	device
record-player	phenomenon
record-player	universe
record-player	vehicle-body
record.quantity	logical-relation
record.quantity	quantity
recording	artifact
recording	device
recording	phenomenon
recording	universe
recording	vehicle-body
recovery	accomplishment
recovery	act
recovery	activity
recovery	event
recovery	phenomenon
recovery	procedure
recovery	volition
recreational-vehicle	artifact
recreational-vehicle	device
recreational-vehicle	phenomenon
recreational-vehicle	universe
recreational-vehicle	vehicle
recreational-vehicle	vehicle-body
recruitment	accomplishment
recruitment	act
recruitment	activity
recruitment	affirmation
recruitment	communication
recruitment	event
recruitment	information
recruitment	phenomenon
recruitment	procedure
recruitment	universe
recruitment	volition
recursion	logical-relation
recursion	measure
recursion	routine
recursion	signified
recursive-definition	accomplishment
recursive-definition	act
recursive-definition	activity
recursive-definition	affirmation
recursive-definition	communication
recursive-definition	event
recursive-definition	information
recursive-definition	phenomenon
recursive-definition	procedure
recursive-definition	universe
recursive-definition	volition
recycling	accomplishment
recycling	act
recycling	activity
recycling	event
recycling	phenomenon
recycling	procedure
recycling	volition
redundancy	amateur
redundancy	ambiance
redundancy	attribute
redundancy	circumstance
redundancy	civilisation
redundancy	crowd
redundancy	custom
redundancy	danger
redundancy	expert
redundancy	freedom
redundancy	hero
redundancy	lap
redundancy	literary-works
redundancy	logical-relation
redundancy	normal
redundancy	point-of-view
redundancy	practice
redundancy	property
redundancy	society
redundancy	status
redundancy	tension
redundancy	way
reentrant-polygon	attribute
reentrant-polygon	curve
reentrant-polygon	logical-relation
reentrant-polygon	polygon
reentrant-polygon	property
reentrant-polygon	shape
referee	attribute
referee	logical-relation
referee	property
reference	artifact
reference	contract-condition
reference	indication
reference	information
reference	line-of-text
reference	phenomenon
reference	physical-object
reference	text
reference	universe
reference	vehicle-body
reference-point	amateur
reference-point	ambiance
reference-point	attribute
reference-point	circumstance
reference-point	civilisation
reference-point	crowd
reference-point	custom
reference-point	danger
reference-point	expert
reference-point	freedom
reference-point	hero
reference-point	lap
reference-point	literary-works
reference-point	logical-relation
reference-point	normal
reference-point	point-of-view
reference-point	practice
reference-point	property
reference-point	society
reference-point	status
reference-point	tension
reference-point	way
referral	attribute
referral	logical-relation
referral	normal
referral	property
refill	artifact
refill	phenomenon
refill	universe
refill	vehicle-body
reflection	information
reflection	phenomenon
reflection	universe
reflexive-relation	logical-relation
reform	amateur
reform	ambiance
reform	attribute
reform	circumstance
reform	civilisation
reform	crowd
reform	custom
reform	danger
reform	expert
reform	freedom
reform	hero
reform	lap
reform	literary-works
reform	logical-relation
reform	normal
reform	point-of-view
reform	practice
reform	property
reform	society
reform	status
reform	tension
reform	way
refreshment	amateur
refreshment	ambiance
refreshment	attribute
refreshment	circumstance
refreshment	civilisation
refreshment	crowd
refreshment	custom
refreshment	danger
refreshment	expert
refreshment	freedom
refreshment	hero
refreshment	lap
refreshment	literary-works
refreshment	logical-relation
refreshment	normal
refreshment	point-of-view
refreshment	practice
refreshment	property
refreshment	society
refreshment	status
refreshment	tension
refreshment	way
refrigerator	artifact
refrigerator	carrying-case
refrigerator	device
refrigerator	electric-refrigerator
refrigerator	holder
refrigerator	phenomenon
refrigerator	universe
refrigerator	vehicle-body
refuge	amateur
refuge	ambiance
refuge	attribute
refuge	circumstance
refuge	civilisation
refuge	crowd
refuge	custom
refuge	danger
refuge	expert
refuge	freedom
refuge	hero
refuge	lap
refuge	literary-works
refuge	logical-relation
refuge	normal
refuge	point-of-view
refuge	practice
refuge	property
refuge	society
refuge	status
refuge	tension
refuge	way
refugee-camp	artifact
refugee-camp	phenomenon
refugee-camp	universe
refugee-camp	vehicle-body
refusal	accomplishment
refusal	act
refusal	activity
refusal	communication
refusal	event
refusal	information
refusal	phenomenon
refusal	procedure
refusal	universe
refusal	volition
region	phenomenon
region	place
region	universe
register	artifact
register	contract-condition
register	indication
register	information
register	line-of-text
register	phenomenon
register	physical-object
register	text
register	universe
register	vehicle-body
registration	accomplishment
registration	act
registration	activity
registration	affirmation
registration	communication
registration	event
registration	information
registration	phenomenon
registration	procedure
registration	universe
registration	volition
regression-analysis	logical-relation
regression-analysis	measure
regression-analysis	routine
regression-analysis	signified
regression-coefficient	logical-relation
regression-coefficient	quantity
regression-coefficient	vector
regression-equation	logical-relation
regression-line	logical-relation
regression-line	quantity
regression-line	vector
regular-hexagon	attribute
regular-hexagon	logical-relation
regular-hexagon	property
regular-hexagon	shape
regular-polygon	attribute
regular-polygon	curve
regular-polygon	logical-relation
regular-polygon	polygon
regular-polygon	property
regular-polygon	shape
rehabilitation	accomplishment
rehabilitation	act
rehabilitation	activity
rehabilitation	event
rehabilitation	phenomenon
rehabilitation	procedure
rehabilitation	repair
rehabilitation	restoration
rehabilitation	therapy
rehabilitation	volition
rehearsal	accomplishment
rehearsal	acquired-knowledge
rehearsal	act
rehearsal	activity
rehearsal	education
rehearsal	event
rehearsal	leader
rehearsal	phenomenon
rehearsal	procedure
rehearsal	volition
reign	logical-relation
reign	quantity
rein	artifact
rein	device
rein	phenomenon
rein	universe
rein	vehicle-body
rejection	accomplishment
rejection	act
rejection	activity
rejection	event
rejection	information
rejection	phenomenon
rejection	procedure
rejection	universe
rejection	volition
relationship	accomplishment
relationship	act
relationship	activity
relationship	event
relationship	phenomenon
relationship	procedure
relationship	volition
relative	attribute
relative	logical-relation
relative	property
relaxation-method	accomplishment
relaxation-method	act
relaxation-method	activity
relaxation-method	calculation
relaxation-method	event
relaxation-method	information
relaxation-method	phenomenon
relaxation-method	procedure
relaxation-method	universe
relaxation-method	volition
release	indication
release	information
release	phenomenon
release	physical-object
release	universe
relevance	logical-relation
reliance	amateur
reliance	ambiance
reliance	attribute
reliance	circumstance
reliance	civilisation
reliance	crowd
reliance	custom
reliance	danger
reliance	expert
reliance	freedom
reliance	hero
reliance	lap
reliance	literary-works
reliance	logical-relation
reliance	normal
reliance	point-of-view
reliance	practice
reliance	property
reliance	society
reliance	status
reliance	tension
reliance	way
relief	attribute
relief	logical-relation
relief	property
religion	logical-relation
religion	signified
religious-service	accomplishment
religious-service	act
religious-service	activity
religious-service	communication
religious-service	event
religious-service	information
religious-service	phenomenon
religious-service	procedure
religious-service	stage-production
religious-service	universe
religious-service	volition
relish	event
relish	perception
relish	phenomenon
relish-condiment	food
relish-condiment	material
relish-condiment	phenomenon
relish-condiment	substance
relish-condiment	universe
reluctance	attribute
reluctance	logical-relation
reluctance	property
remainder	logical-relation
remainder	number
remainder	quantity
remark	information
remark	line-of-text
remark	phenomenon
remark	sentence
remark	universe
remedy	material
remedy	phenomenon
remedy	substance
remedy	universe
renovation	amateur
renovation	ambiance
renovation	attribute
renovation	circumstance
renovation	civilisation
renovation	crowd
renovation	custom
renovation	danger
renovation	expert
renovation	freedom
renovation	hero
renovation	lap
renovation	literary-works
renovation	logical-relation
renovation	normal
renovation	point-of-view
renovation	practice
renovation	property
renovation	society
renovation	status
renovation	tension
renovation	way
rent	logical-relation
rent	quantity
rental	accomplishment
rental	act
rental	activity
rental	event
rental	phenomenon
rental	procedure
rental	volition
repair	accomplishment
repair	act
repair	activity
repair	event
repair	phenomenon
repair	procedure
repair	volition
repeat	event
repeat	phenomenon
repellent	material
repellent	phenomenon
repellent	substance
repellent	universe
replica	artifact
replica	phenomenon
replica	universe
replica	vehicle-body
reply	accomplishment
reply	act
reply	activity
reply	affirmation
reply	answer
reply	communication
reply	event
reply	information
reply	phenomenon
reply	procedure
reply	universe
reply	volition
report	article
report	artifact
report	contract-condition
report	data-file
report	essay
report	indication
report	information
report	line-of-text
report	news
report	note
report	phenomenon
report	physical-object
report	text
report	universe
report	vehicle-body
repositing	accomplishment
repositing	act
repositing	activity
repositing	event
repositing	phenomenon
repositing	procedure
repositing	volition
representative	attribute
representative	logical-relation
representative	property
representative-agent	attribute
representative-agent	logical-relation
representative-agent	property
reptile	agent
reptile	animal
reptile	body
reptile	organism
reptile	phenomenon
reptile	physical-object
reptile	species
reptile	universe
reptile	vertebrate
repugnance	attribute
repugnance	logical-relation
repugnance	property
reputation	amateur
reputation	ambiance
reputation	attribute
reputation	circumstance
reputation	civilisation
reputation	crowd
reputation	custom
reputation	danger
reputation	expert
reputation	freedom
reputation	hero
reputation	lap
reputation	literary-works
reputation	logical-relation
reputation	normal
reputation	point-of-view
reputation	practice
reputation	property
reputation	society
reputation	status
reputation	tension
reputation	way
request	information
request	line-of-text
request	phenomenon
request	sentence
request	universe
research	accomplishment
research	act
research	activity
research	event
research	information
research	phenomenon
research	procedure
research	search
research	universe
research	volition
reservation	accomplishment
reservation	act
reservation	activity
reservation	affirmation
reservation	communication
reservation	event
reservation	information
reservation	phenomenon
reservation	procedure
reservation	universe
reservation	volition
reserve	attribute
reserve	inclination
reserve	logical-relation
reserve	mentality
reserve	property
reserve	range-of-a-function
reserve	trait
residence	address
residence	artifact
residence	building
residence	development
residence	phenomenon
residence	place
residence	universe
residence	vehicle-body
resident	attribute
resident	logical-relation
resident	property
residential-district	land
residential-district	phenomenon
residential-district	place
residential-district	universe
residential-district	yard
residual	logical-relation
residual	quantity
resignation	artifact
resignation	contract-condition
resignation	indication
resignation	information
resignation	line-of-text
resignation	phenomenon
resignation	physical-object
resignation	text
resignation	universe
resignation	vehicle-body
resistance	accomplishment
resistance	act
resistance	activity
resistance	contest
resistance	event
resistance	phenomenon
resistance	procedure
resistance	volition
resistance	war
resolution	accomplishment
resolution	act
resolution	activity
resolution	event
resolution	information
resolution	judgment
resolution	phenomenon
resolution	procedure
resolution	universe
resolution	volition
resource	amateur
resource	ambiance
resource	attribute
resource	circumstance
resource	civilisation
resource	crowd
resource	custom
resource	danger
resource	expert
resource	freedom
resource	hero
resource	lap
resource	literary-works
resource	logical-relation
resource	normal
resource	point-of-view
resource	practice
resource	property
resource	society
resource	status
resource	tension
resource	way
respite	logical-relation
respite	quantity
response	attribute
response	logical-relation
response	normal
response	property
rest	artifact
rest	device
rest	phenomenon
rest	universe
rest	vehicle-body
restaurant	artifact
restaurant	building
restaurant	development
restaurant	phenomenon
restaurant	universe
restaurant	vehicle-body
restitution	accomplishment
restitution	act
restitution	activity
restitution	event
restitution	phenomenon
restitution	procedure
restitution	volition
restoration	accomplishment
restoration	act
restoration	activity
restoration	event
restoration	phenomenon
restoration	procedure
restoration	volition
restraint	attribute
restraint	inclination
restraint	logical-relation
restraint	mentality
restraint	property
restraint	range-of-a-function
restraint	trait
result	accomplishment
result	act
result	activity
result	communication
result	event
result	information
result	phenomenon
result	procedure
result	programme
result	universe
result	volition
retailer	attribute
retailer	logical-relation
retailer	property
retaliation	accomplishment
retaliation	act
retaliation	activity
retaliation	contest
retaliation	event
retaliation	fight
retaliation	phenomenon
retaliation	procedure
retaliation	volition
retaliation	war
return	event
return	phenomenon
reverse	amateur
reverse	ambiance
reverse	attribute
reverse	circumstance
reverse	civilisation
reverse	crowd
reverse	custom
reverse	danger
reverse	expert
reverse	freedom
reverse	hero
reverse	lap
reverse	literary-works
reverse	logical-relation
reverse	normal
reverse	point-of-view
reverse	practice
reverse	property
reverse	society
reverse	status
reverse	tension
reverse	way
reversion	event
reversion	phenomenon
review	accomplishment
review	acquired-knowledge
review	act
review	activity
review	education
review	event
review	leader
review	phenomenon
review	procedure
review	volition
review-periodical	artifact
review-periodical	contract-condition
review-periodical	indication
review-periodical	information
review-periodical	line-of-text
review-periodical	periodical
review-periodical	phenomenon
review-periodical	physical-object
review-periodical	series
review-periodical	text
review-periodical	universe
review-periodical	vehicle-body
reviewer	attribute
reviewer	logical-relation
reviewer	property
revival	event
revival	phenomenon
revolution	accomplishment
revolution	act
revolution	activity
revolution	contest
revolution	event
revolution	fight
revolution	phenomenon
revolution	procedure
revolution	volition
revolution	war
revolver	artifact
revolver	device
revolver	gun
revolver	phenomenon
revolver	universe
revolver	vehicle-body
revolver	weapon
reward	accomplishment
reward	act
reward	activity
reward	advice
reward	communication
reward	event
reward	information
reward	phenomenon
reward	procedure
reward	universe
reward	volition
rhetoric	field-of-study
rhetoric	logical-relation
rhetoric	signified
rhomboid	attribute
rhomboid	logical-relation
rhomboid	property
rhomboid	shape
rhombus	attribute
rhombus	logical-relation
rhombus	property
rhombus	shape
rhubarb	body-part
rhubarb	botanical-fruit
rhubarb	phenomenon
rhubarb	physical-object
rhubarb	universe
rhythm	attribute
rhythm	logical-relation
rhythm	property
ribbon	artifact
ribbon	fine-art
ribbon	indication
ribbon	information
ribbon	phenomenon
ribbon	physical-object
ribbon	universe
ribbon	vehicle-body
ribbon-bow	event
ribbon-bow	phenomenon
ricer	artifact
ricer	device
ricer	machine
ricer	machinery
ricer	phenomenon
ricer	universe
ricer	vehicle-body
rider	attribute
rider	logical-relation
rider	property
riding-crop	artifact
riding-crop	device
riding-crop	phenomenon
riding-crop	universe
riding-crop	vehicle-body
riding-crop	weapon
riding-crop	whip
riding-mower	artifact
riding-mower	device
riding-mower	phenomenon
riding-mower	universe
riding-mower	vehicle-body
rifle	artifact
rifle	device
rifle	gun
rifle	phenomenon
rifle	universe
rifle	vehicle-body
rifle	weapon
right	attribute
right	logical-relation
right	normal
right	property
right-to-vote	attribute
right-to-vote	logical-relation
right-to-vote	normal
right-to-vote	property
right-wing	agent
right-wing	collection
right-wing	group
right-wing	phenomenon
right-wing	universe
rightful-claim	accomplishment
rightful-claim	act
rightful-claim	activity
rightful-claim	bid
rightful-claim	communication
rightful-claim	event
rightful-claim	information
rightful-claim	phenomenon
rightful-claim	procedure
rightful-claim	universe
rightful-claim	volition
riot	accomplishment
riot	act
riot	activity
riot	contest
riot	event
riot	phenomenon
riot	procedure
riot	volition
riot	war
risk	amateur
risk	ambiance
risk	attribute
risk	circumstance
risk	civilisation
risk	crowd
risk	custom
risk	danger
risk	expert
risk	freedom
risk	hero
risk	lap
risk	literary-works
risk	logical-relation
risk	normal
risk	point-of-view
risk	practice
risk	property
risk	society
risk	status
risk	tension
risk	way
ritual	accomplishment
ritual	act
ritual	activity
ritual	event
ritual	phenomenon
ritual	procedure
ritual	volition
rivet	artifact
rivet	component
rivet	device
rivet	mechanism
rivet	phenomenon
rivet	universe
rivet	vehicle-body
road	land
road	phenomenon
road	place
road	street
road	universe
road	yard
road-shoulder	land
road-shoulder	phenomenon
road-shoulder	place
road-shoulder	universe
road-shoulder	yard
roadway	land
roadway	phenomenon
roadway	place
roadway	street
roadway	universe
roadway	yard
robbery	accomplishment
robbery	act
robbery	activity
robbery	event
robbery	phenomenon
robbery	procedure
robbery	volition
robe	artifact
robe	clothing
robe	fashion
robe	phenomenon
robe	universe
robe	vehicle-body
rock	material
rock	phenomenon
rock	substance
rock	universe
rocker	artifact
rocker	chair
rocker	furniture
rocker	phenomenon
rocker	seat
rocker	universe
rocker	vehicle-body
rocket	artifact
rocket	device
rocket	phenomenon
rocket	universe
rocket	vehicle
rocket	vehicle-body
rod	artifact
rod	phenomenon
rod	universe
rod	vehicle-body
roe	food
roe	material
roe	meat
roe	phenomenon
roe	substance
roe	universe
roentgenogram	information
roentgenogram	phenomenon
roentgenogram	universe
role	accomplishment
role	act
role	activity
role	event
role	phenomenon
role	procedure
role	volition
role-model	attribute
role-model	logical-relation
role-model	property
roll	attribute
roll	logical-relation
roll	property
roll	shape
roller-skate	artifact
roller-skate	clothing
roller-skate	fashion
roller-skate	phenomenon
roller-skate	universe
roller-skate	vehicle-body
rolling-pin	artifact
rolling-pin	device
rolling-pin	phenomenon
rolling-pin	universe
rolling-pin	vehicle-body
romper	artifact
romper	clothing
romper	fashion
romper	phenomenon
romper	universe
romper	vehicle-body
roof	artifact
roof	development
roof	phenomenon
roof	universe
roof	vehicle-body
roofing	artifact
roofing	device
roofing	phenomenon
roofing	universe
roofing	vehicle-body
roofing-tile	artifact
roofing-tile	phenomenon
roofing-tile	universe
roofing-tile	vehicle-body
roofing-work	attribute
roofing-work	logical-relation
roofing-work	property
room	artifact
room	development
room	phenomenon
room	universe
room	vehicle-body
rope	artifact
rope	phenomenon
rope	universe
rope	vehicle-body
rose	agent
rose	organism
rose	phenomenon
rose	physical-object
rose	plant
rose	species
rose	universe
roster	artifact
roster	contract-condition
roster	indication
roster	information
roster	line-of-text
roster	phenomenon
roster	physical-object
roster	text
roster	universe
roster	vehicle-body
rotary-motion	event
rotary-motion	phenomenon
rotation	event
rotation	phenomenon
roulette-wheel	artifact
roulette-wheel	phenomenon
roulette-wheel	universe
roulette-wheel	vehicle-body
rounder	artifact
rounder	device
rounder	phenomenon
rounder	universe
rounder	vehicle-body
rounding	event
rounding	phenomenon
route	phenomenon
route	place
route	universe
router	artifact
router	device
router	phenomenon
router	universe
router	vehicle-body
routine	logical-relation
routine	signified
rowing-boat	artifact
rowing-boat	device
rowing-boat	phenomenon
rowing-boat	universe
rowing-boat	vehicle-body
royalty	agent
royalty	collection
royalty	group
royalty	kin
royalty	people
royalty	phenomenon
royalty	school-class
royalty	universe
royalty-payment	logical-relation
royalty-payment	quantity
rubbish	amateur
rubbish	ambiance
rubbish	attribute
rubbish	circumstance
rubbish	civilisation
rubbish	crowd
rubbish	custom
rubbish	danger
rubbish	expert
rubbish	freedom
rubbish	hero
rubbish	lap
rubbish	literary-works
rubbish	logical-relation
rubbish	normal
rubbish	point-of-view
rubbish	practice
rubbish	property
rubbish	society
rubbish	status
rubbish	tension
rubbish	way
rug	artifact
rug	clothing
rug	fashion
rug	phenomenon
rug	universe
rug	vehicle-body
rug-pad	artifact
rug-pad	phenomenon
rug-pad	universe
rug-pad	vehicle-body
ruin	artifact
ruin	development
ruin	phenomenon
ruin	universe
ruin	vehicle-body
rule	attribute
rule	logical-relation
rule	normal
rule	property
rule.cognition	logical-relation
rule.cognition	measure
rule.cognition	routine
rule.cognition	signified
rule.time	logical-relation
rule.time	quantity
ruler	artifact
ruler	device
ruler	phenomenon
ruler	universe
ruler	vehicle-body
rumor	artifact
rumor	contract-condition
rumor	data-file
rumor	indication
rumor	information
rumor	line-of-text
rumor	myth
rumor	news
rumor	note
rumor	phenomenon
rumor	physical-object
rumor	text
rumor	universe
rumor	vehicle-body
rung	phenomenon
rung	universe
runner	agent
runner	animal
runner	body
runner	human
runner	mammal
runner	organism
runner	person
runner	phenomenon
runner	physical-object
runner	populace
runner	self
runner	species
runner	universe
runner	vertebrate
rural-area	phenomenon
rural-area	place
rural-area	universe
sack	artifact
sack	carrying-case
sack	device
sack	holder
sack	phenomenon
sack	universe
sack	vehicle-body
sacrifice	destruction
sacrifice	event
sacrifice	phenomenon
saddle	artifact
saddle	device
saddle	holder
saddle	phenomenon
saddle	universe
saddle	vehicle-body
safety	amateur
safety	ambiance
safety	attribute
safety	circumstance
safety	civilisation
safety	crowd
safety	custom
safety	danger
safety	expert
safety	freedom
safety	hero
safety	lap
safety	literary-works
safety	logical-relation
safety	normal
safety	point-of-view
safety	practice
safety	property
safety	society
safety	status
safety	tension
safety	way
safety-fuse	artifact
safety-fuse	device
safety-fuse	phenomenon
safety-fuse	universe
safety-fuse	vehicle-body
safety-glass	artifact
safety-glass	phenomenon
safety-glass	universe
safety-glass	vehicle-body
safety-pin	artifact
safety-pin	device
safety-pin	phenomenon
safety-pin	universe
safety-pin	vehicle-body
sail	artifact
sail	phenomenon
sail	universe
sail	vehicle-body
salad	food
salad	phenomenon
salad	universe
salad-dressing	food
salad-dressing	material
salad-dressing	phenomenon
salad-dressing	substance
salad-dressing	universe
sale	accomplishment
sale	act
sale	activity
sale	event
sale	exchange
sale	interaction
sale	phenomenon
sale	procedure
sale	selling
sale	transaction
sale	volition
sales-talk	accomplishment
sales-talk	act
sales-talk	activity
sales-talk	communication
sales-talk	event
sales-talk	information
sales-talk	phenomenon
sales-talk	procedure
sales-talk	universe
sales-talk	volition
salesclerk	attribute
salesclerk	logical-relation
salesclerk	property
salsa	food
salsa	material
salsa	phenomenon
salsa	substance
salsa	universe
salt	food
salt	phenomenon
salt	universe
salvation	amateur
salvation	ambiance
salvation	attribute
salvation	circumstance
salvation	civilisation
salvation	crowd
salvation	custom
salvation	danger
salvation	expert
salvation	freedom
salvation	hero
salvation	lap
salvation	literary-works
salvation	logical-relation
salvation	normal
salvation	point-of-view
salvation	practice
salvation	property
salvation	society
salvation	status
salvation	tension
salvation	way
sample-distribution	collection
sample-distribution	phenomenon
sanctuary	phenomenon
sanctuary	place
sanctuary	universe
sandal	artifact
sandal	boot
sandal	clothing
sandal	fashion
sandal	footwear
sandal	phenomenon
sandal	shoe
sandal	universe
sandal	vehicle-body
sandbox	artifact
sandbox	phenomenon
sandbox	universe
sandbox	vehicle-body
sander	artifact
sander	device
sander	phenomenon
sander	universe
sander	vehicle-body
sandpaper	artifact
sandpaper	device
sandpaper	phenomenon
sandpaper	universe
sandpaper	vehicle-body
sandstone	material
sandstone	mineral
sandstone	phenomenon
sandstone	substance
sandstone	universe
sanitary-napkin	artifact
sanitary-napkin	device
sanitary-napkin	phenomenon
sanitary-napkin	universe
sanitary-napkin	vehicle-body
sanitation	event
sanitation	phenomenon
sanitation	visit
sapote	body-part
sapote	botanical-fruit
sapote	phenomenon
sapote	physical-object
sapote	universe
sarcasm	amateur
sarcasm	ambiance
sarcasm	attribute
sarcasm	circumstance
sarcasm	civilisation
sarcasm	crowd
sarcasm	custom
sarcasm	danger
sarcasm	expert
sarcasm	freedom
sarcasm	hero
sarcasm	lap
sarcasm	literary-works
sarcasm	logical-relation
sarcasm	normal
sarcasm	point-of-view
sarcasm	practice
sarcasm	property
sarcasm	society
sarcasm	status
sarcasm	tension
sarcasm	way
sash	artifact
sash	phenomenon
sash	universe
sash	vehicle-body
satellite	artifact
satellite	celestial-body
satellite	component
satellite	device
satellite	mechanism
satellite	phenomenon
satellite	universe
satellite	vehicle-body
satellite-receiver	artifact
satellite-receiver	device
satellite-receiver	phenomenon
satellite-receiver	universe
satellite-receiver	vehicle-body
sauce	food
sauce	material
sauce	phenomenon
sauce	substance
sauce	universe
saucepan	artifact
saucepan	carrying-case
saucepan	device
saucepan	holder
saucepan	pan
saucepan	phenomenon
saucepan	universe
saucepan	vehicle-body
sauna	artifact
sauna	development
sauna	phenomenon
sauna	room
sauna	universe
sauna	vehicle-body
sausage	food
sausage	material
sausage	phenomenon
sausage	substance
sausage	universe
saw	artifact
saw	cutter
saw	device
saw	phenomenon
saw	universe
saw	vehicle-body
sawdust	body-part
sawdust	material
sawdust	phenomenon
sawdust	physical-object
sawdust	substance
sawdust	tissue
sawdust	universe
sawdust	wood
saying	information
saying	line-of-text
saying	phenomenon
saying	universe
scab	attribute
scab	logical-relation
scab	property
scabbard	artifact
scabbard	carrying-case
scabbard	device
scabbard	holder
scabbard	phenomenon
scabbard	universe
scabbard	vehicle-body
scaffolding	artifact
scaffolding	phenomenon
scaffolding	universe
scaffolding	vehicle-body
scalar-field	logical-relation
scalar-field	mathematical-set
scalar-field	subset
scale	body-part
scale	phenomenon
scale	physical-object
scale	universe
scale-of-measurement	logical-relation
scale-of-measurement	quantity
scalpel	artifact
scalpel	device
scalpel	phenomenon
scalpel	universe
scalpel	vehicle-body
scandal	amateur
scandal	ambiance
scandal	attribute
scandal	circumstance
scandal	civilisation
scandal	crowd
scandal	custom
scandal	danger
scandal	expert
scandal	freedom
scandal	hero
scandal	lap
scandal	literary-works
scandal	logical-relation
scandal	normal
scandal	point-of-view
scandal	practice
scandal	property
scandal	society
scandal	status
scandal	tension
scandal	way
scarf	artifact
scarf	clothing
scarf	fashion
scarf	phenomenon
scarf	universe
scarf	vehicle-body
scenario	information
scenario	line-of-text
scenario	phenomenon
scenario	sentence
scenario	universe
scene	accomplishment
scene	act
scene	act-of-play
scene	activity
scene	communication
scene	event
scene	information
scene	performing
scene	phenomenon
scene	procedure
scene	stage-production
scene	universe
scene	volition
schedule	artifact
schedule	contract-condition
schedule	indication
schedule	information
schedule	line-of-text
schedule	phenomenon
schedule	physical-object
schedule	text
schedule	universe
schedule	vehicle-body
scheduling-conflict	amateur
scheduling-conflict	ambiance
scheduling-conflict	attribute
scheduling-conflict	circumstance
scheduling-conflict	civilisation
scheduling-conflict	crowd
scheduling-conflict	custom
scheduling-conflict	danger
scheduling-conflict	expert
scheduling-conflict	freedom
scheduling-conflict	hero
scheduling-conflict	lap
scheduling-conflict	literary-works
scheduling-conflict	logical-relation
scheduling-conflict	normal
scheduling-conflict	point-of-view
scheduling-conflict	practice
scheduling-conflict	property
scheduling-conflict	society
scheduling-conflict	status
scheduling-conflict	tension
scheduling-conflict	way
schema	logical-relation
schema	measure
schema	plan
schema	routine
schema	signified
schism	accomplishment
schism	act
schism	activity
schism	event
schism	phenomenon
schism	procedure
schism	volition
scholar	attribute
scholar	logical-relation
scholar	property
scholarly-paper	artifact
scholarly-paper	contract-condition
scholarly-paper	essay
scholarly-paper	indication
scholarly-paper	information
scholarly-paper	line-of-text
scholarly-paper	phenomenon
scholarly-paper	physical-object
scholarly-paper	text
scholarly-paper	universe
scholarly-paper	vehicle-body
scholarship	accomplishment
scholarship	act
scholarship	activity
scholarship	event
scholarship	phenomenon
scholarship	procedure
scholarship	volition
school	agent
school	association
school	collection
school	group
school	organization
school	phenomenon
school	team
school	universe
school-class	agent
school-class	collection
school-class	group
school-class	phenomenon
school-class	universe
school-term	logical-relation
school-term	quantity
schoolchild	attribute
schoolchild	logical-relation
schoolchild	property
schoolhouse	agent
schoolhouse	association
schoolhouse	collection
schoolhouse	group
schoolhouse	organization
schoolhouse	phenomenon
schoolhouse	school
schoolhouse	team
schoolhouse	universe
schrodinger-equation	logical-relation
schrodinger-equation	signified
science	field-of-study
science	logical-relation
science	signified
scientific-principle	logical-relation
scientific-principle	signified
scissors	artifact
scissors	device
scissors	phenomenon
scissors	universe
scissors	vehicle-body
scoop	artifact
scoop	device
scoop	phenomenon
scoop	universe
scoop	vehicle-body
scope	amateur
scope	ambiance
scope	attribute
scope	circumstance
scope	civilisation
scope	crowd
scope	custom
scope	danger
scope	expert
scope	freedom
scope	hero
scope	lap
scope	literary-works
scope	logical-relation
scope	normal
scope	point-of-view
scope	practice
scope	property
scope	society
scope	status
scope	tension
scope	way
score	logical-relation
score	quantity
scoreboard	artifact
scoreboard	device
scoreboard	phenomenon
scoreboard	universe
scoreboard	vehicle-body
scored-goal	accomplishment
scored-goal	act
scored-goal	activity
scored-goal	event
scored-goal	phenomenon
scored-goal	procedure
scored-goal	visit
scored-goal	volition
scouring-pad	artifact
scouring-pad	device
scouring-pad	phenomenon
scouring-pad	universe
scouring-pad	vehicle-body
scrap	phenomenon
scrap	physical-object
scrap	universe
scratch	attribute
scratch	logical-relation
scratch	property
scratch	shape
screen	artifact
screen	device
screen	phenomenon
screen	universe
screen	vehicle-body
screen-netting	artifact
screen-netting	device
screen-netting	phenomenon
screen-netting	universe
screen-netting	vehicle-body
screw	artifact
screw	device
screw	phenomenon
screw	universe
screw	vehicle-body
screwdriver	artifact
screwdriver	device
screwdriver	phenomenon
screwdriver	universe
screwdriver	vehicle-body
script	logical-relation
script	measure
script	routine
script	signified
scrub-brush	artifact
scrub-brush	device
scrub-brush	phenomenon
scrub-brush	universe
scrub-brush	vehicle-body
sculpture	artifact
sculpture	fine-art
sculpture	indication
sculpture	information
sculpture	phenomenon
sculpture	physical-object
sculpture	universe
sculpture	vehicle-body
sea-cucumber	agent
sea-cucumber	animal
sea-cucumber	body
sea-cucumber	invertebrate
sea-cucumber	organism
sea-cucumber	phenomenon
sea-cucumber	physical-object
sea-cucumber	species
sea-cucumber	universe
sea-urchin	agent
sea-urchin	animal
sea-urchin	body
sea-urchin	invertebrate
sea-urchin	organism
sea-urchin	phenomenon
sea-urchin	physical-object
sea-urchin	species
sea-urchin	universe
seal-stamp	indication
seal-stamp	information
seal-stamp	phenomenon
seal-stamp	physical-object
seal-stamp	universe
sealant	material
sealant	phenomenon
sealant	substance
sealant	universe
search	accomplishment
search	act
search	activity
search	event
search	information
search	phenomenon
search	procedure
search	universe
search	volition
season	logical-relation
season	quantity
seasoning	food
seasoning	phenomenon
seasoning	universe
seat	artifact
seat	furniture
seat	phenomenon
seat	universe
seat	vehicle-body
seating-place	phenomenon
seating-place	place
seating-place	universe
second-moment	logical-relation
secrecy	attribute
secrecy	inclination
secrecy	logical-relation
secrecy	mentality
secrecy	property
secrecy	range-of-a-function
secrecy	trait
secret	amateur
secret	ambiance
secret	attribute
secret	circumstance
secret	civilisation
secret	crowd
secret	custom
secret	danger
secret	expert
secret	freedom
secret	hero
secret	lap
secret	literary-works
secret	logical-relation
secret	normal
secret	point-of-view
secret	practice
secret	property
secret	society
secret	status
secret	tension
secret	way
secret-plan	logical-relation
secret-plan	measure
secret-plan	plan
secret-plan	routine
secret-plan	signified
secretion	material
secretion	phenomenon
secretion	substance
secretion	universe
section	artifact
section	phenomenon
section	universe
section	vehicle-body
section-title	artifact
section-title	contract-condition
section-title	indication
section-title	information
section-title	line-of-text
section-title	phenomenon
section-title	physical-object
section-title	text
section-title	universe
section-title	vehicle-body
sector	attribute
sector	logical-relation
sector	property
security	accomplishment
security	act
security	activity
security	care
security	event
security	phenomenon
security	procedure
security	volition
security-system	artifact
security-system	device
security-system	phenomenon
security-system	universe
security-system	vehicle-body
sediment	material
sediment	phenomenon
sediment	substance
sediment	universe
seed	body-part
seed	phenomenon
seed	physical-object
seed	universe
seeded-player	attribute
seeded-player	logical-relation
seeded-player	property
seeder	artifact
seeder	device
seeder	phenomenon
seeder	universe
seeder	vehicle-body
selection	collection
selection	phenomenon
self	agent
self	phenomenon
self	universe
self-control	attribute
self-control	logical-relation
self-control	property
seller	attribute
seller	logical-relation
seller	property
selling	accomplishment
selling	act
selling	activity
selling	event
selling	exchange
selling	interaction
selling	phenomenon
selling	procedure
selling	transaction
selling	volition
seminal-fluid	material
seminal-fluid	phenomenon
seminal-fluid	substance
seminal-fluid	universe
seminar	accomplishment
seminar	acquired-knowledge
seminar	act
seminar	activity
seminar	education
seminar	event
seminar	leader
seminar	phenomenon
seminar	procedure
seminar	volition
sensation	attribute
sensation	logical-relation
sensation	property
sense	attribute
sense	logical-relation
sense	property
sense-of-touch	attribute
sense-of-touch	logical-relation
sense-of-touch	property
sensitivity	attribute
sensitivity	logical-relation
sensitivity	property
sentence	information
sentence	line-of-text
sentence	phenomenon
sentence	universe
sentential-function	logical-relation
sentiment	attribute
sentiment	logical-relation
sentiment	property
separation	accomplishment
separation	act
separation	activity
separation	communication
separation	event
separation	information
separation	phenomenon
separation	procedure
separation	universe
separation	volition
septic-tank	artifact
septic-tank	phenomenon
septic-tank	universe
septic-tank	vehicle-body
sequence	logical-relation
sequin	artifact
sequin	fine-art
sequin	indication
sequin	information
sequin	phenomenon
sequin	physical-object
sequin	universe
sequin	vehicle-body
serial	artifact
serial	contract-condition
serial	indication
serial	information
serial	line-of-text
serial	phenomenon
serial	physical-object
serial	text
serial	universe
serial	vehicle-body
series	artifact
series	contract-condition
series	indication
series	information
series	line-of-text
series	phenomenon
series	physical-object
series	text
series	universe
series	vehicle-body
series-convergence	event
series-convergence	extension.time
series-convergence	increase
series-convergence	phenomenon
series-expansion	accomplishment
series-expansion	act
series-expansion	activity
series-expansion	affirmation
series-expansion	communication
series-expansion	event
series-expansion	information
series-expansion	phenomenon
series-expansion	procedure
series-expansion	universe
series-expansion	volition
sermon	accomplishment
sermon	act
sermon	activity
sermon	communication
sermon	conversation
sermon	event
sermon	formal-address
sermon	information
sermon	phenomenon
sermon	procedure
sermon	stage-production
sermon	universe
sermon	volition
servant	attribute
servant	logical-relation
servant	property
service-department	agent
service-department	association
service-department	collection
service-department	company
service-department	firm
service-department	group
service-department	organization
service-department	phenomenon
service-department	team
service-department	universe
serving-bowl	artifact
serving-bowl	device
serving-bowl	dish
serving-bowl	holder
serving-bowl	phenomenon
serving-bowl	universe
serving-bowl	vehicle-body
session	accomplishment
session	act
session	activity
session	coming-together
session	event
session	phenomenon
session	procedure
session	volition
set	collection
set	phenomenon
set-theory	field-of-study
set-theory	logical-relation
set-theory	signified
setting	phenomenon
setting	place
setting	universe
settlement	agent
settlement	city
settlement	land
settlement	phenomenon
settlement	place
settlement	universe
settlement	yard
settler-colony	agent
settler-colony	collection
settler-colony	group
settler-colony	phenomenon
settler-colony	universe
severity	amateur
severity	ambiance
severity	attribute
severity	circumstance
severity	civilisation
severity	crowd
severity	custom
severity	danger
severity	expert
severity	freedom
severity	hero
severity	lap
severity	literary-works
severity	logical-relation
severity	normal
severity	point-of-view
severity	practice
severity	property
severity	society
severity	status
severity	tension
severity	way
sewage-disposal	event
sewage-disposal	phenomenon
sewage-disposal	visit
sewing-basket	artifact
sewing-basket	carrying-case
sewing-basket	device
sewing-basket	holder
sewing-basket	phenomenon
sewing-basket	universe
sewing-basket	vehicle-body
sex	attribute
sex	logical-relation
sex	property
shackle	artifact
shackle	device
shackle	phenomenon
shackle	universe
shackle	vehicle-body
shadow-box	artifact
shadow-box	box
shadow-box	carrying-case
shadow-box	device
shadow-box	holder
shadow-box	phenomenon
shadow-box	universe
shadow-box	vehicle-body
shaft	artifact
shaft	phenomenon
shaft	universe
shaft	vehicle-body
shake	artifact
shake	phenomenon
shake	universe
shake	vehicle-body
shallot	body-part
shallot	botanical-fruit
shallot	phenomenon
shallot	physical-object
shallot	universe
shampoo	chemical-solution
shampoo	material
shampoo	phenomenon
shampoo	substance
shampoo	universe
shape	attribute
shape	logical-relation
shape	property
shaper	artifact
shaper	device
shaper	machine
shaper	machinery
shaper	phenomenon
shaper	universe
shaper	vehicle-body
shark	agent
shark	animal
shark	body
shark	fish
shark	organism
shark	phenomenon
shark	physical-object
shark	species
shark	universe
shark	vertebrate
sharpener	artifact
sharpener	device
sharpener	phenomenon
sharpener	universe
sharpener	vehicle-body
shaving	event
shaving	phenomenon
shaving	visit
shaving-brush	artifact
shaving-brush	device
shaving-brush	phenomenon
shaving-brush	universe
shaving-brush	vehicle-body
shaving-cream	chemical-solution
shaving-cream	material
shaving-cream	phenomenon
shaving-cream	substance
shaving-cream	universe
shawl	artifact
shawl	clothing
shawl	fashion
shawl	phenomenon
shawl	universe
shawl	vehicle-body
shears	artifact
shears	device
shears	phenomenon
shears	universe
shears	vehicle-body
sheep	agent
sheep	animal
sheep	body
sheep	livestock
sheep	mammal
sheep	organism
sheep	phenomenon
sheep	physical-object
sheep	species
sheep	universe
sheep	vertebrate
sheet	artifact
sheet	phenomenon
sheet	universe
sheet	vehicle-body
sheet-music	indication
sheet-music	information
sheet-music	phenomenon
sheet-music	physical-object
sheet-music	universe
shelf	artifact
shelf	phenomenon
shelf	universe
shelf	vehicle-body
shell	body-part
shell	phenomenon
shell	physical-object
shell	universe
shelter	artifact
shelter	building
shelter	development
shelter	phenomenon
shelter	universe
shelter	vehicle-body
shield	artifact
shield	clothing
shield	fashion
shield	phenomenon
shield	universe
shield	vehicle-body
shift	logical-relation
shift	quantity
shin-guard	artifact
shin-guard	clothing
shin-guard	fashion
shin-guard	phenomenon
shin-guard	universe
shin-guard	vehicle-body
ship	artifact
ship	device
ship	phenomenon
ship	universe
ship	vehicle
ship	vehicle-body
shirt	artifact
shirt	clothing
shirt	fashion
shirt	phenomenon
shirt	universe
shirt	vehicle-body
shoe	artifact
shoe	clothing
shoe	fashion
shoe	phenomenon
shoe	universe
shoe	vehicle-body
shoe-polish	material
shoe-polish	phenomenon
shoe-polish	substance
shoe-polish	universe
shoelace	artifact
shoelace	device
shoelace	phenomenon
shoelace	universe
shoelace	vehicle-body
shooting	event
shooting	phenomenon
shooting	visit
shooting-gallery	phenomenon
shooting-gallery	place
shooting-gallery	universe
shooting-stick	artifact
shooting-stick	phenomenon
shooting-stick	universe
shooting-stick	vehicle-body
shop	agent
shop	association
shop	collection
shop	company
shop	firm
shop	group
shop	organization
shop	phenomenon
shop	team
shop	universe
shopping	accomplishment
shopping	act
shopping	activity
shopping	event
shopping	phenomenon
shopping	procedure
shopping	volition
short-letter	artifact
short-letter	contract-condition
short-letter	data-file
short-letter	indication
short-letter	information
short-letter	line-of-text
short-letter	news
short-letter	note
short-letter	phenomenon
short-letter	physical-object
short-letter	text
short-letter	universe
short-letter	vehicle-body
short-pants	artifact
short-pants	clothing
short-pants	fashion
short-pants	phenomenon
short-pants	universe
short-pants	vehicle-body
shot	artifact
shot	celluloid
shot	contract-condition
shot	indication
shot	information
shot	line-of-text
shot	phenomenon
shot	physical-object
shot	text
shot	universe
shot	vehicle-body
shoulder	body-part
shoulder	phenomenon
shoulder	physical-object
shoulder	universe
show	accomplishment
show	act
show	activity
show	communication
show	event
show	information
show	performing
show	phenomenon
show	procedure
show	stage-production
show	universe
show	volition
shower	artifact
shower	device
shower	phenomenon
shower	universe
shower	vehicle-body
shower-cap	artifact
shower-cap	clothing
shower-cap	fashion
shower-cap	phenomenon
shower-cap	universe
shower-cap	vehicle-body
shower-curtain	artifact
shower-curtain	phenomenon
shower-curtain	universe
shower-curtain	vehicle-body
shower-stall	artifact
shower-stall	phenomenon
shower-stall	universe
shower-stall	vehicle-body
shutter	artifact
shutter	phenomenon
shutter	universe
shutter	vehicle-body
shuttlecock	artifact
shuttlecock	phenomenon
shuttlecock	universe
shuttlecock	vehicle-body
side	phenomenon
side	universe
side-dish	food
side-dish	material
side-dish	phenomenon
side-dish	substance
side-dish	universe
sideboard	artifact
sideboard	phenomenon
sideboard	universe
sideboard	vehicle-body
sidewalk	artifact
sidewalk	development
sidewalk	phenomenon
sidewalk	universe
sidewalk	vehicle-body
siding	artifact
siding	phenomenon
siding	universe
siding	vehicle-body
sieve	artifact
sieve	device
sieve	phenomenon
sieve	universe
sieve	vehicle-body
sight	attribute
sight	logical-relation
sight	property
sign	information
sign	phenomenon
sign	universe
sign-language-sign	event
sign-language-sign	motion
sign-language-sign	phenomenon
sign-of-the-zodiac	phenomenon
sign-of-the-zodiac	place
sign-of-the-zodiac	universe
signal	information
signal	phenomenon
signal	universe
signature	indication
signature	information
signature	phenomenon
signature	physical-object
signature	universe
signboard	artifact
signboard	component
signboard	device
signboard	indication
signboard	information
signboard	mechanism
signboard	phenomenon
signboard	physical-object
signboard	universe
signboard	vehicle-body
signified	logical-relation
silence	attribute
silence	logical-relation
silence	property
silk	artifact
silk	fabric
silk	phenomenon
silk	universe
silk	vehicle-body
silk-fiber	material
silk-fiber	phenomenon
silk-fiber	substance
silk-fiber	universe
silver	chemical-element
silver	material
silver	phenomenon
silver	substance
silver	universe
silver-screen	artifact
silver-screen	component
silver-screen	device
silver-screen	mechanism
silver-screen	phenomenon
silver-screen	universe
silver-screen	vehicle-body
similarity	amateur
similarity	ambiance
similarity	attribute
similarity	circumstance
similarity	civilisation
similarity	crowd
similarity	custom
similarity	danger
similarity	expert
similarity	freedom
similarity	hero
similarity	lap
similarity	literary-works
similarity	logical-relation
similarity	normal
similarity	point-of-view
similarity	practice
similarity	property
similarity	society
similarity	status
similarity	tension
similarity	way
simplicity	amateur
simplicity	ambiance
simplicity	attribute
simplicity	circumstance
simplicity	civilisation
simplicity	crowd
simplicity	custom
simplicity	danger
simplicity	expert
simplicity	freedom
simplicity	hero
simplicity	lap
simplicity	literary-works
simplicity	logical-relation
simplicity	normal
simplicity	point-of-view
simplicity	practice
simplicity	property
simplicity	society
simplicity	status
simplicity	tension
simplicity	way
simultaneous-equations	information
simultaneous-equations	phenomenon
simultaneous-equations	universe
sin	amateur
sin	ambiance
sin	attribute
sin	circumstance
sin	civilisation
sin	crowd
sin	custom
sin	danger
sin	expert
sin	freedom
sin	hero
sin	lap
sin	literary-works
sin	logical-relation
sin	normal
sin	point-of-view
sin	practice
sin	property
sin	society
sin	status
sin	tension
sin	way
singer	attribute
singer	logical-relation
singer	property
single-file	collection
single-file	phenomenon
sink	artifact
sink	device
sink	phenomenon
sink	universe
sink	vehicle-body
sister	attribute
sister	logical-relation
sister	property
situation	amateur
situation	ambiance
situation	attribute
situation	circumstance
situation	civilisation
situation	crowd
situation	custom
situation	danger
situation	expert
situation	freedom
situation	hero
situation	lap
situation	literary-works
situation	logical-relation
situation	normal
situation	point-of-view
situation	practice
situation	property
situation	society
situation	status
situation	tension
situation	way
skateboard	artifact
skateboard	device
skateboard	phenomenon
skateboard	universe
skateboard	vehicle-body
skeletal-system	phenomenon
skeletal-system	physical-object
skeletal-system	universe
sketch	artifact
sketch	contract-condition
sketch	indication
sketch	information
sketch	line-of-text
sketch	phenomenon
sketch	physical-object
sketch	recapitulation
sketch	summary
sketch	text
sketch	universe
sketch	vehicle-body
skewer	artifact
skewer	device
skewer	phenomenon
skewer	universe
skewer	vehicle-body
ski-binding	artifact
ski-binding	phenomenon
ski-binding	universe
ski-binding	vehicle-body
ski-boot	artifact
ski-boot	boot
ski-boot	clothing
ski-boot	fashion
ski-boot	footwear
ski-boot	phenomenon
ski-boot	shoe
ski-boot	universe
ski-boot	vehicle-body
ski-pole	artifact
ski-pole	device
ski-pole	phenomenon
ski-pole	universe
ski-pole	vehicle-body
ski-tow	artifact
ski-tow	device
ski-tow	phenomenon
ski-tow	universe
ski-tow	vehicle-body
skill	logical-relation
skill	signified
skimmer	artifact
skimmer	device
skimmer	phenomenon
skimmer	universe
skimmer	vehicle-body
skin	body-part
skin	phenomenon
skin	physical-object
skin	universe
skin-care	accomplishment
skin-care	act
skin-care	activity
skin-care	event
skin-care	phenomenon
skin-care	procedure
skin-care	repair
skin-care	restoration
skin-care	therapy
skin-care	volition
skin-cream	material
skin-cream	phenomenon
skin-cream	substance
skin-cream	universe
skipjack	agent
skipjack	animal
skipjack	body
skipjack	fish
skipjack	organism
skipjack	phenomenon
skipjack	physical-object
skipjack	species
skipjack	universe
skipjack	vertebrate
skirt	artifact
skirt	clothing
skirt	fashion
skirt	phenomenon
skirt	universe
skirt	vehicle-body
skull	collection
skull	phenomenon
sky	phenomenon
sky	place
sky	universe
slab	artifact
slab	phenomenon
slab	universe
slab	vehicle-body
slaked-lime	compound
slaked-lime	material
slaked-lime	phenomenon
slaked-lime	substance
slaked-lime	universe
slant	logical-relation
slate	material
slate	mineral
slate	phenomenon
slate	substance
slate	universe
sleeping-bag	artifact
sleeping-bag	phenomenon
sleeping-bag	universe
sleeping-bag	vehicle-body
sleepwear	artifact
sleepwear	clothing
sleepwear	fashion
sleepwear	phenomenon
sleepwear	universe
sleepwear	vehicle-body
sleeve	artifact
sleeve	clothing
sleeve	fashion
sleeve	phenomenon
sleeve	universe
sleeve	vehicle-body
slice	phenomenon
slice	universe
slide	artifact
slide	device
slide	phenomenon
slide	universe
slide	vehicle-body
slide-projector	artifact
slide-projector	device
slide-projector	phenomenon
slide-projector	universe
slide-projector	vehicle-body
slipcover	artifact
slipcover	fabric
slipcover	phenomenon
slipcover	universe
slipcover	vehicle-body
slipper	artifact
slipper	boot
slipper	clothing
slipper	fashion
slipper	footwear
slipper	phenomenon
slipper	shoe
slipper	universe
slipper	vehicle-body
slob	agent
slob	animal
slob	body
slob	human
slob	mammal
slob	organism
slob	person
slob	phenomenon
slob	physical-object
slob	populace
slob	self
slob	species
slob	universe
slob	vertebrate
sloe	body-part
sloe	botanical-fruit
sloe	phenomenon
sloe	physical-object
sloe	universe
slot-machine	artifact
slot-machine	device
slot-machine	phenomenon
slot-machine	universe
slot-machine	vehicle-body
sludge	material
sludge	phenomenon
sludge	substance
sludge	universe
small-change	logical-relation
small-change	quantity
smell	attribute
smell	logical-relation
smell	property
smile	accomplishment
smile	act
smile	activity
smile	communication
smile	event
smile	gesture
smile	information
smile	motion
smile	phenomenon
smile	procedure
smile	reaction.phenomenon
smile	universe
smile	volition
smoke	cloud
smoke	material
smoke	phenomenon
smoke	substance
smoke	universe
smoothing-iron	artifact
smoothing-iron	device
smoothing-iron	phenomenon
smoothing-iron	universe
smoothing-iron	vehicle-body
smudge	attribute
smudge	logical-relation
smudge	property
snack-food	food
snack-food	phenomenon
snack-food	universe
snail	agent
snail	animal
snail	body
snail	invertebrate
snail	mollusc
snail	organism
snail	phenomenon
snail	physical-object
snail	species
snail	universe
snake	agent
snake	animal
snake	body
snake	organism
snake	phenomenon
snake	physical-object
snake	reptile
snake	species
snake	universe
snake	vertebrate
snap	artifact
snap	device
snap	phenomenon
snap	universe
snap	vehicle-body
sneaker	artifact
sneaker	boot
sneaker	clothing
sneaker	fashion
sneaker	footwear
sneaker	phenomenon
sneaker	shoe
sneaker	universe
sneaker	vehicle-body
snorkel	artifact
snorkel	device
snorkel	phenomenon
snorkel	universe
snorkel	vehicle-body
snowboard	artifact
snowboard	phenomenon
snowboard	universe
snowboard	vehicle-body
snowmobile	artifact
snowmobile	device
snowmobile	phenomenon
snowmobile	universe
snowmobile	vehicle
snowmobile	vehicle-body
snub	amateur
snub	ambiance
snub	attribute
snub	circumstance
snub	civilisation
snub	crowd
snub	custom
snub	danger
snub	expert
snub	freedom
snub	hero
snub	lap
snub	literary-works
snub	logical-relation
snub	normal
snub	point-of-view
snub	practice
snub	property
snub	society
snub	status
snub	tension
snub	way
soap-dish	artifact
soap-dish	phenomenon
soap-dish	universe
soap-dish	vehicle-body
social-club	agent
social-club	association
social-club	collection
social-club	group
social-club	organization
social-club	phenomenon
social-club	team
social-club	universe
social-occasion	accomplishment
social-occasion	act
social-occasion	activity
social-occasion	coming-together
social-occasion	event
social-occasion	party
social-occasion	phenomenon
social-occasion	procedure
social-occasion	volition
social-science	field-of-study
social-science	logical-relation
social-science	signified
social-service	accomplishment
social-service	act
social-service	activity
social-service	event
social-service	phenomenon
social-service	procedure
social-service	volition
social-welfare	accomplishment
social-welfare	act
social-welfare	activity
social-welfare	event
social-welfare	phenomenon
social-welfare	procedure
social-welfare	volition
society	attribute
society	logical-relation
society	normal
society	property
sociology	field-of-study
sociology	logical-relation
sociology	signified
sociology	social-science
sock	artifact
sock	clothing
sock	fashion
sock	phenomenon
sock	universe
sock	vehicle-body
socket	artifact
socket	phenomenon
socket	universe
socket	vehicle-body
sodium	chemical-element
sodium	material
sodium	phenomenon
sodium	substance
sodium	universe
sofa	artifact
sofa	furniture
sofa	phenomenon
sofa	seat
sofa	universe
sofa	vehicle-body
soft-drink	drink
soft-drink	food
soft-drink	material
soft-drink	phenomenon
soft-drink	substance
soft-drink	universe
software	code
software	computer-program
software	logical-relation
software	measure
software	routine
software	signified
software-library	collection
software-library	phenomenon
soil	material
soil	phenomenon
soil	substance
soil	universe
solder	material
solder	phenomenon
solder	substance
solder	universe
soldering-iron	artifact
soldering-iron	device
soldering-iron	phenomenon
soldering-iron	universe
soldering-iron	vehicle-body
solicitation	accomplishment
solicitation	act
solicitation	activity
solicitation	advice
solicitation	communication
solicitation	event
solicitation	information
solicitation	phenomenon
solicitation	procedure
solicitation	universe
solicitation	volition
solid-geometry	field-of-study
solid-geometry	logical-relation
solid-geometry	signified
solidarity	amateur
solidarity	ambiance
solidarity	attribute
solidarity	circumstance
solidarity	civilisation
solidarity	crowd
solidarity	custom
solidarity	danger
solidarity	expert
solidarity	freedom
solidarity	hero
solidarity	lap
solidarity	literary-works
solidarity	logical-relation
solidarity	normal
solidarity	point-of-view
solidarity	practice
solidarity	property
solidarity	society
solidarity	status
solidarity	tension
solidarity	way
solo	accomplishment
solo	act
solo	activity
solo	event
solo	phenomenon
solo	procedure
solo	volition
solution	amateur
solution	ambiance
solution	attribute
solution	circumstance
solution	civilisation
solution	crowd
solution	custom
solution	danger
solution	expert
solution	freedom
solution	hero
solution	lap
solution	literary-works
solution	logical-relation
solution	normal
solution	point-of-view
solution	practice
solution	property
solution	society
solution	status
solution	tension
solution	way
soprano	attribute
soprano	logical-relation
soprano	property
sound	event
sound	perception
sound	phenomenon
soup	food
soup	material
soup	phenomenon
soup	substance
soup	universe
sour-cream	material
sour-cream	milk
sour-cream	phenomenon
sour-cream	substance
sour-cream	universe
soursop	body-part
soursop	botanical-fruit
soursop	phenomenon
soursop	physical-object
soursop	universe
soy-sauce	food
soy-sauce	phenomenon
soy-sauce	universe
spa	artifact
spa	development
spa	phenomenon
spa	universe
spa	vehicle-body
space	character
space	information
space	phenomenon
space	symbol
space	universe
space-heater	artifact
space-heater	device
space-heater	phenomenon
space-heater	universe
space-heater	vehicle-body
spacecraft	artifact
spacecraft	device
spacecraft	phenomenon
spacecraft	universe
spacecraft	vehicle
spacecraft	vehicle-body
spade	artifact
spade	device
spade	phenomenon
spade	universe
spade	vehicle-body
sparkling-wine	drink
sparkling-wine	food
sparkling-wine	material
sparkling-wine	phenomenon
sparkling-wine	substance
sparkling-wine	universe
sparkling-wine	wine
spatial-extent	logical-relation
spatial-extent	quantity
speaker	attribute
speaker	logical-relation
speaker	property
spear	artifact
spear	device
spear	phenomenon
spear	universe
spear	vehicle-body
spear	weapon
specialist	attribute
specialist	logical-relation
specialist	property
species	agent
species	phenomenon
species	physical-object
species	universe
specimen	material
specimen	phenomenon
specimen	substance
specimen	universe
spectacles	artifact
spectacles	device
spectacles	phenomenon
spectacles	universe
spectacles	vehicle-body
spectator	attribute
spectator	logical-relation
spectator	property
spectrometer	artifact
spectrometer	device
spectrometer	phenomenon
spectrometer	universe
spectrometer	vehicle-body
spectrum	amateur
spectrum	ambiance
spectrum	attribute
spectrum	circumstance
spectrum	civilisation
spectrum	crowd
spectrum	custom
spectrum	danger
spectrum	expert
spectrum	freedom
spectrum	hero
spectrum	lap
spectrum	literary-works
spectrum	logical-relation
spectrum	normal
spectrum	point-of-view
spectrum	practice
spectrum	property
spectrum	society
spectrum	status
spectrum	tension
spectrum	way
speech	accomplishment
speech	act
speech	activity
speech	communication
speech	event
speech	information
speech	phenomenon
speech	procedure
speech	universe
speech	volition
spell	artifact
spell	contract-condition
spell	indication
spell	information
spell	line-of-text
spell	phenomenon
spell	physical-object
spell	text
spell	universe
spell	vehicle-body
spermicide	material
spermicide	phenomenon
spermicide	substance
spermicide	universe
sphere-of-influence	agent
sphere-of-influence	phenomenon
sphere-of-influence	place
sphere-of-influence	universe
spherical-geometry	field-of-study
spherical-geometry	logical-relation
spherical-geometry	signified
spherical-polygon	attribute
spherical-polygon	logical-relation
spherical-polygon	property
spherical-polygon	shape
spherical-triangle	attribute
spherical-triangle	logical-relation
spherical-triangle	property
spherical-triangle	shape
spherical-trigonometry	field-of-study
spherical-trigonometry	logical-relation
spherical-trigonometry	signified
spider	agent
spider	animal
spider	arachnid
spider	body
spider	invertebrate
spider	organism
spider	phenomenon
spider	physical-object
spider	species
spider	universe
spike	artifact
spike	device
spike	nail
spike	phenomenon
spike	universe
spike	vehicle-body
spinal-column	body-part
spinal-column	organ
spinal-column	phenomenon
spinal-column	physical-object
spinal-column	universe
spine	body-part
spine	phenomenon
spine	physical-object
spine	universe
spinner	artifact
spinner	device
spinner	phenomenon
spinner	universe
spinner	vehicle-body
spinning-wheel	artifact
spinning-wheel	device
spinning-wheel	phenomenon
spinning-wheel	universe
spinning-wheel	vehicle-body
spirit	amateur
spirit	ambiance
spirit	attribute
spirit	circumstance
spirit	civilisation
spirit	crowd
spirit	custom
spirit	danger
spirit	expert
spirit	freedom
spirit	hero
spirit	lap
spirit	literary-works
spirit	logical-relation
spirit	normal
spirit	point-of-view
spirit	practice
spirit	property
spirit	society
spirit	status
spirit	tension
spirit	way
spirit-level	artifact
spirit-level	device
spirit-level	phenomenon
spirit-level	universe
spirit-level	vehicle-body
spiritualist	attribute
spiritualist	logical-relation
spiritualist	property
splint	artifact
splint	device
splint	phenomenon
splint	universe
splint	vehicle-body
split-half-correlation	logical-relation
split-half-correlation	quantity
sponge	phenomenon
sponge	universe
spontaneous-abortion	event
spontaneous-abortion	phenomenon
spoon	artifact
spoon	device
spoon	phenomenon
spoon	tableware
spoon	universe
spoon	vehicle-body
sport	accomplishment
sport	act
sport	activity
sport	contest
sport	event
sport	game
sport	pastime-game
sport	phenomenon
sport	procedure
sport	volition
sport	war
sporting-goods	artifact
sporting-goods	device
sporting-goods	phenomenon
sporting-goods	universe
sporting-goods	vehicle-body
spouse	attribute
spouse	logical-relation
spouse	property
spray	compound
spray	material
spray	phenomenon
spray	substance
spray	universe
spray	water
spray-gun	artifact
spray-gun	device
spray-gun	phenomenon
spray-gun	universe
spray-gun	vehicle-body
spread	food
spread	material
spread	phenomenon
spread	substance
spread	universe
spreadsheet	code
spreadsheet	computer-program
spreadsheet	logical-relation
spreadsheet	measure
spreadsheet	routine
spreadsheet	signified
spring-water	compound
spring-water	material
spring-water	phenomenon
spring-water	substance
spring-water	universe
spring-water	water
springtime	logical-relation
springtime	quantity
sprinkler	artifact
sprinkler	device
sprinkler	phenomenon
sprinkler	universe
sprinkler	vehicle-body
sprout	body-part
sprout	botanical-fruit
sprout	phenomenon
sprout	physical-object
sprout	universe
spur	artifact
spur	device
spur	phenomenon
spur	universe
spur	vehicle-body
spurious-correlation	logical-relation
spy	attribute
spy	logical-relation
spy	property
squad	agent
squad	association
squad	collection
squad	group
squad	organization
squad	phenomenon
squad	team
squad	universe
squash-ball	artifact
squash-ball	ball
squash-ball	game-equipment
squash-ball	phenomenon
squash-ball	universe
squash-ball	vehicle-body
squash-racquet	artifact
squash-racquet	device
squash-racquet	phenomenon
squash-racquet	universe
squash-racquet	vehicle-body
squeegee	artifact
squeegee	device
squeegee	phenomenon
squeegee	universe
squeegee	vehicle-body
stable	artifact
stable	building
stable	development
stable	phenomenon
stable	universe
stable	vehicle-body
stadium	artifact
stadium	development
stadium	phenomenon
stadium	universe
stadium	vehicle-body
staff	agent
staff	association
staff	collection
staff	group
staff	organization
staff	phenomenon
staff	team
staff	universe
staff-rod	information
staff-rod	phenomenon
staff-rod	universe
stage	artifact
stage	development
stage	phenomenon
stage	universe
stage	vehicle-body
stage-production	accomplishment
stage-production	act
stage-production	activity
stage-production	communication
stage-production	event
stage-production	information
stage-production	phenomenon
stage-production	procedure
stage-production	universe
stage-production	volition
stage-set	artifact
stage-set	development
stage-set	phenomenon
stage-set	stage
stage-set	universe
stage-set	vehicle-body
stain	material
stain	phenomenon
stain	substance
stain	universe
stairway	artifact
stairway	development
stairway	phenomenon
stairway	universe
stairway	vehicle-body
stake	amateur
stake	ambiance
stake	attribute
stake	circumstance
stake	civilisation
stake	crowd
stake	custom
stake	danger
stake	expert
stake	freedom
stake	hero
stake	lap
stake	literary-works
stake	logical-relation
stake	normal
stake	point-of-view
stake	practice
stake	property
stake	society
stake	status
stake	tension
stake	way
stalk	body-part
stalk	phenomenon
stalk	physical-object
stalk	universe
stall	artifact
stall	phenomenon
stall	universe
stall	vehicle-body
stamp	information
stamp	phenomenon
stamp	universe
stand	artifact
stand	furniture
stand	phenomenon
stand	table-furniture
stand	universe
stand	vehicle-body
stand-base	artifact
stand-base	phenomenon
stand-base	universe
stand-base	vehicle-body
standard	attribute
standard	logical-relation
standard	normal
standard	property
standard-deviation	logical-relation
staple	artifact
staple	device
staple	phenomenon
staple	universe
staple	vehicle-body
stapler	artifact
stapler	device
stapler	phenomenon
stapler	universe
stapler	vehicle-body
star	celestial-body
star	phenomenon
star	universe
star-shape	attribute
star-shape	logical-relation
star-shape	property
star-shape	shape
starch	compound
starch	material
starch	phenomenon
starch	substance
starch	universe
starter	artifact
starter	device
starter	electric-motor
starter	phenomenon
starter	transducer
starter	universe
starter	vehicle-body
state	logical-relation
state	signified
state-of-matter	attribute
state-of-matter	logical-relation
state-of-matter	property
statement	article
statement	artifact
statement	contract-condition
statement	data-file
statement	essay
statement	indication
statement	information
statement	line-of-text
statement	news
statement	note
statement	phenomenon
statement	physical-object
statement	text
statement	universe
statement	vehicle-body
station	phenomenon
station	place
station	universe
station-facility	address
station-facility	artifact
station-facility	building
station-facility	development
station-facility	phenomenon
station-facility	place
station-facility	universe
station-facility	vehicle-body
statistic	logical-relation
statistic	quantity
statistical-correlation	logical-relation
statistical-distribution	logical-relation
statistical-distribution	mathematical-set
statistical-distribution	subset
statistical-method	logical-relation
statistical-method	measure
statistical-method	routine
statistical-method	signified
statistical-mode	logical-relation
statistical-moment	logical-relation
statistical-population	collection
statistical-population	phenomenon
statistical-regression	logical-relation
statistical-regression	measure
statistical-regression	routine
statistical-regression	signified
statistical-sampling	accomplishment
statistical-sampling	act
statistical-sampling	activity
statistical-sampling	event
statistical-sampling	information
statistical-sampling	phenomenon
statistical-sampling	procedure
statistical-sampling	universe
statistical-sampling	volition
statistical-weight	logical-relation
statistical-weight	number
statistical-weight	quantity
statistics	field-of-study
statistics	logical-relation
statistics	signified
statue	artifact
statue	fine-art
statue	indication
statue	information
statue	phenomenon
statue	physical-object
statue	universe
statue	vehicle-body
status	attribute
status	logical-relation
status	normal
status	property
steak	food
steak	material
steak	meat
steak	phenomenon
steak	substance
steak	universe
steam	compound
steam	material
steam	phenomenon
steam	substance
steam	universe
steam	water
steam-turbine	artifact
steam-turbine	device
steam-turbine	gas-turbine
steam-turbine	phenomenon
steam-turbine	transducer
steam-turbine	universe
steam-turbine	vehicle-body
steamer	artifact
steamer	device
steamer	phenomenon
steamer	universe
steamer	vehicle-body
steamroller	artifact
steamroller	device
steamroller	phenomenon
steamroller	universe
steamroller	vehicle
steamroller	vehicle-body
steel	material
steel	phenomenon
steel	substance
steel	universe
stencil	artifact
stencil	device
stencil	phenomenon
stencil	universe
stencil	vehicle-body
step	artifact
step	phenomenon
step	universe
step	vehicle-body
step-stool	artifact
step-stool	chair
step-stool	furniture
step-stool	phenomenon
step-stool	seat
step-stool	universe
step-stool	vehicle-body
stepper	artifact
stepper	device
stepper	machine
stepper	machinery
stepper	phenomenon
stepper	universe
stepper	vehicle-body
stereo-system	artifact
stereo-system	device
stereo-system	phenomenon
stereo-system	universe
stereo-system	vehicle-body
stethoscope	artifact
stethoscope	device
stethoscope	phenomenon
stethoscope	universe
stethoscope	vehicle-body
steward	attribute
steward	logical-relation
steward	property
stick	agent
stick	organism
stick	phenomenon
stick	physical-object
stick	plant
stick	species
stick	universe
sticky-note	paper
stilt	artifact
stilt	device
stilt	phenomenon
stilt	universe
stilt	vehicle-body
stimulation	event
stimulation	phenomenon
sting	event
sting	injury
sting	phenomenon
stirrer	artifact
stirrer	device
stirrer	phenomenon
stirrer	universe
stirrer	vehicle-body
stirrup	artifact
stirrup	device
stirrup	phenomenon
stirrup	universe
stirrup	vehicle-body
stitch	event
stitch	phenomenon
stock	artifact
stock	commodity
stock	phenomenon
stock	universe
stock	vehicle-body
stocking	artifact
stocking	clothing
stocking	fashion
stocking	phenomenon
stocking	universe
stocking	vehicle-body
stomach	body-part
stomach	organ
stomach	phenomenon
stomach	physical-object
stomach	universe
stone	body-part
stone	phenomenon
stone	physical-object
stone	universe
stone-fruit	body-part
stone-fruit	phenomenon
stone-fruit	physical-object
stone-fruit	universe
stool	artifact
stool	chair
stool	furniture
stool	phenomenon
stool	seat
stool	universe
stool	vehicle-body
stop	accomplishment
stop	act
stop	activity
stop	event
stop	phenomenon
stop	procedure
stop	volition
stopcock	artifact
stopcock	device
stopcock	phenomenon
stopcock	universe
stopcock	vehicle-body
stopper	artifact
stopper	phenomenon
stopper	universe
stopper	vehicle-body
stopwatch	artifact
stopwatch	device
stopwatch	phenomenon
stopwatch	universe
stopwatch	vehicle-body
storage	accomplishment
storage	act
storage	activity
storage	event
storage	phenomenon
storage	procedure
storage	volition
storage-battery	artifact
storage-battery	device
storage-battery	phenomenon
storage-battery	universe
storage-battery	vehicle-body
storage-medium	artifact
storage-medium	device
storage-medium	phenomenon
storage-medium	universe
storage-medium	vehicle-body
storage-tank	artifact
storage-tank	carrying-case
storage-tank	device
storage-tank	holder
storage-tank	phenomenon
storage-tank	universe
storage-tank	vehicle-body
storey	artifact
storey	development
storey	phenomenon
storey	universe
storey	vehicle-body
stove	artifact
stove	device
stove	phenomenon
stove	universe
stove	vehicle-body
straight-pin	artifact
straight-pin	device
straight-pin	phenomenon
straight-pin	universe
straight-pin	vehicle-body
straightener	artifact
straightener	device
straightener	phenomenon
straightener	universe
straightener	vehicle-body
strainer	artifact
strainer	device
strainer	filter
strainer	phenomenon
strainer	universe
strainer	vehicle-body
strand	artifact
strand	fine-art
strand	indication
strand	information
strand	phenomenon
strand	physical-object
strand	universe
strand	vehicle-body
strap	artifact
strap	device
strap	phenomenon
strap	universe
strap	vehicle-body
stratified-sample	collection
stratified-sample	phenomenon
straw	artifact
straw	phenomenon
straw	universe
straw	vehicle-body
stream	body-of-water
stream	phenomenon
stream	place
stream	universe
street	land
street	phenomenon
street	place
street	universe
street	yard
strength	amateur
strength	ambiance
strength	attribute
strength	circumstance
strength	civilisation
strength	crowd
strength	custom
strength	danger
strength	expert
strength	freedom
strength	hero
strength	lap
strength	literary-works
strength	logical-relation
strength	normal
strength	point-of-view
strength	practice
strength	property
strength	society
strength	status
strength	tension
strength	way
stretcher	artifact
stretcher	device
stretcher	phenomenon
stretcher	universe
stretcher	vehicle-body
strike	accomplishment
strike	act
strike	activity
strike	event
strike	phenomenon
strike	procedure
strike	volition
string	artifact
string	phenomenon
string	universe
string	vehicle-body
strip	phenomenon
strip	universe
stroke	event
stroke	phenomenon
structure	artifact
structure	phenomenon
structure	universe
structure	vehicle-body
struggle	accomplishment
struggle	act
struggle	activity
struggle	event
struggle	phenomenon
struggle	procedure
struggle	volition
student	attribute
student	logical-relation
student	property
studio	artifact
studio	development
studio	phenomenon
studio	universe
studio	vehicle-body
studio-apartment	address
studio-apartment	apartment
studio-apartment	artifact
studio-apartment	development
studio-apartment	phenomenon
studio-apartment	place
studio-apartment	universe
studio-apartment	vehicle-body
study	artifact
study	development
study	phenomenon
study	room
study	universe
study	vehicle-body
stuffing	material
stuffing	phenomenon
stuffing	substance
stuffing	universe
stun-gun	artifact
stun-gun	device
stun-gun	phenomenon
stun-gun	universe
stun-gun	vehicle-body
stun-gun	weapon
stunt-man	attribute
stunt-man	logical-relation
stunt-man	property
style	logical-relation
style	measure
style	routine
style	signified
sub-interval	logical-relation
sub-interval	mathematical-set
sub-interval	subset
subject	phenomenon
subject	universe
submission	artifact
submission	contract-condition
submission	indication
submission	information
submission	line-of-text
submission	phenomenon
submission	physical-object
submission	text
submission	universe
submission	vehicle-body
subpopulation	logical-relation
subscriber	agent
subscriber	animal
subscriber	body
subscriber	human
subscriber	mammal
subscriber	organism
subscriber	person
subscriber	phenomenon
subscriber	physical-object
subscriber	populace
subscriber	self
subscriber	species
subscriber	universe
subscriber	vertebrate
subset	logical-relation
subsister	attribute
subsister	logical-relation
subsister	property
subspace	logical-relation
subspace	mathematical-set
subspace	subset
substance	phenomenon
substance	universe
success	accomplishment
success	act
success	activity
success	event
success	phenomenon
success	procedure
success	volition
suffering	attribute
suffering	logical-relation
suffering	property
sugar	compound
sugar	material
sugar	phenomenon
sugar	substance
sugar	universe
sugar-apple	body-part
sugar-apple	botanical-fruit
sugar-apple	phenomenon
sugar-apple	physical-object
sugar-apple	universe
sugar-beet	agent
sugar-beet	organism
sugar-beet	phenomenon
sugar-beet	physical-object
sugar-beet	plant
sugar-beet	species
sugar-beet	universe
sugar-bowl	artifact
sugar-bowl	device
sugar-bowl	dish
sugar-bowl	holder
sugar-bowl	phenomenon
sugar-bowl	universe
sugar-bowl	vehicle-body
sugar-syrup	food
sugar-syrup	material
sugar-syrup	phenomenon
sugar-syrup	substance
sugar-syrup	universe
suggestion	accomplishment
suggestion	act
suggestion	activity
suggestion	advice
suggestion	communication
suggestion	event
suggestion	information
suggestion	phenomenon
suggestion	procedure
suggestion	universe
suggestion	volition
suicide	destruction
suicide	event
suicide	phenomenon
suit	collection
suit	phenomenon
sulfur	chemical-element
sulfur	material
sulfur	phenomenon
sulfur	substance
sulfur	universe
sum	collection
sum	phenomenon
summary	artifact
summary	contract-condition
summary	indication
summary	information
summary	line-of-text
summary	phenomenon
summary	physical-object
summary	text
summary	universe
summary	vehicle-body
summer	logical-relation
summer	quantity
summer-camp	agent
summer-camp	association
summer-camp	collection
summer-camp	group
summer-camp	organization
summer-camp	phenomenon
summer-camp	team
summer-camp	universe
summit	accomplishment
summit	act
summit	activity
summit	coming-together
summit	event
summit	phenomenon
summit	procedure
summit	volition
sunchoke	body-part
sunchoke	botanical-fruit
sunchoke	phenomenon
sunchoke	physical-object
sunchoke	universe
sunday	day
sunday	logical-relation
sunday	quantity
sundial	artifact
sundial	device
sundial	phenomenon
sundial	universe
sundial	vehicle-body
sunhat	artifact
sunhat	cap
sunhat	clothing
sunhat	fashion
sunhat	phenomenon
sunhat	universe
sunhat	vehicle-body
sunlight	event
sunlight	luminosity
sunlight	phenomenon
sunrise	event
sunrise	phenomenon
sunscreen	material
sunscreen	phenomenon
sunscreen	substance
sunscreen	universe
superintendent	attribute
superintendent	logical-relation
superintendent	property
supermarket	agent
supermarket	association
supermarket	collection
supermarket	company
supermarket	firm
supermarket	group
supermarket	organization
supermarket	phenomenon
supermarket	team
supermarket	universe
supervisor	attribute
supervisor	logical-relation
supervisor	property
support	accomplishment
support	act
support	activity
support	cooperation
support	event
support	phenomenon
support	procedure
support	volition
support-device	artifact
support-device	device
support-device	phenomenon
support-device	universe
support-device	vehicle-body
surface	phenomenon
surface	place
surface	universe
surge-suppressor	artifact
surge-suppressor	device
surge-suppressor	phenomenon
surge-suppressor	universe
surge-suppressor	vehicle-body
surgery	field-of-study
surgery	logical-relation
surgery	signified
surgical-gown	artifact
surgical-gown	clothing
surgical-gown	fashion
surgical-gown	phenomenon
surgical-gown	universe
surgical-gown	vehicle-body
surgical-probe	artifact
surgical-probe	device
surgical-probe	phenomenon
surgical-probe	universe
surgical-probe	vehicle-body
surprise	amateur
surprise	ambiance
surprise	attribute
surprise	circumstance
surprise	civilisation
surprise	crowd
surprise	custom
surprise	danger
surprise	expert
surprise	freedom
surprise	hero
surprise	lap
surprise	literary-works
surprise	logical-relation
surprise	normal
surprise	point-of-view
surprise	practice
surprise	property
surprise	society
surprise	status
surprise	tension
surprise	way
surrogate	attribute
surrogate	logical-relation
surrogate	property
surroundings	phenomenon
surroundings	place
surroundings	universe
survival	event
survival	phenomenon
survivor	attribute
survivor	logical-relation
survivor	property
suspect	attribute
suspect	logical-relation
suspect	property
suture	artifact
suture	device
suture	phenomenon
suture	universe
suture	vehicle-body
swab	artifact
swab	device
swab	phenomenon
swab	universe
swab	vehicle-body
sweater	artifact
sweater	clothing
sweater	fashion
sweater	phenomenon
sweater	universe
sweater	vehicle-body
sweatshirt	artifact
sweatshirt	clothing
sweatshirt	fashion
sweatshirt	phenomenon
sweatshirt	universe
sweatshirt	vehicle-body
sweetener	food
sweetener	material
sweetener	phenomenon
sweetener	substance
sweetener	universe
swimming-pool	artifact
swimming-pool	carrying-case
swimming-pool	development
swimming-pool	device
swimming-pool	holder
swimming-pool	phenomenon
swimming-pool	universe
swimming-pool	vehicle-body
swimwear	artifact
swimwear	clothing
swimwear	fashion
swimwear	phenomenon
swimwear	universe
swimwear	vehicle-body
swing	event
swing	phenomenon
switch	event
switch	phenomenon
switch	visit
swivel	artifact
swivel	component
swivel	device
swivel	mechanism
swivel	phenomenon
swivel	universe
swivel	vehicle-body
sword	artifact
sword	device
sword	phenomenon
sword	universe
sword	vehicle-body
sword	weapon
syllable	information
syllable	phenomenon
syllable	universe
symbol	information
symbol	phenomenon
symbol	universe
sympathy	logical-relation
symptom	event
symptom	phenomenon
syndrome	event
syndrome	phenomenon
synthetic-rubber	material
synthetic-rubber	phenomenon
synthetic-rubber	substance
synthetic-rubber	universe
syringe	artifact
syringe	device
syringe	phenomenon
syringe	universe
syringe	vehicle-body
syrup	food
syrup	material
syrup	phenomenon
syrup	substance
syrup	universe
system	collection
system	phenomenon
system-instrumentality	phenomenon
table	artifact
table	furniture
table	phenomenon
table	table-furniture
table	universe
table	vehicle-body
table-furniture	artifact
table-furniture	furniture
table-furniture	phenomenon
table-furniture	universe
table-furniture	vehicle-body
table-knife	artifact
table-knife	device
table-knife	phenomenon
table-knife	universe
table-knife	vehicle-body
table-linen	artifact
table-linen	fabric
table-linen	phenomenon
table-linen	universe
table-linen	vehicle-body
table-saw	artifact
table-saw	device
table-saw	phenomenon
table-saw	universe
table-saw	vehicle-body
tablecloth	artifact
tablecloth	fabric
tablecloth	phenomenon
tablecloth	universe
tablecloth	vehicle-body
tableware	artifact
tableware	device
tableware	phenomenon
tableware	universe
tableware	vehicle-body
tabular-array	indication
tabular-array	information
tabular-array	phenomenon
tabular-array	physical-object
tabular-array	universe
tack	artifact
tack	device
tack	nail
tack	phenomenon
tack	universe
tack	vehicle-body
tactic	logical-relation
tactic	measure
tactic	plan
tactic	routine
tactic	signified
tag	artifact
tag	fabric
tag	phenomenon
tag	universe
tag	vehicle-body
tahini	food
tahini	material
tahini	phenomenon
tahini	substance
tahini	universe
tail	phenomenon
tail	physical-object
tail	universe
tailoring	attribute
tailoring	logical-relation
tailoring	property
tailoring	trade
talk	accomplishment
talk	act
talk	activity
talk	communication
talk	conversation
talk	event
talk	information
talk	phenomenon
talk	procedure
talk	universe
talk	volition
tallow	body-part
tallow	material
tallow	phenomenon
tallow	physical-object
tallow	substance
tallow	tissue
tallow	universe
tampon	artifact
tampon	device
tampon	phenomenon
tampon	universe
tampon	vehicle-body
tan	event
tan	injury
tan	phenomenon
tangelo	body-part
tangelo	botanical-fruit
tangelo	phenomenon
tangelo	physical-object
tangelo	universe
tank-top	artifact
tank-top	clothing
tank-top	fashion
tank-top	phenomenon
tank-top	shirt
tank-top	universe
tank-top	vehicle-body
tape	artifact
tape	device
tape	phenomenon
tape	universe
tape	vehicle-body
tape-drive	artifact
tape-drive	device
tape-drive	phenomenon
tape-drive	universe
tape-drive	vehicle-body
tape-recording	indication
tape-recording	information
tape-recording	phenomenon
tape-recording	physical-object
tape-recording	universe
tapeline	artifact
tapeline	device
tapeline	phenomenon
tapeline	universe
tapeline	vehicle-body
tapenade	food
tapenade	material
tapenade	phenomenon
tapenade	substance
tapenade	universe
target	artifact
target	device
target	phenomenon
target	universe
target	vehicle-body
tarp	artifact
tarp	fabric
tarp	phenomenon
tarp	universe
tarp	vehicle-body
tart	food
tart	material
tart	phenomenon
tart	substance
tart	universe
tartar-sauce	food
tartar-sauce	material
tartar-sauce	phenomenon
tartar-sauce	substance
tartar-sauce	universe
tassel	artifact
tassel	phenomenon
tassel	universe
tassel	vehicle-body
taste	attribute
taste	logical-relation
taste	property
tattooing	event
tattooing	phenomenon
tau-coefficient-of-correlation	logical-relation
tau-coefficient-of-correlation	quantity
tax	logical-relation
tax	quantity
tea-maker	artifact
tea-maker	carrying-case
tea-maker	device
tea-maker	holder
tea-maker	phenomenon
tea-maker	universe
tea-maker	vehicle-body
tea-set	artifact
tea-set	device
tea-set	phenomenon
tea-set	universe
tea-set	vehicle-body
teaching	accomplishment
teaching	acquired-knowledge
teaching	act
teaching	activity
teaching	education
teaching	event
teaching	leader
teaching	phenomenon
teaching	procedure
teaching	volition
team	agent
team	collection
team	group
team	phenomenon
team	universe
tear	chemical-solution
tear	material
tear	phenomenon
tear	substance
tear	universe
teddy-bear	artifact
teddy-bear	device
teddy-bear	doll
teddy-bear	phenomenon
teddy-bear	plaything
teddy-bear	universe
teddy-bear	vehicle-body
telephony	artifact
telephony	device
telephony	phenomenon
telephony	universe
telephony	vehicle-body
telescope	artifact
telescope	device
telescope	phenomenon
telescope	universe
telescope	vehicle-body
television-camera	artifact
television-camera	camera
television-camera	device
television-camera	phenomenon
television-camera	universe
television-camera	vehicle-body
temple	artifact
temple	building
temple	development
temple	phenomenon
temple	universe
temple	vehicle-body
temple-of-head	body-part
temple-of-head	phenomenon
temple-of-head	physical-object
temple-of-head	universe
tenant	attribute
tenant	logical-relation
tenant	property
tendency	attribute
tendency	logical-relation
tendency	property
tending	accomplishment
tending	act
tending	activity
tending	care
tending	event
tending	phenomenon
tending	procedure
tending	volition
tennis-racquet	artifact
tennis-racquet	game-equipment
tennis-racquet	phenomenon
tennis-racquet	universe
tennis-racquet	vehicle-body
tension	attribute
tension	logical-relation
tension	normal
tension	property
tensity	attribute
tensity	logical-relation
tensity	property
tent	artifact
tent	phenomenon
tent	universe
tent	vehicle-body
term	information
term	line-of-text
term	phenomenon
term	universe
terminal	artifact
terminal	device
terminal	phenomenon
terminal	universe
terminal	vehicle-body
terminology	information
terminology	line-of-text
terminology	phenomenon
terminology	universe
terminology	word
territory	phenomenon
territory	place
territory	universe
test-tube	artifact
test-tube	carrying-case
test-tube	device
test-tube	holder
test-tube	phenomenon
test-tube	universe
test-tube	vehicle-body
tetrachoric-correlation-coefficient	logical-relation
tetrachoric-correlation-coefficient	quantity
text	artifact
text	indication
text	information
text	line-of-text
text	phenomenon
text	physical-object
text	universe
text	vehicle-body
text-passage	artifact
text-passage	contract-condition
text-passage	indication
text-passage	information
text-passage	line-of-text
text-passage	phenomenon
text-passage	physical-object
text-passage	text
text-passage	universe
text-passage	vehicle-body
textbook	artifact
textbook	book
textbook	component
textbook	device
textbook	indication
textbook	information
textbook	mechanism
textbook	phenomenon
textbook	physical-object
textbook	universe
textbook	vehicle-body
texture	attribute
texture	logical-relation
texture	property
thanks	accomplishment
thanks	act
thanks	activity
thanks	communication
thanks	event
thanks	information
thanks	phenomenon
thanks	procedure
thanks	reaction.phenomenon
thanks	universe
thanks	volition
theatrical-role	accomplishment
theatrical-role	act
theatrical-role	activity
theatrical-role	event
theatrical-role	phenomenon
theatrical-role	procedure
theatrical-role	volition
theme	logical-relation
theme	signified
theodolite	artifact
theodolite	device
theodolite	phenomenon
theodolite	universe
theodolite	vehicle-body
theology	field-of-study
theology	logical-relation
theology	signified
theorem	logical-relation
theorem	signified
theoretical-account	logical-relation
theoretical-account	signified
theorist	agent
theorist	animal
theorist	body
theorist	human
theorist	mammal
theorist	organism
theorist	person
theorist	phenomenon
theorist	physical-object
theorist	populace
theorist	self
theorist	species
theorist	universe
theorist	vertebrate
therapist	attribute
therapist	logical-relation
therapist	property
therapy	accomplishment
therapy	act
therapy	activity
therapy	event
therapy	phenomenon
therapy	procedure
therapy	repair
therapy	restoration
therapy	volition
thermocouple	artifact
thermocouple	device
thermocouple	phenomenon
thermocouple	thermometer
thermocouple	universe
thermocouple	vehicle-body
thermometer	artifact
thermometer	device
thermometer	phenomenon
thermometer	universe
thermometer	vehicle-body
thermopile	artifact
thermopile	device
thermopile	phenomenon
thermopile	thermometer
thermopile	universe
thermopile	vehicle-body
thermostat	artifact
thermostat	device
thermostat	phenomenon
thermostat	universe
thermostat	vehicle-body
thigh	body-part
thigh	phenomenon
thigh	physical-object
thigh	universe
thimble	artifact
thimble	carrying-case
thimble	device
thimble	holder
thimble	phenomenon
thimble	universe
thimble	vehicle-body
thinker	agent
thinker	phenomenon
thinker	self
thinker	universe
thinking	accomplishment
thinking	act
thinking	activity
thinking	event
thinking	information
thinking	phenomenon
thinking	procedure
thinking	universe
thinking	volition
thorax	body-part
thorax	phenomenon
thorax	physical-object
thorax	universe
thread	artifact
thread	phenomenon
thread	universe
thread	vehicle-body
thresher	artifact
thresher	device
thresher	machine
thresher	machinery
thresher	phenomenon
thresher	universe
thresher	vehicle-body
threshold-function	logical-relation
thriftlessness	attribute
thriftlessness	inclination
thriftlessness	logical-relation
thriftlessness	mentality
thriftlessness	property
thriftlessness	range-of-a-function
thriftlessness	trait
throat	body-part
throat	phenomenon
throat	physical-object
throat	place
throat	universe
throne	artifact
throne	chair
throne	furniture
throne	phenomenon
throne	seat
throne	universe
throne	vehicle-body
throw-pillow	artifact
throw-pillow	phenomenon
throw-pillow	universe
throw-pillow	vehicle-body
thumb	body-part
thumb	finger
thumb	phenomenon
thumb	physical-object
thumb	universe
tiara	artifact
tiara	clothing
tiara	fashion
tiara	phenomenon
tiara	universe
tiara	vehicle-body
ticket	artifact
ticket	contract-condition
ticket	indication
ticket	information
ticket	line-of-text
ticket	phenomenon
ticket	physical-object
ticket	text
ticket	universe
ticket	vehicle-body
tier	attribute
tier	logical-relation
tier	property
tiger	agent
tiger	animal
tiger	body
tiger	mammal
tiger	organism
tiger	phenomenon
tiger	physical-object
tiger	species
tiger	universe
tiger	vertebrate
tights	artifact
tights	clothing
tights	fashion
tights	phenomenon
tights	universe
tights	vehicle-body
tile	artifact
tile	phenomenon
tile	universe
tile	vehicle-body
tilt	attribute
tilt	logical-relation
tilt	property
time-of-day	logical-relation
time-of-day	quantity
time-period	logical-relation
time-period	quantity
time-series	logical-relation
time-series	quantity
time-series	vector
time-slot	logical-relation
time-slot	quantity
timetable	artifact
timetable	contract-condition
timetable	indication
timetable	information
timetable	line-of-text
timetable	phenomenon
timetable	physical-object
timetable	text
timetable	universe
timetable	vehicle-body
tin	chemical-element
tin	material
tin	phenomenon
tin	substance
tin	universe
tip	logical-relation
tip	signified
tip-end	phenomenon
tip-end	place
tip-end	universe
tissue	body-part
tissue	material
tissue	phenomenon
tissue	physical-object
tissue	substance
tissue	universe
tissue-growth	phenomenon
tissue-growth	physical-object
tissue-growth	universe
tissue-paper	paper
titanium	chemical-element
titanium	material
titanium	phenomenon
titanium	substance
titanium	universe
title	attribute
title	logical-relation
title	normal
title	property
title-of-respect	information
title-of-respect	line-of-text
title-of-respect	phenomenon
title-of-respect	universe
title-of-respect	word
toaster	artifact
toaster	device
toaster	phenomenon
toaster	universe
toaster	vehicle-body
toaster-oven	artifact
toaster-oven	device
toaster-oven	phenomenon
toaster-oven	universe
toaster-oven	vehicle-body
tobacco	agent
tobacco	organism
tobacco	phenomenon
tobacco	physical-object
tobacco	plant
tobacco	species
tobacco	universe
toe	body-part
toe	phenomenon
toe	physical-object
toe	universe
toilet	artifact
toilet	device
toilet	phenomenon
toilet	universe
toilet	vehicle-body
toilet-paper	artifact
toilet-paper	phenomenon
toilet-paper	universe
toilet-paper	vehicle-body
token	indication
token	information
token	phenomenon
token	physical-object
token	universe
toll	logical-relation
toll	quantity
tomato-paste	food
tomato-paste	phenomenon
tomato-paste	universe
tonality	event
tonality	phenomenon
tone	attribute
tone	logical-relation
tone	property
toner	material
toner	phenomenon
toner	substance
toner	universe
tongs	artifact
tongs	device
tongs	phenomenon
tongs	universe
tongs	vehicle-body
tongue	body-part
tongue	phenomenon
tongue	physical-object
tongue	universe
tongue-depressor	artifact
tongue-depressor	device
tongue-depressor	phenomenon
tongue-depressor	universe
tongue-depressor	vehicle-body
tool	artifact
tool	device
tool	phenomenon
tool	universe
tool	vehicle-body
tool-bag	artifact
tool-bag	phenomenon
tool-bag	universe
tool-bag	vehicle-body
tooth	body-part
tooth	bone
tooth	phenomenon
tooth	physical-object
tooth	universe
toothbrush	artifact
toothbrush	brush
toothbrush	device
toothbrush	phenomenon
toothbrush	universe
toothbrush	vehicle-body
toothpaste	chemical-solution
toothpaste	material
toothpaste	phenomenon
toothpaste	substance
toothpaste	universe
toothpick	artifact
toothpick	device
toothpick	phenomenon
toothpick	universe
toothpick	vehicle-body
top	artifact
top	clothing
top	fashion
top	phenomenon
top	shirt
top	universe
top	vehicle-body
top-side	attribute
top-side	logical-relation
top-side	property
topic	logical-relation
topic	signified
topographic-point	phenomenon
topographic-point	place
topographic-point	universe
topology	field-of-study
topology	logical-relation
topology	signified
torch	artifact
torch	device
torch	phenomenon
torch	universe
torch	vehicle-body
torpedo	artifact
torpedo	device
torpedo	phenomenon
torpedo	universe
torpedo	vehicle-body
torpedo	weapon
torso	body-part
torso	phenomenon
torso	physical-object
torso	universe
tortilla	food
tortilla	material
tortilla	phenomenon
tortilla	substance
tortilla	universe
torture	event
torture	injury
torture	phenomenon
tote	artifact
tote	phenomenon
tote	universe
tote	vehicle-body
touch	event
touch	perception
touch	phenomenon
tournament	accomplishment
tournament	act
tournament	activity
tournament	contest
tournament	event
tournament	game
tournament	pastime-game
tournament	phenomenon
tournament	procedure
tournament	sport
tournament	volition
tournament	war
towel	artifact
towel	device
towel	phenomenon
towel	universe
towel	vehicle-body
towel-rack	artifact
towel-rack	device
towel-rack	phenomenon
towel-rack	universe
towel-rack	vehicle-body
tower	artifact
tower	building
tower	development
tower	phenomenon
tower	universe
tower	vehicle-body
town	agent
town	city
town	land
town	phenomenon
town	place
town	universe
town	yard
toy-chest	artifact
toy-chest	phenomenon
toy-chest	universe
toy-chest	vehicle-body
toy-marble	artifact
toy-marble	ball
toy-marble	game-equipment
toy-marble	phenomenon
toy-marble	universe
toy-marble	vehicle-body
trace	indication
trace	information
trace	phenomenon
trace	physical-object
trace	universe
tracing-paper	artifact
tracing-paper	phenomenon
tracing-paper	universe
tracing-paper	vehicle-body
track	artifact
track	device
track	phenomenon
track	universe
track	vehicle-body
tracking-chart	information
tracking-chart	phenomenon
tracking-chart	universe
tract	artifact
tract	book
tract	component
tract	device
tract	indication
tract	information
tract	mechanism
tract	phenomenon
tract	physical-object
tract	universe
tract	vehicle-body
tractor	artifact
tractor	device
tractor	phenomenon
tractor	universe
tractor	vehicle
tractor	vehicle-body
trade	attribute
trade	logical-relation
trade	property
trader	attribute
trader	logical-relation
trader	property
traffic	accomplishment
traffic	act
traffic	activity
traffic	event
traffic	exchange
traffic	interaction
traffic	phenomenon
traffic	procedure
traffic	transaction
traffic	volition
traffic-ticket	accomplishment
traffic-ticket	act
traffic-ticket	activity
traffic-ticket	bid
traffic-ticket	communication
traffic-ticket	event
traffic-ticket	information
traffic-ticket	phenomenon
traffic-ticket	procedure
traffic-ticket	universe
traffic-ticket	volition
tragedy	artifact
tragedy	contract-condition
tragedy	indication
tragedy	information
tragedy	line-of-text
tragedy	phenomenon
tragedy	physical-object
tragedy	text
tragedy	universe
tragedy	vehicle-body
trail	logical-relation
trail	signified
train-set	artifact
train-set	device
train-set	phenomenon
train-set	plaything
train-set	universe
train-set	vehicle-body
train-ticket	artifact
train-ticket	contract-condition
train-ticket	indication
train-ticket	information
train-ticket	line-of-text
train-ticket	phenomenon
train-ticket	physical-object
train-ticket	text
train-ticket	universe
train-ticket	vehicle-body
trainer	attribute
trainer	logical-relation
trainer	property
training	accomplishment
training	acquired-knowledge
training	act
training	activity
training	education
training	event
training	leader
training	phenomenon
training	procedure
training	volition
training-workshop	accomplishment
training-workshop	acquired-knowledge
training-workshop	act
training-workshop	activity
training-workshop	education
training-workshop	event
training-workshop	leader
training-workshop	phenomenon
training-workshop	procedure
training-workshop	volition
trait	attribute
trait	logical-relation
trait	property
trampoline	artifact
trampoline	device
trampoline	phenomenon
trampoline	universe
trampoline	vehicle-body
transaction	accomplishment
transaction	act
transaction	activity
transaction	event
transaction	phenomenon
transaction	procedure
transaction	volition
transaction-record	artifact
transaction-record	contract-condition
transaction-record	indication
transaction-record	information
transaction-record	line-of-text
transaction-record	phenomenon
transaction-record	physical-object
transaction-record	text
transaction-record	universe
transaction-record	vehicle-body
transducer	artifact
transducer	device
transducer	phenomenon
transducer	universe
transducer	vehicle-body
transformation	logical-relation
transitive-relation	logical-relation
translation	logical-relation
transmission-shaft	artifact
transmission-shaft	component
transmission-shaft	device
transmission-shaft	mechanism
transmission-shaft	phenomenon
transmission-shaft	universe
transmission-shaft	vehicle-body
transport	event
transport	phenomenon
transport	visit
trap	artifact
trap	device
trap	holder
trap	phenomenon
trap	universe
trap	vehicle-body
trapezium	attribute
trapezium	curve
trapezium	logical-relation
trapezium	polygon
trapezium	property
trapezium	quadrilateral
trapezium	shape
trapezoid	attribute
trapezoid	curve
trapezoid	logical-relation
trapezoid	polygon
trapezoid	property
trapezoid	quadrilateral
trapezoid	shape
trash-can	artifact
trash-can	device
trash-can	phenomenon
trash-can	universe
trash-can	vehicle-body
trash-collection	event
trash-collection	phenomenon
trash-collection	visit
tray	artifact
tray	device
tray	holder
tray	phenomenon
tray	universe
tray	vehicle-body
treadmill	artifact
treadmill	device
treadmill	phenomenon
treadmill	universe
treadmill	vehicle-body
treasure	collection
treasure	phenomenon
treat	event
treat	phenomenon
treatment	accomplishment
treatment	act
treatment	activity
treatment	event
treatment	phenomenon
treatment	procedure
treatment	repair
treatment	restoration
treatment	therapy
treatment	volition
treaty	contract
treaty	legal-document
treaty	logical-relation
treaty	signified
tree	agent
tree	organism
tree	phenomenon
tree	physical-object
tree	plant
tree	species
tree	universe
tree-surgery	accomplishment
tree-surgery	act
tree-surgery	activity
tree-surgery	event
tree-surgery	phenomenon
tree-surgery	procedure
tree-surgery	repair
tree-surgery	restoration
tree-surgery	therapy
tree-surgery	volition
trial	logical-relation
trial	quantity
tribulation	amateur
tribulation	ambiance
tribulation	attribute
tribulation	circumstance
tribulation	civilisation
tribulation	crowd
tribulation	custom
tribulation	danger
tribulation	expert
tribulation	freedom
tribulation	hero
tribulation	lap
tribulation	literary-works
tribulation	logical-relation
tribulation	normal
tribulation	point-of-view
tribulation	practice
tribulation	property
tribulation	society
tribulation	status
tribulation	tension
tribulation	way
tribunal	agent
tribunal	association
tribunal	collection
tribunal	government
tribunal	group
tribunal	organization
tribunal	phenomenon
tribunal	team
tribunal	universe
tribute	indication
tribute	information
tribute	phenomenon
tribute	physical-object
tribute	universe
trick	accomplishment
trick	act
trick	activity
trick	event
trick	phenomenon
trick	procedure
trick	volition
trigonometric-function	logical-relation
trigonometry	field-of-study
trigonometry	logical-relation
trigonometry	signified
trim	artifact
trim	clothing
trim	fashion
trim	phenomenon
trim	universe
trim	vehicle-body
tripod	artifact
tripod	device
tripod	phenomenon
tripod	universe
tripod	vehicle-body
trivet	artifact
trivet	device
trivet	phenomenon
trivet	universe
trivet	vehicle-body
trophy	information
trophy	phenomenon
trophy	universe
trouble	amateur
trouble	ambiance
trouble	attribute
trouble	circumstance
trouble	civilisation
trouble	crowd
trouble	custom
trouble	danger
trouble	expert
trouble	freedom
trouble	hero
trouble	lap
trouble	literary-works
trouble	logical-relation
trouble	normal
trouble	point-of-view
trouble	practice
trouble	property
trouble	society
trouble	status
trouble	tension
trouble	way
troupe	agent
troupe	association
troupe	collection
troupe	company
troupe	firm
troupe	group
troupe	organization
troupe	phenomenon
troupe	team
troupe	universe
trousers	artifact
trousers	clothing
trousers	fashion
trousers	phenomenon
trousers	universe
trousers	vehicle-body
truffle	body-part
truffle	botanical-fruit
truffle	phenomenon
truffle	physical-object
truffle	universe
truncation-error	event
truncation-error	phenomenon
trunk	artifact
trunk	box
trunk	carrying-case
trunk	device
trunk	holder
trunk	phenomenon
trunk	universe
trunk	vehicle-body
trust	agent
trust	association
trust	collection
trust	group
trust	organization
trust	phenomenon
trust	team
trust	universe
trust-relationship	accomplishment
trust-relationship	act
trust-relationship	activity
trust-relationship	event
trust-relationship	phenomenon
trust-relationship	procedure
trust-relationship	volition
trustee	attribute
trustee	logical-relation
trustee	property
tub	artifact
tub	carrying-case
tub	device
tub	holder
tub	phenomenon
tub	universe
tub	vehicle-body
tube	body-part
tube	phenomenon
tube	physical-object
tube	universe
tubing	artifact
tubing	phenomenon
tubing	universe
tubing	vehicle-body
tulip	agent
tulip	organism
tulip	phenomenon
tulip	physical-object
tulip	plant
tulip	species
tulip	universe
tumbler	artifact
tumbler	phenomenon
tumbler	universe
tumbler	vehicle-body
tumor	phenomenon
tumor	physical-object
tumor	universe
tune	event
tune	music
tune	phenomenon
turban	artifact
turban	cap
turban	clothing
turban	fashion
turban	phenomenon
turban	universe
turban	vehicle-body
turbine	artifact
turbine	device
turbine	gas-turbine
turbine	phenomenon
turbine	transducer
turbine	universe
turbine	vehicle-body
tureen	artifact
tureen	phenomenon
tureen	universe
tureen	vehicle-body
turntable	artifact
turntable	device
turntable	phenomenon
turntable	universe
turntable	vehicle-body
tutoring	accomplishment
tutoring	acquired-knowledge
tutoring	act
tutoring	activity
tutoring	education
tutoring	event
tutoring	leader
tutoring	phenomenon
tutoring	procedure
tutoring	volition
tuxedo	artifact
tuxedo	clothing
tuxedo	fashion
tuxedo	phenomenon
tuxedo	universe
tuxedo	vehicle-body
twelve	logical-relation
twelve	number
twelve	percentage
twelve	quantity
twilight	logical-relation
twilight	quantity
twin	attribute
twin	logical-relation
twin	property
twist	event
twist	phenomenon
typewriter	artifact
typewriter	device
typewriter	phenomenon
typewriter	universe
typewriter	vehicle-body
ulcer	attribute
ulcer	logical-relation
ulcer	property
uncertainty	logical-relation
uncertainty	probability
uncle	attribute
uncle	logical-relation
uncle	property
undecagon	attribute
undecagon	logical-relation
undecagon	property
undecagon	shape
underpants	artifact
underpants	clothing
underpants	fashion
underpants	phenomenon
underpants	universe
underpants	vehicle-body
undershirt	artifact
undershirt	clothing
undershirt	fashion
undershirt	phenomenon
undershirt	shirt
undershirt	universe
undershirt	vehicle-body
underside	phenomenon
underside	universe
undertaking	accomplishment
undertaking	act
undertaking	activity
undertaking	event
undertaking	phenomenon
undertaking	procedure
undertaking	volition
underwear	artifact
underwear	clothing
underwear	fashion
underwear	phenomenon
underwear	universe
underwear	vehicle-body
unicycle	artifact
unicycle	device
unicycle	phenomenon
unicycle	universe
unicycle	vehicle
unicycle	vehicle-body
uniform	artifact
uniform	clothing
uniform	fashion
uniform	phenomenon
uniform	universe
uniform	vehicle-body
union	agent
union	association
union	collection
union	group
union	organization
union	phenomenon
union	team
union	universe
unit	logical-relation
unit	quantity
unity	amateur
unity	ambiance
unity	attribute
unity	circumstance
unity	civilisation
unity	crowd
unity	custom
unity	danger
unity	expert
unity	freedom
unity	hero
unity	lap
unity	literary-works
unity	logical-relation
unity	normal
unity	point-of-view
unity	practice
unity	property
unity	society
unity	status
unity	tension
unity	way
universal-proposition	artifact
universal-proposition	component
universal-proposition	device
universal-proposition	mechanism
universal-proposition	phenomenon
universal-proposition	universe
universal-proposition	vehicle-body
universal-set	logical-relation
universal-set	mathematical-set
universal-set	subset
universe	phenomenon
university	agent
university	association
university	collection
university	group
university	organization
university	phenomenon
university	school
university	team
university	universe
unrest	attribute
unrest	logical-relation
unrest	property
unsuccessful-person	attribute
unsuccessful-person	logical-relation
unsuccessful-person	property
upgrade	attribute
upgrade	logical-relation
upgrade	property
upholstery	attribute
upholstery	logical-relation
upholstery	property
upholstery	trade
upper-bound	logical-relation
upper-bound	quantity
urge	attribute
urge	logical-relation
urge	property
urgency	amateur
urgency	ambiance
urgency	attribute
urgency	circumstance
urgency	civilisation
urgency	crowd
urgency	custom
urgency	danger
urgency	expert
urgency	freedom
urgency	hero
urgency	lap
urgency	literary-works
urgency	logical-relation
urgency	normal
urgency	point-of-view
urgency	practice
urgency	property
urgency	society
urgency	status
urgency	tension
urgency	way
urinal	artifact
urinal	device
urinal	phenomenon
urinal	universe
urinal	vehicle-body
urine	material
urine	phenomenon
urine	substance
urine	universe
use	accomplishment
use	act
use	activity
use	event
use	phenomenon
use	procedure
use	volition
user	attribute
user	logical-relation
user	property
utensil	artifact
utensil	device
utensil	phenomenon
utensil	universe
utensil	vehicle-body
utility	artifact
utility	device
utility	phenomenon
utility	universe
utility	vehicle-body
utility-service	accomplishment
utility-service	act
utility-service	activity
utility-service	event
utility-service	phenomenon
utility-service	procedure
utility-service	volition
vacation	accomplishment
vacation	act
vacation	activity
vacation	event
vacation	phenomenon
vacation	procedure
vacation	volition
value	logical-relation
value	quantity
van	artifact
van	device
van	phenomenon
van	universe
van	vehicle-body
vanity	artifact
vanity	furniture
vanity	phenomenon
vanity	table-furniture
vanity	universe
vanity	vehicle-body
vaporizer	artifact
vaporizer	device
vaporizer	phenomenon
vaporizer	universe
vaporizer	vehicle-body
variable	logical-relation
variable	quantity
variance	logical-relation
variant	agent
variant	organism
variant	phenomenon
variant	physical-object
variant	species
variant	universe
variation	event
variation	phenomenon
varnish	chemical-solution
varnish	material
varnish	phenomenon
varnish	substance
varnish	universe
vase	artifact
vase	carrying-case
vase	device
vase	holder
vase	phenomenon
vase	universe
vase	vehicle-body
vaulting-horse	artifact
vaulting-horse	device
vaulting-horse	phenomenon
vaulting-horse	universe
vaulting-horse	vehicle-body
vector	logical-relation
vector	quantity
vector-algebra	field-of-study
vector-algebra	logical-relation
vector-algebra	signified
vegetable-oil	body-part
vegetable-oil	botanical-fruit
vegetable-oil	phenomenon
vegetable-oil	physical-object
vegetable-oil	universe
vegetation	agent
vegetation	organism
vegetation	phenomenon
vegetation	physical-object
vegetation	plant
vegetation	species
vegetation	universe
vegetation-growth	agent
vegetation-growth	organism
vegetation-growth	phenomenon
vegetation-growth	physical-object
vegetation-growth	plant
vegetation-growth	species
vegetation-growth	universe
vehicle	artifact
vehicle	device
vehicle	phenomenon
vehicle	universe
vehicle	vehicle-body
vehicle-body	phenomenon
vehicle-body	universe
vein	body-part
vein	phenomenon
vein	physical-object
vein	universe
velvet	artifact
velvet	fabric
velvet	phenomenon
velvet	universe
velvet	vehicle-body
vending-machine	artifact
vending-machine	device
vending-machine	machine
vending-machine	machinery
vending-machine	phenomenon
vending-machine	universe
vending-machine	vehicle-body
venture	agent
venture	association
venture	collection
venture	company
venture	firm
venture	group
venture	organization
venture	phenomenon
venture	team
venture	universe
venue	phenomenon
venue	place
venue	universe
verbal-attack	accomplishment
verbal-attack	act
verbal-attack	activity
verbal-attack	affirmation
verbal-attack	communication
verbal-attack	event
verbal-attack	information
verbal-attack	phenomenon
verbal-attack	procedure
verbal-attack	universe
verbal-attack	volition
verdict	accomplishment
verdict	act
verdict	activity
verdict	event
verdict	information
verdict	judgment
verdict	phenomenon
verdict	procedure
verdict	universe
verdict	volition
vermouth	drink
vermouth	food
vermouth	material
vermouth	phenomenon
vermouth	substance
vermouth	universe
vermouth	wine
version-of-events	accomplishment
version-of-events	act
version-of-events	activity
version-of-events	affirmation
version-of-events	communication
version-of-events	event
version-of-events	information
version-of-events	phenomenon
version-of-events	procedure
version-of-events	universe
version-of-events	volition
vertebrate	agent
vertebrate	animal
vertebrate	body
vertebrate	organism
vertebrate	phenomenon
vertebrate	physical-object
vertebrate	species
vertebrate	universe
vertex	phenomenon
vertex	place
vertex	universe
vessel	artifact
vessel	carrying-case
vessel	device
vessel	holder
vessel	phenomenon
vessel	universe
vessel	vehicle-body
vest	artifact
vest	clothing
vest	fashion
vest	phenomenon
vest	universe
vest	vehicle-body
victim	agent
victim	animal
victim	body
victim	human
victim	mammal
victim	organism
victim	person
victim	phenomenon
victim	physical-object
victim	populace
victim	self
victim	species
victim	universe
victim	vertebrate
video	indication
video	information
video	phenomenon
video	physical-object
video	universe
video-display	artifact
video-display	component
video-display	device
video-display	mechanism
video-display	phenomenon
video-display	universe
video-display	vehicle-body
video-game	accomplishment
video-game	act
video-game	activity
video-game	contest
video-game	event
video-game	game
video-game	pastime-game
video-game	phenomenon
video-game	procedure
video-game	volition
video-game	war
view	attribute
view	logical-relation
view	property
villa	artifact
villa	development
villa	phenomenon
villa	universe
villa	vehicle-body
village	agent
village	city
village	land
village	phenomenon
village	place
village	universe
village	yard
villager	attribute
villager	logical-relation
villager	property
violation	attribute
violation	logical-relation
violation	normal
violation	property
violence	accomplishment
violence	act
violence	activity
violence	contest
violence	event
violence	fight
violence	phenomenon
violence	procedure
violence	volition
violence	war
virgin	attribute
virgin	logical-relation
virgin	property
virtue	attribute
virtue	logical-relation
virtue	normal
virtue	property
virus	agent
virus	microorganism
virus	organism
virus	phenomenon
virus	physical-object
virus	species
virus	universe
vise	artifact
vise	device
vise	phenomenon
vise	universe
vise	vehicle-body
visit	event
visit	phenomenon
visitor	attribute
visitor	logical-relation
visitor	property
vital-statistics	logical-relation
vital-statistics	quantity
vitamin	material
vitamin	phenomenon
vitamin	substance
vitamin	universe
voice	attribute
voice	logical-relation
voice	property
void	phenomenon
void	place
void	universe
volition	event
volition	phenomenon
volleyball-net	artifact
volleyball-net	game-equipment
volleyball-net	phenomenon
volleyball-net	universe
volleyball-net	vehicle-body
volume	logical-relation
volume	quantity
volume	vector
volunteer	attribute
volunteer	logical-relation
volunteer	property
vote	accomplishment
vote	act
vote	activity
vote	event
vote	information
vote	phenomenon
vote	procedure
vote	universe
vote	volition
voter	attribute
voter	logical-relation
voter	property
voyage	event
voyage	phenomenon
voyage	visit
waders	artifact
waders	clothing
waders	fashion
waders	phenomenon
waders	universe
waders	vehicle-body
waffle	food
waffle	material
waffle	phenomenon
waffle	substance
waffle	universe
waffle-iron	artifact
waffle-iron	device
waffle-iron	phenomenon
waffle-iron	universe
waffle-iron	vehicle-body
wage	logical-relation
wage	quantity
waist	body-part
waist	phenomenon
waist	physical-object
waist	universe
wake	accomplishment
wake	act
wake	activity
wake	event
wake	phenomenon
wake	procedure
wake	volition
wakeboard	artifact
wakeboard	phenomenon
wakeboard	universe
wakeboard	vehicle-body
walker	artifact
walker	device
walker	phenomenon
walker	universe
walker	vehicle-body
walking-stick	artifact
walking-stick	cane
walking-stick	device
walking-stick	phenomenon
walking-stick	universe
walking-stick	vehicle-body
wall	artifact
wall	development
wall	phenomenon
wall	universe
wall	vehicle-body
wall-bracket	artifact
wall-bracket	device
wall-bracket	phenomenon
wall-bracket	universe
wall-bracket	vehicle-body
wall-clock	artifact
wall-clock	clock
wall-clock	device
wall-clock	phenomenon
wall-clock	universe
wall-clock	vehicle-body
wall-plate	artifact
wall-plate	component
wall-plate	device
wall-plate	mechanism
wall-plate	phenomenon
wall-plate	universe
wall-plate	vehicle-body
wall-socket	artifact
wall-socket	device
wall-socket	phenomenon
wall-socket	universe
wall-socket	vehicle-body
wallet	artifact
wallet	phenomenon
wallet	universe
wallet	vehicle-body
wallop	event
wallop	phenomenon
wallpaper	artifact
wallpaper	fine-art
wallpaper	indication
wallpaper	information
wallpaper	phenomenon
wallpaper	physical-object
wallpaper	universe
wallpaper	vehicle-body
war	accomplishment
war	act
war	activity
war	event
war	phenomenon
war	procedure
war	volition
ward	artifact
ward	development
ward	phenomenon
ward	universe
ward	vehicle-body
wardrobe	artifact
wardrobe	clothing
wardrobe	fashion
wardrobe	phenomenon
wardrobe	universe
wardrobe	vehicle-body
warrant	artifact
warrant	contract-condition
warrant	indication
warrant	information
warrant	line-of-text
warrant	phenomenon
warrant	physical-object
warrant	text
warrant	universe
warrant	vehicle-body
warship	artifact
warship	boat
warship	device
warship	phenomenon
warship	ship
warship	universe
warship	vehicle
warship	vehicle-body
washbasin	artifact
washbasin	device
washbasin	phenomenon
washbasin	universe
washbasin	vehicle-body
washcloth	artifact
washcloth	fabric
washcloth	phenomenon
washcloth	universe
washcloth	vehicle-body
washer	artifact
washer	device
washer	phenomenon
washer	universe
washer	vehicle-body
waste	material
waste	phenomenon
waste	substance
waste	universe
wastebasket	artifact
wastebasket	carrying-case
wastebasket	device
wastebasket	holder
wastebasket	phenomenon
wastebasket	universe
wastebasket	vehicle-body
watch	artifact
watch	clock
watch	device
watch	phenomenon
watch	universe
watch	vehicle-body
water	compound
water	material
water	phenomenon
water	substance
water	universe
water-bottle	artifact
water-bottle	bottle
water-bottle	canteen
water-bottle	carrying-case
water-bottle	device
water-bottle	holder
water-bottle	phenomenon
water-bottle	universe
water-bottle	vehicle-body
water-channel	body-of-water
water-channel	phenomenon
water-channel	place
water-channel	stream
water-channel	universe
water-cooler	artifact
water-cooler	device
water-cooler	phenomenon
water-cooler	universe
water-cooler	vehicle-body
water-faucet	artifact
water-faucet	device
water-faucet	phenomenon
water-faucet	universe
water-faucet	vehicle-body
water-filter	artifact
water-filter	device
water-filter	filter
water-filter	phenomenon
water-filter	universe
water-filter	vehicle-body
water-heater	artifact
water-heater	device
water-heater	phenomenon
water-heater	universe
water-heater	vehicle-body
water-ski	artifact
water-ski	device
water-ski	phenomenon
water-ski	universe
water-ski	vehicle-body
water-softener	material
water-softener	phenomenon
water-softener	substance
water-softener	universe
watercraft	artifact
watercraft	boat
watercraft	device
watercraft	phenomenon
watercraft	ship
watercraft	universe
watercraft	vehicle
watercraft	vehicle-body
watercress	body-part
watercress	botanical-fruit
watercress	phenomenon
watercress	physical-object
watercress	universe
watering-can	artifact
watering-can	carrying-case
watering-can	device
watering-can	holder
watering-can	phenomenon
watering-can	universe
watering-can	vehicle-body
waterwheel	artifact
waterwheel	device
waterwheel	phenomenon
waterwheel	universe
waterwheel	vehicle-body
wave	event
wave	phenomenon
wave-equation	logical-relation
wave-equation	signified
wax	compound
wax	material
wax	phenomenon
wax	substance
wax	universe
wax-paper	artifact
wax-paper	phenomenon
wax-paper	universe
wax-paper	vehicle-body
way	attribute
way	logical-relation
way	normal
way	property
weakness	amateur
weakness	ambiance
weakness	attribute
weakness	circumstance
weakness	civilisation
weakness	crowd
weakness	custom
weakness	danger
weakness	expert
weakness	freedom
weakness	hero
weakness	lap
weakness	literary-works
weakness	logical-relation
weakness	normal
weakness	point-of-view
weakness	practice
weakness	property
weakness	society
weakness	status
weakness	tension
weakness	way
wealth	amateur
wealth	ambiance
wealth	attribute
wealth	circumstance
wealth	civilisation
wealth	crowd
wealth	custom
wealth	danger
wealth	expert
wealth	freedom
wealth	hero
wealth	lap
wealth	literary-works
wealth	logical-relation
wealth	normal
wealth	point-of-view
wealth	practice
wealth	property
wealth	society
wealth	status
wealth	tension
wealth	way
weapon	artifact
weapon	device
weapon	phenomenon
weapon	universe
weapon	vehicle-body
weather	event
weather	phenomenon
weather-front	empty-space
weather-front	phenomenon
weather-front	place
weather-front	sky
weather-front	universe
weather-stripping	artifact
weather-stripping	component
weather-stripping	device
weather-stripping	mechanism
weather-stripping	phenomenon
weather-stripping	universe
weather-stripping	vehicle-body
weather-vane	artifact
weather-vane	device
weather-vane	phenomenon
weather-vane	universe
weather-vane	vehicle-body
web	collection
web	phenomenon
webcam	artifact
webcam	camera
webcam	device
webcam	phenomenon
webcam	universe
webcam	vehicle-body
wedding	accomplishment
wedding	act
wedding	activity
wedding	communication
wedding	event
wedding	information
wedding	phenomenon
wedding	procedure
wedding	universe
wedding	volition
wedding-dress	artifact
wedding-dress	clothing
wedding-dress	fashion
wedding-dress	phenomenon
wedding-dress	universe
wedding-dress	vehicle-body
wedge-shape	attribute
wedge-shape	logical-relation
wedge-shape	property
wedge-shape	shape
weed	agent
weed	organism
weed	phenomenon
weed	physical-object
weed	plant
weed	species
weed	universe
week	logical-relation
week	quantity
weekend	logical-relation
weekend	quantity
welcome	accomplishment
welcome	act
welcome	activity
welcome	communication
welcome	event
welcome	information
welcome	phenomenon
welcome	procedure
welcome	reaction.phenomenon
welcome	universe
welcome	volition
wellbeing	attribute
wellbeing	logical-relation
wellbeing	property
whale	agent
whale	animal
whale	body
whale	mammal
whale	organism
whale	phenomenon
whale	physical-object
whale	species
whale	universe
whale	vertebrate
wheat-gluten	body-part
wheat-gluten	botanical-fruit
wheat-gluten	phenomenon
wheat-gluten	physical-object
wheat-gluten	universe
wheel	artifact
wheel	phenomenon
wheel	universe
wheel	vehicle-body
wheelbarrow	artifact
wheelbarrow	device
wheelbarrow	phenomenon
wheelbarrow	universe
wheelbarrow	vehicle-body
wheelchair	artifact
wheelchair	device
wheelchair	phenomenon
wheelchair	universe
wheelchair	vehicle-body
whip	artifact
whip	device
whip	phenomenon
whip	universe
whip	vehicle-body
whip	weapon
whirligig	artifact
whirligig	device
whirligig	phenomenon
whirligig	plaything
whirligig	universe
whirligig	vehicle-body
whisk	artifact
whisk	device
whisk	phenomenon
whisk	universe
whisk	vehicle-body
wick	artifact
wick	device
wick	phenomenon
wick	universe
wick	vehicle-body
wickerwork	artifact
wickerwork	phenomenon
wickerwork	universe
wickerwork	vehicle-body
widow	agent
widow	animal
widow	body
widow	human
widow	lady
widow	mammal
widow	organism
widow	person
widow	phenomenon
widow	physical-object
widow	populace
widow	self
widow	species
widow	universe
widow	vertebrate
widow	woman
wife	attribute
wife	logical-relation
wife	property
wig	artifact
wig	clothing
wig	fashion
wig	phenomenon
wig	universe
wig	vehicle-body
wilderness	land
wilderness	phenomenon
wilderness	place
wilderness	universe
wilderness	yard
wildlife	agent
wildlife	organism
wildlife	phenomenon
wildlife	physical-object
wildlife	species
wildlife	universe
will	artifact
will	contract-condition
will	indication
will	information
will	line-of-text
will	phenomenon
will	physical-object
will	text
will	universe
will	vehicle-body
wimp	agent
wimp	animal
wimp	body
wimp	human
wimp	mammal
wimp	organism
wimp	person
wimp	phenomenon
wimp	physical-object
wimp	populace
wimp	self
wimp	species
wimp	universe
wimp	vertebrate
winch	artifact
winch	device
winch	phenomenon
winch	universe
winch	vehicle-body
wind	event
wind	phenomenon
wind-chime	artifact
wind-chime	fine-art
wind-chime	indication
wind-chime	information
wind-chime	phenomenon
wind-chime	physical-object
wind-chime	universe
wind-chime	vehicle-body
windbreak	artifact
windbreak	device
windbreak	phenomenon
windbreak	universe
windbreak	vehicle-body
window	artifact
window	phenomenon
window	universe
window	vehicle-body
window-blind	artifact
window-blind	phenomenon
window-blind	universe
window-blind	vehicle-body
window-frame	artifact
window-frame	phenomenon
window-frame	universe
window-frame	vehicle-body
window-screen	artifact
window-screen	device
window-screen	phenomenon
window-screen	universe
window-screen	vehicle-body
window-unit	artifact
window-unit	phenomenon
window-unit	universe
window-unit	vehicle-body
windshield-wiper	artifact
windshield-wiper	device
windshield-wiper	phenomenon
windshield-wiper	universe
windshield-wiper	vehicle-body
wine	drink
wine	food
wine	material
wine	phenomenon
wine	substance
wine	universe
wine-glass	artifact
wine-glass	carrying-case
wine-glass	device
wine-glass	holder
wine-glass	phenomenon
wine-glass	universe
wine-glass	vehicle-body
wing	body-part
wing	phenomenon
wing	physical-object
wing	universe
winner	attribute
winner	logical-relation
winner	property
winnings	accomplishment
winnings	act
winnings	activity
winnings	event
winnings	phenomenon
winnings	procedure
winnings	volition
winter	logical-relation
winter	quantity
wire	artifact
wire	phenomenon
wire	universe
wire	vehicle-body
wiretap	accomplishment
wiretap	act
wiretap	activity
wiretap	event
wiretap	information
wiretap	phenomenon
wiretap	procedure
wiretap	search
wiretap	universe
wiretap	volition
wiring	event
wiring	locating
wiring	phenomenon
wiring	visit
wisecrack	amateur
wisecrack	ambiance
wisecrack	attribute
wisecrack	circumstance
wisecrack	civilisation
wisecrack	crowd
wisecrack	custom
wisecrack	danger
wisecrack	expert
wisecrack	freedom
wisecrack	hero
wisecrack	lap
wisecrack	literary-works
wisecrack	logical-relation
wisecrack	normal
wisecrack	point-of-view
wisecrack	practice
wisecrack	property
wisecrack	society
wisecrack	status
wisecrack	tension
wisecrack	way
withdrawal	accomplishment
withdrawal	act
withdrawal	activity
withdrawal	affirmation
withdrawal	communication
withdrawal	event
withdrawal	information
withdrawal	phenomenon
withdrawal	procedure
withdrawal	universe
withdrawal	volition
witness	agent
witness	animal
witness	body
witness	human
witness	mammal
witness	organism
witness	person
witness	phenomenon
witness	physical-object
witness	populace
witness	self
witness	species
witness	universe
witness	vertebrate
wok	artifact
wok	carrying-case
wok	device
wok	holder
wok	pan
wok	phenomenon
wok	universe
wok	vehicle-body
wolf	agent
wolf	animal
wolf	body
wolf	mammal
wolf	organism
wolf	phenomenon
wolf	physical-object
wolf	species
wolf	universe
wolf	vertebrate
woman	agent
woman	animal
woman	body
woman	human
woman	mammal
woman	organism
woman	person
woman	phenomenon
woman	physical-object
woman	populace
woman	self
woman	species
woman	universe
woman	vertebrate
wonder	amateur
wonder	ambiance
wonder	attribute
wonder	circumstance
wonder	civilisation
wonder	crowd
wonder	custom
wonder	danger
wonder	expert
wonder	freedom
wonder	hero
wonder	lap
wonder	literary-works
wonder	logical-relation
wonder	normal
wonder	point-of-view
wonder	practice
wonder	property
wonder	society
wonder	status
wonder	tension
wonder	way
wood	body-part
wood	material
wood	phenomenon
wood	physical-object
wood	substance
wood	tissue
wood	universe
wool	artifact
wool	fabric
wool	phenomenon
wool	universe
wool	vehicle-body
worcestershire-sauce	food
worcestershire-sauce	material
worcestershire-sauce	phenomenon
worcestershire-sauce	substance
worcestershire-sauce	universe
word	information
word	line-of-text
word	phenomenon
word	universe
wording	accomplishment
wording	act
wording	activity
wording	communication
wording	event
wording	information
wording	phenomenon
wording	procedure
wording	universe
wording	volition
work	accomplishment
work	act
work	activity
work	event
work	phenomenon
work	procedure
work	volition
workbench	artifact
workbench	furniture
workbench	phenomenon
workbench	table-furniture
workbench	universe
workbench	vehicle-body
workplace	phenomenon
workplace	place
workplace	universe
works	artifact
works	development
works	phenomenon
works	universe
works	vehicle-body
workshop	artifact
workshop	development
workshop	phenomenon
workshop	universe
workshop	vehicle-body
workstation	artifact
workstation	computer
workstation	device
workstation	phenomenon
workstation	universe
workstation	vehicle-body
world-power	agent
world-power	country
world-power	land
world-power	phenomenon
world-power	place
world-power	universe
world-power	yard
worm	agent
worm	animal
worm	body
worm	invertebrate
worm	organism
worm	phenomenon
worm	physical-object
worm	species
worm	universe
worth	amateur
worth	ambiance
worth	attribute
worth	circumstance
worth	civilisation
worth	crowd
worth	custom
worth	danger
worth	expert
worth	freedom
worth	hero
worth	lap
worth	literary-works
worth	logical-relation
worth	normal
worth	point-of-view
worth	practice
worth	property
worth	society
worth	status
worth	tension
worth	way
wound	phenomenon
wound	physical-object
wound	universe
wrap	artifact
wrap	phenomenon
wrap	universe
wrap	vehicle-body
wreck	amateur
wreck	ambiance
wreck	attribute
wreck	circumstance
wreck	civilisation
wreck	crowd
wreck	custom
wreck	danger
wreck	expert
wreck	freedom
wreck	hero
wreck	lap
wreck	literary-works
wreck	logical-relation
wreck	normal
wreck	point-of-view
wreck	practice
wreck	property
wreck	society
wreck	status
wreck	tension
wreck	way
wrinkle	attribute
wrinkle	logical-relation
wrinkle	property
wrinkle	shape
wrist	body-part
wrist	phenomenon
wrist	physical-object
wrist	universe
wristband	artifact
wristband	clothing
wristband	fashion
wristband	phenomenon
wristband	universe
wristband	vehicle-body
wristwatch	artifact
wristwatch	clock
wristwatch	device
wristwatch	phenomenon
wristwatch	universe
wristwatch	vehicle-body
wristwatch	watch
wrongdoer	agent
wrongdoer	animal
wrongdoer	body
wrongdoer	human
wrongdoer	mammal
wrongdoer	organism
wrongdoer	person
wrongdoer	phenomenon
wrongdoer	physical-object
wrongdoer	populace
wrongdoer	self
wrongdoer	species
wrongdoer	universe
wrongdoer	vertebrate
yacht	artifact
yacht	boat
yacht	device
yacht	phenomenon
yacht	ship
yacht	universe
yacht	vehicle
yacht	vehicle-body
yard	phenomenon
yard	place
yard	universe
yeast	agent
yeast	microorganism
yeast	organism
yeast	phenomenon
yeast	physical-object
yeast	species
yeast	universe
yo-yo	artifact
yo-yo	device
yo-yo	phenomenon
yo-yo	plaything
yo-yo	universe
yo-yo	vehicle-body
young-people	agent
young-people	animal
young-people	body
young-people	human
young-people	mammal
young-people	organism
young-people	person
young-people	phenomenon
young-people	physical-object
young-people	populace
young-people	self
young-people	species
young-people	universe
young-people	vertebrate
youth	logical-relation
youth	quantity
zero	logical-relation
zero	number
zero	quantity
zinc	chemical-element
zinc	material
zinc	phenomenon
zinc	substance
zinc	universe
zipper	artifact
zipper	device
zipper	phenomenon
zipper	universe
zipper	vehicle-body
zone	phenomenon
zone	place
zone	universe
