abbey	monastery
abbey	settlement
abelian-group	algebraic-magma
abelian-group	algebraic-structure
abelian-group	mathematical-group
abelian-group	mathematical-module
abelian-group	mathematical-structure
abelian-group	monoid
abelian-group	quasigroup
abelian-group	semigroup
abelian-group	topological-space
academy	school
acquaintance	person
activewear	artifact
activewear	clothing
activewear	equipment
activewear	physical-object
activewear	sporting-goods
activewear	tool
ad	information
ad	service
adapter	equipment
adapter	hardware
adjacency-matrix	data-structure
adjacency-matrix	matrix
adjacency-matrix	tensor
adult	animal
adult	organism
adult	physical-object
adversary	person
advocate	lawyer
advocate	professional
advocate	specialist
advocate	worker
affine-transformation	algebraic-structure
affine-transformation	automorphism
affine-transformation	bijection
affine-transformation	binary-relation
affine-transformation	endomorphism
affine-transformation	function
affine-transformation	homomorphism
affine-transformation	isomorphism
affine-transformation	mathematical-set
affine-transformation	mathematical-structure
affine-transformation	surjective-function
aids	disease
aids	illness
aids	symptom
aids	syndrome
aircraft	physical-object
aircraft	vehicle
alarm-clock	clock
alarm-clock	machine
album	notebook
alcohol	drink
alcohol	fluid
alcohol	liquid
alcohol	liquid-substance
algebra-over-a-field	algebraic-structure
algebra-over-a-field	mathematical-module
algebra-over-a-field	mathematical-ring
algebra-over-a-field	mathematical-structure
algebra-over-a-field	vector-space
algebraic-magma	algebraic-structure
algebraic-magma	mathematical-structure
algebraic-number	algebraic-structure
algebraic-number	complex-number
algebraic-number	join-semilattice
algebraic-number	mathematical-lattice
algebraic-number	mathematical-structure
algebraic-number	meet-semilattice
algebraic-number	number
algebraic-number	partially-ordered-set
algebraic-number	quaternion
algebraic-number	totally-ordered-set
algebraic-structure	mathematical-structure
alliance	organization
allowance	gift
allowance	money
allowance	payment
allowance	transaction
altar	dining-table
altar	furniture
altar	table
altar	table-furniture
aluminum	drug
aluminum	medication
aluminum	metal
ambiguity	uncertainty
ammunition	artifact
ammunition	physical-object
analytic-geometry	geometry
analytic-geometry	mathematics
animal	organism
animal	physical-object
anklet	artifact
anklet	clothing
anklet	equipment
anklet	physical-object
anklet	tool
ant	animal
ant	insect
ant	invertebrate
ant	organism
ant	physical-object
anteroom	room
antichain	algebraic-structure
antichain	mathematical-set
antichain	mathematical-structure
antichain	subset
antiderivative	algebraic-structure
antiderivative	binary-relation
antiderivative	function
antiderivative	mathematical-set
antiderivative	mathematical-structure
antisymmetric-relation	algebraic-structure
antisymmetric-relation	binary-relation
antisymmetric-relation	mathematical-set
antisymmetric-relation	mathematical-structure
anvil	artifact
anvil	equipment
anvil	physical-object
anvil	tool
appetite	sensation
application	software
archive	organization
arithmetic-operation	algebraic-structure
arithmetic-operation	binary-relation
arithmetic-operation	function
arithmetic-operation	mathematical-operation
arithmetic-operation	mathematical-set
arithmetic-operation	mathematical-structure
armoire	furniture
artichoke	vegetable
article	algebraic-structure
article	mathematical-set
article	mathematical-structure
article	publication
article	text
artifact	physical-object
artist	person
ash	chemical
ashtray	trash-can
assembly-hall	room
assertion	statement
assignment	contract
assimilation	chemical-reaction
assistant	research-worker
assistant	scientist
astronomy	research
astronomy	science
atmosphere	fluid
atmosphere	gas
attention	cognition
auction	sale
authenticated-encryption	encryption
automaton	machine
automobile-horn	noisemaker
automorphism	algebraic-structure
automorphism	binary-relation
automorphism	endomorphism
automorphism	function
automorphism	homomorphism
automorphism	isomorphism
automorphism	mathematical-set
automorphism	mathematical-structure
avenue	road
avenue	street
awning	roof
ax	artifact
ax	physical-object
axiom	lemma
axiom	theorem
baby	animal
baby	child
baby	childhood
baby	organism
baby	physical-object
backlog	hill
backlog	landform
backpack	artifact
backpack	clothing
backpack	equipment
backpack	handbag
backpack	housing
backpack	machine-housing
backpack	physical-object
backpack	tool
bacon	flesh
bacon	food
bacon	meat
bacon	pork
bacon	tissue
bacterium	microorganism
bacterium	organism
bacterium	physical-object
bag	artifact
bag	equipment
bag	luggage
bag	physical-object
bag	tool
bagel	food
bakery	building
bakery	workplace
balaclava	activewear
balaclava	artifact
balaclava	clothing
balaclava	equipment
balaclava	physical-object
balaclava	sporting-goods
balaclava	tool
ball	artifact
ball	equipment
ball	physical-object
ball	sporting-goods
banach-space	mathematical-structure
barbecue-grill	culture
barbecue-grill	custom
barley	commodity
barley	grass
barley	organism
barley	physical-object
barley	plant
baron	businessman
baron	worker
barrel	artifact
barrel	equipment
barrel	physical-object
barrel	tool
barroom	faucet
barroom	furniture
barroom	mechanism
base	equipment
base	tripod
baseball-ball	artifact
baseball-ball	equipment
baseball-ball	physical-object
baseball-ball	sporting-goods
baseball-bat	artifact
baseball-bat	equipment
baseball-bat	physical-object
baseball-bat	sporting-goods
basement	storey
basket	artifact
basket	braid
basket	equipment
basket	physical-object
basket	structure
basket	tool
basketball	game
basketball	sport
basketball-backboard	artifact
basketball-backboard	equipment
basketball-backboard	physical-object
basketball-backboard	sporting-goods
bass-drum	artifact
bass-drum	drum
bass-drum	equipment
bass-drum	musical-instrument
bass-drum	physical-object
bass-drum	tool
bassinet	artifact
bassinet	bed
bassinet	crib
bassinet	furniture
bassinet	physical-object
bassoon	woodwind
bath-towel	towel
bathroom	room
bathtub	artifact
bathtub	equipment
bathtub	physical-object
bathtub	tool
batter	fluid
batter	food
battle	violence
beaker	artifact
beaker	equipment
beaker	physical-object
beaker	tool
bean	food
bean	seed
beanie	artifact
beanie	clothing
beanie	equipment
beanie	physical-object
beanie	tool
bear	animal
bear	organism
bear	physical-object
bed	artifact
bed	furniture
bed	physical-object
bedroom	room
beer	alcohol
beer	commodity
beer	drink
beer	fluid
beer	liquid
beer	liquid-substance
belt	artifact
belt	clothing
belt	equipment
belt	physical-object
belt	tool
beret	artifact
beret	clothing
beret	equipment
beret	physical-object
beret	tool
betrothal	declaration
betrothal	promise
bicycle	artifact
bicycle	equipment
bicycle	physical-object
bicycle	sporting-goods
bid	price
bijection	algebraic-structure
bijection	binary-relation
bijection	function
bijection	mathematical-set
bijection	mathematical-structure
bijection	surjective-function
bill	cash
billiard-ball	artifact
billiard-ball	equipment
billiard-ball	physical-object
billiard-ball	sporting-goods
billiard-table	artifact
billiard-table	dining-table
billiard-table	equipment
billiard-table	furniture
billiard-table	physical-object
billiard-table	sporting-goods
billiard-table	table
billiard-table	table-furniture
binary-relation	algebraic-structure
binary-relation	mathematical-set
binary-relation	mathematical-structure
binary-tree	data-structure
binary-tree	directed-acyclic-graph
binary-tree	directed-graph
binary-tree	graph
binary-tree	hypergraph
binary-tree	mathematical-graph
binary-tree	mathematical-structure
binary-tree	polytree
binary-tree	rooted-tree
binomial	polynomial
bipartite-graph	graph
bipartite-graph	hypergraph
bipartite-graph	mathematical-graph
bipartite-graph	mathematical-structure
bipartite-graph	undirected-graph
birthday	anniversary
bit-string	data-structure
blackmail	crime
blazer	artifact
blazer	clothing
blazer	equipment
blazer	jacket
blazer	outerwear
blazer	physical-object
blazer	tool
blender	household-appliance
block	settlement
block-cipher	algorithm
block-cipher	cipher
block-cipher	sign
blockchain	data-structure
blockchain	list
blood	fluid
blood	liquid
blood	liquid-substance
board-game	artifact
board-game	physical-object
boat	physical-object
boat	vehicle
boat	watercraft
boiler	apparatus
bok-choy	cabbage
bok-choy	greens
bok-choy	vegetable
bolt	artifact
bolt	equipment
bolt	physical-object
bolt	tool
bolt-cutter	artifact
bolt-cutter	equipment
bolt-cutter	physical-object
bolt-cutter	tool
bongo	artifact
bongo	equipment
bongo	musical-instrument
bongo	physical-object
bongo	tool
book	publication
book-volume	publication
bookcase	cabinet
booklet	publication
bookmark	artifact
bookmark	physical-object
boolean-algebra	algebraic-magma
boolean-algebra	algebraic-structure
boolean-algebra	bounded-lattice
boolean-algebra	commutative-ring
boolean-algebra	distributive-lattice
boolean-algebra	heyting-algebra
boolean-algebra	join-semilattice
boolean-algebra	mathematical-lattice
boolean-algebra	mathematical-module
boolean-algebra	mathematical-ring
boolean-algebra	mathematical-structure
boolean-algebra	meet-semilattice
boolean-algebra	monoid
boolean-algebra	partially-ordered-set
boolean-algebra	semigroup
boolean-function	algebraic-structure
boolean-function	binary-relation
boolean-function	function
boolean-function	mathematical-set
boolean-function	mathematical-structure
boolean-satisfiability-problem	decision-problem
boot	artifact
boot	clothing
boot	equipment
boot	physical-object
boot	tool
booth	workplace
bottle	artifact
bottle	equipment
bottle	physical-object
bottle	tool
bottle-cap	lid
bottle-opener	mechanism
bottom	ship
bottom	watercraft
bounded-lattice	algebraic-structure
bounded-lattice	join-semilattice
bounded-lattice	mathematical-lattice
bounded-lattice	mathematical-structure
bounded-lattice	meet-semilattice
bounded-lattice	partially-ordered-set
bow-tie	artifact
bow-tie	clothing
bow-tie	equipment
bow-tie	necktie
bow-tie	physical-object
bow-tie	tool
bowl	artifact
bowl	equipment
bowl	physical-object
bowl	tableware
bowl	tool
bowling-ball	artifact
bowling-ball	equipment
bowling-ball	physical-object
bowling-ball	sporting-goods
bowling-pin	artifact
bowling-pin	equipment
bowling-pin	physical-object
bowling-pin	sporting-goods
box	artifact
box	equipment
box	physical-object
box	tool
bra	artifact
bra	clothing
bra	equipment
bra	lingerie
bra	physical-object
bra	tool
bra	underwear
bracelet	artifact
bracelet	clothing
bracelet	equipment
bracelet	physical-object
bracelet	tool
braces	artifact
braces	equipment
braces	physical-object
braces	tool
braid	structure
branch	stalk
bread	food
brewery	factory
brewery	organization
bride	adult
bride	animal
bride	organism
bride	physical-object
bride	woman
briefcase	artifact
briefcase	equipment
briefcase	physical-object
briefcase	tool
briefs	artifact
briefs	clothing
briefs	equipment
briefs	physical-object
briefs	tool
briefs	underpants
briefs	underwear
brink	hill
brink	landform
broom	brush
broth	fluid
broth	food
broth	liquid
broth	liquid-substance
bubble	physical-object
bucket	artifact
bucket	equipment
bucket	physical-object
bucket	tool
buckwheat	food
buckwheat	grain
buckwheat	seed
bullet	ammunition
bullet	artifact
bullet	physical-object
bun	bread
bun	food
bunch	group
bungalow	building
bungalow	house
bunk-bed	artifact
bunk-bed	bed
bunk-bed	furniture
bunk-bed	physical-object
businessman	worker
bustle	artifact
bustle	clothing
bustle	equipment
bustle	petticoat
bustle	physical-object
bustle	skirt
bustle	tool
bustle	underwear
butterfly	animal
butterfly	invertebrate
butterfly	organism
butterfly	physical-object
buttermilk	dairy-product
button	artifact
button	clothing
button	equipment
button	physical-object
button	tool
cab	physical-object
cab	vehicle
cabbage	vegetable
cable	braid
cable	rope
cable	structure
caddy	artifact
caddy	equipment
caddy	physical-object
caddy	tool
cafe	workplace
cage	artifact
cage	equipment
cage	physical-object
cage	tool
calculator	artifact
calculator	equipment
calculator	physical-object
calculator	tool
caliper	artifact
caliper	equipment
caliper	physical-object
caliper	tool
caller-id	service
camcorder	vcr
camera	equipment
camera-lens	equipment
candle-holder	furniture
candle-holder	stand
cane	artifact
cane	clothing
cane	equipment
cane	physical-object
cane	tool
cane	walking-stick
canned-meat	flesh
canned-meat	food
canned-meat	meat
canned-meat	tissue
cannister	artifact
cannister	box
cannister	equipment
cannister	physical-object
cannister	tool
canoe	boat
canoe	physical-object
canoe	vehicle
canoe	watercraft
canteen	artifact
canteen	equipment
canteen	physical-object
canteen	tool
cap	artifact
cap	clothing
cap	equipment
cap	physical-object
cap	tool
capacity	mathematical-structure
carafe	artifact
carafe	equipment
carafe	physical-object
carafe	tool
carbonated-water	drink
carbonated-water	fluid
carbonated-water	liquid
carbonated-water	liquid-substance
cardigan	artifact
cardigan	clothing
cardigan	equipment
cardigan	physical-object
cardigan	sweater
cardigan	tool
cardigan	top
cardinal-number	number
cardinal-number	ordinal-number
cardinal-number	quantity
cardinality	algebraic-structure
cardinality	binary-relation
cardinality	function
cardinality	invariant
cardinality	mathematical-set
cardinality	mathematical-structure
cardoon	vegetable
carpenter-square	artifact
carpenter-square	equipment
carpenter-square	physical-object
carpenter-square	tool
carrot	dish
carrot	food
carrot	plant-root
carrot	prepared-dish
carrot	root
carrot	vegetable
carrot-vegetable	dish
carrot-vegetable	food
carrot-vegetable	plant-root
carrot-vegetable	prepared-dish
carrot-vegetable	root
carrot-vegetable	vegetable
cartoon	artifact
cartoon	drawing
cartoon	physical-object
case	artifact
case	equipment
case	furniture
case	physical-object
case	tool
casserole-dish	dish
casserole-dish	food
casserole-dish	prepared-dish
caster	mechanism
caster	wheel
casualty	person
casualty	victim
cat	pet
catalog	collection
catalog	group
catalog	publication
cathedral	church
cauliflower	vegetable
cave	landform
celery	greens
celery	herb
celery	vegetable
cellular-telephone	household-appliance
cellular-telephone	phone
celluloid	equipment
centrifuge	machine
ceramic	material
ceramic	substance
chafing-dish	household-appliance
chair	furniture
chairman	manager
chairman	person
chaise	furniture
champagne	wine
champion	athlete
champion	winner
change	number
channel	landform
chapter	board-of-directors
characteristic	algebraic-number
characteristic	algebraic-structure
characteristic	complex-number
characteristic	integer
characteristic	join-semilattice
characteristic	mathematical-lattice
characteristic	mathematical-structure
characteristic	meet-semilattice
characteristic	number
characteristic	partially-ordered-set
characteristic	quaternion
characteristic	rational-number
characteristic	real-number
characteristic	totally-ordered-set
chard	leaf
chard	stalk
chard	vegetable
charger	household-appliance
charm	algebraic-number
charm	algebraic-structure
charm	complex-number
charm	fraction
charm	join-semilattice
charm	mathematical-lattice
charm	mathematical-structure
charm	meet-semilattice
charm	number
charm	partially-ordered-set
charm	quaternion
charm	rational-number
charm	real-number
charm	totally-ordered-set
charter	contract
cheese	dairy-product
chemical-element	chemical
chest-of-drawers	furniture
child	animal
child	organism
child	physical-object
childhood	animal
childhood	organism
childhood	physical-object
chime	artifact
chime	equipment
chime	musical-instrument
chime	physical-object
chime	tool
china-cabinet	cabinet
chips	dish
chips	food
chips	prepared-dish
chips	side-dish
chocolate	candy
chord	group
chorus	music-band
chorus	organization
chutney	sauce
cigarette-case	artifact
cigarette-case	equipment
cigarette-case	physical-object
cigarette-case	tool
cinema	occupation
cinema	organization
cipher	algorithm
cipher	sign
circle	algebraic-structure
circle	conic-section
circle	geometric-shape
circle	locus
circle	mathematical-set
circle	mathematical-structure
circuit-card	hardware
circular	booklet
circular	publication
circular	tract
citizen	animal
citizen	organism
citizen	physical-object
civilian	person
clamp	artifact
clamp	equipment
clamp	physical-object
clamp	tool
classical-logic	formal-system
classroom	room
cliff	landform
cliff	slope
climate	geography
climate	meteorology
climate	research
climate	science
clipboard	artifact
clipboard	equipment
clipboard	physical-object
clipboard	tool
clique	algebraic-structure
clique	complete-graph
clique	connected-graph
clique	graph
clique	hypergraph
clique	induced-subgraph
clique	mathematical-graph
clique	mathematical-set
clique	mathematical-structure
clique	subgraph
clique	subset
clique	undirected-graph
clock	machine
closet	furniture
closure-operator	algebraic-structure
closure-operator	binary-relation
closure-operator	function
closure-operator	mathematical-set
closure-operator	mathematical-structure
closure-operator	monotone-function
clothing	artifact
clothing	equipment
clothing	physical-object
clothing	tool
cloud	weather
club	artifact
club	equipment
club	physical-object
club	sporting-goods
clue	information
coat	artifact
coat	clothing
coat	equipment
coat	outerwear
coat	physical-object
coat	tool
cocktail-sauce	sauce
code	algorithm
code	cipher
code	sign
coffee-cake	cake
coffee-maker	household-appliance
coffee-table	dining-table
coffee-table	furniture
coffee-table	table
coffee-table	table-furniture
coffin	furniture
coincidence	group
collection	group
comforter	bedding
comforter	blanket
committee	organization
communist	person
commutative-ring	algebraic-structure
commutative-ring	mathematical-module
commutative-ring	mathematical-ring
commutative-ring	mathematical-structure
compact	car
company	organization
complete-graph	connected-graph
complete-graph	graph
complete-graph	hypergraph
complete-graph	mathematical-graph
complete-graph	mathematical-structure
complete-graph	undirected-graph
complete-lattice	algebraic-structure
complete-lattice	join-semilattice
complete-lattice	mathematical-lattice
complete-lattice	mathematical-structure
complete-lattice	meet-semilattice
complete-lattice	partially-ordered-set
complex-number	algebraic-structure
complex-number	join-semilattice
complex-number	mathematical-lattice
complex-number	mathematical-structure
complex-number	meet-semilattice
complex-number	number
complex-number	partially-ordered-set
complex-number	quaternion
complex-number	totally-ordered-set
composer	artist
composer	musician
composer	person
computability-theory	mathematical-logic
computational-complexity-theory	computability-theory
computational-complexity-theory	mathematical-logic
computer	machine
computer-memory	hardware
computer-monitor	hardware
computer-monitor	interface
computer-mouse	hardware
computer-mouse	input-device
computer-mouse	interface
computer-virus	software
computer-worm	software
comrade	acquaintance
comrade	person
conclusion	logical-consequence
conduit	software
congressman	politician
congressman	professional
congressman	specialist
congressman	worker
conic-section	algebraic-structure
conic-section	locus
conic-section	mathematical-set
conic-section	mathematical-structure
connected-component	algebraic-structure
connected-component	connected-graph
connected-component	graph
connected-component	hypergraph
connected-component	mathematical-graph
connected-component	mathematical-set
connected-component	mathematical-structure
connected-component	subgraph
connected-component	subset
connected-component	undirected-graph
connected-graph	graph
connected-graph	hypergraph
connected-graph	mathematical-graph
connected-graph	mathematical-structure
connected-graph	undirected-graph
conscience	lesson
conscription	military-service
conspiracy	alliance
conspiracy	organization
conspiracy	secrecy
constitution	structure
consultation	meeting
contrast	number
contribution	gift
cook	craftsman
cook	person
cookie	dessert
cookie	dish
cookie	food
cookie	prepared-dish
cookie	snack-food
cooler	artifact
cooler	box
cooler	equipment
cooler	physical-object
cooler	tool
copper	drug
copper	medication
copper	metal
copy	algebraic-structure
copy	mathematical-set
copy	mathematical-structure
copy	text
corn	food
corn	grain
corn	seed
corn-syrup	syrup
cornet	artifact
cornet	equipment
cornet	musical-instrument
cornet	physical-object
cornet	tool
corruption	crime
cosmetic	chemical
costume	artifact
costume	clothing
costume	equipment
costume	physical-object
costume	tool
cot	artifact
cot	bed
cot	furniture
cot	physical-object
council	organization
countable-set	algebraic-structure
countable-set	mathematical-set
countable-set	mathematical-structure
counter	furniture
countertop	furniture
countryside	settlement
courage	feeling
courage	perception
courtship	ceremony
courtship	custom
courtship	ritual
couscous	food
cracker	cookie
cracker	dessert
cracker	dish
cracker	food
cracker	prepared-dish
cracker	snack-food
cradle	artifact
cradle	bed
cradle	crib
cradle	furniture
cradle	physical-object
craft-vehicle	physical-object
craft-vehicle	vehicle
craftsman	person
crampon	automaton
crampon	machine
cream	dairy-product
cream-cheese	dairy-product
cream-sauce	sauce
credibility	probability
credit	loan
credit	transaction
crib	artifact
crib	bed
crib	furniture
crib	physical-object
cricket-ball	artifact
cricket-ball	equipment
cricket-ball	physical-object
cricket-ball	sporting-goods
crisp	food
crisp	snack-food
critic	person
criticism	philosophy
cross	algebraic-structure
cross	geometric-shape
cross	locus
cross	mathematical-set
cross	mathematical-structure
crouton	food
crown	artifact
crown	clothing
crown	equipment
crown	headdress
crown	physical-object
crown	tool
cryptographic-hash-function	algebraic-structure
cryptographic-hash-function	algorithm
cryptographic-hash-function	binary-relation
cryptographic-hash-function	cryptographic-primitive
cryptographic-hash-function	cryptography
cryptographic-hash-function	function
cryptographic-hash-function	mathematical-set
cryptographic-hash-function	mathematical-structure
cryptographic-primitive	algorithm
cryptographic-primitive	cryptography
crystal	chemical
crystal	substance
cubicle	bedroom
cubicle	room
cuff	artifact
cuff	clothing
cuff	equipment
cuff	physical-object
cuff	tool
cufflink	artifact
cufflink	clothing
cufflink	equipment
cufflink	physical-object
cufflink	tool
cup	artifact
cup	equipment
cup	physical-object
cup	tool
cupboard	furniture
cupboard	room
cupcake	cake
curl	algebraic-structure
curl	binary-relation
curl	function
curl	mathematical-set
curl	mathematical-structure
currency	money
current	electricity
cutter	watercraft
cyclic-graph	graph
cyclic-graph	hypergraph
cyclic-graph	mathematical-graph
cyclic-graph	mathematical-structure
cyclic-graph	undirected-graph
cyclic-group	abelian-group
cyclic-group	algebraic-magma
cyclic-group	algebraic-structure
cyclic-group	mathematical-group
cyclic-group	mathematical-module
cyclic-group	mathematical-structure
cyclic-group	monoid
cyclic-group	quasigroup
cyclic-group	semigroup
cyclic-group	topological-space
cymbal	artifact
cymbal	equipment
cymbal	musical-instrument
cymbal	physical-object
cymbal	tool
dairy	building
dairy	occupation
dairy	organization
dark-blue	blue
darkroom	room
dash	satellite
date	botanical-fruit
date	food
date	fruit
daughter	offspring
daughter	young
dearth	deficit
decagon	algebraic-structure
decagon	geometric-shape
decagon	locus
decagon	mathematical-set
decagon	mathematical-structure
decagon	polygon
decoration	artifact
decoration	physical-object
defendant	party
defendant	person
degree-of-freedom	algebraic-structure
degree-of-freedom	binary-relation
degree-of-freedom	function
degree-of-freedom	mathematical-set
degree-of-freedom	mathematical-structure
deity	concept
dentist	doctor
deodorant	chemical
deodorant	cosmetic
depository-financial-institution	occupation
depository-financial-institution	organization
deputy	politician
deputy	professional
deputy	specialist
deputy	worker
description-logic	formal-system
desert	environment
desert	habitat
desert	landform
design-theory	combinatorics
desk	dining-table
desk	furniture
desk	table
desk	table-furniture
desktop-computer	computer
desktop-computer	household-appliance
desktop-computer	machine
dessert	dish
dessert	food
dessert	prepared-dish
detective	fictional-character
detector	artifact
detector	equipment
detector	physical-object
detector	tool
development	growth
diagram	structure
diameter	algebraic-structure
diameter	geometric-shape
diameter	locus
diameter	mathematical-set
diameter	mathematical-structure
diameter	partially-ordered-set
diameter	subset
diamond	jewel
diamond	mineral
diaper	artifact
diaper	clothing
diaper	equipment
diaper	physical-object
diaper	tool
diaper	underwear
dictionary	publication
diet	food
digital-camera	camera
digital-camera	equipment
digital-certificate	data-file
digital-signature	information
dining-table	furniture
dip	sauce
directed-acyclic-graph	directed-graph
directed-acyclic-graph	graph
directed-acyclic-graph	hypergraph
directed-acyclic-graph	mathematical-graph
directed-acyclic-graph	mathematical-structure
directed-graph	graph
directed-graph	hypergraph
directed-graph	mathematical-graph
directed-graph	mathematical-structure
directed-set	algebraic-structure
directed-set	mathematical-set
directed-set	mathematical-structure
director	artist
director	manager
director	person
directory	catalog
directory	collection
directory	group
directory	publication
dirndl	artifact
dirndl	clothing
dirndl	dress
dirndl	equipment
dirndl	physical-object
dirndl	skirt
dirndl	tool
dish	food
dish-aerial	antenna
dishwasher	household-appliance
disk	algebraic-structure
disk	geometric-shape
disk	locus
disk	mathematical-set
disk	mathematical-structure
disk	topological-space
display-board	information
display-board	signboard
disposition	algebraic-structure
disposition	mathematical-set
disposition	mathematical-structure
disposition	text
dissertation	research
distributive-lattice	algebraic-structure
distributive-lattice	join-semilattice
distributive-lattice	mathematical-lattice
distributive-lattice	mathematical-structure
distributive-lattice	meet-semilattice
distributive-lattice	partially-ordered-set
dividend	payment
dividend	transaction
divider	gate
division-ring	algebraic-structure
division-ring	mathematical-ring
division-ring	mathematical-structure
documentation	information
dodecagon	algebraic-structure
dodecagon	geometric-shape
dodecagon	locus
dodecagon	mathematical-set
dodecagon	mathematical-structure
dodecagon	polygon
doll	artifact
doll	physical-object
dollhouse	cabinet
dome	ceiling
dominance	algebraic-structure
dominance	antisymmetric-relation
dominance	binary-relation
dominance	mathematical-set
dominance	mathematical-structure
dominance	partial-order
dominance	preorder
dominance	reflexive-relation
dominance	transitive-relation
donut	dessert
donut	dish
donut	food
donut	prepared-dish
donut	snack-food
door	obstacle
door	physical-object
double	candy
dough	food
dough	spread
down-payment	payment
down-payment	transaction
drain	gutter
draw	landform
drawing	artifact
drawing	physical-object
dress	artifact
dress	clothing
dress	equipment
dress	physical-object
dress	tool
drill-tool	artifact
drill-tool	equipment
drill-tool	physical-object
drill-tool	tool
drink	fluid
drink	liquid
drink	liquid-substance
drinking-fountain	fountain
drinking-fountain	ornamental-fountain
drive	hardware
drone-aircraft	aircraft
drone-aircraft	physical-object
drone-aircraft	vehicle
drum	artifact
drum	equipment
drum	musical-instrument
drum	physical-object
drum	tool
dryer	machine
duffel-bag	artifact
duffel-bag	equipment
duffel-bag	handbag
duffel-bag	housing
duffel-bag	machine-housing
duffel-bag	physical-object
duffel-bag	tool
duke	sign
duke	title-of-respect
dune-buggy	car
dustpan	trash-can
duty	principle
duty	structure
duvet	bedding
duvet	blanket
ear	organ
eccentricity	algebraic-structure
eccentricity	complex-number
eccentricity	join-semilattice
eccentricity	mathematical-lattice
eccentricity	mathematical-structure
eccentricity	meet-semilattice
eccentricity	number
eccentricity	partially-ordered-set
eccentricity	quaternion
eccentricity	real-number
eccentricity	totally-ordered-set
economics	social-science
economist	research-worker
economist	scientist
edge	algebraic-structure
edge	geometric-shape
edge	locus
edge	mathematical-set
edge	mathematical-structure
edge	partially-ordered-set
edge	subset
education	service
egg	food
egg-cup	artifact
egg-cup	equipment
egg-cup	physical-object
egg-cup	tableware
egg-cup	tool
egg-white	food
eggnog	drink
eggnog	fluid
eggnog	liquid
eggnog	liquid-substance
eggplant	blue
eggshell	artifact
eggshell	equipment
eggshell	housing
eggshell	machine-housing
eggshell	physical-object
eggshell	tool
electric-razor	razor
elementary-geometry	geometry
elementary-geometry	mathematics
elephant	mammal
elevator	machine
elite	class
elliptic-curve-cryptography	public-key-cryptography
email	letter
embassy	building
embryo	organism
embryo	physical-object
emergency	crisis
empire	realm
employee	worker
endomorphism	algebraic-structure
endomorphism	binary-relation
endomorphism	function
endomorphism	homomorphism
endomorphism	mathematical-set
endomorphism	mathematical-structure
enemy	acquaintance
enemy	adversary
enemy	person
engagement	declaration
engagement	promise
engine	machine
engineer	worker
entertainment-center	furniture
equivalence-relation	algebraic-structure
equivalence-relation	binary-relation
equivalence-relation	mathematical-set
equivalence-relation	mathematical-structure
equivalence-relation	preorder
equivalence-relation	reflexive-relation
equivalence-relation	symmetric-relation
equivalence-relation	transitive-relation
ethics	philosophy
euclidean-vector	tensor
even-number	algebraic-number
even-number	algebraic-structure
even-number	complex-number
even-number	integer
even-number	join-semilattice
even-number	mathematical-lattice
even-number	mathematical-structure
even-number	meet-semilattice
even-number	number
even-number	partially-ordered-set
even-number	quaternion
even-number	rational-number
even-number	real-number
even-number	totally-ordered-set
event	algebraic-structure
event	mathematical-set
event	mathematical-structure
examiner	policeman
excerpt	algebraic-structure
excerpt	mathematical-set
excerpt	mathematical-structure
excerpt	text
exemplar	algebraic-structure
exemplar	mathematical-set
exemplar	mathematical-structure
exemplar	text
exercise	fitness
existential-quantifier	algebraic-structure
existential-quantifier	binary-relation
existential-quantifier	function
existential-quantifier	logical-connective
existential-quantifier	mathematical-set
existential-quantifier	mathematical-structure
existential-quantifier	quantifier
expert	person
explaining	concept
explaining	information
explaining	message
explanation	concept
explanation	information
explanation	message
exploration	motion
exploration	voyage
exponential	algebraic-structure
exponential	binary-relation
exponential	function
exponential	mathematical-operation
exponential	mathematical-set
exponential	mathematical-structure
extent	data-structure
extraterrestrial-being	organism
extraterrestrial-being	physical-object
eyeglass	artifact
eyeglass	clothing
eyeglass	equipment
eyeglass	physical-object
eyeglass	tool
factory	organization
fan	person
fan-device	artifact
fan-device	equipment
fan-device	physical-object
fan-device	tool
farm	facility
farm	workplace
fashion	culture
fat	chemical
father	parent
faucet	mechanism
feeling	perception
fence	obstacle
fence	physical-object
ferry	ship
ferry	watercraft
fertilizer	chemical
fever	symptom
fiber	thread
field-hockey-ball	artifact
field-hockey-ball	equipment
field-hockey-ball	physical-object
field-hockey-ball	sporting-goods
fig	food
figurine	artifact
figurine	physical-object
figurine	statue
file-cabinet	armoire
file-cabinet	closet
file-cabinet	furniture
file-cabinet	wardrobe
file-folder	artifact
file-folder	equipment
file-folder	physical-object
file-folder	tool
fine-art	art
fine-art	artistic-creation
finial	artifact
finial	decoration
finial	physical-object
finite-field	abelian-group
finite-field	algebra-over-a-field
finite-field	algebraic-magma
finite-field	algebraic-structure
finite-field	commutative-ring
finite-field	countable-set
finite-field	division-ring
finite-field	finite-set
finite-field	mathematical-field
finite-field	mathematical-group
finite-field	mathematical-module
finite-field	mathematical-ring
finite-field	mathematical-set
finite-field	mathematical-structure
finite-field	monoid
finite-field	quasigroup
finite-field	semigroup
finite-field	subset
finite-field	topological-space
finite-field	vector-space
finite-group	algebraic-magma
finite-group	algebraic-structure
finite-group	mathematical-group
finite-group	mathematical-structure
finite-group	monoid
finite-group	quasigroup
finite-group	semigroup
finite-set	algebraic-structure
finite-set	countable-set
finite-set	mathematical-set
finite-set	mathematical-structure
fireman	worker
fish-meat	food
fish-meat	seafood
fishing-line	mechanism
fishing-line	string
fishing-net	artifact
fishing-net	equipment
fishing-net	fishing-tackle
fishing-net	physical-object
fishing-net	tool
fishing-rod	artifact
fishing-rod	equipment
fishing-rod	fishing-tackle
fishing-rod	physical-object
fishing-rod	tool
fishing-tackle	artifact
fishing-tackle	equipment
fishing-tackle	physical-object
fishing-tackle	tool
flag	concept
flag	sign
flag	symbol
flame	chemical-reaction
flash	equipment
flash-memory	hardware
flesh	tissue
floor	contract
floor	option
flour	food
flour	powder
flow-network	directed-graph
flow-network	graph
flow-network	hypergraph
flow-network	mathematical-graph
flow-network	mathematical-structure
flow-network	weighted-graph
flower	organism
flower	physical-object
flower	plant
fluctuation	algebraic-structure
fluctuation	binary-relation
fluctuation	function
fluctuation	mathematical-set
fluctuation	mathematical-structure
fluctuation	number
flute	woodwind
foe	acquaintance
foe	adversary
foe	person
fog	cloud
fog	weather
foil	material
folding-chair	chair
folding-chair	furniture
folklore	custom
forest	environment
forest	habitat
forest-graph	graph
forest-graph	hypergraph
forest-graph	mathematical-graph
forest-graph	mathematical-structure
forest-graph	multigraph
forest-graph	planar-graph
forum	public-square
fractal	algebraic-structure
fractal	mathematical-set
fractal	mathematical-structure
fraction	algebraic-number
fraction	algebraic-structure
fraction	complex-number
fraction	join-semilattice
fraction	mathematical-lattice
fraction	mathematical-structure
fraction	meet-semilattice
fraction	number
fraction	partially-ordered-set
fraction	quaternion
fraction	rational-number
fraction	real-number
fraction	totally-ordered-set
fracture	injury
franchise	occupation
franchise	organization
frank	culture
frank	custom
frank	dish
frank	food
frank	prepared-dish
friend	acquaintance
friend	person
frozen-dessert	dessert
frozen-dessert	dish
frozen-dessert	food
frozen-dessert	prepared-dish
frozen-yogurt	dessert
frozen-yogurt	dish
frozen-yogurt	food
frozen-yogurt	frozen-dessert
frozen-yogurt	prepared-dish
fuel	chemical
function	algebraic-structure
function	binary-relation
function	mathematical-set
function	mathematical-structure
fundamental-law	structure
fungus	organism
fungus	physical-object
funnel	artifact
funnel	equipment
funnel	physical-object
funnel	tool
fur	hair
fur	skin
fury	anger
futon	bedding
futon	blanket
gaiter	artifact
gaiter	clothing
gaiter	equipment
gaiter	physical-object
gaiter	tool
gallery	museum
gap	landform
garage	building
garden	workplace
garden-hose	artifact
garden-hose	equipment
garden-hose	physical-object
garden-hose	tool
garland	artifact
garland	clothing
garland	equipment
garland	necklace
garland	physical-object
garland	tool
garlic	vegetable
garter	artifact
garter	clothing
garter	equipment
garter	physical-object
garter	tool
garter-belt	artifact
garter-belt	clothing
garter-belt	equipment
garter-belt	physical-object
garter-belt	tool
garter-belt	underwear
gas	fluid
gash	wound
gasoline	chemical
gem	jewel
gem	mineral
general	employee
general	warrior
general	worker
generating-function	algebraic-structure
generating-function	binary-relation
generating-function	function
generating-function	mathematical-set
generating-function	mathematical-structure
genius	person
geodesic	curve
geography	research
geography	science
geometric-construction	algorithm
geometric-intersection	algebraic-structure
geometric-intersection	binary-relation
geometric-intersection	function
geometric-intersection	mathematical-operation
geometric-intersection	mathematical-set
geometric-intersection	mathematical-structure
geometric-plane	algebraic-structure
geometric-plane	geometric-shape
geometric-plane	locus
geometric-plane	mathematical-set
geometric-plane	mathematical-structure
geometric-plane	subset
geometric-series	mathematical-series
geometric-series	series
geometric-shape	algebraic-structure
geometric-shape	locus
geometric-shape	mathematical-set
geometric-shape	mathematical-structure
geometry	mathematics
ghostwriter	artist
ghostwriter	person
ghostwriter	writer
girlfriend	acquaintance
girlfriend	friend
girlfriend	person
glacier	landform
glance	mineral
glass-material	substance
globe	algebraic-structure
globe	geometric-shape
globe	locus
globe	mathematical-set
globe	mathematical-structure
globe	topological-space
glockenspiel	artifact
glockenspiel	equipment
glockenspiel	musical-instrument
glockenspiel	physical-object
glockenspiel	tool
glove	artifact
glove	clothing
glove	equipment
glove	physical-object
glove	tool
goalkeeper	athlete
goalposts	artifact
goalposts	equipment
goalposts	physical-object
goalposts	sporting-goods
golf	game
golf	sport
golf-bag	artifact
golf-bag	equipment
golf-bag	handbag
golf-bag	housing
golf-bag	machine-housing
golf-bag	physical-object
golf-bag	sporting-goods
golf-bag	tool
golf-ball	artifact
golf-ball	equipment
golf-ball	physical-object
golf-ball	sporting-goods
golf-cart	artifact
golf-cart	car
golf-cart	equipment
golf-cart	physical-object
golf-cart	sporting-goods
golf-club	artifact
golf-club	equipment
golf-club	physical-object
golf-club	sporting-goods
golf-tee	artifact
golf-tee	equipment
golf-tee	physical-object
golf-tee	sporting-goods
gong	artifact
gong	equipment
gong	musical-instrument
gong	physical-object
gong	tool
gourd	botanical-fruit
gourd	fruit
gourd	vegetable
government	organization
government-cabinet	organization
governor	leader
governor	person
gown	artifact
gown	clothing
gown	equipment
gown	physical-object
gown	tool
grace	algebraic-structure
grace	mathematical-set
grace	mathematical-structure
grace	prayer
grace	text
grain	food
grain	seed
grammar	humanities
grammar	linguistics
grammar	social-science
grandfather	ancestor
grandfather	father
grandfather	parent
grant	contract
grapefruit	citrus-fruit
graph	hypergraph
graph	mathematical-structure
graph-clique	algebraic-structure
graph-clique	complete-graph
graph-clique	connected-graph
graph-clique	graph
graph-clique	hypergraph
graph-clique	induced-subgraph
graph-clique	mathematical-graph
graph-clique	mathematical-set
graph-clique	mathematical-structure
graph-clique	subgraph
graph-clique	subset
graph-clique	undirected-graph
graph-colouring	algebraic-structure
graph-colouring	binary-relation
graph-colouring	function
graph-colouring	mathematical-set
graph-colouring	mathematical-structure
graph-homomorphism	algebraic-structure
graph-homomorphism	binary-relation
graph-homomorphism	function
graph-homomorphism	homomorphism
graph-homomorphism	mathematical-set
graph-homomorphism	mathematical-structure
graph-isomorphism	algebraic-structure
graph-isomorphism	binary-relation
graph-isomorphism	function
graph-isomorphism	graph-homomorphism
graph-isomorphism	homomorphism
graph-isomorphism	isomorphism
graph-isomorphism	mathematical-set
graph-isomorphism	mathematical-structure
graph-matching	algebraic-structure
graph-matching	mathematical-set
graph-matching	mathematical-structure
grass	organism
grass	physical-object
grass	plant
gratuity	contribution
gratuity	gift
grave	commemoration
grave	memorial
gravy	sauce
gravy-boat	artifact
gravy-boat	equipment
gravy-boat	physical-object
gravy-boat	tableware
gravy-boat	tool
greenhouse	workplace
greens	vegetable
grinder	dish
grinder	food
grinder	prepared-dish
grocery-store	workplace
ground	electrical-conductor
grout	concrete
grout	fluid
guacamole	dip
guacamole	food
guacamole	sauce
guide	expert
guide	person
guidebook	publication
gym-mat	artifact
gym-mat	equipment
gym-mat	physical-object
gym-mat	sporting-goods
habitat	environment
hair-dryer	dryer
hair-dryer	household-appliance
hair-dryer	machine
hairbrush	brush
hallway	workplace
ham	flesh
ham	food
ham	meat
ham	pork
ham	tissue
hamiltonian-path	graph-path
hammock	artifact
hammock	bed
hammock	furniture
hammock	physical-object
hammock	playground-swing
hammock	swing
handbag	artifact
handbag	equipment
handbag	housing
handbag	machine-housing
handbag	physical-object
handbag	tool
handball	artifact
handball	equipment
handball	physical-object
handball	sporting-goods
handkerchief	artifact
handkerchief	clothing
handkerchief	equipment
handkerchief	physical-object
handkerchief	tool
handrail	equipment
handrail	interface
hanger	artifact
hanger	equipment
hanger	physical-object
hanger	tool
hard-disk	hardware
harmonic-progression	algebraic-structure
harmonic-progression	binary-relation
harmonic-progression	function
harmonic-progression	mathematical-set
harmonic-progression	mathematical-structure
harp	artifact
harp	equipment
harp	musical-instrument
harp	physical-object
harp	tool
hash-table	data-structure
hat	artifact
hat	clothing
hat	equipment
hat	physical-object
hat	tool
hayfield	environment
hayfield	habitat
headband	artifact
headband	clothing
headband	equipment
headband	physical-object
headband	tool
headdress	artifact
headdress	clothing
headdress	equipment
headdress	physical-object
headdress	tool
headphone	loudspeaker
headset	hardware
hedge	fence
hedge	obstacle
hedge	physical-object
helmet	artifact
helmet	clothing
helmet	equipment
helmet	physical-object
helmet	tool
hemisphere	algebraic-structure
hemisphere	geometric-shape
hemisphere	locus
hemisphere	mathematical-set
hemisphere	mathematical-structure
heptagon	algebraic-structure
heptagon	geometric-shape
heptagon	locus
heptagon	mathematical-set
heptagon	mathematical-structure
heptagon	polygon
herbicide	pesticide
hexagon	algebraic-structure
hexagon	geometric-shape
hexagon	locus
hexagon	mathematical-set
hexagon	mathematical-structure
hexagon	polygon
heyting-algebra	algebraic-magma
heyting-algebra	algebraic-structure
heyting-algebra	bounded-lattice
heyting-algebra	distributive-lattice
heyting-algebra	join-semilattice
heyting-algebra	mathematical-lattice
heyting-algebra	mathematical-structure
heyting-algebra	meet-semilattice
heyting-algebra	monoid
heyting-algebra	partially-ordered-set
heyting-algebra	semigroup
highlighter	marker
highlighter	pen
hilbert-space	algebraic-structure
hilbert-space	banach-space
hilbert-space	mathematical-module
hilbert-space	mathematical-structure
hilbert-space	vector-space
hill	landform
hog	animal
hog	organism
hog	physical-object
holder	person
homogeneous-polynomial	polynomial
homomorphic-encryption	encryption
homomorphism	algebraic-structure
homomorphism	binary-relation
homomorphism	function
homomorphism	mathematical-set
homomorphism	mathematical-structure
honey	syrup
horse	animal
horse	organism
horse	physical-object
hosiery	artifact
hosiery	clothing
hosiery	equipment
hosiery	physical-object
hosiery	tool
hospital	workplace
hospital-bed	artifact
hospital-bed	bed
hospital-bed	furniture
hospital-bed	physical-object
hostage	inhabitant
hostage	person
hostage	prisoner
hostel	building
hostel	hotel
hostel	occupation
hostel	organization
hostel	restaurant
hostel	workplace
hot-sauce	food
hot-sauce	sauce
hot-sauce	spread
hotel	occupation
hotel	organization
hourglass	clock
hourglass	machine
house	building
houseplant	organism
houseplant	physical-object
houseplant	plant
housewife	adult
housewife	animal
housewife	organism
housewife	person
housewife	physical-object
housewife	spouse
housewife	wife
housewife	woman
housing	artifact
housing	equipment
housing	physical-object
housing	tool
hovel	building
hovel	hotel
hovel	occupation
hovel	organization
human	mammal
hunter	athlete
hunter	worker
hunting-expedition	hunt
hunting-expedition	motion
hunting-expedition	voyage
husband	organism
husband	physical-object
husband	spouse
hypergraph	mathematical-structure
ice	substance
ice	water
ice-cream	dessert
ice-cream	dish
ice-cream	food
ice-cream	frozen-dessert
ice-cream	prepared-dish
ice-skate	artifact
ice-skate	equipment
ice-skate	physical-object
ice-skate	sporting-goods
icing	food
icing	spread
identity	algebraic-structure
identity	antisymmetric-relation
identity	binary-relation
identity	equivalence-relation
identity	mathematical-set
identity	mathematical-structure
identity	partial-order
identity	preorder
identity	reflexive-relation
identity	symmetric-relation
identity	tautology
identity	theorem
identity	transitive-relation
illustration	image
imaginary-number	algebraic-structure
imaginary-number	complex-number
imaginary-number	join-semilattice
imaginary-number	mathematical-lattice
imaginary-number	mathematical-structure
imaginary-number	meet-semilattice
imaginary-number	number
imaginary-number	partially-ordered-set
imaginary-number	quaternion
imaginary-number	totally-ordered-set
importance	algebraic-structure
importance	binary-relation
importance	function
importance	mathematical-set
importance	mathematical-structure
increment	number
independent-set	algebraic-structure
independent-set	graph
independent-set	hypergraph
independent-set	induced-subgraph
independent-set	mathematical-graph
independent-set	mathematical-set
independent-set	mathematical-structure
independent-set	subgraph
independent-set	subset
index	finger
individual	organism
individual	physical-object
induced-subgraph	algebraic-structure
induced-subgraph	graph
induced-subgraph	hypergraph
induced-subgraph	mathematical-graph
induced-subgraph	mathematical-set
induced-subgraph	mathematical-structure
induced-subgraph	subgraph
induced-subgraph	subset
inductor	magnet
inductor	physical-object
industry	occupation
industry	organization
industry	workplace
industry	workshop
infimum	algebraic-structure
infimum	antisymmetric-relation
infimum	binary-relation
infimum	lower-bound
infimum	mathematical-set
infimum	mathematical-structure
infimum	partial-order
infimum	preorder
infimum	reflexive-relation
infimum	transitive-relation
infinite-set	algebraic-structure
infinite-set	mathematical-set
infinite-set	mathematical-structure
infinitesimal	number
infrastructure	structure
inhabitant	person
initial	letter-of-the-alphabet
initialization-vector	algebraic-structure
initialization-vector	mathematical-set
initialization-vector	mathematical-structure
injective-function	algebraic-structure
injective-function	binary-relation
injective-function	function
injective-function	mathematical-set
injective-function	mathematical-structure
input-device	hardware
input-device	interface
insect	animal
insect	invertebrate
insect	organism
insect	physical-object
integer	algebraic-number
integer	algebraic-structure
integer	complex-number
integer	join-semilattice
integer	mathematical-lattice
integer	mathematical-structure
integer	meet-semilattice
integer	number
integer	partially-ordered-set
integer	quaternion
integer	rational-number
integer	real-number
integer	totally-ordered-set
integral-domain	abelian-group
integral-domain	algebraic-magma
integral-domain	algebraic-structure
integral-domain	commutative-ring
integral-domain	mathematical-group
integral-domain	mathematical-module
integral-domain	mathematical-ring
integral-domain	mathematical-set
integral-domain	mathematical-structure
integral-domain	monoid
integral-domain	quasigroup
integral-domain	semigroup
integral-domain	subset
integral-domain	topological-space
intercom	household-appliance
intercom	phone
interpolation	algorithm
invariant	algebraic-structure
invariant	binary-relation
invariant	function
invariant	mathematical-set
invariant	mathematical-structure
invasion	therapy
inverse-function	algebraic-structure
inverse-function	binary-relation
inverse-function	function
inverse-function	mathematical-operation
inverse-function	mathematical-set
inverse-function	mathematical-structure
invertebrate	animal
invertebrate	organism
invertebrate	physical-object
iron	drug
iron	medication
ironware	factory
ironware	occupation
ironware	organization
irrational-number	algebraic-structure
irrational-number	complex-number
irrational-number	join-semilattice
irrational-number	mathematical-lattice
irrational-number	mathematical-structure
irrational-number	meet-semilattice
irrational-number	number
irrational-number	partially-ordered-set
irrational-number	quaternion
irrational-number	real-number
irrational-number	totally-ordered-set
isometry	algebraic-structure
isometry	bijection
isometry	binary-relation
isometry	function
isometry	mathematical-set
isometry	mathematical-structure
isometry	surjective-function
isosceles-triangle	algebraic-structure
isosceles-triangle	geometric-shape
isosceles-triangle	locus
isosceles-triangle	mathematical-set
isosceles-triangle	mathematical-structure
isosceles-triangle	polygon
issue	algebraic-structure
issue	mathematical-set
issue	mathematical-structure
issue	text
ivory	tooth
jacket	artifact
jacket	clothing
jacket	equipment
jacket	outerwear
jacket	physical-object
jacket	tool
jail-cell	prison
jam	food
jar	artifact
jar	equipment
jar	physical-object
jar	tool
javelin	artifact
javelin	equipment
javelin	physical-object
javelin	spear
javelin	sporting-goods
jeans	artifact
jeans	clothing
jeans	equipment
jeans	physical-object
jeans	tool
jeans	trousers
jersey	artifact
jersey	clothing
jersey	equipment
jersey	physical-object
jersey	shirt
jersey	tool
jersey	top
jester	artist
jester	person
jewel	mineral
jigsaw	artifact
jigsaw	equipment
jigsaw	machine
jigsaw	physical-object
jigsaw	power-tool
jigsaw	tool
jockey	athlete
join-semilattice	algebraic-structure
join-semilattice	mathematical-structure
join-semilattice	partially-ordered-set
judge	professional
judge	specialist
judge	worker
jumpsuit	artifact
jumpsuit	clothing
jumpsuit	equipment
jumpsuit	physical-object
jumpsuit	tool
jurisprudence	legislation
jury	organization
keccak	algebraic-structure
keccak	algorithm
keccak	binary-relation
keccak	cryptographic-hash-function
keccak	cryptographic-primitive
keccak	cryptography
keccak	function
keccak	mathematical-set
keccak	mathematical-structure
ketchup	sauce
key	mechanism
key-derivation-function	algebraic-structure
key-derivation-function	algorithm
key-derivation-function	binary-relation
key-derivation-function	cryptographic-primitive
key-derivation-function	cryptography
key-derivation-function	function
key-derivation-function	mathematical-set
key-derivation-function	mathematical-structure
key-exchange	cryptographic-protocol
kid	goat
killer	person
killer	wrongdoer
kitchen	room
kitchen-mixer	artifact
kitchen-mixer	equipment
kitchen-mixer	household-appliance
kitchen-mixer	machine
kitchen-mixer	physical-object
kitchen-mixer	power-tool
kitchen-mixer	tool
knife	artifact
knife	equipment
knife	physical-object
knife	tool
kumquat	commodity
kumquat	organism
kumquat	physical-object
kumquat	plant
kumquat	tree
lab	room
lab	study
lab	workplace
label	artifact
label	physical-object
laborer	employee
laborer	worker
labour	class
lacrosse-ball	artifact
lacrosse-ball	equipment
lacrosse-ball	physical-object
lacrosse-ball	sporting-goods
ladder	artifact
ladder	equipment
ladder	physical-object
ladder	stairway
ladder	tool
ladle	spoon
lake	landform
lamb	animal
lamb	organism
lamb	physical-object
lambda-calculus	formal-system
landed-estate	facility
landed-estate	farm
landed-estate	workplace
laptop	computer
laptop	machine
laundry	care
laundry	service
laundry-detergent	chemical
laurel-wreath	artifact
laurel-wreath	clothing
laurel-wreath	equipment
laurel-wreath	physical-object
laurel-wreath	prize
laurel-wreath	tool
law	social-science
lawn-mower	machine
lawyer	professional
lawyer	specialist
lawyer	worker
leader	person
lease	contract
lectern	dining-table
lectern	furniture
lectern	table
lectern	table-furniture
lecture	presentation
leek	vegetable
leftovers	food
leggings	artifact
leggings	clothing
leggings	equipment
leggings	physical-object
leggings	tool
lemma	theorem
lemon	citrus-fruit
lens-cap	equipment
letter-opener	artifact
letter-opener	equipment
letter-opener	knife
letter-opener	physical-object
letter-opener	tool
library	room
license	contract
lie-algebra	algebra-over-a-field
lie-algebra	algebraic-structure
lie-algebra	mathematical-module
lie-algebra	mathematical-ring
lie-algebra	mathematical-structure
lie-algebra	vector-space
light-bulb	lamp
light-meter	artifact
light-meter	equipment
light-meter	physical-object
light-meter	tool
lighter	artifact
lighter	equipment
lighter	physical-object
lighter	tool
lime	citrus-fruit
limit	algebraic-structure
limit	binary-relation
limit	mathematical-set
limit	mathematical-structure
linear-map	algebraic-structure
linear-map	binary-relation
linear-map	function
linear-map	homomorphism
linear-map	mathematical-set
linear-map	mathematical-structure
linear-operator	algebraic-structure
linear-operator	binary-relation
linear-operator	function
linear-operator	homomorphism
linear-operator	linear-map
linear-operator	mathematical-set
linear-operator	mathematical-structure
lingerie	artifact
lingerie	clothing
lingerie	equipment
lingerie	physical-object
lingerie	tool
lingerie	underwear
linguistics	humanities
linguistics	social-science
linked-list	data-structure
linked-list	list
lipstick	chemical
lipstick	cosmetic
liquid	fluid
liquid-substance	fluid
list	data-structure
literacy	skill
loan	transaction
lobby	workplace
lock	mechanism
locker	cabinet
locus	algebraic-structure
locus	mathematical-set
locus	mathematical-structure
log-cabin	building
log-cabin	house
logical-completeness	algebraic-structure
logical-completeness	binary-relation
logical-completeness	function
logical-completeness	mathematical-set
logical-completeness	mathematical-structure
logical-connective	algebraic-structure
logical-connective	binary-relation
logical-connective	function
logical-connective	mathematical-set
logical-connective	mathematical-structure
logical-consistency	algebraic-structure
logical-consistency	binary-relation
logical-consistency	function
logical-consistency	mathematical-set
logical-consistency	mathematical-structure
logical-operation	algebraic-structure
logical-operation	binary-relation
logical-operation	function
logical-operation	mathematical-set
logical-operation	mathematical-structure
logical-predicate	algebraic-structure
logical-predicate	mathematical-set
logical-predicate	mathematical-structure
longbow	bow
look-alike	person
lookout	guard
looting	crime
loquat	commodity
loquat	organism
loquat	physical-object
loquat	plant
loquat	tree
lotion	chemical
lotion	cosmetic
lotion	fluid
lotion	liquid
lotion	liquid-substance
lottery	game
lounge	room
loungewear	artifact
loungewear	clothing
loungewear	costume
loungewear	equipment
loungewear	physical-object
loungewear	tool
lower-bound	algebraic-structure
lower-bound	antisymmetric-relation
lower-bound	binary-relation
lower-bound	mathematical-set
lower-bound	mathematical-structure
lower-bound	partial-order
lower-bound	preorder
lower-bound	reflexive-relation
lower-bound	transitive-relation
lower-set	algebraic-structure
lower-set	mathematical-set
lower-set	mathematical-structure
lower-set	subset
luggage	artifact
luggage	equipment
luggage	physical-object
luggage	tool
lumber	artifact
lumber	physical-object
lung	organ
machete	artifact
machete	equipment
machete	knife
machete	physical-object
machete	tool
machine-housing	artifact
machine-housing	equipment
machine-housing	physical-object
machine-housing	tool
magnet	physical-object
maid	servant
maid	worker
mailman	employee
mailman	worker
male-child	animal
male-child	child
male-child	childhood
male-child	organism
male-child	physical-object
man	adult
man	animal
man	organism
man	physical-object
manager	person
mangosteen	commodity
mangosteen	organism
mangosteen	physical-object
mangosteen	plant
mangosteen	tree
manifold	mathematical-structure
manifold	topological-space
manus	leg
manus	limb
manuscript	algebraic-structure
manuscript	mathematical-set
manuscript	mathematical-structure
manuscript	text
marathon	game
marathon	race
marathon	sport
marionette	artifact
marionette	doll
marionette	physical-object
marker	pen
marriage	ceremony
marsh	environment
marsh	habitat
marshmallow	candy
mascara	chemical
mascara	cosmetic
mask	artifact
mask	clothing
mask	equipment
mask	physical-object
mask	tool
match	artifact
match	equipment
match	physical-object
match	tool
matchstick	artifact
matchstick	equipment
matchstick	physical-object
matchstick	tool
mathematical-category	mathematical-structure
mathematical-field	abelian-group
mathematical-field	algebra-over-a-field
mathematical-field	algebraic-magma
mathematical-field	algebraic-structure
mathematical-field	commutative-ring
mathematical-field	division-ring
mathematical-field	mathematical-group
mathematical-field	mathematical-module
mathematical-field	mathematical-ring
mathematical-field	mathematical-set
mathematical-field	mathematical-structure
mathematical-field	monoid
mathematical-field	quasigroup
mathematical-field	semigroup
mathematical-field	subset
mathematical-field	topological-space
mathematical-field	vector-space
mathematical-graph	hypergraph
mathematical-graph	mathematical-structure
mathematical-group	algebraic-magma
mathematical-group	algebraic-structure
mathematical-group	mathematical-structure
mathematical-group	monoid
mathematical-group	quasigroup
mathematical-group	semigroup
mathematical-lattice	algebraic-structure
mathematical-lattice	join-semilattice
mathematical-lattice	mathematical-structure
mathematical-lattice	meet-semilattice
mathematical-lattice	partially-ordered-set
mathematical-module	algebraic-structure
mathematical-module	mathematical-structure
mathematical-operation	algebraic-structure
mathematical-operation	binary-relation
mathematical-operation	function
mathematical-operation	mathematical-set
mathematical-operation	mathematical-structure
mathematical-ring	algebraic-structure
mathematical-ring	mathematical-structure
mathematical-set	algebraic-structure
mathematical-set	mathematical-structure
mathematician	research-worker
mathematician	scientist
matrix	data-structure
matrix	tensor
matrix-diagonal	algebraic-structure
matrix-diagonal	geometric-shape
matrix-diagonal	locus
matrix-diagonal	mathematical-set
matrix-diagonal	mathematical-structure
matrix-diagonal	partially-ordered-set
matrix-diagonal	subset
matrix-multiplication	multiplication
matroid	hypergraph
matroid	mathematical-structure
mayonnaise	sauce
meal	commodity
meal	grass
meal	organism
meal	physical-object
meal	plant
measuring-cup	artifact
measuring-cup	cup
measuring-cup	equipment
measuring-cup	physical-object
measuring-cup	tool
measuring-stick	artifact
measuring-stick	equipment
measuring-stick	physical-object
measuring-stick	tool
meat	flesh
meat	food
meat	tissue
medication	drug
medicine-ball	artifact
medicine-ball	equipment
medicine-ball	physical-object
medicine-ball	sporting-goods
medicine-cabinet	cabinet
meet-semilattice	algebraic-structure
meet-semilattice	mathematical-structure
meet-semilattice	partially-ordered-set
melon	vegetable
merchant	businessman
merchant	worker
merkle-tree	data-structure
message	information
metal-detector	artifact
metal-detector	detector
metal-detector	equipment
metal-detector	physical-object
metal-detector	tool
method	textbook
metric-function	algebraic-structure
metric-function	binary-relation
metric-function	function
metric-function	mathematical-set
metric-function	mathematical-structure
metric-space	mathematical-structure
metric-space	topological-space
microorganism	organism
microorganism	physical-object
microphone	artifact
microphone	detector
microphone	equipment
microphone	hardware
microphone	input-device
microphone	interface
microphone	musical-instrument
microphone	physical-object
microphone	tool
microwave-oven	household-appliance
military-uniform	artifact
military-uniform	clothing
military-uniform	equipment
military-uniform	physical-object
military-uniform	tool
military-uniform	uniform
milk	fluid
milk	food
milk	liquid
milk	liquid-substance
mill	machine
mineral-water	drink
mineral-water	fluid
mineral-water	liquid
mineral-water	liquid-substance
mineral-water	water
minimum-spanning-tree	algebraic-structure
minimum-spanning-tree	bipartite-graph
minimum-spanning-tree	connected-graph
minimum-spanning-tree	forest-graph
minimum-spanning-tree	graph
minimum-spanning-tree	hypergraph
minimum-spanning-tree	mathematical-graph
minimum-spanning-tree	mathematical-set
minimum-spanning-tree	mathematical-structure
minimum-spanning-tree	multigraph
minimum-spanning-tree	planar-graph
minimum-spanning-tree	spanning-tree
minimum-spanning-tree	subgraph
minimum-spanning-tree	subset
minimum-spanning-tree	tree-graph
minimum-spanning-tree	undirected-graph
minimum-spanning-tree	weighted-graph
mirror	artifact
mirror	physical-object
mist	cloud
mist	fog
mist	weather
mitt	artifact
mitt	clothing
mitt	equipment
mitt	glove
mitt	physical-object
mitt	sporting-goods
mitt	tool
mitten	artifact
mitten	clothing
mitten	equipment
mitten	physical-object
mitten	tool
mixing-bowl	artifact
mixing-bowl	bowl
mixing-bowl	equipment
mixing-bowl	physical-object
mixing-bowl	serving-bowl
mixing-bowl	tableware
mixing-bowl	tool
modal-logic	formal-system
model-theory	mathematical-logic
modular-lattice	algebraic-structure
modular-lattice	join-semilattice
modular-lattice	mathematical-lattice
modular-lattice	mathematical-structure
modular-lattice	meet-semilattice
modular-lattice	partially-ordered-set
molasses	syrup
mold	fungus
mold	organism
mold	physical-object
mollusc	food
mollusc	seafood
momentum	algebraic-structure
momentum	mathematical-set
momentum	mathematical-structure
monastery	settlement
monic-polynomial	polynomial
monitor	hardware
monitor	interface
monkey	mammal
monoid	algebraic-magma
monoid	algebraic-structure
monoid	mathematical-structure
monoid	semigroup
monotone-function	algebraic-structure
monotone-function	binary-relation
monotone-function	function
monotone-function	mathematical-set
monotone-function	mathematical-structure
mortar	artifact
mortar	equipment
mortar	physical-object
mortar	tool
mosque	organization
mosquito	animal
mosquito	organism
mosquito	physical-object
mother	parent
motor	machine
mountain	landform
mountain-range	landform
mouse	animal
mouse	organism
mouse	physical-object
mouthwash	chemical
mouthwash	cosmetic
mud	chemical
muffin	bread
muffin	food
mug	artifact
mug	cup
mug	equipment
mug	physical-object
mug	tool
multigraph	hypergraph
multigraph	mathematical-structure
multiple-regression	correlation
multiple-regression	statistical-correlation
mushroom-food	mushroom
music	entertainment
music-director	artist
music-director	musician
music-director	person
music-stand	furniture
music-stand	stand
musical-instrument	artifact
musical-instrument	equipment
musical-instrument	physical-object
musical-instrument	tool
musician	artist
musician	person
mustard	food
mustard	spread
nail	artifact
nail	equipment
nail	physical-object
nail	tool
nail-polish	chemical
nail-polish	cosmetic
nail-polish	varnish
name	information
napkin-ring	tableware
natural-depression	landform
nausea	symptom
necklace	artifact
necklace	clothing
necklace	equipment
necklace	physical-object
necklace	tool
necktie	artifact
necktie	clothing
necktie	equipment
necktie	physical-object
necktie	tool
needle	artifact
needle	equipment
needle	physical-object
needle	tool
negotiation	dialogue
neighbor	inhabitant
neighbor	person
nerve	tissue
net	artifact
net	equipment
net	physical-object
net	sporting-goods
nightgown	artifact
nightgown	clothing
nightgown	costume
nightgown	equipment
nightgown	loungewear
nightgown	physical-object
nightgown	sleepwear
nightgown	tool
nightmare	dream
nonagon	algebraic-structure
nonagon	geometric-shape
nonagon	locus
nonagon	mathematical-set
nonagon	mathematical-structure
nonagon	polygon
normal	algebraic-structure
normal	geometric-shape
normal	locus
normal	mathematical-set
normal	mathematical-structure
notebook-computer	computer
notebook-computer	machine
nozzle	tip
nozzle	tip-end
nun	monk
nursery	room
nut-butter	food
nut-butter	spread
nutshell	peel
oatmeal	dish
oatmeal	food
oatmeal	grain
oatmeal	prepared-dish
oatmeal	seed
obstacle	physical-object
occupation	organization
octagon	algebraic-structure
octagon	geometric-shape
octagon	locus
octagon	mathematical-set
octagon	mathematical-structure
octagon	polygon
odd-number	algebraic-number
odd-number	algebraic-structure
odd-number	complex-number
odd-number	integer
odd-number	join-semilattice
odd-number	mathematical-lattice
odd-number	mathematical-structure
odd-number	meet-semilattice
odd-number	number
odd-number	partially-ordered-set
odd-number	quaternion
odd-number	rational-number
odd-number	real-number
odd-number	totally-ordered-set
office	workplace
office-furniture	furniture
olive-oil	chemical
olive-oil	cooking-oil
olive-oil	fuel
olive-oil	vegetable-oil
one-way-function	algebraic-structure
one-way-function	binary-relation
one-way-function	function
one-way-function	mathematical-set
one-way-function	mathematical-structure
onion-vegetable	bulb
onion-vegetable	vegetable
open-interval	algebraic-structure
open-interval	mathematical-set
open-interval	mathematical-structure
opera	musical-composition
operating-system	software
operation	therapy
opinion	point-of-view
opinion	slant
opposition	political-party
option	contract
orange	citrus-fruit
orbit	curve
order-embedding	algebraic-structure
order-embedding	binary-relation
order-embedding	function
order-embedding	mathematical-set
order-embedding	mathematical-structure
order-embedding	monotone-function
order-isomorphism	isomorphism
ordinal-number	number
ordinal-number	quantity
organism	physical-object
outerwear	artifact
outerwear	clothing
outerwear	equipment
outerwear	physical-object
outerwear	tool
overhead-projector	projector
paddle	artifact
paddle	equipment
paddle	physical-object
paddle	sporting-goods
padlock	key
padlock	lock
padlock	mechanism
pain	symptom
painkiller	drug
painkiller	medication
paintball-gun	artifact
paintball-gun	equipment
paintball-gun	physical-object
paintball-gun	sporting-goods
paintbrush	brush
painting	art
painting	artistic-creation
painting	fine-art
pajama	artifact
pajama	clothing
pajama	costume
pajama	equipment
pajama	loungewear
pajama	physical-object
pajama	sleepwear
pajama	tool
palace	building
palace	house
panic	fear
pannier	artifact
pannier	equipment
pannier	handbag
pannier	housing
pannier	machine-housing
pannier	physical-object
pannier	tool
panty	artifact
panty	clothing
panty	equipment
panty	physical-object
panty	tool
panty	underpants
panty	underwear
paper-towel	towel
parallel-line	algebraic-structure
parallel-line	mathematical-set
parallel-line	mathematical-structure
parity	algebraic-structure
parity	binary-relation
parity	function
parity	mathematical-set
parity	mathematical-structure
parliament	legislature
partial-order	algebraic-structure
partial-order	antisymmetric-relation
partial-order	binary-relation
partial-order	mathematical-set
partial-order	mathematical-structure
partial-order	preorder
partial-order	reflexive-relation
partial-order	transitive-relation
partially-ordered-set	algebraic-structure
partially-ordered-set	mathematical-structure
particle	physical-object
party	person
passenger	person
pasta	dish
pasta	food
pasta	prepared-dish
pastel	color
pasture	environment
pasture	habitat
pasture	hayfield
patch	software
pattern	decorative-design
payment	transaction
pea	bean
pea	food
pea	seed
peach	commodity
peach	organism
peach	physical-object
peach	plant
peach	tree
peasant	farmer
pellet	ammunition
pellet	artifact
pellet	physical-object
pencil-case	artifact
pencil-case	box
pencil-case	equipment
pencil-case	physical-object
pencil-case	tool
pension	service
people	mammal
performer	artist
performer	musician
performer	person
perfume	chemical
perfume	cosmetic
permutation	algebraic-structure
permutation	bijection
permutation	binary-relation
permutation	function
permutation	mathematical-set
permutation	mathematical-structure
permutation	surjective-function
pest	organism
pest	physical-object
petticoat	artifact
petticoat	clothing
petticoat	equipment
petticoat	physical-object
petticoat	tool
petticoat	underwear
phone	household-appliance
phone-number	information
photograph	image
photographic-film	equipment
photographic-paper	equipment
photographic-paper	paper
physical-barrier	gate
pig	animal
pig	organism
pig	physical-object
pillow	cushion
pillowcase	artifact
pillowcase	equipment
pillowcase	handbag
pillowcase	housing
pillowcase	machine-housing
pillowcase	physical-object
pillowcase	tool
pioneer	person
pipe	artifact
pipe	equipment
pipe	physical-object
pipe	tool
pipette	artifact
pipette	equipment
pipette	physical-object
pipette	tool
plaintiff	party
plaintiff	person
planar-graph	graph
planar-graph	hypergraph
planar-graph	mathematical-graph
planar-graph	mathematical-structure
plant	organism
plant	physical-object
player	person
playground-ball	artifact
playground-ball	equipment
playground-ball	physical-object
playground-ball	sporting-goods
playhouse	building
playhouse	house
playpen	artifact
playpen	equipment
playpen	physical-object
playpen	tool
pleasure	joy
plunger	artifact
plunger	equipment
plunger	physical-object
plunger	tool
pneumonia	disease
pneumonia	illness
pneumonia	symptom
pocket	artifact
pocket	equipment
pocket	physical-object
pocket	tool
poison	chemical
politician	professional
politician	specialist
politician	worker
polo-shirt	artifact
polo-shirt	clothing
polo-shirt	equipment
polo-shirt	physical-object
polo-shirt	tool
polo-shirt	top
polygon	algebraic-structure
polygon	geometric-shape
polygon	locus
polygon	mathematical-set
polygon	mathematical-structure
polytree	directed-acyclic-graph
polytree	directed-graph
polytree	graph
polytree	hypergraph
polytree	mathematical-graph
polytree	mathematical-structure
pony	animal
pony	horse
pony	organism
pony	physical-object
pop	drink
pop	fluid
pop	liquid
pop	liquid-substance
popcorn	food
popcorn	snack-food
population	magnitude
pork	flesh
pork	food
pork	meat
pork	tissue
portfolio	artifact
portfolio	equipment
portfolio	file-folder
portfolio	physical-object
portfolio	tool
portrait	image
poser	mannequin
postage-meter	machine
potato	organism
potato	physical-object
potato	plant
potential	algebraic-structure
potential	binary-relation
potential	function
potential	mathematical-set
potential	mathematical-structure
potpourri	musical-composition
pound	workplace
power-tool	artifact
power-tool	equipment
power-tool	machine
power-tool	physical-object
power-tool	tool
practical-application	software
practice-session	parade
prayer	algebraic-structure
prayer	mathematical-set
prayer	mathematical-structure
prayer	text
preorder	algebraic-structure
preorder	binary-relation
preorder	mathematical-set
preorder	mathematical-structure
preorder	reflexive-relation
preorder	transitive-relation
prepared-dish	food
prescription-drug	drug
prescription-drug	medication
president	leader
president	person
president	politician
president	professional
president	specialist
president	worker
press	machine
pressure-cooker	autoclave
pressure-cooker	household-appliance
pressure-cooker	saucepan
prey	organism
prey	physical-object
princess	adult
princess	animal
princess	organism
princess	physical-object
princess	woman
principle	structure
printer	hardware
prisoner	inhabitant
prisoner	person
privacy	secrecy
producer	businessman
producer	worker
professional	worker
professor	research-worker
professor	scientist
program	publication
promise	declaration
proof-theory	mathematical-logic
propositional-logic	formal-system
protractor	artifact
protractor	equipment
protractor	physical-object
protractor	tool
pruning-shears	scissors
pseudorandom-generator	algorithm
psychoanalysis	psychology
publisher	company
publisher	occupation
publisher	organization
pudding	dessert
pudding	dish
pudding	food
pudding	prepared-dish
pulp	tissue
pump	artifact
pump	equipment
pump	physical-object
pump	tool
pumpkin	botanical-fruit
pumpkin	fruit
pumpkin	gourd
pumpkin	vegetable
push-button	hardware
push-button	input-device
push-button	interface
quadrilateral	algebraic-structure
quadrilateral	geometric-shape
quadrilateral	locus
quadrilateral	mathematical-set
quadrilateral	mathematical-structure
quadrilateral	polygon
quantifier	algebraic-structure
quantifier	binary-relation
quantifier	function
quantifier	logical-connective
quantifier	mathematical-set
quantifier	mathematical-structure
quarter	coin
quasigroup	algebraic-magma
quasigroup	algebraic-structure
quasigroup	mathematical-structure
quaternion	number
queen	leader
queen	person
queen	sovereign
questionnaire	collection
questionnaire	group
quince	botanical-fruit
quince	fruit
quiver	artifact
quiver	clothing
quiver	equipment
quiver	housing
quiver	machine-housing
quiver	physical-object
quiver	tool
race	game
race	sport
racism	crime
racquetball	game
racquetball	sport
radiation-sickness	disease
radiation-sickness	illness
radical	person
radish	plant-root
radish	root
radish	vegetable
rain-barrel	artifact
rain-barrel	barrel
rain-barrel	equipment
rain-barrel	physical-object
rain-barrel	tool
ram	hardware
ramp	mechanism
ranch	settlement
randomness	uncertainty
range-of-a-function	algebraic-structure
range-of-a-function	mathematical-set
range-of-a-function	mathematical-structure
rangefinder	artifact
rangefinder	equipment
rangefinder	physical-object
rangefinder	tool
rational-number	algebraic-number
rational-number	algebraic-structure
rational-number	complex-number
rational-number	join-semilattice
rational-number	mathematical-lattice
rational-number	mathematical-structure
rational-number	meet-semilattice
rational-number	number
rational-number	partially-ordered-set
rational-number	quaternion
rational-number	real-number
rational-number	totally-ordered-set
real-number	algebraic-structure
real-number	complex-number
real-number	join-semilattice
real-number	mathematical-lattice
real-number	mathematical-structure
real-number	meet-semilattice
real-number	number
real-number	partially-ordered-set
real-number	quaternion
real-number	totally-ordered-set
reciprocating-saw	artifact
reciprocating-saw	equipment
reciprocating-saw	machine
reciprocating-saw	physical-object
reciprocating-saw	power-tool
reciprocating-saw	tool
recommendation	algebraic-structure
recommendation	mathematical-set
recommendation	mathematical-structure
recommendation	text
record-player	artifact
record-player	equipment
record-player	musical-instrument
record-player	physical-object
record-player	tool
rectangle	algebraic-structure
rectangle	geometric-shape
rectangle	locus
rectangle	mathematical-set
rectangle	mathematical-structure
rectangle	parallelogram
rectangle	polygon
rectangle	quadrilateral
rectangle	trapezoid
recursive-definition	algebraic-structure
recursive-definition	binary-relation
recursive-definition	definition
recursive-definition	function
recursive-definition	mathematical-set
recursive-definition	mathematical-structure
recursive-function	algebraic-structure
recursive-function	binary-relation
recursive-function	function
recursive-function	mathematical-set
recursive-function	mathematical-structure
reflexive-relation	algebraic-structure
reflexive-relation	binary-relation
reflexive-relation	mathematical-set
reflexive-relation	mathematical-structure
refugee-camp	settlement
region	algebraic-structure
region	mathematical-set
region	mathematical-structure
region	subset
register	pitch
regular-expression	algorithm
regular-expression	statement
regulator	algebraic-structure
regulator	binary-relation
regulator	function
regulator	mathematical-set
regulator	mathematical-structure
relative	person
relief	algorithm
religious-service	ceremony
religious-service	custom
religious-service	ritual
religious-service	service
relish	dish
relish	food
relish	prepared-dish
relish	salad
relish	sauce
relish-condiment	dish
relish-condiment	food
relish-condiment	prepared-dish
relish-condiment	salad
relish-condiment	sauce
remedy	therapy
remote-control	hardware
remote-control	input-device
remote-control	interface
repellent	pesticide
reporter	person
reserve	drug
reserve	medication
residential-district	settlement
restaurant	workplace
restriction	algebraic-structure
restriction	binary-relation
restriction	function
restriction	mathematical-set
restriction	mathematical-structure
retailer	businessman
retailer	worker
retirement	notice.communication
reversion	mutation
reviewer	critic
reviewer	person
rhomboid	parallelogram
rhombus	algebraic-structure
rhombus	geometric-shape
rhombus	locus
rhombus	mathematical-set
rhombus	mathematical-structure
rhombus	parallelogram
rhombus	polygon
rhombus	quadrilateral
rhubarb	vegetable
rhythm	tempo
rib	bone
ribbon	artifact
ribbon	clothing
ribbon	equipment
ribbon	physical-object
ribbon	tool
rice	commodity
rice	food
rice	grass
rice	organism
rice	physical-object
rice	plant
ridge	landform
riding-crop	tack
riding-crop	whip
rifle	gun
ritual	ceremony
ritual	custom
road-shoulder	lane
roadway	road
robbery	crime
robe	artifact
robe	clothing
robe	equipment
robe	physical-object
robe	tool
rocker	chair
rocker	furniture
rocket	noisemaker
role-model	person
roller-skate	artifact
roller-skate	equipment
roller-skate	physical-object
roller-skate	sporting-goods
rooted-tree	directed-acyclic-graph
rooted-tree	directed-graph
rooted-tree	graph
rooted-tree	hypergraph
rooted-tree	mathematical-graph
rooted-tree	mathematical-structure
rooted-tree	polytree
rope	braid
rope	structure
rose	flower
rose	organism
rose	physical-object
rose	plant
rotary-motion	motion
rotation	motion
rounding	algebraic-structure
rounding	binary-relation
rounding	function
rounding	mathematical-operation
rounding	mathematical-set
rounding	mathematical-structure
router	hardware
row	algebraic-structure
row	information
row	join-semilattice
row	mathematical-lattice
row	mathematical-structure
row	meet-semilattice
row	partially-ordered-set
row	totally-ordered-set
rugby	game
rugby	sport
rugby-ball	artifact
rugby-ball	equipment
rugby-ball	physical-object
rugby-ball	sporting-goods
ruler	artifact
ruler	equipment
ruler	physical-object
ruler	tool
rural-area	settlement
saddle	furniture
saddle	seat
sailboat	boat
sailboat	physical-object
sailboat	vehicle
sailboat	watercraft
salad	dish
salad	food
salad	prepared-dish
salad-dressing	sauce
salmon	fish
salmon	fish-meat
salmon	food
salmon	seafood
salon	occupation
salon	organization
salon	workplace
salsa	food
salsa	hot-sauce
salsa	sauce
salsa	spread
sample	scalar
sample	tensor
sandal	artifact
sandal	clothing
sandal	equipment
sandal	physical-object
sandal	shoe
sandal	tool
sandbox	artifact
sandbox	equipment
sandbox	physical-object
sandbox	tool
sander	artifact
sander	equipment
sander	machine
sander	physical-object
sander	power-tool
sander	tool
sash	artifact
sash	clothing
sash	equipment
sash	physical-object
sash	tool
satisfaction	joy
sauna	bathroom
sauna	building
sauna	room
saxophone	woodwind
scab	worker
scalar	tensor
scalar-field	algebraic-structure
scalar-field	binary-relation
scalar-field	function
scalar-field	mathematical-set
scalar-field	mathematical-structure
scalpel	artifact
scalpel	equipment
scalpel	knife
scalpel	physical-object
scalpel	tool
scanner	camera
scanner	digital-camera
scanner	equipment
scanner	hardware
scanner	household-appliance
scanner	input-device
scanner	interface
scarf	artifact
scarf	clothing
scarf	equipment
scarf	physical-object
scarf	tool
scholarship	prize
science	research
scientist	research-worker
scone	bread
scone	food
score	algebraic-structure
score	binary-relation
score	function
score	mathematical-set
score	mathematical-structure
scored-goal	failure
scouring-pad	artifact
scouring-pad	equipment
scouring-pad	physical-object
scouring-pad	tool
screw	mechanism
screwdriver	artifact
screwdriver	equipment
screwdriver	physical-object
screwdriver	tool
script	concept
script	sign
script	symbol
seafood	food
seal	mammal
seat	furniture
secretary	clerk
seed	food
seller	businessman
seller	person
seller	worker
selling	transaction
semigroup	algebraic-magma
semigroup	algebraic-structure
semigroup	mathematical-structure
semilattice	algebraic-magma
semilattice	algebraic-structure
semilattice	mathematical-structure
semilattice	semigroup
sentence	well-formed-formula
serial	algebraic-structure
serial	mathematical-set
serial	mathematical-structure
serial	text
servant	worker
serving-bowl	artifact
serving-bowl	equipment
serving-bowl	physical-object
serving-bowl	tableware
serving-bowl	tool
sewing-machine	household-appliance
sha-2	algebraic-structure
sha-2	algorithm
sha-2	binary-relation
sha-2	cryptographic-hash-function
sha-2	cryptographic-primitive
sha-2	cryptography
sha-2	function
sha-2	mathematical-set
sha-2	mathematical-structure
shape	algebraic-structure
shape	mathematical-set
shape	mathematical-structure
share	contract
shark	fish
shark	fish-meat
shark	food
shark	seafood
shaving-brush	brush
shawl	artifact
shawl	clothing
shawl	equipment
shawl	outerwear
shawl	physical-object
shawl	tool
shawl	wrap
sheet	bedding
sheet	blanket
shell	ammunition
shell	artifact
shell	physical-object
ship	watercraft
shirt	artifact
shirt	clothing
shirt	equipment
shirt	physical-object
shirt	tool
shirt	top
shoe	artifact
shoe	clothing
shoe	equipment
shoe	physical-object
shoe	tool
shoe-polish	chemical
shoe-polish	wax
shooting	game
shooting	sport
shop	workplace
shot	ammunition
shot	artifact
shot	physical-object
shovel	artifact
shovel	equipment
shovel	physical-object
shovel	tool
shower-cap	artifact
shower-cap	clothing
shower-cap	equipment
shower-cap	physical-object
shower-cap	tool
shrimp	food
shrimp	seafood
shrub	organism
shrub	physical-object
shrub	plant
sideboard	cabinet
sign-of-the-zodiac	concept
sign-of-the-zodiac	sign
sign-of-the-zodiac	symbol
signal	sign
signboard	information
similarity	affine-transformation
similarity	algebraic-structure
similarity	automorphism
similarity	bijection
similarity	binary-relation
similarity	endomorphism
similarity	function
similarity	homomorphism
similarity	isomorphism
similarity	mathematical-set
similarity	mathematical-structure
similarity	surjective-function
simultaneous-equations	formula
simultaneous-equations	rule.cognition
singer	artist
singer	musician
singer	person
singleton-set	algebraic-structure
singleton-set	countable-set
singleton-set	finite-set
singleton-set	join-semilattice
singleton-set	mathematical-lattice
singleton-set	mathematical-set
singleton-set	mathematical-structure
singleton-set	meet-semilattice
singleton-set	partially-ordered-set
singleton-set	totally-ordered-set
skateboard	artifact
skateboard	board
skateboard	equipment
skateboard	physical-object
skateboard	sporting-goods
sketch	artifact
sketch	drawing
sketch	physical-object
skewer	food
skin-cream	chemical
skin-cream	cosmetic
skirt	artifact
skirt	clothing
skirt	equipment
skirt	physical-object
skirt	tool
slave	inhabitant
slave	person
slave	prisoner
sled	artifact
sled	equipment
sled	physical-object
sled	sporting-goods
sleeping-bag	bedding
sleeping-bag	blanket
sleepwear	artifact
sleepwear	clothing
sleepwear	costume
sleepwear	equipment
sleepwear	loungewear
sleepwear	physical-object
sleepwear	tool
slide-projector	projector
slope	landform
slot-machine	game
sludge	fluid
sludge	waste
smell	perception
smoke	physical-object
smoothing-iron	artifact
smoothing-iron	equipment
smoothing-iron	household-appliance
smoothing-iron	machine
smoothing-iron	physical-object
smoothing-iron	power-tool
smoothing-iron	tool
snack-food	food
snail	animal
snail	organism
snail	physical-object
snake	reptile
snare-drum	artifact
snare-drum	drum
snare-drum	equipment
snare-drum	musical-instrument
snare-drum	physical-object
snare-drum	tool
snowboard	artifact
snowboard	board
snowboard	equipment
snowboard	physical-object
snowboard	sporting-goods
snowmobile	artifact
snowmobile	equipment
snowmobile	physical-object
snowmobile	sled
snowmobile	sporting-goods
soap	chemical
soap-dish	artifact
soap-dish	equipment
soap-dish	physical-object
soap-dish	tool
soccer	game
soccer	sport
soccer-ball	artifact
soccer-ball	equipment
soccer-ball	physical-object
soccer-ball	sporting-goods
sociology	social-science
sock	artifact
sock	clothing
sock	equipment
sock	hosiery
sock	physical-object
sock	tool
sofa	furniture
software-library	software
soldering-iron	artifact
soldering-iron	equipment
soldering-iron	machine
soldering-iron	physical-object
soldering-iron	power-tool
soldering-iron	tool
soldier	employee
soldier	warrior
soldier	worker
solo	musical-composition
sorrow	worry
soup	dish
soup	food
soup	prepared-dish
sour-cream	dairy-product
soy-sauce	sauce
space-heater	household-appliance
spacecraft	physical-object
spacecraft	vehicle
spanning-tree	algebraic-structure
spanning-tree	bipartite-graph
spanning-tree	connected-graph
spanning-tree	forest-graph
spanning-tree	graph
spanning-tree	hypergraph
spanning-tree	mathematical-graph
spanning-tree	mathematical-set
spanning-tree	mathematical-structure
spanning-tree	multigraph
spanning-tree	planar-graph
spanning-tree	subgraph
spanning-tree	subset
spanning-tree	tree-graph
spanning-tree	undirected-graph
speaker	person
spear	artifact
spear	equipment
spear	physical-object
spear	sporting-goods
specialist	worker
spectacles	artifact
spectacles	clothing
spectacles	equipment
spectacles	physical-object
spectacles	tool
spectator	aircraft
spectator	drone-aircraft
spectator	physical-object
spectator	vehicle
sphere	algebraic-structure
sphere	geometric-shape
sphere	locus
sphere	mathematical-set
sphere	mathematical-structure
sphere	surface
spherical-polygon	algebraic-structure
spherical-polygon	geometric-shape
spherical-polygon	locus
spherical-polygon	mathematical-set
spherical-polygon	mathematical-structure
spherical-triangle	algebraic-structure
spherical-triangle	geometric-shape
spherical-triangle	locus
spherical-triangle	mathematical-set
spherical-triangle	mathematical-structure
spherical-triangle	spherical-polygon
spider	animal
spider	invertebrate
spider	organism
spider	physical-object
spinach	greens
spinach	herb
spinach	leaf
spinach	vegetable
spirit-level	artifact
spirit-level	equipment
spirit-level	physical-object
spirit-level	tool
spiritualist	person
sport	game
sporting-goods	artifact
sporting-goods	equipment
sporting-goods	physical-object
spray	chemical
spread	food
sprout	vegetable
spur	artifact
spur	clothing
spur	equipment
spur	physical-object
spur	tool
square	algebraic-structure
square	geometric-shape
square	locus
square	mathematical-set
square	mathematical-structure
square	parallelogram
square	polygon
square	quadrilateral
square	rectangle
square	rhombus
square	trapezoid
stage	workplace
stake	payment
stake	transaction
stamp	concept
stamp	sign
stamp	symbol
stand	furniture
starter	engine
starter	machine
starter	motor
statistics	mathematics
statue	artifact
statue	physical-object
steak	food
steam	fluid
steam	gas
steam	water
steward	governor
steward	leader
steward	person
stilt	artifact
stilt	clothing
stilt	equipment
stilt	physical-object
stilt	tool
stocking	artifact
stocking	clothing
stocking	equipment
stocking	hosiery
stocking	physical-object
stocking	tool
stopwatch	artifact
stopwatch	clock
stopwatch	clothing
stopwatch	equipment
stopwatch	machine
stopwatch	physical-object
stopwatch	tool
stopwatch	watch
storage-tank	artifact
storage-tank	equipment
storage-tank	physical-object
storage-tank	tool
storm	motion
storm	wind
stove	artifact
stove	dining-table
stove	equipment
stove	furniture
stove	household-appliance
stove	physical-object
stove	table
stove	table-furniture
stove	tool
stove	workbench
strawberry	berry
stream-cipher	algorithm
stream-cipher	cipher
stream-cipher	sign
street	road
strict-order	algebraic-structure
strict-order	antisymmetric-relation
strict-order	binary-relation
strict-order	mathematical-set
strict-order	mathematical-structure
strict-order	transitive-relation
string	mechanism
strongly-connected-component	algebraic-structure
strongly-connected-component	connected-component
strongly-connected-component	connected-graph
strongly-connected-component	directed-graph
strongly-connected-component	graph
strongly-connected-component	hypergraph
strongly-connected-component	mathematical-graph
strongly-connected-component	mathematical-set
strongly-connected-component	mathematical-structure
strongly-connected-component	subgraph
strongly-connected-component	subset
strongly-connected-component	undirected-graph
studio	building
studio	room
studio	workplace
studio	workshop
study	room
study	workplace
subgraph	algebraic-structure
subgraph	graph
subgraph	hypergraph
subgraph	mathematical-graph
subgraph	mathematical-set
subgraph	mathematical-structure
subgraph	subset
subset	algebraic-structure
subset	mathematical-set
subset	mathematical-structure
suburb	settlement
suffering	sense
suit	artifact
suit	clothing
suit	equipment
suit	physical-object
suit	tool
suite	bedroom
suite	room
summary	algebraic-structure
summary	mathematical-set
summary	mathematical-structure
summary	text
sunday	holiday
sundial	artifact
sundial	equipment
sundial	physical-object
sundial	tool
sunglasses	artifact
sunglasses	clothing
sunglasses	equipment
sunglasses	physical-object
sunglasses	tool
sunhat	artifact
sunhat	clothing
sunhat	equipment
sunhat	hat
sunhat	physical-object
sunhat	tool
sunlight	light
sunscreen	chemical
sunscreen	cosmetic
supermarket	grocery-store
supermarket	workplace
supervisor	manager
supervisor	person
supremum	algebraic-structure
supremum	antisymmetric-relation
supremum	binary-relation
supremum	mathematical-set
supremum	mathematical-structure
supremum	partial-order
supremum	preorder
supremum	reflexive-relation
supremum	transitive-relation
supremum	upper-bound
surfboard	artifact
surfboard	board
surfboard	equipment
surfboard	physical-object
surfboard	sporting-goods
surfboard	watercraft
surgeon	doctor
surjective-function	algebraic-structure
surjective-function	binary-relation
surjective-function	function
surjective-function	mathematical-set
surjective-function	mathematical-structure
surrogate	animal
surrogate	organism
surrogate	physical-object
survivor	person
survivor	victim
sweater	artifact
sweater	clothing
sweater	equipment
sweater	physical-object
sweater	tool
sweater	top
sweatshirt	activewear
sweatshirt	artifact
sweatshirt	clothing
sweatshirt	equipment
sweatshirt	physical-object
sweatshirt	sporting-goods
sweatshirt	sweater
sweatshirt	tool
sweatshirt	top
sweet-potato	vegetable
swimwear	activewear
swimwear	artifact
swimwear	clothing
swimwear	equipment
swimwear	physical-object
swimwear	sporting-goods
swimwear	tool
syllogism	classical-logic
syllogism	deductive-reasoning
syllogism	formal-system
symbol	concept
symbol	sign
symmetric-key-cryptography	algorithm
symmetric-relation	algebraic-structure
symmetric-relation	binary-relation
symmetric-relation	mathematical-set
symmetric-relation	mathematical-structure
syndrome	disease
syndrome	illness
syndrome	symptom
syringe	artifact
syringe	equipment
syringe	physical-object
syringe	tool
table	furniture
table-furniture	furniture
table-knife	artifact
table-knife	equipment
table-knife	knife
table-knife	physical-object
table-knife	tool
tahini	food
tahini	spread
tangelo	citrus-fruit
tangelo	food
tapeline	artifact
tapeline	equipment
tapeline	physical-object
tapeline	ruler
tapeline	tool
tapenade	food
tapenade	spread
target	artifact
target	equipment
target	physical-object
target	sporting-goods
tart	pie
tartar-sauce	sauce
taste	perception
tax-return	concept
tax-return	explaining
tax-return	explanation
tax-return	information
tax-return	message
tea-set	tableware
teaching	education
teaching	service
team	organization
tear	fluid
tear	liquid
tear	liquid-substance
television	medium
tenant	inhabitant
tenant	person
tennis	game
tennis	sport
tent	artifact
tent	equipment
tent	physical-object
tent	sporting-goods
terminal	hardware
terrorist	person
terrorist	radical
text	algebraic-structure
text	mathematical-set
text	mathematical-structure
theodolite	artifact
theodolite	equipment
theodolite	physical-object
theodolite	tool
theology	humanities
theorist	research-worker
theorist	scientist
thermometer	artifact
thermometer	equipment
thermometer	physical-object
thermometer	tool
thermostat	household-appliance
thermostat	mechanism
thumb	finger
tiara	artifact
tiara	clothing
tiara	crown
tiara	equipment
tiara	headdress
tiara	physical-object
tiara	tool
tide	motion
tights	artifact
tights	clothing
tights	equipment
tights	hosiery
tights	physical-object
tights	tool
timetable	schedule
tin-whistle	flute
tin-whistle	woodwind
tissue-paper	paper
title-of-respect	sign
toast	bread
toast	food
toaster	household-appliance
toilet-paper	paper
toilet-paper	tissue-paper
tomato	vegetable
tomato-paste	food
tomato-paste	spread
toner	powder
tongs	pliers
tool	artifact
tool	equipment
tool	physical-object
tool-cabinet	artifact
tool-cabinet	box
tool-cabinet	equipment
tool-cabinet	physical-object
tool-cabinet	tool
toothbrush	brush
toothpaste	chemical
toothpaste	cosmetic
top	artifact
top	clothing
top	equipment
top	physical-object
top	tool
topological-space	mathematical-structure
topology	mathematics
tortilla	bread
tortilla	food
torture	crime
torture	violence
tostada	food
total-order	algebraic-structure
total-order	antisymmetric-relation
total-order	binary-relation
total-order	mathematical-set
total-order	mathematical-structure
total-order	partial-order
total-order	preorder
total-order	reflexive-relation
total-order	transitive-relation
total-order	weak-order
totally-ordered-set	algebraic-structure
totally-ordered-set	join-semilattice
totally-ordered-set	mathematical-lattice
totally-ordered-set	mathematical-structure
totally-ordered-set	meet-semilattice
totally-ordered-set	partially-ordered-set
tourism	motion
tourism	voyage
tower	building
toy-marble	artifact
toy-marble	equipment
toy-marble	physical-object
toy-marble	sporting-goods
tract	publication
trader	businessman
trader	merchant
trader	worker
traffic	motion
tragedy	drama
tragedy	dramatic-play
training-workshop	meeting
training-workshop	service
transcendental-number	algebraic-structure
transcendental-number	complex-number
transcendental-number	irrational-number
transcendental-number	join-semilattice
transcendental-number	mathematical-lattice
transcendental-number	mathematical-structure
transcendental-number	meet-semilattice
transcendental-number	number
transcendental-number	partially-ordered-set
transcendental-number	quaternion
transcendental-number	real-number
transcendental-number	totally-ordered-set
transitive-closure	algebraic-structure
transitive-closure	binary-relation
transitive-closure	mathematical-set
transitive-closure	mathematical-structure
transitive-closure	transitive-relation
transitive-relation	algebraic-structure
transitive-relation	binary-relation
transitive-relation	mathematical-set
transitive-relation	mathematical-structure
translation	algebraic-structure
translation	bijection
translation	binary-relation
translation	function
translation	isometry
translation	mathematical-set
translation	mathematical-structure
translation	surjective-function
trap	artifact
trap	equipment
trap	physical-object
trap	tool
trapezium	algebraic-structure
trapezium	geometric-shape
trapezium	locus
trapezium	mathematical-set
trapezium	mathematical-structure
trapezium	polygon
trapezium	quadrilateral
tray	artifact
tray	equipment
tray	physical-object
tray	tableware
tray	tool
treasure	collection
treasure	group
treasurer	businessman
treasurer	worker
tree	organism
tree	physical-object
tree	plant
tree-graph	bipartite-graph
tree-graph	connected-graph
tree-graph	forest-graph
tree-graph	graph
tree-graph	hypergraph
tree-graph	mathematical-graph
tree-graph	mathematical-structure
tree-graph	multigraph
tree-graph	planar-graph
tree-graph	undirected-graph
tribute	payment
tribute	transaction
trigonometric-function	algebraic-structure
trigonometric-function	binary-relation
trigonometric-function	function
trigonometric-function	mathematical-operation
trigonometric-function	mathematical-set
trigonometric-function	mathematical-structure
trigonometry	geometry
trigonometry	mathematics
trophy	prize
trousers	artifact
trousers	clothing
trousers	equipment
trousers	physical-object
trousers	tool
trunk	artifact
trunk	equipment
trunk	luggage
trunk	physical-object
trunk	tool
tubing	artifact
tubing	equipment
tubing	physical-object
tubing	tool
tulip	organism
tulip	physical-object
tulip	plant
turban	artifact
turban	clothing
turban	equipment
turban	physical-object
turban	tool
tureen	tableware
turnip	vegetable
turntable	artifact
turntable	equipment
turntable	musical-instrument
turntable	physical-object
turntable	record-player
turntable	tool
tuxedo	artifact
tuxedo	clothing
tuxedo	equipment
tuxedo	physical-object
tuxedo	suit
tuxedo	tool
type-theory	formal-system
typewriter	machine
umbrella	artifact
umbrella	clothing
umbrella	equipment
umbrella	physical-object
umbrella	tool
uncountable-set	algebraic-structure
uncountable-set	infinite-set
uncountable-set	mathematical-set
uncountable-set	mathematical-structure
undecagon	algebraic-structure
undecagon	geometric-shape
undecagon	locus
undecagon	mathematical-set
undecagon	mathematical-structure
undecagon	polygon
underpants	artifact
underpants	clothing
underpants	equipment
underpants	physical-object
underpants	tool
underpants	underwear
underside	algebraic-structure
underside	geometric-shape
underside	locus
underside	mathematical-set
underside	mathematical-structure
underwear	artifact
underwear	clothing
underwear	equipment
underwear	physical-object
underwear	tool
undirected-graph	graph
undirected-graph	hypergraph
undirected-graph	mathematical-graph
undirected-graph	mathematical-structure
uniform	artifact
uniform	clothing
uniform	equipment
uniform	physical-object
uniform	tool
universal-quantifier	algebraic-structure
universal-quantifier	binary-relation
universal-quantifier	function
universal-quantifier	logical-connective
universal-quantifier	mathematical-set
universal-quantifier	mathematical-structure
universal-quantifier	quantifier
universal-set	algebraic-structure
universal-set	mathematical-set
universal-set	mathematical-structure
university	organization
upper-bound	algebraic-structure
upper-bound	antisymmetric-relation
upper-bound	binary-relation
upper-bound	mathematical-set
upper-bound	mathematical-structure
upper-bound	partial-order
upper-bound	preorder
upper-bound	reflexive-relation
upper-bound	transitive-relation
upper-set	algebraic-structure
upper-set	mathematical-set
upper-set	mathematical-structure
upper-set	subset
urinal	toilet
urine	fluid
urine	liquid
urine	liquid-substance
vacation	leave
vacuum	artifact
vacuum	equipment
vacuum	household-appliance
vacuum	machine
vacuum	physical-object
vacuum	power-tool
vacuum	tool
valley	landform
valley	natural-depression
vanity	dining-table
vanity	furniture
vanity	table
vanity	table-furniture
vase	artifact
vase	equipment
vase	physical-object
vase	tool
vector-algebra	mathematics
vector-space	algebraic-structure
vector-space	mathematical-module
vector-space	mathematical-structure
vegetable-oil	chemical
vegetable-oil	cooking-oil
vegetable-oil	fuel
vegetarian	person
vehicle	physical-object
vein	vessel
vending-machine	workplace
venue	facility
vertebrate	animal
vertebrate	organism
vertebrate	physical-object
vertex	algebraic-structure
vertex	geometric-shape
vertex	locus
vertex	mathematical-set
vertex	mathematical-structure
vest	artifact
vest	clothing
vest	equipment
vest	outerwear
vest	physical-object
vest	tool
veteran	employee
veteran	warrior
veteran	worker
victim	person
view	image
villa	building
villa	house
virgin	adult
virgin	animal
virgin	child
virgin	childhood
virgin	organism
virgin	physical-object
virgin	woman
virus	microorganism
virus	organism
virus	physical-object
vitamin	chemical
vodka	liquor
volcano	landform
volcano	mountain
volition	cognition
volleyball	artifact
volleyball	equipment
volleyball	physical-object
volleyball	sporting-goods
volleyball-net	artifact
volleyball-net	equipment
volleyball-net	net
volleyball-net	physical-object
volleyball-net	sporting-goods
voyage	motion
waffle	dish
waffle	food
waffle	prepared-dish
waffle-iron	household-appliance
walking-stick	artifact
walking-stick	clothing
walking-stick	equipment
walking-stick	physical-object
walking-stick	tool
wall-plate	beam
wallet	artifact
wallet	equipment
wallet	handbag
wallet	housing
wallet	machine-housing
wallet	physical-object
wallet	tool
ward	room
wardrobe	furniture
warrant	contract
warrant	option
washcloth	artifact
washcloth	clothing
washcloth	equipment
washcloth	glove
washcloth	physical-object
washcloth	tool
washer	household-appliance
watch	artifact
watch	clock
watch	clothing
watch	equipment
watch	machine
watch	physical-object
watch	tool
water-bottle	artifact
water-bottle	bottle
water-bottle	equipment
water-bottle	physical-object
water-bottle	tool
waterfall	landform
watering-can	artifact
watering-can	equipment
watering-can	physical-object
watering-can	tool
wax	chemical
wax-paper	paper
weak-order	algebraic-structure
weak-order	binary-relation
weak-order	mathematical-set
weak-order	mathematical-structure
weak-order	preorder
weak-order	reflexive-relation
weak-order	transitive-relation
web-site	software
webcam	camera
webcam	digital-camera
webcam	equipment
webcam	hardware
wedding	ceremony
wedding-dress	artifact
wedding-dress	clothing
wedding-dress	dress
wedding-dress	equipment
wedding-dress	physical-object
wedding-dress	tool
weed	organism
weed	pest
weed	physical-object
weed	plant
weighing-machine	artifact
weighing-machine	equipment
weighing-machine	physical-object
weighing-machine	tool
well-order	algebraic-structure
well-order	antisymmetric-relation
well-order	binary-relation
well-order	mathematical-set
well-order	mathematical-structure
well-order	partial-order
well-order	preorder
well-order	reflexive-relation
well-order	total-order
well-order	transitive-relation
well-order	weak-order
whale	mammal
wheat	commodity
wheat	food
wheat	grass
wheat	organism
wheat	physical-object
wheat	plant
wheat-berry	commodity
wheat-berry	food
wheat-berry	grass
wheat-berry	organism
wheat-berry	physical-object
wheat-berry	plant
wheel	mechanism
wheelchair	chair
wheelchair	furniture
whip	tack
whipped-cream	cream
whipped-cream	dairy-product
whirligig	artifact
whirligig	entertainment
whirligig	equipment
whirligig	physical-object
whirligig	tool
white-potato	vegetable
widow	adult
widow	animal
widow	organism
widow	physical-object
widow	woman
wife	spouse
wig	artifact
wig	clothing
wig	equipment
wig	physical-object
wig	tool
wildlife	life
wildlife	organism
wildlife	physical-object
wind	motion
window-screen	mosquito-net
wine-glass	tableware
wire	electrical-conductor
wolf	animal
wolf	organism
wolf	physical-object
woman	adult
woman	animal
woman	organism
woman	physical-object
wood	commodity
wood	tissue
wool	thread
workbench	artifact
workbench	dining-table
workbench	equipment
workbench	furniture
workbench	physical-object
workbench	table
workbench	table-furniture
workbench	tool
workshop	workplace
workstation	computer
workstation	desktop-computer
workstation	household-appliance
workstation	machine
wrap	artifact
wrap	clothing
wrap	equipment
wrap	physical-object
wrap	tool
wristband	artifact
wristband	clothing
wristband	equipment
wristband	physical-object
wristband	tool
writer	artist
writer	person
wrongdoer	person
xylophone	artifact
xylophone	equipment
xylophone	musical-instrument
xylophone	physical-object
xylophone	tool
yacht	ship
yacht	watercraft
yam	vegetable
yogurt	dairy-product
zero-knowledge-proof	cryptographic-protocol
