abbey	artifact
abbey	building
abbey	dwelling
abbey	house
abbey	housing
abbey	monastery
abbey	physical-object
abbey	structure
abdomen	body-part
abelian-group	mathematical-group
abelian-group	mathematical-set
aberration	natural-event
aberration	phenomenon
aberration	process
ability	attribute
abortion	act
abortion	event
absence	act
absence	event
absorption	process
abuse	information
academic-degree	information
academic-degree	signal
academic-degree	symbol
academy	artifact
academy	physical-object
academy	structure
accelerator	artifact
accelerator	bar
accelerator	physical-object
acceptance-sampling	act
acceptance-sampling	activity
acceptance-sampling	cognition
acceptance-sampling	event
acceptance-sampling	sample-distribution
acceptance-sampling	statistical-distribution
access	cognition
access	concept
access	idea
accident	event
accident	trouble
accomplishment	act
accomplishment	event
account	document
account	information
account	statement
accountant	agent
accountant	organism
accountant	person
accountant	physical-object
accretion	increase
accretion	process
accuracy	attribute
accusation	assertion
accusation	declaration
accusation	information
ace	agent
ace	expert
ace	organism
ace	person
ace	physical-object
acid	chemical
acid	compound
acid	material
acid	part
acid	substance
acknowledgment	attribute
acknowledgment	situation
acknowledgment	state
acquaintance	agent
acquaintance	organism
acquaintance	person
acquaintance	physical-object
acquired-knowledge	cognition
acquisition	possession
act	event
act-of-play	information
action	fiction
action	information
action	plot.communication
activeness	attribute
activeness	trait
activity	act
activity	event
actor	agent
actor	organism
actor	performer
actor	person
actor	physical-object
acute-triangle	attribute
acute-triangle	polygon
acute-triangle	shape
acute-triangle	triangle
ad	information
ad	promotional-material
adaptation	information
addiction	attribute
addiction	condition
addiction	state
addition	component
addition	physical-object
address	physical-object
address	place
adeptness	attribute
adeptness	state
administrative-division	group
administrative-division	organization
administrator	agent
administrator	chief
administrator	leader
administrator	organism
administrator	person
administrator	physical-object
admiration	attribute
admiration	feeling
admiration	state
admission	information
admonition	advice
admonition	information
adolescent	agent
adolescent	organism
adolescent	person
adolescent	physical-object
adoption	act
adoption	activity
adoption	assist
adoption	blessing
adoption	event
adoption	support
adult	agent
adult	organism
adult	person
adult	physical-object
advance	possession
advancement	act
advancement	event
advantage	attribute
advantage	benefit
adventure	act
adventure	activity
adventure	event
adventure	undertaking
adventure	work
adversary	agent
adversary	organism
adversary	person
adversary	physical-object
adversity	attribute
adversity	destiny
adversity	state
advice	information
adviser	agent
adviser	authority
adviser	expert
adviser	organism
adviser	person
adviser	physical-object
advocate	agent
advocate	organism
advocate	person
advocate	physical-object
affair	attribute
affair	relationship
affair	state
affiliation	attribute
affiliation	state
affine-geometry	cognition
affine-geometry	field-of-study
affine-geometry	geometry
affine-geometry	mathematics
affine-geometry	science
affine-transformation	function
affine-transformation	mathematical-relation
affine-transformation	transformation
affinity	attraction
affinity	attribute
affirmation	act
affirmation	event
afternoon	time-period
age	attribute
age-norm	average
age-norm	cognition
age-norm	statistic
agency	group
agency	organization
agenda	information
agenda	list
aggression	act
aggression	event
agitation	act
agitation	event
agitation	motion
agony	attribute
agony	feeling
agony	painfulness
agony	state
agony	suffering
agreement	attribute
agreement	state
aid	acquisition
aid	gift
aid	possession
aids	attribute
aids	condition
aids	disease
aids	illness
aids	state
air	fluid
air	substance
aircraft	artifact
aircraft	physical-object
aircraft	vehicle
aircraft-wing	artifact
aircraft-wing	device
aircraft-wing	physical-object
airline	group
airline	organization
airplane	aircraft
airplane	artifact
airplane	physical-object
airplane	vehicle
airport	artifact
airport	facility
airport	physical-object
aisle	artifact
aisle	physical-object
aisle	structure
alarm	artifact
alarm	device
alarm	physical-object
alarm-clock	artifact
alarm-clock	clock
alarm-clock	device
alarm-clock	instrument
alarm-clock	physical-object
album	artifact
album	book-copy
album	physical-object
alcohol	agent
alcohol	drink
alcohol	drug
alcohol	food
alcohol	part
alcohol	substance
algebra	cognition
algebra	field-of-study
algebra	mathematics
algebra	science
algorithm	act
algorithm	activity
algorithm	event
algorithm	procedure
algorithm	rule.cognition
alimony	outgo
alimony	possession
allotment	possession
allowance	possession
ally	country
ally	group
ally	organization
aloofness	attribute
aloofness	feeling
aloofness	state
altar	artifact
altar	physical-object
altar	structure
altitude	distance
altitude	placement
aluminum	chemical-element
aluminum	metal
aluminum	part
aluminum	substance
alumnus	agent
alumnus	organism
alumnus	person
alumnus	physical-object
alumnus	scholar
amateur	agent
amateur	organism
amateur	person
amateur	physical-object
ambiance	attribute
ambiance	condition
ambiance	state
ambiguity	attribute
ambition	attribute
ambition	motivational-drive
ambition	trait
ambulance	artifact
ambulance	car
ambulance	container
ambulance	physical-object
ambulance	vehicle
amendment	information
amphetamine	agent
amphetamine	drug
amphetamine	substance
amphibian	animal
amphibian	organism
amphibian	physical-object
amphibian	vertebrate
analogue	attribute
analogue	similarity
analogy	cognition
analogy	thinking
analysis-of-variance	cognition
analysis-of-variance	method
analysis-of-variance	multivariate-analysis
analysis-of-variance	statistical-method
analyst	adult
analyst	agent
analyst	doctor
analyst	organism
analyst	person
analyst	physical-object
analyst	professional
analytic-geometry	cognition
analytic-geometry	field-of-study
analytic-geometry	geometry
analytic-geometry	mathematics
analytic-geometry	science
ancestor	agent
ancestor	organism
ancestor	person
ancestor	physical-object
ancestor	relative
angel	belief
angel	cognition
anger	attribute
anger	emotion
anger	feeling
anger	state
angle	attribute
angle	empty-space
angle	physical-object
angle	place
angle	shape
angle-of-inclination	angle
angle-of-inclination	attribute
angle-of-inclination	empty-space
angle-of-inclination	physical-object
angle-of-inclination	place
angle-of-inclination	shape
animal	organism
animal	physical-object
animal-pack	group
ankle	articulation
ankle	body-part
annex	addition
annex	component
annex	physical-object
anniversary	time-period
annotation	information
announcement	information
answer	act
answer	event
ant	animal
ant	insect
ant	invertebrate
ant	organism
ant	physical-object
anteroom	artifact
anteroom	physical-object
anteroom	room
anteroom	structure
anticipation	attribute
anticipation	feeling
anticipation	state
anxiety	attribute
anxiety	condition
anxiety	state
apartment	artifact
apartment	housing
apartment	physical-object
apartment	structure
apathy	attribute
apathy	feeling
apathy	state
apology	information
apparatus	artifact
apparatus	equipment
apparatus	physical-object
apparel	artifact
apparel	clothing
apparel	commodity
apparel	physical-object
appeal	appearance
appeal	attribute
appearance	attribute
appendix	body-part
appetite	attribute
appetite	desire
appetite	feeling
appetite	state
apple	botanical-fruit
apple	fruit
apple	natural-object
apple	physical-object
apple	produce
apple	substance
appliance	artifact
appliance	device
appliance	physical-object
applicant	agent
applicant	organism
applicant	person
applicant	physical-object
application	code
application	computer-program
application	information
application	software
appointment	act
appointment	activity
appointment	event
appointment	occupation
appraisal	cognition
appraisal-report	document
appraisal-report	information
aquarium	artifact
aquarium	container
aquarium	physical-object
aquarium	structure
aquarium	vessel
arachnid	animal
arachnid	invertebrate
arachnid	organism
arachnid	physical-object
arc-cosecant	function
arc-cosecant	mathematical-relation
arc-cosecant	trigonometric-function
arc-cosine	function
arc-cosine	mathematical-relation
arc-cosine	trigonometric-function
arc-cotangent	function
arc-cotangent	mathematical-relation
arc-cotangent	trigonometric-function
arc-secant	function
arc-secant	mathematical-relation
arc-secant	trigonometric-function
arc-sine	function
arc-sine	mathematical-relation
arc-sine	trigonometric-function
arc-tangent	function
arc-tangent	mathematical-relation
arc-tangent	trigonometric-function
arch	artifact
arch	entrance
arch	physical-object
architect	agent
architect	organism
architect	person
architect	physical-object
architecture	cognition
architecture	field-of-study
architecture	humanities
archive	artifact
archive	facility
archive	physical-object
ardor	attribute
ardor	feeling
ardor	passion
ardor	state
arena	physical-object
arena	place
arena	region
argument	information
argumentation	cognition
argumentation	thinking
arithmetic	cognition
arithmetic	field-of-study
arithmetic	mathematics
arithmetic	science
arithmetic-mean	average
arithmetic-mean	cognition
arithmetic-mean	mean
arithmetic-mean	statistic
arithmetic-operation	act
arithmetic-operation	activity
arithmetic-operation	event
arithmetic-operation	mathematical-operation
arithmetic-operation	procedure
arithmetic-progression	group
arm	body-part
arm	limb
armchair	artifact
armchair	chair
armchair	furniture
armchair	physical-object
armchair	seat
army	group
army	military-service
army	organization
army-division	group
army-division	military-unit
army-division	organization
arrangement-scheme	cognition
arrow	artifact
arrow	device
arrow	instrument
arrow	physical-object
arrow	projectile
arrow	weapon
article	artifact
article	information
article	physical-object
articulation	body-part
artifact	physical-object
artillery-shell	artifact
artillery-shell	physical-object
artist	agent
artist	organism
artist	person
artist	physical-object
artistic-creation	act
artistic-creation	activity
artistic-creation	creation
artistic-creation	event
ash	substance
ash-grey	attribute
aspect	cognition
aspect	concept
aspect	feature
aspect	idea
aspect	property
aspiration	attribute
aspiration	desire
aspiration	feeling
aspiration	state
assault	act
assault	activity
assault	crime
assault	event
assembly-hall	artifact
assembly-hall	physical-object
assembly-hall	room
assembly-hall	structure
assertion	declaration
assertion	information
asset	attribute
assignment	act
assignment	activity
assignment	event
assignment	undertaking
assignment	work
assimilation	process
assist	act
assist	activity
assist	event
assistant	agent
assistant	organism
assistant	person
assistant	physical-object
assistant	worker
association	group
association	organization
assurance	information
asterisk	character
asterisk	information
asterisk	signal
asterisk	symbol
astronomy	cognition
astronomy	field-of-study
astronomy	natural-science
astronomy	physics
astronomy	science
asymmetry	attribute
athlete	agent
athlete	organism
athlete	person
athlete	physical-object
atmosphere	fluid
atmosphere	substance
atom	part
atom	substance
attachment	addition
attachment	component
attachment	physical-object
attack	act
attack	activity
attack	event
attack	military-operation
attempt	act
attempt	activity
attempt	event
attention	cognition
attitude	cognition
attraction	attribute
attractive-force	natural-event
attractive-force	phenomenon
attractive-force	process
auction	act
auction	commerce
auction	event
auction	selling
auction	transaction
audience	group
audio	artifact
audio	device
audio	physical-object
audio	recording
auditor	agent
auditor	organism
auditor	person
auditor	physical-object
auditor	student
augury	event
aunt	agent
aunt	organism
aunt	person
aunt	physical-object
aunt	relative
authorities	agent
authorities	organism
authorities	person
authorities	physical-object
authority	agent
authority	expert
authority	organism
authority	person
authority	physical-object
automaton	artifact
automaton	device
automaton	mechanism
automaton	physical-object
automobile-horn	alarm
automobile-horn	artifact
automobile-horn	device
automobile-horn	physical-object
autonomy	attribute
autonomy	freedom
autonomy	state
avant-garde	group
avant-garde	movement
avenue	artifact
avenue	physical-object
avenue	road
avenue	street
average	cognition
average	statistic
aviation	group
aviation	organization
avocation	act
avocation	activity
avocation	event
avocation	pastime
axis	artifact
axis	device
axis	mechanism
axis	physical-object
baby	agent
baby	child
baby	offspring
baby	organism
baby	person
baby	physical-object
baby	relative
baby-buggy	artifact
baby-buggy	container
baby-buggy	physical-object
baby-buggy	vehicle
background	attribute
backlog	income
backlog	possession
bacon	meat
bacon	substance
bacterium	microorganism
bacterium	organism
bacterium	physical-object
bag	artifact
bag	container
bag	physical-object
bail	cognition
bail	idea
bail	plan
bail-bond	possession
bait	cognition
balance	attribute
balcony	artifact
balcony	physical-object
balcony	structure
ball	artifact
ball	equipment
ball	physical-object
ballet	act
ballet	activity
ballet	cognition
ballet	event
ballet	field-of-study
ballet	humanities
ballet	show
balloon	artifact
balloon	physical-object
balloon	plaything
ballot	document
ballot	information
banana	botanical-fruit
banana	fruit
banana	natural-object
banana	physical-object
banana	produce
banana	substance
band	artifact
band	decoration
band	physical-object
bandage	artifact
bandage	dressing
bandage	physical-object
bang	event
bang	noise
bank	physical-object
bank	slope
bank-check	document
bank-check	information
bank-check	legal-document
bankruptcy	act
bankruptcy	event
banner	artifact
banner	decoration
banner	decorative-design
banner	flag
banner	physical-object
banquet	group
banquet	party
bar	artifact
bar	physical-object
bargain	information
bark	natural-object
bark	physical-object
baron	agent
baron	businessman
baron	organism
baron	person
baron	physical-object
barrel	artifact
barrel	container
barrel	physical-object
barrel	vessel
barrel-shape	attribute
barrel-shape	shape
barrier	natural-object
barrier	physical-object
barroom	artifact
barroom	physical-object
barroom	room
barroom	structure
barter	act
barter	commerce
barter	event
barter	transaction
base	artifact
base	device
base	physical-object
base	support-device
baseball	act
baseball	activity
baseball	event
baseball	game
baseball	sport
basement	artifact
basement	physical-object
basement	storey
basement	structure
basis	cognition
basis	concept
basis	hypothesis
basis	idea
basket	artifact
basket	container
basket	physical-object
basketball	act
basketball	activity
basketball	event
basketball	game
basketball	sport
bat	animal
bat	mammal
bat	organism
bat	physical-object
bat	vertebrate
bathroom	artifact
bathroom	physical-object
bathroom	room
bathroom	structure
bathtub	artifact
bathtub	container
bathtub	physical-object
bathtub	vessel
battery	act
battery	activity
battery	assault
battery	crime
battery	event
battle	act
battle	event
battle	military-action
battlefield	physical-object
battlefield	place
battlefield	region
battlefront	physical-object
battlefront	place
bay	body-of-water
bayes'-postulate	information
bayes'-postulate	proposition
bayes'-theorem	cognition
bayes'-theorem	idea
beach	physical-object
beak	body-part
beak	passage
beam	artifact
beam	device
beam	physical-object
beam	piece
beam	support-device
beam-of-light	natural-event
beam-of-light	phenomenon
beam-of-light	process
bean	produce
bean	substance
bean	vegetable
bear	animal
bear	mammal
bear	organism
bear	physical-object
bear	vertebrate
beard	hair
beard	natural-object
beard	physical-object
bearing	attribute
bearing	manner
bearing	trait
bed	artifact
bed	furniture
bed	physical-object
bedroom	artifact
bedroom	physical-object
bedroom	room
bedroom	structure
bee	animal
bee	insect
bee	invertebrate
bee	organism
bee	physical-object
beef	meat
beef	substance
beer	agent
beer	alcohol
beer	drink
beer	drug
beer	food
beer	part
beer	substance
beginning	cognition
beginning	concept
beginning	idea
behavior	act
behavior	activity
behavior	event
belief	cognition
belongings	possession
beloved	agent
beloved	organism
beloved	person
beloved	physical-object
belt	artifact
belt	clothing
belt	commodity
belt	physical-object
bench	artifact
bench	furniture
bench	physical-object
bench	seat
bend	physical-object
bend	section
beneficiary	agent
beneficiary	organism
beneficiary	person
beneficiary	physical-object
benefit	attribute
benefit-performance	event
benefit-performance	performance
benefit-performance	show
bernoulli's-law	cognition
bernoulli's-law	concept
bernoulli's-law	idea
berry	botanical-fruit
berry	fruit
berry	natural-object
berry	physical-object
berry	produce
berry	substance
bet	act
bet	activity
bet	event
betrothal	act
betrothal	event
betrothal	information
betrothal	promise
bias	attitude
bias	cognition
bias	inclination
bible	information
bicycle	artifact
bicycle	container
bicycle	physical-object
bicycle	vehicle
bid	act
bid	event
bill	currency
bill	standard
bin	artifact
bin	container
bin	physical-object
binomial	cognition
binomial	concept
binomial	idea
binomial	quantity
binomial-distribution	cognition
binomial-distribution	statistical-distribution
binomial-theorem	information
binomial-theorem	proposition
binomial-theorem	theorem
biography	chronicle
biography	indication
biography	information
biology	cognition
biology	field-of-study
biology	natural-science
biology	science
biota	collection
biota	group
biquadratic	function
biquadratic	mathematical-relation
biquadratic	polynomial
biquadratic-equation	equation
biquadratic-equation	information
biquadratic-equation	mathematical-statement
bird	animal
bird	organism
bird	physical-object
bird	vertebrate
birdcall	information
birdcall	signal
birth	change
birth	event
birthday	anniversary
birthday	time-period
biserial-correlation-coefficient	cognition
biserial-correlation-coefficient	correlation-coefficient
biserial-correlation-coefficient	parametric-statistic
biserial-correlation-coefficient	statistic
bishop	agent
bishop	attribute
bishop	leader
bishop	organism
bishop	person
bishop	physical-object
bishop	state
bishop	status
bit	fragment
bite	food
bite	meal
bite	substance
blackmail	act
blackmail	activity
blackmail	crime
blackmail	event
blade	artifact
blade	physical-object
blade	tool
blanket	artifact
blanket	physical-object
blast	event
blast	explosion
blessing	act
blessing	activity
blessing	assist
blessing	event
blessing	support
blink-of-an-eye	time-period
block	physical-object
block	place
block	region
blood	part
blood	substance
bloodshed	act
bloodshed	event
bloodshed	murder
blow	act
blow	event
blow	motion
blue	attribute
board	artifact
board	physical-object
board-of-directors	committee
board-of-directors	group
board-of-directors	organization
boat	artifact
boat	physical-object
boat	vehicle
boat	watercraft
body	natural-object
body	physical-object
boldness	attribute
boldness	motivational-drive
boldness	trait
bolt	artifact
bolt	device
bolt	physical-object
bolt	screw
bomb	artifact
bomb	device
bomb	physical-object
bomber	aircraft
bomber	airplane
bomber	artifact
bomber	physical-object
bomber	vehicle
bone	body-part
bone	tissue
book	artifact
book	physical-object
book	publication
book-appendix	information
book-copy	artifact
book-copy	physical-object
book-index	information
book-index	list
book-volume	artifact
book-volume	physical-object
book-volume	publication
booklet	artifact
booklet	book
booklet	physical-object
booklet	publication
boom	attribute
boom	condition
boom	prosperity
boom	state
boot	artifact
boot	physical-object
booth	artifact
booth	physical-object
booth	room
booth	structure
bosom	cognition
bosom	idea
bosom	intuition
botanical-fruit	natural-object
botanical-fruit	physical-object
bottle	artifact
bottle	container
bottle	physical-object
bottle	vessel
bottle-cap	artifact
bottle-cap	physical-object
bottom	artifact
bottom	physical-object
bottom	ship
bottom	vehicle
bottom	watercraft
boundary-condition	information
boundary-condition	precondition
boundary-condition	premise
boundary-condition	proposition
boundary-line	physical-object
boundary-line	place
bow	artifact
bow	device
bow	instrument
bow	physical-object
bow	weapon
bowl	artifact
bowl	container
bowl	physical-object
bowl	vessel
box	artifact
box	container
box	physical-object
boxing-ring	artifact
boxing-ring	physical-object
bracket	information
bracket	signal
bracket	symbol
bracket-category	collection
bracket-category	group
bracket-category	set
braid	hair
braid	natural-object
braid	physical-object
brain	body-part
brake	artifact
brake	device
brake	physical-object
branch	natural-object
branch	physical-object
branch	stalk
brand	category
brand	cognition
brand	concept
brand	idea
bread	food
bread	substance
breakdown	event
breakfast	food
breakfast	meal
breakfast	substance
breast	body-part
breast	organ
breeze	natural-event
breeze	phenomenon
breeze	process
breeze	weather
breeze	wind
brewery	artifact
brewery	physical-object
brewery	structure
brewery	works
brick	artifact
brick	physical-object
bride	agent
bride	organism
bride	participant
bride	peer
bride	person
bride	physical-object
bridge	artifact
bridge	physical-object
bridge	structure
brilliance	cognition
brilliance	intelligence
brim	artifact
brim	edge
brim	physical-object
brink	attribute
brink	shape
broadcast	information
broadcast	message
broccoli	produce
broccoli	substance
broccoli	vegetable
bronze	artifact
bronze	attribute
bronze	physical-object
bronze	sculpture
bronze	shape
brother	agent
brother	organism
brother	person
brother	physical-object
brother	relative
brow	body-part
brow	facial-feature
brush	artifact
brush	physical-object
bubble	attribute
bubble	globe
bubble	shape
bucket	artifact
bucket	container
bucket	physical-object
bucket	vessel
budget	fund
budget	standard
buffet	food
buffet	meal
buffet	substance
building	artifact
building	physical-object
building	structure
bulb	natural-object
bulb	physical-object
bulb	stalk
bullet	artifact
bullet	device
bullet	instrument
bullet	physical-object
bullet	projectile
bullet	weapon
bulletin	information
bulletin	news-report
bun	bread
bun	food
bun	substance
bunch	collection
bunch	group
bundle	artifact
bundle	container
bundle	physical-object
bungalow	artifact
bungalow	building
bungalow	dwelling
bungalow	house
bungalow	housing
bungalow	physical-object
bungalow	structure
bureaucracy	group
bureaucracy	organization
burial	ceremony
burial	event
burial	funeral
burial	social-occasion
burn	attribute
burn	condition
burn	injury
burn	state
bus	artifact
bus	physical-object
bus-ticket	document
bus-ticket	information
bus-ticket	ticket
business-deal	act
business-deal	event
business-deal	transaction
business-operation	act
business-operation	activity
business-operation	event
business-operation	undertaking
business-operation	work
businessman	agent
businessman	organism
businessman	person
businessman	physical-object
bustle	act
bustle	event
bustle	motion
butter	dairy-product
butter	food
butter	substance
butterfly	animal
butterfly	insect
butterfly	invertebrate
butterfly	organism
butterfly	physical-object
buttocks	body-part
button	artifact
button	device
button	physical-object
cab	artifact
cab	car
cab	container
cab	physical-object
cab	vehicle
cabaret	artifact
cabaret	physical-object
cabaret	structure
cabin	artifact
cabin	physical-object
cabin	room
cabin	structure
cabinet	artifact
cabinet	furniture
cabinet	physical-object
cabinet.group	board-of-directors
cabinet.group	committee
cabinet.group	group
cabinet.group	organization
cable	artifact
cable	physical-object
cable	rope
cadaver	dead-body
cadaver	natural-object
cadaver	physical-object
cafe	artifact
cafe	building
cafe	physical-object
cafe	restaurant
cafe	structure
cage	artifact
cage	physical-object
cage	structure
cake	substance
calamity	event
calamity	trouble
calculation	cognition
calculation	thinking
calculus	cognition
calculus	field-of-study
calculus	mathematics
calculus	science
calculus-of-variations	calculus
calculus-of-variations	cognition
calculus-of-variations	field-of-study
calculus-of-variations	mathematics
calculus-of-variations	science
calendar	cognition
calendar-month	time-period
calf	animal
calf	organism
calf	physical-object
calf	young
call	act
call	coming-together
call	event
call	visit
calling-card	greeting
calling-card	information
camera	artifact
camera	equipment
camera	physical-object
camp	artifact
camp	physical-object
camp	structure
campaign	act
campaign	activity
campaign	event
campaign	military-operation
campaigner	agent
campaigner	leader
campaigner	organism
campaigner	person
campaigner	physical-object
campaigner	politician
can	artifact
can	container
can	physical-object
cancer	attribute
cancer	condition
cancer	disease
cancer	illness
cancer	state
cancer	tissue-growth
cancer	tumor
candle	artifact
candle	device
candle	physical-object
cane	artifact
cane	physical-object
cane	stick
canvas	artifact
canvas	fabric
canvas	physical-object
cap	artifact
cap	clothing
cap	commodity
cap	physical-object
capacity	volume
capital	possession
capital-city	central-area
capital-city	physical-object
capital-city	place
capital-city	region
capital-letter	character
capital-letter	information
capital-letter	signal
capital-letter	symbol
capitalism	economic-system
capitalism	group
capitalism	system
caprice	attribute
caprice	desire
caprice	feeling
caprice	state
captain	agent
captain	organism
captain	person
captain	physical-object
captain	worker
caption	information
caption	line-of-text
caption	section-title
caption	text
caput	body-part
car	artifact
car	container
car	physical-object
car	vehicle
carbon	chemical-element
carbon	part
carbon	substance
card	material
card	paper
card	part
card	substance
card-hand	collection
card-hand	group
care	act
care	event
career	act
career	activity
career	event
career	occupation
carnival	act
carnival	activity
carnival	entertainment
carnival	event
carriage	attribute
carrot	natural-object
carrot	physical-object
carrot	plant-root
carrying-out	act
carrying-out	event
cartoon	information
case	artifact
case	container
case	physical-object
cash	currency
cash	standard
cash-register	artifact
cash-register	box
cash-register	container
cash-register	physical-object
cassette	artifact
cassette	container
cassette	physical-object
cast	artifact
cast	bandage
cast	dressing
cast	physical-object
cast-of-characters	group
castle	artifact
castle	physical-object
castle	structure
casualty	agent
casualty	organism
casualty	person
casualty	physical-object
casualty	victim
cat	animal
cat	mammal
cat	organism
cat	physical-object
cat	vertebrate
catalog	artifact
catalog	book
catalog	physical-object
catalog	publication
catch	attribute
catch	disadvantage
category	cognition
category	concept
category	idea
cathedral	artifact
cathedral	building
cathedral	church
cathedral	physical-object
cathedral	structure
cattle	animal
cattle	mammal
cattle	organism
cattle	physical-object
cattle	vertebrate
cause	act
cause	activity
cause	event
cause	undertaking
cause	work
caution	cognition
cave	physical-object
cavity	natural-depression
cavity	physical-object
ceiling	artifact
ceiling	physical-object
ceiling.communication	argumentation
ceiling.communication	cognition
ceiling.communication	thinking
celebration	act
celebration	activity
celebration	event
celestial-body	natural-object
celestial-body	physical-object
cell	physical-object
cell-culture	growth
cell-culture	process
cellular-telephone	artifact
cellular-telephone	equipment
cellular-telephone	phone
cellular-telephone	physical-object
celluloid	artifact
celluloid	physical-object
cemetery	physical-object
cemetery	place
cemetery	region
censoring	act
censoring	event
census	act
census	activity
census	event
census	work
center	artifact
center	building
center	physical-object
center	structure
central-area	physical-object
central-area	place
central-area	region
centre	physical-object
centre	place
century	time-period
cereal	substance
cerebral-hemisphere	body-part
ceremony	event
ceremony	social-occasion
certificate	document
certificate	information
chaff	material
chaff	part
chaff	substance
chain	artifact
chain	physical-object
chain-of-stores	group
chain-of-stores	organization
chair	artifact
chair	furniture
chair	physical-object
chair	seat
chairman	agent
chairman	leader
chairman	organism
chairman	person
chairman	physical-object
chalk	artifact
chalk	physical-object
challenge	act
challenge	event
challenging-situation	attribute
challenging-situation	situation
challenging-situation	state
champagne	agent
champagne	alcohol
champagne	drink
champagne	drug
champagne	food
champagne	part
champagne	substance
champagne	wine
champion	agent
champion	organism
champion	person
champion	physical-object
championship	attribute
championship	state
championship	status
chance-event	event
change	event
channel	artifact
channel	facility
channel	physical-object
chaos	attribute
chaos	state
chapter	information
chapter	music
character	information
character	signal
character	symbol
characteristic	attribute
charge	act
charge	event
charitable-organization	group
charitable-organization	institution
charitable-organization	organization
charity	act
charity	event
charm	physical-object
chart	artifact
chart	map
chart	physical-object
charter	document
charter	information
chauvinist	advocate
chauvinist	agent
chauvinist	organism
chauvinist	person
chauvinist	physical-object
check	act
check	activity
check	event
check	game-move
check-mark	information
check-mark	signal
check-mark	symbol
cheek	body-part
cheek	facial-feature
cheese	dairy-product
cheese	food
cheese	substance
chemical	material
chemical	part
chemical	substance
chemical-element	part
chemical-element	substance
chemical-reaction	process
chemical-solution	part
chemical-solution	substance
chemistry	cognition
chemistry	field-of-study
chemistry	natural-science
chemistry	science
cherry	botanical-fruit
cherry	fruit
cherry	natural-object
cherry	physical-object
cherry	produce
cherry	substance
chess-king	artifact
chess-king	equipment
chess-king	physical-object
chest-of-drawers	artifact
chest-of-drawers	furniture
chest-of-drawers	physical-object
chicken	animal
chicken	bird
chicken	organism
chicken	physical-object
chicken	vertebrate
chief	agent
chief	leader
chief	organism
chief	person
chief	physical-object
child	agent
child	offspring
child	organism
child	person
child	physical-object
child	relative
child-adoption	act
child-adoption	event
childhood	time-period
chimney	artifact
chimney	physical-object
chin	body-part
chin	facial-feature
chip	artifact
chip	device
chip	physical-object
chit	document
chit	information
chit	invoice
chit	statement
chocolate	substance
chord	information
chord	musical-note
chorus	group
chorus	organization
chronicle	indication
chronicle	information
church	artifact
church	building
church	physical-object
church	structure
chute	artifact
chute	gutter
chute	physical-object
cigarette	agent
cigarette	drug
cigarette	material
cigarette	part
cigarette	substance
cinema	artifact
cinema	building
cinema	physical-object
cinema	structure
circle	attribute
circle	conic-section
circle	shape
circular	ad
circular	information
circular	promotional-material
circulation	natural-event
circulation	phenomenon
circulation	process
circumstance	cognition
citation	annotation
citation	information
citizen	agent
citizen	organism
citizen	person
citizen	physical-object
city	district
city	physical-object
city	place
city	region
city-ward	district
city-ward	physical-object
city-ward	place
city-ward	region
civilian	agent
civilian	citizen
civilian	organism
civilian	person
civilian	physical-object
civilisation	group
civilisation	society
civilization	group
civilization	society
claim	assertion
claim	declaration
claim	information
clash	attribute
clash	conflict
clash	state
class	group
class	people
classroom	artifact
classroom	physical-object
classroom	room
classroom	structure
clay	material
clay	part
clay	soil
clay	substance
clemency	act
clemency	event
clemency	management
clerk	agent
clerk	employee
clerk	organism
clerk	person
clerk	physical-object
clerk	worker
cliff	physical-object
climate	attribute
climate	condition
climate	state
clinic	group
clinic	institution
clinic	organization
clipping	excerpt
clipping	information
clipping	music
clipping	text-passage
clique	group
clock	artifact
clock	device
clock	instrument
clock	physical-object
clock-time	cognition
clod	collection
clod	group
closed-interval	interval
closed-interval	mathematical-set
closure	cognition
clothing	artifact
clothing	commodity
clothing	physical-object
cloud	natural-event
cloud	phenomenon
cloud	process
club	artifact
club	physical-object
club	stick
club-card	card
club-card	material
club-card	paper
club-card	part
club-card	substance
clue	indication
clue	information
coach	adult
coach	agent
coach	organism
coach	person
coach	physical-object
coach	professional
coach	teacher
coal	fuel
coal	substance
coalescence	act
coalescence	event
coat	artifact
coat	clothing
coat	commodity
coat	physical-object
coating	artifact
coating	physical-object
code	information
coefficient-of-concordance	cognition
coefficient-of-concordance	kendall-test
coefficient-of-concordance	nonparametric-statistic
coefficient-of-concordance	statistic
coevals	group
coevals	people
coffee	drink
coffee	food
coffee	part
coffee	substance
coffin	artifact
coffin	box
coffin	container
coffin	physical-object
coin	currency
coin	standard
coincidence	chance-event
coincidence	event
cold	attribute
cold	condition
cold	disease
cold	illness
cold	state
coldness	agent
coldness	attribute
collapse	event
collar	artifact
collar	physical-object
colleague	agent
colleague	organism
colleague	peer
colleague	person
colleague	physical-object
collection	group
college	group
college	institution
college	organization
colon	body-part
colon	intestine
colon	organ
colony	physical-object
colony	place
colony	region
color	appearance
color	attribute
column	artifact
column	device
column	physical-object
column	support-device
column.group	group
coma	attribute
coma	condition
coma	state
combination	collection
combination	group
combinatorial-combination	act
combinatorial-combination	activity
combinatorial-combination	event
combinatorial-combination	mathematical-operation
combinatorial-combination	procedure
comedy	information
comet	natural-object
comet	physical-object
comfort	attribute
comfort	condition
comfort	state
comic-strip	cartoon
comic-strip	information
coming-together	act
coming-together	event
command	attribute
command	state
commemoration	information
commemoration	recognition
commerce	act
commerce	event
commerce	transaction
commercial-enterprise	act
commercial-enterprise	commerce
commercial-enterprise	event
commercial-enterprise	transaction
commission	fee
commission	outgo
commission	possession
commitment	act
commitment	event
committee	group
committee	organization
commodity	artifact
commodity	physical-object
common-sense	cognition
communication	act
communication	event
communicative-contact	act
communicative-contact	communication
communicative-contact	event
communist	agent
communist	leader
communist	organism
communist	person
communist	physical-object
communist	politician
community	group
compact	artifact
compact	car
compact	container
compact	physical-object
compact	vehicle
companionship	attribute
companionship	friendship
companionship	state
company	group
company	institution
company	organization
compartment	attribute
compartment	empty-space
compartment	physical-object
compartment	place
compartment	shape
compassion	attribute
competence	ability
competence	attribute
competition	act
competition	event
competition-jury	committee
competition-jury	group
competition-jury	organization
competitive-edge	asset
competitive-edge	attribute
competitive-lead	asset
competitive-lead	attribute
complication	attribute
complication	situation
complication	state
component	physical-object
composer	agent
composer	artist
composer	musician
composer	organism
composer	person
composer	physical-object
composition	essay
composition	information
compound	chemical
compound	material
compound	part
compound	substance
compromise	information
computer	artifact
computer	device
computer	machine
computer	physical-object
computer-memory	artifact
computer-memory	component
computer-memory	device
computer-memory	hardware
computer-memory	physical-object
computer-menu	information
computer-menu	list
computer-mouse	artifact
computer-mouse	device
computer-mouse	physical-object
computer-program	code
computer-program	information
computer-program	software
computer-science	cognition
computer-science	engineering
computer-science	field-of-study
computer-virus	code
computer-virus	computer-program
computer-virus	information
computer-virus	software
computer-worm	code
computer-worm	computer-program
computer-worm	information
computer-worm	software
comrade	agent
comrade	organism
comrade	person
comrade	physical-object
concave-polygon	attribute
concave-polygon	polygon
concave-polygon	shape
concentration	attribute
concept	cognition
concept	idea
conception	process
concern	attribute
concern	emotion
concern	feeling
concern	state
concern.cognition	attribute
concern.cognition	condition
concern.cognition	state
concert	event
concert	performance
concert	show
concession	act
concession	event
conclusion	information
conclusion	music
concrete	artifact
concrete	physical-object
condition	attribute
condition	state
conditional-probability	probability
conductor	agent
conductor	organism
conductor	person
conductor	physical-object
conductor	worker
confederation	group
confederation	organization
conference	group
conference	meeting
confession	admission
confession	information
confidence	attribute
confidence	feeling
confidence	state
confirmation	cognition
confirmation	evidence
confirmation	proof
conflict	attribute
conflict	state
conformity	act
conformity	event
confrontation	act
confrontation	event
confusion	act
confusion	event
confusion	mistake
conglomerate	firm
conglomerate	group
conglomerate	organization
congress	group
congress	legislature
congressman	agent
congressman	leader
congressman	organism
congressman	person
congressman	physical-object
conic-section	attribute
conic-section	shape
connectedness	attribute
connectedness	state
connection	act
connection	event
connection	transport
conscience	motivation
consciousness	attribute
consciousness	condition
consciousness	state
conscription	act
conscription	event
consensus	agreement
consensus	attribute
consensus	state
consequence	phenomenon
consequence	process
conservation	act
conservation	activity
conservation	event
conservation	protection
consideration	attribute
consideration	good
consolation	act
consolation	activity
consolation	assist
consolation	event
conspiracy	cognition
conspiracy	idea
conspiracy	plan
conspiracy	secret-plan
constellation	natural-object
constellation	physical-object
constituency	group
constituent-state	district
constituent-state	physical-object
constituent-state	place
constituent-state	region
constitution	attribute
constraint	attribute
constraint	state
consultation	information
consumer	agent
consumer	organism
consumer	person
consumer	physical-object
consumer	user
consumption	process
contact	act
contact	event
contact	interaction
container	artifact
container	physical-object
contamination	act
contamination	event
contemporary	agent
contemporary	organism
contemporary	peer
contemporary	person
contemporary	physical-object
contempt	attribute
contempt	feeling
contempt	state
contest	event
context	attribute
context	situation
context	state
continent	land
continent	physical-object
contract	document
contract	information
contract	legal-document
contract-condition	information
contraction	act
contraction	diminution
contraction	event
contradiction	information
contribution	act
contribution	event
control-stick	artifact
control-stick	bar
control-stick	physical-object
convalescence	process
conventionality	attribute
convergence	function
convergence	mathematical-relation
convergence	mathematical-series
convergence	polynomial
conversation	information
conversion	change
conversion	event
convex-polygon	attribute
convex-polygon	polygon
convex-polygon	shape
conviction	belief
conviction	cognition
cook	agent
cook	organism
cook	person
cook	physical-object
cook	worker
cookie	cake
cookie	substance
cooking-pan	artifact
cooking-pan	physical-object
cooking-pot	artifact
cooking-pot	container
cooking-pot	physical-object
cooking-pot	vessel
cooperation	act
cooperation	activity
cooperation	event
cooperation	practice
coordinate-origin	geometric-intersection
coordinate-origin	mathematical-set
copper	chemical-element
copper	electrical-conductor
copper	material
copper	metal
copper	part
copper	substance
copy	artifact
copy	physical-object
copyright	cognition
copyright	concept
copyright	document
copyright	idea
copyright	information
cord	artifact
cord	fabric
cord	physical-object
cordial-reception	greeting
cordial-reception	information
cordial-reception	welcome
core	centre
core	physical-object
core	place
corn	food
corn	grain
corn	substance
corner	physical-object
corner	place
correction	act
correction	event
correlation-coefficient	cognition
correlation-coefficient	parametric-statistic
correlation-coefficient	statistic
correlation-matrix	group
correlation-matrix	matrix
correlation-table	group
correlation-table	tabular-array
correlational-analysis	cognition
correlational-analysis	method
correlational-analysis	multivariate-analysis
correlational-analysis	statistical-method
correspondence	information
correspondence	mail
correspondence	message
corruption	act
corruption	event
cosecant	function
cosecant	mathematical-relation
cosecant	trigonometric-function
cosine	function
cosine	mathematical-relation
cosine	trigonometric-function
cost-estimate	information
costume	artifact
costume	clothing
costume	commodity
costume	physical-object
cotangent	function
cotangent	mathematical-relation
cotangent	trigonometric-function
cotton	artifact
cotton	fabric
cotton	physical-object
council	group
council	organization
counter	artifact
counter	furniture
counter	physical-object
counterspy	agent
counterspy	organism
counterspy	person
counterspy	physical-object
counterspy	representative
counterspy	representative-agent
counterspy	spy
country	group
country	organization
countryside	physical-object
countryside	place
countryside	region
countryside	rural-area
coup-d'etat	act
coup-d'etat	event
couple	group
couple	pair
coupon	document
coupon	information
courage	attribute
courage	trait
course	act
course	event
course-credit	accomplishment
course-credit	act
course-credit	event
course-drift	process
course-of-instruction	act
course-of-instruction	activity
course-of-instruction	education
course-of-instruction	event
course-of-study	information
court	artifact
court	physical-object
court	structure
courtesy	act
courtesy	event
courtship	act
courtship	event
cousin	agent
cousin	organism
cousin	person
cousin	physical-object
cousin	relative
couturier	agent
couturier	organism
couturier	person
couturier	physical-object
covariance	cognition
covariance	moment
covariance	statistic
covariance	variance
covariation	process
coverage	information
cow	animal
cow	cattle
cow	mammal
cow	organism
cow	physical-object
cow	vertebrate
crack	attribute
crack	empty-space
crack	physical-object
crack	place
crack	shape
crack-up	attribute
crack-up	condition
crack-up	illness
crack-up	state
crackpot	agent
crackpot	organism
crackpot	person
crackpot	physical-object
craft	cognition
craft	intelligence
craftsman	agent
craftsman	organism
craftsman	person
craftsman	physical-object
craftsman	worker
craftsmanship	cognition
craftsmanship	skill
crash	accident
crash	event
crash	trouble
cream	dairy-product
cream	food
cream	substance
creation	act
creation	activity
creation	event
credibility	attribute
credit	possession
credit-card	credit
credit-card	identification
credit-card	indication
credit-card	information
credit-card	possession
creed	belief
creed	cognition
creed	doctrine
crevice	attribute
crevice	shape
crew	group
crew	organization
cricket	animal
cricket	insect
cricket	invertebrate
cricket	organism
cricket	physical-object
crime	act
crime	activity
crime	event
criminal	agent
criminal	organism
criminal	person
criminal	physical-object
criminal	wrongdoer
criminal-record	information
criminal-record	list
crisis	attribute
crisis	condition
crisis	state
crisp	food
crisp	prepared-dish
crisp	substance
critic	adult
critic	agent
critic	organism
critic	person
critic	physical-object
critic	professional
criticism	information
critique	information
crook	attribute
crook	curved-shape
crook	shape
crop	act
crop	commerce
crop	commercial-enterprise
crop	event
crop	industry
crop	transaction
cross	artifact
cross	physical-object
cross	structure
cross-section	cognition
cross-section	example
cross-section	sample
crossing	artifact
crossing	physical-object
crowd	group
crown	artifact
crown	clothing
crown	commodity
crown	equipment
crown	physical-object
cruelty	attribute
cruelty	feeling
cruelty	state
cruise	act
cruise	event
crutch	artifact
crutch	physical-object
crutch	stick
cry	information
crystal	artifact
crystal	physical-object
cube	attribute
cube	shape
cubicle	artifact
cubicle	physical-object
cubicle	room
cubicle	structure
cucumber	produce
cucumber	substance
cucumber	vegetable
culture	attitude
culture	cognition
cup	artifact
cup	container
cup	physical-object
cupboard	artifact
cupboard	physical-object
cupboard	structure
curate	agent
curate	leader
curate	organism
curate	person
curate	physical-object
curl	hair
curl	natural-object
curl	physical-object
currency	standard
current	natural-event
current	phenomenon
current	process
curtain	artifact
curtain	physical-object
curve	attribute
curve	shape
curved-shape	attribute
curved-shape	shape
curvilinear-correlation	cognition
curvilinear-correlation	field-of-study
curvilinear-correlation	mathematics
curvilinear-correlation	science
curvilinear-correlation	statistics
curvilinear-regression	cognition
curvilinear-regression	method
curvilinear-regression	regression
curvilinear-regression	statistical-method
cushion	artifact
cushion	physical-object
custody	act
custody	activity
custody	event
custom	cognition
customer	agent
customer	consumer
customer	organism
customer	person
customer	physical-object
customer	user
cut	act
cut	diminution
cut	event
cut-rate-sale	attribute
cut-rate-sale	opportunity
cut-rate-sale	state
cycle	event
cycle	repeat
cylinder	attribute
cylinder	shape
dad	agent
dad	ancestor
dad	father
dad	organism
dad	parent
dad	person
dad	physical-object
dad	relative
dairy	farm
dairy	physical-object
dairy	place
dairy	workplace
dairy-product	food
dairy-product	substance
damage	change
damage	event
danger	attribute
danger	condition
danger	state
dark	attribute
dark	state
dark-blue	attribute
dark-blue	blue
darling	agent
darling	organism
darling	person
darling	physical-object
dash	attribute
data-chart	information
data-file	indication
data-file	information
date	botanical-fruit
date	fruit
date	natural-object
date	physical-object
date	produce
date	substance
daughter	agent
daughter	child
daughter	offspring
daughter	organism
daughter	person
daughter	physical-object
daughter	relative
dawn	clock-time
dawn	cognition
dawn	time-of-day
day-of-the-month	day
daylight	natural-event
daylight	phenomenon
daylight	process
daze	attribute
daze	condition
daze	state
dead-body	natural-object
dead-body	physical-object
deal	act
deal	event
dearth	attribute
dearth	condition
dearth	lack
dearth	need
dearth	state
death	change
death	event
debate	act
debate	event
debate	formal-address
debt	possession
decade	time-period
decagon	attribute
decagon	polygon
decagon	shape
decay	natural-event
decay	phenomenon
decay	process
decile	appraisal
decile	cognition
decile	mark
deck	artifact
deck	physical-object
declaration	information
declivity	physical-object
declivity	slope
decoration	artifact
decoration	physical-object
decorative-design	artifact
decorative-design	decoration
decorative-design	physical-object
decrease	change
decrease	event
decree	document
decree	information
decree	legal-document
deed	document
deed	information
deed	legal-document
deer	animal
deer	mammal
deer	organism
deer	physical-object
deer	vertebrate
default-option	cognition
default-option	option
defect	attribute
defect	state
defendant	agent
defendant	organism
defendant	person
defendant	physical-object
deficit	attribute
deficit	insufficiency
deficit	magnitude
definition	explanation
definition	information
degree	attribute
degree-of-freedom	cognition
degree-of-freedom	concept
degree-of-freedom	idea
degree-of-freedom	quantity
degree-of-freedom	variable
deity	belief
deity	cognition
delay	act
delay	event
delegate	agent
delegate	organism
delegate	person
delegate	physical-object
delegate	representative
deliberation	cognition
deliberation	thinking
delivery	act
delivery	event
delta	attribute
delta	equilateral-triangle
delta	isogon
delta	polygon
delta	regular-polygon
delta	shape
delta	triangle
demand	information
demand	request
demand.process	process
demo	information
democracy	group
demographic	cognition
demographic	statistic
demonstration	act
demonstration	event
demonstration	protest
demonstrator	agent
demonstrator	organism
demonstrator	person
demonstrator	physical-object
denial	assertion
denial	declaration
denial	information
density	attribute
dentist	adult
dentist	agent
dentist	organism
dentist	person
dentist	physical-object
dentist	professional
departure	act
departure	event
dependent-variable	cognition
dependent-variable	concept
dependent-variable	idea
dependent-variable	quantity
dependent-variable	variable
deposit	fund
deposit	standard
depository-financial-institution	group
depository-financial-institution	institution
depository-financial-institution	organization
depression	attribute
depression	condition
depression	crisis
depression	state
depressive-disorder	attribute
depressive-disorder	condition
depressive-disorder	state
deputation	group
deputation	organization
deputy	agent
deputy	organism
deputy	person
deputy	physical-object
deputy	representative
deputy	representative-agent
descent	event
desert	group
desert	physical-object
desert	place
desert	region
deservingness	attribute
design	artifact
design	physical-object
desire	attribute
desire	feeling
desire	state
desk	artifact
desk	furniture
desk	physical-object
despair	attribute
despair	feeling
despair	state
dessert	food
dessert	substance
destiny	attribute
destiny	state
destruction	ending
destruction	event
detachment	attribute
detachment	feeling
detachment	state
detail	part
detective	agent
detective	organism
detective	person
detective	physical-object
detective	policeman
detector	artifact
detector	device
detector	physical-object
detention	attribute
detention	state
development	district
development	physical-object
development	place
development	region
deviation	cognition
deviation	statistic
device	artifact
device	physical-object
diagnosis	act
diagnosis	event
diagonal	mathematical-set
diagonal-line	attribute
diagonal-line	shape
diagram	artifact
diagram	physical-object
dialect	information
dialog	conversation
dialog	information
dialog	talk
dialogue	information
diameter	attribute
diameter	shape
diamond	artifact
diamond	decoration
diamond	jewel
diamond	physical-object
diary	information
dictionary	artifact
dictionary	book
dictionary	physical-object
dictionary	publication
diet	act
diet	activity
diet	event
differential-calculus	calculus
differential-calculus	cognition
differential-calculus	field-of-study
differential-calculus	mathematics
differential-calculus	science
differential-equation	equation
differential-equation	information
differential-equation	mathematical-statement
differentiation	act
differentiation	activity
differentiation	event
differentiation	mathematical-operation
differentiation	procedure
difficulty	attribute
dig	physical-object
dig	place
dig	region
dignity	attribute
dignity	feeling
dignity	state
dilemma	attribute
dilemma	condition
dilemma	state
diligence	attribute
diligence	trait
diminution	act
diminution	event
dinner	food
dinner	meal
dinner	substance
diplomat	agent
diplomat	official
diplomat	organism
diplomat	person
diplomat	physical-object
diplomat	worker
direction	attitude
direction	cognition
direction	inclination
director	agent
director	member
director	organism
director	peer
director	person
director	physical-object
directory	artifact
directory	book
directory	physical-object
directory	publication
disability	attribute
disability	condition
disability	state
disadvantage	attribute
disagreement	attribute
disagreement	conflict
disagreement	state
disappointment	attribute
disappointment	desire
disappointment	feeling
disappointment	state
discipline	act
discipline	event
discipline	punishment
disco	artifact
disco	physical-object
disco	room
disco	structure
discount	act
discount	diminution
discount	event
discourtesy	act
discourtesy	activity
discourtesy	behavior
discourtesy	event
discovery	cognition
discovery	insight
discrimination	act
discrimination	event
discussion	act
discussion	communication
discussion	event
disease	attribute
disease	condition
disease	illness
disease	state
disembodied-spirit	belief
disembodied-spirit	cognition
disgrace	attribute
disgrace	state
disgrace	status
dish	artifact
dish	container
dish	physical-object
dish-aerial	artifact
dish-aerial	device
dish-aerial	physical-object
disk	artifact
disk	device
disk	mechanism
disk	physical-object
dismay	attribute
dismay	emotion
dismay	fear
dismay	feeling
dismay	state
dismissal	act
dismissal	event
dismissal	notice.communication
disorderliness	attribute
disorderliness	condition
disorderliness	state
display	act
display	activity
display	entertainment
display	event
disposition	attribute
disposition	trait
dispute	act
dispute	event
disregard	act
disregard	activity
disregard	event
disregard	practice
dissertation	information
distance	placement
distortion	act
distortion	event
distortion	mistake
distributor	company
distributor	group
distributor	institution
distributor	organization
district	physical-object
district	place
district	region
disturbance	attribute
disturbance	state
divergence	function
divergence	mathematical-relation
divergence	mathematical-series
divergence	polynomial
diverseness	attribute
diversion	act
diversion	event
dividend	outgo
dividend	possession
division	act
division	activity
division	arithmetic-operation
division	event
division	mathematical-operation
division	procedure
divorce	act
divorce	event
divorce	separation
doctor	adult
doctor	agent
doctor	organism
doctor	person
doctor	physical-object
doctor	professional
doctrine	belief
doctrine	cognition
document	information
documentation	act
documentation	event
dodecagon	attribute
dodecagon	polygon
dodecagon	shape
dog	animal
dog	mammal
dog	organism
dog	physical-object
dog	vertebrate
doll	artifact
doll	physical-object
doll	plaything
dolphin	animal
dolphin	mammal
dolphin	organism
dolphin	physical-object
dolphin	vertebrate
dolphin	whale
domain	mathematical-set
dome	artifact
dome	physical-object
dome	roof
dominance	attribute
dominance	condition
dominance	state
domination	attribute
domination	condition
domination	dominance
domination	state
dominion	attribute
dominion	condition
dominion	dominance
dominion	state
donor	agent
donor	organism
donor	person
donor	physical-object
door	artifact
door	physical-object
door	structure
doorbell	artifact
doorbell	device
doorbell	electric-switch
doorbell	mechanism
doorbell	physical-object
doorbell	push-button
doorsill	artifact
doorsill	device
doorsill	physical-object
doorsill	support-device
dormitory	artifact
dormitory	building
dormitory	housing
dormitory	physical-object
dormitory	structure
dose	agent
dose	drug
dose	medication
dose	substance
dot	attribute
dot	shape
double	cognition
double	concept
double	idea
double	product
double	quantity
doubt	attribute
doubt	uncertainty
dough	food
dough	substance
down-payment	outgo
down-payment	possession
downfall	event
draft	information
draft	text
dragon	cognition
drain	artifact
drain	physical-object
drama	event
dramatic-play	information
dramaturgy	act
dramaturgy	communication
dramaturgy	event
draught	natural-event
draught	phenomenon
draught	process
draught	weather
draught	wind
draw	event
drawer	artifact
drawer	container
drawer	physical-object
drawer	structure
drawing	information
drawn-box	attribute
drawn-box	parallelogram
drawn-box	polygon
drawn-box	quadrilateral
drawn-box	rectangle
drawn-box	shape
dream	cognition
dream	imagination
dressing	artifact
dressing	physical-object
drift	mass
drift	natural-object
drift	physical-object
drill	act
drill	activity
drill	event
drill	training
drill-tool	artifact
drill-tool	physical-object
drill-tool	tool
drink	food
drink	part
drink	substance
drinking	act
drinking	activity
drinking	event
drive	act
drive	event
drive	journey
driver	agent
driveway	artifact
driveway	physical-object
driveway	road
drop	attribute
drop	shape
drug	agent
drug	substance
drug-user	agent
drug-user	organism
drug-user	person
drug-user	physical-object
drum	artifact
drum	device
drum	musical-instrument
drum	physical-object
duality	attribute
duck	animal
duck	bird
duck	organism
duck	physical-object
duck	vertebrate
duke	agent
duke	leader
duke	organism
duke	person
duke	physical-object
dust	material
dust	part
dust	substance
duty	act
duty	activity
duty	event
duty	work
dwelling	artifact
dwelling	housing
dwelling	physical-object
dwelling	structure
eagle	animal
eagle	bird
eagle	organism
eagle	physical-object
eagle	vertebrate
eagle.communication	cognition
ear	body-part
ear	organ
earth-science	cognition
earth-science	field-of-study
earth-science	natural-science
earth-science	science
earthquake	natural-event
earthquake	phenomenon
earthquake	process
ease	attribute
ease	condition
ease	state
easiness	attribute
easiness	feeling
easiness	state
eccentricity	ratio
echo	attribute
economic-consumption	demand.process
economic-consumption	process
economic-system	group
economic-system	system
economics	cognition
economics	field-of-study
economics	science
economics	social-science
economist	agent
economist	organism
economist	person
economist	physical-object
economist	scientist
economy	attribute
economy	good
economy	trait
economy	virtue
ecstasy	attribute
ecstasy	emotion
ecstasy	feeling
ecstasy	state
edge	artifact
edge	physical-object
edition	artifact
edition	physical-object
edition	publication
education	act
education	activity
education	event
egg	food
egg	substance
egg-white	food
egg-white	substance
eggshell	natural-object
eggshell	physical-object
ego	attribute
ego	feeling
ego	state
elbow	articulation
elbow	body-part
election	act
election	event
electorate	group
electric-battery	artifact
electric-battery	device
electric-battery	physical-object
electric-charge	natural-event
electric-charge	phenomenon
electric-charge	process
electric-refrigerator	artifact
electric-refrigerator	commodity
electric-refrigerator	physical-object
electric-shock	process
electric-switch	artifact
electric-switch	device
electric-switch	mechanism
electric-switch	physical-object
electrical-conductor	material
electrical-conductor	part
electrical-conductor	substance
electricity	natural-event
electricity	phenomenon
electricity	process
electron	natural-object
electron	particle
electron	physical-object
electronics	cognition
electronics	field-of-study
electronics	natural-science
electronics	physics
electronics	science
elementary-geometry	cognition
elementary-geometry	field-of-study
elementary-geometry	geometry
elementary-geometry	mathematics
elementary-geometry	science
elephant	animal
elephant	mammal
elephant	organism
elephant	physical-object
elephant	vertebrate
elevator	artifact
elevator	device
elevator	physical-object
elite	class
elite	group
elite	people
elliptic-geometry	cognition
elliptic-geometry	field-of-study
elliptic-geometry	geometry
elliptic-geometry	mathematics
elliptic-geometry	non-euclidean-geometry
elliptic-geometry	science
email	act
email	communication
email	event
embassy	artifact
embassy	building
embassy	physical-object
embassy	structure
embryo	animal
embryo	organism
embryo	physical-object
emergency	event
emotion	attribute
emotion	feeling
emotion	state
emphasis	attribute
emphasis	state
emphasis	status
empire	group
empire	monarchy
employee	agent
employee	organism
employee	person
employee	physical-object
employee	worker
employer	agent
employer	leader
employer	organism
employer	person
employer	physical-object
employment	attribute
employment	state
empty-space	attribute
empty-space	physical-object
empty-space	place
empty-space	shape
enchantment	attribute
enchantment	condition
enchantment	state
enchantress	agent
enchantress	organism
enchantress	person
enchantress	physical-object
encounter	event
end	physical-object
end	place
end-product	artifact
end-product	physical-object
ending	event
endurance	attribute
endurance	state
enemy	group
enemy	people
engagement	group
engine	artifact
engine	device
engine	machine
engine	physical-object
engineer	agent
engineer	organism
engineer	person
engineer	physical-object
engineering	cognition
engineering	field-of-study
engrossment	attention
engrossment	cognition
entertainment	act
entertainment	activity
entertainment	event
enthusiasm	attribute
enthusiasm	condition
enthusiasm	state
enticement	act
enticement	event
entitlement	cognition
entitlement	concept
entitlement	idea
entitlement	title
entrance	artifact
entrance	physical-object
entrance-fee	fee
entrance-fee	outgo
entrance-fee	possession
entree	cognition
entree	concept
entree	idea
envelope	artifact
envelope	container
envelope	physical-object
environment	physical-object
environment	place
environment	region
episode	event
episode	programme
episode	show
equation	information
equation	mathematical-statement
equidistribution	cognition
equidistribution	statistical-distribution
equilateral-triangle	attribute
equilateral-triangle	isogon
equilateral-triangle	polygon
equilateral-triangle	regular-polygon
equilateral-triangle	shape
equilateral-triangle	triangle
equilibrium	attribute
equilibrium	situation
equilibrium	state
equipment	artifact
equipment	physical-object
era	time-period
erosion	attribute
erosion	condition
erosion	state
error	cognition
error	idea
escape	act
escape	event
escort	agent
escort	organism
escort	person
escort	physical-object
esprit-de-corps	attribute
esprit-de-corps	disposition
esprit-de-corps	trait
essay	information
estate	belongings
estate	possession
estimate	calculation
estimate	cognition
estimate	thinking
estimation	attitude
estimation	cognition
ethics	cognition
ethics	field-of-study
ethics	humanities
ethics	philosophy
euclid's-axiom	information
euclid's-axiom	proposition
euclidean-space	attribute
euclidean-space	mathematical-set
euclidean-space	mathematical-space
euclidean-space	metric-space
evening	time-period
evenness	mathematical-relation
evenness	parity
evidence	cognition
evolution	process
exam	act
exam	communication
exam	event
examination	act
examination	activity
examination	event
examination	work
examiner	agent
examiner	expert
examiner	investigator
examiner	organism
examiner	person
examiner	physical-object
example	cognition
exceedance	probability
exception	cognition
exception	example
excerpt	information
excerpt	music
excerpt	text-passage
excess	attribute
excess	magnitude
exchange	act
exchange	event
excitement	attribute
excitement	condition
excitement	state
excuse	explanation
excuse	information
execution	act
execution	event
execution	punishment
executive	group
exemplar	cognition
exemplar	idea
exemption	act
exemption	event
exemption	release
exercise	act
exercise	activity
exercise	event
exercise	labor
exercise	work
exhibition	collection
exhibition	group
exile	act
exile	event
exile	rejection
exit	artifact
exit	physical-object
expansion	act
expansion	event
expectation	belief
expectation	cognition
expedition	group
expedition	organization
experience	acquired-knowledge
experience	cognition
experiment	act
experiment	activity
experiment	event
experiment	research
experiment	work
expert	agent
expert	organism
expert	person
expert	physical-object
expertness	attribute
expertness	state
explaining	act
explaining	event
explanation	information
exploration	act
exploration	event
exploration	journey
explosion	event
exponential	function
exponential	mathematical-relation
exponential-equation	equation
exponential-equation	information
exponential-equation	mathematical-statement
exponential-expression	expression
exponential-expression	information
exponential-expression	mathematical-statement
exponential-series	function
exponential-series	mathematical-relation
exponential-series	mathematical-series
exponential-series	polynomial
exponentiation	act
exponentiation	activity
exponentiation	event
exponentiation	mathematical-operation
exponentiation	procedure
exposure	attribute
exposure	weakness
expression	information
expression	mathematical-statement
expressway	artifact
expressway	physical-object
expressway	road
extension	artifact
extension	equipment
extension	phone
extension	physical-object
extension.time	pause
extent	attribute
extent	state
extrapolation	calculation
extrapolation	cognition
extrapolation	thinking
extraterrestrial-being	cognition
extreme	attribute
extreme	degree
eye	body-part
eye	organ
eyebrow	hair
eyebrow	natural-object
eyebrow	physical-object
eyelid	body-part
eyelid	tissue
fabric	artifact
fabric	physical-object
fabrication	act
fabrication	activity
fabrication	creation
fabrication	event
facade	artifact
facade	front
facade	physical-object
face	body-part
facial-feature	body-part
facility	artifact
facility	physical-object
facsimile	apparatus
facsimile	artifact
facsimile	equipment
facsimile	physical-object
fact	information
factor	event
factor-analysis	cognition
factor-analysis	correlational-analysis
factor-analysis	method
factor-analysis	multivariate-analysis
factor-analysis	statistical-method
factorization	cognition
factorization	thinking
factory	artifact
factory	physical-object
factory	structure
factory	works
failing	attribute
failing	state
failure	attribute
failure	destiny
failure	state
fair	group
fair-chance	probability
fair-weather	natural-event
fair-weather	phenomenon
fair-weather	process
fair-weather	weather
fairy	belief
fairy	cognition
fall	season
fall	time-period
fame	attribute
fame	honour
fame	state
fame	status
family	group
family	organization
family-line	group
family-line	kin
fan	agent
fan	organism
fan	person
fan	physical-object
fare	outgo
fare	possession
farm	physical-object
farm	place
farm	workplace
farmer	agent
farmer	organism
farmer	person
farmer	physical-object
farming	act
farming	commerce
farming	commercial-enterprise
farming	event
farming	industry
farming	transaction
fashion	cognition
fat	chemical
fat	compound
fat	material
fat	molecule
fat	part
fat	substance
fat-chance	probability
father	agent
father	ancestor
father	organism
father	parent
father	person
father	physical-object
father	relative
fatness	attribute
fault	attribute
fault	trait
faux-pas	act
faux-pas	event
faux-pas	mistake
favor	act
favor	event
fear	attribute
fear	emotion
fear	feeling
fear	state
feast	food
feast	meal
feast	substance
feather	material
feather	natural-object
feather	part
feather	physical-object
feather	substance
feature	cognition
feature	concept
feature	idea
feature	property
federal-agent	agent
federal-agent	official
federal-agent	organism
federal-agent	person
federal-agent	physical-object
federal-agent	worker
fee	outgo
fee	possession
feedback	information
feedback	reply
feeling	attribute
feeling	state
female-child	agent
female-child	organism
female-child	person
female-child	physical-object
feminist	agent
feminist	organism
feminist	person
feminist	physical-object
fence	artifact
fence	physical-object
fence	structure
ferry	artifact
ferry	boat
ferry	physical-object
ferry	vehicle
ferry	watercraft
festival	act
festival	activity
festival	celebration
festival	event
fever	cognition
fever	evidence
fever	symptom
fib	information
fib	lie
fiber	material
fiber	part
fiber	substance
fiction	information
fictional-character	cognition
field	physical-object
field	place
field	region
field-of-study	cognition
fig	botanical-fruit
fig	fruit
fig	natural-object
fig	physical-object
fig	produce
fig	substance
fight	act
fight	event
figure	possession
file	artifact
file	physical-object
file	tool
file-cabinet	artifact
file-cabinet	furniture
file-cabinet	physical-object
film	artifact
film	event
film	physical-object
film	show
film.artifact	physical-object
filter	artifact
filter	device
filter	physical-object
final-examination	act
final-examination	communication
final-examination	event
final-examination	exam
finance	act
finance	event
finance	management
financial-sacrifice	lost-item
financial-sacrifice	possession
finger	body-part
fingernail	body-part
finish	physical-object
finish	place
fire	artifact
fire	physical-object
fire	structure
fireman	agent
fireman	organism
fireman	person
fireman	physical-object
firm	group
firm	organization
first-order-correlation	cognition
first-order-correlation	field-of-study
first-order-correlation	mathematics
first-order-correlation	partial-correlation
first-order-correlation	science
first-order-correlation	statistics
first-step	act
first-step	event
fish	animal
fish	organism
fish	physical-object
fish	vertebrate
fish-meat	substance
fisherman	agent
fisherman	organism
fisherman	person
fisherman	physical-object
fisherman	worker
fist	body-part
fist	manus
fit	anger
fit	attribute
fit	emotion
fit	feeling
fit	state
fitness	attribute
fitness	condition
fitness	state
fix	attribute
fix	condition
fix	state
fixture	artifact
fixture	physical-object
flag	artifact
flag	decoration
flag	decorative-design
flag	physical-object
flak	criticism
flak	information
flame	chemical-reaction
flame	process
flare	information
flare	signal
flash	artifact
flash	device
flash	equipment
flash	physical-object
flashlight	artifact
flashlight	device
flashlight	physical-object
flat	artifact
flat	hoop
flat	physical-object
flat	tire
flatware	artifact
flatware	physical-object
fleet	group
fleet	organization
flesh	body-part
flesh	tissue
flight	act
flight	event
flight	journey
flock	group
flood	natural-event
flood	phenomenon
flood	process
floor	artifact
floor	physical-object
flour	food
flour	substance
flower	organism
flower	physical-object
flower	plant
flowerpot	artifact
flowerpot	container
flowerpot	physical-object
fluctuation	attribute
fluid	substance
fly	animal
fly	insect
fly	invertebrate
fly	organism
fly	physical-object
foe	adversary
foe	agent
foe	organism
foe	person
foe	physical-object
fog	natural-event
fog	phenomenon
fog	process
fold	attribute
fold	shape
folk	group
folk	people
folk-music	information
folk-music	music
folklore	cognition
fond-regard	attribute
fond-regard	feeling
fond-regard	state
food	substance
fool	agent
fool	organism
fool	person
fool	physical-object
foot	body-part
football	act
football	activity
football	event
football	game
football	sport
foray	act
foray	activity
foray	attack
foray	event
foray	military-operation
force	attribute
force	degree
foreigner	agent
foreigner	organism
foreigner	person
foreigner	physical-object
foreman	agent
foreman	leader
foreman	organism
foreman	person
foreman	physical-object
foreman	supervisor
forest	group
forest	land
forest	physical-object
forestry	biology
forestry	cognition
forestry	field-of-study
forestry	natural-science
forestry	science
fork	artifact
fork	physical-object
form	document
form	information
formal-address	act
formal-address	event
formal-application	information
formal-application	request
formal-proof	indication
formal-proof	information
format	information
formation	placement
formula	information
forte	asset
forte	attribute
fortune	possession
fortune	wealth
forum	group
forum	meeting
fossil	physical-object
foundation	group
foundation	institution
foundation	organization
fountain	artifact
fountain	fixture
fountain	physical-object
fourier-series	function
fourier-series	mathematical-relation
fourier-series	mathematical-series
fourier-series	polynomial
fox	animal
fox	mammal
fox	organism
fox	physical-object
fox	vertebrate
fractal	cognition
fractal-geometry	cognition
fractal-geometry	field-of-study
fractal-geometry	geometry
fractal-geometry	mathematics
fractal-geometry	science
fraction	complex-number
fracture	attribute
fracture	condition
fracture	injury
fracture	state
franchise	group
franchise	organization
frank	meat
frank	sausage
frank	substance
fraud	act
fraud	activity
fraud	event
freak	organism
freak	physical-object
freckle	artifact
freckle	decoration
freckle	decorative-design
freckle	physical-object
free-fall	descent
free-fall	event
freedom	attribute
freedom	state
freeze	act
freeze	event
freight	act
freight	commerce
freight	commercial-enterprise
freight	event
freight	transaction
freight	transportation
frequency-band	collection
frequency-band	group
frequency-distribution	cognition
frequency-distribution	statistical-distribution
freshman	agent
freshman	organism
freshman	person
freshman	physical-object
freshman	student
friend	agent
friend	organism
friend	peer
friend	person
friend	physical-object
friendship	attribute
friendship	state
frog	amphibian
frog	animal
frog	organism
frog	physical-object
frog	vertebrate
front	artifact
front	physical-object
fruit	botanical-fruit
fruit	natural-object
fruit	physical-object
fruit	produce
fruit	substance
frustration	attribute
frustration	desire
frustration	disappointment
frustration	feeling
frustration	state
fuel	substance
fun	act
fun	activity
fun	event
function	mathematical-relation
functioning	process
fund	standard
fundamental-law	document
fundamental-law	information
fundamental-law	legal-document
funeral	ceremony
funeral	event
funeral	social-occasion
fungus	organism
fungus	physical-object
fur	material
fur	part
fur	substance
furniture	artifact
furniture	physical-object
fury	anger
fury	attribute
fury	emotion
fury	feeling
fury	state
future	attribute
galaxy	collection
galaxy	group
gallery	artifact
gallery	physical-object
gallery	room
gallery	structure
galois-theory	cognition
galois-theory	field-of-study
galois-theory	group-theory
galois-theory	mathematics
galois-theory	science
game	act
game	activity
game	event
game-move	act
game-move	activity
game-move	event
game-rule	information
gap	artifact
gap	physical-object
garage	artifact
garage	building
garage	physical-object
garage	structure
garbage	material
garbage	part
garbage	substance
garbage	waste
garden	collection
garden	group
garden	vegetation
garden-bed	physical-object
garden-bed	place
garden-bed	plot
garden-bed	region
garlic	food
garlic	substance
gas	natural-event
gas	phenomenon
gas	process
gas	state-of-matter
gash	attribute
gash	condition
gash	injury
gash	state
gash	wound
gasoline	chemical
gasoline	compound
gasoline	fuel
gasoline	material
gasoline	part
gasoline	substance
gate	artifact
gate	physical-object
gate	structure
gaze	act
gaze	activity
gaze	event
gear	artifact
gear	device
gear	mechanism
gear	physical-object
gear-tooth	artifact
gear-tooth	physical-object
gear-tooth	structure
gem	substance
gene	group
gene	sequence
general	agent
general	organism
general	person
general	physical-object
general	worker
genius	agent
genius	organism
genius	person
genius	physical-object
gentleman	adult
gentleman	agent
gentleman	man
gentleman	organism
gentleman	person
gentleman	physical-object
geodesic	attribute
geodesic	shape
geographic-pole	physical-object
geographic-pole	place
geography	cognition
geography	earth-science
geography	field-of-study
geography	natural-science
geography	science
geometric-base	attribute
geometric-base	shape
geometric-construction	act
geometric-construction	activity
geometric-construction	event
geometric-construction	mathematical-operation
geometric-construction	procedure
geometric-intersection	mathematical-set
geometric-mean	average
geometric-mean	cognition
geometric-mean	mean
geometric-mean	statistic
geometric-progression	group
geometric-ray	attribute
geometric-ray	shape
geometric-reflection	function
geometric-reflection	mathematical-relation
geometric-reflection	transformation
geometric-rotation	function
geometric-rotation	mathematical-relation
geometric-rotation	transformation
geometric-series	function
geometric-series	mathematical-relation
geometric-series	mathematical-series
geometric-series	polynomial
geometry	cognition
geometry	field-of-study
geometry	mathematics
geometry	science
gesture	act
gesture	event
gesture	motion
ghost	agent
ghostwriter	agent
ghostwriter	organism
ghostwriter	person
ghostwriter	physical-object
ghostwriter	writer
giant	agent
giant	organism
giant	person
giant	physical-object
gift	acquisition
gift	possession
girlfriend	adult
girlfriend	agent
girlfriend	organism
girlfriend	person
girlfriend	physical-object
girlfriend	woman
glacier	physical-object
glance	act
glance	activity
glance	event
glass	artifact
glass	container
glass	physical-object
glass-material	substance
glimpse	cognition
glimpse	view
globe	attribute
globe	shape
gloom	ambiance
gloom	attribute
gloom	condition
gloom	state
glory	attribute
glory	honour
glory	state
glory	status
glove	artifact
glove	clothing
glove	commodity
glove	physical-object
glow	natural-event
glow	phenomenon
glow	process
glue	material
glue	part
glue	substance
goal	cognition
goalkeeper	agent
goalkeeper	athlete
goalkeeper	organism
goalkeeper	person
goalkeeper	physical-object
goalkeeper	player
goalposts	artifact
goalposts	equipment
goalposts	physical-object
goat	animal
goat	mammal
goat	organism
goat	physical-object
goat	vertebrate
gold	chemical-element
gold	metal
gold	part
gold	substance
golf	act
golf	activity
golf	event
golf	game
golf	sport
good	attribute
good-name	attribute
good-name	honour
good-name	state
good-name	status
good-repute	attribute
good-repute	honour
good-repute	state
good-repute	status
good-will	attribute
good-will	disposition
good-will	trait
gossip	act
gossip	event
government	group
government	organization
government-administrator	agent
government-administrator	chief
government-administrator	leader
government-administrator	organism
government-administrator	person
government-administrator	physical-object
governor	agent
governor	leader
governor	organism
governor	person
governor	physical-object
gown	artifact
gown	clothing
gown	commodity
gown	physical-object
grab-sample	cognition
grab-sample	example
grab-sample	sample
grace	attribute
grace	carriage
gradation	attribute
gradation	rank
gradation	state
gradation	status
grain	food
grain	substance
grain.object	material
grain.object	part
grain.object	substance
grammar	cognition
grammar	field-of-study
grammar	linguistics
grammar	science
grandfather	agent
grandfather	ancestor
grandfather	organism
grandfather	person
grandfather	physical-object
grandfather	relative
grandma	agent
grandma	ancestor
grandma	organism
grandma	person
grandma	physical-object
grandma	relative
grant	acquisition
grant	aid
grant	gift
grant	possession
graph	information
graphics	artifact
graphics	physical-object
grass	organism
grass	physical-object
grass	plant
gratuity	outgo
gratuity	possession
grave	physical-object
grave	place
grave	topographic-point
gravel	material
gravel	part
gravel	substance
graveness	attribute
graveness	trait
gravity	attractive-force
gravity	natural-event
gravity	phenomenon
gravity	process
green	attribute
greenhouse	artifact
greenhouse	building
greenhouse	physical-object
greenhouse	structure
greeting	information
greeting-card	correspondence
greeting-card	information
greeting-card	mail
greeting-card	message
grief	attribute
grief	feeling
grief	state
grimace	information
grinder	food
grinder	prepared-dish
grinder	substance
grip	attribute
grip	influence
grocery-store	artifact
grocery-store	physical-object
grocery-store	structure
ground	cognition
ground	view
group-theory	cognition
group-theory	field-of-study
group-theory	mathematics
group-theory	science
growth	process
grudge	attribute
grudge	emotion
grudge	feeling
grudge	state
guarantee	information
guard	agent
guard	organism
guard	person
guard	physical-object
guard-unit	group
guard-unit	military-unit
guard-unit	organization
guerrilla	agent
guerrilla	organism
guerrilla	person
guerrilla	physical-object
guerrilla	warrior
guess	information
guess	opinion
guest	agent
guest	organism
guest	person
guest	physical-object
guest	visitor
guidance	information
guide	agent
guide	leader
guide	organism
guide	person
guide	physical-object
guidebook	artifact
guidebook	book
guidebook	physical-object
guidebook	publication
guidepost	cognition
guidepost	concept
guidepost	idea
guidepost	rule
guilt	attribute
guilt	condition
guilt	state
guinea-pig	agent
guinea-pig	organism
guinea-pig	person
guinea-pig	physical-object
guitar	artifact
guitar	device
guitar	musical-instrument
guitar	physical-object
gun	artifact
gun	device
gun	instrument
gun	physical-object
gun	weapon
gun-barrel	artifact
gun-barrel	physical-object
gutter	artifact
gutter	physical-object
habit	cognition
habit	custom
habitat	environment
habitat	physical-object
habitat	place
habitat	region
hair	natural-object
hair	physical-object
haircut	hair
haircut	natural-object
haircut	physical-object
hall	artifact
hall	building
hall	physical-object
hall	structure
hallway	artifact
hallway	physical-object
ham	meat
ham	substance
hammer	artifact
hammer	physical-object
hammer	tool
hand	act
hand	activity
hand	assist
hand	event
handbag	artifact
handbag	container
handbag	physical-object
handcart	artifact
handcart	container
handcart	physical-object
handcart	vehicle
hardware	component
hardware	physical-object
harmonic-mean	average
harmonic-mean	cognition
harmonic-mean	mean
harmonic-mean	statistic
harmonic-progression	group
harmony	attribute
harmony	characteristic
harvest	season
harvest	time-period
haste	act
haste	event
hat	artifact
hat	clothing
hat	commodity
hat	physical-object
hay	food
hay	substance
hayfield	group
hayfield	physical-object
hayfield	place
hayfield	region
head	artifact
head	physical-object
head-covering	artifact
head-covering	clothing
head-covering	commodity
head-covering	physical-object
headline	information
headline	line-of-text
headline	text
headquarters	artifact
headquarters	office
headquarters	physical-object
headquarters	structure
health	attribute
health	destiny
health	state
health	wellbeing
health-condition	attribute
health-condition	condition
health-condition	state
heart	body-part
heart	organ
heart-card	card
heart-card	material
heart-card	paper
heart-card	part
heart-card	substance
heart-shape	attribute
heart-shape	shape
heat	attribute
heat	trait
heated-exchange	conversation
heated-exchange	information
heating-system	artifact
heating-system	facility
heating-system	physical-object
hedge	artifact
hedge	fence
hedge	physical-object
hedge	structure
heel	body-part
heir	agent
heir	organism
heir	person
heir	physical-object
helicopter	aircraft
helicopter	artifact
helicopter	physical-object
helicopter	vehicle
hell	cognition
helmet	artifact
helmet	clothing
helmet	commodity
helmet	physical-object
hemisphere	physical-object
hemisphere	place
hemisphere	region
hen	animal
hen	bird
hen	chicken
hen	organism
hen	physical-object
hen	vertebrate
heptagon	attribute
heptagon	polygon
heptagon	shape
herb	food
herb	substance
herd	group
here-and-now	attribute
here-and-now	nowadays
hero	agent
hero	leader
hero	organism
hero	person
hero	physical-object
heroin	agent
heroin	drug
heroin	substance
hexagon	attribute
hexagon	polygon
hexagon	shape
hide	natural-object
hide	physical-object
hideaway	artifact
hideaway	physical-object
hideaway	structure
hierarchy	group
hierarchy	organization
highlight	detail
highlight	part
hilbert-space	attribute
hilbert-space	mathematical-set
hilbert-space	mathematical-space
hilbert-space	metric-space
hill	physical-object
hindrance	artifact
hindrance	physical-object
hindrance	structure
hip	body-part
hired-hand	agent
hired-hand	employee
hired-hand	laborer
hired-hand	organism
hired-hand	person
hired-hand	physical-object
hired-hand	worker
historian	agent
historian	organism
historian	person
historian	physical-object
historian	scholar
historic-period	era
historic-period	time-period
history	cognition
history	field-of-study
history	humanities
history.time	attribute
history.time	past
hog	animal
hog	mammal
hog	organism
hog	physical-object
hog	vertebrate
hole	attribute
hole	empty-space
hole	physical-object
hole	place
hole	shape
holiday	time-period
home	artifact
home	physical-object
home	structure
homecoming	act
homecoming	event
homogeneous-polynomial	function
homogeneous-polynomial	mathematical-relation
homogeneous-polynomial	polynomial
honey	food
honey	substance
honor	attribute
honour	attribute
honour	state
honour	status
hook	artifact
hook	physical-object
hoop	artifact
hoop	physical-object
hope	attribute
hope	feeling
hope	state
hopeful-anticipation	attribute
hopeful-anticipation	condition
hopeful-anticipation	state
horizon	physical-object
horizon	place
horizontal-bar	artifact
horizontal-bar	device
horizontal-bar	physical-object
horizontal-bar	support-device
horn	body-part
horoscope	information
horse	animal
horse	mammal
horse	organism
horse	physical-object
horse	vertebrate
horseshoe	artifact
horseshoe	physical-object
horseshoe	shield
hospital	artifact
hospital	building
hospital	physical-object
hospital	structure
host	adult
host	agent
host	organism
host	person
host	physical-object
hostage	agent
hostage	organism
hostage	person
hostage	physical-object
hostage	prisoner
hostel	artifact
hostel	building
hostel	hotel
hostel	physical-object
hostel	structure
hostility	attribute
hostility	state
hotel	artifact
hotel	building
hotel	physical-object
hotel	structure
house	artifact
house	building
house	dwelling
house	housing
house	physical-object
house	structure
houseplant	organism
houseplant	physical-object
houseplant	plant
housewife	adult
housewife	agent
housewife	organism
housewife	person
housewife	physical-object
housewife	relative
housewife	spouse
housewife	wife
housewife	woman
housing	artifact
housing	physical-object
housing	structure
hovel	artifact
hovel	physical-object
hovel	structure
human	animal
human	mammal
human	organism
human	physical-object
human	vertebrate
human-body	body
human-body	natural-object
human-body	physical-object
humanities	cognition
humanities	field-of-study
humanness	attribute
humor	attribute
humor	trait
hunt	act
hunt	activity
hunt	event
hunt	sport
hunter	agent
hunter	organism
hunter	person
hunter	physical-object
hunter	worker
hunting-expedition	act
hunting-expedition	event
hunting-expedition	journey
husband	agent
husband	organism
husband	person
husband	physical-object
husband	relative
husband	spouse
hybrid	organism
hybrid	physical-object
hyperbolic-geometry	cognition
hyperbolic-geometry	field-of-study
hyperbolic-geometry	geometry
hyperbolic-geometry	mathematics
hyperbolic-geometry	non-euclidean-geometry
hyperbolic-geometry	science
hypothesis	cognition
hypothesis	concept
hypothesis	idea
ice	substance
ice-cream	dessert
ice-cream	food
ice-cream	substance
idea	cognition
ideal	agent
ideal	leader
ideal	organism
ideal	person
ideal	physical-object
ideal	role-model
ideal-value	cognition
ideal-value	idea
identicalness	attribute
identification	indication
identification	information
identity	attribute
identity	personality
identity-card	identification
identity-card	indication
identity-card	information
identity-element	function
identity-element	mathematical-relation
identity-element	operator
ignorance	cognition
illness	attribute
illness	condition
illness	state
illusion	cognition
illusion	idea
illustration	artifact
illustration	physical-object
image	artifact
image	physical-object
imagination	cognition
immigrant	agent
immigrant	organism
immigrant	person
immigrant	physical-object
immigration	act
immigration	event
immigration	migration
impact	event
imperativeness	attribute
imperativeness	condition
imperativeness	need
imperativeness	state
impetus	attribute
impetus	degree
impetus	force
import	artifact
import	commodity
import	physical-object
importance	attribute
importance	worth
imposter	agent
imposter	organism
imposter	person
imposter	physical-object
imposter	wrongdoer
impression	appearance
impression	attribute
improvement	attribute
improvement	condition
improvement	state
impudence	information
incentive	motivation
incertitude	attribute
incertitude	condition
incertitude	state
incident	event
inclination	attitude
inclination	cognition
income	possession
increase	process
increment	attribute
increment	magnitude
indemnity	attribute
indemnity	condition
indemnity	safety
indemnity	state
independent-variable	cognition
independent-variable	concept
independent-variable	idea
independent-variable	quantity
independent-variable	variable
index	body-part
index	finger
indication	information
indicator-needle	artifact
indicator-needle	device
indicator-needle	physical-object
indigence	attribute
indigence	condition
indigence	state
individual	organism
individual	physical-object
industry	act
industry	commerce
industry	commercial-enterprise
industry	event
industry	transaction
infection	event
infection	incident
infinitesimal	cognition
infinitesimal	concept
infinitesimal	idea
infinitesimal	quantity
infinitesimal	variable
inflation	process
influence	attribute
influence.phenomenon	consequence
influence.phenomenon	phenomenon
influence.phenomenon	process
influential-contact	acquaintance
influential-contact	agent
influential-contact	organism
influential-contact	person
influential-contact	physical-object
influenza	attribute
influenza	condition
influenza	disease
influenza	illness
influenza	state
informant	agent
informant	organism
informant	person
informant	physical-object
information-theory	cognition
information-theory	thinking
infrastructure	attribute
infrastructure	constitution
ingredient	component
ingredient	physical-object
inhabitant	agent
inhabitant	organism
inhabitant	person
inhabitant	physical-object
inhibition	act
inhibition	activity
inhibition	event
initial	character
initial	information
initial	letter-of-the-alphabet
initial	signal
initial	symbol
injection	act
injection	activity
injection	event
injection	tending
injection	work
injury	attribute
injury	condition
injury	state
innovation	artifact
innovation	physical-object
inquest	act
inquest	activity
inquest	event
inquest	work
insect	animal
insect	invertebrate
insect	organism
insect	physical-object
inside	physical-object
inside	place
insider	administrator
insider	agent
insider	chief
insider	leader
insider	organism
insider	person
insider	physical-object
insight	cognition
insistence	act
insistence	activity
insistence	assist
insistence	event
insistence	support
insolvency	attribute
insolvency	condition
insolvency	state
inspiration	cognition
instance	event
instinct	cognition
institution	group
institution	organization
instrument	artifact
instrument	device
instrument	physical-object
insufficiency	attribute
insufficiency	magnitude
insurance-coverage	possession
insurgent	agent
insurgent	organism
insurgent	person
insurgent	physical-object
insurgent	radical
integral-calculus	calculus
integral-calculus	cognition
integral-calculus	field-of-study
integral-calculus	mathematics
integral-calculus	science
integration	act
integration	event
integrity	attribute
intellect	cognition
intellect	intelligence
intelligence	cognition
intelligence-service	group
intelligence-service	organization
intended-use	attribute
intent	information
intent	meaning
intention	act
intention	event
interaction	act
interaction	event
interest	outgo
interest	possession
interface	code
interface	computer-program
interface	information
interface	software
interior-designer	agent
interior-designer	expert
interior-designer	organism
interior-designer	person
interior-designer	physical-object
interior-designer	specialist
internet	artifact
internet	physical-object
interpolation	calculation
interpolation	cognition
interpolation	thinking
intersection	junction
intersection	physical-object
intersection	place
intersection	topographic-point
interval	mathematical-set
intervention	argumentation
intervention	cognition
intervention	thinking
interview	act
interview	event
intestine	body-part
intestine	organ
intro	act
intro	event
introduction	information
introduction	music
introductory-text	artifact
introductory-text	book
introductory-text	physical-object
introductory-text	publication
introductory-text	textbook
intuition	cognition
intuition	idea
invariance	attribute
invariant	cognition
invariant	concept
invariant	feature
invariant	idea
invariant	property
invasion	event
invention	cognition
inverse-function	function
inverse-function	mathematical-relation
invertebrate	animal
invertebrate	organism
invertebrate	physical-object
investigator	agent
investigator	expert
investigator	organism
investigator	person
investigator	physical-object
investment	possession
invitation	act
invitation	artifact
invitation	event
invitation	information
invitation	letter
invitation	physical-object
invitation	text
invoice	document
invoice	information
invoice	statement
iron	chemical-element
iron	metal
iron	part
iron	substance
island	land
island	physical-object
isogon	attribute
isogon	polygon
isogon	shape
isolation	attribute
isolation	state
isometry	function
isometry	mathematical-relation
isosceles-triangle	attribute
isosceles-triangle	polygon
isosceles-triangle	shape
isosceles-triangle	triangle
isotropy	attribute
issue	cognition
item	cognition
iteration	process
ivory	material
ivory	part
ivory	substance
jacket	artifact
jacket	clothing
jacket	coat
jacket	commodity
jacket	physical-object
jail-cell	artifact
jail-cell	physical-object
jail-cell	room
jail-cell	structure
jam	food
jam	substance
jar	artifact
jar	container
jar	physical-object
jar	vessel
jaw	body-part
jaw	bone
jaw	tissue
jazz	information
jazz	music
jean	apparel
jean	artifact
jean	clothing
jean	commodity
jean	physical-object
jean	trouser
jelly	substance
jersey	artifact
jersey	clothing
jersey	commodity
jersey	physical-object
jersey	shirt
jester	agent
jester	organism
jester	performer
jester	person
jester	physical-object
jet	event
jewel	artifact
jewel	decoration
jewel	physical-object
job	act
job	activity
job	duty
job	event
job	work
jockey	agent
jockey	organism
jockey	person
jockey	physical-object
jockey	rider
joint	artifact
joint	physical-object
joint	structure
joint-probability	probability
joke	information
journal	artifact
journal	physical-object
journal	publication
journey	act
journey	event
joy	attribute
joy	emotion
joy	feeling
joy	state
judge	agent
judge	official
judge	organism
judge	person
judge	physical-object
judge	worker
judgement	act
judgement	event
judging	cognition
judgment	act
judgment	event
judgment-of-conviction	act
judgment-of-conviction	event
judgment-of-conviction	judgement
judicial-opinion	document
judicial-opinion	information
judicial-opinion	legal-document
juice	food
juice	substance
jump	change
jump	event
junction	physical-object
junction	place
junction	topographic-point
jurisprudence	collection
jurisprudence	group
jury	group
justice	attribute
justice	good
justice	virtue
justification	circumstance
justification	cognition
keep	possession
kendall-partial-rank-correlation	cognition
kendall-partial-rank-correlation	kendall-test
kendall-partial-rank-correlation	nonparametric-statistic
kendall-partial-rank-correlation	statistic
kendall-test	cognition
kendall-test	nonparametric-statistic
kendall-test	statistic
kettle	artifact
kettle	container
kettle	cooking-pot
kettle	physical-object
kettle	vessel
key	artifact
key	device
key	physical-object
kick	cognition
kid	animal
kid	goat
kid	mammal
kid	organism
kid	physical-object
kid	vertebrate
kidney	body-part
kidney	organ
killer	agent
killer	organism
killer	person
killer	physical-object
kin	group
king	agent
king	organism
king	person
king	physical-object
king	representative
king	sovereign
king-card	card
king-card	material
king-card	paper
king-card	part
king-card	substance
kingdom	group
kingdom	monarchy
kit	artifact
kit	equipment
kit	physical-object
kitchen	artifact
kitchen	physical-object
kitchen	room
kitchen	structure
kite	artifact
kite	physical-object
kite	plaything
knee	articulation
knee	body-part
knife	artifact
knife	physical-object
knife	tool
knight	artifact
knight	equipment
knight	physical-object
knot	artifact
knot	device
knot	physical-object
kronecker-delta	function
kronecker-delta	mathematical-relation
lab	physical-object
lab	place
lab	workplace
label	information
label	signal
label	symbol
labor	act
labor	activity
labor	event
labor	work
laborer	agent
laborer	employee
laborer	organism
laborer	person
laborer	physical-object
laborer	worker
labour	class
labour	group
labour	people
lace	artifact
lace	fabric
lace	physical-object
lack	attribute
lack	condition
lack	need
lack	state
ladder	artifact
ladder	physical-object
ladder	stairway
lady	adult
lady	agent
lady	organism
lady	person
lady	physical-object
lady	woman
lake	body-of-water
lamb	animal
lamb	organism
lamb	physical-object
lamb	young
lamp	artifact
lamp	furniture
lamp	physical-object
land	physical-object
landed-estate	belongings
landed-estate	possession
landlord	agent
landlord	landowner
landlord	organism
landlord	person
landlord	physical-object
landmine	artifact
landmine	device
landmine	physical-object
landowner	agent
landowner	organism
landowner	person
landowner	physical-object
lane	artifact
lane	physical-object
language	information
lap	body-part
lap	limb
lap	thigh
larceny	act
larceny	activity
larceny	crime
larceny	event
laser	artifact
laser	device
laser	physical-object
latent-hostility	attribute
latent-hostility	hostility
latent-hostility	state
laundry	artifact
laundry	clothing
laundry	commodity
laundry	physical-object
laurel-wreath	information
laurel-wreath	signal
laurel-wreath	symbol
law	cognition
law	field-of-study
law	humanities
law	philosophy
lawn	field
lawn	physical-object
lawn	place
lawn	region
lawsuit	act
lawsuit	event
lawyer	adult
lawyer	agent
lawyer	organism
lawyer	person
lawyer	physical-object
lawyer	professional
layer	physical-object
layer	place
layout	arrangement-scheme
layout	cognition
lead	act
lead	activity
lead	event
lead	leadership
leader	agent
leader	organism
leader	person
leader	physical-object
leadership	act
leadership	activity
leadership	event
leaf	natural-object
leaf	physical-object
leaf-blade	leaf
leaf-blade	natural-object
leaf-blade	physical-object
learner	agent
learner	organism
learner	person
learner	physical-object
lease	contract
lease	document
lease	information
lease	legal-document
leash	artifact
leash	device
leash	physical-object
least-squares	cognition
least-squares	method
least-squares	statistical-method
leather	material
leather	part
leather	substance
leave	time-period
lecture	act
lecture	activity
lecture	event
lecture	occupation
lecture	profession
lecture	teaching
left	physical-object
left	place
leftovers	substance
leg	artifact
leg	device
leg	physical-object
leg	support-device
leg-of-meat	meat
leg-of-meat	substance
legal-action	act
legal-action	event
legal-age	time-period
legal-document	document
legal-document	information
legal-power	attribute
legal-procedure	act
legal-procedure	event
legal-profession	group
legal-ward	agent
legal-ward	organism
legal-ward	person
legal-ward	physical-object
legend	fiction
legend	information
legend-key	information
legend-key	list
legislation	act
legislation	event
legislative-house	group
legislative-house	legislature
legislature	group
leisure	act
leisure	event
lemon	botanical-fruit
lemon	fruit
lemon	natural-object
lemon	physical-object
lemon	produce
lemon	substance
lengthiness	attribute
lesson	act
lesson	activity
lesson	event
lesson	occupation
lesson	profession
lesson	teaching
letter	artifact
letter	information
letter	physical-object
letter	text
letter-of-the-alphabet	character
letter-of-the-alphabet	information
letter-of-the-alphabet	signal
letter-of-the-alphabet	symbol
level	cognition
liability	attribute
liability	condition
liability	state
liberty	attribute
liberty	freedom
liberty	state
library	artifact
library	building
library	physical-object
library	structure
license	document
license	information
license	legal-document
lid	artifact
lid	physical-object
lie	information
life	attribute
life	state
life-style	attribute
lift	act
lift	drive
lift	event
lift	journey
light	artifact
light	device
light	physical-object
light-bulb	artifact
light-bulb	device
light-bulb	physical-object
lighter	artifact
lighter	device
lighter	physical-object
lily	organism
lily	physical-object
lily	plant
limb	body-part
limit	physical-object
limit	place
limitation	attribute
limitation	disadvantage
line	cognition
line-formation	group
line-of-descent	kinship
line-of-text	information
line-of-text	text
linear-algebra	algebra
linear-algebra	cognition
linear-algebra	field-of-study
linear-algebra	mathematics
linear-algebra	science
linear-equation	equation
linear-equation	information
linear-equation	mathematical-statement
linear-operator	function
linear-operator	mathematical-relation
linear-operator	operator
linear-regression	cognition
linear-regression	method
linear-regression	regression
linear-regression	statistical-method
lineation	physical-object
lineation	place
linen	artifact
linen	commodity
linen	physical-object
linguistic-context	part
linguistics	cognition
linguistics	field-of-study
linguistics	science
link	artifact
link	device
link	physical-object
lion	animal
lion	mammal
lion	organism
lion	physical-object
lion	vertebrate
lip	body-part
lip	organ
liquid	fluid
liquid	substance
list	information
literacy	cognition
literacy	skill
literary-works	information
literature	cognition
literature	field-of-study
literature	humanities
litigation	act
litigation	event
liver	body-part
liver	organ
livestock	animal
livestock	mammal
livestock	organism
livestock	physical-object
livestock	vertebrate
load	artifact
load	physical-object
loan	debt
loan	possession
lobby	group
lobby	organization
locating	act
locating	activity
locating	event
lock	artifact
lock	device
lock	physical-object
locomotive	artifact
locomotive	container
locomotive	physical-object
locomotive	vehicle
locus	mathematical-set
loft	artifact
loft	physical-object
loft	storey
loft	structure
log	material
log	part
log	substance
log	wood
log-cabin	artifact
log-cabin	building
log-cabin	dwelling
log-cabin	house
log-cabin	housing
log-cabin	physical-object
log-cabin	structure
logarithm	information
logic	cognition
logic	field-of-study
logic	humanities
logic	philosophy
logic.cognition	cognition
logic.cognition	concept
logic.cognition	idea
logic.cognition	natural-law
logic.cognition	principle
long-division	act
long-division	activity
long-division	arithmetic-operation
long-division	division
long-division	event
long-division	mathematical-operation
long-division	procedure
look	appearance
look	attribute
look-alike	agent
look-alike	organism
look-alike	person
look-alike	physical-object
looking-glass	artifact
looking-glass	device
looking-glass	mirror
looking-glass	physical-object
lookout	agent
lookout	guard
lookout	organism
lookout	person
lookout	physical-object
loop	attribute
loop	curved-shape
loop	shape
loot	possession
looting	act
looting	aggression
looting	event
loss	possession
lost-item	possession
lot	physical-object
lot	place
lot	region
lottery	act
lottery	activity
lottery	event
lottery	game
loudspeaker	artifact
loudspeaker	device
loudspeaker	physical-object
lounge	artifact
lounge	physical-object
lounge	room
lounge	structure
love	cognition
lover	agent
lover	organism
lover	person
lover	physical-object
low	natural-event
low	phenomenon
low	process
low	weather
lower-bound	attribute
lower-bound	shape
loyalty	attribute
lozenge	agent
lozenge	dose
lozenge	drug
lozenge	medication
lozenge	substance
luck	phenomenon
luck	process
luck.phenomenon	phenomenon
luck.phenomenon	process
luggage-compartment	artifact
luggage-compartment	physical-object
luggage-compartment	room
luggage-compartment	structure
lumber	artifact
lumber	physical-object
luminosity	attribute
lunch	food
lunch	meal
lunch	substance
lung	body-part
lung	organ
machine	artifact
machine	device
machine	physical-object
machinery	artifact
machinery	device
machinery	machine
machinery	physical-object
maestro	agent
maestro	artist
maestro	organism
maestro	person
maestro	physical-object
magazine	artifact
magazine	physical-object
magic-trick	act
magic-trick	activity
magic-trick	entertainment
magic-trick	event
magic-trick	performing
magnitude	attribute
maid	agent
maid	organism
maid	person
maid	physical-object
maid	servant
maid	worker
mail	information
mail	message
mail-service	act
mail-service	communication
mail-service	event
mailman	agent
mailman	employee
mailman	organism
mailman	person
mailman	physical-object
mailman	worker
mainstream	belief
mainstream	cognition
makeup	artifact
makeup	physical-object
male-child	agent
male-child	organism
male-child	person
male-child	physical-object
malice	attribute
malice	emotion
malice	feeling
malice	state
maltreatment	act
maltreatment	activity
maltreatment	event
maltreatment	practice
mammal	animal
mammal	organism
mammal	physical-object
mammal	vertebrate
man	adult
man	agent
man	organism
man	person
man	physical-object
management	act
management	event
manager	administrator
manager	agent
manager	chief
manager	leader
manager	organism
manager	person
manager	physical-object
mandelbrot-set	mathematical-set
manifold	attribute
manifold	mathematical-set
manifold	mathematical-space
mannequin	agent
mannequin	assistant
mannequin	organism
mannequin	person
mannequin	physical-object
mannequin	worker
manner	attribute
manner	trait
manner-of-speaking	information
manual	artifact
manual	book
manual	physical-object
manual	publication
manufacture	act
manufacture	activity
manufacture	creation
manufacture	event
manufacturer	agent
manufacturer	organism
manufacturer	person
manufacturer	physical-object
manus	body-part
manuscript	information
map	artifact
map	physical-object
mar	calendar-month
mar	time-period
marathon	contest
marathon	event
marathon	race
marble	material
marble	part
marble	substance
march	act
march	collection
march	event
march	group
marching-music	information
marching-music	music
margin	attribute
margin	magnitude
mark	appraisal
mark	cognition
marketing	act
marketing	commerce
marketing	event
marketing	transaction
marriage	act
marriage	activity
marriage	event
marriage	practice
marriage	ritual
marriage-proposal	information
married-couple	group
married-couple	kin
marsh	physical-object
mask	artifact
mask	clothing
mask	commodity
mask	physical-object
mass	natural-object
mass	physical-object
master-of-ceremonies	agent
master-of-ceremonies	organism
master-of-ceremonies	person
master-of-ceremonies	physical-object
match	contest
match	event
matchstick	artifact
matchstick	device
matchstick	lighter
matchstick	physical-object
material	part
material	substance
mathematical-analysis	calculus
mathematical-analysis	cognition
mathematical-analysis	field-of-study
mathematical-analysis	mathematics
mathematical-analysis	science
mathematical-field	mathematical-set
mathematical-group	mathematical-set
mathematical-integration	act
mathematical-integration	activity
mathematical-integration	event
mathematical-integration	mathematical-operation
mathematical-integration	procedure
mathematical-operation	act
mathematical-operation	activity
mathematical-operation	event
mathematical-operation	procedure
mathematical-series	function
mathematical-series	mathematical-relation
mathematical-series	polynomial
mathematical-space	attribute
mathematical-space	mathematical-set
mathematical-statement	information
mathematician	agent
mathematician	organism
mathematician	person
mathematician	physical-object
mathematician	scientist
mathematics	cognition
mathematics	field-of-study
mathematics	science
matrimony	attribute
matrimony	state
matrimony	status
matrix	group
matrix-addition	act
matrix-addition	activity
matrix-addition	event
matrix-addition	mathematical-operation
matrix-addition	matrix-operation
matrix-addition	procedure
matrix-algebra	algebra
matrix-algebra	cognition
matrix-algebra	field-of-study
matrix-algebra	mathematics
matrix-algebra	science
matrix-inversion	act
matrix-inversion	activity
matrix-inversion	event
matrix-inversion	mathematical-operation
matrix-inversion	matrix-operation
matrix-inversion	procedure
matrix-multiplication	act
matrix-multiplication	activity
matrix-multiplication	event
matrix-multiplication	mathematical-operation
matrix-multiplication	matrix-operation
matrix-multiplication	procedure
matrix-operation	act
matrix-operation	activity
matrix-operation	event
matrix-operation	mathematical-operation
matrix-operation	procedure
matrix-transposition	act
matrix-transposition	activity
matrix-transposition	event
matrix-transposition	mathematical-operation
matrix-transposition	matrix-operation
matrix-transposition	procedure
maximization	act
maximization	activity
maximization	event
maximization	mathematical-operation
maximization	procedure
maximum	limit.quantity
maxwell's-equations	differential-equation
maxwell's-equations	equation
maxwell's-equations	information
maxwell's-equations	mathematical-statement
mayor	agent
mayor	authorities
mayor	leader
mayor	organism
mayor	person
mayor	physical-object
maze	artifact
maze	physical-object
meal	food
meal	substance
mean	average
mean	cognition
mean	statistic
mean-deviation	cognition
mean-deviation	deviation
mean-deviation	statistic
meaning	information
means	artifact
means	physical-object
measure	act
measure	event
measuring-stick	artifact
measuring-stick	device
measuring-stick	instrument
measuring-stick	physical-object
meat	substance
mechanism	artifact
mechanism	device
mechanism	physical-object
median	average
median	cognition
median	statistic
medication	agent
medication	drug
medication	substance
medicine	cognition
medicine	field-of-study
medicine	natural-science
medicine	science
medium	act
medium	communication
medium	event
meeting	group
melodic-theme	information
melodic-theme	music
melodic-theme	tune
member	agent
member	organism
member	peer
member	person
member	physical-object
membership	attribute
membership	state
memo	indication
memo	information
memo	note
memorial	artifact
memorial	physical-object
memorial	structure
memory	cognition
menace	agent
mental-association	cognition
mental-hospital	artifact
mental-hospital	building
mental-hospital	hospital
mental-hospital	physical-object
mental-hospital	structure
mental-image	cognition
mentality	attitude
mentality	cognition
menu	information
menu	list
merchandise	artifact
merchandise	commodity
merchandise	physical-object
merchant	agent
merchant	organism
merchant	person
merchant	physical-object
message	information
metal	chemical-element
metal	part
metal	substance
metamathematics	cognition
metamathematics	field-of-study
metamathematics	mathematics
metamathematics	science
method	cognition
methodology	cognition
methodology	method
metric-function	function
metric-function	mathematical-relation
metric-space	attribute
metric-space	mathematical-set
metric-space	mathematical-space
metro	group
metro	organization
metro	railway
microorganism	organism
microorganism	physical-object
microphone	artifact
microphone	device
microphone	physical-object
middle	cognition
middle	concept
middle	idea
middleman	agent
middleman	organism
middleman	person
middleman	physical-object
middleman	representative
midnight	clock-time
midnight	cognition
midnight	time-of-day
migration	act
migration	event
military-action	act
military-action	event
military-control	act
military-control	event
military-operation	act
military-operation	activity
military-operation	event
military-service	group
military-service	organization
military-strike	act
military-strike	activity
military-strike	attack
military-strike	event
military-strike	military-operation
military-unit	group
military-unit	organization
milk	dairy-product
milk	drink
milk	food
milk	part
milk	substance
mill	artifact
mill	device
mill	machine
mill	machinery
mill	physical-object
mind	cognition
mine	artifact
mine	physical-object
mine-shaft	artifact
mine-shaft	physical-object
miner	agent
miner	employee
miner	laborer
miner	organism
miner	person
miner	physical-object
miner	worker
mineral	material
mineral	part
mineral	substance
minimum	limit.quantity
minister	administrator
minister	agent
minister	chief
minister	leader
minister	organism
minister	person
minister	physical-object
ministry	administrative-division
ministry	group
ministry	organization
minority	attribute
minority	magnitude
minority	number
miracle	event
mirror	artifact
mirror	device
mirror	physical-object
misery	adversity
misery	attribute
misery	destiny
misery	state
misgiving	attribute
misgiving	condition
misgiving	incertitude
misgiving	state
mist	fog
mist	natural-event
mist	phenomenon
mist	process
mistake	act
mistake	event
mix	event
mode	average
mode	cognition
mode	statistic
model	artifact
model	physical-object
module	component
module	physical-object
mold	fungus
mold	organism
mold	physical-object
mole	animal
mole	mammal
mole	organism
mole	physical-object
mole	vertebrate
mole.attribute	appearance
mole.attribute	attribute
mollusc	animal
mollusc	invertebrate
mollusc	organism
mollusc	physical-object
moment	cognition
moment	statistic
momentum	attribute
monarchy	group
monastery	artifact
monastery	building
monastery	dwelling
monastery	house
monastery	housing
monastery	physical-object
monastery	structure
monetary-wealth	belongings
monetary-wealth	possession
money	currency
money	standard
monic-polynomial	function
monic-polynomial	mathematical-relation
monic-polynomial	polynomial
monk	agent
monk	organism
monk	person
monk	physical-object
monkey	animal
monkey	mammal
monkey	organism
monkey	physical-object
monkey	vertebrate
monopoly	attribute
monopoly	condition
monopoly	dominance
monopoly	state
morale	attribute
morale	condition
morale	state
morning	time-period
mortgage	possession
mosaic	artifact
mosaic	physical-object
mosque	artifact
mosque	building
mosque	physical-object
mosque	structure
mosquito	animal
mosquito	insect
mosquito	invertebrate
mosquito	organism
mosquito	physical-object
mother	agent
mother	ancestor
mother	organism
mother	parent
mother	person
mother	physical-object
mother	relative
motif	artifact
motif	decoration
motif	decorative-design
motif	physical-object
motion	act
motion	event
motivational-drive	attribute
motivational-drive	trait
motorcycle	artifact
motorcycle	container
motorcycle	physical-object
motorcycle	vehicle
motorist	agent
motorist	driver
motto	information
motto	saying
mountain	physical-object
mountain-range	physical-object
mourning	attribute
mourning	emotion
mourning	feeling
mourning	state
mouse	animal
mouse	mammal
mouse	organism
mouse	physical-object
mouse	vertebrate
mouth	body-part
mouth	passage
move	act
move	event
movement	group
mud	material
mud	part
mud	soil
mud	substance
mug	artifact
mug	container
mug	physical-object
mug	vessel
multicollinearity	cognition
multicollinearity	method
multicollinearity	multiple-regression
multicollinearity	multivariate-analysis
multicollinearity	statistical-method
multimedia	act
multimedia	communication
multimedia	event
multiple-correlation-coefficient	cognition
multiple-correlation-coefficient	correlation-coefficient
multiple-correlation-coefficient	parametric-statistic
multiple-correlation-coefficient	statistic
multiple-regression	cognition
multiple-regression	method
multiple-regression	multivariate-analysis
multiple-regression	statistical-method
multiplication	act
multiplication	activity
multiplication	arithmetic-operation
multiplication	event
multiplication	mathematical-operation
multiplication	procedure
multivariate-analysis	cognition
multivariate-analysis	method
multivariate-analysis	statistical-method
murder	act
murder	event
muscle	body-part
muscle	organ
museum	artifact
museum	facility
museum	physical-object
mushroom	fungus
mushroom	organism
mushroom	physical-object
music	information
music-band	group
music-band	organization
music-director	agent
music-director	artist
music-director	musician
music-director	organism
music-director	person
music-director	physical-object
musical-composition	information
musical-composition	music
musical-harmony	information
musical-harmony	music
musical-instrument	artifact
musical-instrument	device
musical-instrument	physical-object
musical-note	information
musician	agent
musician	artist
musician	organism
musician	person
musician	physical-object
mutation	change
mutation	event
mystery	attribute
mystery	condition
mystery	state
myth	fiction
myth	information
nail	artifact
nail	device
nail	physical-object
name	part
narrative	information
nationality	attribute
nationality	state
nationality	status
natural-depression	physical-object
natural-event	phenomenon
natural-event	process
natural-language	information
natural-language	language
natural-law	cognition
natural-law	concept
natural-law	idea
natural-object	physical-object
natural-science	cognition
natural-science	field-of-study
natural-science	science
nature	attribute
nature.object	natural-object
nature.object	physical-object
nature.object	universe
nature.person	agent
nausea	cognition
nausea	evidence
nausea	symptom
navy	group
navy	military-service
navy	organization
neck	body-part
necktie	artifact
necktie	clothing
necktie	commodity
necktie	physical-object
need	attribute
need	condition
need	state
needle	artifact
needle	physical-object
negative-correlation	cognition
negative-correlation	field-of-study
negative-correlation	mathematics
negative-correlation	science
negative-correlation	statistics
negligence	attribute
negligence	trait
negotiation	information
neighbor	agent
neighbor	organism
neighbor	person
neighbor	physical-object
nephew	agent
nephew	organism
nephew	person
nephew	physical-object
nephew	relative
nerve	body-part
nerve	tissue
nest	natural-object
nest	physical-object
net	artifact
net	equipment
net	physical-object
network	artifact
network	facility
network	physical-object
newcomer	agent
newcomer	organism
newcomer	person
newcomer	physical-object
news	information
news-program	event
news-program	programme
news-program	show
news-report	information
newspaper	artifact
newspaper	physical-object
night	time-period
nightmare	cognition
nightmare	dream
nightmare	imagination
node	attribute
node	shape
noise	event
nomination	act
nomination	event
non-euclidean-geometry	cognition
non-euclidean-geometry	field-of-study
non-euclidean-geometry	geometry
non-euclidean-geometry	mathematics
non-euclidean-geometry	science
nonagon	attribute
nonagon	polygon
nonagon	shape
nonparametric-statistic	cognition
nonparametric-statistic	statistic
nonpayment	lost-item
nonpayment	possession
nonsense	information
norm	standard
normal	cognition
normal-curve	attribute
normal-curve	curved-shape
normal-curve	shape
normal-distribution	cognition
normal-distribution	statistical-distribution
nose	body-part
nose	organ
note	indication
note	information
notebook	artifact
notebook	book-copy
notebook	physical-object
notebook-computer	artifact
notebook-computer	computer
notebook-computer	device
notebook-computer	machine
notebook-computer	physical-object
notice	information
notice.communication	act
notice.communication	event
notion	cognition
notion	concept
notion	idea
noun	part
noun	word
novel	fiction
novel	information
nowadays	attribute
nuance	information
nuance	meaning
nuclear-reactor	apparatus
nuclear-reactor	artifact
nuclear-reactor	equipment
nuclear-reactor	physical-object
null-set	mathematical-set
null-space	attribute
null-space	mathematical-set
null-space	mathematical-space
number	attribute
number	magnitude
numeral	information
numeral	signal
numeral	symbol
numerical-analysis	cognition
numerical-analysis	field-of-study
numerical-analysis	mathematics
numerical-analysis	science
nun	agent
nun	organism
nun	person
nun	physical-object
nurse	adult
nurse	agent
nurse	organism
nurse	person
nurse	physical-object
nurse	professional
nursery	artifact
nursery	bedroom
nursery	physical-object
nursery	room
nursery	structure
nut	botanical-fruit
nut	natural-object
nut	physical-object
nut	seed
nutshell	natural-object
nutshell	physical-object
oak	organism
oak	physical-object
oak	plant
oak	tree
objection	act
objection	event
oblique-triangle	attribute
oblique-triangle	polygon
oblique-triangle	shape
oblique-triangle	triangle
observation	cognition
obstacle	artifact
obstacle	physical-object
obstacle	structure
obtuse-triangle	attribute
obtuse-triangle	polygon
obtuse-triangle	shape
obtuse-triangle	triangle
occupation	act
occupation	activity
occupation	event
ocean	body-of-water
octagon	attribute
octagon	polygon
octagon	shape
oddness	mathematical-relation
oddness	parity
oeuvre	artifact
oeuvre	end-product
oeuvre	physical-object
offense	act
offense	activity
offense	event
offense	military-operation
offer	act
offer	event
office	artifact
office	physical-object
office	structure
official	agent
official	organism
official	person
official	physical-object
official	worker
offspring	agent
offspring	organism
offspring	person
offspring	physical-object
offspring	relative
oil	chemical
oil	compound
oil	material
oil	molecule
oil	part
oil	substance
old-age	time-period
olfactory-property	attribute
omission	act
omission	event
omission	mistake
one-fourth	complex-number
one-fourth	fraction
one-half	complex-number
one-half	fraction
onion	bulb
onion	natural-object
onion	physical-object
onion	stalk
open-interval	interval
open-interval	mathematical-set
opera	information
opera	music
operating-system	code
operating-system	information
operating-system	software
operation	act
operation	activity
operation	event
operation	procedure
operator	function
operator	mathematical-relation
opinion	information
opinion-poll	cognition
opinion-poll	thinking
opportunity	attribute
opportunity	state
opposing-view	information
opposing-view	opinion
opposition	group
opposition	organization
opposition	political-party
optimism	attribute
optimism	disposition
optimism	trait
option	cognition
orange	botanical-fruit
orange	fruit
orange	natural-object
orange	physical-object
orange	produce
orange	substance
orange-colour	attribute
orbit	physical-object
orbit	place
orbit	route
orchestra	group
orchestra	organization
order	act
order	event
orderliness	attribute
orderliness	condition
orderliness	state
organ	body-part
organism	physical-object
organization	group
orgy	act
orgy	activity
orgy	celebration
orgy	event
origin	attribute
osculation	attribute
osculation	connectedness
osculation	state
outfit	artifact
outfit	clothing
outfit	commodity
outfit	physical-object
outflow	physical-object
outgo	possession
outlier	cognition
outlier	deviation
outlier	statistic
outline	information
outline	summary
outside	physical-object
outside	place
outside	surface
oven	artifact
oven	commodity
oven	physical-object
overall	artifact
overall	clothing
overall	commodity
overall	physical-object
overhaul	act
overhaul	care
overhaul	event
overview	information
overview	summary
owl	animal
owl	bird
owl	organism
owl	physical-object
owl	vertebrate
owner	agent
owner	businessman
owner	organism
owner	person
owner	physical-object
oxygen	chemical-element
oxygen	fluid
oxygen	part
oxygen	substance
pace	attribute
pack	artifact
pack	bundle
pack	container
pack	physical-object
pack-of-cards	collection
pack-of-cards	group
package	collection
package	group
packet	artifact
packet	container
packet	physical-object
page	material
page	paper
page	part
page	piece-of-paper
page	substance
pain	cognition
pain	perception
pain-in-the-neck	agent
pain-in-the-neck	organism
pain-in-the-neck	person
pain-in-the-neck	physical-object
painfulness	attribute
painfulness	feeling
painfulness	state
paint	artifact
paint	coating
paint	material
paint	part
paint	physical-object
paint	substance
painter	agent
painter	artist
painter	organism
painter	person
painter	physical-object
painting	artifact
painting	physical-object
pair	group
palace	artifact
palace	building
palace	dwelling
palace	house
palace	housing
palace	physical-object
palace	structure
palm	organism
palm	physical-object
palm	plant
palm	tree
pan	group
panel	artifact
panel	physical-object
panic	attribute
panic	emotion
panic	fear
panic	feeling
panic	state
paper	material
paper	part
paper	substance
parade	act
parade	collection
parade	event
parade	group
paradiddle	event
paradox	contradiction
paradox	information
paragraph	information
parallel-line	attribute
parallel-line	shape
parallelogram	attribute
parallelogram	polygon
parallelogram	quadrilateral
parallelogram	shape
parameter	event
parameter	factor
parametric-statistic	cognition
parametric-statistic	statistic
parcel	act
parcel	event
pardon	document
pardon	information
pardon	legal-document
pardon	warrant
parent	agent
parent	ancestor
parent	organism
parent	person
parent	physical-object
parent	relative
parity	mathematical-relation
park	physical-object
park	place
park	region
parliament	group
parliament	legislature
parole	act
parole	event
parole	information
parole	promise
paroxysm	event
paroxysm	trouble
partial-correlation	cognition
partial-correlation	field-of-study
partial-correlation	mathematics
partial-correlation	science
partial-correlation	statistics
partial-differential-equation	differential-equation
partial-differential-equation	equation
partial-differential-equation	information
partial-differential-equation	mathematical-statement
participant	agent
participant	organism
participant	peer
participant	person
participant	physical-object
particle	natural-object
particle	physical-object
partner	agent
partner	organism
partner	person
partner	physical-object
partnership	contract
partnership	document
partnership	information
partnership	legal-document
party	group
pass	information
pass	permission
passage	body-part
passenger	agent
passenger	organism
passenger	person
passenger	physical-object
passing	accomplishment
passing	act
passing	event
passion	attribute
passion	feeling
passion	state
passport	document
passport	information
passport	legal-document
password	identification
password	indication
password	information
past	attribute
pastel	attribute
pastime	act
pastime	activity
pastime	event
pastime-game	act
pastime-game	activity
pastime-game	event
pasture	group
pasture	physical-object
pasture	place
pasture	region
patch	artifact
patch	fabric
patch	physical-object
patch	piece
patent	document
patent	information
path	physical-object
path	place
patience	attribute
patience	disposition
patience	trait
patient	agent
patient	organism
patient	person
patient	physical-object
patio	artifact
patio	physical-object
patio	structure
patriot	agent
patriot	organism
patriot	person
patriot	physical-object
patriotism	attribute
patriotism	loyalty
patrol	group
patrol	military-unit
patrol	organization
pattern	cognition
pattern	exemplar
pattern	idea
payment	act
payment	commerce
payment	event
payment	transaction
pb	chemical-element
pb	metal
pb	part
pb	substance
peace	attribute
peace	feeling
peace	state
peacetime	attribute
peacetime	state
peak	physical-object
peak	place
peak	topographic-point
peanut	botanical-fruit
peanut	natural-object
peanut	nut
peanut	physical-object
peanut	seed
peasant	agent
peasant	employee
peasant	laborer
peasant	organism
peasant	person
peasant	physical-object
peasant	worker
pedestrian	agent
pedestrian	organism
pedestrian	person
pedestrian	physical-object
peel	material
peel	part
peel	substance
peer	agent
peer	organism
peer	person
peer	physical-object
pen	artifact
pen	physical-object
pencil	artifact
pencil	physical-object
pencil-of-lines	attribute
pencil-of-lines	shape
pension	outgo
pension	possession
pensioner	agent
pensioner	beneficiary
pensioner	organism
pensioner	person
pensioner	physical-object
pentagon	attribute
pentagon	polygon
pentagon	shape
people	group
pepper	organism
pepper	physical-object
pepper	plant
perceiver	agent
perceiver	organism
perceiver	person
perceiver	physical-object
percentage	ratio
percentile	appraisal
percentile	cognition
percentile	mark
perception	cognition
perceptiveness	attribute
perceptiveness	feeling
perceptiveness	sensitivity
perceptiveness	state
performance	event
performance	show
performer	agent
performer	organism
performer	person
performer	physical-object
performing	act
performing	activity
performing	entertainment
performing	event
perfume	artifact
perfume	physical-object
period	information
period	signal
period	symbol
permission	information
permutation	act
permutation	activity
permutation	event
permutation	mathematical-operation
permutation	procedure
person	agent
person	organism
person	physical-object
personal-identification-number	identification
personal-identification-number	indication
personal-identification-number	information
personal-knowledge	cognition
personality	attribute
perspective	attitude
perspective	cognition
perspiration	part
perspiration	secretion
perspiration	substance
pest	agent
pest	organism
pest	person
pest	physical-object
pet	animal
pet	organism
pet	physical-object
phase	time-period
phenomenon	process
phi-coefficient	cognition
phi-coefficient	nonparametric-statistic
phi-coefficient	statistic
philosopher	agent
philosopher	organism
philosopher	person
philosopher	physical-object
philosopher	scholar
philosophy	cognition
philosophy	field-of-study
philosophy	humanities
phone	artifact
phone	equipment
phone	physical-object
phone-call	artifact
phone-call	physical-object
phone-number	information
phone-number	signal
photograph	artifact
photograph	physical-object
photographer	agent
photographer	artist
photographer	organism
photographer	person
photographer	physical-object
photographic-film	artifact
photographic-film	equipment
photographic-film	physical-object
photography	act
photography	activity
photography	event
physics	cognition
physics	field-of-study
physics	natural-science
physics	science
piano	artifact
piano	device
piano	musical-instrument
piano	physical-object
pie	substance
piece	physical-object
piece-of-paper	material
piece-of-paper	paper
piece-of-paper	part
piece-of-paper	substance
pier	artifact
pier	device
pier	physical-object
pier	support-device
pig	agent
pig	organism
pig	person
pig	physical-object
pigeon	animal
pigeon	bird
pigeon	organism
pigeon	physical-object
pigeon	vertebrate
pile	collection
pile	group
pill	artifact
pill	device
pill	physical-object
pillow	artifact
pillow	cushion
pillow	physical-object
pilot	agent
pilot	organism
pilot	person
pilot	physical-object
pilot	worker
pioneer	agent
pioneer	organism
pioneer	person
pioneer	physical-object
pipe	attribute
pipe	shape
pipe-organ	artifact
pipe-organ	device
pipe-organ	musical-instrument
pipe-organ	physical-object
pit	artifact
pit	device
pit	physical-object
pit	trap
pitch	attribute
pity	event
pity	trouble
place	physical-object
plaintiff	agent
plaintiff	organism
plaintiff	person
plaintiff	physical-object
plan	cognition
plan	idea
plane	attribute
plane	shape
plane-geometry	cognition
plane-geometry	field-of-study
plane-geometry	geometry
plane-geometry	mathematics
plane-geometry	science
plane-section	attribute
plane-section	magnitude
plane-ticket	document
plane-ticket	information
plane-ticket	ticket
planet	celestial-body
planet	natural-object
planet	physical-object
plank	artifact
plank	lumber
plank	physical-object
plant	organism
plant	physical-object
plant-root	natural-object
plant-root	physical-object
plaster	artifact
plaster	physical-object
plaster	tape
plastic	substance
plate	artifact
plate	physical-object
play	act
play	activity
play	event
player	agent
player	organism
player	person
player	physical-object
playground-swing	artifact
playground-swing	device
playground-swing	mechanism
playground-swing	physical-object
playground-swing	plaything
playing-field	physical-object
playing-field	place
playing-field	region
playpen	artifact
playpen	physical-object
playpen	structure
plaything	artifact
plaything	physical-object
pleasure	attribute
pleasure	feeling
pleasure	state
plot	physical-object
plot	place
plot	region
plot.communication	fiction
plot.communication	information
pneumonia	attribute
pneumonia	condition
pneumonia	disease
pneumonia	illness
pneumonia	state
pocket	artifact
pocket	container
pocket	physical-object
poem	information
poetry	information
point	attribute
point	shape
point-of-view	attitude
point-of-view	cognition
point-of-view	position
pointer	information
pointer	signal
pointer	symbol
poison	substance
poisson-distribution	cognition
poisson-distribution	statistical-distribution
pole	artifact
pole	physical-object
police	group
police	organization
policeman	agent
policeman	organism
policeman	person
policeman	physical-object
policy	contract
policy	document
policy	information
policy	legal-document
polish	attribute
polish	state
political-campaign	contest
political-campaign	event
political-orientation	attitude
political-orientation	cognition
political-party	group
political-party	organization
politician	agent
politician	leader
politician	organism
politician	person
politician	physical-object
poll	act
poll	activity
poll	event
poll	work
polygon	attribute
polygon	shape
polynomial	function
polynomial	mathematical-relation
pony	animal
pony	horse
pony	mammal
pony	organism
pony	physical-object
pony	vertebrate
pool	body-of-water
pop	drink
pop	food
pop	part
pop	substance
pop-music	information
pop-music	music
populace	group
populace	people
population	group
population	people
porter	agent
porter	employee
porter	laborer
porter	organism
porter	person
porter	physical-object
porter	worker
portrait	artifact
portrait	image
portrait	physical-object
poser	agent
poser	assistant
poser	organism
poser	person
poser	physical-object
poser	worker
position	attitude
position	cognition
positive-correlation	cognition
positive-correlation	field-of-study
positive-correlation	mathematics
positive-correlation	science
positive-correlation	statistics
possibility	cognition
possibility	option
post	information
post	signal
postage	information
postage	signal
postage	symbol
postage	token
postcard	correspondence
postcard	greeting-card
postcard	information
postcard	mail
postcard	message
pot	agent
pot	drug
pot	substance
potato	organism
potato	physical-object
potato	plant
potential	attribute
potential	state
pottery	artifact
pottery	physical-object
pound	artifact
pound	physical-object
pound	structure
powder	substance
power	agent
power-series	function
power-series	mathematical-relation
power-series	mathematical-series
power-series	polynomial
practical-application	act
practical-application	activity
practical-application	event
practice	act
practice	activity
practice	event
practice-of-medicine	act
practice-of-medicine	activity
practice-of-medicine	event
practice-of-medicine	occupation
practice-of-medicine	profession
practice-session	act
practice-session	activity
practice-session	event
practice-session	training
praise	information
prayer	act
prayer	activity
prayer	event
precedence	attribute
precedence	state
precedence	status
precedent	cognition
precedent	example
preciseness	attribute
precondition	information
precondition	premise
precondition	proposition
predator	animal
predator	organism
predator	physical-object
predecessor	agent
predecessor	organism
predecessor	person
predecessor	physical-object
predictor-variable	cognition
predictor-variable	concept
predictor-variable	idea
predictor-variable	quantity
predictor-variable	variable
predilection	attitude
predilection	cognition
predilection	inclination
preference	attribute
preference	feeling
preference	state
premise	information
premise	proposition
premium	outgo
premium	possession
preoccupation	attribute
preoccupation	condition
preoccupation	state
prepared-dish	food
prepared-dish	substance
preponderance	attribute
preponderance	magnitude
preponderance	number
prescription	information
prescription-drug	agent
prescription-drug	drug
prescription-drug	medication
prescription-drug	substance
presence	attribute
presence	state
present	acquisition
present	gift
present	possession
presentation	artifact
presentation	physical-object
preservation	attribute
preservation	condition
preservation	state
presidency	time-period
president	agent
president	organism
president	person
president	physical-object
president	representative
presidentship	act
presidentship	activity
presidentship	event
presidentship	occupation
press	artifact
press	device
press	machine
press	physical-object
pressure	natural-event
pressure	phenomenon
pressure	process
prestige	attribute
prestige	state
prestige	status
prey	animal
prey	organism
prey	physical-object
price	attribute
price	worth
price-quotation	information
pride	attribute
pride	feeling
pride	satisfaction
pride	state
primary	act
primary	election
primary	event
primitive	expression
primitive	information
primitive	mathematical-statement
prince	agent
prince	leader
prince	organism
prince	person
prince	physical-object
princess	agent
princess	leader
princess	organism
princess	person
princess	physical-object
principle	cognition
principle	concept
principle	idea
principle	natural-law
print	artifact
print	physical-object
printer	artifact
printer	device
printer	equipment
printer	machine
printer	physical-object
prison	artifact
prison	physical-object
prison	structure
prisoner	agent
prisoner	organism
prisoner	person
prisoner	physical-object
privacy	attribute
privacy	disposition
privacy	trait
privation	attribute
privation	condition
privation	state
privilege	asset
privilege	attribute
prize	acquisition
prize	gift
prize	possession
probability-theory	cognition
probability-theory	field-of-study
probability-theory	mathematics
probability-theory	science
probe	cognition
probe	thinking
problem	information
problem	topic
procedure	act
procedure	activity
procedure	event
produce	substance
producer	agent
producer	organism
producer	person
producer	physical-object
product	cognition
product	concept
product	idea
product	quantity
product-moment-correlation-coefficient	cognition
product-moment-correlation-coefficient	correlation-coefficient
product-moment-correlation-coefficient	parametric-statistic
product-moment-correlation-coefficient	statistic
product.phenomenon	consequence
product.phenomenon	phenomenon
product.phenomenon	process
production	act
production	event
production-line	artifact
production-line	physical-object
profession	act
profession	activity
profession	event
profession	occupation
professional	adult
professional	agent
professional	organism
professional	person
professional	physical-object
professor	adult
professor	agent
professor	organism
professor	person
professor	physical-object
professor	professional
professorship	act
professorship	activity
professorship	event
professorship	occupation
proficiency	attribute
proficiency	state
profile	cognition
profile	view
profit	asset
profit	attribute
prognosis	information
program	information
programme	event
programme	show
prohibition	decree
prohibition	document
prohibition	information
prohibition	legal-document
projectile	artifact
projectile	device
projectile	instrument
projectile	physical-object
projectile	weapon
projection	cognition
projection	thinking
projection.communication	information
projective-geometry	cognition
projective-geometry	field-of-study
projective-geometry	geometry
projective-geometry	mathematics
projective-geometry	science
promise	act
promise	event
promise	information
promotion	act
promotion	event
promotional-material	information
proof	cognition
proof	evidence
propaganda	information
property	cognition
property	concept
property	idea
proportion	placement
proposal	act
proposal	event
proposition	information
prosecution	act
prosecution	event
prosecution	legal-action
prosperity	attribute
prosperity	condition
prosperity	state
protection	act
protection	activity
protection	event
protein	chemical
protein	compound
protein	material
protein	molecule
protein	part
protein	substance
protest	act
protest	event
provision	act
provision	activity
provision	event
psychoanalysis	act
psychoanalysis	activity
psychoanalysis	event
psychoanalysis	tending
psychoanalysis	therapy
psychoanalysis	work
psychologist	agent
psychologist	organism
psychologist	person
psychologist	physical-object
psychologist	scientist
psychology	cognition
psychology	field-of-study
psychology	science
public	group
public-attraction	event
public-attraction	show
public-house	artifact
public-house	building
public-house	physical-object
public-house	structure
public-lecture	act
public-lecture	event
public-lecture	formal-address
public-opinion	belief
public-opinion	cognition
public-square	physical-object
public-square	place
public-square	region
publication	artifact
publication	physical-object
publicity	attribute
publisher	firm
publisher	group
publisher	organization
pudding	dessert
pudding	food
pudding	substance
pulp	natural-object
pulp	physical-object
pulse	event
pump	artifact
pump	device
pump	mechanism
pump	physical-object
pumpkin	produce
pumpkin	substance
pumpkin	vegetable
punch	act
punch	blow
punch	event
punch	motion
punch-drink	agent
punch-drink	alcohol
punch-drink	drink
punch-drink	drug
punch-drink	food
punch-drink	part
punch-drink	substance
punishment	act
punishment	event
pupil	attribute
pupil	empty-space
pupil	hole
pupil	physical-object
pupil	place
pupil	shape
purchase	act
purchase	event
purchase-option	document
purchase-option	information
purchase-option	legal-document
purpose	cognition
purpose	goal
pursuit	cognition
push-button	artifact
push-button	device
push-button	electric-switch
push-button	mechanism
push-button	physical-object
puzzle	artifact
puzzle	equipment
puzzle	physical-object
pyramid	attribute
pyramid	shape
quadrate	attribute
quadrate	isogon
quadrate	parallelogram
quadrate	polygon
quadrate	quadrilateral
quadrate	rectangle
quadrate	regular-polygon
quadrate	shape
quadrate	square
quadratic	function
quadratic	mathematical-relation
quadratic	polynomial
quadratic-equation	equation
quadratic-equation	information
quadratic-equation	mathematical-statement
quadratics	algebra
quadratics	cognition
quadratics	field-of-study
quadratics	mathematics
quadratics	science
quadrature	act
quadrature	activity
quadrature	event
quadrature	geometric-construction
quadrature	mathematical-operation
quadrature	procedure
quadrilateral	attribute
quadrilateral	polygon
quadrilateral	shape
quality	attribute
quality	degree
quantic	function
quantic	homogeneous-polynomial
quantic	mathematical-relation
quantic	polynomial
quantity	cognition
quantity	concept
quantity	idea
quarrel	act
quarrel	dispute
quarrel	event
quarter	district
quarter	physical-object
quarter	place
quarter	region
quarter.time	time-period
quartile	appraisal
quartile	cognition
quartile	mark
quartz-glass	glass-material
quartz-glass	substance
queen	agent
queen	leader
queen	organism
queen	person
queen	physical-object
quest	act
quest	activity
quest	event
question	act
question	event
questionnaire	document
questionnaire	form
questionnaire	information
queue	group
queue	line-formation
quota	allotment
quota	possession
quotation	excerpt
quotation	information
quotation	music
quotation	text-passage
rabbit	animal
rabbit	mammal
rabbit	organism
rabbit	physical-object
rabbit	vertebrate
race	contest
race	event
racetrack	artifact
racetrack	facility
racetrack	physical-object
racial-group	group
racism	attitude
racism	bias
racism	cognition
racism	inclination
rack	artifact
rack	physical-object
rack	structure
radiation	process
radiation-sickness	cognition
radiation-sickness	evidence
radiation-sickness	symptom
radiation-sickness	syndrome
radical	agent
radical	organism
radical	person
radical	physical-object
radio	artifact
radio	physical-object
radio-receiver	artifact
radio-receiver	equipment
radio-receiver	physical-object
radioactive-decay	process
railcar	artifact
railcar	container
railcar	physical-object
railcar	vehicle
railroad-track	artifact
railroad-track	physical-object
railway	group
railway	organization
railway-line	artifact
railway-line	physical-object
railway-line	road
rain	natural-event
rain	phenomenon
rain	process
rain	weather
rain-shower	natural-event
rain-shower	phenomenon
rain-shower	process
rain-shower	rain
rain-shower	weather
rainbow	attribute
rainbow	curved-shape
rainbow	shape
raise	attribute
raise	increment
raise	magnitude
rally	group
ranch	farm
ranch	physical-object
ranch	place
ranch	workplace
random-sample	cognition
random-sample	example
random-sample	sample
randomness	attribute
range	physical-object
range	place
range	region
range-of-a-function	mathematical-set
rank	attribute
rank	state
rank	status
rank-order-correlation-coefficient	cognition
rank-order-correlation-coefficient	nonparametric-statistic
rank-order-correlation-coefficient	statistic
rap	event
rap	impact
rape	act
rape	activity
rape	crime
rape	event
rat	animal
rat	mammal
rat	organism
rat	physical-object
rat	vertebrate
rationality	attribute
rationality	condition
rationality	state
rationalization	act
rationalization	event
reaction	natural-event
reaction	phenomenon
reaction	process
reaction.phenomenon	consequence
reaction.phenomenon	phenomenon
reaction.phenomenon	process
readiness	attribute
readiness	state
realism	attribute
reality	attribute
reality	state
realm	attribute
realm	situation
realm	state
rear	artifact
rear	physical-object
reason	explanation
reason	information
rebellion	act
rebellion	event
recapitulation	information
recapitulation	summary
receipt	information
reception	artifact
reception	physical-object
reception-party	group
reception-party	party
recess	attribute
recess	shape
recession	attribute
recession	condition
recession	state
recognition	information
recommendation	information
recommendation	praise
recompense	act
recompense	correction
recompense	event
record	accomplishment
record	act
record	event
record-album	artifact
record-album	physical-object
recording	artifact
recording	device
recording	physical-object
recovery	act
recovery	event
rectangle	attribute
rectangle	parallelogram
rectangle	polygon
rectangle	quadrilateral
rectangle	shape
recursion	act
recursion	activity
recursion	event
recursion	procedure
recursion	rule.cognition
recursive-definition	definition
recursive-definition	explanation
recursive-definition	information
red	attribute
redundancy	attribute
redundancy	degree
reentrant-polygon	attribute
reentrant-polygon	concave-polygon
reentrant-polygon	polygon
reentrant-polygon	shape
referee	agent
referee	organism
referee	person
referee	physical-object
reference	artifact
reference	physical-object
reference	publication
reference-point	information
reference-point	signal
referral	advice
referral	information
reflection	artifact
reflection	image
reflection	physical-object
reflexivity	mathematical-relation
reform	act
reform	event
refreshment	act
refreshment	event
refuge	artifact
refuge	physical-object
refuge	structure
refugee	agent
refugee	organism
refugee	person
refugee	physical-object
refugee-camp	artifact
refugee-camp	housing
refugee-camp	physical-object
refugee-camp	shelter
refugee-camp	structure
refusal	act
refusal	event
region	physical-object
region	place
register	indication
register	information
registration	act
registration	event
regression	cognition
regression	method
regression	statistical-method
regression-analysis	cognition
regression-analysis	method
regression-analysis	multivariate-analysis
regression-analysis	statistical-method
regression-coefficient	cognition
regression-coefficient	parametric-statistic
regression-coefficient	statistic
regression-equation	equation
regression-equation	information
regression-equation	mathematical-statement
regression-line	attribute
regression-line	curve
regression-line	shape
regular-hexagon	attribute
regular-hexagon	hexagon
regular-hexagon	polygon
regular-hexagon	shape
regular-polygon	attribute
regular-polygon	isogon
regular-polygon	polygon
regular-polygon	shape
regulation	information
rehabilitation	act
rehabilitation	activity
rehabilitation	event
rehabilitation	tending
rehabilitation	therapy
rehabilitation	work
rehearsal	act
rehearsal	activity
rehearsal	event
rehearsal	practice-session
rehearsal	training
reign	era
reign	historic-period
reign	time-period
rejection	act
rejection	event
relationship	attribute
relationship	state
relative	agent
relative	organism
relative	person
relative	physical-object
relaxation	act
relaxation	activity
relaxation	event
relaxation	mathematical-operation
relaxation	procedure
release	act
release	event
reliance	attribute
reliance	state
relief	attribute
relief	comfort
relief	condition
relief	state
religion	attribute
religion	belief
religion	cognition
religion	good
religion	virtue
religious-brother	agent
religious-brother	monk
religious-brother	organism
religious-brother	person
religious-brother	physical-object
religious-service	act
religious-service	activity
religious-service	event
relish	cognition
relish	perception
reluctance	attribute
reluctance	disposition
reluctance	trait
remark	information
remedy	agent
remedy	drug
remedy	medication
remedy	substance
renovation	attribute
renovation	condition
renovation	improvement
renovation	state
rent	outgo
rent	possession
repeat	event
replica	artifact
replica	copy
replica	physical-object
reply	information
report	document
report	information
reporter	agent
reporter	organism
reporter	person
reporter	physical-object
repositing	act
repositing	event
representative	agent
representative	organism
representative	person
representative	physical-object
representative-agent	agent
representative-agent	organism
representative-agent	person
representative-agent	physical-object
representative-agent	representative
reptile	animal
reptile	organism
reptile	physical-object
reptile	vertebrate
republic	group
repugnance	attribute
repugnance	feeling
repugnance	state
reputation	attribute
reputation	state
reputation	status
request	information
research	act
research	activity
research	event
research	work
research-worker	agent
research-worker	organism
research-worker	person
research-worker	physical-object
research-worker	scientist
reservation	information
reserve	attribute
reserve	trait
reservoir	body-of-water
reservoir	lake
residence	address
residence	physical-object
residence	place
resident	agent
resident	inhabitant
resident	organism
resident	person
resident	physical-object
residential-district	district
residential-district	physical-object
residential-district	place
residential-district	region
residual	part
resignation	document
resignation	information
resistance	act
resistance	event
resolution	act
resolution	event
resort	artifact
resort	building
resort	hotel
resort	physical-object
resort	structure
resource	asset
resource	attribute
respite	pause
response	greeting
response	information
responsibility	act
responsibility	event
rest	artifact
rest	device
rest	physical-object
rest	support-device
restaurant	artifact
restaurant	building
restaurant	physical-object
restaurant	structure
restitution	act
restitution	event
restraint	attribute
restraint	trait
restraint.cognition	cognition
restraint.cognition	concept
restraint.cognition	idea
restraint.cognition	restriction
restraint.cognition	rule
restriction	cognition
restriction	concept
restriction	idea
restriction	rule
result	ending
result	event
retailer	agent
retailer	merchant
retailer	organism
retailer	person
retailer	physical-object
retaliation	act
retaliation	event
retirement	act
retirement	event
return	act
return	event
reverse	event
reversion	act
reversion	event
review	act
review	activity
review	event
review	practice-session
review	training
review-periodical	artifact
review-periodical	physical-object
review-periodical	publication
reviewer	agent
reviewer	authority
reviewer	expert
reviewer	organism
reviewer	person
reviewer	physical-object
revival	change
revival	event
revolution	act
revolution	event
reward	information
rhetoric	cognition
rhetoric	field-of-study
rhetoric	humanities
rhomboid	attribute
rhomboid	parallelogram
rhomboid	polygon
rhomboid	quadrilateral
rhomboid	shape
rhombus	attribute
rhombus	parallelogram
rhombus	polygon
rhombus	quadrilateral
rhombus	shape
rhythm	attribute
rib	body-part
rib	bone
rib	tissue
ribbon	artifact
ribbon	physical-object
ribbon-bow	artifact
ribbon-bow	decoration
ribbon-bow	physical-object
rice	food
rice	grain
rice	substance
rider	agent
rider	organism
rider	person
rider	physical-object
ridge	physical-object
rifle	artifact
rifle	device
rifle	gun
rifle	instrument
rifle	physical-object
rifle	weapon
right	attribute
right	good
right	justice
right	virtue
right-side	physical-object
right-side	place
right-to-vote	cognition
right-to-vote	concept
right-to-vote	idea
right-triangle	attribute
right-triangle	polygon
right-triangle	shape
right-triangle	triangle
right-wing	clique
right-wing	group
rightful-claim	act
rightful-claim	activity
rightful-claim	event
ring	artifact
ring	decoration
ring	physical-object
riot	act
riot	aggression
riot	event
riot	violence
risk	act
risk	activity
risk	event
risk	undertaking
risk	work
risk-of-exposure	probability
risk-of-infection	probability
ritual	act
ritual	activity
ritual	event
ritual	practice
river	body-of-water
river	stream
road	artifact
road	physical-object
road-shoulder	limit
road-shoulder	physical-object
road-shoulder	place
roadway	artifact
roadway	physical-object
roadway	road
robbery	act
robbery	activity
robbery	crime
robbery	event
robbery	larceny
rock	natural-object
rock	physical-object
rock-'n'-roll	information
rock-'n'-roll	music
rocket	artifact
rocket	physical-object
rocket	vehicle
roentgenogram	artifact
roentgenogram	photograph
roentgenogram	physical-object
role	act
role	activity
role	event
role-model	agent
role-model	leader
role-model	organism
role-model	person
role-model	physical-object
roll	attribute
roll	cylinder
roll	shape
roof	artifact
roof	physical-object
room	artifact
room	physical-object
room	structure
root	mathematical-set
rootage	physical-object
rootage	place
rope	artifact
rope	physical-object
rose	organism
rose	physical-object
rose	plant
rose	shrub
roster	information
roster	list
rotary-motion	act
rotary-motion	event
rotary-motion	motion
rotation	event
rounding	act
rounding	event
rounding	mistake
route	physical-object
route	place
routine	act
routine	activity
routine	event
routine	procedure
row	group
royal-court	government
royal-court	group
royal-court	organization
royalty	family-line
royalty	group
royalty	kin
royalty-payment	outgo
royalty-payment	possession
rubbish	material
rubbish	part
rubbish	substance
rubbish	waste
rug	artifact
rug	physical-object
rugby	act
rugby	activity
rugby	event
rugby	football
rugby	game
rugby	sport
ruin	artifact
ruin	building
ruin	physical-object
ruin	structure
rule	cognition
rule	concept
rule	idea
rule.cognition	act
rule.cognition	activity
rule.cognition	event
rule.cognition	procedure
rule.time	time-period
ruler	artifact
ruler	device
ruler	instrument
ruler	measuring-stick
ruler	physical-object
rumor	act
rumor	event
rumor	gossip
rung	artifact
rung	device
rung	physical-object
rung	support-device
runner	agent
runner	athlete
runner	organism
runner	person
runner	physical-object
rural-area	physical-object
rural-area	place
rural-area	region
sacrifice	act
sacrifice	event
safety	attribute
safety	condition
safety	state
sail	artifact
sail	fabric
sail	physical-object
sail	piece
sailor	agent
sailor	organism
sailor	person
sailor	physical-object
sailor	worker
salad	food
salad	prepared-dish
salad	substance
sale	act
sale	commerce
sale	event
sale	transaction
sales-talk	information
sales-talk	promotional-material
salesclerk	agent
salesclerk	employee
salesclerk	organism
salesclerk	person
salesclerk	physical-object
salesclerk	worker
salmon	animal
salmon	fish
salmon	organism
salmon	physical-object
salmon	vertebrate
salon	artifact
salon	physical-object
salon	shop
salon	structure
salt	food
salt	substance
salvation	attribute
salvation	condition
salvation	safety
salvation	state
sample	cognition
sample	example
sample-distribution	cognition
sample-distribution	statistical-distribution
sampling	act
sampling	event
sanctuary	physical-object
sanctuary	place
sanctuary	region
sand	material
sand	part
sand	soil
sand	substance
sandal	artifact
sandal	physical-object
sandal	shoe
sarcasm	information
satellite	artifact
satellite	equipment
satellite	physical-object
satisfaction	attribute
satisfaction	feeling
satisfaction	state
sauce	food
sauce	substance
sausage	meat
sausage	substance
saying	information
scab	agent
scab	organism
scab	person
scab	physical-object
scab	worker
scalar-field	mathematical-field
scalar-field	mathematical-set
scale	natural-object
scale	physical-object
scale-of-measurement	standard
scalene-triangle	attribute
scalene-triangle	polygon
scalene-triangle	shape
scalene-triangle	triangle
scandal	event
scandal	trouble
scenario	information
scenario	premise
scenario	proposition
scene	information
schedule	information
schedule	list
scheduling-conflict	attribute
scheduling-conflict	characteristic
schema	cognition
schism	act
schism	event
scholar	agent
scholar	organism
scholar	person
scholar	physical-object
scholarly-paper	article
scholarly-paper	artifact
scholarly-paper	information
scholarly-paper	physical-object
scholarship	acquisition
scholarship	aid
scholarship	gift
scholarship	possession
scholarship	prize
school	group
school	institution
school	organization
school-class	group
school-term	time-period
schoolchild	agent
schoolchild	organism
schoolchild	person
schoolchild	physical-object
schoolhouse	artifact
schoolhouse	building
schoolhouse	physical-object
schoolhouse	structure
schrodinger-equation	differential-equation
schrodinger-equation	equation
schrodinger-equation	information
schrodinger-equation	mathematical-statement
science	cognition
science	field-of-study
scientific-principle	cognition
scientific-principle	concept
scientific-principle	idea
scientist	agent
scientist	organism
scientist	person
scientist	physical-object
scope	attribute
scope	magnitude
scored-goal	accomplishment
scored-goal	act
scored-goal	event
scrap	physical-object
scrap	piece
scratch	appearance
scratch	attribute
screen	artifact
screen	physical-object
screen-netting	artifact
screen-netting	physical-object
screw	artifact
screw	device
screw	physical-object
script	information
sculpture	artifact
sculpture	attribute
sculpture	physical-object
sculpture	shape
sea	body-of-water
seal	animal
seal	mammal
seal	organism
seal	physical-object
seal	vertebrate
seal-stamp	information
seal-stamp	signal
seal-stamp	symbol
seaport	physical-object
seaport	place
search	act
search	activity
search	event
search	work
seashore	physical-object
season	time-period
seat	artifact
seat	furniture
seat	physical-object
seating-place	physical-object
seating-place	place
seating-place	region
secant	function
secant	mathematical-relation
secant	trigonometric-function
second	attribute
second	rank
second	state
second	status
second-moment	cognition
second-moment	moment
second-moment	statistic
secrecy	attribute
secrecy	trait
secret	information
secret-plan	cognition
secret-plan	idea
secret-plan	plan
secretary	agent
secretary	assistant
secretary	organism
secretary	person
secretary	physical-object
secretary	worker
secretion	part
secretion	substance
section	physical-object
section-title	information
section-title	line-of-text
section-title	text
sector	aspect
sector	cognition
sector	concept
sector	feature
sector	idea
sector	property
security-system	artifact
security-system	device
security-system	physical-object
sediment	substance
seed	botanical-fruit
seed	natural-object
seed	physical-object
seeded-player	agent
seeded-player	organism
seeded-player	person
seeded-player	physical-object
seeded-player	player
selection	collection
selection	group
self	attribute
self	condition
self	consciousness
self	state
self-control	attribute
self-control	trait
seller	agent
seller	merchant
seller	organism
seller	person
seller	physical-object
selling	act
selling	commerce
selling	event
selling	transaction
semblance	cognition
seminar	act
seminar	activity
seminar	course-of-instruction
seminar	education
seminar	event
senior	agent
senior	organism
senior	person
senior	physical-object
senior	student
sensation	attribute
sensation	condition
sensation	excitement
sensation	state
sense	cognition
sense-of-touch	cognition
sense-of-touch	sense
sensitivity	attribute
sensitivity	feeling
sensitivity	state
sentence	group
sentence	information
sentence	language
sentence	sequence
sentential-function	expression
sentential-function	information
sentential-function	mathematical-statement
sentiment	attribute
sentiment	feeling
sentiment	state
separation	act
separation	event
sequence	group
serial	event
serial	programme
serial	show
series	artifact
series	physical-object
series	publication
series-expansion	function
series-expansion	mathematical-relation
sermon	act
sermon	event
sermon	formal-address
servant	agent
servant	organism
servant	person
servant	physical-object
servant	worker
service	act
service	activity
service	assist
service	event
service-department	artifact
service-department	physical-object
service-department	shop
service-department	structure
session	act
session	coming-together
session	event
set	collection
set	group
set-theory	cognition
set-theory	field-of-study
set-theory	mathematics
set-theory	science
setting	attribute
setting	situation
setting	state
settlement	physical-object
settlement	place
settlement	region
settler-colony	group
severity	attribute
severity	magnitude
sex	attribute
shackle	artifact
shackle	device
shackle	physical-object
shadow	attribute
shadow	dark
shadow	state
shaft	artifact
shaft	physical-object
shame	attribute
shame	feeling
shame	state
shape	attribute
share	document
share	information
share	legal-document
share-capital	possession
share-of-profits	possession
shark	animal
shark	fish
shark	organism
shark	physical-object
shark	vertebrate
sheep	animal
sheep	mammal
sheep	organism
sheep	physical-object
sheep	vertebrate
sheet	artifact
sheet	commodity
sheet	linen
sheet	physical-object
shelf	artifact
shelf	device
shelf	physical-object
shelf	support-device
shell	natural-object
shell	physical-object
shelter	artifact
shelter	housing
shelter	physical-object
shelter	structure
shield	artifact
shield	physical-object
shift	time-period
ship	artifact
ship	physical-object
ship	vehicle
ship	watercraft
shirt	artifact
shirt	clothing
shirt	commodity
shirt	physical-object
shock	attribute
shock	feeling
shock	state
shoe	artifact
shoe	physical-object
shooting	act
shooting	event
shop	artifact
shop	physical-object
shop	structure
shopping	act
shopping	event
shopping	purchase
short-circuit	artifact
short-circuit	physical-object
short-division	act
short-division	activity
short-division	arithmetic-operation
short-division	division
short-division	event
short-division	mathematical-operation
short-division	procedure
short-letter	artifact
short-letter	information
short-letter	letter
short-letter	physical-object
short-letter	text
short-pants	artifact
short-pants	clothing
short-pants	commodity
short-pants	physical-object
short-pants	trouser
shot	artifact
shot	photograph
shot	physical-object
shoulder	body-part
show	event
shower	artifact
shower	fixture
shower	physical-object
shrub	organism
shrub	physical-object
shrub	plant
side	physical-object
side	place
side	surface
sidewalk	artifact
sidewalk	physical-object
siege	act
siege	event
siege	military-action
sieve	artifact
sieve	device
sieve	filter
sieve	physical-object
sight	cognition
sight	sense
sign	clue
sign	indication
sign	information
sign-language-sign	information
sign-of-the-zodiac	physical-object
sign-of-the-zodiac	place
signal	information
signature	name
signature	part
signboard	artifact
signboard	physical-object
signboard	structure
signified	information
signified	meaning
silence	attribute
silk	artifact
silk	fabric
silk	physical-object
silver	chemical-element
silver	electrical-conductor
silver	material
silver	metal
silver	part
silver	substance
silver-screen	artifact
silver-screen	physical-object
similarity	attribute
simplicity	attribute
simultaneous-equations	equation
simultaneous-equations	information
simultaneous-equations	mathematical-statement
sin	act
sin	activity
sin	event
sine	function
sine	mathematical-relation
sine	trigonometric-function
singer	agent
singer	organism
singer	performer
singer	person
singer	physical-object
single-file	group
single-file	line-formation
sink	artifact
sink	fixture
sink	physical-object
sister	agent
sister	organism
sister	person
sister	physical-object
sister	relative
situation	attribute
situation	state
skeletal-system	body-part
sketch	information
sketch	summary
ski	artifact
ski	device
ski	physical-object
ski-tow	artifact
ski-tow	physical-object
skill	cognition
skin	body-part
skin	natural-object
skin	physical-object
skin	tissue
skin-cream	artifact
skin-cream	physical-object
skirt	artifact
skirt	clothing
skirt	commodity
skirt	physical-object
skull	body-part
skull	bone
skull	tissue
sky	atmosphere
sky	fluid
sky	substance
slab	artifact
slab	physical-object
slant	attitude
slant	cognition
slant	point-of-view
slant	position
slave	agent
slave	organism
slave	person
slave	physical-object
sleep	attribute
sleep	condition
sleep	state
sleeve	artifact
sleeve	physical-object
slide	artifact
slide	physical-object
slide	plaything
slob	agent
slob	organism
slob	person
slob	physical-object
slope	physical-object
slot	artifact
slot	physical-object
sludge	substance
small-change	cash
small-change	currency
small-change	standard
smell	cognition
smell	sense
smile	information
smoke	natural-event
smoke	phenomenon
smoke	process
smudge	appearance
smudge	attribute
snail	animal
snail	invertebrate
snail	mollusc
snail	organism
snail	physical-object
snake	animal
snake	organism
snake	physical-object
snake	reptile
snake	vertebrate
snow	natural-event
snow	phenomenon
snow	process
snow	weather
snub	act
snub	activity
snub	behavior
snub	discourtesy
snub	event
soap	chemical
soap	compound
soap	material
soap	part
soap	substance
soccer	act
soccer	activity
soccer	event
soccer	football
soccer	game
soccer	sport
social-club	association
social-club	group
social-club	organization
social-occasion	event
social-science	cognition
social-science	field-of-study
social-science	science
social-welfare	acquisition
social-welfare	aid
social-welfare	gift
social-welfare	possession
society	group
sociology	cognition
sociology	field-of-study
sociology	science
sociology	social-science
sock	artifact
sock	clothing
sock	commodity
sock	physical-object
sodium	chemical-element
sodium	metal
sodium	part
sodium	substance
sofa	artifact
sofa	furniture
sofa	physical-object
sofa	seat
software	code
software	information
software-library	collection
software-library	group
soil	material
soil	part
soil	substance
soldier	agent
soldier	organism
soldier	person
soldier	physical-object
soldier	worker
solicitation	information
solicitation	request
solid-geometry	cognition
solid-geometry	field-of-study
solid-geometry	geometry
solid-geometry	mathematics
solid-geometry	science
solidarity	attribute
solo	act
solo	activity
solo	event
solution	accomplishment
solution	act
solution	event
soprano	information
sorrow	attribute
sorrow	feeling
sorrow	state
sound	cognition
sound	perception
soup	food
soup	prepared-dish
soup	substance
sovereign	agent
sovereign	organism
sovereign	person
sovereign	physical-object
sovereign	representative
space	character
space	information
space	signal
space	symbol
spacecraft	artifact
spacecraft	equipment
spacecraft	physical-object
spacecraft	satellite
spacecraft	vehicle
spatial-extent	attribute
spatial-extent	magnitude
speaker	agent
speaker	organism
speaker	person
speaker	physical-object
specialist	agent
specialist	expert
specialist	organism
specialist	person
specialist	physical-object
species	group
specimen	natural-object
specimen	physical-object
spectacles	artifact
spectacles	device
spectacles	instrument
spectacles	physical-object
spectator	agent
spectator	organism
spectator	perceiver
spectator	person
spectator	physical-object
spectrum	attribute
spectrum	magnitude
spectrum	scope
speech	information
spell	information
sphere	attribute
sphere	shape
sphere-of-influence	physical-object
sphere-of-influence	place
sphere-of-influence	region
spherical-geometry	cognition
spherical-geometry	field-of-study
spherical-geometry	geometry
spherical-geometry	mathematics
spherical-geometry	science
spherical-polygon	attribute
spherical-polygon	polygon
spherical-polygon	shape
spherical-triangle	attribute
spherical-triangle	polygon
spherical-triangle	shape
spherical-triangle	spherical-polygon
spherical-trigonometry	cognition
spherical-trigonometry	field-of-study
spherical-trigonometry	mathematics
spherical-trigonometry	science
spherical-trigonometry	trigonometry
spider	animal
spider	arachnid
spider	invertebrate
spider	organism
spider	physical-object
spinach	produce
spinach	substance
spinach	vegetable
spinal-column	body-part
spine	body-part
spirit	ambiance
spirit	attribute
spirit	condition
spirit	state
spiritualist	agent
spiritualist	organism
spiritualist	person
spiritualist	physical-object
split	attribute
split	crack
split	empty-space
split	physical-object
split	place
split	shape
split-half-correlation	cognition
split-half-correlation	correlation-coefficient
split-half-correlation	parametric-statistic
split-half-correlation	statistic
spokesman	advocate
spokesman	agent
spokesman	organism
spokesman	person
spokesman	physical-object
spokesman	spokesperson
spokesperson	advocate
spokesperson	agent
spokesperson	organism
spokesperson	person
spokesperson	physical-object
spontaneous-abortion	abortion
spontaneous-abortion	act
spontaneous-abortion	event
spoon	artifact
spoon	container
spoon	physical-object
sport	act
sport	activity
sport	event
spouse	agent
spouse	organism
spouse	person
spouse	physical-object
spouse	relative
spray	part
spray	substance
spread	food
spread	substance
spreadsheet	code
spreadsheet	computer-program
spreadsheet	information
spreadsheet	software
spring	artifact
spring	device
spring	physical-object
springtime	season
springtime	time-period
spurious-correlation	cognition
spurious-correlation	field-of-study
spurious-correlation	mathematics
spurious-correlation	science
spurious-correlation	statistics
spy	agent
spy	organism
spy	person
spy	physical-object
spy	representative
spy	representative-agent
squad	group
squad	military-unit
squad	organization
square	attribute
square	isogon
square	parallelogram
square	polygon
square	quadrilateral
square	rectangle
square	regular-polygon
square	shape
stable	artifact
stable	building
stable	physical-object
stable	structure
stadium	artifact
stadium	physical-object
stadium	structure
staff	group
staff	organization
staff-rod	information
staff-rod	signal
staff-rod	symbol
stage	artifact
stage	physical-object
stage-production	information
stage-set	artifact
stage-set	physical-object
stairway	artifact
stairway	physical-object
stake	investment
stake	possession
stalk	natural-object
stalk	physical-object
stall	artifact
stall	physical-object
stall	shop
stall	structure
stand-base	physical-object
stand-base	place
stand-base	side
stand-base	surface
stand-base	underside
standard-deviation	cognition
standard-deviation	moment
standard-deviation	statistic
standard-deviation	variance
star	celestial-body
star	natural-object
star	physical-object
star-shape	attribute
star-shape	shape
state	attribute
state-of-matter	natural-event
state-of-matter	phenomenon
state-of-matter	process
statement	document
statement	information
station	physical-object
station	place
statistic	cognition
statistical-distribution	cognition
statistical-method	cognition
statistical-method	method
statistical-population	collection
statistical-population	group
statistician	agent
statistician	expert
statistician	organism
statistician	person
statistician	physical-object
statistics	cognition
statistics	field-of-study
statistics	mathematics
statistics	science
statue	artifact
statue	attribute
statue	physical-object
statue	sculpture
statue	shape
status	attribute
status	state
steak	meat
steak	substance
steam	part
steam	substance
steel	part
steel	substance
step	artifact
step	device
step	physical-object
step	support-device
steward	agent
steward	assistant
steward	organism
steward	person
steward	physical-object
steward	worker
stick	artifact
stick	physical-object
stimulation	act
stimulation	event
sting	attribute
sting	condition
sting	injury
sting	state
stitch	artifact
stitch	physical-object
stock	artifact
stock	commodity
stock	merchandise
stock	physical-object
stockholder	agent
stockholder	organism
stockholder	person
stockholder	physical-object
stomach	body-part
stomach	organ
stone	natural-object
stone	physical-object
stool	artifact
stool	furniture
stool	physical-object
stool	seat
stop	act
stop	event
storey	artifact
storey	physical-object
storey	structure
storm	natural-event
storm	phenomenon
storm	process
stove	artifact
stove	commodity
stove	physical-object
strand	artifact
strand	decoration
strand	physical-object
strap	artifact
strap	physical-object
stratified-sample	cognition
stratified-sample	sample-distribution
stratified-sample	statistical-distribution
straw	artifact
straw	physical-object
strawberry	berry
strawberry	botanical-fruit
strawberry	fruit
strawberry	natural-object
strawberry	physical-object
strawberry	produce
strawberry	substance
stream	body-of-water
street	artifact
street	physical-object
street	road
streetcar	artifact
streetcar	container
streetcar	physical-object
streetcar	vehicle
strength	attribute
strike	act
strike	event
strike	protest
string	artifact
string	physical-object
stroke	event
stroke	trouble
structure	artifact
structure	physical-object
struggle	act
struggle	activity
struggle	event
struggle	labor
struggle	work
student	agent
student	organism
student	person
student	physical-object
studio	physical-object
studio	place
studio	workplace
study	artifact
study	physical-object
study	room
study	structure
stunt-man	agent
stunt-man	organism
stunt-man	peer
stunt-man	person
stunt-man	physical-object
style	information
sub-interval	interval
sub-interval	mathematical-set
subgroup	mathematical-group
subgroup	mathematical-set
submission	information
subpopulation	collection
subpopulation	group
subpopulation	statistical-population
subscriber	agent
subscriber	consumer
subscriber	customer
subscriber	organism
subscriber	person
subscriber	physical-object
subscriber	user
subset	mathematical-set
subsister	agent
subsister	organism
subsister	person
subsister	physical-object
subspace	attribute
subspace	mathematical-set
subspace	mathematical-space
subtraction	act
subtraction	activity
subtraction	arithmetic-operation
subtraction	event
subtraction	mathematical-operation
subtraction	procedure
suburb	district
suburb	physical-object
suburb	place
suburb	region
suburb	residential-district
success	event
suffering	attribute
suffering	feeling
suffering	painfulness
suffering	state
sugar	food
sugar	substance
suggestion	information
suicide	act
suicide	event
suit	artifact
suit	clothing
suit	commodity
suit	physical-object
suite	apartment
suite	artifact
suite	housing
suite	physical-object
suite	structure
sulfur	chemical-element
sulfur	part
sulfur	substance
sum	collection
sum	group
summary	information
summation	act
summation	activity
summation	arithmetic-operation
summation	event
summation	mathematical-operation
summation	procedure
summer	season
summer	time-period
summer-camp	physical-object
summer-camp	place
summer-camp	region
summit	group
summit	meeting
sunday	time-period
sunlight	natural-event
sunlight	phenomenon
sunlight	process
sunrise	event
superintendent	agent
superintendent	organism
superintendent	person
superintendent	physical-object
supermarket	artifact
supermarket	grocery-store
supermarket	physical-object
supermarket	structure
superposition	act
superposition	activity
superposition	event
superposition	locating
supervisor	agent
supervisor	leader
supervisor	organism
supervisor	person
supervisor	physical-object
support	act
support	activity
support	assist
support	event
support-device	artifact
support-device	device
support-device	physical-object
surface	physical-object
surface	place
surgeon	adult
surgeon	agent
surgeon	doctor
surgeon	organism
surgeon	person
surgeon	physical-object
surgeon	professional
surgery	cognition
surgery	field-of-study
surgery	medicine
surgery	natural-science
surgery	science
surprise	change
surprise	event
surrender	attribute
surrender	despair
surrender	feeling
surrender	state
surrogate	agent
surrogate	organism
surrogate	peer
surrogate	person
surrogate	physical-object
surroundings	environment
surroundings	physical-object
surroundings	place
surroundings	region
survival	process
survivor	agent
survivor	organism
survivor	person
survivor	physical-object
suspect	agent
suspect	organism
suspect	person
suspect	physical-object
sweater	artifact
sweater	clothing
sweater	commodity
sweater	physical-object
swing	act
swing	event
switch	act
switch	event
sword	artifact
sword	device
sword	instrument
sword	physical-object
sword	weapon
syllable	part
symbol	information
symbol	signal
symmetry	attribute
sympathetic-concern	attribute
sympathetic-concern	feeling
sympathetic-concern	state
sympathy	attitude
sympathy	cognition
sympathy	inclination
symptom	cognition
symptom	evidence
syndrome	cognition
syndrome	evidence
syndrome	symptom
system	group
table	artifact
table	furniture
table	physical-object
tabular-array	group
tactic	cognition
tactic	idea
tactic	plan
tail	body-part
talk	conversation
talk	information
tan	attribute
tan	condition
tan	state
tangent	function
tangent	mathematical-relation
tangent	trigonometric-function
tank	artifact
tank	container
tank	physical-object
tank	vehicle
tape	artifact
tape	physical-object
tape-recording	artifact
tape-recording	device
tape-recording	physical-object
tape-recording	recording
tapeline	artifact
tapeline	device
tapeline	instrument
tapeline	physical-object
target	information
target	reference-point
target	signal
tariff	possession
tariff	tax
taste	cognition
taste	sense
tau-coefficient-of-correlation	cognition
tau-coefficient-of-correlation	kendall-test
tau-coefficient-of-correlation	nonparametric-statistic
tau-coefficient-of-correlation	statistic
tax	possession
tax-return	document
tax-return	information
tax-return	legal-document
taxpayer	agent
taxpayer	organism
taxpayer	person
taxpayer	physical-object
tea	drink
tea	food
tea	part
tea	substance
teacher	adult
teacher	agent
teacher	organism
teacher	person
teacher	physical-object
teacher	professional
teaching	act
teaching	activity
teaching	event
teaching	occupation
teaching	profession
team	group
team	organization
telephone-line	artifact
telephone-line	physical-object
television	artifact
television	physical-object
television-receiver	artifact
television-receiver	equipment
television-receiver	physical-object
temper	attribute
temper	feeling
temper	state
temple	artifact
temple	building
temple	physical-object
temple	structure
temple-of-head	body-part
temple-of-head	facial-feature
tenant	agent
tenant	organism
tenant	person
tenant	physical-object
tendency	physical-object
tendency	place
tendency	route
tending	act
tending	activity
tending	event
tending	work
tennis	act
tennis	activity
tennis	event
tennis	game
tennis	sport
tension	attribute
tension	condition
tension	state
tensity	attribute
tensity	condition
tensity	state
tent	artifact
tent	physical-object
tent	structure
term	part
term	word
terminal	artifact
terminal	equipment
terminal	physical-object
terminology	part
terminology	word
territory	physical-object
territory	place
territory	region
terrorist	agent
terrorist	organism
terrorist	person
terrorist	physical-object
terrorist	radical
tetrachoric-correlation-coefficient	cognition
tetrachoric-correlation-coefficient	correlation-coefficient
tetrachoric-correlation-coefficient	parametric-statistic
tetrachoric-correlation-coefficient	statistic
text	information
text-passage	information
text-passage	music
textbook	artifact
textbook	book
textbook	physical-object
textbook	publication
texture	attribute
thanks	information
theatrical-role	act
theatrical-role	activity
theatrical-role	cognition
theatrical-role	event
theatrical-role	field-of-study
theatrical-role	humanities
theme	cognition
theme	idea
theology	cognition
theology	field-of-study
theorem	information
theorem	proposition
theoretical-account	cognition
theoretical-account	concept
theoretical-account	hypothesis
theoretical-account	idea
theorist	agent
theorist	organism
theorist	person
theorist	physical-object
therapist	agent
therapist	expert
therapist	organism
therapist	person
therapist	physical-object
therapy	act
therapy	activity
therapy	event
therapy	tending
therapy	work
thigh	body-part
thigh	limb
thinker	agent
thinker	organism
thinker	person
thinker	physical-object
thinking	cognition
thorax	body-part
thread	artifact
thread	physical-object
threshold-function	function
threshold-function	mathematical-relation
thriftlessness	attribute
thriftlessness	trait
throat	body-part
throne	artifact
throne	chair
throne	furniture
throne	physical-object
throne	seat
thumb	body-part
thumb	finger
thunderbolt	event
thunderbolt	natural-event
thunderbolt	phenomenon
thunderbolt	process
ticket	document
ticket	information
tide	event
tier	attribute
tier	rank
tier	state
tier	status
tiger	animal
tiger	mammal
tiger	organism
tiger	physical-object
tiger	vertebrate
tile	artifact
tile	physical-object
tile	slab
time-of-day	clock-time
time-of-day	cognition
time-series	cognition
time-series	statistic
timetable	information
timetable	list
timetable	schedule
tin	chemical-element
tin	metal
tin	part
tin	substance
tip	guidance
tip	information
tip-end	physical-object
tip-end	place
tire	artifact
tire	hoop
tire	physical-object
tissue	body-part
tissue-growth	attribute
tissue-growth	condition
tissue-growth	illness
tissue-growth	state
tissue-paper	material
tissue-paper	paper
tissue-paper	part
tissue-paper	substance
title	cognition
title	concept
title	idea
title-of-respect	name
title-of-respect	part
toast	bread
toast	food
toast	substance
toe	body-part
token	information
token	signal
token	symbol
toll	fee
toll	outgo
toll	possession
tomato	produce
tomato	substance
tomato	vegetable
tonality	information
tone	information
tone	manner-of-speaking
tongue	body-part
tongue	organ
tool	artifact
tool	physical-object
tooth	body-part
tooth	bone
tooth	tissue
top	artifact
top	clothing
top	commodity
top	physical-object
top-side	physical-object
top-side	place
top-side	side
top-side	surface
topic	information
topographic-point	physical-object
topographic-point	place
topology	cognition
topology	field-of-study
topology	mathematics
topology	science
torch	artifact
torch	device
torch	light
torch	physical-object
torso	body-part
torture	act
torture	activity
torture	event
torture	maltreatment
torture	practice
total-darkness	attribute
total-darkness	dark
total-darkness	state
touch	cognition
touch	perception
tourism	act
tourism	commerce
tourism	commercial-enterprise
tourism	event
tourism	transaction
tourist	agent
tourist	organism
tourist	person
tourist	physical-object
tournament	contest
tournament	event
towel	artifact
towel	fabric
towel	physical-object
towel	piece
tower	artifact
tower	physical-object
tower	structure
town	district
town	physical-object
town	place
town	region
toy-marble	artifact
toy-marble	ball
toy-marble	equipment
toy-marble	physical-object
trace	indication
trace	information
track	physical-object
track	place
track	route
tracking-chart	data-chart
tracking-chart	information
tract	information
traction	natural-event
traction	phenomenon
traction	process
trade	act
trade	activity
trade	event
trade	occupation
trader	agent
trader	merchant
trader	organism
trader	person
trader	physical-object
traffic	act
traffic	commerce
traffic	event
traffic	transaction
traffic-ticket	document
traffic-ticket	information
traffic-ticket	legal-document
tragedy	information
trail	cognition
trail	evidence
train	artifact
train	physical-object
train-ticket	document
train-ticket	information
train-ticket	ticket
trainer	agent
trainer	leader
trainer	organism
trainer	person
trainer	physical-object
training	act
training	activity
training	event
training-workshop	act
training-workshop	activity
training-workshop	course-of-instruction
training-workshop	education
training-workshop	event
trait	attribute
transaction	act
transaction	event
transaction-record	information
transformation	function
transformation	mathematical-relation
transitivity	mathematical-relation
translation	function
translation	mathematical-relation
translation	transformation
transmission	artifact
transmission	device
transmission	gear
transmission	mechanism
transmission	physical-object
transport	act
transport	event
transportation	act
transportation	commerce
transportation	commercial-enterprise
transportation	event
transportation	transaction
transposition	act
transposition	activity
transposition	event
transposition	procedure
trap	artifact
trap	device
trap	physical-object
trapezium	attribute
trapezium	polygon
trapezium	quadrilateral
trapezium	shape
trapezoid	attribute
trapezoid	polygon
trapezoid	quadrilateral
trapezoid	shape
tray	artifact
tray	container
tray	physical-object
treasure	collection
treasure	group
treasurer	agent
treasurer	organism
treasurer	person
treasurer	physical-object
treat	event
treatment	act
treatment	event
treatment	management
treaty	document
treaty	information
treaty	legal-document
tree	organism
tree	physical-object
tree	plant
trench	artifact
trench	physical-object
trial	cognition
trial	thinking
triangle	attribute
triangle	polygon
triangle	shape
tribulation	event
tribulation	trouble
tribunal	group
tribute	information
trick	act
trick	event
trigonometric-function	function
trigonometric-function	mathematical-relation
trigonometry	cognition
trigonometry	field-of-study
trigonometry	mathematics
trigonometry	science
troop	group
troop	military-unit
troop	organization
trophy	information
trophy	signal
trophy	symbol
trouble	event
troupe	group
troupe	organization
trouser	artifact
trouser	clothing
trouser	commodity
trouser	physical-object
truck	artifact
truck	container
truck	physical-object
truck	vehicle
truncation-error	act
truncation-error	event
truncation-error	mistake
trust	association
trust	group
trust	organization
trust-relationship	attribute
trust-relationship	friendship
trust-relationship	state
trustee	agent
trustee	organism
trustee	person
trustee	physical-object
truth	information
tub	artifact
tub	container
tub	physical-object
tub	vessel
tube	body-part
tumor	attribute
tumor	condition
tumor	illness
tumor	state
tumor	tissue-growth
tune	information
tune	music
tunnel	artifact
tunnel	physical-object
turkey	animal
turkey	bird
turkey	organism
turkey	physical-object
turkey	vertebrate
twilight	clock-time
twilight	cognition
twilight	time-of-day
twin	agent
twin	organism
twin	person
twin	physical-object
twin	relative
twist	event
ulcer	attribute
ulcer	condition
ulcer	state
umbrella	artifact
umbrella	physical-object
uncertainty	attribute
uncle	agent
uncle	organism
uncle	person
uncle	physical-object
uncle	relative
undecagon	attribute
undecagon	polygon
undecagon	shape
underside	physical-object
underside	place
underside	side
underside	surface
undertaking	act
undertaking	activity
undertaking	event
undertaking	work
unemployment	attribute
unemployment	state
uniform	artifact
uniform	clothing
uniform	commodity
uniform	physical-object
union	group
union	organization
unit	cognition
unit	concept
unit	idea
unity	attribute
unity	state
universal-set	mathematical-set
universe	natural-object
universe	physical-object
university	group
university	institution
university	organization
unrest	attribute
unrest	feeling
unrest	state
unsuccessful-person	agent
unsuccessful-person	organism
unsuccessful-person	person
unsuccessful-person	physical-object
upgrade	grade
upper-bound	attribute
upper-bound	shape
urge	attribute
urge	desire
urge	feeling
urge	state
urgency	attribute
urgency	condition
urgency	state
urine	material
urine	part
urine	substance
urine	waste
use	act
use	activity
use	event
use	practice
user	agent
user	organism
user	person
user	physical-object
vacation	time-period
vacuum	artifact
vacuum	commodity
vacuum	physical-object
valley	natural-depression
valley	physical-object
value	cognition
value	concept
value	idea
value	quantity
van	artifact
van	container
van	physical-object
van	truck
van	vehicle
variable	cognition
variable	concept
variable	idea
variable	quantity
variance	cognition
variance	moment
variance	statistic
variant	group
variation	change
variation	event
vector	cognition
vector	concept
vector	idea
vector	quantity
vector	variable
vector-algebra	algebra
vector-algebra	cognition
vector-algebra	field-of-study
vector-algebra	mathematics
vector-algebra	science
vegetable	produce
vegetable	substance
vegetable-oil	chemical
vegetable-oil	compound
vegetable-oil	fat
vegetable-oil	material
vegetable-oil	molecule
vegetable-oil	part
vegetable-oil	substance
vegetarian	agent
vegetarian	consumer
vegetarian	organism
vegetarian	person
vegetarian	physical-object
vegetarian	user
vegetation	collection
vegetation	group
vegetation-growth	collection
vegetation-growth	group
vegetation-growth	vegetation
vehicle	artifact
vehicle	physical-object
vein	body-part
vein	tube
velvet	artifact
velvet	fabric
velvet	physical-object
venture	act
venture	commerce
venture	commercial-enterprise
venture	event
venture	transaction
venue	physical-object
venue	place
venue	region
verbal-attack	criticism
verbal-attack	information
verdict	act
verdict	event
verdict	judgement
version	category
version	cognition
version	concept
version	idea
version-of-events	explanation
version-of-events	information
vertebrate	animal
vertebrate	organism
vertebrate	physical-object
vertex	physical-object
vertex	place
vessel	artifact
vessel	container
vessel	physical-object
veteran	agent
veteran	organism
veteran	person
veteran	physical-object
veteran	worker
victim	agent
victim	organism
victim	person
victim	physical-object
victory	ending
victory	event
victory	success
video	artifact
video	device
video	physical-object
video	recording
view	cognition
villa	artifact
villa	building
villa	dwelling
villa	house
villa	housing
villa	physical-object
villa	structure
village	community
village	group
villager	agent
villager	inhabitant
villager	organism
villager	person
villager	physical-object
violation	act
violation	activity
violation	event
violence	act
violence	aggression
violence	event
virgin	agent
virgin	organism
virgin	person
virgin	physical-object
virtue	attribute
virtue	good
virus	agent
virus	microorganism
virus	organism
virus	physical-object
vision	cognition
vision	imagination
visit	act
visit	coming-together
visit	event
visitor	agent
visitor	organism
visitor	person
visitor	physical-object
vital-statistics	cognition
vital-statistics	statistic
vitamin	food
vitamin	substance
voice	ability
voice	attribute
void	attribute
void	empty-space
void	physical-object
void	place
void	shape
volcano	mountain
volcano	physical-object
volition	cognition
volunteer	agent
volunteer	organism
volunteer	person
volunteer	physical-object
volunteer	worker
vote	act
vote	event
voter	agent
voter	citizen
voter	organism
voter	person
voter	physical-object
voyage	act
voyage	event
voyage	journey
wage	outgo
wage	possession
wagon	artifact
wagon	container
wagon	physical-object
wagon	vehicle
waist	body-part
waiter	agent
waiter	employee
waiter	organism
waiter	person
waiter	physical-object
waiter	worker
wake	act
wake	activity
wake	event
wall	artifact
wall	physical-object
wall	structure
wall-socket	component
wall-socket	physical-object
wallop	consequence
wallop	phenomenon
wallop	process
war	act
war	event
ward	artifact
ward	housing
ward	physical-object
ward	structure
wardrobe	collection
wardrobe	group
warrant	document
warrant	information
warrant	legal-document
warrior	agent
warrior	organism
warrior	person
warrior	physical-object
washbasin	artifact
washbasin	fixture
washbasin	physical-object
washbasin	sink
waste	material
waste	part
waste	substance
watch	artifact
watch	device
watch	instrument
watch	physical-object
water	chemical
water	compound
water	fluid
water	liquid
water	material
water	part
water	substance
water-channel	body-of-water
water-faucet	artifact
water-faucet	device
water-faucet	fixture
water-faucet	mechanism
water-faucet	physical-object
watercraft	artifact
watercraft	physical-object
watercraft	vehicle
waterfall	body-of-water
wave	event
wave-equation	differential-equation
wave-equation	equation
wave-equation	information
wave-equation	mathematical-statement
way	act
way	course
way	event
weakness	attribute
wealth	possession
weapon	artifact
weapon	device
weapon	instrument
weapon	physical-object
weather	natural-event
weather	phenomenon
weather	process
weather-front	natural-event
weather-front	phenomenon
weather-front	process
web	group
web	system
web-page	data-file
web-page	indication
web-page	information
web-site	artifact
web-site	computer
web-site	device
web-site	machine
web-site	physical-object
wedding	ceremony
wedding	event
wedding	social-occasion
wedge	attribute
wedge	polygon
wedge	shape
wedge	triangle
weed	organism
weed	physical-object
weed	plant
week	time-period
weekend	time-period
weighing-machine	artifact
weighing-machine	device
weighing-machine	instrument
weighing-machine	physical-object
welcome	greeting
welcome	information
well	artifact
well	physical-object
wellbeing	attribute
wellbeing	destiny
wellbeing	state
whale	animal
whale	mammal
whale	organism
whale	physical-object
whale	vertebrate
wheat	grass
wheat	organism
wheat	physical-object
wheat	plant
wheel	artifact
wheel	device
wheel	mechanism
wheel	physical-object
whip	artifact
whip	device
whip	instrument
whip	physical-object
whirligig	artifact
whirligig	physical-object
whirligig	plaything
whiskey	agent
whiskey	alcohol
whiskey	drink
whiskey	drug
whiskey	food
whiskey	part
whiskey	substance
widow	adult
widow	agent
widow	organism
widow	person
widow	physical-object
widow	woman
width	attribute
width	magnitude
width	spatial-extent
wife	adult
wife	agent
wife	organism
wife	person
wife	physical-object
wife	relative
wife	spouse
wife	woman
wilderness	physical-object
wilderness	place
wilderness	region
wildlife	physical-object
will	document
will	information
will	legal-document
wimp	agent
wimp	organism
wimp	person
wimp	physical-object
wind	natural-event
wind	phenomenon
wind	process
wind	weather
window	artifact
window	physical-object
wine	agent
wine	alcohol
wine	drink
wine	drug
wine	food
wine	part
wine	substance
wing	body-part
wing	organ
winner	agent
winner	organism
winner	person
winner	physical-object
winnings	possession
winter	season
winter	time-period
wire	artifact
wire	physical-object
wiretap	act
wiretap	activity
wiretap	event
wiretap	work
wisecrack	information
wisecrack	remark
withdrawal	act
withdrawal	event
witness	agent
witness	organism
witness	person
witness	physical-object
wolf	animal
wolf	mammal
wolf	organism
wolf	physical-object
wolf	vertebrate
woman	adult
woman	agent
woman	organism
woman	person
woman	physical-object
wonder	event
wood	material
wood	part
wood	substance
wool	artifact
wool	fabric
wool	physical-object
word	part
wording	information
work	act
work	activity
work	event
workbench	artifact
workbench	furniture
workbench	physical-object
worker	agent
worker	organism
worker	person
worker	physical-object
workplace	physical-object
workplace	place
works	artifact
works	physical-object
works	structure
workshop	physical-object
workshop	place
workshop	workplace
world-power	country
world-power	group
world-power	organization
worm	animal
worm	invertebrate
worm	organism
worm	physical-object
worry	attribute
worry	emotion
worry	feeling
worry	state
worth	attribute
wound	attribute
wound	condition
wound	injury
wound	state
wreck	attribute
wreck	condition
wreck	state
wrinkle	attribute
wrinkle	shape
wrist	articulation
wrist	body-part
writer	agent
writer	organism
writer	person
writer	physical-object
wrongdoer	agent
wrongdoer	organism
wrongdoer	person
wrongdoer	physical-object
yacht	artifact
yacht	physical-object
yacht	vehicle
yacht	watercraft
yard	field
yard	physical-object
yard	place
yard	region
year	time-period
young	animal
young	organism
young	physical-object
young-people	group
young-people	people
youth	time-period
zone	physical-object
zone	place
zone	topographic-point
