kind	sub	sup	detail
disputed	carcinoma	epithelioma	for wikidata; reversed by wordnet
disputed	epithelioma	carcinoma	for wordnet; reversed by wikidata
single	abdominoplasty	accomplishment	only sumo
single	abdominoplasty	therapy	only sumo
single	abdominoplasty	volition	only sumo
single	ablation	accomplishment	only sumo
single	ablation	therapy	only sumo
single	ablation	volition	only sumo
single	abortionist	adult	only wordnet
single	abortionist	agent	only wordnet
single	abortionist	medical-practitioner	only wordnet
single	abortionist	organism	only wordnet
single	abortionist	physical-object	only wordnet
single	abortionist	professional	only wordnet
single	abrasion	attribute	only wordnet
single	abrasion	condition	only wordnet
single	abrasion	event	only sumo
single	abrasion	state	only wordnet
single	abrasion	structure	only opencyc
single	abscess	cognition	only wordnet
single	abscess	event	only opencyc
single	abscess	evidence	only wordnet
single	abscess	illness	only opencyc
single	abscess	physical-object	only sumo
single	abscess	situation	only opencyc
single	achromia	property	only sumo
single	acknowledgment	quack	only sumo
single	acting-out	accomplishment	only sumo
single	acting-out	activity	only sumo
single	acting-out	event	only sumo
single	acting-out	procedure	only sumo
single	acting-out	volition	only sumo
single	actinomycin	agent	only wordnet
single	actinomycin	drug	only wordnet
single	actinomycin	material	only sumo
single	actinomycin	medication	only wordnet
single	acute-leukemia	cancer	only wordnet
single	acute-leukemia	condition	only wordnet
single	acute-leukemia	disease	only wordnet
single	acute-leukemia	illness	only wordnet
single	acute-leukemia	malignancy	only wordnet
single	acute-leukemia	property	only sumo
single	acute-leukemia	state	only wordnet
single	acute-leukemia	symptomatic-effect	only sumo
single	acute-leukemia	tissue-growth	only wordnet
single	acute-leukemia	tumor	only wordnet
single	acute-lymphocytic-leukemia	cancer	only wordnet
single	acute-lymphocytic-leukemia	condition	only wordnet
single	acute-lymphocytic-leukemia	disease	only wordnet
single	acute-lymphocytic-leukemia	illness	only wordnet
single	acute-lymphocytic-leukemia	leukemia	only wordnet
single	acute-lymphocytic-leukemia	malignancy	only wordnet
single	acute-lymphocytic-leukemia	property	only sumo
single	acute-lymphocytic-leukemia	state	only wordnet
single	acute-lymphocytic-leukemia	symptomatic-effect	only sumo
single	acute-lymphocytic-leukemia	tissue-growth	only wordnet
single	acute-lymphocytic-leukemia	tumor	only wordnet
single	acute-myelocytic-leukemia	cancer	only wordnet
single	acute-myelocytic-leukemia	condition	only wordnet
single	acute-myelocytic-leukemia	disease	only wordnet
single	acute-myelocytic-leukemia	illness	only wordnet
single	acute-myelocytic-leukemia	leukemia	only wordnet
single	acute-myelocytic-leukemia	malignancy	only wordnet
single	acute-myelocytic-leukemia	property	only sumo
single	acute-myelocytic-leukemia	state	only wordnet
single	acute-myelocytic-leukemia	symptomatic-effect	only sumo
single	acute-myelocytic-leukemia	tissue-growth	only wordnet
single	acute-myelocytic-leukemia	tumor	only wordnet
single	acute-schizophrenic-episode	condition	only wordnet
single	acute-schizophrenic-episode	inclination	only sumo
single	acute-schizophrenic-episode	mentality	only sumo
single	acute-schizophrenic-episode	property	only sumo
single	acute-schizophrenic-episode	psychosis	only wordnet
single	acute-schizophrenic-episode	state	only wordnet
single	acute-schizophrenic-episode	symptomatic-effect	only sumo
single	acute-schizophrenic-episode	trait	only sumo
single	acyclovir	agent	only wordnet
single	acyclovir	drug	only wordnet
single	acyclovir	material	only sumo
single	acyclovir	medicine	only opencyc
single	addiction	symptomatic-effect	only sumo
single	adenocarcinoma	cancer	only wordnet
single	adenocarcinoma	condition	only wordnet
single	adenocarcinoma	disease	only wordnet
single	adenocarcinoma	epithelioma	only wikidata
single	adenocarcinoma	illness	only wordnet
single	adenocarcinoma	malignancy	only wordnet
single	adenocarcinoma	property	only sumo
single	adenocarcinoma	state	only wordnet
single	adenocarcinoma	symptomatic-effect	only sumo
single	adenocarcinoma	tissue-growth	only wordnet
single	adenocarcinoma	tumor	only wordnet
single	adenoidectomy	act	only wordnet
single	adenoidectomy	activity	only wordnet
single	adenoidectomy	operation	only wordnet
single	adenoidectomy	procedure	only wordnet
single	adenoidectomy	visit	only sumo
single	adrenalectomy	act	only wordnet
single	adrenalectomy	activity	only wordnet
single	adrenalectomy	procedure	only wordnet
single	adrenalectomy	therapy	only wikidata
single	adrenalectomy	visit	only sumo
single	advantage	quack	only sumo
single	adventure	quack	only sumo
single	adversity	quack	only sumo
single	aeromedicine	cognition	only wordnet
single	aeromedicine	medical-specialty	only wordnet
single	aeromedicine	medicine	only wordnet
single	aeromedicine	natural-science	only wordnet
single	aeromedicine	science	only wordnet
single	affinity	quack	only sumo
single	ague	cognition	only wordnet
single	ague	event	only sumo
single	ague	evidence	only wordnet
single	aids	hiv-infection	only opencyc
single	aids	viral-infection	only opencyc
single	albuminuria	attribute	only sumo
single	albuminuria	cognition	only wordnet
single	albuminuria	evidence	only wordnet
single	albuminuria	property	only sumo
single	albuminuria	symptomatic-effect	only sumo
single	alcoholic-dementia	condition	only wordnet
single	alcoholic-dementia	inclination	only sumo
single	alcoholic-dementia	insanity	only wordnet
single	alcoholic-dementia	mentality	only sumo
single	alcoholic-dementia	property	only sumo
single	alcoholic-dementia	state	only wordnet
single	alcoholic-dementia	symptomatic-effect	only sumo
single	alcoholic-dementia	trait	only sumo
single	alendronate	agent	only wordnet
single	alendronate	drug	only wordnet
single	alendronate	material	only sumo
single	alienism	amateur	only sumo
single	alienism	ambiance	only sumo
single	alienism	attribute	only sumo
single	alienism	circumstance	only sumo
single	alienism	civilisation	only sumo
single	alienism	cognition	only wordnet
single	alienism	crowd	only sumo
single	alienism	custom	only sumo
single	alienism	danger	only sumo
single	alienism	expert	only sumo
single	alienism	field-of-study	only wordnet
single	alienism	freedom	only sumo
single	alienism	lap	only sumo
single	alienism	literary-works	only sumo
single	alienism	medical-specialty	only wordnet
single	alienism	medicine	only wordnet
single	alienism	natural-science	only wordnet
single	alienism	normal	only sumo
single	alienism	practice	only sumo
single	alienism	property	only sumo
single	alienism	quack	only sumo
single	alienism	science	only wordnet
single	alienism	society	only sumo
single	alienism	status	only sumo
single	alienism	tension	only sumo
single	alienism	way	only sumo
single	alienist	adult	only wordnet
single	alienist	agent	only wordnet
single	alienist	attribute	only sumo
single	alienist	doctor	only wordnet
single	alienist	medical-practitioner	only wordnet
single	alienist	medical-specialist	only wordnet
single	alienist	organism	only wordnet
single	alienist	person	only wordnet
single	alienist	physical-object	only wordnet
single	alienist	professional	only wordnet
single	alienist	property	only sumo
single	alkalinuria	attribute	only sumo
single	alkalinuria	cognition	only wordnet
single	alkalinuria	evidence	only wordnet
single	alkalinuria	property	only sumo
single	alkalinuria	symptomatic-effect	only sumo
single	allergist	agent	only wordnet
single	allergist	attribute	only sumo
single	allergist	human	only opencyc
single	allergist	mammal	only opencyc
single	allergist	medical-practitioner	only wordnet
single	allergist	organism	only wordnet
single	allergist	person	only wordnet
single	allergist	physical-object	only wordnet
single	allergist	property	only sumo
single	allergist	research-worker	only wikidata
single	allergist	structure	only opencyc
single	allergist	vertebrate	only opencyc
single	allergist	worker	only opencyc
single	allergology	cognition	only wordnet
single	allergology	medicine	only wordnet
single	allergology	natural-science	only wordnet
single	allergology	science	only wordnet
single	allopurinol	agent	only wordnet
single	allopurinol	drug	only wordnet
single	allopurinol	material	only sumo
single	alveolar-rhabdomyosarcoma	cancer	only wordnet
single	alveolar-rhabdomyosarcoma	condition	only wordnet
single	alveolar-rhabdomyosarcoma	disease	only wordnet
single	alveolar-rhabdomyosarcoma	illness	only wordnet
single	alveolar-rhabdomyosarcoma	malignancy	only wordnet
single	alveolar-rhabdomyosarcoma	property	only sumo
single	alveolar-rhabdomyosarcoma	sarcoma	only wordnet
single	alveolar-rhabdomyosarcoma	state	only wordnet
single	alveolar-rhabdomyosarcoma	symptomatic-effect	only sumo
single	alveolar-rhabdomyosarcoma	tissue-growth	only wordnet
single	alveolar-rhabdomyosarcoma	tumor	only wordnet
single	alzheimer's-disease	condition	only wordnet
single	alzheimer's-disease	dementia	only wordnet
single	alzheimer's-disease	inclination	only sumo
single	alzheimer's-disease	insanity	only wordnet
single	alzheimer's-disease	mentality	only sumo
single	alzheimer's-disease	property	only sumo
single	alzheimer's-disease	state	only wordnet
single	alzheimer's-disease	symptomatic-effect	only sumo
single	alzheimer's-disease	trait	only sumo
single	amastia	property	only sumo
single	amastia	state	only wordnet
single	amastia	symptomatic-effect	only sumo
single	amebiasis	condition	only wordnet
single	amebiasis	property	only sumo
single	amebiasis	state	only wordnet
single	amebiasis	symptomatic-effect	only sumo
single	amebic-dysentery	condition	only wordnet
single	amebic-dysentery	disease	only wordnet
single	amebic-dysentery	illness	only wordnet
single	amebic-dysentery	property	only sumo
single	amebic-dysentery	protozoal-infection	only wordnet
single	amebic-dysentery	state	only wordnet
single	amebic-dysentery	symptomatic-effect	only sumo
single	amenorrhea	cognition	only wordnet
single	amenorrhea	event	only sumo
single	amenorrhea	evidence	only wordnet
single	aminoaciduria	attribute	only sumo
single	aminoaciduria	cognition	only wordnet
single	aminoaciduria	evidence	only wordnet
single	aminoaciduria	property	only sumo
single	aminoaciduria	symptomatic-effect	only sumo
single	ammoniuria	attribute	only sumo
single	ammoniuria	cognition	only wordnet
single	ammoniuria	evidence	only wordnet
single	ammoniuria	property	only sumo
single	ammoniuria	symptomatic-effect	only sumo
single	amoxicillin	agent	only wordnet
single	amoxicillin	antibacterial	only wordnet
single	amoxicillin	drug	only wordnet
single	amoxicillin	medication	only wordnet
single	amoxicillin	medicine	only opencyc
single	amoxicillin	prescription-drug	only opencyc
single	amoxicillin	substance	only wordnet
single	amphotericin	agent	only wordnet
single	amphotericin	drug	only wordnet
single	amphotericin	material	only sumo
single	ampicillin	agent	only wordnet
single	ampicillin	antibacterial	only wordnet
single	ampicillin	drug	only wordnet
single	ampicillin	medication	only wordnet
single	ampicillin	medicine	only opencyc
single	ampicillin	prescription-drug	only opencyc
single	ampicillin	substance	only wordnet
single	amputation	act	only wordnet
single	amputation	activity	only wordnet
single	amputation	procedure	only wordnet
single	amputation	visit	only sumo
single	amputator	adult	only wordnet
single	amputator	agent	only wordnet
single	amputator	doctor	only wordnet
single	amputator	medical-practitioner	only wordnet
single	amputator	organism	only wordnet
single	amputator	person	only wordnet
single	amputator	physical-object	only wordnet
single	amputator	professional	only wordnet
single	amrinone	agent	only wordnet
single	amrinone	drug	only wordnet
single	amrinone	material	only sumo
single	amygdalotomy	accomplishment	only sumo
single	amygdalotomy	brain-surgery	only wordnet
single	amygdalotomy	therapy	only sumo
single	amygdalotomy	volition	only sumo
single	amyloid	chemical	only wordnet
single	amyloid	compound	only wordnet
single	analgesic	agent	only wordnet
single	analgesic	artifact	only opencyc
single	analgesic	material	only sumo
single	analgesic	medicine	only opencyc
single	analogue	quack	only sumo
single	analyst	medical-practitioner	only wordnet
single	analyst	medical-specialist	only wordnet
single	anatomical-landmark	physical-object	only sumo
single	anemia	event	only opencyc
single	anemia	illness	only opencyc
single	anemia	property	only sumo
single	anemia	situation	only opencyc
single	anemia	state	only wordnet
single	anemia	symptomatic-effect	only sumo
single	anesthesiologist	adult	only wordnet
single	anesthesiologist	agent	only wordnet
single	anesthesiologist	attribute	only sumo
single	anesthesiologist	medical-practitioner	only wordnet
single	anesthesiologist	organism	only wordnet
single	anesthesiologist	person	only wordnet
single	anesthesiologist	physical-object	only wordnet
single	anesthesiologist	professional	only wordnet
single	anesthesiologist	property	only sumo
single	anesthesiology	cognition	only wordnet
single	anesthesiology	medicine	only wordnet
single	anesthesiology	natural-science	only wordnet
single	anesthesiology	science	only wordnet
single	angiogenesis-inhibitor	agent	only wordnet
single	angiogenesis-inhibitor	material	only sumo
single	angiologist	adult	only wordnet
single	angiologist	agent	only wordnet
single	angiologist	attribute	only sumo
single	angiologist	medical-practitioner	only wordnet
single	angiologist	organism	only wordnet
single	angiologist	person	only wordnet
single	angiologist	physical-object	only wordnet
single	angiologist	professional	only wordnet
single	angiologist	property	only sumo
single	angiology	cognition	only wordnet
single	angiology	medicine	only wordnet
single	angiology	natural-science	only wordnet
single	angiology	science	only wordnet
single	angioplasty	accomplishment	only sumo
single	angioplasty	therapy	only sumo
single	angioplasty	volition	only sumo
single	animal-disease	condition	only wordnet
single	animal-disease	property	only sumo
single	animal-disease	state	only wordnet
single	animal-disease	symptomatic-effect	only sumo
single	anorexia-nervosa	property	only sumo
single	anorexia-nervosa	state	only wordnet
single	anorexia-nervosa	symptomatic-effect	only sumo
single	anthrax	condition	only wordnet
single	anthrax	property	only sumo
single	anthrax	state	only wordnet
single	anthrax	symptomatic-effect	only sumo
single	anti-inflammatory	agent	only wordnet
single	anti-inflammatory	drug	only wordnet
single	anti-inflammatory	material	only sumo
single	anti-inflammatory	medicine	only opencyc
single	antiarrhythmic	agent	only wordnet
single	antiarrhythmic	material	only sumo
single	antiarrhythmic	medicine	only opencyc
single	antibacterial	agent	only wordnet
single	antibacterial	drug	only wordnet
single	antibacterial	material	only sumo
single	antibody-affinity	event	only sumo
single	antibody-affinity	process	only wordnet
single	anticholinergic	agent	only wordnet
single	anticholinergic	material	only sumo
single	anticholinesterase	agent	only wordnet
single	anticholinesterase	drug	only wordnet
single	anticholinesterase	material	only sumo
single	anticoagulant	agent	only wordnet
single	anticoagulant	material	only sumo
single	anticonvulsant	agent	only wordnet
single	anticonvulsant	material	only sumo
single	antidepressant	agent	only wordnet
single	antidepressant	substance	only wordnet
single	antidiabetic	agent	only wordnet
single	antidiabetic	drug	only wordnet
single	antidiabetic	material	only sumo
single	antidiarrheal	agent	only wordnet
single	antidiarrheal	drug	only wordnet
single	antidiarrheal	material	only sumo
single	antidiuretic	agent	only wordnet
single	antidiuretic	drug	only wordnet
single	antidiuretic	material	only sumo
single	antiemetic	agent	only wordnet
single	antiemetic	material	only sumo
single	antiemetic	medicine	only opencyc
single	antigen	material	only sumo
single	antigenic-determinant	indication	only sumo
single	antigenic-determinant	information	only sumo
single	antihistamine	agent	only wordnet
single	antihistamine	drug	only wordnet
single	antihistamine	material	only sumo
single	antihistamine	medicine	only opencyc
single	antihypertensive	agent	only wordnet
single	antihypertensive	drug	only wordnet
single	antihypertensive	material	only sumo
single	antimycin	agent	only wordnet
single	antimycin	drug	only wordnet
single	antimycin	material	only sumo
single	antineoplastic-antibiotic	agent	only wordnet
single	antineoplastic-antibiotic	drug	only wordnet
single	antineoplastic-antibiotic	material	only sumo
single	antineoplastic-antibiotic	medication	only wordnet
single	antiprotozoal	agent	only wordnet
single	antiprotozoal	drug	only wordnet
single	antiprotozoal	material	only sumo
single	antipyresis	accomplishment	only sumo
single	antipyresis	procedure	only sumo
single	antipyresis	tending	only wordnet
single	antipyresis	volition	only sumo
single	antipyresis	work	only wordnet
single	antipyretic	agent	only wordnet
single	antipyretic	analgesic	only opencyc
single	antipyretic	artifact	only opencyc
single	antipyretic	drug	only wordnet
single	antipyretic	material	only sumo
single	antipyretic	medicine	only opencyc
single	antiseptic	agent	only wordnet
single	antiseptic	drug	only wordnet
single	antiseptic	material	only sumo
single	antiseptic	medicine	only opencyc
single	antispasmodic	agent	only wordnet
single	antispasmodic	material	only sumo
single	antitussive	agent	only wordnet
single	antitussive	material	only sumo
single	antiviral	agent	only wordnet
single	antiviral	drug	only wordnet
single	antiviral	material	only sumo
single	apnea	cognition	only wordnet
single	apnea	evidence	only wordnet
single	apnea	illness	only opencyc
single	apnea	situation	only opencyc
single	appeal	quack	only sumo
single	appearance	quack	only sumo
single	appendectomy	act	only wordnet
single	appendectomy	action	only opencyc
single	appendectomy	activity	only wordnet
single	appendectomy	operation	only wordnet
single	appendectomy	procedure	only wordnet
single	appendectomy	situation	only opencyc
single	appendectomy	surgery	only opencyc
single	appendectomy	visit	only sumo
single	appendectomy	work	only opencyc
single	areflexia	cognition	only wordnet
single	areflexia	event	only sumo
single	areflexia	evidence	only wordnet
single	argentine-hemorrhagic-fever	attribute	only wordnet
single	argentine-hemorrhagic-fever	condition	only wordnet
single	argentine-hemorrhagic-fever	state	only wordnet
single	argentine-hemorrhagic-fever	viral-infection	only wordnet
single	aromatherapy	accomplishment	only sumo
single	aromatherapy	action	only opencyc
single	aromatherapy	procedure	only sumo
single	aromatherapy	situation	only opencyc
single	aromatherapy	tending	only wordnet
single	aromatherapy	volition	only sumo
single	aromatherapy	work	only wordnet
single	arthrodesis	accomplishment	only sumo
single	arthrodesis	volition	only sumo
single	arthroplasty	accomplishment	only sumo
single	arthroplasty	therapy	only sumo
single	arthroplasty	volition	only sumo
single	arthroscope	instrument	only wordnet
single	arthroscope	physical-object	only wordnet
single	arthroscopy	accomplishment	only sumo
single	arthroscopy	medical-imaging	only wikidata
single	arthroscopy	therapy	only sumo
single	arthroscopy	volition	only sumo
single	artificial-kidney	instrument	only wordnet
single	artificial-kidney	physical-object	only wordnet
single	aspergillosis	condition	only wordnet
single	aspergillosis	property	only sumo
single	aspergillosis	state	only wordnet
single	aspergillosis	symptomatic-effect	only sumo
single	assertiveness-training	accomplishment	only sumo
single	assertiveness-training	procedure	only sumo
single	assertiveness-training	psychotherapy-treatment	only wordnet
single	assertiveness-training	tending	only wordnet
single	assertiveness-training	volition	only sumo
single	assertiveness-training	work	only wordnet
single	astringent	agent	only wordnet
single	astringent	drug	only wordnet
single	astringent	material	only sumo
single	atomic-cocktail	agent	only wordnet
single	atomic-cocktail	drug	only wordnet
single	atomic-cocktail	material	only sumo
single	atrophy	cognition	only wordnet
single	atrophy	diminution	only sumo
single	atrophy	event	only sumo
single	atrophy	evidence	only wordnet
single	attention-deficit-disorder	attribute	only sumo
single	attention-deficit-disorder	cognition	only wordnet
single	attention-deficit-disorder	evidence	only wordnet
single	attention-deficit-disorder	property	only sumo
single	attention-deficit-disorder	symptom	only wordnet
single	attention-deficit-disorder	symptomatic-effect	only sumo
single	attraction	quack	only sumo
single	audiology	cognition	only wordnet
single	audiology	medical-specialty	only wordnet
single	audiology	medicine	only wordnet
single	audiology	natural-science	only wordnet
single	audiology	science	only wordnet
single	augury	quack	only sumo
single	autism	attribute	only sumo
single	autism	cognition	only wordnet
single	autism	evidence	only wordnet
single	autism	property	only sumo
single	autism	symptom	only wordnet
single	autism	symptomatic-effect	only sumo
single	autoimmune-disease	attribute	only wordnet
single	autoimmune-disease	condition	only wordnet
single	autoimmune-disease	event	only opencyc
single	autoimmune-disease	situation	only opencyc
single	autoimmune-disease	state	only wordnet
single	autoinjector	instrument	only wordnet
single	autoinjector	physical-object	only wordnet
single	autoinjector	syringe	only wordnet
single	autoplasty	accomplishment	only sumo
single	autoplasty	therapy	only sumo
single	autoplasty	volition	only sumo
single	aversion-therapy	accomplishment	only sumo
single	aversion-therapy	procedure	only sumo
single	aversion-therapy	psychotherapy-treatment	only wordnet
single	aversion-therapy	tending	only wordnet
single	aversion-therapy	volition	only sumo
single	aversion-therapy	work	only wordnet
single	azathioprine	agent	only wordnet
single	azathioprine	drug	only wordnet
single	azathioprine	material	only sumo
single	aztreonam	agent	only wordnet
single	aztreonam	drug	only wordnet
single	aztreonam	material	only sumo
single	aztreonam	medication	only wordnet
single	aztreonam	medicine	only opencyc
single	baby-doctor	adult	only wordnet
single	baby-doctor	agent	only wordnet
single	baby-doctor	attribute	only sumo
single	baby-doctor	medical-practitioner	only wordnet
single	baby-doctor	organism	only wordnet
single	baby-doctor	person	only wordnet
single	baby-doctor	physical-object	only wordnet
single	baby-doctor	professional	only wordnet
single	baby-doctor	property	only sumo
single	bacitracin	agent	only wordnet
single	bacitracin	drug	only wordnet
single	bacitracin	medication	only wordnet
single	bacitracin	substance	only wordnet
single	bacteriology	cognition	only wordnet
single	bacteriology	medicine	only wordnet
single	bacteriology	natural-science	only wordnet
single	bacteriology	science	only wordnet
single	ballistocardiograph	physical-object	only wordnet
single	bee-sting	action	only opencyc
single	bee-sting	attribute	only wordnet
single	bee-sting	condition	only wordnet
single	bee-sting	situation	only opencyc
single	bee-sting	state	only wordnet
single	behavior-therapy	accomplishment	only sumo
single	behavior-therapy	procedure	only sumo
single	behavior-therapy	tending	only wordnet
single	behavior-therapy	volition	only sumo
single	behavior-therapy	work	only wordnet
single	benefit	quack	only sumo
single	biomedical-science	cognition	only wordnet
single	biomedical-science	medicine	only wordnet
single	biomedical-science	natural-science	only wordnet
single	biomedical-science	science	only wordnet
single	biomedicine	cognition	only wordnet
single	biomedicine	natural-science	only wordnet
single	biomedicine	science	only wordnet
single	birth-trauma	attribute	only wordnet
single	birth-trauma	condition	only wordnet
single	birth-trauma	event	only sumo
single	birth-trauma	state	only wordnet
single	bite-wound	attribute	only wordnet
single	bite-wound	condition	only wordnet
single	bite-wound	event	only sumo
single	bite-wound	state	only wordnet
single	bite-wound	structure	only opencyc
single	black-eye	attribute	only wordnet
single	black-eye	condition	only wordnet
single	black-eye	event	only sumo
single	black-eye	state	only wordnet
single	blackwater-fever	condition	only wordnet
single	blackwater-fever	illness	only wordnet
single	blackwater-fever	property	only sumo
single	blackwater-fever	state	only wordnet
single	blackwater-fever	symptomatic-effect	only sumo
single	blain	condition	only wordnet
single	blain	property	only sumo
single	blain	state	only wordnet
single	blain	symptomatic-effect	only sumo
single	blast-trauma	attribute	only wordnet
single	blast-trauma	condition	only wordnet
single	blast-trauma	event	only sumo
single	blast-trauma	state	only wordnet
single	bleeding	attribute	only wordnet
single	bleeding	condition	only wordnet
single	bleeding	event	only sumo
single	bleeding	state	only wordnet
single	blister	physical-object	only sumo
single	blister	structure	only opencyc
single	blocker-drug	agent	only wordnet
single	blocker-drug	drug	only wordnet
single	blocker-drug	material	only sumo
single	blood-extravasation	attribute	only wordnet
single	blood-extravasation	condition	only wordnet
single	blood-extravasation	event	only sumo
single	blood-extravasation	injury	only wordnet
single	blood-extravasation	state	only wordnet
single	blood-poisoning	condition	only wordnet
single	blood-poisoning	event	only opencyc
single	blood-poisoning	illness	only opencyc
single	blood-poisoning	property	only sumo
single	blood-poisoning	situation	only opencyc
single	blood-poisoning	state	only wordnet
single	blood-poisoning	symptomatic-effect	only sumo
single	bloodletting	act	only wordnet
single	bloodletting	activity	only wordnet
single	bloodletting	visit	only sumo
single	bloodletting	work	only wordnet
single	blunt-trauma	attribute	only wordnet
single	blunt-trauma	condition	only wordnet
single	blunt-trauma	event	only sumo
single	blunt-trauma	state	only wordnet
single	bonesetter	adult	only wordnet
single	bonesetter	agent	only wordnet
single	bonesetter	attribute	only sumo
single	bonesetter	organism	only wordnet
single	bonesetter	person	only wordnet
single	bonesetter	physical-object	only wordnet
single	bonesetter	property	only sumo
single	boom	quack	only sumo
single	borderline-schizophrenia	condition	only wordnet
single	borderline-schizophrenia	inclination	only sumo
single	borderline-schizophrenia	mentality	only sumo
single	borderline-schizophrenia	property	only sumo
single	borderline-schizophrenia	state	only wordnet
single	borderline-schizophrenia	symptomatic-effect	only sumo
single	borderline-schizophrenia	trait	only sumo
single	brain-damage	condition	only wordnet
single	brain-damage	inclination	only sumo
single	brain-damage	mentality	only sumo
single	brain-damage	property	only sumo
single	brain-damage	state	only wordnet
single	brain-damage	symptomatic-effect	only sumo
single	brain-damage	trait	only sumo
single	brain-surgery	accomplishment	only sumo
single	brain-surgery	therapy	only sumo
single	brain-surgery	volition	only sumo
single	breast-cancer	cancer	only wordnet
single	breast-cancer	condition	only wordnet
single	breast-cancer	disease	only wordnet
single	breast-cancer	illness	only wordnet
single	breast-cancer	malignancy	only wordnet
single	breast-cancer	property	only sumo
single	breast-cancer	state	only wordnet
single	breast-cancer	symptomatic-effect	only sumo
single	breast-cancer	tissue-growth	only wordnet
single	breast-cancer	tumor	only wordnet
single	bronchodilator	agent	only wordnet
single	bronchodilator	material	only sumo
single	bronchodilator	medicine	only opencyc
single	bronchoscope	physical-object	only wordnet
single	bruise	attribute	only wordnet
single	bruise	condition	only wordnet
single	bruise	event	only sumo
single	bruise	state	only wordnet
single	bruise	structure	only opencyc
single	bubo	body-part	only wordnet
single	bubo	cognition	only wordnet
single	bubo	evidence	only wordnet
single	bubo	physical-object	only sumo
single	bump-swelling	attribute	only wordnet
single	bump-swelling	condition	only wordnet
single	bump-swelling	event	only sumo
single	bump-swelling	state	only wordnet
single	calamity	quack	only sumo
single	calcium-blocker	agent	only wordnet
single	calcium-blocker	drug	only wordnet
single	calcium-blocker	material	only sumo
single	callosotomy	accomplishment	only sumo
single	callosotomy	brain-surgery	only wordnet
single	callosotomy	therapy	only sumo
single	callosotomy	volition	only sumo
single	cancroid	cancer	only wordnet
single	cancroid	carcinoma	only wordnet
single	cancroid	condition	only wordnet
single	cancroid	disease	only wordnet
single	cancroid	illness	only wordnet
single	cancroid	malignancy	only wordnet
single	cancroid	property	only sumo
single	cancroid	state	only wordnet
single	cancroid	symptomatic-effect	only sumo
single	cancroid	tissue-growth	only wordnet
single	cancroid	tumor	only wordnet
single	carbomycin	agent	only wordnet
single	carbomycin	drug	only wordnet
single	carbomycin	material	only sumo
single	carbomycin	medication	only wordnet
single	carbuncle	condition	only wordnet
single	carbuncle	property	only sumo
single	carbuncle	state	only wordnet
single	carbuncle	symptomatic-effect	only sumo
single	carcinoma	condition	only wordnet
single	carcinoma	disease	only wordnet
single	carcinoma	illness	only wordnet
single	carcinoma	malignancy	only wordnet
single	carcinoma	property	only sumo
single	carcinoma	state	only wordnet
single	carcinoma	symptomatic-effect	only sumo
single	carcinoma	tissue-growth	only wordnet
single	carcinoma	tumor	only wordnet
single	carcinoma-in-situ	cancer	only wordnet
single	carcinoma-in-situ	condition	only wordnet
single	carcinoma-in-situ	disease	only wordnet
single	carcinoma-in-situ	illness	only wordnet
single	carcinoma-in-situ	malignancy	only wordnet
single	carcinoma-in-situ	property	only sumo
single	carcinoma-in-situ	state	only wordnet
single	carcinoma-in-situ	symptomatic-effect	only sumo
single	carcinoma-in-situ	tissue-growth	only wordnet
single	carcinoma-in-situ	tumor	only wordnet
single	cardiograph	physical-object	only wordnet
single	cardiologist	agent	only wordnet
single	cardiologist	attribute	only sumo
single	cardiologist	human	only opencyc
single	cardiologist	mammal	only opencyc
single	cardiologist	medical-practitioner	only wordnet
single	cardiologist	organism	only wordnet
single	cardiologist	person	only wordnet
single	cardiologist	physical-object	only wordnet
single	cardiologist	property	only sumo
single	cardiologist	structure	only opencyc
single	cardiologist	vertebrate	only opencyc
single	cardiologist	worker	only opencyc
single	cardiology	cognition	only wordnet
single	cardiology	natural-science	only wordnet
single	cardiology	science	only wordnet
single	cardiomegaly	cognition	only wordnet
single	cardiomegaly	event	only sumo
single	cardiomegaly	evidence	only wordnet
single	carminative	agent	only wordnet
single	carminative	drug	only wordnet
single	carminative	material	only sumo
single	carriage	quack	only sumo
single	castration	accomplishment	only sumo
single	castration	action	only opencyc
single	castration	situation	only opencyc
single	castration	surgery	only opencyc
single	castration	therapy	only sumo
single	castration	volition	only sumo
single	cat-scratch-disease	condition	only wordnet
single	cat-scratch-disease	illness	only wordnet
single	cat-scratch-disease	property	only sumo
single	cat-scratch-disease	state	only wordnet
single	cat-scratch-disease	symptomatic-effect	only sumo
single	cataract-surgery	accomplishment	only sumo
single	cataract-surgery	therapy	only sumo
single	cataract-surgery	volition	only sumo
single	catatonic-schizophrenia	condition	only wordnet
single	catatonic-schizophrenia	inclination	only sumo
single	catatonic-schizophrenia	mentality	only sumo
single	catatonic-schizophrenia	property	only sumo
single	catatonic-schizophrenia	psychosis	only wordnet
single	catatonic-schizophrenia	state	only wordnet
single	catatonic-schizophrenia	symptomatic-effect	only sumo
single	catatonic-schizophrenia	trait	only sumo
single	catch	quack	only sumo
single	catheterization	accomplishment	only sumo
single	catheterization	therapy	only sumo
single	catheterization	volition	only sumo
single	catling	instrument	only wordnet
single	catling	knife	only wordnet
single	catling	physical-object	only wordnet
single	catling	surgical-instrument	only wordnet
single	catling	tool	only wordnet
single	cautery	accomplishment	only sumo
single	cautery	therapy	only sumo
single	cautery	volition	only sumo
single	cefadroxil	agent	only wordnet
single	cefadroxil	antibacterial	only wordnet
single	cefadroxil	drug	only wordnet
single	cefadroxil	material	only sumo
single	cefadroxil	medication	only wordnet
single	cefadroxil	medicine	only opencyc
single	cefoperazone	agent	only wordnet
single	cefoperazone	antibacterial	only wordnet
single	cefoperazone	drug	only wordnet
single	cefoperazone	material	only sumo
single	cefoperazone	medication	only wordnet
single	cefoperazone	medicine	only opencyc
single	cefotaxime	agent	only wordnet
single	cefotaxime	antibacterial	only wordnet
single	cefotaxime	drug	only wordnet
single	cefotaxime	material	only sumo
single	cefotaxime	medication	only wordnet
single	cefotaxime	medicine	only opencyc
single	ceftazidime	agent	only wordnet
single	ceftazidime	antibacterial	only wordnet
single	ceftazidime	drug	only wordnet
single	ceftazidime	material	only sumo
single	ceftazidime	medication	only wordnet
single	ceftazidime	medicine	only opencyc
single	ceftriaxone	agent	only wordnet
single	ceftriaxone	antibacterial	only wordnet
single	ceftriaxone	drug	only wordnet
single	ceftriaxone	material	only sumo
single	ceftriaxone	medication	only wordnet
single	ceftriaxone	medicine	only opencyc
single	cefuroxime	agent	only wordnet
single	cefuroxime	antibacterial	only wordnet
single	cefuroxime	drug	only wordnet
single	cefuroxime	material	only sumo
single	cefuroxime	medication	only wordnet
single	cefuroxime	medicine	only opencyc
single	centesis	act	only wordnet
single	centesis	visit	only sumo
single	cephalexin	agent	only wordnet
single	cephalexin	antibacterial	only wordnet
single	cephalexin	drug	only wordnet
single	cephalexin	medication	only wordnet
single	cephalexin	medicine	only opencyc
single	cephalexin	substance	only wordnet
single	cephaloglycin	agent	only wordnet
single	cephaloglycin	drug	only wordnet
single	cephaloglycin	material	only sumo
single	cephaloglycin	medication	only wordnet
single	cephaloridine	agent	only wordnet
single	cephaloridine	drug	only wordnet
single	cephaloridine	material	only sumo
single	cephaloridine	medication	only wordnet
single	cephalosporin	agent	only wordnet
single	cephalosporin	drug	only wordnet
single	cephalosporin	material	only sumo
single	cephalosporin	medication	only wordnet
single	cephalosporin	medicine	only opencyc
single	cephalothin	agent	only wordnet
single	cephalothin	antibacterial	only wordnet
single	cephalothin	drug	only wordnet
single	cephalothin	material	only sumo
single	cephalothin	medication	only wordnet
single	cerebral-hemorrhage	attribute	only wordnet
single	cerebral-hemorrhage	condition	only wordnet
single	cerebral-hemorrhage	illness	only opencyc
single	cerebral-hemorrhage	injury	only wordnet
single	cerebral-hemorrhage	situation	only opencyc
single	cerebral-hemorrhage	state	only wordnet
single	cerebral-hemorrhage	stroke	only sumo
single	cervical-disc-syndrome	cognition	only wordnet
single	cervical-disc-syndrome	event	only sumo
single	cervical-disc-syndrome	evidence	only wordnet
single	cervical-disc-syndrome	symptom	only wordnet
single	chafing-sore	condition	only wordnet
single	chafing-sore	property	only sumo
single	chafing-sore	state	only wordnet
single	chafing-sore	symptomatic-effect	only sumo
single	challenging-situation	quack	only sumo
single	championship	quack	only sumo
single	chancre	condition	only wordnet
single	chancre	property	only sumo
single	chancre	state	only wordnet
single	chancre	symptomatic-effect	only sumo
single	chaos	quack	only sumo
single	charm	quack	only sumo
single	chelation	event	only sumo
single	chemosurgery	accomplishment	only sumo
single	chemosurgery	therapy	only sumo
single	chemosurgery	volition	only sumo
single	chemotherapy	act	only wordnet
single	chemotherapy	activity	only wordnet
single	chemotherapy	locating	only sumo
single	chemotherapy	tending	only wordnet
single	chemotherapy	visit	only sumo
single	chemotherapy	work	only wordnet
single	chilblain	condition	only wordnet
single	chilblain	property	only sumo
single	chilblain	sore	only wordnet
single	chilblain	state	only wordnet
single	chilblain	symptomatic-effect	only sumo
single	chills	cognition	only wordnet
single	chills	event	only sumo
single	chills	evidence	only wordnet
single	chinese-restaurant-syndrome	cognition	only wordnet
single	chinese-restaurant-syndrome	event	only sumo
single	chinese-restaurant-syndrome	evidence	only wordnet
single	chinese-restaurant-syndrome	symptom	only wordnet
single	chiropodist	adult	only wordnet
single	chiropodist	agent	only wordnet
single	chiropodist	attribute	only sumo
single	chiropodist	medical-practitioner	only wordnet
single	chiropodist	organism	only wordnet
single	chiropodist	person	only wordnet
single	chiropodist	physical-object	only wordnet
single	chiropodist	professional	only wordnet
single	chiropodist	property	only sumo
single	chloasma	cognition	only wordnet
single	chloasma	event	only sumo
single	chloasma	evidence	only wordnet
single	chloramphenicol	agent	only wordnet
single	chloramphenicol	drug	only wordnet
single	chloramphenicol	material	only sumo
single	chloramphenicol	medication	only wordnet
single	chlortetracycline	agent	only wordnet
single	chlortetracycline	drug	only wordnet
single	chlortetracycline	material	only sumo
single	chlortetracycline	medication	only wordnet
single	cholecystectomy	act	only wordnet
single	cholecystectomy	activity	only wordnet
single	cholecystectomy	operation	only wordnet
single	cholecystectomy	procedure	only wordnet
single	cholecystectomy	visit	only sumo
single	cholelithotomy	ablation	only wordnet
single	cholelithotomy	act	only wordnet
single	cholelithotomy	activity	only wordnet
single	cholelithotomy	operation	only wordnet
single	cholelithotomy	procedure	only wordnet
single	cholelithotomy	visit	only sumo
single	chondrosarcoma	cancer	only wordnet
single	chondrosarcoma	condition	only wordnet
single	chondrosarcoma	disease	only wordnet
single	chondrosarcoma	illness	only wordnet
single	chondrosarcoma	malignancy	only wordnet
single	chondrosarcoma	property	only sumo
single	chondrosarcoma	state	only wordnet
single	chondrosarcoma	symptomatic-effect	only sumo
single	chondrosarcoma	tissue-growth	only wordnet
single	chondrosarcoma	tumor	only wordnet
single	chronic-leukemia	cancer	only wordnet
single	chronic-leukemia	condition	only wordnet
single	chronic-leukemia	disease	only wordnet
single	chronic-leukemia	illness	only wordnet
single	chronic-leukemia	malignancy	only wordnet
single	chronic-leukemia	property	only sumo
single	chronic-leukemia	state	only wordnet
single	chronic-leukemia	symptomatic-effect	only sumo
single	chronic-leukemia	tissue-growth	only wordnet
single	chronic-leukemia	tumor	only wordnet
single	chronic-lymphocytic-leukemia	cancer	only wordnet
single	chronic-lymphocytic-leukemia	condition	only wordnet
single	chronic-lymphocytic-leukemia	disease	only wordnet
single	chronic-lymphocytic-leukemia	event	only opencyc
single	chronic-lymphocytic-leukemia	malignancy	only wordnet
single	chronic-lymphocytic-leukemia	property	only sumo
single	chronic-lymphocytic-leukemia	situation	only opencyc
single	chronic-lymphocytic-leukemia	state	only wordnet
single	chronic-lymphocytic-leukemia	symptomatic-effect	only sumo
single	chronic-lymphocytic-leukemia	tissue-growth	only wordnet
single	chronic-lymphocytic-leukemia	tumor	only wordnet
single	chronic-myelocytic-leukemia	cancer	only wordnet
single	chronic-myelocytic-leukemia	condition	only wordnet
single	chronic-myelocytic-leukemia	disease	only wordnet
single	chronic-myelocytic-leukemia	illness	only wordnet
single	chronic-myelocytic-leukemia	leukemia	only wordnet
single	chronic-myelocytic-leukemia	malignancy	only wordnet
single	chronic-myelocytic-leukemia	property	only sumo
single	chronic-myelocytic-leukemia	state	only wordnet
single	chronic-myelocytic-leukemia	symptomatic-effect	only sumo
single	chronic-myelocytic-leukemia	tissue-growth	only wordnet
single	chronic-myelocytic-leukemia	tumor	only wordnet
single	chrysotherapy	act	only wordnet
single	chrysotherapy	activity	only wordnet
single	chrysotherapy	locating	only sumo
single	chrysotherapy	tending	only wordnet
single	chrysotherapy	therapy	only wordnet
single	chrysotherapy	visit	only sumo
single	chrysotherapy	work	only wordnet
single	ciprofloxacin	agent	only wordnet
single	ciprofloxacin	drug	only wordnet
single	ciprofloxacin	medication	only wordnet
single	ciprofloxacin	medicine	only opencyc
single	ciprofloxacin	substance	only wordnet
single	circulatory-shock	condition	only wordnet
single	circulatory-shock	property	only sumo
single	circulatory-shock	state	only wordnet
single	circulatory-shock	symptomatic-effect	only sumo
single	civilization	quack	only sumo
single	clemency	quack	only sumo
single	client-centered-therapy	accomplishment	only sumo
single	client-centered-therapy	procedure	only sumo
single	client-centered-therapy	tending	only wordnet
single	client-centered-therapy	volition	only sumo
single	client-centered-therapy	work	only wordnet
single	clinical-psychology	cognition	only wordnet
single	clinical-psychology	medical-specialty	only wordnet
single	clinical-psychology	medicine	only wordnet
single	clinical-psychology	natural-science	only wordnet
single	clinical-psychology	psychiatry	only wordnet
single	clinical-psychology	science	only wordnet
single	clinical-sign	cognition	only wordnet
single	clinical-sign	event	only sumo
single	clinician	adult	only wordnet
single	clinician	agent	only wordnet
single	clinician	attribute	only sumo
single	clinician	doctor	only wikidata
single	clinician	organism	only wordnet
single	clinician	person	only wordnet
single	clinician	physical-object	only wordnet
single	clinician	property	only sumo
single	clitoridectomy	accomplishment	only sumo
single	clitoridectomy	therapy	only sumo
single	clitoridectomy	volition	only sumo
single	clofibrate	agent	only wordnet
single	clofibrate	drug	only wordnet
single	clofibrate	material	only sumo
single	clopidogrel-bisulfate	agent	only wordnet
single	clopidogrel-bisulfate	drug	only wordnet
single	clopidogrel-bisulfate	material	only sumo
single	closed-heart-surgery	accomplishment	only sumo
single	closed-heart-surgery	therapy	only sumo
single	closed-heart-surgery	volition	only sumo
single	cold	symptomatic-effect	only sumo
single	cold-medicine	agent	only wordnet
single	cold-medicine	artifact	only opencyc
single	cold-medicine	drug	only wordnet
single	cold-medicine	material	only sumo
single	cold-medicine	medicine	only opencyc
single	colon-cancer	cancer	only wordnet
single	colon-cancer	condition	only wordnet
single	colon-cancer	disease	only wordnet
single	colon-cancer	illness	only wordnet
single	colon-cancer	malignancy	only wordnet
single	colon-cancer	property	only sumo
single	colon-cancer	state	only wordnet
single	colon-cancer	symptomatic-effect	only sumo
single	colon-cancer	tissue-growth	only wordnet
single	colon-cancer	tumor	only wordnet
single	colonoscope	instrument	only wordnet
single	colonoscope	physical-object	only wordnet
single	color	quack	only sumo
single	colostomy	accomplishment	only sumo
single	colostomy	therapy	only sumo
single	colostomy	volition	only sumo
single	colpocele	attribute	only wordnet
single	colpocele	condition	only wordnet
single	colpocele	event	only sumo
single	colpocele	state	only wordnet
single	colpocele	tissue-rupture	only wordnet
single	comminuted-fracture	attribute	only wordnet
single	comminuted-fracture	condition	only wordnet
single	comminuted-fracture	event	only sumo
single	comminuted-fracture	state	only wordnet
single	commitment	quack	only sumo
single	communicable-disease	condition	only wordnet
single	communicable-disease	illness	only wordnet
single	communicable-disease	property	only sumo
single	communicable-disease	state	only wordnet
single	communicable-disease	symptomatic-effect	only sumo
single	competence	quack	only sumo
single	competitive-edge	quack	only sumo
single	competitive-lead	quack	only sumo
single	complete-fracture	attribute	only wordnet
single	complete-fracture	condition	only wordnet
single	complete-fracture	event	only sumo
single	complete-fracture	state	only wordnet
single	complication	quack	only sumo
single	compound-fracture	attribute	only wordnet
single	compound-fracture	condition	only wordnet
single	compound-fracture	event	only sumo
single	compound-fracture	state	only wordnet
single	compression-fracture	attribute	only wordnet
single	compression-fracture	condition	only wordnet
single	compression-fracture	event	only sumo
single	compression-fracture	state	only wordnet
single	confabulation	cognition	only wordnet
single	confabulation	event	only sumo
single	conn's-syndrome	cognition	only wordnet
single	conn's-syndrome	event	only sumo
single	conn's-syndrome	evidence	only wordnet
single	conn's-syndrome	symptom	only wordnet
single	constipation	cognition	only wordnet
single	constipation	evidence	only wordnet
single	constipation	situation	only opencyc
single	contraindication	event	only sumo
single	conventionality	quack	only sumo
single	corneal-nebula	artifact	only wordnet
single	corneal-nebula	attribute	only sumo
single	corneal-nebula	decoration	only wordnet
single	corneal-nebula	physical-object	only wordnet
single	corneal-nebula	property	only sumo
single	coronary-bypass	accomplishment	only sumo
single	coronary-bypass	heart-surgery	only wordnet
single	coronary-bypass	therapy	only sumo
single	coronary-bypass	volition	only sumo
single	correction	quack	only sumo
single	corrective-treatment	accomplishment	only sumo
single	corrective-treatment	procedure	only sumo
single	corrective-treatment	tending	only wordnet
single	corrective-treatment	volition	only sumo
single	corrective-treatment	work	only wordnet
single	cosmetic-dentistry	cognition	only wordnet
single	cosmetic-dentistry	medical-specialty	only wordnet
single	cosmetic-dentistry	medicine	only wordnet
single	cosmetic-dentistry	natural-science	only wordnet
single	cosmetic-dentistry	science	only wordnet
single	cosmetic-surgeon	adult	only wordnet
single	cosmetic-surgeon	agent	only wordnet
single	cosmetic-surgeon	attribute	only sumo
single	cosmetic-surgeon	medical-practitioner	only wordnet
single	cosmetic-surgeon	medical-specialist	only wikidata
single	cosmetic-surgeon	organism	only wordnet
single	cosmetic-surgeon	person	only wordnet
single	cosmetic-surgeon	physical-object	only wordnet
single	cosmetic-surgeon	professional	only wordnet
single	cosmetic-surgeon	property	only sumo
single	cough	cognition	only wordnet
single	cough	event	only sumo
single	cough	evidence	only wordnet
single	counterirritant	agent	only wordnet
single	counterirritant	material	only sumo
single	country-doctor	adult	only wordnet
single	country-doctor	agent	only wordnet
single	country-doctor	doctor	only wordnet
single	country-doctor	medical-practitioner	only wordnet
single	country-doctor	organism	only wordnet
single	country-doctor	person	only wordnet
single	country-doctor	physical-object	only wordnet
single	country-doctor	professional	only wordnet
single	courtesy	quack	only sumo
single	crack-up	symptomatic-effect	only sumo
single	cramp	cognition	only wordnet
single	cramp	evidence	only wordnet
single	cramp	illness	only opencyc
single	cramp	situation	only opencyc
single	craniotomy	accomplishment	only sumo
single	craniotomy	therapy	only sumo
single	craniotomy	volition	only sumo
single	crepitation-rale	cognition	only wordnet
single	crepitation-rale	evidence	only wordnet
single	crimea-congo-hemorrhagic-fever	attribute	only wordnet
single	crimea-congo-hemorrhagic-fever	condition	only wordnet
single	crimea-congo-hemorrhagic-fever	state	only wordnet
single	crimea-congo-hemorrhagic-fever	viral-infection	only wordnet
single	crisis	quack	only sumo
single	crisis-intervention	accomplishment	only sumo
single	crisis-intervention	procedure	only sumo
single	crisis-intervention	tending	only wordnet
single	crisis-intervention	volition	only sumo
single	crisis-intervention	work	only wordnet
single	cryocautery	accomplishment	only sumo
single	cryocautery	operation	only wordnet
single	cryocautery	therapy	only sumo
single	cryocautery	volition	only sumo
single	cryosurgery	act	only wordnet
single	cryosurgery	activity	only wordnet
single	cryosurgery	procedure	only wordnet
single	cryosurgery	visit	only sumo
single	culdoscope	instrument	only wordnet
single	culdoscope	physical-object	only wordnet
single	curettage	act	only wordnet
single	curettage	activity	only wordnet
single	curettage	procedure	only wordnet
single	curettage	visit	only sumo
single	curette	instrument	only wordnet
single	curette	physical-object	only wordnet
single	cutaneous-leishmaniasis	condition	only wordnet
single	cutaneous-leishmaniasis	property	only sumo
single	cutaneous-leishmaniasis	protozoal-infection	only wordnet
single	cutaneous-leishmaniasis	state	only wordnet
single	cutaneous-leishmaniasis	symptomatic-effect	only sumo
single	cyanosis	cognition	only wordnet
single	cyanosis	evidence	only wordnet
single	cyanosis	illness	only opencyc
single	cyanosis	situation	only opencyc
single	cyclodestructive-surgery	accomplishment	only sumo
single	cyclodestructive-surgery	therapy	only sumo
single	cyclodestructive-surgery	volition	only sumo
single	cycloserine	agent	only wordnet
single	cycloserine	drug	only wordnet
single	cycloserine	material	only sumo
single	cycloserine	medication	only wordnet
single	cystocele	attribute	only wordnet
single	cystocele	condition	only wordnet
single	cystocele	event	only sumo
single	cystocele	hernia	only wordnet
single	cystocele	state	only wordnet
single	cystocele	tissue-rupture	only wordnet
single	cytotoxic-drug	agent	only wordnet
single	cytotoxic-drug	drug	only wordnet
single	cytotoxic-drug	material	only sumo
single	damage	quack	only sumo
single	dash	quack	only sumo
single	dearth	quack	only sumo
single	debridement	accomplishment	only sumo
single	debridement	therapy	only sumo
single	debridement	volition	only sumo
single	decongestant	agent	only wordnet
single	decongestant	material	only sumo
single	decongestant	medicine	only opencyc
single	decortication	accomplishment	only sumo
single	decortication	action	only opencyc
single	decortication	situation	only opencyc
single	decortication	therapy	only sumo
single	decortication	volition	only sumo
single	defense-mechanism	event	only sumo
single	deficiency-disease	condition	only wordnet
single	deficiency-disease	illness	only wordnet
single	deficiency-disease	property	only sumo
single	deficiency-disease	state	only wordnet
single	deficiency-disease	symptomatic-effect	only sumo
single	delirium-tremens	condition	only wordnet
single	delirium-tremens	inclination	only sumo
single	delirium-tremens	mentality	only sumo
single	delirium-tremens	property	only sumo
single	delirium-tremens	state	only wordnet
single	delirium-tremens	symptomatic-effect	only sumo
single	delirium-tremens	trait	only sumo
single	dementia	condition	only wordnet
single	dementia	event	only opencyc
single	dementia	illness	only opencyc
single	dementia	inclination	only sumo
single	dementia	mentality	only sumo
single	dementia	property	only sumo
single	dementia	situation	only opencyc
single	dementia	state	only wordnet
single	dementia	symptomatic-effect	only sumo
single	dementia	trait	only sumo
single	demulcent	agent	only wordnet
single	demulcent	drug	only wordnet
single	demulcent	material	only sumo
single	dental-appliance	physical-object	only wordnet
single	dental-bonding	cognition	only wordnet
single	dental-bonding	measure	only sumo
single	dental-bonding	routine	only sumo
single	dental-crown	device	only wordnet
single	dental-crown	physical-object	only wordnet
single	dental-filling	artifact	only wordnet
single	dental-filling	device	only wordnet
single	dental-filling	material	only sumo
single	dental-filling	physical-object	only wordnet
single	dental-filling	substance	only sumo
single	dental-impression	information	only sumo
single	dental-impression	physical-object	only wordnet
single	dental-occlusion	arrangement-scheme	only sumo
single	dental-procedure	accomplishment	only sumo
single	dental-procedure	therapy	only sumo
single	dental-procedure	volition	only sumo
single	dental-surgeon	adult	only wordnet
single	dental-surgeon	agent	only wordnet
single	dental-surgeon	attribute	only sumo
single	dental-surgeon	medical-practitioner	only wordnet
single	dental-surgeon	organism	only wordnet
single	dental-surgeon	person	only wordnet
single	dental-surgeon	physical-object	only wordnet
single	dental-surgeon	professional	only wordnet
single	dental-surgeon	property	only sumo
single	dental-surgery	cognition	only wordnet
single	dental-surgery	medical-specialty	only wordnet
single	dental-surgery	medicine	only wordnet
single	dental-surgery	natural-science	only wordnet
single	dental-surgery	science	only wordnet
single	dentistry	action	only opencyc
single	dentistry	cognition	only wordnet
single	dentistry	event	only opencyc
single	dentistry	natural-science	only wordnet
single	dentistry	science	only wordnet
single	dentistry	situation	only opencyc
single	depressed-fracture	attribute	only wordnet
single	depressed-fracture	condition	only wordnet
single	depressed-fracture	event	only sumo
single	depressed-fracture	state	only wordnet
single	depression	quack	only sumo
single	derangement	condition	only wordnet
single	derangement	property	only sumo
single	derangement	state	only wordnet
single	dermatologist	agent	only wordnet
single	dermatologist	attribute	only sumo
single	dermatologist	human	only opencyc
single	dermatologist	mammal	only opencyc
single	dermatologist	medical-practitioner	only wordnet
single	dermatologist	organism	only wordnet
single	dermatologist	person	only wordnet
single	dermatologist	physical-object	only wordnet
single	dermatologist	property	only sumo
single	dermatologist	structure	only opencyc
single	dermatologist	vertebrate	only opencyc
single	dermatologist	worker	only opencyc
single	dermatology	cognition	only wordnet
single	dermatology	medicine	only wordnet
single	dermatology	natural-science	only wordnet
single	dermatology	science	only wordnet
single	dermatome	instrument	only wordnet
single	dermatome	physical-object	only wordnet
single	desensitization-technique	accomplishment	only sumo
single	desensitization-technique	procedure	only sumo
single	desensitization-technique	psychotherapy-treatment	only wordnet
single	desensitization-technique	tending	only wordnet
single	desensitization-technique	volition	only sumo
single	desensitization-technique	work	only wordnet
single	deservingness	quack	only sumo
single	destiny	quack	only sumo
single	diagnostician	adult	only wordnet
single	diagnostician	agent	only wordnet
single	diagnostician	attribute	only sumo
single	diagnostician	medical-practitioner	only wordnet
single	diagnostician	organism	only wordnet
single	diagnostician	person	only wordnet
single	diagnostician	physical-object	only wordnet
single	diagnostician	professional	only wordnet
single	diagnostician	property	only sumo
single	dialyzer	machine	only sumo
single	dialyzer	machinery	only sumo
single	dialyzer	physical-object	only wordnet
single	diaphoretic	agent	only wordnet
single	diaphoretic	drug	only wordnet
single	diaphoretic	material	only sumo
single	diarrhea	cognition	only wordnet
single	diarrhea	event	only opencyc
single	diarrhea	evidence	only wordnet
single	diarrhea	illness	only opencyc
single	diarrhea	situation	only opencyc
single	diastasis	attribute	only wordnet
single	diastasis	condition	only wordnet
single	diastasis	event	only sumo
single	diastasis	state	only wordnet
single	diathermy-machine	machine	only sumo
single	diathermy-machine	machinery	only sumo
single	diathermy-machine	physical-object	only wordnet
single	difficulty	quack	only sumo
single	digital-clubbing	cognition	only wordnet
single	digital-clubbing	event	only sumo
single	digital-clubbing	evidence	only wordnet
single	dignity	quack	only sumo
single	dihydrostreptomycin	agent	only wordnet
single	dihydrostreptomycin	drug	only wordnet
single	dihydrostreptomycin	material	only sumo
single	dihydrostreptomycin	medication	only wordnet
single	dilation-and-curettage	act	only wordnet
single	dilation-and-curettage	action	only opencyc
single	dilation-and-curettage	activity	only wordnet
single	dilation-and-curettage	procedure	only wordnet
single	dilation-and-curettage	situation	only opencyc
single	dilation-and-curettage	visit	only sumo
single	dilation-and-curettage	work	only opencyc
single	dilator	instrument	only wordnet
single	dilator	physical-object	only wordnet
single	dilemma	quack	only sumo
single	diplomate	adult	only wordnet
single	diplomate	agent	only wordnet
single	diplomate	attribute	only sumo
single	diplomate	doctor	only wordnet
single	diplomate	medical-practitioner	only wordnet
single	diplomate	organism	only wordnet
single	diplomate	person	only wordnet
single	diplomate	physical-object	only wordnet
single	diplomate	professional	only wordnet
single	diplomate	property	only sumo
single	disability	symptomatic-effect	only sumo
single	disadvantage	quack	only sumo
single	disagreement	quack	only sumo
single	discourtesy	quack	only sumo
single	discovery	quack	only sumo
single	discrimination	quack	only sumo
single	disease	symptomatic-effect	only sumo
single	disease-carrier	animal	only sumo
single	disease-carrier	body	only sumo
single	disease-carrier	human	only sumo
single	disease-carrier	mammal	only sumo
single	disease-carrier	populace	only sumo
single	disease-carrier	self	only sumo
single	disease-carrier	species	only sumo
single	disease-carrier	vertebrate	only sumo
single	disease-mimesis	condition	only wordnet
single	disease-mimesis	illness	only wordnet
single	disease-mimesis	property	only sumo
single	disease-mimesis	state	only wordnet
single	disease-mimesis	symptomatic-effect	only sumo
single	disease-of-the-neuromuscular-junction	condition	only wordnet
single	disease-of-the-neuromuscular-junction	illness	only wordnet
single	disease-of-the-neuromuscular-junction	property	only sumo
single	disease-of-the-neuromuscular-junction	state	only wordnet
single	disease-of-the-neuromuscular-junction	symptomatic-effect	only sumo
single	disease-prevalence	number	only sumo
single	disease-prevalence	quantity	only sumo
single	disgrace	quack	only sumo
single	disorderliness	quack	only sumo
single	displaced-fracture	attribute	only wordnet
single	displaced-fracture	condition	only wordnet
single	displaced-fracture	event	only sumo
single	displaced-fracture	state	only wordnet
single	disregard	quack	only sumo
single	distortion	quack	only sumo
single	disturbance	quack	only sumo
single	disulfiram	agent	only wordnet
single	disulfiram	drug	only wordnet
single	disulfiram	material	only sumo
single	diuresis	cognition	only wordnet
single	diuresis	event	only sumo
single	diuresis	evidence	only wordnet
single	diverseness	quack	only sumo
single	diverticulum	attribute	only wordnet
single	diverticulum	condition	only wordnet
single	diverticulum	event	only sumo
single	diverticulum	state	only wordnet
single	diverticulum	tissue-rupture	only wordnet
single	dizziness	cognition	only wordnet
single	dizziness	evidence	only wordnet
single	dizziness	situation	only opencyc
single	dog-bite	attribute	only wordnet
single	dog-bite	condition	only wordnet
single	dog-bite	event	only sumo
single	dog-bite	state	only wordnet
single	dog-bite	wound	only wordnet
single	dominance	quack	only sumo
single	domination	quack	only sumo
single	douche	instrument	only wordnet
single	douche	physical-object	only wordnet
single	doxorubicin	agent	only wordnet
single	doxorubicin	drug	only wordnet
single	doxorubicin	material	only sumo
single	doxorubicin	medication	only wordnet
single	doxycycline	agent	only wordnet
single	doxycycline	drug	only wordnet
single	doxycycline	medication	only wordnet
single	doxycycline	medicine	only opencyc
single	doxycycline	substance	only wordnet
single	dpt-vaccine	substance	only wordnet
single	drama	quack	only sumo
single	drip-feed	accomplishment	only sumo
single	drip-feed	medicating	only wordnet
single	drip-feed	procedure	only sumo
single	drip-feed	tending	only wordnet
single	drip-feed	volition	only sumo
single	drip-feed	work	only wordnet
single	drixoral	agent	only wordnet
single	drixoral	drug	only wordnet
single	drixoral	material	only sumo
single	drug-administration	accomplishment	only sumo
single	drug-administration	procedure	only sumo
single	drug-administration	tending	only wordnet
single	drug-administration	volition	only sumo
single	drug-administration	work	only wordnet
single	drug-cocktail	agent	only wordnet
single	drug-cocktail	drug	only wordnet
single	drug-cocktail	material	only sumo
single	drug-cocktail	medicine	only opencyc
single	drug-decoction	event	only sumo
single	drug-decoction	visit	only sumo
single	drug-potentiation	event	only sumo
single	drug-user	symptomatic-effect	only sumo
single	dry-gangrene	property	only sumo
single	dry-gangrene	state	only wordnet
single	dry-gangrene	symptomatic-effect	only sumo
single	dysfunction	event	only opencyc
single	dysfunction	illness	only opencyc
single	dysfunction	property	only sumo
single	dysfunction	situation	only opencyc
single	dysfunction	state	only wordnet
single	dysfunction	symptomatic-effect	only sumo
single	dyspnea	cognition	only wordnet
single	dyspnea	evidence	only wordnet
single	dyspnea	illness	only opencyc
single	dyspnea	respiratory-disease	only opencyc
single	dyspnea	situation	only opencyc
single	ear-doctor	adult	only wordnet
single	ear-doctor	agent	only wordnet
single	ear-doctor	attribute	only sumo
single	ear-doctor	medical-practitioner	only wordnet
single	ear-doctor	organism	only wordnet
single	ear-doctor	person	only wordnet
single	ear-doctor	physical-object	only wordnet
single	ear-doctor	professional	only wordnet
single	ear-doctor	property	only sumo
single	ease	quack	only sumo
single	ebola-hemorrhagic-fever	attribute	only wordnet
single	ebola-hemorrhagic-fever	condition	only wordnet
single	ebola-hemorrhagic-fever	state	only wordnet
single	ebola-hemorrhagic-fever	viral-infection	only wordnet
single	ecchymosis	attribute	only wordnet
single	ecchymosis	bruise	only wordnet
single	ecchymosis	condition	only wordnet
single	ecchymosis	event	only sumo
single	ecchymosis	state	only wordnet
single	echolalia	accomplishment	only sumo
single	echolalia	procedure	only sumo
single	echolalia	volition	only sumo
single	electric-burn	attribute	only wordnet
single	electric-burn	condition	only wordnet
single	electric-burn	event	only sumo
single	electric-burn	state	only wordnet
single	electric-shock-injury	attribute	only wordnet
single	electric-shock-injury	condition	only wordnet
single	electric-shock-injury	event	only sumo
single	electric-shock-injury	state	only wordnet
single	electrocautery	accomplishment	only sumo
single	electrocautery	cautery	only wordnet
single	electrocautery	operation	only wordnet
single	electrocautery	therapy	only sumo
single	electrocautery	volition	only sumo
single	electroconvulsive-therapy	accomplishment	only sumo
single	electroconvulsive-therapy	procedure	only sumo
single	electroconvulsive-therapy	tending	only wordnet
single	electroconvulsive-therapy	volition	only sumo
single	electroconvulsive-therapy	work	only wordnet
single	electroencephalograph	physical-object	only wordnet
single	electrologist	adult	only wordnet
single	electrologist	agent	only wordnet
single	electrologist	attribute	only sumo
single	electrologist	organism	only wordnet
single	electrologist	person	only wordnet
single	electrologist	physical-object	only wordnet
single	electrologist	property	only sumo
single	electromyograph	physical-object	only wordnet
single	electrosurgery	accomplishment	only sumo
single	electrosurgery	therapy	only sumo
single	electrosurgery	volition	only sumo
single	electrotherapy	accomplishment	only sumo
single	electrotherapy	procedure	only sumo
single	electrotherapy	tending	only wordnet
single	electrotherapy	volition	only sumo
single	electrotherapy	work	only wordnet
single	emasculation	act	only wordnet
single	emasculation	activity	only wordnet
single	emasculation	operation	only wordnet
single	emasculation	procedure	only wordnet
single	emasculation	surgical-sterilization	only wordnet
single	embolectomy	act	only wordnet
single	embolectomy	action	only opencyc
single	embolectomy	activity	only wordnet
single	embolectomy	operation	only wordnet
single	embolectomy	procedure	only wordnet
single	embolectomy	situation	only opencyc
single	embolectomy	visit	only sumo
single	embolectomy	work	only opencyc
single	embryologist	adult	only wordnet
single	embryologist	agent	only wordnet
single	embryologist	attribute	only sumo
single	embryologist	medical-practitioner	only wordnet
single	embryologist	organism	only wordnet
single	embryologist	person	only wordnet
single	embryologist	physical-object	only wordnet
single	embryologist	professional	only wordnet
single	embryologist	property	only sumo
single	embryologist	research-worker	only wikidata
single	embryonal-carcinoma	cancer	only wordnet
single	embryonal-carcinoma	condition	only wordnet
single	embryonal-carcinoma	disease	only wordnet
single	embryonal-carcinoma	illness	only wordnet
single	embryonal-carcinoma	malignancy	only wordnet
single	embryonal-carcinoma	property	only sumo
single	embryonal-carcinoma	state	only wordnet
single	embryonal-carcinoma	symptomatic-effect	only sumo
single	embryonal-carcinoma	tissue-growth	only wordnet
single	embryonal-carcinoma	tumor	only wordnet
single	embryonal-rhabdomyosarcoma	cancer	only wordnet
single	embryonal-rhabdomyosarcoma	condition	only wordnet
single	embryonal-rhabdomyosarcoma	disease	only wordnet
single	embryonal-rhabdomyosarcoma	illness	only wordnet
single	embryonal-rhabdomyosarcoma	malignancy	only wordnet
single	embryonal-rhabdomyosarcoma	property	only sumo
single	embryonal-rhabdomyosarcoma	sarcoma	only wordnet
single	embryonal-rhabdomyosarcoma	state	only wordnet
single	embryonal-rhabdomyosarcoma	symptomatic-effect	only sumo
single	embryonal-rhabdomyosarcoma	tissue-growth	only wordnet
single	embryonal-rhabdomyosarcoma	tumor	only wordnet
single	emergency	quack	only sumo
single	emergency-medicine	cognition	only wordnet
single	emergency-medicine	natural-science	only wordnet
single	emergency-medicine	practice-of-medicine	only wikidata
single	emergency-medicine	science	only wordnet
single	emergency-procedure	act	only wordnet
single	emergency-procedure	activity	only wordnet
single	emergency-procedure	event	only wordnet
single	emergency-procedure	measure	only sumo
single	emergency-procedure	routine	only sumo
single	emphasis	quack	only sumo
single	endarterectomy	accomplishment	only sumo
single	endarterectomy	action	only opencyc
single	endarterectomy	situation	only opencyc
single	endarterectomy	therapy	only sumo
single	endarterectomy	volition	only sumo
single	endemic-disease	condition	only wordnet
single	endemic-disease	illness	only wordnet
single	endemic-disease	property	only sumo
single	endemic-disease	state	only wordnet
single	endemic-disease	symptomatic-effect	only sumo
single	endocrinologist	agent	only wordnet
single	endocrinologist	attribute	only sumo
single	endocrinologist	human	only opencyc
single	endocrinologist	mammal	only opencyc
single	endocrinologist	medical-practitioner	only wordnet
single	endocrinologist	organism	only wordnet
single	endocrinologist	person	only wordnet
single	endocrinologist	physical-object	only wordnet
single	endocrinologist	property	only sumo
single	endocrinologist	research-worker	only wikidata
single	endocrinologist	structure	only opencyc
single	endocrinologist	vertebrate	only opencyc
single	endocrinologist	worker	only opencyc
single	endocrinology	cognition	only wordnet
single	endocrinology	medicine	only wordnet
single	endocrinology	natural-science	only wordnet
single	endocrinology	science	only wordnet
single	endodontics	cognition	only wordnet
single	endodontics	medical-specialty	only wordnet
single	endodontics	medicine	only wordnet
single	endodontics	natural-science	only wordnet
single	endodontics	science	only wordnet
single	endodontist	adult	only wordnet
single	endodontist	agent	only wordnet
single	endodontist	attribute	only sumo
single	endodontist	medical-practitioner	only wordnet
single	endodontist	organism	only wordnet
single	endodontist	person	only wordnet
single	endodontist	physical-object	only wordnet
single	endodontist	professional	only wordnet
single	endodontist	property	only sumo
single	endometrial-carcinoma	cancer	only wordnet
single	endometrial-carcinoma	condition	only wordnet
single	endometrial-carcinoma	disease	only wordnet
single	endometrial-carcinoma	illness	only wordnet
single	endometrial-carcinoma	malignancy	only wordnet
single	endometrial-carcinoma	property	only sumo
single	endometrial-carcinoma	state	only wordnet
single	endometrial-carcinoma	symptomatic-effect	only sumo
single	endometrial-carcinoma	tissue-growth	only wordnet
single	endometrial-carcinoma	tumor	only wordnet
single	endoscope	physical-object	only wordnet
single	enterobiasis	amateur	only sumo
single	enterobiasis	ambiance	only sumo
single	enterobiasis	circumstance	only sumo
single	enterobiasis	civilisation	only sumo
single	enterobiasis	crowd	only sumo
single	enterobiasis	custom	only sumo
single	enterobiasis	danger	only sumo
single	enterobiasis	expert	only sumo
single	enterobiasis	freedom	only sumo
single	enterobiasis	lap	only sumo
single	enterobiasis	literary-works	only sumo
single	enterobiasis	normal	only sumo
single	enterobiasis	practice	only sumo
single	enterobiasis	property	only sumo
single	enterobiasis	quack	only sumo
single	enterobiasis	society	only sumo
single	enterobiasis	state	only wordnet
single	enterobiasis	status	only sumo
single	enterobiasis	tension	only sumo
single	enterobiasis	way	only sumo
single	enteropathy	condition	only wordnet
single	enteropathy	illness	only wordnet
single	enteropathy	property	only sumo
single	enteropathy	state	only wordnet
single	enteropathy	symptomatic-effect	only sumo
single	enterostomy	accomplishment	only sumo
single	enterostomy	therapy	only sumo
single	enterostomy	volition	only sumo
single	enucleation	accomplishment	only sumo
single	enucleation	therapy	only sumo
single	enucleation	volition	only sumo
single	eosinopenia	cognition	only wordnet
single	eosinopenia	event	only sumo
single	eosinopenia	evidence	only wordnet
single	eosinophilia	attribute	only sumo
single	eosinophilia	cognition	only wordnet
single	eosinophilia	evidence	only wordnet
single	eosinophilia	property	only sumo
single	eosinophilia	symptomatic-effect	only sumo
single	epidemiology	cognition	only wordnet
single	epidemiology	medicine	only wordnet
single	epidemiology	natural-science	only wordnet
single	epidemiology	science	only wordnet
single	epikeratophakia	accomplishment	only sumo
single	epikeratophakia	plastic-surgery	only wordnet
single	epikeratophakia	therapy	only sumo
single	epikeratophakia	transplant	only wordnet
single	epikeratophakia	volition	only sumo
single	epithelioma	cancer	only wordnet
single	epithelioma	condition	only wordnet
single	epithelioma	disease	only wordnet
single	epithelioma	illness	only wordnet
single	epithelioma	malignancy	only wordnet
single	epithelioma	property	only sumo
single	epithelioma	state	only wordnet
single	epithelioma	symptomatic-effect	only sumo
single	epithelioma	tissue-growth	only wordnet
single	epithelioma	tumor	only wordnet
single	equilibrium	quack	only sumo
single	erythromycin	agent	only wordnet
single	erythromycin	drug	only wordnet
single	erythromycin	material	only sumo
single	erythromycin	medication	only wordnet
single	etiologist	adult	only wordnet
single	etiologist	agent	only wordnet
single	etiologist	attribute	only sumo
single	etiologist	doctor	only wordnet
single	etiologist	medical-practitioner	only wordnet
single	etiologist	medical-specialist	only wordnet
single	etiologist	organism	only wordnet
single	etiologist	person	only wordnet
single	etiologist	physical-object	only wordnet
single	etiologist	professional	only wordnet
single	etiologist	property	only sumo
single	eventration	attribute	only wordnet
single	eventration	condition	only wordnet
single	eventration	event	only sumo
single	eventration	state	only wordnet
single	eventration	tissue-rupture	only wordnet
single	evisceration	accomplishment	only sumo
single	evisceration	therapy	only sumo
single	evisceration	volition	only sumo
single	ewing's-sarcoma	cancer	only wordnet
single	ewing's-sarcoma	condition	only wordnet
single	ewing's-sarcoma	disease	only wordnet
single	ewing's-sarcoma	illness	only wordnet
single	ewing's-sarcoma	malignancy	only wordnet
single	ewing's-sarcoma	property	only sumo
single	ewing's-sarcoma	state	only wordnet
single	ewing's-sarcoma	symptomatic-effect	only sumo
single	ewing's-sarcoma	tissue-growth	only wordnet
single	ewing's-sarcoma	tumor	only wordnet
single	exanthema-subitum	condition	only wordnet
single	exanthema-subitum	illness	only wordnet
single	exanthema-subitum	property	only sumo
single	exanthema-subitum	state	only wordnet
single	exanthema-subitum	symptomatic-effect	only sumo
single	excess	quack	only sumo
single	excrescence	attribute	only wordnet
single	excrescence	condition	only wordnet
single	excrescence	illness	only wordnet
single	excrescence	physical-object	only sumo
single	excrescence	state	only wordnet
single	exemplar	quack	only sumo
single	exenteration	accomplishment	only sumo
single	exenteration	therapy	only sumo
single	exenteration	volition	only sumo
single	exodontics	cognition	only wordnet
single	exodontics	dentistry	only wordnet
single	exodontics	medical-specialty	only wordnet
single	exodontics	medicine	only wordnet
single	exodontics	natural-science	only wordnet
single	exodontics	science	only wordnet
single	exodontist	adult	only wordnet
single	exodontist	agent	only wordnet
single	exodontist	attribute	only sumo
single	exodontist	medical-practitioner	only wordnet
single	exodontist	organism	only wordnet
single	exodontist	person	only wordnet
single	exodontist	physical-object	only wordnet
single	exodontist	professional	only wordnet
single	exodontist	property	only sumo
single	exomphalos	attribute	only wordnet
single	exomphalos	condition	only wordnet
single	exomphalos	event	only sumo
single	exomphalos	state	only wordnet
single	exomphalos	tissue-rupture	only wordnet
single	exophthalmos	cognition	only wordnet
single	exophthalmos	event	only sumo
single	exophthalmos	evidence	only wordnet
single	expectorant	agent	only wordnet
single	expectorant	drug	only wordnet
single	expectorant	material	only sumo
single	expectorant	medicine	only opencyc
single	exposure-therapy	accomplishment	only sumo
single	exposure-therapy	behavior-therapy	only wordnet
single	exposure-therapy	procedure	only sumo
single	exposure-therapy	psychotherapy-treatment	only wordnet
single	exposure-therapy	tending	only wordnet
single	exposure-therapy	volition	only sumo
single	exposure-therapy	work	only wordnet
single	extracapsular-surgery	accomplishment	only sumo
single	extracapsular-surgery	eye-operation	only wordnet
single	extracapsular-surgery	therapy	only sumo
single	extracapsular-surgery	volition	only sumo
single	extreme	quack	only sumo
single	eye-disease	condition	only wordnet
single	eye-disease	illness	only wordnet
single	eye-disease	property	only sumo
single	eye-disease	state	only wordnet
single	eye-disease	symptomatic-effect	only sumo
single	eye-operation	accomplishment	only sumo
single	eye-operation	therapy	only sumo
single	eye-operation	volition	only sumo
single	face-lift	act	only wordnet
single	face-lift	activity	only wordnet
single	face-lift	operation	only wordnet
single	face-lift	procedure	only wordnet
single	face-lift	visit	only sumo
single	failing	quack	only sumo
single	failure	quack	only sumo
single	fame	quack	only sumo
single	family-doctor	adult	only wordnet
single	family-doctor	agent	only wordnet
single	family-doctor	attribute	only sumo
single	family-doctor	doctor	only wordnet
single	family-doctor	medical-practitioner	only wordnet
single	family-doctor	organism	only wordnet
single	family-doctor	person	only wordnet
single	family-doctor	physical-object	only wordnet
single	family-doctor	professional	only wordnet
single	family-doctor	property	only sumo
single	family-therapy	accomplishment	only sumo
single	family-therapy	procedure	only sumo
single	family-therapy	psychotherapy-treatment	only wordnet
single	family-therapy	tending	only wordnet
single	family-therapy	volition	only sumo
single	family-therapy	work	only wordnet
single	fatigue-fracture	attribute	only wordnet
single	fatigue-fracture	condition	only wordnet
single	fatigue-fracture	event	only sumo
single	fatigue-fracture	state	only wordnet
single	faux-pas	quack	only sumo
single	favor	quack	only sumo
single	fenestration	accomplishment	only sumo
single	fenestration	action	only opencyc
single	fenestration	situation	only opencyc
single	fenestration	therapy	only sumo
single	fenestration	volition	only sumo
single	fester	condition	only wordnet
single	fester	property	only sumo
single	fester	state	only wordnet
single	fester	symptomatic-effect	only sumo
single	festering	attribute	only sumo
single	festering	event	only opencyc
single	festering	property	only sumo
single	festering	situation	only opencyc
single	festering	symptomatic-effect	only sumo
single	festination	cognition	only wordnet
single	festination	event	only sumo
single	festination	evidence	only wordnet
single	fetal-alcohol-syndrome	cognition	only wordnet
single	fetal-alcohol-syndrome	evidence	only wordnet
single	fetal-alcohol-syndrome	illness	only opencyc
single	fetal-alcohol-syndrome	situation	only opencyc
single	fetal-alcohol-syndrome	symptom	only wordnet
single	fetology	cognition	only wordnet
single	fetology	medical-specialty	only wordnet
single	fetology	medicine	only wordnet
single	fetology	natural-science	only wordnet
single	fetology	science	only wordnet
single	fetoscope	instrument	only wordnet
single	fetoscope	physical-object	only wordnet
single	fiberscope	physical-object	only wordnet
single	fibrocystic-breast-disease	condition	only wordnet
single	fibrocystic-breast-disease	illness	only wordnet
single	fibrocystic-breast-disease	property	only sumo
single	fibrocystic-breast-disease	state	only wordnet
single	fibrocystic-breast-disease	symptomatic-effect	only sumo
single	field-hospital	building	only wordnet
single	field-hospital	physical-object	only wordnet
single	field-hospital	structure	only wordnet
single	field-hospital	workplace	only wikidata
single	filariasis	condition	only wordnet
single	filariasis	event	only opencyc
single	filariasis	property	only sumo
single	filariasis	situation	only opencyc
single	filariasis	state	only wordnet
single	filariasis	symptomatic-effect	only sumo
single	filtration-surgery	accomplishment	only sumo
single	filtration-surgery	therapy	only sumo
single	filtration-surgery	volition	only sumo
single	first-degree-burn	attribute	only wordnet
single	first-degree-burn	condition	only wordnet
single	first-degree-burn	event	only sumo
single	first-degree-burn	state	only wordnet
single	fitness	quack	only sumo
single	fix	quack	only sumo
single	fixed-combination-drug	agent	only wordnet
single	fixed-combination-drug	drug	only wordnet
single	fixed-combination-drug	material	only sumo
single	flea-bite	attribute	only wordnet
single	flea-bite	condition	only wordnet
single	flea-bite	event	only sumo
single	flea-bite	state	only wordnet
single	flight-surgeon	adult	only wordnet
single	flight-surgeon	agent	only wordnet
single	flight-surgeon	attribute	only sumo
single	flight-surgeon	medical-practitioner	only wordnet
single	flight-surgeon	organism	only wordnet
single	flight-surgeon	person	only wordnet
single	flight-surgeon	physical-object	only wordnet
single	flight-surgeon	professional	only wordnet
single	flight-surgeon	property	only sumo
single	fluctuation	quack	only sumo
single	focal-infection	property	only sumo
single	focal-infection	state	only wordnet
single	focal-infection	symptomatic-effect	only sumo
single	forensic-medicine	cognition	only wordnet
single	forensic-medicine	natural-science	only wordnet
single	forensic-medicine	science	only wordnet
single	forensic-medicine	social-science	only wikidata
single	formulary	component	only sumo
single	formulary	device	only sumo
single	formulary	indication	only sumo
single	formulary	mechanism	only sumo
single	formulary	publication	only wordnet
single	forte	quack	only sumo
single	fortune	quack	only sumo
single	foundling-hospital	agent	only sumo
single	foundling-hospital	artifact	only wordnet
single	foundling-hospital	association	only sumo
single	foundling-hospital	building	only wordnet
single	foundling-hospital	collection	only sumo
single	foundling-hospital	group	only sumo
single	foundling-hospital	organization	only sumo
single	foundling-hospital	physical-object	only wordnet
single	foundling-hospital	structure	only wordnet
single	foundling-hospital	team	only sumo
single	fowl-cholera	condition	only wordnet
single	fowl-cholera	disease	only wordnet
single	fowl-cholera	illness	only wordnet
single	fowl-cholera	property	only sumo
single	fowl-cholera	sepsis	only wordnet
single	fowl-cholera	state	only wordnet
single	fowl-cholera	symptomatic-effect	only sumo
single	freudian-psychology	cognition	only wordnet
single	freudian-psychology	medical-specialty	only wordnet
single	freudian-psychology	medicine	only wordnet
single	freudian-psychology	natural-science	only wordnet
single	freudian-psychology	psychiatry	only wordnet
single	freudian-psychology	science	only wordnet
single	frostbite	attribute	only wordnet
single	frostbite	condition	only wordnet
single	frostbite	illness	only opencyc
single	frostbite	situation	only opencyc
single	frostbite	state	only wordnet
single	furuncle	condition	only wordnet
single	furuncle	property	only sumo
single	furuncle	state	only wordnet
single	furuncle	symptomatic-effect	only sumo
single	gas-gangrene	event	only opencyc
single	gas-gangrene	illness	only opencyc
single	gas-gangrene	property	only sumo
single	gas-gangrene	situation	only opencyc
single	gas-gangrene	state	only wordnet
single	gas-gangrene	symptomatic-effect	only sumo
single	gastrectomy	accomplishment	only sumo
single	gastrectomy	therapy	only sumo
single	gastrectomy	volition	only sumo
single	gastroenterologist	agent	only wordnet
single	gastroenterologist	human	only opencyc
single	gastroenterologist	mammal	only opencyc
single	gastroenterologist	medical-practitioner	only wordnet
single	gastroenterologist	medical-specialist	only wikidata
single	gastroenterologist	organism	only wordnet
single	gastroenterologist	person	only wordnet
single	gastroenterologist	physical-object	only wordnet
single	gastroenterologist	structure	only opencyc
single	gastroenterologist	vertebrate	only opencyc
single	gastroenterologist	worker	only opencyc
single	gastroenterology	cognition	only wordnet
single	gastroenterology	medicine	only wordnet
single	gastroenterology	natural-science	only wordnet
single	gastroenterology	science	only wordnet
single	gastroenterostomy	accomplishment	only sumo
single	gastroenterostomy	therapy	only sumo
single	gastroenterostomy	volition	only sumo
single	gastroscope	instrument	only wordnet
single	gastroscope	physical-object	only wordnet
single	gastrostomy	accomplishment	only sumo
single	gastrostomy	therapy	only sumo
single	gastrostomy	volition	only sumo
single	gauze	physical-object	only wordnet
single	gemfibrozil	agent	only wordnet
single	gemfibrozil	drug	only wordnet
single	gemfibrozil	material	only sumo
single	general-practitioner	agent	only wordnet
single	general-practitioner	attribute	only sumo
single	general-practitioner	human	only opencyc
single	general-practitioner	mammal	only opencyc
single	general-practitioner	medical-practitioner	only wordnet
single	general-practitioner	organism	only wordnet
single	general-practitioner	person	only wordnet
single	general-practitioner	physical-object	only wordnet
single	general-practitioner	property	only sumo
single	general-practitioner	structure	only opencyc
single	general-practitioner	vertebrate	only opencyc
single	general-practitioner	worker	only opencyc
single	genetic-disease	condition	only wordnet
single	genetic-disease	event	only opencyc
single	genetic-disease	property	only sumo
single	genetic-disease	situation	only opencyc
single	genetic-disease	state	only wordnet
single	genetic-disease	symptomatic-effect	only sumo
single	gentamicin	agent	only wordnet
single	gentamicin	material	only sumo
single	geriatrics	cognition	only wordnet
single	geriatrics	natural-science	only wordnet
single	geriatrics	science	only wordnet
single	germ-theory	cognition	only wordnet
single	gerontologist	adult	only wordnet
single	gerontologist	agent	only wordnet
single	gerontologist	attribute	only sumo
single	gerontologist	doctor	only wordnet
single	gerontologist	medical-practitioner	only wordnet
single	gerontologist	organism	only wordnet
single	gerontologist	person	only wordnet
single	gerontologist	physical-object	only wordnet
single	gerontologist	professional	only wordnet
single	gerontologist	property	only sumo
single	giardiasis	condition	only wordnet
single	giardiasis	event	only opencyc
single	giardiasis	illness	only opencyc
single	giardiasis	property	only sumo
single	giardiasis	situation	only opencyc
single	giardiasis	state	only wordnet
single	giardiasis	symptomatic-effect	only sumo
single	gloom	quack	only sumo
single	glory	quack	only sumo
single	glycosuria	cognition	only wordnet
single	glycosuria	event	only sumo
single	glycosuria	evidence	only wordnet
single	goiter	attribute	only wordnet
single	goiter	condition	only wordnet
single	goiter	event	only opencyc
single	goiter	situation	only opencyc
single	goiter	state	only wordnet
single	good	quack	only sumo
single	good-name	quack	only sumo
single	good-repute	quack	only sumo
single	grace	quack	only sumo
single	graduate-nurse	agent	only wordnet
single	graduate-nurse	attribute	only sumo
single	graduate-nurse	human	only opencyc
single	graduate-nurse	mammal	only opencyc
single	graduate-nurse	organism	only wordnet
single	graduate-nurse	person	only wordnet
single	graduate-nurse	physical-object	only wordnet
single	graduate-nurse	property	only sumo
single	graduate-nurse	structure	only opencyc
single	graduate-nurse	vertebrate	only opencyc
single	graduate-nurse	worker	only opencyc
single	gramicidin	agent	only wordnet
single	gramicidin	drug	only wordnet
single	gramicidin	material	only sumo
single	gramicidin	medication	only wordnet
single	graze	attribute	only wordnet
single	graze	condition	only wordnet
single	graze	event	only sumo
single	graze	state	only wordnet
single	graze	wound	only wordnet
single	greenstick-fracture	attribute	only wordnet
single	greenstick-fracture	condition	only wordnet
single	greenstick-fracture	event	only sumo
single	greenstick-fracture	fracture	only wordnet
single	greenstick-fracture	state	only wordnet
single	grip	quack	only sumo
single	griseofulvin	agent	only wordnet
single	griseofulvin	antibacterial	only wordnet
single	griseofulvin	drug	only wordnet
single	griseofulvin	substance	only wordnet
single	group-therapy	accomplishment	only sumo
single	group-therapy	procedure	only sumo
single	group-therapy	tending	only wordnet
single	group-therapy	volition	only sumo
single	group-therapy	work	only wordnet
single	guilt	quack	only sumo
single	gulf-war-syndrome	cognition	only wordnet
single	gulf-war-syndrome	event	only sumo
single	gulf-war-syndrome	evidence	only wordnet
single	gumboil	condition	only wordnet
single	gumboil	property	only sumo
single	gumboil	staphylococcal-infection	only wordnet
single	gumboil	state	only wordnet
single	gumboil	symptomatic-effect	only sumo
single	gynecologist	agent	only wordnet
single	gynecologist	attribute	only sumo
single	gynecologist	human	only opencyc
single	gynecologist	mammal	only opencyc
single	gynecologist	medical-practitioner	only wordnet
single	gynecologist	organism	only wordnet
single	gynecologist	person	only wordnet
single	gynecologist	physical-object	only wordnet
single	gynecologist	property	only sumo
single	gynecologist	structure	only opencyc
single	gynecologist	vertebrate	only opencyc
single	gynecologist	worker	only opencyc
single	gynecology	cognition	only wordnet
single	gynecology	medicine	only wordnet
single	gynecology	natural-science	only wordnet
single	gynecology	science	only wordnet
single	habit	quack	only sumo
single	hairline-fracture	attribute	only wordnet
single	hairline-fracture	condition	only wordnet
single	hairline-fracture	event	only sumo
single	hairline-fracture	state	only wordnet
single	hakim	adult	only wordnet
single	hakim	animal	only sumo
single	hakim	body	only sumo
single	hakim	human	only sumo
single	hakim	mammal	only sumo
single	hakim	medical-practitioner	only wordnet
single	hakim	populace	only sumo
single	hakim	professional	only wordnet
single	hakim	self	only sumo
single	hakim	species	only sumo
single	hakim	vertebrate	only sumo
single	harmony	quack	only sumo
single	head-nurse	agent	only wordnet
single	head-nurse	human	only opencyc
single	head-nurse	mammal	only opencyc
single	head-nurse	organism	only wordnet
single	head-nurse	person	only wordnet
single	head-nurse	physical-object	only wordnet
single	head-nurse	structure	only opencyc
single	head-nurse	vertebrate	only opencyc
single	head-nurse	worker	only opencyc
single	heart-murmur	cognition	only wordnet
single	heart-murmur	evidence	only wordnet
single	heart-murmur	illness	only opencyc
single	heart-murmur	sign	only opencyc
single	heart-murmur	situation	only opencyc
single	heart-surgery	accomplishment	only sumo
single	heart-surgery	therapy	only sumo
single	heart-surgery	volition	only sumo
single	heartburn	cognition	only wordnet
single	heartburn	event	only sumo
single	heartburn	evidence	only wordnet
single	hebephrenia	condition	only wordnet
single	hebephrenia	inclination	only sumo
single	hebephrenia	mentality	only sumo
single	hebephrenia	property	only sumo
single	hebephrenia	state	only wordnet
single	hebephrenia	symptomatic-effect	only sumo
single	hebephrenia	trait	only sumo
single	heliotherapy	accomplishment	only sumo
single	heliotherapy	procedure	only sumo
single	heliotherapy	tending	only wordnet
single	heliotherapy	volition	only sumo
single	heliotherapy	work	only wordnet
single	hematinic	agent	only wordnet
single	hematinic	drug	only wordnet
single	hematinic	material	only sumo
single	hematologist	agent	only wordnet
single	hematologist	attribute	only sumo
single	hematologist	human	only opencyc
single	hematologist	mammal	only opencyc
single	hematologist	medical-practitioner	only wordnet
single	hematologist	organism	only wordnet
single	hematologist	person	only wordnet
single	hematologist	physical-object	only wordnet
single	hematologist	property	only sumo
single	hematologist	structure	only opencyc
single	hematologist	vertebrate	only opencyc
single	hematologist	worker	only opencyc
single	hematology	cognition	only wordnet
single	hematology	medicine	only wordnet
single	hematology	natural-science	only wordnet
single	hematology	science	only wordnet
single	hematuria	cognition	only wordnet
single	hematuria	event	only sumo
single	hematuria	evidence	only wordnet
single	hemoglobinemia	cognition	only wordnet
single	hemoglobinemia	event	only sumo
single	hemoglobinemia	evidence	only wordnet
single	hemoglobinuria	cognition	only wordnet
single	hemoglobinuria	event	only sumo
single	hemoglobinuria	evidence	only wordnet
single	hemoptysis	cognition	only wordnet
single	hemoptysis	evidence	only wordnet
single	hemoptysis	illness	only opencyc
single	hemoptysis	situation	only opencyc
single	hemorrhagic-fever	attribute	only wordnet
single	hemorrhagic-fever	condition	only wordnet
single	hemorrhagic-fever	state	only wordnet
single	hemorrhagic-stroke	attribute	only wordnet
single	hemorrhagic-stroke	condition	only wordnet
single	hemorrhagic-stroke	injury	only wordnet
single	hemorrhagic-stroke	state	only wordnet
single	hemorrhagic-stroke	trouble	only wordnet
single	hemorrhoidectomy	accomplishment	only sumo
single	hemorrhoidectomy	therapy	only sumo
single	hemorrhoidectomy	volition	only sumo
single	hemosiderosis	cognition	only wordnet
single	hemosiderosis	event	only sumo
single	hemosiderosis	evidence	only wordnet
single	hemostat	instrument	only wordnet
single	hemostat	physical-object	only wordnet
single	hepatoma	cancer	only wordnet
single	hepatoma	condition	only wordnet
single	hepatoma	disease	only wordnet
single	hepatoma	illness	only wordnet
single	hepatoma	malignancy	only wordnet
single	hepatoma	property	only sumo
single	hepatoma	state	only wordnet
single	hepatoma	symptomatic-effect	only sumo
single	hepatoma	tissue-growth	only wordnet
single	hepatoma	tumor	only wordnet
single	herbal-medicine	agent	only wordnet
single	herbal-medicine	drug	only wordnet
single	herbal-medicine	material	only sumo
single	hernia	attribute	only wordnet
single	hernia	condition	only wordnet
single	hernia	situation	only opencyc
single	hernia	state	only wordnet
single	hernia-truss	dressing	only wordnet
single	hernia-truss	fabric	only sumo
single	hernia-truss	physical-object	only wordnet
single	herniated-disc	attribute	only wordnet
single	herniated-disc	condition	only wordnet
single	herniated-disc	event	only sumo
single	herniated-disc	state	only wordnet
single	heroin	analgesic	only opencyc
single	herpangia	condition	only wordnet
single	herpangia	property	only sumo
single	herpangia	state	only wordnet
single	herpangia	symptomatic-effect	only sumo
single	hiatus-hernia	attribute	only wordnet
single	hiatus-hernia	condition	only wordnet
single	hiatus-hernia	event	only sumo
single	hiatus-hernia	state	only wordnet
single	hiatus-hernia	tissue-rupture	only wordnet
single	hiccup	cognition	only wordnet
single	hiccup	event	only sumo
single	hiccup	evidence	only wordnet
single	histamine-blocker	agent	only wordnet
single	histamine-blocker	drug	only wordnet
single	histamine-blocker	material	only sumo
single	hiv-infection	attribute	only wordnet
single	hiv-infection	condition	only wordnet
single	hiv-infection	event	only opencyc
single	hiv-infection	illness	only opencyc
single	hiv-infection	situation	only opencyc
single	hiv-infection	state	only wordnet
single	hodgkin's-disease	cancer	only wordnet
single	hodgkin's-disease	condition	only wordnet
single	hodgkin's-disease	disease	only wordnet
single	hodgkin's-disease	event	only opencyc
single	hodgkin's-disease	malignancy	only wordnet
single	hodgkin's-disease	property	only sumo
single	hodgkin's-disease	situation	only opencyc
single	hodgkin's-disease	state	only wordnet
single	hodgkin's-disease	symptomatic-effect	only sumo
single	hodgkin's-disease	tissue-growth	only wordnet
single	hodgkin's-disease	tumor	only wordnet
single	honor	quack	only sumo
single	honour	quack	only sumo
single	hormone-replacement-therapy	accomplishment	only sumo
single	hormone-replacement-therapy	action	only opencyc
single	hormone-replacement-therapy	procedure	only sumo
single	hormone-replacement-therapy	situation	only opencyc
single	hormone-replacement-therapy	tending	only wordnet
single	hormone-replacement-therapy	volition	only sumo
single	horner's-syndrome	cognition	only wordnet
single	horner's-syndrome	event	only sumo
single	horner's-syndrome	evidence	only wordnet
single	horner's-syndrome	symptom	only wordnet
single	horse-doctor	adult	only wordnet
single	horse-doctor	agent	only wordnet
single	horse-doctor	attribute	only sumo
single	horse-doctor	doctor	only wordnet
single	horse-doctor	medical-practitioner	only wordnet
single	horse-doctor	organism	only wordnet
single	horse-doctor	person	only wordnet
single	horse-doctor	physical-object	only wordnet
single	horse-doctor	professional	only wordnet
single	horse-doctor	property	only sumo
single	hostility	quack	only sumo
single	hot-flash	cognition	only wordnet
single	hot-flash	event	only sumo
single	hot-flash	evidence	only wordnet
single	house-physician	adult	only wordnet
single	house-physician	agent	only wordnet
single	house-physician	medical-practitioner	only wordnet
single	house-physician	organism	only wordnet
single	house-physician	person	only wordnet
single	house-physician	physical-object	only wordnet
single	house-physician	professional	only wordnet
single	hydrophobia	cognition	only wordnet
single	hydrophobia	event	only sumo
single	hydrophobia	evidence	only wordnet
single	hygiene	cognition	only wordnet
single	hygiene	medicine	only wordnet
single	hygiene	natural-science	only wordnet
single	hygiene	science	only wordnet
single	hygienist	adult	only wordnet
single	hygienist	agent	only wordnet
single	hygienist	attribute	only sumo
single	hygienist	doctor	only wordnet
single	hygienist	medical-practitioner	only wordnet
single	hygienist	organism	only wordnet
single	hygienist	person	only wordnet
single	hygienist	physical-object	only wordnet
single	hygienist	professional	only wordnet
single	hygienist	property	only sumo
single	hypercalcemia	cognition	only wordnet
single	hypercalcemia	event	only sumo
single	hypercalcemia	evidence	only wordnet
single	hypercalciuria	cognition	only wordnet
single	hypercalciuria	event	only sumo
single	hypercalciuria	evidence	only wordnet
single	hypercholesterolemia	cognition	only wordnet
single	hypercholesterolemia	event	only sumo
single	hypercholesterolemia	evidence	only wordnet
single	hyperglycemia	cognition	only wordnet
single	hyperglycemia	event	only sumo
single	hyperglycemia	evidence	only wordnet
single	hyperkalemia	cognition	only wordnet
single	hyperkalemia	evidence	only wordnet
single	hyperkalemia	illness	only opencyc
single	hyperkalemia	situation	only opencyc
single	hypernatremia	cognition	only wordnet
single	hypernatremia	event	only sumo
single	hypernatremia	evidence	only wordnet
single	hypersplenism	cognition	only wordnet
single	hypersplenism	event	only sumo
single	hypersplenism	evidence	only wordnet
single	hyphema	attribute	only wordnet
single	hyphema	condition	only wordnet
single	hyphema	event	only sumo
single	hyphema	injury	only wordnet
single	hyphema	state	only wordnet
single	hypnoanalysis	accomplishment	only sumo
single	hypnoanalysis	procedure	only sumo
single	hypnoanalysis	psychotherapy-treatment	only wordnet
single	hypnoanalysis	tending	only wordnet
single	hypnoanalysis	volition	only sumo
single	hypnoanalysis	work	only wordnet
single	hypnotherapy	accomplishment	only sumo
single	hypnotherapy	action	only opencyc
single	hypnotherapy	procedure	only sumo
single	hypnotherapy	situation	only opencyc
single	hypnotherapy	tending	only wordnet
single	hypnotherapy	volition	only sumo
single	hypnotherapy	work	only wordnet
single	hypocalcemia	cognition	only wordnet
single	hypocalcemia	event	only sumo
single	hypocalcemia	evidence	only wordnet
single	hypodermic-syringe	container	only opencyc
single	hypodermic-syringe	instrument	only wordnet
single	hypodermic-syringe	physical-object	only wordnet
single	hypoglycemia	cognition	only wordnet
single	hypoglycemia	evidence	only wordnet
single	hypoglycemia	illness	only opencyc
single	hypoglycemia	situation	only opencyc
single	hypokalemia	cognition	only wordnet
single	hypokalemia	evidence	only wordnet
single	hypokalemia	illness	only opencyc
single	hypokalemia	situation	only opencyc
single	hyponatremia	cognition	only wordnet
single	hyponatremia	evidence	only wordnet
single	hyponatremia	illness	only opencyc
single	hyponatremia	situation	only opencyc
single	hypophysectomy	accomplishment	only sumo
single	hypophysectomy	therapy	only sumo
single	hypophysectomy	volition	only sumo
single	hypoproteinemia	cognition	only wordnet
single	hypoproteinemia	event	only sumo
single	hypoproteinemia	evidence	only wordnet
single	hysterectomy	act	only wordnet
single	hysterectomy	action	only opencyc
single	hysterectomy	activity	only wordnet
single	hysterectomy	operation	only wordnet
single	hysterectomy	procedure	only wordnet
single	hysterectomy	situation	only opencyc
single	hysterectomy	visit	only sumo
single	hysterectomy	work	only opencyc
single	hysterotomy	accomplishment	only sumo
single	hysterotomy	therapy	only sumo
single	hysterotomy	volition	only sumo
single	ideal-value	quack	only sumo
single	ileostomy	accomplishment	only sumo
single	ileostomy	therapy	only sumo
single	ileostomy	volition	only sumo
single	illness	symptomatic-effect	only sumo
single	immunity	attribute	only wordnet
single	immunity	event	only sumo
single	immunity	state	only wordnet
single	immunochemistry	cognition	only wordnet
single	immunochemistry	medical-specialty	only wordnet
single	immunochemistry	medicine	only wordnet
single	immunochemistry	natural-science	only wordnet
single	immunochemistry	science	only wordnet
single	immunofluorescence	cognition	only wordnet
single	immunofluorescence	measure	only sumo
single	immunofluorescence	routine	only sumo
single	immunological-incompatibility	property	only sumo
single	immunological-incompatibility	state	only wordnet
single	immunology	cognition	only wordnet
single	immunology	natural-science	only wordnet
single	immunology	practice-of-medicine	only wikidata
single	immunology	science	only wordnet
single	immunopathology	cognition	only wordnet
single	immunopathology	medical-specialty	only wordnet
single	immunopathology	medicine	only wordnet
single	immunopathology	natural-science	only wordnet
single	immunopathology	science	only wordnet
single	immunosuppressant	agent	only wordnet
single	immunosuppressant	material	only sumo
single	immunosuppressant	medicine	only opencyc
single	immunotherapy	accomplishment	only sumo
single	immunotherapy	procedure	only sumo
single	immunotherapy	tending	only wordnet
single	immunotherapy	volition	only sumo
single	immunotherapy	work	only wordnet
single	impacted-fracture	attribute	only wordnet
single	impacted-fracture	condition	only wordnet
single	impacted-fracture	event	only sumo
single	impacted-fracture	state	only wordnet
single	imperativeness	quack	only sumo
single	implosion-therapy	accomplishment	only sumo
single	implosion-therapy	procedure	only sumo
single	implosion-therapy	psychotherapy-treatment	only wordnet
single	implosion-therapy	tending	only wordnet
single	implosion-therapy	volition	only sumo
single	implosion-therapy	work	only wordnet
single	importance	quack	only sumo
single	impression	quack	only sumo
single	improvement	quack	only sumo
single	incomplete-fracture	attribute	only wordnet
single	incomplete-fracture	condition	only wordnet
single	incomplete-fracture	event	only sumo
single	incomplete-fracture	state	only wordnet
single	incubation-period	quantity	only sumo
single	index-case	animal	only sumo
single	index-case	body	only sumo
single	index-case	human	only sumo
single	index-case	mammal	only sumo
single	index-case	populace	only sumo
single	index-case	self	only sumo
single	index-case	species	only sumo
single	index-case	vertebrate	only sumo
single	indigence	quack	only sumo
single	indigestion	cognition	only wordnet
single	indigestion	event	only sumo
single	indigestion	evidence	only wordnet
single	infantile-autism	attribute	only sumo
single	infantile-autism	cognition	only wordnet
single	infantile-autism	evidence	only wordnet
single	infantile-autism	property	only sumo
single	infantile-autism	symptom	only wordnet
single	infantile-autism	symptomatic-effect	only sumo
single	infantile-autism	syndrome	only wordnet
single	infection-process	event	only sumo
single	inflammation	cognition	only wordnet
single	inflammation	event	only sumo
single	inflammation	evidence	only wordnet
single	inflammation	increase	only sumo
single	inflammatory-disease	condition	only wordnet
single	inflammatory-disease	illness	only wordnet
single	inflammatory-disease	property	only sumo
single	inflammatory-disease	state	only wordnet
single	inflammatory-disease	symptomatic-effect	only sumo
single	inflation-therapy	accomplishment	only sumo
single	inflation-therapy	procedure	only sumo
single	inflation-therapy	tending	only wordnet
single	inflation-therapy	volition	only sumo
single	inflation-therapy	work	only wordnet
single	influence	quack	only sumo
single	infrared-therapy	accomplishment	only sumo
single	infrared-therapy	procedure	only sumo
single	infrared-therapy	tending	only wordnet
single	infrared-therapy	volition	only sumo
single	infrared-therapy	work	only wordnet
single	inguinal-hernia	attribute	only wordnet
single	inguinal-hernia	condition	only wordnet
single	inguinal-hernia	disease	only wikidata
single	inguinal-hernia	event	only sumo
single	inguinal-hernia	illness	only wikidata
single	inguinal-hernia	state	only wordnet
single	inguinal-hernia	tissue-rupture	only wordnet
single	inhalant	agent	only wordnet
single	inhalant	material	only sumo
single	inlay	dental-appliance	only wordnet
single	inlay	physical-object	only wordnet
single	inoculator	adult	only wordnet
single	inoculator	agent	only wordnet
single	inoculator	attribute	only sumo
single	inoculator	organism	only wordnet
single	inoculator	person	only wordnet
single	inoculator	physical-object	only wordnet
single	inoculator	professional	only wordnet
single	inoculator	property	only sumo
single	insanity	inclination	only sumo
single	insanity	mentality	only sumo
single	insanity	property	only sumo
single	insanity	state	only wordnet
single	insanity	symptomatic-effect	only sumo
single	insanity	trait	only sumo
single	insufficiency	quack	only sumo
single	insufflation	event	only sumo
single	insufflation	locating	only sumo
single	insufflation	visit	only sumo
single	insulin-shock	act	only wordnet
single	insulin-shock	activity	only wordnet
single	insulin-shock	locating	only sumo
single	insulin-shock	tending	only wordnet
single	insulin-shock	therapy	only wordnet
single	insulin-shock	visit	only sumo
single	insulin-shock	work	only wordnet
single	internal-medicine	cognition	only wordnet
single	internal-medicine	natural-science	only wordnet
single	internal-medicine	science	only wordnet
single	internist	agent	only wordnet
single	internist	attribute	only sumo
single	internist	human	only opencyc
single	internist	mammal	only opencyc
single	internist	medical-practitioner	only wordnet
single	internist	organism	only wordnet
single	internist	person	only wordnet
single	internist	physical-object	only wordnet
single	internist	property	only sumo
single	internist	structure	only opencyc
single	internist	vertebrate	only opencyc
single	internist	worker	only opencyc
single	intestinal-bypass	accomplishment	only sumo
single	intestinal-bypass	therapy	only sumo
single	intestinal-bypass	volition	only sumo
single	intracapsular-surgery	accomplishment	only sumo
single	intracapsular-surgery	eye-operation	only wordnet
single	intracapsular-surgery	therapy	only sumo
single	intracapsular-surgery	volition	only sumo
single	intravasation	attribute	only wordnet
single	intravasation	condition	only wordnet
single	intravasation	event	only sumo
single	intravasation	state	only wordnet
single	iontophoresis	accomplishment	only sumo
single	iontophoresis	procedure	only sumo
single	iontophoresis	tending	only wordnet
single	iontophoresis	volition	only sumo
single	iontophoresis	work	only wordnet
single	iridectomy	accomplishment	only sumo
single	iridectomy	therapy	only sumo
single	iridectomy	volition	only sumo
single	iridotomy	accomplishment	only sumo
single	iridotomy	therapy	only sumo
single	iridotomy	volition	only sumo
single	isoproterenol	agent	only wordnet
single	isoproterenol	drug	only wordnet
single	isoproterenol	material	only sumo
single	isosorbide	agent	only wordnet
single	isosorbide	drug	only wordnet
single	isosorbide	material	only sumo
single	jacquemier's-sign	attribute	only sumo
single	jacquemier's-sign	cognition	only wordnet
single	jacquemier's-sign	evidence	only wordnet
single	jacquemier's-sign	property	only sumo
single	jacquemier's-sign	symptomatic-effect	only sumo
single	jactitation	property	only sumo
single	jactitation	trait	only wordnet
single	jaundice	cognition	only wordnet
single	jaundice	evidence	only wordnet
single	jaundice	illness	only opencyc
single	jaundice	situation	only opencyc
single	jejunostomy	accomplishment	only sumo
single	jejunostomy	therapy	only sumo
single	jejunostomy	volition	only sumo
single	joint-dislocation	attribute	only wordnet
single	joint-dislocation	condition	only wordnet
single	joint-dislocation	event	only sumo
single	joint-dislocation	state	only wordnet
single	joke	quack	only sumo
single	jungian-psychology	cognition	only wordnet
single	jungian-psychology	medical-specialty	only wordnet
single	jungian-psychology	medicine	only wordnet
single	jungian-psychology	natural-science	only wordnet
single	jungian-psychology	psychiatry	only wordnet
single	jungian-psychology	science	only wordnet
single	jungle-fever	attribute	only wordnet
single	jungle-fever	condition	only wordnet
single	jungle-fever	protozoal-infection	only wordnet
single	jungle-fever	state	only wordnet
single	justice	quack	only sumo
single	kaliuresis	cognition	only wordnet
single	kaliuresis	event	only sumo
single	kaliuresis	evidence	only wordnet
single	kanamycin	agent	only wordnet
single	kanamycin	drug	only wordnet
single	kanamycin	material	only sumo
single	kanamycin	medication	only wordnet
single	kaposi's-sarcoma	cancer	only wordnet
single	kaposi's-sarcoma	condition	only wordnet
single	kaposi's-sarcoma	disease	only wordnet
single	kaposi's-sarcoma	illness	only wordnet
single	kaposi's-sarcoma	malignancy	only wordnet
single	kaposi's-sarcoma	property	only sumo
single	kaposi's-sarcoma	state	only wordnet
single	kaposi's-sarcoma	symptomatic-effect	only sumo
single	kaposi's-sarcoma	tissue-growth	only wordnet
single	kaposi's-sarcoma	tumor	only wordnet
single	kawasaki-disease	condition	only wordnet
single	kawasaki-disease	event	only opencyc
single	kawasaki-disease	property	only sumo
single	kawasaki-disease	situation	only opencyc
single	kawasaki-disease	state	only wordnet
single	kawasaki-disease	symptomatic-effect	only sumo
single	kayser-fleischer-ring	cognition	only wordnet
single	kayser-fleischer-ring	event	only sumo
single	kayser-fleischer-ring	evidence	only wordnet
single	keratocele	attribute	only wordnet
single	keratocele	condition	only wordnet
single	keratocele	event	only sumo
single	keratocele	state	only wordnet
single	keratocele	tissue-rupture	only wordnet
single	keratomalacia	cognition	only wordnet
single	keratomalacia	event	only sumo
single	keratomalacia	evidence	only wordnet
single	keratoplasty	accomplishment	only sumo
single	keratoplasty	surgery	only wikidata
single	keratoplasty	therapy	only sumo
single	keratoplasty	volition	only sumo
single	keratoscope	physical-object	only wordnet
single	keratotomy	accomplishment	only sumo
single	keratotomy	operation	only wordnet
single	keratotomy	volition	only sumo
single	kernig's-sign	cognition	only wordnet
single	kernig's-sign	event	only sumo
single	kernig's-sign	evidence	only wordnet
single	ketonemia	attribute	only sumo
single	ketonemia	cognition	only wordnet
single	ketonemia	evidence	only wordnet
single	ketonemia	property	only sumo
single	ketonemia	symptomatic-effect	only sumo
single	ketonuria	attribute	only sumo
single	ketonuria	cognition	only wordnet
single	ketonuria	evidence	only wordnet
single	ketonuria	property	only sumo
single	ketonuria	symptomatic-effect	only sumo
single	kibe	blain	only wordnet
single	kibe	condition	only wordnet
single	kibe	property	only sumo
single	kibe	sore	only wordnet
single	kibe	state	only wordnet
single	kibe	symptomatic-effect	only sumo
single	klinefelter's-syndrome	attribute	only sumo
single	klinefelter's-syndrome	cognition	only wordnet
single	klinefelter's-syndrome	evidence	only wordnet
single	klinefelter's-syndrome	property	only sumo
single	klinefelter's-syndrome	symptom	only wordnet
single	klinefelter's-syndrome	symptomatic-effect	only sumo
single	koplik's-spots	cognition	only wordnet
single	koplik's-spots	event	only sumo
single	koplik's-spots	evidence	only wordnet
single	laceration	attribute	only wordnet
single	laceration	cavity	only opencyc
single	laceration	condition	only wordnet
single	laceration	event	only sumo
single	laceration	state	only wordnet
single	laceration	structure	only opencyc
single	laminectomy	act	only wordnet
single	laminectomy	activity	only wordnet
single	laminectomy	operation	only wordnet
single	laminectomy	procedure	only wordnet
single	laminectomy	visit	only sumo
single	lancet	instrument	only wordnet
single	lancet	knife	only wordnet
single	lancet	physical-object	only wordnet
single	lancet	surgical-instrument	only wordnet
single	lancet	tool	only wordnet
single	laparocele	attribute	only wordnet
single	laparocele	condition	only wordnet
single	laparocele	event	only sumo
single	laparocele	state	only wordnet
single	laparocele	tissue-rupture	only wordnet
single	laparoscope	instrument	only wordnet
single	laparoscope	physical-object	only wordnet
single	laparoscopic-cholecystectomy	ablation	only wordnet
single	laparoscopic-cholecystectomy	act	only wordnet
single	laparoscopic-cholecystectomy	activity	only wordnet
single	laparoscopic-cholecystectomy	operation	only wordnet
single	laparoscopic-cholecystectomy	procedure	only wordnet
single	laparoscopic-cholecystectomy	visit	only sumo
single	laryngectomy	act	only wordnet
single	laryngectomy	activity	only wordnet
single	laryngectomy	operation	only wordnet
single	laryngectomy	procedure	only wordnet
single	laryngectomy	visit	only sumo
single	laryngoscope	physical-object	only wordnet
single	laser-assisted-in-situ-keratomileusis	accomplishment	only sumo
single	laser-assisted-in-situ-keratomileusis	therapy	only sumo
single	laser-assisted-in-situ-keratomileusis	volition	only sumo
single	laser-assisted-subepithelial-keratomileusis	accomplishment	only sumo
single	laser-assisted-subepithelial-keratomileusis	therapy	only sumo
single	laser-assisted-subepithelial-keratomileusis	volition	only sumo
single	laser-trabecular-surgery	accomplishment	only sumo
single	laser-trabecular-surgery	therapy	only sumo
single	laser-trabecular-surgery	volition	only sumo
single	lassa-fever	attribute	only wordnet
single	lassa-fever	condition	only wordnet
single	lassa-fever	event	only opencyc
single	lassa-fever	illness	only opencyc
single	lassa-fever	situation	only opencyc
single	lassa-fever	state	only wordnet
single	latent-hostility	quack	only sumo
single	lazaretto	building	only wordnet
single	lazaretto	development	only sumo
single	lazaretto	organization	only yago
single	lazaretto	physical-object	only wordnet
single	lazaretto	place	only yago
single	lazaretto	structure	only wordnet
single	lazaretto	workplace	only wikidata
single	leiomyosarcoma	cancer	only wordnet
single	leiomyosarcoma	condition	only wordnet
single	leiomyosarcoma	disease	only wordnet
single	leiomyosarcoma	illness	only wordnet
single	leiomyosarcoma	malignancy	only wordnet
single	leiomyosarcoma	property	only sumo
single	leiomyosarcoma	state	only wordnet
single	leiomyosarcoma	symptomatic-effect	only sumo
single	leiomyosarcoma	tissue-growth	only wordnet
single	leiomyosarcoma	tumor	only wordnet
single	leishmaniasis	condition	only wordnet
single	leishmaniasis	property	only sumo
single	leishmaniasis	state	only wordnet
single	leishmaniasis	symptomatic-effect	only sumo
single	leukemia	condition	only wordnet
single	leukemia	disease	only wordnet
single	leukemia	event	only opencyc
single	leukemia	malignancy	only wordnet
single	leukemia	property	only sumo
single	leukemia	situation	only opencyc
single	leukemia	state	only wordnet
single	leukemia	symptomatic-effect	only sumo
single	leukemia	tissue-growth	only wordnet
single	leukemia	tumor	only wordnet
single	licensed-practical-nurse	agent	only wordnet
single	licensed-practical-nurse	attribute	only sumo
single	licensed-practical-nurse	human	only opencyc
single	licensed-practical-nurse	mammal	only opencyc
single	licensed-practical-nurse	organism	only wordnet
single	licensed-practical-nurse	person	only wordnet
single	licensed-practical-nurse	physical-object	only wordnet
single	licensed-practical-nurse	property	only sumo
single	licensed-practical-nurse	structure	only opencyc
single	licensed-practical-nurse	vertebrate	only opencyc
single	licensed-practical-nurse	worker	only opencyc
single	lie-detector	detector	only claude
single	lie-detector	instrument	only wordnet
single	lie-detector	physical-object	only wordnet
single	limitation	quack	only sumo
single	lincomycin	agent	only wordnet
single	lincomycin	drug	only wordnet
single	lincomycin	material	only sumo
single	lincomycin	medication	only wordnet
single	lipectomy	accomplishment	only sumo
single	lipectomy	therapy	only sumo
single	lipectomy	volition	only sumo
single	lipemia	attribute	only sumo
single	lipemia	cognition	only wordnet
single	lipemia	evidence	only wordnet
single	lipemia	property	only sumo
single	lipemia	symptomatic-effect	only sumo
single	lipid-lowering-medicine	agent	only wordnet
single	lipid-lowering-medicine	drug	only wordnet
single	lipid-lowering-medicine	material	only sumo
single	liposarcoma	cancer	only wordnet
single	liposarcoma	condition	only wordnet
single	liposarcoma	disease	only wordnet
single	liposarcoma	illness	only wordnet
single	liposarcoma	malignancy	only wordnet
single	liposarcoma	property	only sumo
single	liposarcoma	state	only wordnet
single	liposarcoma	symptomatic-effect	only sumo
single	liposarcoma	tissue-growth	only wordnet
single	liposarcoma	tumor	only wordnet
single	liposuction	accomplishment	only sumo
single	liposuction	action	only opencyc
single	liposuction	situation	only opencyc
single	liposuction	surgery	only opencyc
single	liposuction	therapy	only sumo
single	liposuction	volition	only sumo
single	lithotomy	act	only wordnet
single	lithotomy	activity	only wordnet
single	lithotomy	procedure	only wordnet
single	lithotomy	therapy	only wikidata
single	lithotomy	visit	only sumo
single	liver-cancer	cancer	only wordnet
single	liver-cancer	condition	only wordnet
single	liver-cancer	disease	only wordnet
single	liver-cancer	event	only opencyc
single	liver-cancer	malignancy	only wordnet
single	liver-cancer	property	only sumo
single	liver-cancer	situation	only opencyc
single	liver-cancer	state	only wordnet
single	liver-cancer	symptomatic-effect	only sumo
single	liver-cancer	tissue-growth	only wordnet
single	liver-cancer	tumor	only wordnet
single	liver-disease	condition	only wordnet
single	liver-disease	event	only opencyc
single	liver-disease	property	only sumo
single	liver-disease	situation	only opencyc
single	liver-disease	state	only wordnet
single	liver-disease	symptomatic-effect	only sumo
single	lobectomy	act	only wordnet
single	lobectomy	activity	only wordnet
single	lobectomy	operation	only wordnet
single	lobectomy	procedure	only wordnet
single	lobectomy	visit	only sumo
single	lobotomy	act	only wordnet
single	lobotomy	activity	only wordnet
single	lobotomy	brain-surgery	only wordnet
single	lobotomy	neurosurgery	only wikidata
single	lobotomy	operation	only wordnet
single	lobotomy	procedure	only wordnet
single	lobotomy	surgery	only wikidata
single	lost-item	quack	only sumo
single	lower-respiratory-infection	condition	only wordnet
single	lower-respiratory-infection	event	only opencyc
single	lower-respiratory-infection	illness	only opencyc
single	lower-respiratory-infection	property	only sumo
single	lower-respiratory-infection	respiratory-disease	only opencyc
single	lower-respiratory-infection	situation	only opencyc
single	lower-respiratory-infection	state	only wordnet
single	lower-respiratory-infection	symptomatic-effect	only sumo
single	lumpectomy	act	only wordnet
single	lumpectomy	activity	only wordnet
single	lumpectomy	operation	only wordnet
single	lumpectomy	procedure	only wordnet
single	lumpectomy	visit	only sumo
single	lung-cancer	cancer	only wordnet
single	lung-cancer	condition	only wordnet
single	lung-cancer	disease	only wordnet
single	lung-cancer	event	only opencyc
single	lung-cancer	malignancy	only wordnet
single	lung-cancer	property	only sumo
single	lung-cancer	respiratory-disease	only opencyc
single	lung-cancer	situation	only opencyc
single	lung-cancer	state	only wordnet
single	lung-cancer	symptomatic-effect	only sumo
single	lung-cancer	tissue-growth	only wordnet
single	lung-cancer	tumor	only wordnet
single	lymphoblastic-leukemia	cancer	only wordnet
single	lymphoblastic-leukemia	condition	only wordnet
single	lymphoblastic-leukemia	disease	only wordnet
single	lymphoblastic-leukemia	illness	only wordnet
single	lymphoblastic-leukemia	leukemia	only wordnet
single	lymphoblastic-leukemia	malignancy	only wordnet
single	lymphoblastic-leukemia	property	only sumo
single	lymphoblastic-leukemia	state	only wordnet
single	lymphoblastic-leukemia	symptomatic-effect	only sumo
single	lymphoblastic-leukemia	tissue-growth	only wordnet
single	lymphoblastic-leukemia	tumor	only wordnet
single	lymphocytic-leukemia	cancer	only wordnet
single	lymphocytic-leukemia	condition	only wordnet
single	lymphocytic-leukemia	disease	only wordnet
single	lymphocytic-leukemia	illness	only wordnet
single	lymphocytic-leukemia	malignancy	only wordnet
single	lymphocytic-leukemia	property	only sumo
single	lymphocytic-leukemia	state	only wordnet
single	lymphocytic-leukemia	symptomatic-effect	only sumo
single	lymphocytic-leukemia	tissue-growth	only wordnet
single	lymphocytic-leukemia	tumor	only wordnet
single	lymphoma	condition	only wordnet
single	lymphoma	disease	only wordnet
single	lymphoma	illness	only wordnet
single	lymphoma	malignancy	only wordnet
single	lymphoma	property	only sumo
single	lymphoma	state	only wordnet
single	lymphoma	symptomatic-effect	only sumo
single	lymphoma	tissue-growth	only wordnet
single	lymphoma	tumor	only wordnet
single	lymphuria	cognition	only wordnet
single	lymphuria	event	only sumo
single	lymphuria	evidence	only wordnet
single	major-depressive-episode	attribute	only wordnet
single	major-depressive-episode	condition	only wordnet
single	major-depressive-episode	mental-disorder	only wordnet
single	major-depressive-episode	state	only wordnet
single	major-surgery	accomplishment	only sumo
single	major-surgery	action	only opencyc
single	major-surgery	situation	only opencyc
single	major-surgery	surgery	only opencyc
single	major-surgery	therapy	only sumo
single	major-surgery	volition	only sumo
single	major-surgery	work	only opencyc
single	malabsorption-syndrome	cognition	only wordnet
single	malabsorption-syndrome	event	only sumo
single	malabsorption-syndrome	evidence	only wordnet
single	malabsorption-syndrome	symptom	only wordnet
single	malaria	attribute	only wordnet
single	malaria	condition	only wordnet
single	malaria	event	only opencyc
single	malaria	illness	only opencyc
single	malaria	situation	only opencyc
single	malaria	state	only wordnet
single	malignancy	condition	only wordnet
single	malignancy	illness	only wordnet
single	malignancy	property	only sumo
single	malignancy	state	only wordnet
single	malocclusion	property	only sumo
single	malocclusion	state	only wordnet
single	malocclusion	symptomatic-effect	only sumo
single	maltreatment	quack	only sumo
single	marburg-disease	attribute	only wordnet
single	marburg-disease	condition	only wordnet
single	marburg-disease	state	only wordnet
single	marburg-disease	viral-infection	only wordnet
single	marseilles-fever	condition	only wordnet
single	marseilles-fever	illness	only wordnet
single	marseilles-fever	property	only sumo
single	marseilles-fever	state	only wordnet
single	marseilles-fever	symptomatic-effect	only sumo
single	mastectomy	act	only wordnet
single	mastectomy	action	only opencyc
single	mastectomy	activity	only wordnet
single	mastectomy	operation	only wordnet
single	mastectomy	procedure	only wordnet
single	mastectomy	situation	only opencyc
single	mastectomy	surgery	only opencyc
single	mastectomy	visit	only sumo
single	mastoidectomy	act	only wordnet
single	mastoidectomy	activity	only wordnet
single	mastoidectomy	operation	only wordnet
single	mastoidectomy	procedure	only wordnet
single	mastoidectomy	visit	only sumo
single	mastopexy	accomplishment	only sumo
single	mastopexy	therapy	only sumo
single	mastopexy	volition	only sumo
single	maternity-hospital	address	only sumo
single	maternity-hospital	building	only wordnet
single	maternity-hospital	development	only sumo
single	maternity-hospital	organization	only yago
single	maternity-hospital	physical-object	only wordnet
single	maternity-hospital	structure	only wordnet
single	meckel's-diverticulum	attribute	only wordnet
single	meckel's-diverticulum	condition	only wordnet
single	meckel's-diverticulum	event	only sumo
single	meckel's-diverticulum	hernia	only wordnet
single	meckel's-diverticulum	state	only wordnet
single	meckel's-diverticulum	tissue-rupture	only wordnet
single	medical-assistant	adult	only wordnet
single	medical-assistant	agent	only wordnet
single	medical-assistant	attribute	only sumo
single	medical-assistant	organism	only wordnet
single	medical-assistant	person	only wordnet
single	medical-assistant	physical-object	only wordnet
single	medical-assistant	property	only sumo
single	medical-complication	condition	only wordnet
single	medical-complication	illness	only wordnet
single	medical-complication	property	only sumo
single	medical-complication	state	only wordnet
single	medical-complication	symptomatic-effect	only sumo
single	medical-extern	adult	only wordnet
single	medical-extern	agent	only wordnet
single	medical-extern	attribute	only sumo
single	medical-extern	medical-practitioner	only wordnet
single	medical-extern	organism	only wordnet
single	medical-extern	person	only wordnet
single	medical-extern	physical-object	only wordnet
single	medical-extern	professional	only wordnet
single	medical-extern	property	only sumo
single	medical-imaging	accomplishment	only sumo
single	medical-imaging	action	only opencyc
single	medical-imaging	information	only sumo
single	medical-imaging	procedure	only sumo
single	medical-imaging	search	only sumo
single	medical-imaging	situation	only opencyc
single	medical-imaging	volition	only sumo
single	medical-infusion	locating	only sumo
single	medical-infusion	visit	only sumo
single	medical-intern	adult	only wordnet
single	medical-intern	agent	only wordnet
single	medical-intern	attribute	only sumo
single	medical-intern	medical-practitioner	only wordnet
single	medical-intern	organism	only wordnet
single	medical-intern	person	only wordnet
single	medical-intern	physical-object	only wordnet
single	medical-intern	professional	only wordnet
single	medical-intern	property	only sumo
single	medical-intern	worker	only wikidata
single	medical-officer	adult	only wordnet
single	medical-officer	agent	only wordnet
single	medical-officer	attribute	only sumo
single	medical-officer	organism	only wordnet
single	medical-officer	physical-object	only wordnet
single	medical-officer	professional	only wordnet
single	medical-officer	property	only sumo
single	medical-practitioner	adult	only wordnet
single	medical-practitioner	agent	only wordnet
single	medical-practitioner	attribute	only sumo
single	medical-practitioner	organism	only wordnet
single	medical-practitioner	person	only wordnet
single	medical-practitioner	physical-object	only wordnet
single	medical-practitioner	property	only sumo
single	medical-specialist	adult	only wordnet
single	medical-specialist	agent	only wordnet
single	medical-specialist	attribute	only sumo
single	medical-specialist	medical-practitioner	only wordnet
single	medical-specialist	organism	only wordnet
single	medical-specialist	person	only wordnet
single	medical-specialist	physical-object	only wordnet
single	medical-specialist	professional	only wordnet
single	medical-specialist	property	only sumo
single	medical-specialty	cognition	only wordnet
single	medical-specialty	natural-science	only wordnet
single	medical-specialty	science	only wordnet
single	medicating	accomplishment	only sumo
single	medicating	procedure	only sumo
single	medicating	tending	only wordnet
single	medicating	volition	only sumo
single	medicating	work	only wordnet
single	medicinal-powder	agent	only wordnet
single	medicinal-powder	drug	only wordnet
single	medicinal-powder	material	only sumo
single	medicinal-powder	physical-object	only wordnet
single	megalomania	inclination	only sumo
single	megalomania	mentality	only sumo
single	megalomania	property	only sumo
single	megalomania	state	only wordnet
single	megalomania	symptomatic-effect	only sumo
single	megalomania	trait	only sumo
single	megavitamin-therapy	act	only wordnet
single	megavitamin-therapy	activity	only wordnet
single	megavitamin-therapy	locating	only sumo
single	megavitamin-therapy	tending	only wordnet
single	megavitamin-therapy	visit	only sumo
single	megavitamin-therapy	work	only wordnet
single	melanoma	cancer	only wordnet
single	melanoma	carcinoma	only wordnet
single	melanoma	condition	only wordnet
single	melanoma	disease	only wordnet
single	melanoma	event	only opencyc
single	melanoma	malignancy	only wordnet
single	melanoma	property	only sumo
single	melanoma	situation	only opencyc
single	melanoma	state	only wordnet
single	melanoma	symptomatic-effect	only sumo
single	melanoma	tissue-growth	only wordnet
single	melanoma	tumor	only wordnet
single	meniere's-disease	condition	only wordnet
single	meniere's-disease	illness	only wordnet
single	meniere's-disease	property	only sumo
single	meniere's-disease	state	only wordnet
single	meniere's-disease	symptomatic-effect	only sumo
single	meningism	cognition	only wordnet
single	meningism	event	only sumo
single	meningism	evidence	only wordnet
single	meniscectomy	act	only wordnet
single	meniscectomy	activity	only wordnet
single	meniscectomy	operation	only wordnet
single	meniscectomy	procedure	only wordnet
single	meniscectomy	visit	only sumo
single	menorrhagia	attribute	only sumo
single	menorrhagia	cognition	only wordnet
single	menorrhagia	evidence	only wordnet
single	menorrhagia	property	only sumo
single	menorrhagia	symptomatic-effect	only sumo
single	mental-disorder	inclination	only sumo
single	mental-disorder	mentality	only sumo
single	mental-disorder	property	only sumo
single	mental-disorder	state	only wordnet
single	mental-disorder	symptomatic-effect	only sumo
single	mental-disorder	trait	only sumo
single	mesothelioma	cancer	only wordnet
single	mesothelioma	condition	only wordnet
single	mesothelioma	disease	only wordnet
single	mesothelioma	illness	only wordnet
single	mesothelioma	malignancy	only wordnet
single	mesothelioma	property	only sumo
single	mesothelioma	state	only wordnet
single	mesothelioma	symptomatic-effect	only sumo
single	mesothelioma	tissue-growth	only wordnet
single	mesothelioma	tumor	only wordnet
single	methacholine	agent	only wordnet
single	methacholine	drug	only wordnet
single	methacholine	material	only sumo
single	methicillin	agent	only wordnet
single	methicillin	antibacterial	only wordnet
single	methicillin	drug	only wordnet
single	methicillin	medication	only wordnet
single	methicillin	medicine	only opencyc
single	methicillin	prescription-drug	only opencyc
single	methicillin	substance	only wordnet
single	metrazol-shock	act	only wordnet
single	metrazol-shock	activity	only wordnet
single	metrazol-shock	locating	only sumo
single	metrazol-shock	tending	only wordnet
single	metrazol-shock	therapy	only wordnet
single	metrazol-shock	visit	only sumo
single	metrazol-shock	work	only wordnet
single	metrorrhagia	attribute	only wordnet
single	metrorrhagia	condition	only wordnet
single	metrorrhagia	event	only sumo
single	metrorrhagia	injury	only wordnet
single	metrorrhagia	state	only wordnet
single	microsurgery	accomplishment	only sumo
single	microsurgery	therapy	only sumo
single	microsurgery	volition	only sumo
single	microwave-diathermy-machine	instrument	only wordnet
single	microwave-diathermy-machine	physical-object	only wordnet
single	midwife	agent	only wordnet
single	midwife	attribute	only sumo
single	midwife	human	only opencyc
single	midwife	mammal	only opencyc
single	midwife	organism	only wordnet
single	midwife	person	only wordnet
single	midwife	physical-object	only wordnet
single	midwife	property	only sumo
single	midwife	structure	only opencyc
single	midwife	vertebrate	only opencyc
single	midwife	worker	only opencyc
single	military-hospital	address	only sumo
single	military-hospital	building	only wordnet
single	military-hospital	development	only sumo
single	military-hospital	organization	only yago
single	military-hospital	physical-object	only wordnet
single	military-hospital	structure	only wordnet
single	military-hospital	workplace	only wikidata
single	milk-sickness	condition	only wordnet
single	milk-sickness	illness	only wordnet
single	milk-sickness	property	only sumo
single	milk-sickness	state	only wordnet
single	milk-sickness	symptomatic-effect	only sumo
single	minimally-invasive-coronary-bypass-surgery	accomplishment	only sumo
single	minimally-invasive-coronary-bypass-surgery	heart-surgery	only wordnet
single	minimally-invasive-coronary-bypass-surgery	therapy	only sumo
single	minimally-invasive-coronary-bypass-surgery	volition	only sumo
single	minor-surgery	accomplishment	only sumo
single	minor-surgery	therapy	only sumo
single	minor-surgery	volition	only sumo
single	miracle	quack	only sumo
single	misery	quack	only sumo
single	mistake	quack	only sumo
single	mithramycin	agent	only wordnet
single	mithramycin	antibacterial	only wordnet
single	mithramycin	cytotoxic-drug	only wordnet
single	mithramycin	drug	only wordnet
single	mithramycin	material	only sumo
single	mithramycin	medication	only wordnet
single	mitomycin	agent	only wordnet
single	mitomycin	drug	only wordnet
single	mitomycin	material	only sumo
single	mitomycin	medication	only wordnet
single	modified-radical-mastectomy	ablation	only wordnet
single	modified-radical-mastectomy	act	only wordnet
single	modified-radical-mastectomy	activity	only wordnet
single	modified-radical-mastectomy	operation	only wordnet
single	modified-radical-mastectomy	procedure	only wordnet
single	modified-radical-mastectomy	visit	only sumo
single	monocytic-leukemia	cancer	only wordnet
single	monocytic-leukemia	condition	only wordnet
single	monocytic-leukemia	disease	only wordnet
single	monocytic-leukemia	illness	only wordnet
single	monocytic-leukemia	malignancy	only wordnet
single	monocytic-leukemia	property	only sumo
single	monocytic-leukemia	state	only wordnet
single	monocytic-leukemia	symptomatic-effect	only sumo
single	monocytic-leukemia	tissue-growth	only wordnet
single	monocytic-leukemia	tumor	only wordnet
single	monocytosis	cognition	only wordnet
single	monocytosis	event	only sumo
single	monocytosis	evidence	only wordnet
single	monopoly	quack	only sumo
single	mosquito-bite	attribute	only wordnet
single	mosquito-bite	condition	only wordnet
single	mosquito-bite	event	only sumo
single	mosquito-bite	state	only wordnet
single	mosquito-bite	structure	only opencyc
single	mucocutaneous-leishmaniasis	condition	only wordnet
single	mucocutaneous-leishmaniasis	property	only sumo
single	mucocutaneous-leishmaniasis	protozoal-infection	only wordnet
single	mucocutaneous-leishmaniasis	state	only wordnet
single	mucocutaneous-leishmaniasis	symptomatic-effect	only sumo
single	munchausen's-syndrome	cognition	only wordnet
single	munchausen's-syndrome	event	only sumo
single	munchausen's-syndrome	evidence	only wordnet
single	munchausen's-syndrome	symptom	only wordnet
single	musca-volitans	cognition	only wordnet
single	musca-volitans	event	only sumo
single	musca-volitans	evidence	only wordnet
single	muscle-strain	attribute	only wordnet
single	muscle-strain	condition	only wordnet
single	muscle-strain	event	only sumo
single	muscle-strain	state	only wordnet
single	mycomycin	agent	only wordnet
single	mycomycin	drug	only wordnet
single	mycomycin	material	only sumo
single	mycomycin	medication	only wordnet
single	myeloblastic-leukemia	cancer	only wordnet
single	myeloblastic-leukemia	condition	only wordnet
single	myeloblastic-leukemia	disease	only wordnet
single	myeloblastic-leukemia	illness	only wordnet
single	myeloblastic-leukemia	malignancy	only wordnet
single	myeloblastic-leukemia	property	only sumo
single	myeloblastic-leukemia	state	only wordnet
single	myeloblastic-leukemia	symptomatic-effect	only sumo
single	myeloblastic-leukemia	tissue-growth	only wordnet
single	myeloblastic-leukemia	tumor	only wordnet
single	myelocytic-leukemia	cancer	only wordnet
single	myelocytic-leukemia	condition	only wordnet
single	myelocytic-leukemia	disease	only wordnet
single	myelocytic-leukemia	illness	only wordnet
single	myelocytic-leukemia	malignancy	only wordnet
single	myelocytic-leukemia	property	only sumo
single	myelocytic-leukemia	state	only wordnet
single	myelocytic-leukemia	symptomatic-effect	only sumo
single	myelocytic-leukemia	tissue-growth	only wordnet
single	myelocytic-leukemia	tumor	only wordnet
single	myoglobinuria	cognition	only wordnet
single	myoglobinuria	event	only sumo
single	myoglobinuria	evidence	only wordnet
single	myosarcoma	cancer	only wordnet
single	myosarcoma	condition	only wordnet
single	myosarcoma	disease	only wordnet
single	myosarcoma	illness	only wordnet
single	myosarcoma	malignancy	only wordnet
single	myosarcoma	property	only sumo
single	myosarcoma	state	only wordnet
single	myosarcoma	symptomatic-effect	only sumo
single	myosarcoma	tissue-growth	only wordnet
single	myosarcoma	tumor	only wordnet
single	myotomy	accomplishment	only sumo
single	myotomy	therapy	only sumo
single	myotomy	volition	only sumo
single	myringectomy	accomplishment	only sumo
single	myringectomy	therapy	only sumo
single	myringectomy	volition	only sumo
single	myringoplasty	accomplishment	only sumo
single	myringoplasty	therapy	only sumo
single	myringoplasty	volition	only sumo
single	myringotomy	accomplishment	only sumo
single	myringotomy	therapy	only sumo
single	myringotomy	volition	only sumo
single	mystery	quack	only sumo
single	nafcillin	agent	only wordnet
single	nafcillin	antibacterial	only wordnet
single	nafcillin	drug	only wordnet
single	nafcillin	medication	only wordnet
single	nafcillin	substance	only wordnet
single	natriuresis	cognition	only wordnet
single	natriuresis	event	only sumo
single	natriuresis	evidence	only wordnet
single	neomycin	agent	only wordnet
single	neomycin	drug	only wordnet
single	neomycin	material	only sumo
single	neomycin	medication	only wordnet
single	neonatology	cognition	only wordnet
single	neonatology	medical-specialty	only wordnet
single	neonatology	medicine	only wordnet
single	neonatology	natural-science	only wordnet
single	neonatology	science	only wordnet
single	nephrectomy	act	only wordnet
single	nephrectomy	action	only opencyc
single	nephrectomy	activity	only wordnet
single	nephrectomy	procedure	only wordnet
single	nephrectomy	situation	only opencyc
single	nephrectomy	therapy	only wikidata
single	nephrectomy	visit	only sumo
single	nephrology	cognition	only wordnet
single	nephrology	natural-science	only wordnet
single	nephrology	practice-of-medicine	only wikidata
single	nephrology	science	only wordnet
single	nephrotic-syndrome	cognition	only wordnet
single	nephrotic-syndrome	event	only sumo
single	nephrotic-syndrome	evidence	only wordnet
single	nephrotic-syndrome	symptom	only wordnet
single	neurectomy	act	only wordnet
single	neurectomy	activity	only wordnet
single	neurectomy	operation	only wordnet
single	neurectomy	procedure	only wordnet
single	neurectomy	visit	only sumo
single	neurologist	agent	only wordnet
single	neurologist	attribute	only sumo
single	neurologist	human	only opencyc
single	neurologist	mammal	only opencyc
single	neurologist	medical-practitioner	only wordnet
single	neurologist	organism	only wordnet
single	neurologist	person	only wordnet
single	neurologist	physical-object	only wordnet
single	neurologist	property	only sumo
single	neurologist	research-worker	only wikidata
single	neurologist	structure	only opencyc
single	neurologist	vertebrate	only opencyc
single	neurologist	worker	only opencyc
single	neurology	cognition	only wordnet
single	neurology	natural-science	only wordnet
single	neurology	research	only wikidata
single	neuroplasty	accomplishment	only sumo
single	neuroplasty	therapy	only sumo
single	neuroplasty	volition	only sumo
single	neuropsychiatry	cognition	only wordnet
single	neuropsychiatry	medicine	only wordnet
single	neuropsychiatry	natural-science	only wordnet
single	neuropsychiatry	science	only wordnet
single	neurosarcoma	cancer	only wordnet
single	neurosarcoma	condition	only wordnet
single	neurosarcoma	disease	only wordnet
single	neurosarcoma	illness	only wordnet
single	neurosarcoma	malignancy	only wordnet
single	neurosarcoma	property	only sumo
single	neurosarcoma	state	only wordnet
single	neurosarcoma	symptomatic-effect	only sumo
single	neurosarcoma	tissue-growth	only wordnet
single	neurosarcoma	tumor	only wordnet
single	neurosurgeon	adult	only wordnet
single	neurosurgeon	agent	only wordnet
single	neurosurgeon	attribute	only sumo
single	neurosurgeon	medical-practitioner	only wordnet
single	neurosurgeon	medical-specialist	only wikidata
single	neurosurgeon	organism	only wordnet
single	neurosurgeon	person	only wordnet
single	neurosurgeon	physical-object	only wordnet
single	neurosurgeon	professional	only wordnet
single	neurosurgeon	property	only sumo
single	neurosurgeon	research-worker	only wikidata
single	neurosurgeon	scientist	only wikidata
single	neurosurgery	accomplishment	only sumo
single	neurosurgery	therapy	only sumo
single	neurosurgery	volition	only sumo
single	neutering	act	only wordnet
single	neutering	activity	only wordnet
single	neutering	operation	only wordnet
single	neutering	procedure	only wordnet
single	nonsense	quack	only sumo
single	nonsocial-infection	property	only sumo
single	nonsocial-infection	state	only wordnet
single	nonsocial-infection	symptomatic-effect	only sumo
single	noonan's-syndrome	cognition	only wordnet
single	noonan's-syndrome	event	only sumo
single	noonan's-syndrome	evidence	only wordnet
single	noonan's-syndrome	symptom	only wordnet
single	nosebleed	attribute	only wordnet
single	nosebleed	clinical-sign	only wikidata
single	nosebleed	condition	only wordnet
single	nosebleed	event	only sumo
single	nosebleed	injury	only wordnet
single	nosebleed	state	only wordnet
single	nosebleed	symptom	only wikidata
single	nosology	cognition	only wordnet
single	nosology	natural-science	only wordnet
single	nosology	science	only wordnet
single	novobiocin	agent	only wordnet
single	novobiocin	drug	only wordnet
single	novobiocin	material	only sumo
single	novobiocin	medication	only wordnet
single	nuance	quack	only sumo
single	nuclear-medicine	cognition	only wordnet
single	nuclear-medicine	natural-science	only wordnet
single	nuclear-medicine	practice-of-medicine	only wikidata
single	nuclear-medicine	science	only wordnet
single	numbness	cognition	only wordnet
single	numbness	evidence	only wordnet
single	numbness	situation	only opencyc
single	nurse-midwife	adult	only wordnet
single	nurse-midwife	agent	only wordnet
single	nurse-midwife	attribute	only sumo
single	nurse-midwife	nurse	only wordnet
single	nurse-midwife	organism	only wordnet
single	nurse-midwife	person	only wordnet
single	nurse-midwife	physical-object	only wordnet
single	nurse-midwife	professional	only wordnet
single	nurse-midwife	property	only sumo
single	nurse-practitioner	agent	only wordnet
single	nurse-practitioner	human	only opencyc
single	nurse-practitioner	mammal	only opencyc
single	nurse-practitioner	organism	only wordnet
single	nurse-practitioner	person	only wordnet
single	nurse-practitioner	physical-object	only wordnet
single	nurse-practitioner	structure	only opencyc
single	nurse-practitioner	vertebrate	only opencyc
single	nurse-practitioner	worker	only opencyc
single	nursing-matron	adult	only wordnet
single	nursing-matron	agent	only wordnet
single	nursing-matron	organism	only wordnet
single	nursing-matron	person	only wordnet
single	nursing-matron	physical-object	only wordnet
single	nursing-matron	professional	only wordnet
single	nux-vomica	agent	only wordnet
single	nux-vomica	drug	only wordnet
single	nux-vomica	material	only sumo
single	nystatin	agent	only wordnet
single	nystatin	drug	only wordnet
single	nystatin	material	only sumo
single	nystatin	medicine	only opencyc
single	oat-cell-carcinoma	cancer	only wordnet
single	oat-cell-carcinoma	condition	only wordnet
single	oat-cell-carcinoma	disease	only wordnet
single	oat-cell-carcinoma	illness	only wordnet
single	oat-cell-carcinoma	malignancy	only wordnet
single	oat-cell-carcinoma	property	only sumo
single	oat-cell-carcinoma	state	only wordnet
single	oat-cell-carcinoma	symptomatic-effect	only sumo
single	oat-cell-carcinoma	tissue-growth	only wordnet
single	oat-cell-carcinoma	tumor	only wordnet
single	obstetrician	agent	only wordnet
single	obstetrician	attribute	only sumo
single	obstetrician	human	only opencyc
single	obstetrician	mammal	only opencyc
single	obstetrician	medical-practitioner	only wordnet
single	obstetrician	organism	only wordnet
single	obstetrician	person	only wordnet
single	obstetrician	physical-object	only wordnet
single	obstetrician	property	only sumo
single	obstetrician	structure	only opencyc
single	obstetrician	vertebrate	only opencyc
single	obstetrician	worker	only opencyc
single	obstetrics	cognition	only wordnet
single	obstetrics	medicine	only wordnet
single	obstetrics	natural-science	only wordnet
single	obstetrics	science	only wordnet
single	occupational-disease	condition	only wordnet
single	occupational-disease	illness	only wordnet
single	occupational-disease	property	only sumo
single	occupational-disease	state	only wordnet
single	occupational-disease	symptomatic-effect	only sumo
single	occupational-therapy	accomplishment	only sumo
single	occupational-therapy	procedure	only sumo
single	occupational-therapy	tending	only wordnet
single	occupational-therapy	volition	only sumo
single	occupational-therapy	work	only wordnet
single	ochronosis	cognition	only wordnet
single	ochronosis	event	only sumo
single	ochronosis	evidence	only wordnet
single	ointment	agent	only wordnet
single	ointment	artifact	only opencyc
single	ointment	drug	only wordnet
single	ointment	material	only sumo
single	ointment	medication	only wordnet
single	oliguria	cognition	only wordnet
single	oliguria	event	only sumo
single	oliguria	evidence	only wordnet
single	omission	quack	only sumo
single	oncologist	agent	only wordnet
single	oncologist	attribute	only sumo
single	oncologist	human	only opencyc
single	oncologist	mammal	only opencyc
single	oncologist	medical-practitioner	only wordnet
single	oncologist	organism	only wordnet
single	oncologist	person	only wordnet
single	oncologist	physical-object	only wordnet
single	oncologist	property	only sumo
single	oncologist	structure	only opencyc
single	oncologist	vertebrate	only opencyc
single	oncologist	worker	only opencyc
single	oncology	cognition	only wordnet
single	oncology	natural-science	only wordnet
single	oncology	science	only wordnet
single	onychosis	condition	only wordnet
single	onychosis	illness	only wordnet
single	onychosis	property	only sumo
single	onychosis	state	only wordnet
single	onychosis	symptomatic-effect	only sumo
single	oophorectomy	act	only wordnet
single	oophorectomy	activity	only wordnet
single	oophorectomy	operation	only wordnet
single	oophorectomy	procedure	only wordnet
single	oophorectomy	visit	only sumo
single	oophorosalpingectomy	accomplishment	only sumo
single	oophorosalpingectomy	therapy	only sumo
single	oophorosalpingectomy	volition	only sumo
single	open-heart-surgery	accomplishment	only sumo
single	open-heart-surgery	therapy	only sumo
single	open-heart-surgery	volition	only sumo
single	ophthalmectomy	accomplishment	only sumo
single	ophthalmectomy	therapy	only sumo
single	ophthalmectomy	volition	only sumo
single	ophthalmologist	agent	only wordnet
single	ophthalmologist	attribute	only sumo
single	ophthalmologist	human	only opencyc
single	ophthalmologist	mammal	only opencyc
single	ophthalmologist	medical-practitioner	only wordnet
single	ophthalmologist	organism	only wordnet
single	ophthalmologist	person	only wordnet
single	ophthalmologist	physical-object	only wordnet
single	ophthalmologist	property	only sumo
single	ophthalmologist	structure	only opencyc
single	ophthalmologist	vertebrate	only opencyc
single	ophthalmologist	worker	only opencyc
single	ophthalmology	cognition	only wordnet
single	ophthalmology	natural-science	only wordnet
single	ophthalmology	science	only wordnet
single	ophthalmoscope	physical-object	only wordnet
single	opportunistic-infection	event	only opencyc
single	opportunistic-infection	illness	only opencyc
single	opportunistic-infection	property	only sumo
single	opportunistic-infection	situation	only opencyc
single	opportunistic-infection	state	only wordnet
single	opportunistic-infection	symptomatic-effect	only sumo
single	opportunity	quack	only sumo
single	option	quack	only sumo
single	oral-cancer	cancer	only wordnet
single	oral-cancer	condition	only wordnet
single	oral-cancer	disease	only wordnet
single	oral-cancer	illness	only wordnet
single	oral-cancer	malignancy	only wordnet
single	oral-cancer	property	only sumo
single	oral-cancer	state	only wordnet
single	oral-cancer	symptomatic-effect	only sumo
single	oral-cancer	tissue-growth	only wordnet
single	oral-cancer	tumor	only wordnet
single	orchidectomy	act	only wordnet
single	orchidectomy	activity	only wordnet
single	orchidectomy	operation	only wordnet
single	orchidectomy	procedure	only wordnet
single	orchidectomy	visit	only sumo
single	orchiopexy	accomplishment	only sumo
single	orchiopexy	therapy	only sumo
single	orchiopexy	volition	only sumo
single	orderliness	quack	only sumo
single	organ-incompetence	condition	only wordnet
single	organ-incompetence	illness	only wordnet
single	organ-incompetence	property	only sumo
single	organ-incompetence	state	only wordnet
single	organ-incompetence	symptomatic-effect	only sumo
single	organ-insufficiency	property	only sumo
single	organ-insufficiency	symptomatic-effect	only sumo
single	orthodontics	cognition	only wordnet
single	orthodontics	natural-science	only wordnet
single	orthodontics	practice-of-medicine	only wikidata
single	orthodontics	science	only wordnet
single	orthodontics	service	only wikidata
single	orthodontist	agent	only wordnet
single	orthodontist	doctor	only wikidata
single	orthodontist	human	only opencyc
single	orthodontist	mammal	only opencyc
single	orthodontist	medical-practitioner	only wordnet
single	orthodontist	medical-specialist	only wikidata
single	orthodontist	organism	only wordnet
single	orthodontist	person	only wordnet
single	orthodontist	physical-object	only wordnet
single	orthodontist	structure	only opencyc
single	orthodontist	vertebrate	only opencyc
single	orthodontist	worker	only opencyc
single	orthopedics	cognition	only wordnet
single	orthopedics	natural-science	only wordnet
single	orthopedics	science	only wordnet
single	orthopedist	adult	only wordnet
single	orthopedist	agent	only wordnet
single	orthopedist	attribute	only sumo
single	orthopedist	medical-practitioner	only wordnet
single	orthopedist	organism	only wordnet
single	orthopedist	person	only wordnet
single	orthopedist	physical-object	only wordnet
single	orthopedist	professional	only wordnet
single	orthopedist	property	only sumo
single	orthoptist	adult	only wordnet
single	orthoptist	agent	only wordnet
single	orthoptist	attribute	only sumo
single	orthoptist	doctor	only wordnet
single	orthoptist	medical-practitioner	only wordnet
single	orthoptist	organism	only wordnet
single	orthoptist	person	only wordnet
single	orthoptist	physical-object	only wordnet
single	orthoptist	professional	only wordnet
single	orthoptist	property	only sumo
single	orthoscope	instrument	only wordnet
single	orthoscope	physical-object	only wordnet
single	osteosarcoma	cancer	only wordnet
single	osteosarcoma	condition	only wordnet
single	osteosarcoma	disease	only wordnet
single	osteosarcoma	illness	only wordnet
single	osteosarcoma	malignancy	only wordnet
single	osteosarcoma	property	only sumo
single	osteosarcoma	state	only wordnet
single	osteosarcoma	symptomatic-effect	only sumo
single	osteosarcoma	tissue-growth	only wordnet
single	osteosarcoma	tumor	only wordnet
single	osteotomy	accomplishment	only sumo
single	osteotomy	therapy	only sumo
single	osteotomy	volition	only sumo
single	ostomy	accomplishment	only sumo
single	ostomy	therapy	only sumo
single	ostomy	volition	only sumo
single	otolaryngologist	adult	only wordnet
single	otolaryngologist	agent	only wordnet
single	otolaryngologist	attribute	only sumo
single	otolaryngologist	doctor	only wordnet
single	otolaryngologist	medical-practitioner	only wordnet
single	otolaryngologist	organism	only wordnet
single	otolaryngologist	person	only wordnet
single	otolaryngologist	physical-object	only wordnet
single	otolaryngologist	professional	only wordnet
single	otolaryngologist	property	only sumo
single	otology	cognition	only wordnet
single	otology	medicine	only wordnet
single	otology	natural-science	only wordnet
single	otology	science	only wordnet
single	otoplasty	accomplishment	only sumo
single	otoplasty	volition	only sumo
single	otoscope	hardware	only opencyc
single	otoscope	physical-object	only wordnet
single	otoscope	tool	only opencyc
single	over-the-counter-drug	agent	only wordnet
single	over-the-counter-drug	material	only sumo
single	over-the-counter-drug	medicine	only opencyc
single	overbite	condition	only wordnet
single	overbite	property	only sumo
single	overbite	state	only wordnet
single	overbite	symptomatic-effect	only sumo
single	overcompensation	cognition	only wordnet
single	overcompensation	defense-mechanism	only wordnet
single	overcompensation	event	only sumo
single	overcompensation	process	only wordnet
single	oxacillin	agent	only wordnet
single	oxacillin	antibacterial	only wordnet
single	oxacillin	drug	only wordnet
single	oxacillin	medication	only wordnet
single	oxacillin	medicine	only opencyc
single	oxacillin	substance	only wordnet
single	oxytetracycline	agent	only wordnet
single	oxytetracycline	drug	only wordnet
single	oxytetracycline	material	only sumo
single	oxytetracycline	medication	only wordnet
single	oxytocic	agent	only wordnet
single	oxytocic	drug	only wordnet
single	oxytocic	material	only sumo
single	oxytocic	medicine	only opencyc
single	ozena	condition	only wordnet
single	ozena	illness	only wordnet
single	ozena	property	only sumo
single	ozena	state	only wordnet
single	ozena	symptomatic-effect	only sumo
single	palatopharyngoplasty	accomplishment	only sumo
single	palatopharyngoplasty	therapy	only sumo
single	palatopharyngoplasty	volition	only sumo
single	paleopathology	cognition	only wordnet
single	paleopathology	medicine	only wordnet
single	paleopathology	natural-science	only wordnet
single	paleopathology	science	only wordnet
single	palpitation	cognition	only wordnet
single	palpitation	evidence	only wordnet
single	palpitation	situation	only opencyc
single	palsy	cognition	only wordnet
single	palsy	event	only sumo
single	palsy	evidence	only wordnet
single	pancreatectomy	accomplishment	only sumo
single	pancreatectomy	therapy	only sumo
single	pancreatectomy	volition	only sumo
single	pancreatic-cancer	cancer	only wordnet
single	pancreatic-cancer	condition	only wordnet
single	pancreatic-cancer	disease	only wordnet
single	pancreatic-cancer	illness	only wordnet
single	pancreatic-cancer	malignancy	only wordnet
single	pancreatic-cancer	property	only sumo
single	pancreatic-cancer	state	only wordnet
single	pancreatic-cancer	symptomatic-effect	only sumo
single	pancreatic-cancer	tissue-growth	only wordnet
single	pancreatic-cancer	tumor	only wordnet
single	paramnesia	property	only sumo
single	paramnesia	state	only wordnet
single	paramnesia	symptomatic-effect	only sumo
single	paranoia	condition	only wordnet
single	paranoia	emotion	only opencyc
single	paranoia	inclination	only sumo
single	paranoia	mentality	only sumo
single	paranoia	property	only sumo
single	paranoia	state	only wordnet
single	paranoia	symptomatic-effect	only sumo
single	paranoia	trait	only sumo
single	paranoid-schizophrenia	condition	only wordnet
single	paranoid-schizophrenia	inclination	only sumo
single	paranoid-schizophrenia	mentality	only sumo
single	paranoid-schizophrenia	property	only sumo
single	paranoid-schizophrenia	state	only wordnet
single	paranoid-schizophrenia	symptomatic-effect	only sumo
single	paranoid-schizophrenia	trait	only sumo
single	paregoric	agent	only wordnet
single	paregoric	drug	only wordnet
single	paregoric	substance	only wordnet
single	paresthesia	cognition	only wordnet
single	paresthesia	event	only sumo
single	paresthesia	evidence	only wordnet
single	paronychia	property	only sumo
single	paronychia	state	only wordnet
single	paronychia	symptomatic-effect	only sumo
single	paroxysm	symptomatic-effect	only sumo
single	patent-medicine	agent	only wordnet
single	patent-medicine	drug	only wordnet
single	patent-medicine	material	only sumo
single	pathogen	species	only sumo
single	pathogen-invasion	locating	only sumo
single	pathogen-invasion	visit	only sumo
single	pathological-curvature	attribute	only wordnet
single	pathological-curvature	event	only sumo
single	pathological-curvature	state	only wordnet
single	pathological-plaque	artifact	only wordnet
single	pathological-plaque	decoration	only wordnet
single	pathology	action	only opencyc
single	pathology	cognition	only wordnet
single	pathology	event	only opencyc
single	pathology	natural-science	only wordnet
single	pathology	science	only wordnet
single	pathology	situation	only opencyc
single	pediatrics	cognition	only wordnet
single	pediatrics	natural-science	only wordnet
single	pediatrics	science	only wordnet
single	pedodontist	adult	only wordnet
single	pedodontist	agent	only wordnet
single	pedodontist	attribute	only sumo
single	pedodontist	medical-practitioner	only wordnet
single	pedodontist	organism	only wordnet
single	pedodontist	person	only wordnet
single	pedodontist	physical-object	only wordnet
single	pedodontist	professional	only wordnet
single	pedodontist	property	only sumo
single	penetrating-trauma	attribute	only wordnet
single	penetrating-trauma	condition	only wordnet
single	penetrating-trauma	event	only sumo
single	penetrating-trauma	state	only wordnet
single	penicillamine	agent	only wordnet
single	penicillamine	drug	only wordnet
single	penicillamine	material	only sumo
single	penicillin	agent	only wordnet
single	penicillin	drug	only wordnet
single	penicillin	medication	only wordnet
single	penicillin	medicine	only opencyc
single	penicillin	prescription-drug	only opencyc
single	penicillin	substance	only wordnet
single	penicillin-f	agent	only wordnet
single	penicillin-f	antibacterial	only wordnet
single	penicillin-f	drug	only wordnet
single	penicillin-f	medication	only wordnet
single	penicillin-f	substance	only wordnet
single	penicillin-g	agent	only wordnet
single	penicillin-g	antibacterial	only wordnet
single	penicillin-g	drug	only wordnet
single	penicillin-g	medication	only wordnet
single	penicillin-g	substance	only wordnet
single	penicillin-o	agent	only wordnet
single	penicillin-o	antibacterial	only wordnet
single	penicillin-o	drug	only wordnet
single	penicillin-o	medication	only wordnet
single	penicillin-o	substance	only wordnet
single	penicillin-v	agent	only wordnet
single	penicillin-v	antibacterial	only wordnet
single	penicillin-v	drug	only wordnet
single	penicillin-v	medication	only wordnet
single	penicillin-v	substance	only wordnet
single	penicillin-v-potassium	agent	only wordnet
single	penicillin-v-potassium	antibacterial	only wordnet
single	penicillin-v-potassium	drug	only wordnet
single	penicillin-v-potassium	medication	only wordnet
single	penicillin-v-potassium	penicillin	only wordnet
single	penicillin-v-potassium	substance	only wordnet
single	penicillinase-resistant-antibiotic	agent	only wordnet
single	penicillinase-resistant-antibiotic	antibacterial	only wordnet
single	penicillinase-resistant-antibiotic	drug	only wordnet
single	penicillinase-resistant-antibiotic	medication	only wordnet
single	penicillinase-resistant-antibiotic	substance	only wordnet
single	pentylenetetrazol	agent	only wordnet
single	pentylenetetrazol	drug	only wordnet
single	pentylenetetrazol	material	only sumo
single	periarteritis-nodosa	condition	only wordnet
single	periarteritis-nodosa	illness	only wordnet
single	periarteritis-nodosa	property	only sumo
single	periarteritis-nodosa	state	only wordnet
single	periarteritis-nodosa	symptomatic-effect	only sumo
single	perinatologist	agent	only wordnet
single	perinatologist	attribute	only sumo
single	perinatologist	human	only opencyc
single	perinatologist	mammal	only opencyc
single	perinatologist	medical-practitioner	only wordnet
single	perinatologist	organism	only wordnet
single	perinatologist	person	only wordnet
single	perinatologist	physical-object	only wordnet
single	perinatologist	property	only sumo
single	perinatologist	structure	only opencyc
single	perinatologist	vertebrate	only opencyc
single	perinatologist	worker	only opencyc
single	perinatology	cognition	only wordnet
single	perinatology	medical-specialty	only wordnet
single	perinatology	medicine	only wordnet
single	perinatology	natural-science	only wordnet
single	perinatology	science	only wordnet
single	periodontal-disease	condition	only wordnet
single	periodontal-disease	illness	only wordnet
single	periodontal-disease	property	only sumo
single	periodontal-disease	state	only wordnet
single	periodontal-disease	symptomatic-effect	only sumo
single	periodontics	cognition	only wordnet
single	periodontics	medical-specialty	only wordnet
single	periodontics	medicine	only wordnet
single	periodontics	natural-science	only wordnet
single	periodontics	science	only wordnet
single	periodontist	agent	only wordnet
single	periodontist	attribute	only sumo
single	periodontist	human	only opencyc
single	periodontist	mammal	only opencyc
single	periodontist	medical-practitioner	only wordnet
single	periodontist	organism	only wordnet
single	periodontist	person	only wordnet
single	periodontist	physical-object	only wordnet
single	periodontist	property	only sumo
single	periodontist	structure	only opencyc
single	periodontist	vertebrate	only opencyc
single	periodontist	worker	only opencyc
single	petechia	attribute	only wordnet
single	petechia	condition	only wordnet
single	petechia	event	only sumo
single	petechia	state	only wordnet
single	phacoemulsification	accomplishment	only sumo
single	phacoemulsification	cataract-surgery	only wordnet
single	phacoemulsification	eye-operation	only wordnet
single	phacoemulsification	therapy	only sumo
single	phacoemulsification	volition	only sumo
single	phalloplasty	accomplishment	only sumo
single	phalloplasty	therapy	only sumo
single	phalloplasty	volition	only sumo
single	phantom-limb-syndrome	cognition	only wordnet
single	phantom-limb-syndrome	event	only sumo
single	phantom-limb-syndrome	evidence	only wordnet
single	phantom-limb-syndrome	symptom	only wordnet
single	pharmaceutical	agent	only wordnet
single	pharmaceutical	material	only sumo
single	pharmacist	agent	only wordnet
single	pharmacist	human	only opencyc
single	pharmacist	mammal	only opencyc
single	pharmacist	organism	only wordnet
single	pharmacist	person	only wordnet
single	pharmacist	physical-object	only wordnet
single	pharmacist	structure	only opencyc
single	pharmacist	vertebrate	only opencyc
single	pharmacist	worker	only opencyc
single	pharmacokinetics	cognition	only wordnet
single	pharmacokinetics	medical-specialty	only wordnet
single	pharmacokinetics	medicine	only wordnet
single	pharmacokinetics	natural-science	only wordnet
single	pharmacokinetics	science	only wordnet
single	pharmacologist	adult	only wordnet
single	pharmacologist	agent	only wordnet
single	pharmacologist	attribute	only sumo
single	pharmacologist	organism	only wordnet
single	pharmacologist	person	only wordnet
single	pharmacologist	physical-object	only wordnet
single	pharmacologist	professional	only wordnet
single	pharmacologist	property	only sumo
single	pharmacologist	research-worker	only wikidata
single	pharmacology	cognition	only wordnet
single	pharmacology	medicine	only wordnet
single	pharmacology	natural-science	only wordnet
single	pharmacology	science	only wordnet
single	pharmacy	cognition	only wordnet
single	pharmacy	medicine	only wordnet
single	pharmacy	natural-science	only wordnet
single	pharmacy	science	only wordnet
single	pharmacy	structure	only opencyc
single	phlebectomy	accomplishment	only sumo
single	phlebectomy	therapy	only sumo
single	phlebectomy	volition	only sumo
single	phlebothrombosis	attribute	only sumo
single	phlebothrombosis	event	only wordnet
single	phlebothrombosis	property	only sumo
single	phlebothrombosis	symptomatic-effect	only sumo
single	photocoagulation	accomplishment	only sumo
single	photocoagulation	therapy	only sumo
single	photocoagulation	volition	only sumo
single	photocoagulator	instrument	only wordnet
single	photocoagulator	physical-object	only wordnet
single	phototherapy	act	only wordnet
single	phototherapy	activity	only wordnet
single	phototherapy	locating	only sumo
single	phototherapy	tending	only wordnet
single	phototherapy	therapy	only wordnet
single	phototherapy	visit	only sumo
single	phototherapy	work	only wordnet
single	physical-pain	cognition	only wordnet
single	physical-pain	event	only sumo
single	physical-pain	evidence	only wordnet
single	physical-therapy	accomplishment	only sumo
single	physical-therapy	action	only opencyc
single	physical-therapy	procedure	only sumo
single	physical-therapy	situation	only opencyc
single	physical-therapy	tending	only wordnet
single	physical-therapy	volition	only sumo
single	physiological-reserve	quantity	only sumo
single	phytotherapy	accomplishment	only sumo
single	phytotherapy	procedure	only sumo
single	phytotherapy	tending	only wordnet
single	phytotherapy	volition	only sumo
single	phytotherapy	work	only wordnet
single	pick's-disease	condition	only wordnet
single	pick's-disease	dementia	only wordnet
single	pick's-disease	inclination	only sumo
single	pick's-disease	insanity	only wordnet
single	pick's-disease	mentality	only sumo
single	pick's-disease	property	only sumo
single	pick's-disease	state	only wordnet
single	pick's-disease	symptomatic-effect	only sumo
single	pick's-disease	trait	only sumo
single	pinch-injury	attribute	only wordnet
single	pinch-injury	condition	only wordnet
single	pinch-injury	event	only sumo
single	pinch-injury	state	only wordnet
single	piperacillin	agent	only wordnet
single	piperacillin	antibacterial	only wordnet
single	piperacillin	drug	only wordnet
single	piperacillin	medication	only wordnet
single	piperacillin	medicine	only opencyc
single	piperacillin	prescription-drug	only opencyc
single	piperacillin	substance	only wordnet
single	placebo	agent	only wordnet
single	placebo	drug	only wordnet
single	placebo	material	only sumo
single	plant-disease	condition	only wordnet
single	plant-disease	property	only sumo
single	plant-disease	state	only wordnet
single	plant-disease	symptomatic-effect	only sumo
single	plastic-surgery	accomplishment	only sumo
single	plastic-surgery	action	only opencyc
single	plastic-surgery	situation	only opencyc
single	plastic-surgery	therapy	only sumo
single	plastic-surgery	volition	only sumo
single	play-therapy	accomplishment	only sumo
single	play-therapy	procedure	only sumo
single	play-therapy	tending	only wordnet
single	play-therapy	volition	only sumo
single	play-therapy	work	only wordnet
single	pleomorphic-rhabdomyosarcoma	cancer	only wordnet
single	pleomorphic-rhabdomyosarcoma	condition	only wordnet
single	pleomorphic-rhabdomyosarcoma	disease	only wordnet
single	pleomorphic-rhabdomyosarcoma	illness	only wordnet
single	pleomorphic-rhabdomyosarcoma	malignancy	only wordnet
single	pleomorphic-rhabdomyosarcoma	property	only sumo
single	pleomorphic-rhabdomyosarcoma	sarcoma	only wordnet
single	pleomorphic-rhabdomyosarcoma	state	only wordnet
single	pleomorphic-rhabdomyosarcoma	symptomatic-effect	only sumo
single	pleomorphic-rhabdomyosarcoma	tissue-growth	only wordnet
single	pleomorphic-rhabdomyosarcoma	tumor	only wordnet
single	pneumococcal-vaccine	substance	only wordnet
single	pneumonectomy	act	only wordnet
single	pneumonectomy	activity	only wordnet
single	pneumonectomy	procedure	only wordnet
single	pneumonectomy	therapy	only wikidata
single	pneumonectomy	visit	only sumo
single	pneumonia	lower-respiratory-infection	only opencyc
single	podiatry	cognition	only wordnet
single	podiatry	natural-science	only wordnet
single	podiatry	science	only wordnet
single	poliovirus-vaccine	substance	only wordnet
single	polish	quack	only sumo
single	polygraph	equipment	only wikidata
single	polygraph	tool	only wikidata
single	polymyxin	agent	only wordnet
single	polymyxin	drug	only wordnet
single	polymyxin	material	only sumo
single	polymyxin	medication	only wordnet
single	polypectomy	accomplishment	only sumo
single	polypectomy	therapy	only sumo
single	polypectomy	volition	only sumo
single	port-access-coronary-bypass-surgery	accomplishment	only sumo
single	port-access-coronary-bypass-surgery	heart-surgery	only wordnet
single	port-access-coronary-bypass-surgery	therapy	only sumo
single	port-access-coronary-bypass-surgery	volition	only sumo
single	posology	cognition	only wordnet
single	posology	medical-specialty	only wordnet
single	posology	medicine	only wordnet
single	posology	natural-science	only wordnet
single	posology	science	only wordnet
single	postnasal-drip	cognition	only wordnet
single	postnasal-drip	event	only sumo
single	postnasal-drip	evidence	only wordnet
single	precedence	quack	only sumo
single	preciseness	quack	only sumo
single	premenstrual-syndrome	cognition	only wordnet
single	premenstrual-syndrome	event	only sumo
single	premenstrual-syndrome	evidence	only wordnet
single	premenstrual-syndrome	symptom	only wordnet
single	presenile-dementia	condition	only wordnet
single	presenile-dementia	inclination	only sumo
single	presenile-dementia	insanity	only wordnet
single	presenile-dementia	mentality	only sumo
single	presenile-dementia	property	only sumo
single	presenile-dementia	state	only wordnet
single	presenile-dementia	symptomatic-effect	only sumo
single	presenile-dementia	trait	only sumo
single	prestige	quack	only sumo
single	price	quack	only sumo
single	primary-care-physician	adult	only wordnet
single	primary-care-physician	agent	only wordnet
single	primary-care-physician	medical-practitioner	only wordnet
single	primary-care-physician	organism	only wordnet
single	primary-care-physician	person	only wordnet
single	primary-care-physician	physical-object	only wordnet
single	primary-care-physician	professional	only wordnet
single	primaxin	agent	only wordnet
single	primaxin	drug	only wordnet
single	primaxin	material	only sumo
single	primaxin	medication	only wordnet
single	privation	quack	only sumo
single	privilege	quack	only sumo
single	probationer-nurse	adult	only wordnet
single	probationer-nurse	agent	only wordnet
single	probationer-nurse	attribute	only sumo
single	probationer-nurse	organism	only wordnet
single	probationer-nurse	person	only wordnet
single	probationer-nurse	physical-object	only wordnet
single	probationer-nurse	professional	only wordnet
single	probationer-nurse	property	only sumo
single	probenecid	agent	only wordnet
single	probenecid	drug	only wordnet
single	probenecid	material	only sumo
single	proctologist	agent	only wordnet
single	proctologist	human	only opencyc
single	proctologist	mammal	only opencyc
single	proctologist	medical-practitioner	only wordnet
single	proctologist	organism	only wordnet
single	proctologist	person	only wordnet
single	proctologist	physical-object	only wordnet
single	proctologist	structure	only opencyc
single	proctologist	vertebrate	only opencyc
single	proctologist	worker	only opencyc
single	proctology	cognition	only wordnet
single	proctology	medicine	only wordnet
single	proctology	natural-science	only wordnet
single	proctology	science	only wordnet
single	proctoplasty	accomplishment	only sumo
single	proctoplasty	therapy	only sumo
single	proctoplasty	volition	only sumo
single	proctoscope	instrument	only wordnet
single	proctoscope	physical-object	only wordnet
single	prodrome	cognition	only wordnet
single	prodrome	event	only sumo
single	prodrome	evidence	only wordnet
single	profit	quack	only sumo
single	progressive-vaccinia	condition	only wordnet
single	progressive-vaccinia	property	only sumo
single	progressive-vaccinia	state	only wordnet
single	progressive-vaccinia	symptomatic-effect	only sumo
single	prosperity	quack	only sumo
single	prostate-cancer	cancer	only wordnet
single	prostate-cancer	carcinoma	only wordnet
single	prostate-cancer	condition	only wordnet
single	prostate-cancer	disease	only wordnet
single	prostate-cancer	illness	only wordnet
single	prostate-cancer	malignancy	only wordnet
single	prostate-cancer	property	only sumo
single	prostate-cancer	state	only wordnet
single	prostate-cancer	symptomatic-effect	only sumo
single	prostate-cancer	tissue-growth	only wordnet
single	prostate-cancer	tumor	only wordnet
single	prostatectomy	act	only wordnet
single	prostatectomy	activity	only wordnet
single	prostatectomy	operation	only wordnet
single	prostatectomy	procedure	only wordnet
single	prostatectomy	visit	only sumo
single	prosthetics	cognition	only wordnet
single	prosthetics	medicine	only wordnet
single	prosthetics	natural-science	only wordnet
single	prosthetics	science	only wordnet
single	prosthodontics	cognition	only wordnet
single	prosthodontics	medical-specialty	only wordnet
single	prosthodontics	medicine	only wordnet
single	prosthodontics	natural-science	only wordnet
single	prosthodontics	science	only wordnet
single	prosthodontist	adult	only wordnet
single	prosthodontist	agent	only wordnet
single	prosthodontist	medical-practitioner	only wordnet
single	prosthodontist	organism	only wordnet
single	prosthodontist	person	only wordnet
single	prosthodontist	physical-object	only wordnet
single	prosthodontist	professional	only wordnet
single	proteosome-vaccine	substance	only wordnet
single	protozoal-infection	property	only sumo
single	protozoal-infection	state	only wordnet
single	protozoal-infection	symptomatic-effect	only sumo
single	psychiatrist	agent	only wordnet
single	psychiatrist	attribute	only sumo
single	psychiatrist	human	only opencyc
single	psychiatrist	mammal	only opencyc
single	psychiatrist	medical-practitioner	only wordnet
single	psychiatrist	organism	only wordnet
single	psychiatrist	person	only wordnet
single	psychiatrist	physical-object	only wordnet
single	psychiatrist	property	only sumo
single	psychiatrist	structure	only opencyc
single	psychiatrist	vertebrate	only opencyc
single	psychiatrist	worker	only opencyc
single	psychiatry	cognition	only wordnet
single	psychiatry	natural-science	only wordnet
single	psychiatry	science	only wordnet
single	psychological-compensation	cognition	only wordnet
single	psychological-compensation	event	only sumo
single	psychological-compensation	process	only wordnet
single	psychological-conversion	cognition	only wordnet
single	psychological-conversion	event	only sumo
single	psychological-conversion	process	only wordnet
single	psychological-denial	cognition	only wordnet
single	psychological-denial	event	only sumo
single	psychological-denial	process	only wordnet
single	psychological-displacement	cognition	only wordnet
single	psychological-displacement	event	only sumo
single	psychological-displacement	process	only wordnet
single	psychological-idealization	cognition	only wordnet
single	psychological-idealization	event	only sumo
single	psychological-idealization	process	only wordnet
single	psychological-intellectualization	cognition	only wordnet
single	psychological-intellectualization	event	only sumo
single	psychological-intellectualization	process	only wordnet
single	psychological-isolation	cognition	only wordnet
single	psychological-isolation	event	only sumo
single	psychological-isolation	process	only wordnet
single	psychological-projection	cognition	only wordnet
single	psychological-projection	event	only sumo
single	psychological-projection	process	only wordnet
single	psychological-rationalization	cognition	only wordnet
single	psychological-rationalization	event	only sumo
single	psychological-rationalization	process	only wordnet
single	psychological-regression	cognition	only wordnet
single	psychological-regression	event	only sumo
single	psychological-regression	process	only wordnet
single	psychological-repression	cognition	only wordnet
single	psychological-repression	event	only sumo
single	psychological-repression	process	only wordnet
single	psychological-resistance	property	only sumo
single	psychological-resistance	trait	only wordnet
single	psychopharmacology	biology	only wikidata
single	psychopharmacology	cognition	only wordnet
single	psychopharmacology	medical-specialty	only wordnet
single	psychopharmacology	medicine	only wordnet
single	psychopharmacology	natural-science	only wordnet
single	psychopharmacology	science	only wordnet
single	psychosis	inclination	only sumo
single	psychosis	mentality	only sumo
single	psychosis	property	only sumo
single	psychosis	state	only wordnet
single	psychosis	symptomatic-effect	only sumo
single	psychosis	trait	only sumo
single	psychosurgery	accomplishment	only sumo
single	psychosurgery	surgery	only wikidata
single	psychosurgery	therapy	only sumo
single	psychosurgery	volition	only sumo
single	psychotherapy	action	only opencyc
single	psychotherapy	cognition	only wordnet
single	psychotherapy	event	only opencyc
single	psychotherapy	medical-specialty	only wordnet
single	psychotherapy	medicine	only wordnet
single	psychotherapy	natural-science	only wordnet
single	psychotherapy	science	only wordnet
single	psychotherapy	situation	only opencyc
single	psychotherapy	work	only opencyc
single	psychotherapy-treatment	accomplishment	only sumo
single	psychotherapy-treatment	procedure	only sumo
single	psychotherapy-treatment	tending	only wordnet
single	psychotherapy-treatment	volition	only sumo
single	psychotherapy-treatment	work	only wordnet
single	puerperal-fever	condition	only wordnet
single	puerperal-fever	property	only sumo
single	puerperal-fever	sepsis	only wordnet
single	puerperal-fever	state	only wordnet
single	puerperal-fever	symptomatic-effect	only sumo
single	pulmonary-aspergillosis	condition	only wordnet
single	pulmonary-aspergillosis	illness	only wordnet
single	pulmonary-aspergillosis	property	only sumo
single	pulmonary-aspergillosis	state	only wordnet
single	pulmonary-aspergillosis	symptomatic-effect	only sumo
single	purgative	agent	only wordnet
single	purgative	material	only sumo
single	purulence	attribute	only sumo
single	purulence	cognition	only wordnet
single	purulence	evidence	only wordnet
single	purulence	property	only sumo
single	pycnosis	condition	only wordnet
single	pycnosis	illness	only wordnet
single	pycnosis	property	only sumo
single	pycnosis	state	only wordnet
single	pycnosis	symptomatic-effect	only sumo
single	pyemia	condition	only wordnet
single	pyemia	property	only sumo
single	pyemia	state	only wordnet
single	pyemia	symptomatic-effect	only sumo
single	pyocyanase	agent	only wordnet
single	pyocyanase	drug	only wordnet
single	pyocyanase	material	only sumo
single	pyocyanase	medication	only wordnet
single	pyocyanin	agent	only wordnet
single	pyocyanin	drug	only wordnet
single	pyocyanin	material	only sumo
single	pyocyanin	medication	only wordnet
single	pyuria	cognition	only wordnet
single	pyuria	event	only sumo
single	pyuria	evidence	only wordnet
single	quack	adult	only wordnet
single	quack	agent	only wordnet
single	quack	attribute	only sumo
single	quack	medical-practitioner	only wordnet
single	quack	normal	only sumo
single	quack	organism	only wordnet
single	quack	person	only wordnet
single	quack	physical-object	only wordnet
single	quack	professional	only wordnet
single	quack	property	only sumo
single	quality	quack	only sumo
single	radial-keratotomy	accomplishment	only sumo
single	radial-keratotomy	eye-operation	only wordnet
single	radial-keratotomy	therapy	only sumo
single	radial-keratotomy	volition	only sumo
single	radical-hysterectomy	ablation	only wordnet
single	radical-hysterectomy	act	only wordnet
single	radical-hysterectomy	activity	only wordnet
single	radical-hysterectomy	operation	only wordnet
single	radical-hysterectomy	procedure	only wordnet
single	radical-hysterectomy	visit	only sumo
single	radical-mastectomy	ablation	only wordnet
single	radical-mastectomy	act	only wordnet
single	radical-mastectomy	activity	only wordnet
single	radical-mastectomy	operation	only wordnet
single	radical-mastectomy	procedure	only wordnet
single	radical-mastectomy	visit	only sumo
single	radiographer	adult	only wordnet
single	radiographer	agent	only wordnet
single	radiographer	attribute	only sumo
single	radiographer	doctor	only wordnet
single	radiographer	medical-practitioner	only wordnet
single	radiographer	organism	only wordnet
single	radiographer	person	only wordnet
single	radiographer	physical-object	only wordnet
single	radiographer	property	only sumo
single	radiographer	worker	only wikidata
single	radiologist	agent	only wordnet
single	radiologist	attribute	only sumo
single	radiologist	human	only opencyc
single	radiologist	mammal	only opencyc
single	radiologist	medical-practitioner	only wordnet
single	radiologist	organism	only wordnet
single	radiologist	person	only wordnet
single	radiologist	physical-object	only wordnet
single	radiologist	property	only sumo
single	radiologist	structure	only opencyc
single	radiologist	vertebrate	only opencyc
single	radiologist	worker	only opencyc
single	radiology	cognition	only wordnet
single	radiology	natural-science	only wordnet
single	radiology	science	only wordnet
single	radiotherapy	act	only wordnet
single	radiotherapy	activity	only wordnet
single	radiotherapy	locating	only sumo
single	radiotherapy	tending	only wordnet
single	radiotherapy	visit	only sumo
single	radiotherapy	work	only wordnet
single	radium-therapy	act	only wordnet
single	radium-therapy	activity	only wordnet
single	radium-therapy	locating	only sumo
single	radium-therapy	tending	only wordnet
single	radium-therapy	therapy	only wordnet
single	radium-therapy	visit	only sumo
single	radium-therapy	work	only wordnet
single	ramsay-hunt-syndrome	cognition	only wordnet
single	ramsay-hunt-syndrome	event	only sumo
single	ramsay-hunt-syndrome	evidence	only wordnet
single	randomness	quack	only sumo
single	raw-wound	attribute	only wordnet
single	raw-wound	condition	only wordnet
single	raw-wound	event	only sumo
single	raw-wound	state	only wordnet
single	reaction-formation	cognition	only wordnet
single	reaction-formation	event	only sumo
single	reaction-formation	process	only wordnet
single	realism	quack	only sumo
single	realm	quack	only sumo
single	reciprocal-inhibition	accomplishment	only sumo
single	reciprocal-inhibition	procedure	only sumo
single	reciprocal-inhibition	psychotherapy-treatment	only wordnet
single	reciprocal-inhibition	tending	only wordnet
single	reciprocal-inhibition	volition	only sumo
single	reciprocal-inhibition	work	only wordnet
single	rectocele	attribute	only wordnet
single	rectocele	condition	only wordnet
single	rectocele	event	only sumo
single	rectocele	hernia	only wordnet
single	rectocele	state	only wordnet
single	rectocele	tissue-rupture	only wordnet
single	redundancy	quack	only sumo
single	reflex-hammer	device	only sumo
single	reflex-hammer	physical-object	only wordnet
single	reflex-hammer	tool	only wordnet
single	reform	quack	only sumo
single	refreshment	quack	only sumo
single	regimen	cognition	only wordnet
single	regimen	idea	only wordnet
single	regimen	information	only opencyc
single	regimen	measure	only sumo
single	regimen	routine	only sumo
single	registered-nurse	agent	only wordnet
single	registered-nurse	attribute	only sumo
single	registered-nurse	human	only opencyc
single	registered-nurse	mammal	only opencyc
single	registered-nurse	organism	only wordnet
single	registered-nurse	person	only wordnet
single	registered-nurse	physical-object	only wordnet
single	registered-nurse	property	only sumo
single	registered-nurse	structure	only opencyc
single	registered-nurse	vertebrate	only opencyc
single	registered-nurse	worker	only opencyc
single	reiter's-syndrome	cognition	only wordnet
single	reiter's-syndrome	event	only sumo
single	reiter's-syndrome	evidence	only wordnet
single	reiter's-syndrome	symptom	only wordnet
single	reliance	quack	only sumo
single	renovation	quack	only sumo
single	reputation	quack	only sumo
single	resection	accomplishment	only sumo
single	resection	action	only opencyc
single	resection	situation	only opencyc
single	resection	therapy	only sumo
single	resection	volition	only sumo
single	resource	quack	only sumo
single	respiratory-disease	condition	only wordnet
single	respiratory-disease	event	only opencyc
single	respiratory-disease	property	only sumo
single	respiratory-disease	situation	only opencyc
single	respiratory-disease	state	only wordnet
single	respiratory-disease	symptomatic-effect	only sumo
single	respiratory-tract-infection	property	only sumo
single	respiratory-tract-infection	state	only wordnet
single	respiratory-tract-infection	symptomatic-effect	only sumo
single	restless-legs-syndrome	cognition	only wordnet
single	restless-legs-syndrome	evidence	only wordnet
single	restless-legs-syndrome	illness	only opencyc
single	restless-legs-syndrome	situation	only opencyc
single	restless-legs-syndrome	symptom	only wordnet
single	reverse	quack	only sumo
single	reye's-syndrome	attribute	only wordnet
single	reye's-syndrome	cognition	only wordnet
single	reye's-syndrome	event	only sumo
single	reye's-syndrome	evidence	only wordnet
single	reye's-syndrome	state	only wordnet
single	reye's-syndrome	symptom	only wordnet
single	rhabdomyosarcoma	cancer	only wordnet
single	rhabdomyosarcoma	condition	only wordnet
single	rhabdomyosarcoma	disease	only wordnet
single	rhabdomyosarcoma	illness	only wordnet
single	rhabdomyosarcoma	malignancy	only wordnet
single	rhabdomyosarcoma	property	only sumo
single	rhabdomyosarcoma	state	only wordnet
single	rhabdomyosarcoma	symptomatic-effect	only sumo
single	rhabdomyosarcoma	tissue-growth	only wordnet
single	rhabdomyosarcoma	tumor	only wordnet
single	rheumatism	condition	only wordnet
single	rheumatism	event	only opencyc
single	rheumatism	property	only sumo
single	rheumatism	situation	only opencyc
single	rheumatism	state	only wordnet
single	rheumatism	symptomatic-effect	only sumo
single	rheumatologist	agent	only wordnet
single	rheumatologist	attribute	only sumo
single	rheumatologist	human	only opencyc
single	rheumatologist	mammal	only opencyc
single	rheumatologist	medical-practitioner	only wordnet
single	rheumatologist	organism	only wordnet
single	rheumatologist	person	only wordnet
single	rheumatologist	physical-object	only wordnet
single	rheumatologist	property	only sumo
single	rheumatologist	structure	only opencyc
single	rheumatologist	vertebrate	only opencyc
single	rheumatologist	worker	only opencyc
single	rheumatology	cognition	only wordnet
single	rheumatology	natural-science	only wordnet
single	rheumatology	science	only wordnet
single	rhinolaryngology	cognition	only wordnet
single	rhinolaryngology	medicine	only wordnet
single	rhinolaryngology	natural-science	only wordnet
single	rhinolaryngology	science	only wordnet
single	rhinoplasty	accomplishment	only sumo
single	rhinoplasty	volition	only sumo
single	rhinorrhea	cognition	only wordnet
single	rhinorrhea	event	only sumo
single	rhinorrhea	evidence	only wordnet
single	rhinoscope	physical-object	only wordnet
single	rhinotomy	accomplishment	only sumo
single	rhinotomy	therapy	only sumo
single	rhinotomy	volition	only sumo
single	rhizotomy	accomplishment	only sumo
single	rhizotomy	therapy	only sumo
single	rhizotomy	volition	only sumo
single	rift-valley-fever	attribute	only wordnet
single	rift-valley-fever	condition	only wordnet
single	rift-valley-fever	event	only opencyc
single	rift-valley-fever	illness	only opencyc
single	rift-valley-fever	situation	only opencyc
single	rift-valley-fever	state	only wordnet
single	robotic-telesurgery	accomplishment	only sumo
single	robotic-telesurgery	therapy	only sumo
single	robotic-telesurgery	volition	only sumo
single	rope-burn	attribute	only wordnet
single	rope-burn	condition	only wordnet
single	rope-burn	event	only sumo
single	rope-burn	state	only wordnet
single	rope-burn	wound	only wordnet
single	rubbish	quack	only sumo
single	rubefacient	agent	only wordnet
single	rubefacient	material	only sumo
single	sabin-vaccine	antigen	only wordnet
single	sabin-vaccine	material	only sumo
single	saddle-sore	condition	only wordnet
single	saddle-sore	property	only sumo
single	saddle-sore	sore	only wordnet
single	saddle-sore	state	only wordnet
single	saddle-sore	symptomatic-effect	only sumo
single	safety	quack	only sumo
single	salk-vaccine	antigen	only wordnet
single	salk-vaccine	material	only sumo
single	salpingectomy	act	only wordnet
single	salpingectomy	activity	only wordnet
single	salpingectomy	operation	only wordnet
single	salpingectomy	procedure	only wordnet
single	salpingectomy	visit	only sumo
single	salvation	quack	only sumo
single	sanatorium	address	only sumo
single	sanatorium	building	only wordnet
single	sanatorium	development	only sumo
single	sanatorium	organization	only yago
single	sanatorium	physical-object	only wordnet
single	sanatorium	structure	only wordnet
single	sandfly-fever	condition	only wordnet
single	sandfly-fever	illness	only wordnet
single	sandfly-fever	property	only sumo
single	sandfly-fever	state	only wordnet
single	sandfly-fever	symptomatic-effect	only sumo
single	sapremia	condition	only wordnet
single	sapremia	property	only sumo
single	sapremia	state	only wordnet
single	sapremia	symptomatic-effect	only sumo
single	sarcoma	condition	only wordnet
single	sarcoma	disease	only wordnet
single	sarcoma	illness	only wordnet
single	sarcoma	malignancy	only wordnet
single	sarcoma	property	only sumo
single	sarcoma	state	only wordnet
single	sarcoma	symptomatic-effect	only sumo
single	sarcoma	tissue-growth	only wordnet
single	sarcoma	tumor	only wordnet
single	scabies	event	only opencyc
single	scabies	illness	only opencyc
single	scabies	property	only sumo
single	scabies	situation	only opencyc
single	scabies	state	only wordnet
single	scabies	symptomatic-effect	only sumo
single	scald	attribute	only wordnet
single	scald	condition	only wordnet
single	scald	event	only sumo
single	scald	state	only wordnet
single	scalenus-syndrome	cognition	only wordnet
single	scalenus-syndrome	event	only sumo
single	scalenus-syndrome	evidence	only wordnet
single	scalenus-syndrome	symptom	only wordnet
single	scalpel	equipment	only wikidata
single	scalpel	hardware	only opencyc
single	scalpel	instrument	only wordnet
single	scalpel	surgical-instrument	only wordnet
single	scandal	quack	only sumo
single	scar	cognition	only wordnet
single	scar	evidence	only wordnet
single	scar	physical-object	only sumo
single	scar	structure	only opencyc
single	scatology	accomplishment	only sumo
single	scatology	information	only sumo
single	scatology	procedure	only sumo
single	scatology	search	only sumo
single	scatology	volition	only sumo
single	scheduling-conflict	quack	only sumo
single	schistosomiasis	event	only opencyc
single	schistosomiasis	illness	only opencyc
single	schistosomiasis	property	only sumo
single	schistosomiasis	situation	only opencyc
single	schistosomiasis	state	only wordnet
single	schistosomiasis	symptomatic-effect	only sumo
single	schizophrenia	condition	only wordnet
single	schizophrenia	event	only opencyc
single	schizophrenia	illness	only opencyc
single	schizophrenia	inclination	only sumo
single	schizophrenia	mentality	only sumo
single	schizophrenia	property	only sumo
single	schizophrenia	situation	only opencyc
single	schizophrenia	state	only wordnet
single	schizophrenia	symptomatic-effect	only sumo
single	schizophrenia	trait	only sumo
single	scope	quack	only sumo
single	scorch-burn	attribute	only wordnet
single	scorch-burn	condition	only wordnet
single	scorch-burn	event	only sumo
single	scorch-burn	state	only wordnet
single	scrub-nurse	adult	only wordnet
single	scrub-nurse	agent	only wordnet
single	scrub-nurse	attribute	only sumo
single	scrub-nurse	organism	only wordnet
single	scrub-nurse	person	only wordnet
single	scrub-nurse	physical-object	only wordnet
single	scrub-nurse	professional	only wordnet
single	scrub-nurse	property	only sumo
single	second-degree-burn	attribute	only wordnet
single	second-degree-burn	condition	only wordnet
single	second-degree-burn	event	only sumo
single	second-degree-burn	state	only wordnet
single	secret	quack	only sumo
single	sedation	accomplishment	only sumo
single	sedation	medicating	only wordnet
single	sedation	procedure	only sumo
single	sedation	tending	only wordnet
single	sedation	volition	only sumo
single	sedation	work	only wordnet
single	sedative	agent	only wordnet
single	sedative	drug	only wordnet
single	sedative	medicine	only opencyc
single	sedative	substance	only wordnet
single	self-analysis	accomplishment	only sumo
single	self-analysis	procedure	only sumo
single	self-analysis	tending	only wordnet
single	self-analysis	volition	only sumo
single	self-analysis	work	only wordnet
single	seminoma	cancer	only wordnet
single	seminoma	condition	only wordnet
single	seminoma	disease	only wordnet
single	seminoma	illness	only wordnet
single	seminoma	malignancy	only wordnet
single	seminoma	property	only sumo
single	seminoma	state	only wordnet
single	seminoma	symptomatic-effect	only sumo
single	seminoma	tissue-growth	only wordnet
single	seminoma	tumor	only wordnet
single	senile-dementia	condition	only wordnet
single	senile-dementia	inclination	only sumo
single	senile-dementia	insanity	only wordnet
single	senile-dementia	mentality	only sumo
single	senile-dementia	property	only sumo
single	senile-dementia	state	only wordnet
single	senile-dementia	symptomatic-effect	only sumo
single	senile-dementia	trait	only sumo
single	sepsis	property	only sumo
single	sepsis	state	only wordnet
single	sepsis	symptomatic-effect	only sumo
single	septectomy	accomplishment	only sumo
single	septectomy	therapy	only sumo
single	septectomy	volition	only sumo
single	serology	cognition	only wordnet
single	serology	natural-science	only wordnet
single	serology	science	only wordnet
single	severity	quack	only sumo
single	sex-change-operation	accomplishment	only sumo
single	sex-change-operation	therapy	only sumo
single	sex-change-operation	volition	only sumo
single	shipping-fever	condition	only wordnet
single	shipping-fever	disease	only wordnet
single	shipping-fever	illness	only wordnet
single	shipping-fever	property	only sumo
single	shipping-fever	sepsis	only wordnet
single	shipping-fever	state	only wordnet
single	shipping-fever	symptomatic-effect	only sumo
single	shirodkar's-operation	act	only wordnet
single	shirodkar's-operation	activity	only wordnet
single	shirodkar's-operation	procedure	only wordnet
single	shock-therapy	accomplishment	only sumo
single	shock-therapy	procedure	only sumo
single	shock-therapy	tending	only wordnet
single	shock-therapy	volition	only sumo
single	shock-therapy	work	only wordnet
single	shortwave-diathermy-machine	instrument	only wordnet
single	shortwave-diathermy-machine	machine	only sumo
single	shortwave-diathermy-machine	machinery	only sumo
single	shortwave-diathermy-machine	physical-object	only wordnet
single	sigmoidectomy	act	only wordnet
single	sigmoidectomy	activity	only wordnet
single	sigmoidectomy	operation	only wordnet
single	sigmoidectomy	procedure	only wordnet
single	sigmoidectomy	visit	only sumo
single	sigmoidoscope	instrument	only wordnet
single	sigmoidoscope	physical-object	only wordnet
single	similarity	quack	only sumo
single	simple-fracture	attribute	only wordnet
single	simple-fracture	condition	only wordnet
single	simple-fracture	event	only sumo
single	simple-fracture	state	only wordnet
single	simple-mastectomy	ablation	only wordnet
single	simple-mastectomy	act	only wordnet
single	simple-mastectomy	activity	only wordnet
single	simple-mastectomy	operation	only wordnet
single	simple-mastectomy	procedure	only wordnet
single	simple-mastectomy	visit	only sumo
single	simplicity	quack	only sumo
single	sin	quack	only sumo
single	situation	quack	only sumo
single	skin-cancer	cancer	only wordnet
single	skin-cancer	condition	only wordnet
single	skin-cancer	disease	only wordnet
single	skin-cancer	event	only opencyc
single	skin-cancer	malignancy	only wordnet
single	skin-cancer	property	only sumo
single	skin-cancer	situation	only opencyc
single	skin-cancer	state	only wordnet
single	skin-cancer	symptomatic-effect	only sumo
single	skin-cancer	tissue-growth	only wordnet
single	skin-cancer	tumor	only wordnet
single	skin-disease	condition	only wordnet
single	skin-disease	illness	only wordnet
single	skin-disease	property	only sumo
single	skin-disease	state	only wordnet
single	skin-disease	symptomatic-effect	only sumo
single	skin-eruption	cognition	only wordnet
single	skin-eruption	event	only sumo
single	skin-eruption	evidence	only wordnet
single	skin-wale	attribute	only wordnet
single	skin-wale	condition	only wordnet
single	skin-wale	event	only sumo
single	skin-wale	state	only wordnet
single	snake-oil	amateur	only sumo
single	snake-oil	ambiance	only sumo
single	snake-oil	attribute	only sumo
single	snake-oil	circumstance	only sumo
single	snake-oil	civilisation	only sumo
single	snake-oil	crowd	only sumo
single	snake-oil	custom	only sumo
single	snake-oil	danger	only sumo
single	snake-oil	expert	only sumo
single	snake-oil	freedom	only sumo
single	snake-oil	lap	only sumo
single	snake-oil	literary-works	only sumo
single	snake-oil	normal	only sumo
single	snake-oil	practice	only sumo
single	snake-oil	property	only sumo
single	snake-oil	quack	only sumo
single	snake-oil	society	only sumo
single	snake-oil	status	only sumo
single	snake-oil	tension	only sumo
single	snake-oil	way	only sumo
single	snakebite	attribute	only wordnet
single	snakebite	condition	only wordnet
single	snakebite	event	only sumo
single	snakebite	state	only wordnet
single	snakebite	wound	only wordnet
single	sneeze	cognition	only wordnet
single	sneeze	event	only sumo
single	sneeze	evidence	only wordnet
single	snub	quack	only sumo
single	solidarity	quack	only sumo
single	solution	quack	only sumo
single	soothing-syrup	agent	only wordnet
single	soothing-syrup	drug	only wordnet
single	soothing-syrup	material	only sumo
single	sore	property	only sumo
single	sore	state	only wordnet
single	sore	symptomatic-effect	only sumo
single	space-medicine	cognition	only wordnet
single	space-medicine	medicine	only wordnet
single	space-medicine	natural-science	only wordnet
single	space-medicine	science	only wordnet
single	spaying	act	only wordnet
single	spaying	activity	only wordnet
single	spaying	operation	only wordnet
single	spaying	procedure	only wordnet
single	spaying	surgical-sterilization	only wordnet
single	specific-remedy	agent	only wordnet
single	specific-remedy	drug	only wordnet
single	specific-remedy	material	only sumo
single	spectinomycin	agent	only wordnet
single	spectinomycin	drug	only wordnet
single	spectinomycin	material	only sumo
single	spectinomycin	medication	only wordnet
single	spectrum	quack	only sumo
single	speculum	hardware	only opencyc
single	speculum	physical-object	only wordnet
single	speculum	tool	only opencyc
single	speech-therapy	accomplishment	only sumo
single	speech-therapy	procedure	only sumo
single	speech-therapy	tending	only wordnet
single	speech-therapy	volition	only sumo
single	speech-therapy	work	only wordnet
single	spinal-fusion	act	only wordnet
single	spinal-fusion	activity	only wordnet
single	spinal-fusion	tending	only wordnet
single	spinal-fusion	therapy	only wordnet
single	spinal-fusion	work	only wordnet
single	spirit	quack	only sumo
single	splenectomy	act	only wordnet
single	splenectomy	action	only opencyc
single	splenectomy	activity	only wordnet
single	splenectomy	operation	only wordnet
single	splenectomy	procedure	only wordnet
single	splenectomy	situation	only opencyc
single	splenectomy	surgery	only opencyc
single	splenectomy	visit	only sumo
single	split-brain-technique	accomplishment	only sumo
single	split-brain-technique	therapy	only sumo
single	split-brain-technique	volition	only sumo
single	spondylolisthesis	attribute	only wordnet
single	spondylolisthesis	condition	only wordnet
single	spondylolisthesis	event	only sumo
single	spondylolisthesis	state	only wordnet
single	sports-medicine	cognition	only wordnet
single	sports-medicine	natural-science	only wordnet
single	sports-medicine	practice-of-medicine	only wikidata
single	sports-medicine	science	only wordnet
single	sprain	action	only opencyc
single	sprain	attribute	only wordnet
single	sprain	condition	only wordnet
single	sprain	situation	only opencyc
single	sprain	state	only wordnet
single	stake	quack	only sumo
single	stapedectomy	act	only wordnet
single	stapedectomy	activity	only wordnet
single	stapedectomy	operation	only wordnet
single	stapedectomy	procedure	only wordnet
single	stapedectomy	visit	only sumo
single	staphylococcal-infection	property	only sumo
single	staphylococcal-infection	state	only wordnet
single	staphylococcal-infection	symptomatic-effect	only sumo
single	steatorrhea	attribute	only sumo
single	steatorrhea	cognition	only wordnet
single	steatorrhea	evidence	only wordnet
single	steatorrhea	property	only sumo
single	steatorrhea	symptomatic-effect	only sumo
single	stethoscope	physical-object	only wordnet
single	strabotomy	accomplishment	only sumo
single	strabotomy	therapy	only sumo
single	strabotomy	volition	only sumo
single	strength	quack	only sumo
single	streptococcal-sore-throat	attribute	only wordnet
single	streptococcal-sore-throat	condition	only wordnet
single	streptococcal-sore-throat	disease	only wordnet
single	streptococcal-sore-throat	illness	only wordnet
single	streptococcal-sore-throat	state	only wordnet
single	streptomycin	agent	only wordnet
single	streptomycin	drug	only wordnet
single	streptomycin	material	only sumo
single	streptomycin	medication	only wordnet
single	streptothricin	agent	only wordnet
single	streptothricin	drug	only wordnet
single	streptothricin	material	only sumo
single	streptothricin	medication	only wordnet
single	stridor	attribute	only sumo
single	stridor	cognition	only wordnet
single	stridor	evidence	only wordnet
single	stridor	property	only sumo
single	stridor	symptomatic-effect	only sumo
single	sty	place	only yago
single	sty	property	only sumo
single	sty	state	only wordnet
single	sty	symptomatic-effect	only sumo
single	subtilin	agent	only wordnet
single	subtilin	drug	only wordnet
single	subtilin	material	only sumo
single	subtilin	medication	only wordnet
single	sucralfate	agent	only wordnet
single	sucralfate	drug	only wordnet
single	sucralfate	material	only sumo
single	sucralfate	medicine	only opencyc
single	suction-curettage	act	only wordnet
single	suction-curettage	activity	only wordnet
single	suction-curettage	operation	only wordnet
single	suction-curettage	procedure	only wordnet
single	suction-curettage	visit	only sumo
single	sudorific	agent	only wordnet
single	sudorific	drug	only wordnet
single	sudorific	material	only sumo
single	sudorific	medication	only wordnet
single	sunburn	attribute	only wordnet
single	sunburn	clinical-sign	only wikidata
single	sunburn	condition	only wordnet
single	sunburn	disease	only wordnet
single	sunburn	illness	only wordnet
single	sunburn	situation	only opencyc
single	sunburn	state	only wordnet
single	superinfection	property	only sumo
single	superinfection	state	only wordnet
single	superinfection	symptomatic-effect	only sumo
single	suppository	agent	only wordnet
single	suppository	artifact	only sumo
single	suppository	device	only sumo
single	suppository	drug	only wordnet
single	suppository	substance	only wordnet
single	suprainfection	property	only sumo
single	suprainfection	state	only wordnet
single	suprainfection	symptomatic-effect	only sumo
single	surgeon	medical-practitioner	only wordnet
single	surgeon-general	agent	only wordnet
single	surgeon-general	attribute	only sumo
single	surgeon-general	human	only opencyc
single	surgeon-general	mammal	only opencyc
single	surgeon-general	medical-practitioner	only wordnet
single	surgeon-general	organism	only wordnet
single	surgeon-general	person	only wordnet
single	surgeon-general	physical-object	only wordnet
single	surgeon-general	professional	only wordnet
single	surgeon-general	property	only sumo
single	surgeon-general	structure	only opencyc
single	surgeon-general	vertebrate	only opencyc
single	surgeon-general	worker	only opencyc
single	surgical-contraception	act	only wordnet
single	surgical-contraception	activity	only wordnet
single	surgical-contraception	operation	only wordnet
single	surgical-contraception	procedure	only wordnet
single	surgical-drain	physical-object	only wordnet
single	surgical-implantation	accomplishment	only sumo
single	surgical-implantation	therapy	only sumo
single	surgical-implantation	volition	only sumo
single	surgical-instrument	physical-object	only wordnet
single	surgical-knife	instrument	only wordnet
single	surgical-knife	physical-object	only wordnet
single	surgical-knife	tool	only wordnet
single	surgical-probe	instrument	only wordnet
single	surgical-probe	physical-object	only wordnet
single	surgical-retractor	instrument	only wordnet
single	surgical-retractor	physical-object	only wordnet
single	surgical-snare	instrument	only wordnet
single	surgical-snare	physical-object	only wordnet
single	surgical-sterilization	act	only wordnet
single	surgical-sterilization	activity	only wordnet
single	surgical-sterilization	procedure	only wordnet
single	surgical-stoma	body-part	only wordnet
single	surgical-stoma	physical-object	only sumo
single	surgical-taxis	accomplishment	only sumo
single	surgical-taxis	therapy	only sumo
single	surgical-taxis	volition	only sumo
single	surprise	quack	only sumo
single	swelling	attribute	only wordnet
single	swelling	cognition	only wordnet
single	swelling	event	only sumo
single	swelling	evidence	only wordnet
single	sympathectomy	act	only wordnet
single	sympathectomy	activity	only wordnet
single	sympathectomy	operation	only wordnet
single	sympathectomy	procedure	only wordnet
single	symptomatic-aura	cognition	only wordnet
single	symptomatic-aura	event	only sumo
single	symptomatic-aura	evidence	only wordnet
single	symptomatic-effect	attribute	only sumo
single	symptomatic-effect	cognition	only wordnet
single	symptomatic-effect	evidence	only wordnet
single	symptomatic-effect	property	only sumo
single	syringe	equipment	only wikidata
single	tapeworm-infection	property	only sumo
single	tapeworm-infection	state	only wordnet
single	tapeworm-infection	symptomatic-effect	only sumo
single	tetanus	attribute	only wordnet
single	tetanus	bacterium	only opencyc
single	tetanus	microorganism	only opencyc
single	tetanus	state	only wordnet
single	tetanus	structure	only opencyc
single	tetany	cognition	only wordnet
single	tetany	event	only sumo
single	tetany	evidence	only wordnet
single	tetany	symptom	only wordnet
single	tetralogy-of-fallot	cognition	only wordnet
single	tetralogy-of-fallot	event	only opencyc
single	tetralogy-of-fallot	evidence	only wordnet
single	tetralogy-of-fallot	illness	only opencyc
single	tetralogy-of-fallot	property	only sumo
single	tetralogy-of-fallot	situation	only opencyc
single	tetralogy-of-fallot	state	only wordnet
single	tetralogy-of-fallot	symptom	only wordnet
single	tetralogy-of-fallot	symptomatic-effect	only sumo
single	therapeutic-refrigeration	accomplishment	only sumo
single	therapeutic-refrigeration	procedure	only sumo
single	therapeutic-refrigeration	tending	only wordnet
single	therapeutic-refrigeration	volition	only sumo
single	therapeutic-refrigeration	work	only wordnet
single	therapeutics	cognition	only wordnet
single	therapeutics	medicine	only wordnet
single	therapeutics	natural-science	only wordnet
single	therapeutics	science	only wordnet
single	thermocautery	accomplishment	only sumo
single	thermocautery	operation	only wordnet
single	thermocautery	therapy	only sumo
single	thermocautery	volition	only sumo
single	thermograph	physical-object	only wordnet
single	thermotherapy	accomplishment	only sumo
single	thermotherapy	procedure	only sumo
single	thermotherapy	tending	only wordnet
single	thermotherapy	volition	only sumo
single	thermotherapy	work	only wordnet
single	third-degree-burn	attribute	only wordnet
single	third-degree-burn	condition	only wordnet
single	third-degree-burn	event	only sumo
single	third-degree-burn	state	only wordnet
single	thoracic-medicine	cognition	only wordnet
single	thoracic-medicine	medicine	only wordnet
single	thoracic-medicine	natural-science	only wordnet
single	thoracic-medicine	science	only wordnet
single	thoracic-outlet-syndrome	cognition	only wordnet
single	thoracic-outlet-syndrome	event	only sumo
single	thoracic-outlet-syndrome	evidence	only wordnet
single	thoracic-outlet-syndrome	symptom	only wordnet
single	thrombectomy	act	only wordnet
single	thrombectomy	activity	only wordnet
single	thrombectomy	operation	only wordnet
single	thrombectomy	procedure	only wordnet
single	thrombectomy	visit	only sumo
single	thrombocytosis	cognition	only wordnet
single	thrombocytosis	event	only sumo
single	thrombocytosis	evidence	only wordnet
single	thrombolytic-therapy	accomplishment	only sumo
single	thrombolytic-therapy	action	only opencyc
single	thrombolytic-therapy	procedure	only sumo
single	thrombolytic-therapy	situation	only opencyc
single	thrombolytic-therapy	tending	only wordnet
single	thrombolytic-therapy	volition	only sumo
single	thrombolytic-therapy	work	only wordnet
single	thyroidectomy	act	only wordnet
single	thyroidectomy	activity	only wordnet
single	thyroidectomy	operation	only wordnet
single	thyroidectomy	procedure	only wordnet
single	thyroidectomy	visit	only sumo
single	tietze's-syndrome	cognition	only wordnet
single	tietze's-syndrome	event	only sumo
single	tietze's-syndrome	evidence	only wordnet
single	tietze's-syndrome	symptom	only wordnet
single	tincture	agent	only wordnet
single	tincture	drug	only wordnet
single	tincture	material	only sumo
single	tincture	solution	only opencyc
single	tinnitus	attribute	only sumo
single	tinnitus	cognition	only wordnet
single	tinnitus	event	only opencyc
single	tinnitus	evidence	only wordnet
single	tinnitus	illness	only opencyc
single	tinnitus	property	only sumo
single	tinnitus	situation	only opencyc
single	tinnitus	symptomatic-effect	only sumo
single	tissue-congestion	cognition	only wordnet
single	tissue-congestion	event	only sumo
single	tissue-congestion	evidence	only wordnet
single	tissue-graft	body-part	only wordnet
single	tissue-graft	physical-object	only sumo
single	tissue-hardening	cognition	only wordnet
single	tissue-hardening	evidence	only wordnet
single	tissue-hardening	physical-object	only sumo
single	tissue-irritation	normal	only sumo
single	tissue-irritation	property	only sumo
single	tissue-irritation	state	only wordnet
single	tissue-rupture	attribute	only wordnet
single	tissue-rupture	condition	only wordnet
single	tissue-rupture	event	only sumo
single	tissue-rupture	state	only wordnet
single	tobramycin	agent	only wordnet
single	tobramycin	material	only sumo
single	tobramycin	medicine	only opencyc
single	token-economy	accomplishment	only sumo
single	token-economy	procedure	only sumo
single	token-economy	psychotherapy-treatment	only wordnet
single	token-economy	tending	only wordnet
single	token-economy	volition	only sumo
single	token-economy	work	only wordnet
single	tongue-furring	cognition	only wordnet
single	tongue-furring	event	only sumo
single	tongue-furring	evidence	only wordnet
single	tonic-medicine	agent	only wordnet
single	tonic-medicine	drug	only wordnet
single	tonic-medicine	material	only sumo
single	tonsillectomy	act	only wordnet
single	tonsillectomy	action	only opencyc
single	tonsillectomy	activity	only wordnet
single	tonsillectomy	operation	only wordnet
single	tonsillectomy	procedure	only wordnet
single	tonsillectomy	situation	only opencyc
single	tonsillectomy	surgery	only opencyc
single	tonsillectomy	visit	only sumo
single	tonsillectomy	work	only opencyc
single	total-hysterectomy	ablation	only wordnet
single	total-hysterectomy	act	only wordnet
single	total-hysterectomy	activity	only wordnet
single	total-hysterectomy	operation	only wordnet
single	total-hysterectomy	procedure	only wordnet
single	total-hysterectomy	visit	only sumo
single	tourette's-syndrome	cognition	only wordnet
single	tourette's-syndrome	event	only sumo
single	tourette's-syndrome	evidence	only wordnet
single	tourette's-syndrome	symptom	only wordnet
single	toxemia	condition	only wordnet
single	toxemia	property	only sumo
single	toxemia	sepsis	only wordnet
single	toxemia	state	only wordnet
single	toxemia	symptomatic-effect	only sumo
single	toxic-shock	cognition	only wordnet
single	toxic-shock	event	only sumo
single	toxic-shock	evidence	only wordnet
single	toxic-shock	symptom	only wordnet
single	toxicology	cognition	only wordnet
single	toxicology	medical-specialty	only wordnet
single	toxicology	medicine	only wordnet
single	toxicology	natural-science	only wordnet
single	toxicology	science	only wordnet
single	toxoplasmosis	disease	only wikidata
single	toxoplasmosis	illness	only wikidata
single	toxoplasmosis	property	only sumo
single	toxoplasmosis	state	only wordnet
single	toxoplasmosis	symptomatic-effect	only sumo
single	tracheostomy	accomplishment	only sumo
single	tracheostomy	action	only opencyc
single	tracheostomy	situation	only opencyc
single	tracheostomy	therapy	only sumo
single	tracheostomy	volition	only sumo
single	transorbital-lobotomy	act	only wordnet
single	transorbital-lobotomy	activity	only wordnet
single	transorbital-lobotomy	brain-surgery	only wordnet
single	transorbital-lobotomy	operation	only wordnet
single	transorbital-lobotomy	procedure	only wordnet
single	transorbital-lobotomy	psychosurgery	only wordnet
single	transplant	accomplishment	only sumo
single	transplant	action	only opencyc
single	transplant	situation	only opencyc
single	transplant	volition	only sumo
single	transplant-recipient	animal	only sumo
single	transplant-recipient	body	only sumo
single	transplant-recipient	human	only sumo
single	transplant-recipient	mammal	only sumo
single	transplant-recipient	populace	only sumo
single	transplant-recipient	self	only sumo
single	transplant-recipient	species	only sumo
single	transplant-recipient	vertebrate	only sumo
single	transplant-rejection	event	only sumo
single	transplant-rejection	process	only wordnet
single	transurethral-resection-of-the-prostate	accomplishment	only sumo
single	transurethral-resection-of-the-prostate	therapy	only sumo
single	transurethral-resection-of-the-prostate	volition	only sumo
single	traumatology	cognition	only wordnet
single	traumatology	medicine	only wordnet
single	traumatology	natural-science	only wordnet
single	traumatology	science	only wordnet
single	trench-foot	attribute	only wordnet
single	trench-foot	condition	only wordnet
single	trench-foot	event	only sumo
single	trench-foot	state	only wordnet
single	trepan	instrument	only wordnet
single	trepan	physical-object	only wordnet
single	trephination	act	only wordnet
single	trephination	activity	only wordnet
single	trephination	procedure	only wordnet
single	trephination	visit	only sumo
single	tribulation	quack	only sumo
single	trichomoniasis	condition	only wordnet
single	trichomoniasis	property	only sumo
single	trichomoniasis	state	only wordnet
single	trichomoniasis	symptomatic-effect	only sumo
single	trophoblastic-cancer	cancer	only wordnet
single	trophoblastic-cancer	condition	only wordnet
single	trophoblastic-cancer	disease	only wordnet
single	trophoblastic-cancer	illness	only wordnet
single	trophoblastic-cancer	malignancy	only wordnet
single	trophoblastic-cancer	property	only sumo
single	trophoblastic-cancer	state	only wordnet
single	trophoblastic-cancer	symptomatic-effect	only sumo
single	trophoblastic-cancer	tissue-growth	only wordnet
single	trophoblastic-cancer	tumor	only wordnet
single	tropical-medicine	cognition	only wordnet
single	tropical-medicine	natural-science	only wordnet
single	tropical-medicine	science	only wordnet
single	trouble	quack	only sumo
single	tubal-ligation	act	only wordnet
single	tubal-ligation	activity	only wordnet
single	tubal-ligation	operation	only wordnet
single	tubal-ligation	procedure	only wordnet
single	tubal-ligation	surgical-sterilization	only wordnet
single	tympanoplasty	accomplishment	only sumo
single	tympanoplasty	therapy	only sumo
single	tympanoplasty	volition	only sumo
single	tyrocidine	agent	only wordnet
single	tyrocidine	drug	only wordnet
single	tyrocidine	material	only sumo
single	tyrocidine	medication	only wordnet
single	tyrosine-kinase-inhibitor	agent	only wordnet
single	tyrosine-kinase-inhibitor	material	only sumo
single	tyrothricin	agent	only wordnet
single	tyrothricin	drug	only wordnet
single	tyrothricin	material	only sumo
single	tyrothricin	medication	only wordnet
single	ulcer	symptomatic-effect	only sumo
single	ulemorrhagia	attribute	only wordnet
single	ulemorrhagia	condition	only wordnet
single	ulemorrhagia	event	only sumo
single	ulemorrhagia	injury	only wordnet
single	ulemorrhagia	state	only wordnet
single	umbilical-hernia	attribute	only wordnet
single	umbilical-hernia	condition	only wordnet
single	umbilical-hernia	event	only sumo
single	umbilical-hernia	state	only wordnet
single	umbilical-hernia	tissue-rupture	only wordnet
single	unity	quack	only sumo
single	upper-respiratory-infection	condition	only wordnet
single	upper-respiratory-infection	event	only opencyc
single	upper-respiratory-infection	illness	only opencyc
single	upper-respiratory-infection	property	only sumo
single	upper-respiratory-infection	respiratory-disease	only opencyc
single	upper-respiratory-infection	situation	only opencyc
single	upper-respiratory-infection	state	only wordnet
single	upper-respiratory-infection	symptomatic-effect	only sumo
single	uranoplasty	accomplishment	only sumo
single	uranoplasty	therapy	only sumo
single	uranoplasty	volition	only sumo
single	uratemia	cognition	only wordnet
single	uratemia	evidence	only wordnet
single	uratemia	property	only sumo
single	uratemia	state	only wordnet
single	uratemia	symptomatic-effect	only sumo
single	uraturia	cognition	only wordnet
single	uraturia	event	only sumo
single	uraturia	evidence	only wordnet
single	urgency	quack	only sumo
single	uricaciduria	cognition	only wordnet
single	uricaciduria	evidence	only wordnet
single	uricaciduria	property	only sumo
single	uricaciduria	state	only wordnet
single	uricaciduria	symptomatic-effect	only sumo
single	urinalysis	accomplishment	only sumo
single	urinalysis	action	only opencyc
single	urinalysis	information	only sumo
single	urinalysis	search	only sumo
single	urinalysis	situation	only opencyc
single	urinalysis	volition	only sumo
single	urologist	agent	only wordnet
single	urologist	attribute	only sumo
single	urologist	human	only opencyc
single	urologist	mammal	only opencyc
single	urologist	medical-practitioner	only wordnet
single	urologist	organism	only wordnet
single	urologist	person	only wordnet
single	urologist	physical-object	only wordnet
single	urologist	property	only sumo
single	urologist	structure	only opencyc
single	urologist	vertebrate	only opencyc
single	urologist	worker	only opencyc
single	urology	cognition	only wordnet
single	urology	medicine	only wordnet
single	urology	natural-science	only wordnet
single	urology	science	only wordnet
single	vaccinia	property	only sumo
single	vaccinia	state	only wordnet
single	vaccinia	symptomatic-effect	only sumo
single	vancomycin	agent	only wordnet
single	vancomycin	drug	only wordnet
single	vancomycin	material	only sumo
single	vancomycin	medication	only wordnet
single	vancomycin	medicine	only opencyc
single	vasectomy	act	only wordnet
single	vasectomy	activity	only wordnet
single	vasectomy	operation	only wordnet
single	vasectomy	procedure	only wordnet
single	vasectomy	surgical-sterilization	only wordnet
single	vasectomy	visit	only sumo
single	vasovasostomy	accomplishment	only sumo
single	vasovasostomy	therapy	only sumo
single	vasovasostomy	volition	only sumo
single	venipuncture	accomplishment	only sumo
single	venipuncture	procedure	only sumo
single	venipuncture	volition	only sumo
single	vermicide	agent	only wordnet
single	vermicide	drug	only wordnet
single	vermicide	material	only sumo
single	vermifuge	agent	only wordnet
single	vermifuge	drug	only wordnet
single	vermifuge	material	only sumo
single	veterinarian	agent	only wordnet
single	veterinarian	human	only opencyc
single	veterinarian	mammal	only opencyc
single	veterinarian	medical-practitioner	only wordnet
single	veterinarian	organism	only wordnet
single	veterinarian	person	only wordnet
single	veterinarian	physical-object	only wordnet
single	veterinarian	structure	only opencyc
single	veterinarian	vertebrate	only opencyc
single	veterinarian	worker	only opencyc
single	veterinary-medicine	cognition	only wordnet
single	veterinary-medicine	natural-science	only wordnet
single	veterinary-medicine	science	only wordnet
single	viomycin	agent	only wordnet
single	viomycin	drug	only wordnet
single	viomycin	material	only sumo
single	viomycin	medication	only wordnet
single	viral-infection	event	only opencyc
single	viral-infection	illness	only opencyc
single	viral-infection	property	only sumo
single	viral-infection	situation	only opencyc
single	viral-infection	state	only wordnet
single	viral-infection	symptomatic-effect	only sumo
single	viral-pneumonia	attribute	only wordnet
single	viral-pneumonia	condition	only wordnet
single	viral-pneumonia	disease	only wordnet
single	viral-pneumonia	event	only opencyc
single	viral-pneumonia	lower-respiratory-infection	only opencyc
single	viral-pneumonia	situation	only opencyc
single	viral-pneumonia	state	only wordnet
single	virology	cognition	only wordnet
single	virology	medicine	only wordnet
single	virology	natural-science	only wordnet
single	virology	science	only wordnet
single	visceral-leishmaniasis	condition	only wordnet
single	visceral-leishmaniasis	property	only sumo
single	visceral-leishmaniasis	protozoal-infection	only wordnet
single	visceral-leishmaniasis	state	only wordnet
single	visceral-leishmaniasis	symptomatic-effect	only sumo
single	visiting-nurse	adult	only wordnet
single	visiting-nurse	agent	only wordnet
single	visiting-nurse	attribute	only sumo
single	visiting-nurse	organism	only wordnet
single	visiting-nurse	person	only wordnet
single	visiting-nurse	physical-object	only wordnet
single	visiting-nurse	professional	only wordnet
single	visiting-nurse	property	only sumo
single	vitrectomy	accomplishment	only sumo
single	vitrectomy	therapy	only sumo
single	vitrectomy	volition	only sumo
single	vivisection	accomplishment	only sumo
single	vivisection	therapy	only sumo
single	vivisection	volition	only sumo
single	vulvectomy	act	only wordnet
single	vulvectomy	activity	only wordnet
single	vulvectomy	operation	only wordnet
single	vulvectomy	procedure	only wordnet
single	vulvectomy	visit	only sumo
single	wart	attribute	only wordnet
single	wart	condition	only wordnet
single	wart	disease	only wordnet
single	wart	illness	only wordnet
single	wart	physical-object	only sumo
single	wart	state	only wordnet
single	waterhouse-friderichsen-syndrome	cognition	only wordnet
single	waterhouse-friderichsen-syndrome	event	only sumo
single	waterhouse-friderichsen-syndrome	evidence	only wordnet
single	waterhouse-friderichsen-syndrome	symptom	only wordnet
single	weakness	quack	only sumo
single	wealth	quack	only sumo
single	wheeziness	cognition	only wordnet
single	wheeziness	event	only sumo
single	wheeziness	evidence	only wordnet
single	whiplash	attribute	only wordnet
single	whiplash	condition	only wordnet
single	whiplash	situation	only opencyc
single	whiplash	state	only wordnet
single	whitlow	property	only sumo
single	whitlow	state	only wordnet
single	whitlow	symptomatic-effect	only sumo
single	williams-syndrome	cognition	only wordnet
single	williams-syndrome	evidence	only wordnet
single	williams-syndrome	illness	only opencyc
single	williams-syndrome	situation	only opencyc
single	williams-syndrome	symptom	only wordnet
single	wilms'-tumor	cancer	only wordnet
single	wilms'-tumor	condition	only wordnet
single	wilms'-tumor	disease	only wordnet
single	wilms'-tumor	illness	only wordnet
single	wilms'-tumor	malignancy	only wordnet
single	wilms'-tumor	property	only sumo
single	wilms'-tumor	state	only wordnet
single	wilms'-tumor	symptomatic-effect	only sumo
single	wilms'-tumor	tissue-growth	only wordnet
single	wilms'-tumor	tumor	only wordnet
single	wisecrack	quack	only sumo
single	withdrawal-symptom	cognition	only wordnet
single	withdrawal-symptom	event	only sumo
single	withdrawal-symptom	evidence	only wordnet
single	worth	quack	only sumo
single	wound-irrigation	act	only wordnet
single	wound-irrigation	activity	only wordnet
single	wound-irrigation	visit	only sumo
single	wound-irrigation	work	only wordnet
single	wreck	quack	only sumo
single	wrench-injury	attribute	only wordnet
single	wrench-injury	condition	only wordnet
single	wrench-injury	event	only sumo
single	wrench-injury	state	only wordnet
single	wrong-site-surgery	accomplishment	only sumo
single	wrong-site-surgery	therapy	only sumo
single	wrong-site-surgery	volition	only sumo
single	x-ray-therapy	act	only wordnet
single	x-ray-therapy	activity	only wordnet
single	x-ray-therapy	locating	only sumo
single	x-ray-therapy	tending	only wordnet
single	x-ray-therapy	therapy	only wordnet
single	x-ray-therapy	visit	only sumo
single	x-ray-therapy	work	only wordnet
single	xenotransplant	accomplishment	only sumo
single	xenotransplant	therapy	only sumo
single	xenotransplant	volition	only sumo
single	zollinger-ellison-syndrome	cognition	only wordnet
single	zollinger-ellison-syndrome	event	only sumo
single	zollinger-ellison-syndrome	evidence	only wordnet
single	zollinger-ellison-syndrome	symptom	only wordnet
single	zymosis	attribute	only sumo
single	zymosis	process	only wordnet
single	zymosis	property	only sumo
single	zymosis	symptomatic-effect	only sumo
unplaced	aberration		no accepted parent reaches a root
unplaced	accelerator		no accepted parent reaches a root
unplaced	access		no accepted parent reaches a root
unplaced	advancement	quack	no accepted parent reaches a root
unplaced	affinity.relation		no accepted parent reaches a root
unplaced	afternoon		no accepted parent reaches a root
unplaced	agitation	quack	no accepted parent reaches a root
unplaced	altitude		no accepted parent reaches a root
unplaced	alumnus		no accepted parent reaches a root
unplaced	angel		no accepted parent reaches a root
unplaced	anniversary		no accepted parent reaches a root
unplaced	attractive-force		no accepted parent reaches a root
unplaced	aviation		no accepted parent reaches a root
unplaced	backlog		no accepted parent reaches a root
unplaced	bail		no accepted parent reaches a root
unplaced	bait	quack	no accepted parent reaches a root
unplaced	bargain		no accepted parent reaches a root
unplaced	barrier		no accepted parent reaches a root
unplaced	basis		no accepted parent reaches a root
unplaced	batch	quack	no accepted parent reaches a root
unplaced	beam-of-light		no accepted parent reaches a root
unplaced	beginning		no accepted parent reaches a root
unplaced	bias		no accepted parent reaches a root
unplaced	birthday		no accepted parent reaches a root
unplaced	bit		no accepted parent reaches a root
unplaced	blink-of-an-eye	quack	no accepted parent reaches a root
unplaced	bosom	quack	no accepted parent reaches a root
unplaced	brink		no accepted parent reaches a root
unplaced	budget		no accepted parent reaches a root
unplaced	bustle	quack	no accepted parent reaches a root
unplaced	calendar-month		no accepted parent reaches a root
unplaced	camp		no accepted parent reaches a root
unplaced	capacity		no accepted parent reaches a root
unplaced	capitalism		no accepted parent reaches a root
unplaced	cassette		no accepted parent reaches a root
unplaced	ceiling.communication		no accepted parent reaches a root
unplaced	century		no accepted parent reaches a root
unplaced	childhood		no accepted parent reaches a root
unplaced	chord		no accepted parent reaches a root
unplaced	clock-time		no accepted parent reaches a root
unplaced	clod		no accepted parent reaches a root
unplaced	column.group		no accepted parent reaches a root
unplaced	commencement		no accepted parent reaches a root
unplaced	concern.cognition		no accepted parent reaches a root
unplaced	confederacy		no accepted parent reaches a root
unplaced	conscience		no accepted parent reaches a root
unplaced	consequence		no accepted parent reaches a root
unplaced	consultation		no accepted parent reaches a root
unplaced	contrary		no accepted parent reaches a root
unplaced	contrast		no accepted parent reaches a root
unplaced	correlation		no accepted parent reaches a root
unplaced	course-credit		no accepted parent reaches a root
unplaced	course-of-study		no accepted parent reaches a root
unplaced	creed		no accepted parent reaches a root
unplaced	crop		no accepted parent reaches a root
unplaced	cupful		no accepted parent reaches a root
unplaced	current		no accepted parent reaches a root
unplaced	cut-rate-sale		no accepted parent reaches a root
unplaced	dawn		no accepted parent reaches a root
unplaced	day		no accepted parent reaches a root
unplaced	day-of-the-month		no accepted parent reaches a root
unplaced	deadline		no accepted parent reaches a root
unplaced	decade		no accepted parent reaches a root
unplaced	deity		no accepted parent reaches a root
unplaced	demand.process		no accepted parent reaches a root
unplaced	democracy		no accepted parent reaches a root
unplaced	deposit		no accepted parent reaches a root
unplaced	design		no accepted parent reaches a root
unplaced	detail	quack	no accepted parent reaches a root
unplaced	direction	quack	no accepted parent reaches a root
unplaced	disappointment		no accepted parent reaches a root
unplaced	disembodied-spirit		no accepted parent reaches a root
unplaced	dismissal		no accepted parent reaches a root
unplaced	distance		no accepted parent reaches a root
unplaced	division		no accepted parent reaches a root
unplaced	dragon		no accepted parent reaches a root
unplaced	dramaturgy		no accepted parent reaches a root
unplaced	due-east		no accepted parent reaches a root
unplaced	due-west		no accepted parent reaches a root
unplaced	eagle.communication		no accepted parent reaches a root
unplaced	earth		no accepted parent reaches a root
unplaced	east		no accepted parent reaches a root
unplaced	echo		no accepted parent reaches a root
unplaced	economic-consumption		no accepted parent reaches a root
unplaced	economic-system		no accepted parent reaches a root
unplaced	economic-value		no accepted parent reaches a root
unplaced	electric-charge		no accepted parent reaches a root
unplaced	electricity		no accepted parent reaches a root
unplaced	employer		no accepted parent reaches a root
unplaced	engagement		no accepted parent reaches a root
unplaced	entitlement		no accepted parent reaches a root
unplaced	entree		no accepted parent reaches a root
unplaced	era		no accepted parent reaches a root
unplaced	europe		no accepted parent reaches a root
unplaced	evening		no accepted parent reaches a root
unplaced	exam		no accepted parent reaches a root
unplaced	exemption		no accepted parent reaches a root
unplaced	exercise		no accepted parent reaches a root
unplaced	extension.time		no accepted parent reaches a root
unplaced	extraterrestrial-being		no accepted parent reaches a root
unplaced	fairy		no accepted parent reaches a root
unplaced	fall		no accepted parent reaches a root
unplaced	fictional-character		no accepted parent reaches a root
unplaced	figure		no accepted parent reaches a root
unplaced	film.artifact		no accepted parent reaches a root
unplaced	final-examination		no accepted parent reaches a root
unplaced	fleet		no accepted parent reaches a root
unplaced	footstep		no accepted parent reaches a root
unplaced	force		no accepted parent reaches a root
unplaced	format		no accepted parent reaches a root
unplaced	formation		no accepted parent reaches a root
unplaced	foundation.relation	quack	no accepted parent reaches a root
unplaced	fraction		no accepted parent reaches a root
unplaced	fragment		no accepted parent reaches a root
unplaced	freak	quack	no accepted parent reaches a root
unplaced	frequency		no accepted parent reaches a root
unplaced	front		no accepted parent reaches a root
unplaced	frustration		no accepted parent reaches a root
unplaced	function		no accepted parent reaches a root
unplaced	fund		no accepted parent reaches a root
unplaced	future		no accepted parent reaches a root
unplaced	gap		no accepted parent reaches a root
unplaced	garden		no accepted parent reaches a root
unplaced	gas		no accepted parent reaches a root
unplaced	gene		no accepted parent reaches a root
unplaced	genus-pan		no accepted parent reaches a root
unplaced	globe		no accepted parent reaches a root
unplaced	grade		no accepted parent reaches a root
unplaced	grain.object		no accepted parent reaches a root
unplaced	gravity		no accepted parent reaches a root
unplaced	ground		no accepted parent reaches a root
unplaced	guidepost		no accepted parent reaches a root
unplaced	guinea-pig		no accepted parent reaches a root
unplaced	harvest		no accepted parent reaches a root
unplaced	head		no accepted parent reaches a root
unplaced	headroom		no accepted parent reaches a root
unplaced	heat		no accepted parent reaches a root
unplaced	hell		no accepted parent reaches a root
unplaced	helping		no accepted parent reaches a root
unplaced	here-and-now		no accepted parent reaches a root
unplaced	hero		no accepted parent reaches a root
unplaced	hideaway		no accepted parent reaches a root
unplaced	highlight	quack	no accepted parent reaches a root
unplaced	hindrance		no accepted parent reaches a root
unplaced	historic-period		no accepted parent reaches a root
unplaced	history.time		no accepted parent reaches a root
unplaced	host		no accepted parent reaches a root
unplaced	hour		no accepted parent reaches a root
unplaced	ideal	quack	no accepted parent reaches a root
unplaced	impetus		no accepted parent reaches a root
unplaced	implication		no accepted parent reaches a root
unplaced	incentive		no accepted parent reaches a root
unplaced	influence.phenomenon		no accepted parent reaches a root
unplaced	infrastructure		no accepted parent reaches a root
unplaced	insider		no accepted parent reaches a root
unplaced	intervention		no accepted parent reaches a root
unplaced	iteration		no accepted parent reaches a root
unplaced	jurisprudence		no accepted parent reaches a root
unplaced	kick		no accepted parent reaches a root
unplaced	king		no accepted parent reaches a root
unplaced	kinship		no accepted parent reaches a root
unplaced	knot		no accepted parent reaches a root
unplaced	koran		no accepted parent reaches a root
unplaced	laurel-wreath		no accepted parent reaches a root
unplaced	leave		no accepted parent reaches a root
unplaced	legal-age		no accepted parent reaches a root
unplaced	level		no accepted parent reaches a root
unplaced	limit.quantity		no accepted parent reaches a root
unplaced	line-of-descent		no accepted parent reaches a root
unplaced	lineation		no accepted parent reaches a root
unplaced	linguistic-context		no accepted parent reaches a root
unplaced	load		no accepted parent reaches a root
unplaced	logarithm		no accepted parent reaches a root
unplaced	logic.cognition		no accepted parent reaches a root
unplaced	love	quack	no accepted parent reaches a root
unplaced	luck		no accepted parent reaches a root
unplaced	luck.phenomenon		no accepted parent reaches a root
unplaced	majority		no accepted parent reaches a root
unplaced	mannequin		no accepted parent reaches a root
unplaced	manner-of-speaking		no accepted parent reaches a root
unplaced	mar		no accepted parent reaches a root
unplaced	mars		no accepted parent reaches a root
unplaced	matrix		no accepted parent reaches a root
unplaced	maximum		no accepted parent reaches a root
unplaced	menace	quack	no accepted parent reaches a root
unplaced	middle		no accepted parent reaches a root
unplaced	middleman		no accepted parent reaches a root
unplaced	midnight		no accepted parent reaches a root
unplaced	mile	quack	no accepted parent reaches a root
unplaced	minimum	quack	no accepted parent reaches a root
unplaced	minute		no accepted parent reaches a root
unplaced	mole.attribute		no accepted parent reaches a root
unplaced	molecule		no accepted parent reaches a root
unplaced	monarchy		no accepted parent reaches a root
unplaced	moon		no accepted parent reaches a root
unplaced	morning		no accepted parent reaches a root
unplaced	morsel		no accepted parent reaches a root
unplaced	motivation		no accepted parent reaches a root
unplaced	natural-spring		no accepted parent reaches a root
unplaced	nature.object		no accepted parent reaches a root
unplaced	nature.person		no accepted parent reaches a root
unplaced	necessity		no accepted parent reaches a root
unplaced	negotiation		no accepted parent reaches a root
unplaced	network		no accepted parent reaches a root
unplaced	night		no accepted parent reaches a root
unplaced	node		no accepted parent reaches a root
unplaced	norm		no accepted parent reaches a root
unplaced	north		no accepted parent reaches a root
unplaced	notice.communication		no accepted parent reaches a root
unplaced	nowadays		no accepted parent reaches a root
unplaced	occasion		no accepted parent reaches a root
unplaced	ocean.quantity	quack	no accepted parent reaches a root
unplaced	old-age		no accepted parent reaches a root
unplaced	one-fourth		no accepted parent reaches a root
unplaced	one-half		no accepted parent reaches a root
unplaced	opposite	quack	no accepted parent reaches a root
unplaced	orientation		no accepted parent reaches a root
unplaced	output		no accepted parent reaches a root
unplaced	ownership		no accepted parent reaches a root
unplaced	page		no accepted parent reaches a root
unplaced	pain		no accepted parent reaches a root
unplaced	parking		no accepted parent reaches a root
unplaced	part		no accepted parent reaches a root
unplaced	past		no accepted parent reaches a root
unplaced	pattern		no accepted parent reaches a root
unplaced	pause		no accepted parent reaches a root
unplaced	peel		no accepted parent reaches a root
unplaced	percentage		no accepted parent reaches a root
unplaced	period.time		no accepted parent reaches a root
unplaced	phase		no accepted parent reaches a root
unplaced	phenomenon		no accepted parent reaches a root
unplaced	pity	quack	no accepted parent reaches a root
unplaced	placement		no accepted parent reaches a root
unplaced	plot.communication		no accepted parent reaches a root
unplaced	point-of-view		no accepted parent reaches a root
unplaced	poser		no accepted parent reaches a root
unplaced	precondition		no accepted parent reaches a root
unplaced	predilection		no accepted parent reaches a root
unplaced	presidency		no accepted parent reaches a root
unplaced	pressure		no accepted parent reaches a root
unplaced	principle		no accepted parent reaches a root
unplaced	prize		no accepted parent reaches a root
unplaced	probability		no accepted parent reaches a root
unplaced	probe		no accepted parent reaches a root
unplaced	product		no accepted parent reaches a root
unplaced	product.phenomenon		no accepted parent reaches a root
unplaced	projection		no accepted parent reaches a root
unplaced	projection.communication		no accepted parent reaches a root
unplaced	proportion	quack	no accepted parent reaches a root
unplaced	pupil		no accepted parent reaches a root
unplaced	quarter.time		no accepted parent reaches a root
unplaced	racism		no accepted parent reaches a root
unplaced	railway-line		no accepted parent reaches a root
unplaced	rake		no accepted parent reaches a root
unplaced	reaction		no accepted parent reaches a root
unplaced	reaction.phenomenon		no accepted parent reaches a root
unplaced	rear		no accepted parent reaches a root
unplaced	reception	quack	no accepted parent reaches a root
unplaced	record-album		no accepted parent reaches a root
unplaced	record.quantity		no accepted parent reaches a root
unplaced	reference-point	quack	no accepted parent reaches a root
unplaced	refuge	quack	no accepted parent reaches a root
unplaced	reign		no accepted parent reaches a root
unplaced	release		no accepted parent reaches a root
unplaced	relevance		no accepted parent reaches a root
unplaced	remainder		no accepted parent reaches a root
unplaced	republic		no accepted parent reaches a root
unplaced	residual		no accepted parent reaches a root
unplaced	respite		no accepted parent reaches a root
unplaced	response		no accepted parent reaches a root
unplaced	responsibility		no accepted parent reaches a root
unplaced	restraint.cognition		no accepted parent reaches a root
unplaced	restriction		no accepted parent reaches a root
unplaced	right-to-vote		no accepted parent reaches a root
unplaced	risk	quack	no accepted parent reaches a root
unplaced	rootage		no accepted parent reaches a root
unplaced	rule.cognition		no accepted parent reaches a root
unplaced	rule.time		no accepted parent reaches a root
unplaced	sarcasm	quack	no accepted parent reaches a root
unplaced	scale-of-measurement		no accepted parent reaches a root
unplaced	school-term		no accepted parent reaches a root
unplaced	score		no accepted parent reaches a root
unplaced	season		no accepted parent reaches a root
unplaced	sec		no accepted parent reaches a root
unplaced	sequence		no accepted parent reaches a root
unplaced	share		no accepted parent reaches a root
unplaced	shift		no accepted parent reaches a root
unplaced	short-circuit		no accepted parent reaches a root
unplaced	signature		no accepted parent reaches a root
unplaced	signified		no accepted parent reaches a root
unplaced	skin-cream		no accepted parent reaches a root
unplaced	slant		no accepted parent reaches a root
unplaced	slice		no accepted parent reaches a root
unplaced	slot		no accepted parent reaches a root
unplaced	soprano		no accepted parent reaches a root
unplaced	south		no accepted parent reaches a root
unplaced	sovereign		no accepted parent reaches a root
unplaced	springtime		no accepted parent reaches a root
unplaced	standard		no accepted parent reaches a root
unplaced	state-of-matter		no accepted parent reaches a root
unplaced	strip		no accepted parent reaches a root
unplaced	stunt-man		no accepted parent reaches a root
unplaced	style		no accepted parent reaches a root
unplaced	subject		no accepted parent reaches a root
unplaced	summation		no accepted parent reaches a root
unplaced	summer		no accepted parent reaches a root
unplaced	sun		no accepted parent reaches a root
unplaced	sunday		no accepted parent reaches a root
unplaced	supply		no accepted parent reaches a root
unplaced	surrender		no accepted parent reaches a root
unplaced	syllable		no accepted parent reaches a root
unplaced	sympathy		no accepted parent reaches a root
unplaced	system		no accepted parent reaches a root
unplaced	tabular-array		no accepted parent reaches a root
unplaced	tariff		no accepted parent reaches a root
unplaced	tax		no accepted parent reaches a root
unplaced	teacher		no accepted parent reaches a root
unplaced	tear		no accepted parent reaches a root
unplaced	telephone-line		no accepted parent reaches a root
unplaced	television		no accepted parent reaches a root
unplaced	tempo		no accepted parent reaches a root
unplaced	tendency		no accepted parent reaches a root
unplaced	term		no accepted parent reaches a root
unplaced	terminology		no accepted parent reaches a root
unplaced	theoretical-account		no accepted parent reaches a root
unplaced	tilt		no accepted parent reaches a root
unplaced	time-of-day		no accepted parent reaches a root
unplaced	time-period		no accepted parent reaches a root
unplaced	time-slot		no accepted parent reaches a root
unplaced	title		no accepted parent reaches a root
unplaced	title-of-respect		no accepted parent reaches a root
unplaced	tonality		no accepted parent reaches a root
unplaced	tone		no accepted parent reaches a root
unplaced	track		no accepted parent reaches a root
unplaced	traction		no accepted parent reaches a root
unplaced	trainer		no accepted parent reaches a root
unplaced	trial		no accepted parent reaches a root
unplaced	twelve		no accepted parent reaches a root
unplaced	twilight		no accepted parent reaches a root
unplaced	unit		no accepted parent reaches a root
unplaced	universe		no accepted parent reaches a root
unplaced	upgrade		no accepted parent reaches a root
unplaced	variant		no accepted parent reaches a root
unplaced	venus		no accepted parent reaches a root
unplaced	version		no accepted parent reaches a root
unplaced	volume		no accepted parent reaches a root
unplaced	wallop		no accepted parent reaches a root
unplaced	web		no accepted parent reaches a root
unplaced	week		no accepted parent reaches a root
unplaced	weekend		no accepted parent reaches a root
unplaced	west		no accepted parent reaches a root
unplaced	winter		no accepted parent reaches a root
unplaced	wonder	quack	no accepted parent reaches a root
unplaced	word		no accepted parent reaches a root
unplaced	year		no accepted parent reaches a root
unplaced	youth		no accepted parent reaches a root
unplaced	zero		no accepted parent reaches a root
